komentar;label;clean;;;;;;;
Makin yakin abis baca review lain tentang ✌✌𝐒𝐆𝐈𝟖𝟖.;1;makin yakin abis baca review v v sgi88;;;;;;;
Paling suka model H2 😍🔥;0;paling suka model h2 heart eyes fire;;;;;;;
Mobilnya udah hancur 🥺;0;mobil udah hancur pleading face;;;;;;;
░𝙈𝘼𝙉𝙐𝙏88░benar2 bikin aku jadi sultan;1;manut88 benar2 bikin aku jadi sultan;;;;;;;
Semoga lekas recover mobilnya mas Dipo;0;moga lekas recover mobil mas dipo;;;;;;;
pantes tongkrongan maen alexis17;1;pantes tongkrong maen alexis17;;;;;;;
gua udah ga bisa bayangin hidup tanpa ALEXIS-17☯ sih;1;gua udah ga bayangin hidup alexis yin sih;;;;;;;
langsung percaya lihat hasilnya;1;langsung percaya lihat hasil;;;;;;;
orang bilang alexis17 tuh miracle banget !;1;orang bilang alexis17 tuh miracle banget;;;;;;;
Yapping mulu anjir kagak ada jawaban sistematis dan realistis;0;yapping mulu anjir kagak jawab sistematis realistis;;;;;;;
gue rela gak upgrade hp nabung alexis17 .;1;gue rela gak upgrade hp nabung alexis17;;;;;;;
sekarang udah brp ya ya dislike 👎👎👎👎👎👎;0;sekarang udah brp dislike thumbsdown thumbsdown thumbsdown thumbsdown thumbsdown thumbsdown;;;;;;;
Keren bngettttt;0;keren bngettttt;;;;;;;
Diatas GD masi ada ASC monster 😅;0;atas gd mas asc monster sweat smile;;;;;;;
Makantuh setengah jam;0;makantuh tengah jam;;;;;;;
pikir ; kelewat mikir sampe lupa pu lau tujuh tujuh tujuh !;1;pikir lewat mikir sampe lupa pu lau tujuh tujuh tujuh;;;;;;
​kocakk emang itu caranya biar komenan judol ga diatas ​ @izurzuhri ;0;kocakk emang cara biar komenan judol ga atas izurzuhri;;;;;;;
Rasanya seperti mendengar orang berkampanye 😅;0;rasa dengar orang kampanye sweat smile;;;;;;;
❤ 𝗪𝗘𝗧𝗢𝗡𝟴𝟴 ❤;1;heart weton88 heart;;;;;;;
dikit2 iphone; lu napa bro xD;0;dikit2 iphone lu napa bro xd;;;;;;
INI SEORANG PRESIDEN 😂😂;0;orang presiden joy joy;;;;;;;
wah nanti jawaban beliau template;" ""ya ndak tau kok tanya saya""";0;wah jawab beliau template ndak tau kok tanya;;;;;;
Kesel gue pas kepala babi; malah bahas perang dunia ke 3; blunder;0;kesel gue pas kepala babi malah bahas perang dunia blunder;;;;;
Busett cerahh banget 🚩𝐒𝐆𝐈𝟖𝟖🚩 encess sama koinya lagi ngasih mulu;1;busett cerahh banget triangular flag on post sgi88 triangular flag on post encess sama koinya ngasih mulu;;;;;;;
bro alexis17 ; ngadain giveaway nih ; hadiahnya motor sport terbaru;1;bro alexis17 ngadain giveaway nih hadiah motor sport baru;;;;;
menang ! 𝑺𝑼𝑯𝑼𝟑𝟐𝟖 bikin hidup !;1;menang suhu328 bikin hidup;;;;;;;
Pesona ya laksana. Beli jb5 cuma nuruti mania yg koar2 di sosmed;0;pesona laksana beli jb5 cuma nuruti mania yg koar2 sosmed;;;;;;;
Baru jepe 2 kali; wede lancar banget;1;baru jepe kali wede lancar banget;;;;;;
makswin brusan gates ; gg banget;1;makswin brusan gates gg banget;;;;;;
Seru abis! Rasanya gak lengkap sehari tanpa 🔥⚡ALEXIS17⚡?🔥;1;seru abis rasa gak lengkap hari fire zap alexis17 zap fire;;;;;;;
𝘈𝐻𝘔𝐀𝐷𝘛𝘖𝑇𝑂 bikin lupa masalah; hiburan yang hakiki!;1;ahmadtoto bikin lupa masalah hibur hakiki;;;;;;
emang gak se-terpercaya alexis17 sih .;1;emang gak se percaya alexis17 sih;;;;;;;
gak pakai proses nya langsung wd;1;gak pakai proses nya langsung wd;;;;;;;
sungguh ! 𝘿 о r 𝘈 𝟩 7 ketagihan berat ; sulit berhenti !;1;sungguh dora77 tagih berat sulit henti;;;;;;
Semangat garasi drift semoga cepat 3 jt;0;semangat garasi drift moga cepat jt;;;;;;;
Kebanyakan kata LUMAYAN;0;banyak kata lumayan;;;;;;;
aceh donggg;0;aceh donggg;;;;;;;
Buset 24 menit udah kalah aja mas Panji 🤣;0;buset menit udah kalah aja mas panji rofl;;;;;;;
Astagfirullahaladzim 😢😢;0;astagfirullahaladzim cry cry;;;;;;;
Bangun tidur ku terus ngeslt; emang paten kali  mandalika77 nih belum apa2 udah maxwin dia; kirain cuma dalam mimpi doang bisa dapat maxwin.;1;bangun tidur ku terus ngeslt emang paten kali mandalika77 nih apa2 udah maxwin kirain cuma mimpi doang maxwin;;;;;
VELG NYA CAKEPPPPP🤤;0;velg nya cakeppppp drooling face;;;;;;;
Truck ev blm ada ya;0;truck ev blm;;;;;;;
dikasi jp pas modal haha makasi𝐏 𝐋 𝐔 𝐓 𝐎 𝟖 𝟖;1;kasi jp pas modal haha makasip luto88;;;;;;;
Baru tau;tapi Barusan gue ikutan dislike 😂;0;baru tau barusan gue ikut dislike joy;;;;;;
cobain langsung ketagihan puas;1;cobain langsung tagih puas;;;;;;;
kebanggaan gua nih kalau di tongkrongan! ⭐ A L E X I S 1 7 ⭐Top markotop;1;bangga gua nih kalau tongkrong star alexis17 star top markotop;;;;;;;
Ga tau mau komen apa; yg jelas ga ada bobot nya;0;ga tau mau komen apa yg jelas ga bobot nya;;;;;;
kocak banget lu Nji; wkwkwkwkwk;0;kocak banget lu nji wkwkwkwkwk;;;;;;
Fix gak nyesel! Bangga banget jadi bagian dari 🔥⚡ALEXIS17⚡?🔥;1;fix gak nyesel bangga banget jadi bagi fire zap alexis17 zap fire;;;;;;;
sis ; ngeh kalo 𝘼𝙇𝙀𝙓𝙄𝙎17 sekeren . gila .;1;sis ngeh kalo alexis17 keren gila;;;;;;
Nonton SILA dulu; baru saya kesini 😅;0;nonton sila dulu baru kesini sweat smile;;;;;;
buset tv segede gitu ; main pes gawang gawang keliatan kalih;1;buset tv gede gitu main pes gawang gawang liat kalih;;;;;;
Bang ;coba riview HP Blackview;0;bang coba riview hp blackview;;;;;;
Mas Amba kyny lebih tau realita di lapangan;0;mas amba kyny lebih tau realita lapang;;;;;;;
Salfok di booth airbft 🤣;0;salfok booth airbft rofl;;;;;;;
Ada namanya parts namanya flexibel gampang rusak;0;nama parts nama flexibel gampang rusak;;;;;;;
Semua orang bilang ALEXIS⭐17⭐ tuh blessing banget!;1;semua orang bilang alexis star star tuh blessing banget;;;;;;;
Udah cukup 😂;0;udah cukup joy;;;;;;;
Iya lagi!! Lucu banget 😂😂😂😂;0;iya lucu banget joy joy joy joy;;;;;;;
Ishowspeed pernah review juga;0;ishowspeed pernah review;;;;;;;
Nganggur pres wapres;0;nganggur pres wapres;;;;;;;
Belum beli aja; uda seneng banget..;;;;;;;;
keren . gas mari kak weton88;1;keren gas kak weton88;;;;;;;
Namanya aja the elite; emg elite. Gaada yg norak kek pasar malem;0;nama aja the elite emg elite gaada yg norak kek pasar malem;;;;;;
main alexis17 suaranya;1;main alexis17 suara;;;;;;;
Berkah rezeki hari ini berkat 𝐏𝐑𝐎𝐁𝐄𝐓𝟖𝟓𝟓;puji syukur!;1;berkah rezeki hari berkat probet855 puji syukur;;;;;;
nice link bagus mandalika77;1;nice link bagus mandalika77;;;;;;;
min video lu baguss ; pilih 𝐒𝐆𝐈𝟖𝟖;1;min video lu baguss pilih sgi88;;;;;;
capek bgt nemuin alexis17 trs;1;capek bgt nemuin alexis17 trs;;;;;;;
tirta cipeng ahok gas;0;tirta cipeng ahok gas;;;;;;;
Ampe merinding cuyy;0;ampe merinding cuyy;;;;;;;
​ manusia__biasa 😂😂😂😂 emang yang lain nggak;0;manusia biasa joy joy joy joy emang;;;;;;;
Setuju bngt..;0;tuju bngt;;;;;;;
emang ya alexis17 gampang menang;1;emang alexis17 gampang menang;;;;;;;
JOKOWI mulu disebut;0;jokowi mulu sebut;;;;;;;
bobroknya bawahan sama pemimpin dikupas tuntas;0;bobrok bawah sama pimpin kupas tuntas;;;;;;;
gue rela gak tidur ngikutin update terbaru alexis17 .;1;gue rela gak tidur ngikutin update baru alexis17;;;;;;;
★Mandalika77★ mekswin; depoin LIMPUL;1;mandalika77 mekswin depoin limpul;;;;;;
Who hurt you sweetie ❤;0;who hurt you sweetie heart;;;;;;;
cuy ; serius nanya ; 𝘼𝙇𝙀𝙓𝙄𝙎17 beneran sebagus ?;1;cuy serius nanya alexis17 beneran bagus;;;;;
Kalo mazda paling suka cx 60;0;kalo mazda paling suka cx;;;;;;;
Kecuali dari Mazda;0;mazda;;;;;;;
alexis17 superrrrrr bosku gac0r melayang;1;alexis17 superrrrrr bos gac r layang;;;;;;;
Journeynya belum ada video baru mas Ridwan?;0;journeynya video baru mas ridwan;;;;;;;
jepey gmpng banget 𝐒𝐆𝐈𝟖𝟖;1;jepey gmpng banget sgi88;;;;;;;
Wkwk sama bg​ @linggarprasetyo9804 ;0;wkwk sama bg linggarprasetyo98 4;;;;;;;
cuy ; 𝘼𝙇𝙀𝙓𝙄𝙎17 ; lo coba !;1;cuy alexis17 lo coba;;;;;
Nggambleh Thok .isone mung omong apik2 wae. Payahhhhh;0;nggambleh thok isone mung omong apik2 wae payahhhhh;;;;;;;
rezeki alexis17 ; makasih keberuntungannya !;1;rezeki alexis17 makasih untung;;;;;;
Up trending;0;up trending;;;;;;;
ngga ribet ; gampang banget dapet tambahan;1;ngga ribet gampang banget dapet tambah;;;;;;
Pt apa ini bang?;0;pt apa bang;;;;;;;
main bareng temen p͓̽u͓̽l͓̽a͓̽u͓̽w͓̽i͓̽n͓̽ emang seru .;1;main bareng temen pulauwin emang seru;;;;;;;
Yang penting Jadi Presiden 🎉;0;penting jadi presiden tada;;;;;;;
Mantap bang; saya jadi lebih paham ☝🏻;0;mantap bang jadi lebih paham point up;;;;;;
emang gak se-asik alexis17 sih .;1;emang gak se asik alexis17 sih;;;;;;;
𝐒𝐆𝐈𝟖𝟖 bikin ketagihan !;1;sgi88 bikin tagih;;;;;;;
Fix gak nyesel! Setia banget sama ⚡ALEXIS17⚡ sejak awal!;1;fix gak nyesel setia banget sama zap alexis17 zap sejak awal;;;;;;;
tunggu tunggu salam jepe 𝐒𝐆𝐈𝟖𝟖;1;tunggu tunggu salam jepe sgi88;;;;;;;
Gilaaaaaaaaaaa;0;gilaaaaaaaaaaa;;;;;;;
mandalika77 makasi lah uda ngasih; keren pokoknya mandalika77 pasti sesuai pnya isi nya;1;mandalika77 makas lah uda ngasih keren pokok mandalika77 sesuai pnya isi nya;;;;;;
Sependapat!;0;dapat;;;;;;;
Worst president ever?;0;worst president ever;;;;;;;
YouTube premium;0;youtube premium;;;;;;;
Ini pemimpin yg sesungguhnya; sehat2 pak ahok;0;pimpin yg sungguh sehat2 pak ahok;;;;;;
makasih а𝙀я𝙊𝟾8 ; rezeki bikin hati senang banget !;1;makasih aeyao88 rezeki bikin hati senang banget;;;;;;
bng coba game zeus x 1000 𝐒𝐆𝐈𝟖𝟖 gampang bet pecah;1;bng coba game zeus x sgi88 gampang bet pecah;;;;;;;
jujur ; cakep bener livery nya ; berasa tamiya rame cakep;0;jujur cakep bener livery nya asa tamiya rame cakep;;;;;
Kirin nya gila; anti panas..... Cuma anget anget doang ..;0;kirin nya gila anti panas cuma anget anget doang;;;;;;
epic moment 𝐒𝐆𝐈𝟖𝟖;1;epic moment sgi88;;;;;;;
gue udah coba main jam-jam ; alexis17 ; emang gacor jam 1 pagi;1;gue udah coba main jam jam alexis17 emang gacor jam pagi;;;;;
bro sibuk sih ? alexis17 ; bagi-bagi bonus deposit super gede nih;1;bro sibuk sih alexis17 bonus deposit super gede nih;;;;;;
Samaa wkwk;0;samaa wkwk;;;;;;;
yg tunggu2 𝗪𝗘𝗧𝗢𝗡𝟴𝟴;1;yg tunggu2 weton88;;;;;;;
Asli GD terbaik... Sukses Terus GD 🔥🔥🔥;0;asli gd baik sukses terus gd fire fire fire;;;;;;;
😅 yg terpenting kaya;0;sweat smile yg penting kaya;;;;;;;
suka banget main 𝘋𝙀𝙒𝘈𝘿𝙊𝘙𝐀 ; gak nyangka dapet jakpot langsung !;1;suka banget main dewadora gak nyangka dapet jakpot langsung;;;;;;
gue udah ga bayangin hidup alexis17 ! ; udah mata pencaharian;1;gue udah ga bayangin hidup alexis17 udah mata cahari;;;;;;
Senang banget dapat rezeki tak terduga dari MANDALIKA𝟳7!;1;senang banget rezeki tak duga mandalika77;;;;;;;
bg; sesekali cobain drift 180sx gp sports;0;bg sekal cobain drift 18 sx gp sports;;;;;;
cuma bisa menonton 😌;0;cuma tonton relieved;;;;;;;
Plango plongo doang yg ada bikin geregetan pengen sikut biji matanya😂;0;plango plongo doang yg bikin gereget ken sikut biji mata joy;;;;;;;
Negara kaya harus kuat dalam membrantas korupsi;0;negara kaya kuat membrantas korupsi;;;;;;;
Harga Jaecoo J7 mirip sama Zenix;0;harga jaecoo j7 mirip sama zenix;;;;;;;
Ngakak gua ngab ​ @OvanFebrian-f1f ;0;ngakak gua ngab ovanfebrian f1f;;;;;;;
Aduuuh perih liatnya.. mobil br jd udh ngantam tembok😢;0;aduuuh perih liat mobil br jd udh ngantam tembok cry;;;;;;;
 @maizarindra498  kata buzzer brain rot guys tepuk tangan in dulu dong 👏🏾;0;maizarindra498 kata buzzer brain rot guys tepuk tangan in dulu dong clap;;;;;;;
Kece banget cross track nya;0;kece banget cross track nya;;;;;;;
detailnya itu loo;0;detail loo;;;;;;;
"Only one word that i wanna say : ""yakan"" 😌";0;only one word that i wanna say yakan relieved;;;;;;;
alexis17 ; tuh emang ngerti kebutuhan membernya ; kasih surprise bonus;1;alexis17 tuh emang ngerti butuh membernya kasih surprise bonus;;;;;
Kemahalan belum pernah main di piala dunia;0;mahal pernah main piala dunia;;;;;;;
ges doain ya gw coba stop maengaruda-ho ki kecanduan bgt gacor nya gw;1;ges doain gw coba stop maengaruda ho ki candu bgt gacor nya gw;;;;;;;
9.40 gasss sih bikin motor ala jejepangan wkwk;0;gasss sih bikin motor ala jejepangan wkwk;;;;;;;
kenapa dislikenya disembunyikan?😂;0;dislikenya sembunyi joy;;;;;;;
Lah emang dari awal dia memang ga nyambung;0;lah emang awal memang ga nyambung;;;;;;;
kmren milih siapa?;0;kmren milih siapa;;;;;;;
yang trusted 0:06 emang ─═𝗕𝗘𝗥𝗞𝗔𝗛𝟵𝟵═─;1;trusted emang berkah99;;;;;;;
2:08 pasti jairo;0;jairo;;;;;;;
parah ; 𝘼𝙇𝙀𝙓𝙄𝙎17 keren banget ! .;1;parah alexis17 keren banget;;;;;;
Anjir menit 18 harus udah selesai tuh;0;anjir menit udah selesai tuh;;;;;;;
𝘋𝐄𝘞𝐀𝐃O𝐑𝘈 emang beneran gachor;1;dewadora emang beneran gachor;;;;;;;
gak nyangka iseng doang ; eh ketagihan ｐｕｌａｕｗｉｎ .;1;gak nyangka iseng doang eh tagih pulauwin;;;;;;
@HendraYadi-v5h semua partai sama aja . semua diisi kepentingan pribadi;0;hendrayadi v5h semua partai sama aja semua isi penting pribadi;;;;;;;
Nooo kapal api nya mana 😢;0;nooo kapal api nya mana cry;;;;;;;
Rezeki melimpah datang dari 𝐀G𝘜𝘚TO𝘛𝘖; makasih banyak!;1;rezeki limpah datang agustoto makasih banyak;;;;;;
50 juta doang bang... Pesan 10 unit ya 😂;0;juta doang bang pesan unit joy;;;;;;;
Dari dulu ni orang ngomong mana ada point; 11 12 sama bapak e;0;dulu ni orang ngomong mana point sama bapak e;;;;;;
Wede 2 kali hari ini; sketer terus;1;wede kali hari sketer terus;;;;;;
Abis ini diamukin Irene lo bang 🤣;0;abis diamukin irene lo bang rofl;;;;;;;
emang gak se-terpercaya alexis17 sih .;1;emang gak se percaya alexis17 sih;;;;;;;
Uang rakyat gk nih? 😂;0;uang rakyat gk nih joy;;;;;;;
cakep kali 𝗪𝗘𝗧𝗢𝗡𝟴𝟴 ; bravo ..;1;cakep kali weton88 bravo;;;;;;
MBG kak bukan MGB;0;mbg kak bukan mgb;;;;;;;
​ @AhmadLuthfiProfile pake iphone pasti LGBT;0;ahmadluthfiprofile pake iphone lgbt;;;;;;;
Tempo???? Wkwkwkwkkwkw;0;tempo wkwkwkwkkwkw;;;;;;;
konten ! keren banget menjelaskannya ! main bagus bang 𝗪𝗘𝗧𝗢𝗡𝟴𝟴;1;konten keren banget jelas main bagus bang weton88;;;;;;;
Saya yakin ᗩᗷGᗯIᑎ gak akan mengecewakan;1;yakin bokuggooiti gak kecewa;;;;;;;
coba 𝗪𝗘𝗧𝗢𝗡𝟴𝟴 ; gak ribet ! salam petir x 500;1;coba weton88 gak ribet salam petir x;;;;;;
Ada mobil akang mv gt86;0;mobil akang mv gt86;;;;;;;
❤❤❤ prabowo gibran no;0;heart heart heart prabowo gibran no;;;;;;;
Rezeki nomplok hari ini berkat D𝑂𝑅𝐴𝟩𝟽; alhamdulillah!;1;rezeki nomplok hari berkat dora77 alhamdulillah;;;;;;
gak gelar sarjana menang alexis17 .;1;gak gelar sarjana menang alexis17;;;;;;;
Asc monster juga ada tim roadbike nya 👍;0;asc monster tim roadbike nya thumbsup;;;;;;;
nggak diragukan ; slot gacor . 𝗣 𝗟 𝗨 𝗧 𝗢 𝟴 𝟴;1;ragu slot gacor pluto88;;;;;;
gue sih udah ga heran kalo alexis17 ; trending tiktok;1;gue sih udah ga heran kalo alexis17 trending tiktok;;;;;;
pagi-pagi udah dapet notif wd alexis17 ; ; mood langsung sebulan;1;pagi pagi udah dapet notif wd alexis17 mood langsung bulan;;;;;
Bagi link spion nya bng;0;link spion nya bng;;;;;;;
Kamu pinjam ya bang;0;kamu pinjam bang;;;;;;;
menghindar pertanyaannya kyk ngehindar debt collector aja 😂;0;hindar tanya kyk ngehindar debt collector aja joy;;;;;;;
gue sih udah buktiin kalo alexis17 tuh scam .;1;gue sih udah buktiin kalo alexis17 tuh scam;;;;;;;
Agak kaget;0;kaget;;;;;;;
eh bro ; 𝘼𝙇𝙀𝙓𝙄𝙎17 event spesial nih ; hadiahnya rumah mewah;1;eh bro alexis17 event spesial nih hadiah rumah mewah;;;;;
Belj miniatur spek bongkar pasang acc aje bre ngak ngaruh.😁;0;belj miniatur spek bongkar pasang acc aje bre ngak ngaruh grin;;;;;;;
Kalian sadar gak sih kalo Jokowi gak pernah di podcast manapun;0;kalian sadar gak sih kalo jokowi gak pernah podcast mana;;;;;;;
modal alexis17 bermanfaat .;1;modal alexis17 manfaat;;;;;;;
 @mhhaekal  dia mah emang caper aja itu akun punya dia sendiri coy;0;mhhaekal mah emang caper aja akun punya sendiri coy;;;;;;;
Ini Exclusive ny jauh berkelas di banding Iphong gitu2 aja 😂;0;exclusive ny jauh kelas banding iphong gitu2 aja joy;;;;;;;
bermain 𝐷𝘖𝘙𝘼 7𝟽 membuka jalan ; penjual bakso bos restoran .;1;main dora buka jalan jual bakso bos restoran;;;;;;
NGARANG KAMU😡;0;ngarang kamu rage;;;;;;;
Itu udah dijawab bos; coba liat dgn serius;0;udah jawab bos coba liat dgn serius;;;;;;
1:00:15 heh yg ditanyain itu ttg transparansinya; bukan kontennya;0;heh yg ditanyain ttg transparansi bukan konten;;;;;;
Pengalaman saya di p͟͟u͟͟l͟͟a͟͟u͟͟777 selalu menyenangkan.;1;alam pulau777 selalu senang;;;;;;;
Makasih mandalika77 withdraw dah landing secepat kilat gacirnya bukan kaleng kaleng;1;makasih mandalika77 withdraw dah landing cepat kilat gacirnya bukan kaleng kaleng;;;;;;;
Smoga bs punya;0;smoga bs punya;;;;;;;
Terinspirasi setiap hari di M𝗮𝘯𝐝𝗮𝑙𝗶𝒌𝐚𝟟𝟳;1;inspirasi hari mandalika77;;;;;;;
Kemenangan 𝘐𝙎𝐎𝘛𝑂𝘛𝙊pasti dibayar lunas; gak pake drama!;1;menang isototopasti bayar lunas gak pake drama;;;;;;
Kosong mass😅..ngga ada bobot;0;kosong mass sweat smile ngga bobot;;;;;;;
sih 𝘼𝙇𝙀𝙓𝙄𝙎17 trending gitu ? asli ?;1;sih alexis17 trending gitu asli;;;;;;;
Nyobain barang aneh eps 34 kapan dih bang?;0;nyobain barang aneh eps kapan dih bang;;;;;;;
Emng knpa y ? Tpi skil obel juga bagus si;0;emng knpa y tpi skil obel bagus si;;;;;;;
𝐀G𝘜𝘚TO𝘛𝘖 aku gak boong; dsini hoki mulu;1;agustoto aku gak boong dsini hoki mulu;;;;;;
terserah gw lah ; mnurut gw aneh ? dsar manusia manusia bg;0;serah gw lah mnurut gw aneh dsar manusia manusia bg;;;;;;
Salut bang keren kontennya ; salam Jepe DI ⭐𝐒𝐆𝐈𝟖𝟖;1;salut bang keren konten salam jepe star sgi88;;;;;;
9:11 bang jam segitu menang w 𝐒𝐆𝐈𝟖𝟖;1;bang jam segitu menang w sgi88;;;;;;;
stop judi bang;0;stop judi bang;;;;;;;
Terus berkembang arhan semangattt!!!!! Salam 𝗪𝗘𝗧𝗢𝗡𝟴𝟴! gampang Jepe;1;terus kembang arhan semangattt salam weton88 gampang jepe;;;;;;;
ngeh kalo 𝘼𝙇𝙀𝙓𝙄𝙎17 sekeren .;1;ngeh kalo alexis17 keren;;;;;;;
Wakkaka si perusak mobil kan?😂;0;wakkaka si usak mobil kan joy;;;;;;;
Emang gak ada duanya sih sensasi main di ALEXIS⭐17⭐.;1;emang gak dua sih sensasi main alexis star star;;;;;;;
Di jual nga;0;jual nga;;;;;;;
𝐷 𝐎 𝑅 а 𝟽 𝟩menawarkan pendekatan berbeda keterlibatan daring .;1;dora7 7menawarkan dekat beda libat daring;;;;;;;
like dulu aja. mudah2an bisa beli Iphone 16 promax;0;like dulu aja mudah2an beli iphone promax;;;;;;;
gue sih percaya aja alexis17 ; gak ngecewain .;1;gue sih percaya aja alexis17 gak ngecewain;;;;;;
gini nyantai main 𝐏 𝐋 𝐔 𝐓 𝐎 𝟖 𝟖 dikasih maxwin;1;gin nyantai main pluto88 kasih maxwin;;;;;;;
LCD nya semahal apa coba 😅;0;lcd nya mahal apa coba sweat smile;;;;;;;
Kasian rakyat Indonesia punya wapres kyk gini 😅;0;kasi rakyat indonesia punya wapres kyk gin sweat smile;;;;;;;
gue rela ninggalin nonton drakor fokus alexis17 .;1;gue rela ninggalin nonton drakor fokus alexis17;;;;;;;
bermain teman-teman 𝗦𝗚𝗜𝟴𝟴 seru asyik ; rezekinya !;1;main teman teman sgi88 seru asyik rezeki;;;;;;
Ngeri bang GK bisa lepas😂😂;0;ngeri bang gk lepas joy joy;;;;;;;
Pengen tertawa tp tak tahan. Takut;0;ken tertawa tp tak tahan takut;;;;;;;
D Е 𝙒 𝐀 𝘋 𝘖 𝘙 A emang bener-bener gachor;1;dewadora emang bener bener gachor;;;;;;;
Prabowo tu negarawan sejati brow❤❤❤;0;prabowo tu negarawan sejati brow heart heart heart;;;;;;;
layak dapat like tertinggiii;0;layak like tertinggiii;;;;;;;
​ @ilhamantariksa2223 coba jelasin semuanya pinter poin yang pa yg di pngin prabowo😂;0;ilhamantariksa2223 coba jelasin semua pinter poin pa yg pngin prabowo joy;;;;;;;
Dari mana duitnya;0;mana duit;;;;;;;
kalo alexis17 kuliah online ; ngapain ?;1;kalo alexis17 kuliah online ngapain;;;;;;
12:35 gua ga fokus sama 86 nya sumpah;0;gua ga fokus sama nya sumpah;;;;;;;
mekswin tiap maen di 𝘋𝐄𝘞𝐀𝐃O𝐑𝘈;1;mekswin tiap maen dewadora;;;;;;;
nih pulauwin kayaknya udah hidup orang-orang deh .;1;nih pulauwin kayak udah hidup orang orang deh;;;;;;;
Aku di kasih kemenangan diluar prediksi; ku kira rungkat ternyata malah dikasih menang di s1tus mandalika77..;1;aku kasih menang luar prediksi ku kira rungkat nyata malah kasih menang s1tus mandalika77;;;;;;
Auuuuuuuuuu 😂;0;auuuuuuuuuu joy;;;;;;;
Cara daftarx mandalika77 gmn bos;1;cara daftarx mandalika77 gmn bos;;;;;;;
sering liat mobil ini di prindavan kebut kebutan;0;sering liat mobil prindavan kebut kebut;;;;;;;
Orang;; penasaran aja yg beli ini.. Hp;0;orang penasaran aja yg beli hp;;;;;
1:00:46 siapa gess wkwkw;0;siapa gess wkwkw;;;;;;;
Anjer 5 langkah kalah wkwkwk;0;anjer langkah kalah wkwkwk;;;;;;;
situs kasih sketer;1;situs kasih sketer;;;;;;;
Setuju nih modif motor;0;tuju nih modif motor;;;;;;;
dijamin bakal lebih ngaco lagi;0;jamin bakal lebih ngaco;;;;;;;
gak nyesel gabung alexis17 .;1;gak nyesel gabung alexis17;;;;;;;
10:12 ─═𝗕𝗘𝗥𝗞𝗔𝗛𝟵𝟵 ═─ emang juara; rezeki gak ada abisnya!;1;berkah99 emang juara rezeki gak abis;;;;;;
​ @Riko_Syahputra96 tp merdu si bang;0;riko syahputra96 tp merdu si bang;;;;;;;
SUPER MANTAP SITUS  mandalika77 GAMPANG MENANGNYA;1;super mantap situs mandalika77 gampang menang;;;;;;;
@ahmadjuli8783  kalo bisa bikin video se hebat GARASI DRIFT baru bilang biasa aja;0;ahmadjuli8783 kalo bikin video se hebat garasi drift baru bilang biasa aja;;;;;;;
Ngak punya kapasitas .;0;ngak punya kapasitas;;;;;;;
Buset ini serius skketer zeus di ⭐𝘼𝙇𝙀𝙓𝙄𝙎17 dapat 5???.;1;buset serius skketer zeus star alexis17;;;;;;;
salah satu episode skakmat terbaik!;0;salah satu episode skakmat baik;;;;;;;
jepey gmpng banget 𝐒 𝙂ｉ𝟖 𝟖;1;jepey gmpng banget s gi8;;;;;;;
Semua jawaban ngawur; meleset semua;0;semua jawab ngawur meleset semua;;;;;;
Kan emang lgi di setting ksna sm PDIP;0;kan emang lgi setting ksna sm pdip;;;;;;;
Malu memang harus jadi budaya bangsa;0;malu memang jadi budaya bangsa;;;;;;;
nambah 1 lagi;0;nambah;;;;;;;
Orang mancing bang;0;orang mancing bang;;;;;;;
anak abah pedes2 ngomong nya;0;anak abah pedes2 ngomong nya;;;;;;;
alexis17 gk kalah hki trus maen;1;alexis17 gk kalah hki trus maen;;;;;;;
BICARA DEMOGRAFI '!;;;;;;;;;
edan ; 𝘼𝙇𝙀𝙓𝙄𝙎17 ? oh ; viral ? pokoknya .;1;edan alexis17 viral pokok;;;;;
@eflfive7329  lagi ngomongin FAKTA aja sih;0;eflfive7329 ngomongin fakta aja sih;;;;;;;
Dislikenya disembunyikan;0;dislikenya sembunyi;;;;;;;
rear item itu diffuser; wing; atau apa?;0;rear item diffuser wing apa;;;;;
Titipan bapak;0;titip bapak;;;;;;;
Nice banget bang;0;nice banget bang;;;;;;;
bensin nya 1 banding 1 kaki bang;0;bensin nya banding kaki bang;;;;;;;
ane master ngecuan 𝔹О𝐖Ø𝟕𝟳 astagaa masih;1;ane master ngecuan bowo77 astagaa;;;;;;;
Kagak usah panjang komennya si fufufafa kagak bakal nyambung;0;kagak usah panjang komennya si fufufafa kagak bakal nyambung;;;;;;;
Gua lebih suka selain Jawa yang memimpin;0;gua lebih suka jawa pimpin;;;;;;;
Ok siapin mental pak; buat nyusul kayak mertua & presiden korsel;0;siapin mental pak buat nyusul kayak mertua presiden korsel;;;;;;
LUCU BANGET 😂😂;0;lucu banget joy joy;;;;;;;
Ternyata espro d bandung produksinya;0;nyata espro d bandung produksi;;;;;;;
Udah lama ngga garage vlog;0;udah lama ngga garage vlog;;;;;;;
tolong pin salah satu komentar 😊;0;pin salah satu komentar blush;;;;;;;
bang buat perang makanan lagi dong bareng pandu winoto;0;bang buat perang makan dong bareng pandu winoto;;;;;;;
D𝑂𝑅𝐴𝟩𝟽 gua cuma maen iseng; eh malah jadi jepe;1;dora77 gua cuma maen iseng eh malah jadi jepe;;;;;;
keren . gas mari kak 𝐒𝐆𝐈𝟖𝟖;1;keren gas kak sgi88;;;;;;;
Hebat....!!! Keren sekali...✦𝗠𝗮𝗻𝘂𝘁𝟴𝟴✦...;1;hebat keren sekali manut88;;;;;;;
kalo p͓̽u͓̽l͓̽a͓̽u͓̽w͓̽i͓̽n͓̽ bikin film ; laris sih .;1;kalo pulauwin bikin film laris sih;;;;;;
 @m.rakhapa  hooh harga suara palsunya 60jt;0;m rakhapa hooh harga suara palsu 6 jt;;;;;;;
​ @dimasseto7248  kamu tau ketawa karir?;0;dimasseto7248 kamu tau ketawa karir;;;;;;;
 @falihrahman9340 ngomong apa njg wkwk;0;falihrahman934 ngomong apa njg wkwk;;;;;;;
Muter muter kaga karuaaaan;0;muter muter kaga karuaaaan;;;;;;;
best alexis17 beneran gampang menang sl0t nya;1;best alexis17 beneran gampang menang sl t nya;;;;;;;
auto jepey! 𝐒𝐆𝐈𝟖𝟖;1;auto jepey sgi88;;;;;;;
lancar lancar bang salam jepe λlexis17 ;;1;lancar lancar bang salam jepe llexis17;;;;;;
22:36 sempet2 nya diarahin ke muka dlu kameranya lg rebahan😂;0;sempet2 nya diarahin muka dlu kamera lg rebah joy;;;;;;;
gembira sudah pasti 🅷🅾🅺🅸777 terbaik;1;gembira hoki777 baik;;;;;;;
i phone nangis liat harga huawei;0;i phone nang liat harga huawei;;;;;;;
hasil alexis17 ; bangga ; beralih tukang koran bos warung .;1;hasil alexis17 bangga alih tukang koran bos warung;;;;;
apasih buzzer cumi;0;apasih buzzer cumi;;;;;;;
Ga kebayang gmn ziko kalo ngemodif motor...di tunggu ya;0;ga bayang gmn ziko kalo ngemodif motor tunggu;;;;;;;
situs terbesar saat ini kebanggan gw ; mandalika77;1;situs besar banggan gw mandalika77;;;;;;
Keren pak ahok😂;0;keren pak ahok joy;;;;;;;
bnyk yg puas alexis17 emg bnrn gacor ya slotnya ya;1;bnyk yg puas alexis17 emg bnrn gacor slotnya;;;;;;;
Subaru crostrek dipo crash di formula drift dan dipo kalah;0;subaru crostrek dipo crash formula drift dipo kalah;;;;;;;
ga pasang lampu rgb bang?🤣;0;ga pasang lampu rgb bang rofl;;;;;;;
takut salah lipet sih;0;takut salah lipet sih;;;;;;;
Gila sih; ⚡ALEXIS17⚡ itu andalan gue sekarang!;1;gila sih zap alexis17 zap andal gue sekarang;;;;;;
Sad but trueeee 💯💯💯;0;sad but trueeee;;;;;;;
modal gacur ; lgsng jepe brusan;1;modal gacur lgsng jepe brusan;;;;;;
1 kawan terlalu sedikit; 1000 lawan kebanyakan 😂😂;0;kawan terlalu sedikit lawan banyak joy joy;;;;;;
gue udah ga bayangin hidup alexis 17 sih;1;gue udah ga bayangin hidup alexis sih;;;;;;;
MAU BIKIN MEM;0;mau bikin mem;;;;;;;
berhenti ngehalu;1;henti ngehalu;;;;;;;
 @viewerpositif6850  semoga jelas ya biar gk salah pikir;0;viewerpositif685 moga jelas biar gk salah pikir;;;;;;;
Semoga rezeki dari 𝗕𝗘𝗥𝗞𝗔𝗛𝟵𝟵 membawa keberuntungan!;1;moga rezeki berkah99 bawa untung;;;;;;;
Langsung gak bisa beli cuma bisa nonton;0;langsung gak beli cuma nonton;;;;;;;
Likenya kok langsung mencuat tinggi gitu mas? 🤔;0;likenya kok langsung cuat tinggi gitu mas thinking;;;;;;;
Trendingkan 🔥🔥🔥🔥🔥;0;trendingkan fire fire fire fire fire;;;;;;;
Bagusan komentarnya ya kak. Videonya di stop aja;0;bagus komentar kak video stop aja;;;;;;;
apa akan ada upgrade untuk brziko ?;0;apa upgrade brziko;;;;;;;
aku malam ini klaim 𝐁𝕆𝕎Ø７𝟳 master rezeki;1;aku malam klaim bowo77 master rezeki;;;;;;;
the best skakmat!:_Sip:;0;the best skakmat sip;;;;;;;
9:30 di tunggu konten modif motornya;0;tunggu konten modif motor;;;;;;;
mobil kayak gini dipake buat Pro 2? Atau obel langsung masuk pro 1?;0;mobil kayak gin dipake buat pro obel langsung masuk pro;;;;;;;
Semua temen gue pada bilang ALEXIS⭐17⭐ tuh bikin kecanduan!;1;semua temen gue bilang alexis star star tuh bikin candu;;;;;;;
Untung aku golput main Aman;0;untung aku golput main aman;;;;;;;
Ngecasnya 1 minggu penuh 😅;0;ngecasnya minggu penuh sweat smile;;;;;;;
Jatoh nya gak ngerti konteks gak sih kalo begini mah.;0;jatoh nya gak ngerti konteks gak sih kalo begini mah;;;;;;;
28:21 saya benar benar kaget;0;benar benar kaget;;;;;;;
Kemaren baru beli mantap banget sih;0;kemaren baru beli mantap banget sih;;;;;;;
Gak usah ...;0;gak usah;;;;;;;
gak ribet semenjak 𝘼𝙇𝙀𝙓𝙄𝙎17 .;1;gak ribet semenjak alexis17;;;;;;;
Omon² ngalor ngidul untuk nglindur;0;omon2 ngalor ngidul nglindur;;;;;;;
banget dapet sketer;1;banget dapet sketer;;;;;;;
Kalau ini sama zenix Hybrid mending mana bang?;0;kalau sama zenix hybrid mending mana bang;;;;;;;
ku coba 𝐏 𝐋 𝐔 𝐓 𝐎 𝟖 𝟖 langsung senyum hahahah;1;ku coba pluto88 langsung senyum hahahah;;;;;;;
​ @Wereng-coklat betul kok jawabannya kurang memuaskan ya;0;wereng coklat betul kok jawab kurang muas;;;;;;;
sipaling proses;0;sipaling proses;;;;;;;
kerennn contentnya bang ; cari situs 𝗪𝗘𝗧𝗢𝗡𝟴𝟴;1;kerennn contentnya bang cari situs weton88;;;;;;
Gokilllllll 32:25;0;gokilllllll;;;;;;;
saya langsung beli REDMI 4A;0;langsung beli redmi 4a;;;;;;;
Saya beli iphone atau samsung lah;0;beli iphone samsung lah;;;;;;;
Kasihan wapres ini;… ngga malu jg;0;kasihan wapres ngga malu jg;;;;;;
Gokill rata kanan;0;gokill rata kanan;;;;;;;
bro alexis17 ; turnamen gede nih ; hadiahnya apartemen mewah;1;bro alexis17 turnamen gede nih hadiah apartemen mewah;;;;;
cakep kali 𝗪𝗘𝗧𝗢𝗡𝟴𝟴 ; bravo ..;1;cakep kali weton88 bravo;;;;;;
D 𝘖 Я 𝘼 𝟳 𝟳bikin ketagihan; pengen main terus dan terus! 😭;1;do a7 7bikin tagih ken main terus terus sob;;;;;;
enk bgt omongan orng berduit😢;0;enk bgt omong orng duit cry;;;;;;;
𝙹𝚎𝚋𝚎 5 𝚝𝚊𝚔 𝚊𝚖𝚋𝚒𝚕 𝚖𝚊𝚜 😂😂😂;0;jebe tak ambil mas joy joy joy;;;;;;;
orang bilang alexis17 tuh miracle banget !;1;orang bilang alexis17 tuh miracle banget;;;;;;;
wkwkwkwkwkwkw;0;wkwkwkwkwkwkw;;;;;;;
keren . gas mari kak 𝐒𝐆𝐈𝟖𝟖;1;keren gas kak sgi88;;;;;;;
Yok d  dis like;0;yok d dis like;;;;;;;
Gak perlu khawatir soal duit kalo udah gabung ALEXIS⭐17⭐.;1;gak perlu khawatir soal duit kalo udah gabung alexis star star;;;;;;;
mantap ! bermain weton88 ; rezeki mengalir deras !;1;mantap main weton88 rezeki alir deras;;;;;;
70 juta di MP;0;juta mp;;;;;;;
Iphone ketar ketir liat ini😅;0;iphone ketar tir liat sweat smile;;;;;;;
Mending diem bisa kali;0;mending diem kali;;;;;;;
semangat bosqu ; terbaik λ l e x i s 1 7 ;;1;semangat bosqu baik llexis17;;;;;
Thanks alot 👍;0;thanks alot thumbsup;;;;;;;
Kalo besok2 sulittt;0;kalo besok2 sulittt;;;;;;;
Jangan ngehate mas gibran;0;jangan ngehate mas gibran;;;;;;;
Kesini cuma buat mau bacain komentar nya 😅 maaf ya;0;kesini cuma buat mau bacain komentar nya sweat smile maaf;;;;;;;
we love you btp;0;we love you btp;;;;;;;
cakep kali 𝗦𝗚𝗜𝟴𝟴 ; bravo ..;1;cakep kali sgi88 bravo;;;;;;
Inilah PRESIDEN yg kalian pilih gess.....;0;ini presiden yg kalian pilih gess;;;;;;;
Gua kira cuman pertama kali main doang yang di kasih bagus; eh ternyata mau main tiap hari juga di kasih bagus sama mandalika77 . Baru kali ini gua nemu s1tus yang bagus kek begini; langka bener jumpa s1tus yang bisa kasih wd terus;1;gua kira cuman pertama kali main doang kasih bagus eh nyata mau main tiap hari kasih bagus sama mandalika77 baru kali gua nemu s1tus bagus kek begini langka bener jumpa s1tus kasih wd terus;;;;;
Mantap pol main di 𝘈𝘎𝑈𝙎𝘛𝙊𝐓O;cuan terus setiap hari!;1;mantap pol main agustoto cuan terus hari;;;;;;
tim esia hidayah;0;tim esia hidayah;;;;;;;
Ternyata main di 𝘈X𝐿𝟩𝟩𝟽itu gacir beneran; hasilnya langsung terlihat!;1;nyata main axl777itu gacir beneran hasil langsung lihat;;;;;;
Gokil! Bangga banget jadi bagian dari 🔥⚡ALEXIS17⚡?🔥;1;gokil bangga banget jadi bagi fire zap alexis17 zap fire;;;;;;;
Anies? Gak usah ngelawak;0;anies gak usah ngelawak;;;;;;;
dibayar berapa?;0;bayar berapa;;;;;;;
Wow! ❤A L E X I S 1 7❤ emang paling top!;1;wow heart a lexis1 heart emang paling top;;;;;;;
FFFFAAAAAKKKKK IYAAA LAGI PLEASE;0;ffffaaaaakkkkk iyaaa please;;;;;;;
menit berapa?;0;menit berapa;;;;;;;
sumpah ; serius nanya ; 𝘼𝙇𝙀𝙓𝙄𝙎17 beneran sebagus ? serius !;1;sumpah serius nanya alexis17 beneran bagus serius;;;;;
Class bos🚩 𝐒𝐆𝐈𝟖𝟖🚩 gak ribet depo cepat dan wd lancar;1;class bos triangular flag on post sgi88 triangular flag on post gak ribet depo cepat wd lancar;;;;;;;
MALU2IN JADI PRESIDEN 😂;;;;;;;;;
16:53 arief Muhammad;0;arief muhammad;;;;;;;
wede malam ; makswin starlight;1;wede malam makswin starlight;;;;;;
Selamat semoga bisa menyajikan entertain yang epik;0;selamat moga saji entertain epik;;;;;;;
Gokil! Main ⚡ALEXIS17⚡ bikin nagih banget!;1;gokil main zap alexis17 zap bikin nagih banget;;;;;;;
Wah bakalan ada dijalan dengan strobo nih wkwkkw;0;wah bakal jalan strobo nih wkwkkw;;;;;;;
Waw. Thank you Ko Ruby;0;waw thank you ko ruby;;;;;;;
ga kebayang bakal sekerenapa  kalau BRZ V8 nya obel tandem sama BR Ziko;0;ga bayang bakal sekerenapa kalau brz v8 nya obel tandem sama br ziko;;;;;;;
bawangg bawangg .....🥹🥹🤧🤧🤣🤣🤣🤣;0;bawangg bawangg face holding back tears face holding back tears sneezing face sneezing face rofl rofl rofl rofl;;;;;;;
09:00 epic moment sih gokliisss;0;epic moment sih gokliisss;;;;;;;
X-Max nya gila gilaan itu om;motor impian sejak lama;0;x max nya gila gila om motor impi sejak lama;;;;;;
ternak mulyono digaji pake uang pajak cuman buat video tipu tipu;0;ternak mulyono gaji pake uang pajak cuman buat video tipu tipu;;;;;;;
kebanyakan slot mati lu kegantung;0;banyak slot mati lu gantung;;;;;;;
semangat bang konten nya salam 𝗪𝗘𝗧𝗢𝗡𝟴𝟴 ! gampang jepe;1;semangat bang konten nya salam weton88 gampang jepe;;;;;;;
Disuruh bapaknya ini mah;0;suruh bapak mah;;;;;;;
Wkwkw kosong semua jawabannya;0;wkwkw kosong semua jawab;;;;;;;
rezeki weton88-bikin hariku bermakna ; terima kasih !;1;rezeki weton88 bikin hari makna terima kasih;;;;;;
ngomong kayak kumur kumur gk ada manfaatnya;0;ngomong kayak kumur kumur gk manfaat;;;;;;;
​ @pinkgangsta6157  sumpah bagian ini kyk ga masuk ke otak aku dlu;0;pinkgangsta6157 sumpah bagi kyk ga masuk otak aku dlu;;;;;;;
 @broom_404  yaah...generasi gk berguna. Move on doong🤣;0;broom 4 4 yaah generasi gk guna move on doong rofl;;;;;;;
Nyari krja susah smpe orang tua bantu nyariin kerja 😂😂;0;nyari krja susah smpe orang tua bantu nyariin kerja joy joy;;;;;;;
gue sih percaya aja alexis17 ; gak ngecewain .;1;gue sih percaya aja alexis17 gak ngecewain;;;;;;
Jadilah 1:16 bagian dari keceriaan ＭΛＮDALIKΛ𝟟𝟟;1;jadi bagi ceria mlndalikl77;;;;;;;
Kalimatnya kayak pkia AI; sesuai lah seperti yg dia gaungkan;0;kalimat kayak pkia ai sesuai lah yg gaung;;;;;;
gak pusing mikirin biaya nikah kalo udah join alexis17 .;1;gak pusing mikirin biaya nikah kalo udah join alexis17;;;;;;;
buzzer ya pak? dibayar berapa?;0;buzzer pak bayar berapa;;;;;;;
alexis 17 tuh emang andalan gue kalo butuh dana cepet;1;alexis tuh emang andal gue kalo butuh dana cepet;;;;;;;
ＭΛＮDALIKΛ𝟟𝟟 gachor bgt; menang terus;1;mlndalikl77 gachor bgt menang terus;;;;;;
sekeluarga menjadi beban negara;0;keluarga jadi beban negara;;;;;;;
sehat salam 𝗪𝗘𝗧𝗢𝗡𝟴𝟴 gampang jepe;1;sehat salam weton88 gampang jepe;;;;;;;
Abis dari Pandji langsung ke Pachinko?;0;abis pandji langsung pachinko;;;;;;;
Pandji malu😂hahaha catur nya lmgsung kalah dimenit2 awa;0;pandji malu joy hahaha catur nya lmgsung kalah dimenit2 awa;;;;;;;
emang gak se-adil alexis17 deh .;1;emang gak se adil alexis17 deh;;;;;;;
cuan gampang tuh pu lau tujuh tujuh tujuh ; angan-angan !;1;cuan gampang tuh pu lau tujuh tujuh tujuh angan angan;;;;;;
Komennya Langsung diserang buzzer nya 1.1/100;0;komennya langsung serang buzzer nya;;;;;;;
Gibran nya yang gak berani; oom;0;gibran nya gak berani oom;;;;;;
gue udah ga bayangin hidup alexis17 ; ; udah sumber penghasilan;1;gue udah ga bayangin hidup alexis17 udah sumber hasil;;;;;
S15 MESIN R35 ❤; samaa GTR R35 emasss damn;0;s15 mesin r35 heart samaa gtr r35 emasss damn;;;;;;
Cumi2 g ada bang;0;cumi2 g bang;;;;;;;
Gas tu gan mandalika77 zeusnya nya galak tu; lagi mau aja tu ngasi gw baru dikasi maxwin;1;gas tu gan mandalika77 zeusnya nya galak tu mau aja tu ngasi gw baru kasi maxwin;;;;;;
semoga alexis17 sukses amin;1;moga alexis17 sukses amin;;;;;;;
sukaaa bangettt 𝐒𝐆𝐈𝟖𝟖;1;sukaaa bangettt sgi88;;;;;;;
Tim yg udah punya sblm di riview;0;tim yg udah punya sblm riview;;;;;;;
No TEMPO no party;;0;no tempo no party;;;;;;
pemain 𝘼𝐄𝘙𝙊𝟪𝟪-memberikan pengalaman menyenangkan .;1;main aero88 beri alam senang;;;;;;;
nyimak abang ; 𝗦𝗚𝗜𝟴𝟴 cair mulu;1;nyimak abang sgi88 cair mulu;;;;;;
Cuan ngucur deras; cuma di ρ𝓊𝓵άü777 bro!;1;cuan ngucur deras cuma rulau777 bro;;;;;;
Akhirnya Jagoan masuk indo. ;;;;;;;;;
Kocak banget main caturnya 😂;0;kocak banget main catur joy;;;;;;;
 @ilhamsaputra6599  saya tau dia memilih anis;0;ilhamsaputra6599 tau pilih anis;;;;;;;
Mercedes tetap konsisten ga ikut IIMS 😅;0;mercedes tetap konsisten ga ikut iims sweat smile;;;;;;;
pajak tahunanny brp? trims;0;pajak tahunanny brp trims;;;;;;;
λ l e x i s 1 7 ; bikin maxwin gampang;1;llexis17 bikin maxwin gampang;;;;;;
𝘋𝑂𝑅𝐴𝟽𝟩menawarkan pengalaman visual menarik .;1;dora77menawarkan alam visual tarik;;;;;;;
𝗪𝗘𝗧𝗢𝗡𝟴𝟴 uhuy !;1;weton88 uhuy;;;;;;;
18:55 18:59 Suaranya Gokil Dah 💨💨💨💨💨;0;suara gokil dah dash dash dash dash dash;;;;;;;
Yang kesini cuma mau tekan tombol dislike --->>>;0;kesini cuma mau tekan tombol dislike;;;;;;;
gak gagal ; 𝐒𝐆𝐈𝟖𝟖;1;gak gagal sgi88;;;;;;
gak takut penipuan kalo main alexis17 .;1;gak takut tipu kalo main alexis17;;;;;;;
geloo 𝗪𝗘𝗧𝗢𝗡𝟴𝟴 cair x100;1;geloo weton88 cair x1;;;;;;;
kata kata andalan ziko;" "" yg menurut guaa lumayan kerenn"" 🗿";0;kata kata andal ziko yg guaa lumayan kerenn moyai;;;;;;
 @robbyzulhaq_rz6725  postingnya di channel pribadi ziko bukan di chanel garasi drift;0;robbyzulhaq rz6725 postingnya channel pribadi ziko bukan chanel garasi drift;;;;;;;
MANAAA CROSSTREK NYAAAA;0;manaaa crosstrek nyaaaa;;;;;;;
Tugas kelompok😅;0;tugas kelompok sweat smile;;;;;;;
@ minimal nyimak; kalo mau buat bakalan up di chanel pribadinya;0;minimal nyimak kalo mau buat bakal up chanel pribadi;;;;;;
fix ! coba bentar ; langsung menang 𝐌𝐢𝐘𝐚𝟖𝟖 !;1;fix coba bentar langsung menang miya88;;;;;;
kita ga siap gan..;0;ga siap gan;;;;;;;
Lo aja kerja hasil titipan bapak lo.. HHAHAHAHAA;0;lo aja kerja hasil titip bapak lo hhahahahaa;;;;;;;
@ jadilah top mantap is the best :face-blue-smiling:;0;jadi top mantap is the best face blue smiling;;;;;;;
Real ahahahhaah;0;real ahahahhaah;;;;;;;
kritik boleh tapi realistis juga dong om;0;kritik realistis dong om;;;;;;;
semoga akan semakin banyak orang yg turut membantu; seperti𝙈𝘼𝙉𝙐𝙏88;1;moga makin banyak orang yg turut bantu sepertimanut88;;;;;;
Hidup jgn pesimis bro;harus semangat tetap optimis;0;hidup jgn pesimis bro semangat tetap optimis;;;;;;
@ChudoriAgung65  anis pdip kah? lu nglantur ngab;0;chudoriagung65 anis pdip lu nglantur ngab;;;;;;;
Accord rasa Audi😅;0;accord rasa audi sweat smile;;;;;;;
Jaka sembung bawa golok;0;jaka sembung bawa golok;;;;;;;
nambah 1 lagi juga;0;nambah;;;;;;;
Gak akan beli walaupun ada dananya;0;gak beli walaupun dana;;;;;;;
gak pusing mikirin biaya sekolah anak kalo udah join alexis17 .;1;gak pusing mikirin biaya sekolah anak kalo udah join alexis17;;;;;;;
Aku ketimur dia kebarat;0;aku timur barat;;;;;;;
Semoga rezeki dari MANDALIKA-77- ini berkah dan bermanfaat! 🤣 😅;1;moga rezeki mandalika berkah manfaat rofl sweat smile;;;;;;;
Gak ditest gaming rasanya kaya ada yg ganjel🤷‍♂️;0;gak ditest gaming rasa kaya yg ganjel person shrugging male sign;;;;;;;
alexis17 ! emang top dah ; ga bikin kecewa jaman batu sampe;1;alexis17 emang top dah ga bikin kecewa jaman batu sampe;;;;;;
Cuma bikin risih org;0;cuma bikin risih org;;;;;;;
Saya antusias kalau modifikasi motor mas;;;;;;;;;
mandalika77 real tuh dah gw coba bnrn gacir;1;mandalika77 real tuh dah gw coba bnrn gacir;;;;;;;
Lucu lawaknya.;0;lucu lawak;;;;;;;
Pulang tinggal nama mereka;0;pulang tinggal nama;;;;;;;
𝐒𝐆𝐈𝟖𝟖 uhuy !;1;sgi88 uhuy;;;;;;;
Kenapa harus ada warna pink;0;warna pink;;;;;;;
Main di ＭΛＮDALIKΛ𝟟𝟟 bikin happy banget; hasilnya gacir abis!;1;main mlndalikl77 bikin happy banget hasil gacir abis;;;;;;
udah yaa main ksatria ksatriaannya 😸😸;0;udah yaa main ksatria ksatria smile cat smile cat;;;;;;;
We are so fcked up fr 😂;0;we are so fcked up fr joy;;;;;;;
0:58 jasa skip;0;jasa skip;;;;;;;
Semua orang bilang ALEXIS⭐17⭐ tuh bener-bener ngubah nasib.;1;semua orang bilang alexis star star tuh bener bener ngubah nasib;;;;;;;
Power trainnya sama memang;0;power trainnya sama memang;;;;;;;
wede cepat proses gampang ; recommended;1;wede cepat proses gampang recommended;;;;;;
Menit 18:31 ahok udah bisa skakmat kan ya? Terus udahan aja acaranya😅;0;menit ahok udah skakmat kan terus udahan aja acara sweat smile;;;;;;;
hoki berlipat ganda ikutan pawpaw4d ; rekomendasi banget !;1;hoki lipat ganda ikut pawpaw4d rekomendasi banget;;;;;;
18:26 ohhh jadi jersey kipernya warna ijoo wkwk; oke siip;0;ohhh jadi jersey kiper warna ijoo wkwk oke siip;;;;;;
Salfook sama AE86 😂;0;salfook sama ae86 joy;;;;;;;
gak nyangka 𝘼𝙇𝙀𝙓𝙄𝙎17 se-booming ; keren abis ! beneran ?;1;gak nyangka alexis17 se booming keren abis beneran;;;;;;
serius deh ; dapet cuan gampang tuh ya pu lau tujuh tujuh tujuh .;1;serius deh dapet cuan gampang tuh pu lau tujuh tujuh tujuh;;;;;;
ini lagi cek saldo;0;cek saldo;;;;;;;
"Ridwan ngmg ke Om Mobi "" Lu Lu"" Woi Tuaan Om Mobi lho";0;ridwan ngmg om mob lu lu woi tua om mob lho;;;;;;;
cakep kali 𝐒𝐆𝐈𝟖𝟖 ; bravo ..;1;cakep kali sgi88 bravo;;;;;;
tetangga gue kepo penghasilan alexis17 .;1;tetangga gue kepo hasil alexis17;;;;;;;
Budayakan nonton sampai habis dan memahami;0;budaya nonton habis paham;;;;;;;
Gak perlu pusing mikirin biaya nikah kalo udah join ALEXIS⭐17⭐.;1;gak perlu pusing mikirin biaya nikah kalo udah join alexis star star;;;;;;;
Hahaha gak punya chrome 😂;0;hahaha gak punya chrome joy;;;;;;;
Swert Bonanja makswin; puas banget;1;swert bonanja makswin puas banget;;;;;;
Sejak awal bro sudah ngelantur...;0;sejak awal bro ngelantur;;;;;;;
Sejauh ini; ini yang lebih banyak di dislikenya;0;jauh lebih banyak dislikenya;;;;;;
bro tau ga 𝘼𝙇𝙀𝙓𝙄𝙎17 udah support e-wallet potongan;1;bro tau ga alexis17 udah support e wallet potong;;;;;;;
Selain jarak dari rumah jauh ya mungkin ada alasan lagi;0;jarak rumah jauh mungkin alas;;;;;;;
auto lancar langsung;1;auto lancar langsung;;;;;;;
LOL;;;;;;;;;
31:30 Hape terooss !;0;hape terooss;;;;;;;
terbaik kak ; salam weton88;1;baik kak salam weton88;;;;;;
𝐌𝐴𝙓 𝟥𝟹ทุกคนเคยล้มเหลวมาก่อน;1;max 33thukkhnekhylmehlwmakon;;;;;;;
Yang di tunggu2;0;tunggu2;;;;;;;
Kosong adalah kosong 😢;0;kosong kosong cry;;;;;;;
seminggu main alexis17 ; gue udah ganti drone !;1;minggu main alexis17 gue udah ganti drone;;;;;;
kapan lagi wehde 2 juta modal 50k? ⭐ A L E X I S 1 7 ⭐ doang kayak nya wkwkwk;1;kapan wehde juta modal 5 k star alexis17 star doang kayak nya wkwkwk;;;;;;;
42:51 jawaban ttg bab1 masak;0;jawab ttg bab1 masak;;;;;;;
sore sore gini lagi nyantai sambil main di mandalika77; tambah lagi dikasih maxwin hahaa Mudah Maxwin;1;sore sore gin nyantai main mandalika77 tambah kasih maxwin hahaa mudah maxwin;;;;;;
konten ! keren banget menjelaskannya ! main bagus bang 𝗪𝗘𝗧𝗢𝗡𝟴𝟴;1;konten keren banget jelas main bagus bang weton88;;;;;;;
Simpen guys video nya guys jangan sampe ilang guys;0;simpen guys video nya guys jangan sampe ilang guys;;;;;;;
alexis'17 gua bru maen bentar ; lngsg jepe;1;alexis gua bru maen bentar lngsg jepe;;;;;;
Ls 3 for dipo 🎉;0;ls for dipo tada;;;;;;;
gue udah ga tidur nyenyak kalo main alexis17 sehari ; kaya hilang;1;gue udah ga tidur nyenyak kalo main alexis17 hari kaya hilang;;;;;;
yapping terusss;0;yapping terusss;;;;;;;
absen dan like-nya yang udah beli ini hape. 👍;0;absen like nya udah beli hape thumbsup;;;;;;;
Anak muda yang di bekingi ayah tidak takut tantangan 😊;0;anak muda beking ayah takut tantang blush;;;;;;;
18:28 KAKK IRENEEEE LIAT LANGKAH BRILIAN DARI BRO PANDJIIIIIII;0;kakk ireneeee liat langkah brilian bro pandjiiiiiii;;;;;;;
19:45 😂 kayaknya arahnya sama deh mas ziko😆 kurang briping nih😅;0;joy kayak arah sama deh mas ziko laughing kurang briping nih sweat smile;;;;;;;
Seingetku ada hp 3lipat kagi tapi gk masuk indo; dari tecno lah;0;seingetku hp 3lipat kagi gk masuk indo tecno lah;;;;;;
Gokilll sii;0;gokilll sii;;;;;;;
jepey gmpng bgt ; maen alexis17;1;jepey gmpng bgt maen alexis17;;;;;;
Coba deh ＰＵＬＡＵＷＩＮ 😍;1;coba deh pulauwin heart eyes;;;;;;;
Alamak huwawei 50 jt lipat 3;0;alamak huwawei jt lipat;;;;;;;
Di Endorse bapaknya 😅😅;0;endorse bapak sweat smile sweat smile;;;;;;;
orang bilang alexis17 tuh bener-bener ngubah financial .;1;orang bilang alexis17 tuh bener bener ngubah financial;;;;;;;
Wohhhh yg ditunggu2 selama berbulan bulan akhirnya;0;wohhhh yg ditunggu2 lama bulan bulan akhir;;;;;;;
Incess skketernya keluar mulu say di ⭐𝘼𝙇𝙀𝙓𝙄𝙎17.;1;incess skketernya keluar mulu say star alexis17;;;;;;;
marahin editornya bang; openingnya jd kocak wkwkw;0;marahin editor bang openingnya jd kocak wkwkw;;;;;;
yng ditunggu..;0;yng tunggu;;;;;;;
Belum ada 5 menit berbicara; nama Pak Jokowi sudah disebut wkw;0;menit bicara nama pak jokowi sebut wkw;;;;;;
Munggu depan;0;munggu depan;;;;;;;
Yang setuju lanjut dialog dengan wakilnya;0;tuju lanjut dialog wakil;;;;;;;
THANKS KOO;0;thanks koo;;;;;;;
UU TNI mendukung demokrasi .....untuk Indonesia maju;0;uu tni dukung demokrasi indonesia maju;;;;;;;
sketer ; jepek;1;sketer jepek;;;;;;
gilak proper banget mobilnya obell;0;gilak proper banget mobil obell;;;;;;;
2x bahkan ini😊;0;2x bahkan blush;;;;;;;
pro aja bang 𝐒𝐆𝐈𝟖𝟖;1;pro aja bang sgi88;;;;;;;
prabowo bilo;0;prabowo bilo;;;;;;;
Buka yutup; kesini trus dislike. Tutup yutup.;0;buka yutup kesini trus dislike tutup yutup;;;;;;
Terimakasih bang. Ini membantu sekali;0;terimakasih bang bantu sekali;;;;;;;
Crosstrek Relly cosplay;0;crosstrek relly cosplay;;;;;;;
Jujur klo main mending di 𝐒𝐆𝐈𝟖𝟖 bang;1;jujur klo main mending sgi88 bang;;;;;;;
berkah rezeki berkat 𝐒𝐆𝐈𝟖𝟖 ; puji syukur !;1;berkah rezeki berkat sgi88 puji syukur;;;;;;
😂😂 ksni cmn dislike;0;joy joy ksni cmn dislike;;;;;;;
Hidup jadi tenang setelah 𝗦𝗵𝑜ᒪᗩţ auto jepee pahala!;1;hidup jadi tenang shomabot auto jepee pahala;;;;;;;
gue buka 𝐊𝐨𝐢𝐒𝐋𝐎𝐓 ; langsung disambut petir !;1;gue buka koislot langsung sambut petir;;;;;;
Kerahnya sengaja ya pemasanganya aga miring;0;kerah sengaja pemasanganya aga miring;;;;;;;
gameplay keren banget ! skill dewa nih ; alexis17 bangga .;1;gameplay keren banget skill dewa nih alexis17 bangga;;;;;;
Kalo tukar tambah sama nexian brapaan tambah bg;0;kalo tukar tambah sama nexian brapaan tambah bg;;;;;;;
diragukan ; kemenangan sah . 𝗣 𝗟 𝗨 𝗧 𝗢 𝟴 𝟴 terbaik;1;ragu menang sah pluto88 baik;;;;;;
udah tua bukannya mati malah joget;0;udah tua bukan mati malah joget;;;;;;;
itu si rijal doyan banget main di P U L A U W I N sampe kebeli motor;1;si rijal doyan banget main pulauwin sampe kebel motor;;;;;;;
New armada keren padahal jarang dilirik;0;new armada keren padahal jarang lirik;;;;;;;
Hayo ngaku siapa yang menyesal 😂😂;0;hayo ngaku siapa sesal joy joy;;;;;;;
Lu bisa nabung bro minimal buat beli suporter version.;0;lu nabung bro minimal buat beli suporter version;;;;;;;
Keren!!!!;;;;;;;;;
jawaban yang sangat tidak menjawab 😭 why pak why?;0;jawab sangat jawab sob why pak why;;;;;;;
Episode paling gw suka 😍😍😍😍😍😍;0;episode paling gw suka heart eyes heart eyes heart eyes heart eyes heart eyes heart eyes;;;;;;;
Skor performa gak sampe 1 juta😂😂 kecuali pake snapdragon😂😂;0;skor performa gak sampe juta joy joy pake snapdragon joy joy;;;;;;;
class bos 𝗪𝗘𝗧𝗢𝗡𝟴𝟴 gak ribet depo cepat wd lancar;1;class bos weton88 gak ribet depo cepat wd lancar;;;;;;;
yakali gak coba main di ＰＵＬＡＵＷＩＮ;1;yakali gak coba main pulauwin;;;;;;;
Tt J2 prime + berapa ya;0;tt j2 prime berapa;;;;;;;
​ @furina-focalor-2 berderet bgg keknya😂;0;furina focalor deret bgg kek joy;;;;;;;
Ｐｕｌａｕ７７７ selalu kasih pengalaman baru;1;pulau777 selalu kasih alam baru;;;;;;;
9:00 INI NGACO BANGET GILEEEEE!!!!;0;ngaco banget gileeeee;;;;;;;
! bang video ! ! 𝗪𝗘𝗧𝗢𝗡𝟴𝟴 terpercaya 5k 1jt;1;bang video weton88 percaya 5k 1jt;;;;;;;
26:34 Rasain; belajar lagi sana Bg 😅;0;rasain ajar sana bg sweat smile;;;;;;
𝐒𝐆𝐈𝟖𝟖 is the best;1;sgi88 is the best;;;;;;;
disini terlihat dimana yg pure jurnalis..;0;sini lihat yg pure jurnalis;;;;;;;
main 𝗣 𝗟 𝗨 𝗧 𝗢 𝟴 𝟴 tuh kayak peluang emas;1;main pluto88 tuh kayak peluang emas;;;;;;;
alexis'17 jackpot ; gk paham sehokinya;1;alexis jackpot gk paham hoki;;;;;;
Jelas ko jawabannya pak presiden kau yang ga nangkep ...;0;jelas ko jawab pak presiden kau ga nangkep;;;;;;;
Pagi tadi coba main di 2:16 ＭΛＮDALIKΛ𝟟𝟟; siang sudah menikmati jakpot besar!;1;pagi tadi coba main mlndalikl77 siang nikmat jakpot besar;;;;;;
NGGAK NYAMBUNG WO WO BISANYA CUMA NDASMU NDASMU DOANG;0;nyambung wo wo bisa cuma ndasmu ndasmu doang;;;;;;;
gak mikir kali join alexis17 .;1;gak mikir kali join alexis17;;;;;;;
Jadi kesini nih 😅😅😅;0;jadi kesini nih sweat smile sweat smile sweat smile;;;;;;;
Pulau Enggano sja pak presiden;0;pulau enggano sja pak presiden;;;;;;;
gila ya alexis17 dimana ashu terpercaya kagak nih;1;gila alexis17 ashu percaya kagak nih;;;;;;;
Konten yang luar biasa! Keren banget cara kamu menjelaskannya! Main yang bagus di sini bang ⭐𝐒𝐆𝐈𝟖𝟖;1;konten luar biasa keren banget cara kamu jelas main bagus sini bang star sgi88;;;;;;;
 @aturduit_id  51:40 Sempat dimention sama Uni Lubis;0;aturduit id sempat dimention sama uni lubis;;;;;;;
Semua temen gue pada ketagihan sama ALEXIS⭐17⭐.;1;semua temen gue tagih sama alexis star star;;;;;;;
Ahok the best;0;ahok the best;;;;;;;
main situs segacor 𝗪𝗘𝗧𝗢𝗡𝟴𝟴 ; asli nagih sih;1;main situs segacor weton88 asli nagih sih;;;;;;
makswin brusan starlight ; nggak nyangka;1;makswin brusan starlight nyangka;;;;;;
mandalika77 GAMPANG MENANGNYA;1;mandalika77 gampang menang;;;;;;;
gua member ga ruda ho ki-jepee sumpah;1;gua member ga ruda ho ki jepee sumpah;;;;;;;
Bajunya kebanyakan kantong saku. 🤣;0;baju banyak kantong saku rofl;;;;;;;
𝘋𝐄𝘞𝐀𝐃O𝐑𝘈 emang gachor;1;dewadora emang gachor;;;;;;;
Salam ⭐𝐒𝐆𝐈𝟖𝟖! gampang Jepe ;Sehat selalu buat semuanya;1;salam star sgi88 gampang jepe sehat selalu buat semua;;;;;;
𝑨𝑳𝑬𝑿𝑰𝑺17 gk pelit bonus .;1;alexis17 gk pelit bonus;;;;;;;
comeeee on......🥲;0;comeeee on smiling face with tear;;;;;;;
maen santai ; jepe;1;maen santai jepe;;;;;;
Mustahil.. karna Ahok sudah tidak bisa dapat SKCK lagi;0;mustahil karna ahok skck;;;;;;;
Gua bisa lipat 2x;0;gua lipat 2x;;;;;;;
gak pusing mikirin biaya berobat kalo udah join alexis17 .;1;gak pusing mikirin biaya obat kalo udah join alexis17;;;;;;;
kalo gue lbh suka aston martin;1;kalo gue lbh suka aston martin;;;;;;;
gw coba alexis17 yg lg viral 100rb 3jt sampe sejam;1;gw coba alexis17 yg lg viral 1 rb 3jt sampe jam;;;;;;;
𝘈𝘎𝑈𝙎𝘛𝙊𝐓O gua gmpang bgt dapet jekpot disini;1;agustoto gua gmpang bgt dapet jekpot sini;;;;;;;
Buat yg bingung; itu anaknya Bpk Ahmad Sahroni;0;buat yg bingung anak bpk ahmad sahroni;;;;;;
banget dapet sketer;1;banget dapet sketer;;;;;;;
sehari main alexis17 ; gue langsung ketagihan !;1;hari main alexis17 gue langsung tagih;;;;;;
2:14:21 Sangat Fiktif banget Idenya;0;sangat fiktif banget ide;;;;;;;
akhirnya jepe juga di ʙ𝘜KꀤT 888;1;akhir jepe bukbuopt;;;;;;;
Masih keren G63;0;keren g63;;;;;;;
di hapus lagi link w;0;hapus link w;;;;;;;
Komen paling akurat 🥂;0;komen paling akurat champagne glass;;;;;;;
 @eko.satrio  it's satire.;0;eko satrio it s satire;;;;;;;
cakep kali 𝗪𝗘𝗧𝗢𝗡𝟴𝟴 ; bravo ..;1;cakep kali weton88 bravo;;;;;;
swert bonanja gacir ; modal jepek;1;swert bonanja gacir modal jepek;;;;;;
Gue buka YouTube; yang direkomendasiin isinya PULAUWIN semua.;1;gue buka youtube direkomendasiin isi pulauwin semua;;;;;;
Main sekarang; bawa pulang untung besar bareng 𝗠𝑨𝑵𝐃𝐀𝑳𝗜𝗞𝐀𝟕7!;1;main sekarang bawa pulang untung besar bareng mandalika77;;;;;;
review rx 7 arif muhammad bang;0;review rx arif muhammad bang;;;;;;;
Sukses mulai dari sini; 𝗠𝑨𝑵𝐃𝐀𝑳𝗜𝗞𝐀𝟕7 tempatnya!;1;sukses mulai sini mandalika77 tempat;;;;;;
Boleh juga ziko mau ngonten modif motor 9:26;0;ziko mau ngonten modif motor;;;;;;;
cmn main di mandalika77 gw bisa dpt teriakan mantap ayaaaaaang;1;cmn main mandalika77 gw dpt ria mantap ayaaaaaang;;;;;;;
keren sih 𝗪𝗘𝗧𝗢𝗡𝟴𝟴 ; main bentar auto jepe .;1;keren sih weton88 main bentar auto jepe;;;;;;
rezeki 𝐷оrа𝟩𝟳 ! ketinggalan !;1;rezeki dora77 tinggal;;;;;;;
Konten yang luar biasa! Keren banget cara kamu menjelaskannya! Main yang bagus di sini bang 𝗪𝗘𝗧𝗢𝗡𝟴𝟴;1;konten luar biasa keren banget cara kamu jelas main bagus sini bang weton88;;;;;;;
maen Swert Bonanja; sketer terus-terusan;1;maen swert bonanja sketer terus terus;;;;;;
"status pengiriman : ""sedang dikemas""";0;status kirim sedang kemas;;;;;;;
Paraaahmeeeennn .....!!!!;0;paraaahmeeeennn;;;;;;;
otw beli kopi kapal api;0;otw beli kopi kapal api;;;;;;;
Om mobi dan ridwan menuju hidup sehat😂🎉🎉🎉;0;om mob ridwan tuju hidup sehat joy tada tada tada;;;;;;;
geloo 𝗪𝗘𝗧𝗢𝗡𝟴𝟴 cair x100;1;geloo weton88 cair x1;;;;;;;
Modal kecil makswin; wede gampang;1;modal kecil makswin wede gampang;;;;;;
𝙾𝚔 𝚝𝚎𝚖𝚎𝚗 𝚝𝚎𝚖𝚎𝚗;0;temen temen;;;;;;;
 @AsShalihah  awoawokawokw padahal udh jelas yak soft&hard;0;asshalihah awoawokawokw padahal udh jelas yak soft hard;;;;;;;
Kl pun liat video jgn smbil mkn...ntar mual lagi🤫🤭🤭;0;kl liat video jgn smbil mkn ntar mual shushing face face with hand over mouth face with hand over mouth;;;;;;;
wkwkwk cepet juga udh ada korban pencitraan KDM;0;wkwkwk cepet udh korban citra kdm;;;;;;;
Tatapannya Kosong Mlompong;0;tatap kosong mlompong;;;;;;;
gaak pernah gagal kleen punya project bro.. 👍🏻;0;gaak pernah gagal kleen punya project bro thumbsup;;;;;;;
menyedihkan wajib kir gue;0;sedih wajib kir gue;;;;;;;
31:23 motor aja setinggi headlamp depan; kebayang besarnya 😭;0;motor aja setinggi headlamp depan bayang besar sob;;;;;;
pagi pagi dah dapet kejutan 🔥;0;pagi pagi dah dapet kejut fire;;;;;;;
Layanannya di 𝘼X𝙇𝟩𝟽7juga oke banget! Gak ada masalah sama sekali!;1;layan axl777juga oke banget gak masalah sama sekali;;;;;;;
varionya dnmotorshop in frame😎;0;varionya dnmotorshop in frame sunglasses;;;;;;;
emang gak se-hits alexis17 sih .;1;emang gak se hits alexis17 sih;;;;;;;
team yang selalu nonton tapi jarang komen 😂;0;team selalu nonton jarang komen joy;;;;;;;
Let's gooooo ❤🔥;0;let s gooooo heart fire;;;;;;;
​ @dimasseto7248 woh manggut-manggut berarti setuju yak wkwk gokil juga pemikiran lu;0;dimasseto7248 woh manggut manggut arti tuju yak wkwk gokil pikir lu;;;;;;;
semangat bang konten nya salam 𝗪𝗘𝗧𝗢𝗡𝟴𝟴 ! gampang jepe;1;semangat bang konten nya salam weton88 gampang jepe;;;;;;;
Wakil anies baswedan 2029;0;wakil anies baswedan;;;;;;;
Saya juga ternyata;0;nyata;;;;;;;
Seharusnya ada valentinus resa disana; biar vibesnya jadi beda;0;valentinus resa sana biar vibesnya jadi beda;;;;;;
kali nemu platform fair kayak alexis17 .;1;kali nemu platform fair kayak alexis17;;;;;;;
jepe ; wede gampang banget;1;jepe wede gampang banget;;;;;;
Moments nya terasa Di FD ❤❤❤;0;moments nya asa fd heart heart heart;;;;;;;
Alhamdulillah sudah saya dislike;0;alhamdulillah dislike;;;;;;;
Suruh bikin akun linkedin bu dari sekarang;0;suruh bikin akun linkedin bu sekarang;;;;;;;
coba pikirin ; bener gak ?;1;coba pikirin bener gak;;;;;;
2:17 jangan judol; judol buat loe miskin;0;jangan judol judol buat loe miskin;;;;;;
gue rela bolos kelas ikutan event alexis17 .;1;gue rela bolos kelas ikut event alexis17;;;;;;;
Mantap! Main bareng ⚡ALEXIS17⚡ selalu seru!;1;mantap main bareng zap alexis17 zap selalu seru;;;;;;;
Omke gas omke gas;0;omke gas omke gas;;;;;;;
1 gua alexis17 ; nggk pelit pemain;1;gua alexis17 nggk pelit main;;;;;;
memang cakep sih🔥;0;memang cakep sih fire;;;;;;;
gokil sih 𝑨𝑳𝑬𝑿𝑰𝑺17 bonus nya gk berhenti .;1;gokil sih alexis17 bonus nya gk henti;;;;;;;
Mulai hari dengan kesempatan 4:50 baru di M𝗮𝘯𝐝𝗮𝑙𝗶𝒌𝐚𝟟𝟳;1;mulai hari sempat baru mandalika77;;;;;;;
gue rela begadang malem main alexis17 .;1;gue rela begadang malem main alexis17;;;;;;;
5. Batalkan multifungsi TNI Polri;0;batal multifungsi tni polri;;;;;;;
13:59  US banget ya; ternyata di US pakek SNI juga ta 😂;0;us banget nyata us pakek sni ta joy;;;;;;
gila updatean 𝑨𝑳𝑬𝑿𝑰𝑺17 keren ; gokil banget ! .;1;gila updatean alexis17 keren gokil banget;;;;;;
Fix BYD Sealion 7 jadi mobil dinasnya Sheila On 7! wkwkwkwk;0;fix byd sealion jadi mobil dinas sheila on wkwkwkwk;;;;;;;
Hebat dan mantap mandalika77;1;hebat mantap mandalika77;;;;;;;
Sampe warung pecel deket rumah pasang spanduk ＰＵＬＡＵＷＩＮ; lo bayangin!;1;sampe warung pecel deket rumah pasang spanduk pulauwin lo bayangin;;;;;;
jadi gejala awalnya bagaimana;0;jadi gejala awal bagaimana;;;;;;;
Modal receh; lgsng mekswin GG;1;modal receh lgsng mekswin gg;;;;;;
galak banget unit nya;0;galak banget unit nya;;;;;;;
Yang komen judi semoga bermanfaat di akhirat 😊;0;komen judi moga manfaat akhirat blush;;;;;;;
orang bilang alexis17 tuh bener-bener dipercaya .;1;orang bilang alexis17 tuh bener bener percaya;;;;;;;
GD TER BEST❤;0;gd ter best heart;;;;;;;
Gak perlu khawatir soal pensiun kalo udah gabung ALEXIS⭐17⭐.;1;gak perlu khawatir soal pensiun kalo udah gabung alexis star star;;;;;;;
nyimak abang ; weton88 cair mulu;1;nyimak abang weton88 cair mulu;;;;;;
Akhirnya bertemu juga;0;akhir temu;;;;;;;
 @lockysigarlaki163  banyak bobroknya?? coba sebutkan 5 saja;0;lockysigarlaki163 banyak bobrok coba sebut;;;;;;;
saat pak prabowo nyebut deretan presiden;pak gusdur ga disebut😢;0;pak prabowo nyebut deret presiden pak gusdur ga sebut cry;;;;;;
Bang itu jahitan kerahnya miring;0;bang jahit kerah miring;;;;;;;
fix ! 𝐏𝐋𝐔𝐓𝐎𝟖𝟖emang beda ; bikin member setia !;1;fix pluto88emang beda bikin member setia;;;;;;
meuni gacoor pisan iyeu ꗥ𝙈𝘼𝙉𝙐𝙏88ꗥ;1;meuni gacoor pis iyeu hemanut88he;;;;;;;
gue rela ninggalin bisnis fokus alexis17 .;1;gue rela ninggalin bisnis fokus alexis17;;;;;;;
semoga alexis17 sukses amin;1;moga alexis17 sukses amin;;;;;;;
Bang;;;;;;;;;
KDM & Ahok 2029;0;kdm ahok;;;;;;;
Omon2 yang tidak mengangkat elektabilitas😂😂;0;omon2 angkat elektabilitas joy joy;;;;;;;
bro tau ga 𝘼𝙇𝙀𝙓𝙄𝙎17 udah support bank e-wallet;1;bro tau ga alexis17 udah support bank e wallet;;;;;;;
KDM AHOK baru okee;0;kdm ahok baru okee;;;;;;;
Gas Modikasi Motor;0;gas modikasi motor;;;;;;;
Mau tanya Abang². Danantara itu fungsinya buat apa ya🙏;0;mau tanya abang2 danantara fungsi buat apa pray;;;;;;;
Untung baca komen lu😂;0;untung baca komen lu joy;;;;;;;
keren sih λlexis17 ; ; main bentar auto jepe .;1;keren sih llexis17 main bentar auto jepe;;;;;
dah ah tobat gk maengaruda-hoki lg abis maxwin;1;dah ah tobat gk maengaruda hoki lg abis maxwin;;;;;;;
Tombol dislike mana ni; udh berapa ribu ko ga kliatan wkwk;0;tombol dislike mana ni udh berapa ribu ko ga kliatan wkwk;;;;;;
Suka bener kalo ngomong;;;;;;;;;
Klo lolos piala Dunia laris manis nie jersey;0;klo lolos piala dunia laris manis nie jersey;;;;;;;
tim yang nonton pake xiaomi 15😌;0;tim nonton pake xiaomi relieved;;;;;;;
𝘼𝙇𝙀𝙓𝙄𝙎17 bikin gue beli rumah cash 3 ; modal 200rb;1;alexis17 bikin gue beli rumah cash modal 2 rb;;;;;;
Otw lang beli 9 biji;0;otw lang beli biji;;;;;;;
cakep kali 𝗪𝗘𝗧𝗢𝗡𝟴𝟴 ; bravo ..;1;cakep kali weton88 bravo;;;;;;
coba dengerin orang ngegas;1;coba dengerin orang ngegas;;;;;;;
𝘼𝙇𝙀𝙓𝙄𝙎17 bikin mood bagus ; anjay .;1;alexis17 bikin mood bagus anjay;;;;;;
ez clean bawa Ｂ⋅𝕆⋅𝗪⋅𝐎⋅𝟟⋅𝟩 bos 25k;1;ez clean bawa b o w o bos 25k;;;;;;;
ki daus ; daus;1;ki daus daus;;;;;;
Berisik pada iri; previlege tp berprestasi di inter why not???;0;berisik iri previlege tp prestasi inter why not;;;;;;
Next ust felix om pandji;0;next ust felix om pandji;;;;;;;
Lu bisa diem kagak ha? Ndak usah nyepam lu;0;lu diem kagak ha ndak usah nyepam lu;;;;;;;
Ahok & kdm 2029;0;ahok kdm;;;;;;;
Lebih lebar ini;0;lebih lebar;;;;;;;
keberuntungan bikin sayang 𝐁𝐓𝐕❶❻❽ ; hasilnya !;1;untung bikin sayang btv168 hasil;;;;;;
YANG DI TUNGGU TUNGGU AKHIR NYA !!! NAIKIN GAJI EDITOR VIDIO HAHAAH;0;tunggu tunggu akhir nya naikin gaji editor vidio hahaah;;;;;;;
Ev yg ada ban serepnya;0;ev yg ban serep;;;;;;;
Bang update perkembangan garasi baru nya dong;0;bang update kembang garasi baru nya dong;;;;;;;
Keren banget! ❤A L E X I S 1 7❤ emang paling top!;1;keren banget heart a lexis1 heart emang paling top;;;;;;;
-GA RU DA HO KI.Pernah ngasih gua jepe 8jt😁;1;ga ru da ho ki pernah ngasih gua jepe 8jt grin;;;;;;;
heran lihat postingan kok pda jp semua jdi penasaran aku coba main receha ehh rupanya beneran jp seneng banget dooonggg slt gacir gampang maxwin pragmatic play . mandalika77 nama situsnya bro.;1;heran lihat postingan kok pda jp semua jdi penasaran aku coba main receha ehh rupa beneran jp neng banget dooonggg slt gacir gampang maxwin pragmatic play mandalika77 nama situs bro;;;;;;;
Cocok; hanya saja pajaknya mahal 😊;0;cocok pajak mahal blush;;;;;;
yang di tunggu;0;tunggu;;;;;;;
λlexis17 ; maen santai aja ; tetep wedey jutaan;1;llexis17 maen santai aja tetep wedey juta;;;;;
temen-temen gue pindah 𝙋𝙐𝙇𝘼𝙐𝙒𝙄𝙉 ; gue ngerti kenapanya .;1;temen temen gue pindah pulauwin gue ngerti kenapa;;;;;;
kayaknya kalo lo kenal 𝓟𝓤𝓛𝓐𝓤𝓦𝓘𝓝 ; lo hidup 2025 .;1;kayak kalo lo kenal pulauwin lo hidup;;;;;;
4:12 sekelas david gadgetin terheran-heran 🤣;0;kelas david gadgetin heran heran rofl;;;;;;;
Gila bang Dipo; keren bgt mobilnya!;0;gila bang dipo keren bgt mobil;;;;;;
Pertanyaan paling keren dan seru tektokan nya mba Nana kelas emang;0;tanya paling keren seru tektokan nya mba nana kelas emang;;;;;;;
pikir ; kelewat mikir sampe lupa pu lau tujuh tujuh tujuh !;1;pikir lewat mikir sampe lupa pu lau tujuh tujuh tujuh;;;;;;
orang bilang alexis17 tuh bener-bener bikin nagih .;1;orang bilang alexis17 tuh bener bener bikin nagih;;;;;;;
weton88 is the best;1;weton88 is the best;;;;;;;
Melaju tanpa batas😂;0;laju batas joy;;;;;;;
Kalo nggak coba; nggak bakal tahu! Rezeki bisa datang kapan aja di 𝐷О𝑅𝘼𝟳𝟳!;1;kalo coba bakal tahu rezeki datang kapan aja dora77;;;;;;
Gpp pilihan rakyat 58%; negara bubar;0;gpp pilih rakyat negara bubar;;;;;;
Yg aku tungggu2 ❤❤❤;0;yg aku tungggu2 heart heart heart;;;;;;;
Makasih 𝘈𝘎𝑈𝙎𝘛𝙊𝐓O; rezeki hari ini bikin hati senang banget!;1;makasih agustoto rezeki hari bikin hati senang banget;;;;;;
Duitnya dari mana Ngab;0;duit mana ngab;;;;;;;
Yapping mulu bisanya; kerjaan lo udah boleh diganti ama AI;0;yapping mulu bisa kerja lo udah ganti ama ai;;;;;;
masa depan 2 in 1; tablet sekaligus hp;0;masa depan in tablet sekaligus hp;;;;;;
𝗪𝗘𝗧𝗢𝗡𝟴𝟴 bikin maxwin gampang;1;weton88 bikin maxwin gampang;;;;;;;
hasil 𝘿е𝑊a𝘋𝐎𝐑a memudahkan modal usaha tambahan .;1;hasil dewadora mudah modal usaha tambah;;;;;;;
Ngeri suara nya;0;ngeri suara nya;;;;;;;
@HendraYadi-v5h  buser rendahan;0;hendrayadi v5h buser rendah;;;;;;;
 @mascar007 yg harusnya “mikir” itu lo asep;0;mascar 7 yg harus mikir lo asep;;;;;;;
modal receh makswin ; gg sih;1;modal receh makswin gg sih;;;;;;
kalo masih gak juara 1 dan kalah sama farell si malu2in ya;0;kalo gak juara kalah sama farell si malu2in;;;;;;;
Kecewa setelah dengar Jawaban tentang RUU perampasan aset;;0;kecewa dengar jawab ruu ampas aset;;;;;;
Pecah banget di 𝘋𝐄𝘞𝐀𝐃O𝐑𝘈; jepey;1;pecah banget dewadora jepey;;;;;;
Umur berpengaruh pak 😂;0;umur pengaruh pak joy;;;;;;;
auto jepey ! 𝐒𝐆𝐈𝟖𝟖;1;auto jepey sgi88;;;;;;;
Rezeki yang diberikan oleh ★Mandalika77★ sungguh tiada tara nilainya; terima kasih ya Allah atas berkat-Mu!;1;rezeki beri mandalika77 sungguh tiada tara nilai terima kasih allah atas berkat mu;;;;;;
Apa ini yg punya erigo?;0;apa yg punya erigo;;;;;;;
Pencapaianya apa ?🤣🤣🤣;0;pencapaianya apa rofl rofl rofl;;;;;;;
Seperti latihan baca; pak wapres ku..Alhamdulillah lancaarr;0;latih baca pak wapres ku alhamdulillah lancaarr;;;;;;
ga ada diesel?;0;ga diesel;;;;;;;
Keren bnget;0;keren bnget;;;;;;;
18:18 air liur nya keluar om😅;0;air liur nya keluar om sweat smile;;;;;;;
alexis17 ; emang ga duanya ; pelayanan vip member 24 jam full;1;alexis17 emang ga dua layan vip member jam full;;;;;
gak nyangka 𝘼𝙇𝙀𝙓𝙄𝙎17 se-booming ; keren abis ! sumpah .;1;gak nyangka alexis17 se booming keren abis sumpah;;;;;;
1rb orang tercepat 😋;0;1rb orang cepat yum;;;;;;;
MANDALIKA-77- bikin lupa masalah; 2:15 hiburan yang hakiki!;1;mandalika bikin lupa masalah hibur hakiki;;;;;;
gass bikin konten motor;0;gass bikin konten motor;;;;;;;
Kalo boleh tau bensin ap yg di pke; ethanol?;0;kalo tau bensin ap yg pke ethanol;;;;;;
pemimpin lee kuan yew ada di dalam diri ahok.;0;pimpin lee kuan yew diri ahok;;;;;;;
Rezeki hari ini datang dari A𝙂𝙐𝐒𝘛𝙊𝙏𝐎; nggak nyangka!;1;rezeki hari datang agustoto nyangka;;;;;;
Gas coookkkkk;0;gas coookkkkk;;;;;;;
█▓▒▒░░░𝒫𝒰𝐿𝒜𝒰𝟩𝟩𝟩░░░▒▒▓█ bikin hari-hari cuaan ; mantap banget .;1;pulau777 bikin hari hari cua mantap banget;;;;;;
Beneran deh; ❤A L E X I S 1 7❤ emang paling top!;1;beneran deh heart a lexis1 heart emang paling top;;;;;;
gokil banget sih 𝘼𝙇𝙀𝙓𝙄𝙎17 ; hadiah ! .;1;gokil banget sih alexis17 hadiah;;;;;;
modal 50k lgsng makswin ; gg parah;1;modal 5 k lgsng makswin gg parah;;;;;;
top markotop dah pelayanan 𝑨𝑳𝑬𝑿𝑰𝑺17 .;1;top markotop dah layan alexis17;;;;;;;
Kirain bakal lebih baik dari Jokowi; ternyata lebih buruk 😅😅😅;0;kirain bakal lebih baik jokowi nyata lebih buruk sweat smile sweat smile sweat smile;;;;;;
Ga akan bisa kyknya... Ferry mah too far to copied 😂😂;0;ga kyknya ferry mah too far to copied joy joy;;;;;;;
gak nyangka menang а𝘎𝙐𝙎𝐓ot𝑂 ; auto party !;1;gak nyangka menang agustoto auto party;;;;;;
nice banget;0;nice banget;;;;;;;
jepey gmpng banget 𝐒𝐆𝐈𝟖𝟖;1;jepey gmpng banget sgi88;;;;;;;
modal alexis17 bermanfaat .;1;modal alexis17 manfaat;;;;;;;
alexis 17 emang ga main-main keamanan data member;1;alexis emang ga main main aman data member;;;;;;;
"Berjuta kali bapa presiden menjawab ""yakan""";0;juta kali bapa presiden jawab yakan;;;;;;;
9:28 motor oss dete sikat bang ziko modif motor jadi ngabers juga😂;0;motor oss dete sikat bang ziko modif motor jadi ngabers joy;;;;;;;
Class bos🚩 𝗪𝗘𝗧𝗢𝗡𝟴𝟴🚩 gak ribet depo cepat dan wd lancar;1;class bos triangular flag on post weton88 triangular flag on post gak ribet depo cepat wd lancar;;;;;;;
duh gimana yah;0;duh gimana yah;;;;;;;
Ga ada mercy ya di IIMS;0;ga mercy iims;;;;;;;
KIA KOREAN INTERNATIONAL AUTOMOTIVE;0;kia korean international automotive;;;;;;;
Indonesia belum siap;0;indonesia siap;;;;;;;
BELA DIRI TEROOOSSSS!!!;;;;;;;;;
Menteri tinggal maju ke raja wkwk;0;menteri tinggal maju raja wkwk;;;;;;;
𝘈𝙓𝐿𝟽77 menawarkan pendekatan yang berbeda untuk keterlibatan daring.;1;axl777 tawar dekat beda libat daring;;;;;;;
Sukses terus sehat selalu om Fitra Eri & om Mobi;0;sukses terus sehat selalu om fitra eri om mob;;;;;;;
gimana pakainya si 𝘼𝙇𝙀𝙓𝙄𝙎17 ? fix .;1;gimana pakai si alexis17 fix;;;;;;;
emang gak se-seru alexis17 deh .;1;emang gak se seru alexis17 deh;;;;;;;
Masih mending nonton tiktok...😅😅;0;mending nonton tiktok sweat smile sweat smile;;;;;;;
 @edwardwibowo6788  yg demo nurunin ahok kan elu bang 🤣🤣;0;edwardwibowo6788 yg demo nurunin ahok kan elu bang rofl rofl;;;;;;;
Sabar lh dngn pilhan mu😂😂;0;sabar lh dngn pilhan mu joy joy;;;;;;;
Wahhhh lord kami akhirnya.. btp😂😂😂😂;0;wahhhh lord akhir btp joy joy joy joy;;;;;;;
weton88 is the best;1;weton88 is the best;;;;;;;
suka strada old;1;suka strada old;;;;;;;
Sangat Menginspirasi jalur cepat jadi wapres;;;;0;sangat inspirasi jalur cepat jadi wapres;;;;
Nunggu bang david review honor 200 pro;0;nunggu bang david review honor pro;;;;;;;
 @faa3457-k9l  santai wae...kok koe sewot......;0;faa3457 k9l santai wae kok koe sewot;;;;;;;
lmao; how much they paid you?;0;lmao how much they paid you;;;;;;
Pelayanan D 𝘖 Я 𝘼 𝟳 𝟳 super ramah; puas banget! 🔆;1;layan do a77 super ramah puas banget high brightness;;;;;;
untung pas itu ga pilih prabowo... ga punya dosa aku ke negara ini 😅😅;0;untung pas ga pilih prabowo ga punya dosa aku negara sweat smile sweat smile;;;;;;;
biarkan ada kutub dengan begitu masyarakat ada pilihan.;0;biar kutub masyarakat pilih;;;;;;;
Akhirnya yg di tunggu2😁 𝗪𝗘𝗧𝗢𝗡𝟴𝟴;1;akhir yg tunggu2 grin weton88;;;;;;;
Semua orang bilang ALEXIS⭐17⭐ tuh bener-bener ngebantu finansial.;1;semua orang bilang alexis star star tuh bener bener ngebantu finansial;;;;;;;
obrolan yang sangat menyenangkan; tapi tidak untuk sebagian kalangan 😅;0;obrol sangat senang bagi kalang sweat smile;;;;;;
ngelag ? ! wd ? jalan ! alexis 17 emang top .;1;ngelag wd jalan alexis emang top;;;;;;;
jujur klo main mending 𝐒𝐆𝐈𝟖𝟖 bang;1;jujur klo main mending sgi88 bang;;;;;;;
Mamang Bim; maen ke Sport centernya Dewa United mang..;0;mamang bim maen sport centernya dewa united mang;;;;;;
ALEXIS-17☯ emang ga ada matinya; tiap hari makin rame aja;1;alexis yin emang ga mati tiap hari makin rame aja;;;;;;
seru banget ; hasilnya dugaan;1;seru banget hasil duga;;;;;;
Semoga rezeki dari 𝐃𝑂𝙍𝘈𝟩𝟩membawa berkah dan manfaat bagi sesama umat manusia!;1;moga rezeki dora77membawa berkah manfaat sama umat manusia;;;;;;;
 @pebriyandwip5830  apa contoh nya?;0;pebriyandwip583 apa contoh nya;;;;;;;
petir merah gates bikin mekswin;1;petir merah gates bikin mekswin;;;;;;;
Tim yang langsung NGIMPI☝️;0;tim langsung ngimpi point up;;;;;;;
 @angeliart_  hehehe ini mah buzzer 🤣;0;angeliart hehehe mah buzzer rofl;;;;;;;
Ubur ubur ikan lele mas Wahid dadi bakul bus;0;ubur ubur ikan lele mas wahid dadi bakul bus;;;;;;;
06:30 P U L A U W I N bahaya buat orang ketagihan;1;pulauwin bahaya buat orang tagih;;;;;;;
Emang dia paham pak😂😂?..;0;emang paham pak joy joy;;;;;;;
Poin solutifnya sembunyikan dislike....;0;poin solutifnya sembunyi dislike;;;;;;;
mantap nih mas;0;mantap nih mas;;;;;;;
ada mobil ngebul ga disono😹;0;mobil ngebul ga sono joy cat;;;;;;;
24:22 hikaru ngeliat magnus blunderrr wkwk;0;hikaru ngeliat magnus blunderrr wkwk;;;;;;;
Fufufafa pride❤😂;0;fufufafa pride heart joy;;;;;;;
Kayaknyq mqs Ismail terlalu berlebihan dah;0;kayaknyq mqs ismail terlalu lebih dah;;;;;;;
Mode ngeri huawei;0;mode ngeri huawei;;;;;;;
tunggu tunggu salam jepe 𝗦𝗚𝗜𝟴𝟴;1;tunggu tunggu salam jepe sgi88;;;;;;;
mantap bener bg bermain di 👍 𝗪𝗘𝗧𝗢𝗡𝟴𝟴 👌  ; dari dini sampe dikala ini belum luang rungkad bermain di sini. mau bermain game apa aja pasti di kasih naik saldonya; pokoknya mantap lah;1;mantap bener bg main thumbsup weton88 hand dini sampe kala luang rungkad main sini mau main game apa aja kasih naik saldo pokok mantap lah;;;;;
Lah jika naif kenapa kau pilih partai dan mendukung nya.;0;lah naif kau pilih partai dukung nya;;;;;;;
PLECIDEN OMON-OMON 😅;0;pleciden omon omon sweat smile;;;;;;;
maen auto jepe ; gg banget;1;maen auto jepe gg banget;;;;;;
Gubernur terbaik yg pernah ada;0;gubernur baik yg pernah;;;;;;;
Fokus nonton video❌;;;;;;;;;
eh bro ; alexis17 ! event spesial nih ; hadiahnya rumah mewah;1;eh bro alexis17 event spesial nih hadiah rumah mewah;;;;;
jalan2 keluar negeri tapi ga bisa bahasa inggris 🤣;0;jalan2 keluar negeri ga bahasa inggris rofl;;;;;;;
Subaru nya mana ya;0;subaru nya mana;;;;;;;
alexis17 ! tuh emang ngerti kebutuhan membernya ; kasih hadiah;1;alexis17 tuh emang ngerti butuh membernya kasih hadiah;;;;;;
stuck di jaman orba bgst;0;stuck jaman orba bgst;;;;;;;
Duh 3 jam nonton ... ternyata kosong ... level presiden loh ini;0;duh jam nonton nyata kosong level presiden loh;;;;;;;
Kan emang anggaran perbaikan jalan 0 rupiah di tahun 2025 ini😂;0;kan emang anggar baik jalan rupiah tahun joy;;;;;;;
Ini yg di belah organnya di kamboja kaburrr yok bisaaa;0;yg belah organ kamboja kaburrr yok bisaaa;;;;;;;
alexis17 ! bikin gue sultan sebulan ; modal 100rb;1;alexis17 bikin gue sultan bulan modal 1 rb;;;;;;
Buzzer jokowi​ @HKumis ;0;buzzer jokowi hkumis;;;;;;;
Tim yg beli doang gak nonton;0;tim yg beli doang gak nonton;;;;;;;
Keberuntungan besar bikin aku makin semangat main lagi di 𝘿ORA𝟽𝟩!;1;untung besar bikin aku makin semangat main dora77;;;;;;;
keberuntungan bikin semangat main alexis17;1;untung bikin semangat main alexis17;;;;;;;
bingung mau komen apa... engak sabar  nunggu 5 tahun lagi;0;bingung mau komen apa engak sabar nunggu tahun;;;;;;;
wih ada G63 tuh di menit 28:44. keren;0;wih g63 tuh menit keren;;;;;;;
Update mobil s15 mu mana bang udh kangen kagak liat;0;update mobil s15 mu mana bang udh kangen kagak liat;;;;;;;
janganlah khawatir Hal apa yang orang lain pikirkan. yang amat berarti ialah apa yang kamu pikirkan Hal dirimu sendiri!!! mandalika77 mulanya gk percaya sih;; cocok di buktiin memanglah luar umum website ini gacirnya;1;jangan khawatir apa orang pikir arti ialah apa kamu pikir diri sendiri mandalika77 mula gk percaya sih cocok buktiin memang luar umum website gacirnya;;;;;
Velg nya ke pakai semua  jadi nya copot dulu dari brz 😂;0;velg nya pakai semua jadi nya copot dulu brz joy;;;;;;;
temen gue bilang alexis17 tuh bikin nagih parah !;1;temen gue bilang alexis17 tuh bikin nagih parah;;;;;;;
selera dipo mah......emang g pernah salah......;0;selera dipo mah emang g pernah salah;;;;;;;
crashh noooo;0;crashh noooo;;;;;;;
Narkoba presiden bersihkan oknum2;0;narkoba presiden sih oknum2;;;;;;;
Masa sih?😋;0;masa sih yum;;;;;;;
ＭΛＮDALIKΛ𝟟𝟟 aku cba; jepe gede lngsg;1;mlndalikl77 aku cba jepe gede lngsg;;;;;;
gilaa berubah dratis cok main;1;gilaa ubah drat cok main;;;;;;;
Baru coba; lgsng makswin;1;baru coba lgsng makswin;;;;;;
Ji; pernah ngak e nyesel...pernah bela di pihak yg eng ing eng?;0;ji pernah ngak e nyesel pernah bela pihak yg eng ing eng;;;;;;
GASSS AND GOODLUCK MAS DIPO!;0;gasss and goodluck mas dipo;;;;;;;
main aman hasil ? jawabannya 𝗣 𝗟 𝗨 𝗧 𝗢 𝟴 𝟴;1;main aman hasil jawab pluto88;;;;;;;
Makanya bikin pertanyan to the point 😂;0;makanya bikin pertanyan to the point joy;;;;;;;
Dahlah Pesona memang sudah jodoh dengan laksana👌;0;dah pesona memang jodoh laksana hand;;;;;;;
Sekitaran tangerang raya ada outlet resmi erspo ga taunya yg disenayan;0;sekitar tangerang raya outlet resmi erspo ga tau yg disenayan;;;;;;;
sayangnya chipset masih ampas;0;sayang chipset ampas;;;;;;;
Ini lebih 0 doang bang 1 biji 😂;0;lebih doang bang biji joy;;;;;;;
𝐒𝐆𝐈𝟖𝟖 bikin maxwin gampang;1;sgi88 bikin maxwin gampang;;;;;;;
Emang pak wapres kita ngerti dengan cara pola pikir anda?;0;emang pak wapres ngerti cara pola pikir;;;;;;;
Saya ka wkwk;0;ka wkwk;;;;;;;
05:35 weton88 ngadu nasib wkwkw;1;weton88 ngadu nasib wkwkw;;;;;;;
Jangan ngimpi beli dong;0;jangan ngimpi beli dong;;;;;;;
Youtube indonesia keserang bot judol;0;youtube indonesia serang bot judol;;;;;;;
alexis17 ; tuh emang bener-bener beda sih ; rtpnya tertinggi pasaran;1;alexis17 tuh emang bener bener beda sih rtpnya tinggi pasar;;;;;
Mnding main balap tamiya bran;0;mnding main balap tamiya bran;;;;;;;
 @retnowulandari1737  ya begitu dah;0;retnowulandari1737 dah;;;;;;;
14:57 bang itu wilayah mu di kencingin bang;0;bang wilayah mu kencingin bang;;;;;;;
bang pandji kacau bener mainnya catur.wkwkwk;0;bang pandji kacau bener main catur wkwkwk;;;;;;;
​ @ruangkarsa di sektor mana belum bisa nanding android ?? Pasti jumlah apps😅;0;ruangkarsa sektor mana nanding android jumlah apps sweat smile;;;;;;;
ini mah bukan mobil; ini MOOWWWWBIIIIILLLLL;0;mah bukan mobil moowwwwbiiiiilllll;;;;;;
gak kecewa main λ l e x i s 1 7 ; ; slt on fire !;1;gak kecewa main llexis17 slt on fire;;;;;
main pola ̠𝘼𝙇𝙀𝙓𝙄𝙎17 keren abis ! .;1;main pola alexis17 keren abis;;;;;;;
maaf terlambat bang semangat ya salam 𝐒𝐆𝐈𝟖𝟖 ! gampang jepe;1;maaf lambat bang semangat salam sgi88 gampang jepe;;;;;;;
𝓟𝓤𝓛𝓐𝓤𝓦𝓘𝓝 orang sih ?;1;pulauwin orang sih;;;;;;;
Pernah pakai huawei zaman huawei jiplak blackberry 😊😊;0;pernah pakai huawei zaman huawei jiplak blackberry blush blush;;;;;;;
Wajib review supra sih menurut gua; keren banget soalnya;0;wajib review supra sih gua keren banget soal;;;;;;
D𝐎𝐑𝐀𝟽𝟩 gacor; auto win;1;dora77 gacor auto win;;;;;;
ok min ; 𝐒𝐆𝐈𝟖𝟖;1;min sgi88;;;;;;
Avatar The Way of Water ; 3jam bro jelas arah nya;0;avatar the way of water 3jam bro jelas arah nya;;;;;;
itu si rian doyan banget main di ᗩᗷGᗯIᑎ sampe kebeli motor;1;si rian doyan banget main bokuggooiti sampe kebel motor;;;;;;;
alexis17 ! emang ga duanya ; pelayanan super kilat ; wd lancar;1;alexis17 emang ga dua layan super kilat wd lancar;;;;;
Wuling confero dan Cortez udh hilang ya? 🙄🙄;0;wuling confero cortez udh hilang rolling eyes rolling eyes;;;;;;;
Wakakakkkkkkkk😂;0;wakakakkkkkkkk joy;;;;;;;
Ga bisa;m;0;ga m;;;;;;
Anjir udh serius; asik; tiba2 skakmat wkwkwkkw anjer wkwkkw 😂😂😂😂;0;anjir udh serius asik tiba2 skakmat wkwkwkkw anjer wkwkkw joy joy joy joy;;;;;
Nonton pake Huawei Nova 5T 😅😅;0;nonton pake huawei nova 5t sweat smile sweat smile;;;;;;;
garing banget promosinya;1;garing banget promosi;;;;;;;
Menyala abangkuuhhh🎉🎉🎉🎉;0;nyala abangkuuhhh tada tada tada tada;;;;;;;
gini contoh sdm rendah;;nggak ngerti isi pembicaraan presiden;0;gin contoh sdm rendah ngerti isi bicara presiden;;;;;
kaga di sebut tuh 15.29;0;kaga sebut tuh;;;;;;;
dimana mulu heran gue;0;mulu heran gue;;;;;;;
duaratus jeder ; ✦𝗠etrowin𝟴𝟴✦ sultan gacur !;1;duaratus jeder metrowin88 sultan gacur;;;;;;
Mobil nya keren spek mantap buat drifting;0;mobil nya keren spek mantap buat drifting;;;;;;;
gak pusing mikirin biaya pendidikan kalo udah join alexis17 .;1;gak pusing mikirin biaya didik kalo udah join alexis17;;;;;;;
terima kasih sudah nonton mas;0;terima kasih nonton mas;;;;;;;
Nade bang mbois ilakes;0;nade bang mbois ilakes;;;;;;;
dosen terbaik jakarta keren;0;dosen baik jakarta keren;;;;;;;
Org mendang mending mikir 100x;0;org dang mending mikir 1 x;;;;;;;
Wah; seru banget nih main di mandalika77 Modal 100 bisa menang banyak; gac0rnya diluar dugaan.;1;wah seru banget nih main mandalika77 modal menang banyak gac rnya luar duga;;;;;
Alhamdulillah..;0;alhamdulillah;;;;;;;
si zaki wedey k o i s l o t ; membeli rumah tanah hasil wedey .;1;si zaki wedey koislot beli rumah tanah hasil wedey;;;;;;
50 juta ajaa;0;juta ajaa;;;;;;;
Gila asli mentok kanan banget ini mobil beuh;0;gila asli mentok kanan banget mobil beuh;;;;;;;
How To Purchase In India Help Please;0;how to purchase in india help please;;;;;;;
Ngeri.kesenggol jatuhnya pas lg dibuka.patah.gmna rasanya y...;0;ngeri senggol jatuh pas lg buka patah gmna rasa y;;;;;;;
alexis'17 jackpot gampang banget ; gk percaya ..;1;alexis jackpot gampang banget gk percaya;;;;;;
Salfok sama kerahnya yang tinggi sebelah;0;salfok sama kerah tinggi belah;;;;;;;
orang bilang alexis17 tuh bener-bener ngubah nasib .;1;orang bilang alexis17 tuh bener bener ngubah nasib;;;;;;;
swert bonanja gacir ; mntp;1;swert bonanja gacir mntp;;;;;;
alexis17 ; udah denger bikin penasaran;1;alexis17 udah denger bikin penasaran;;;;;;
semoga beliau diberi jalan oleh yg diatas;0;moga beliau beri jalan yg atas;;;;;;;
Di belakang ada jaecoo j8 yg 7 seater;0;belakang jaecoo j8 yg seater;;;;;;;
alexis'17 cba maen ; jekpot gede;1;alexis cba maen jekpot gede;;;;;;
Ngejostenan👍👍👍;0;ngejostenan thumbsup thumbsup thumbsup;;;;;;;
Main santai di 𝘈𝘎𝑈𝙎𝘛𝙊𝐓O;eh malah dapet jakpot besar! Gak mau ketinggalan lagi!;1;main santai agustoto eh malah dapet jakpot besar gak mau tinggal;;;;;;
Haduhhhh mending jangan;0;haduhhhh mending jangan;;;;;;;
Bener benar gelapppppp;0;bener benar gelapppppp;;;;;;;
47:23 Om Mobi's Epic Moment;0;om mob s epic moment;;;;;;;
Mas coba ngerivil mobilnya along fazreen;0;mas coba ngerivil mobil along fazreen;;;;;;;
​ @AdnanSaputra-f1c  Emang omon²; gak ada tindakan nyata 😂;0;adnansaputra f1c emang omon2 gak tindak nyata joy;;;;;;
promo depositnya bikin hoki;1;promo deposit bikin hoki;;;;;;;
gachor banget di 𝘋𝐄𝘞𝐀𝐃O𝐑𝘈!;1;gachor banget dewadora;;;;;;;
Up Up Up.....aku juga baru coba bang!! gacir juga sltnya ya di  mandalika77  ; pantes rame kali yang comment. hahaha..;1;up up up aku baru coba bang gacir sltnya mandalika77 pantes rame kali comment hahaha;;;;;;
Buru buru soalnya jumat mau up crosstrek;0;buru buru soal jumat mau up crosstrek;;;;;;;
🔥ＡＬＥＸＩＳ１７🔥 Tempatnya hoki terus. Gaskeun!;1;fire alexis17 fire tempat hoki terus gaskeun;;;;;;;
𝐏 𝐋 𝐔 𝐓 𝐎 𝟖 𝟖 .. modal hasil maksimal;1;pluto88 modal hasil maksimal;;;;;;;
Mengingatkan pada ken block;0;ingat ken block;;;;;;;
dapet perek uzbek 5 biji itu;0;dapet perek uzbek biji;;;;;;;
Pengen banget liat honda CS1 di modif adventure ala ala @AtenxKatros;0;ken banget liat honda cs1 modif adventure ala ala atenxkatros;;;;;;;
beli langsung 3 😂;0;beli langsung joy;;;;;;;
Itu 86 nya kayak kenal; punya Akang MV kan bang?;0;nya kayak kenal punya akang mv kan bang;;;;;;
20:45 gak sabar liat mobil ini brziko tandem sama mobil ini;0;gak sabar liat mobil brziko tandem sama mobil;;;;;;;
Ketauan bgt nih Panji... Jgn malu2in lah Bang Pandji;0;tau bgt nih panji jgn malu2in lah bang pandji;;;;;;;
Promosi apaan sih ni?;0;promosi apa sih ni;;;;;;;
Oo yang punya mobil anaknya ahmad syahroni??;0;oo punya mobil anak ahmad syahroni;;;;;;;
buset 𝘼𝙇𝙀𝙓𝙄𝙎17 semudah yah .;1;buset alexis17 mudah yah;;;;;;;
alexis17 ; tuh emang ngerti kebutuhan membernya ; kasih surprise bonus;1;alexis17 tuh emang ngerti butuh membernya kasih surprise bonus;;;;;
Knp di ban google bang?;0;knp ban google bang;;;;;;;
𝐃𝘖R𝐀𝟽𝟩; cuan gampang mulu;1;dora77 cuan gampang mulu;;;;;;
modal receh ; lgsng mekswin gg;1;modal receh lgsng mekswin gg;;;;;;
Kapan terakhir ikut 212 Pak?;0;kapan akhir ikut pak;;;;;;;
​ @radityasans iya LG 😅 muter-muter;0;radityasans iya lg sweat smile muter muter;;;;;;;
Emang kamu tahu apa yg kamu omongin? Wapres zonk;0;emang kamu tahu apa yg kamu omongin wapres zonk;;;;;;;
𝘼𝙇𝙀𝙓𝙄𝙎17 aman gak sih ? tau ?;1;alexis17 aman gak sih tau;;;;;;;
ＭΛＮDALIKΛ𝟟𝟟 emang is the best! JP-nya bikin mata terbelalak! 😫 😤;1;mlndalikl77 emang is the best jp nya bikin mata belalak tired face triumph;;;;;;;
cuan tuh gak serius-serius ; tau pu lau tujuh tujuh tujuh .;1;cuan tuh gak serius serius tau pu lau tujuh tujuh tujuh;;;;;;
sehari join alexis17 ; gue udah dapet cuan dp rumah !;1;hari join alexis17 gue udah dapet cuan dp rumah;;;;;;
jepe kali maen ; lgsng suka;1;jepe kali maen lgsng suka;;;;;;
gak kecewa main λlexis17 ; ; slt on fire !;1;gak kecewa main llexis17 slt on fire;;;;;
𝗣 𝗟 𝗨 𝗧 𝗢 𝟴 𝟴 sukses bawa pengalaman main berkelas;1;pluto88 sukses bawa alam main kelas;;;;;;;
Alahh udah kayak paling sedunia ajaa;0;alahh udah kayak paling dunia ajaa;;;;;;;
Kesini cuma mau baca komen netijeenn;0;kesini cuma mau baca komen netijeenn;;;;;;;
Apa yang perlu di petik;0;apa perlu petik;;;;;;;
Luar biasa orang baik.berkah selalu buat kalian semoga rejekix berlipat ganda.dan slalu di berikan kesehatan. mandalika77 emang top;1;luar biasa orang baik berkah selalu buat kalian moga rejekix lipat ganda slalu ikan sehat mandalika77 emang top;;;;;;;
 @Quickster_Max  sama qualcomm snapdragon jauh juga;0;quickster max sama qualcomm snapdragon jauh;;;;;;;
 @nathankirt376  waduh; extratime itu kayanya ka;0;nathankirt376 waduh extratime kaya ka;;;;;;
sih diliat;0;sih liat;;;;;;;
kejadian paling lucu pas skak mati🤣🤣🤣;0;jadi paling lucu pas skak mati rofl rofl rofl;;;;;;;
Kalau boleh kasih masukan; ngetik dulu yg bener;0;kalau kasih masuk ngetik dulu yg bener;;;;;;
gue udah cobain platform ; alexis17 ! gampang maxwinnya;1;gue udah cobain platform alexis17 gampang maxwinnya;;;;;;
gak lama-lama ; langsung gacir ! 𝐀𝐆u𝙎𝘛𝐎𝑇o-rezeki diduga !;1;gak lama lama langsung gacir agustoto rezeki duga;;;;;;
Wow.....pantas ;untuk diperhitungkan..!!!;0;wow pantas hitung;;;;;;
wkwkw aneh yak liatnya?;0;wkwkw aneh yak liat;;;;;;;
Wkwkkwwkk.... emang bener 11/100;0;wkwkkwwkk emang bener;;;;;;;
𝘼𝙇𝙀𝙓𝙄𝙎17 sih ? heboh banget ? .;1;alexis17 sih heboh banget;;;;;;;
alexis17 ! tuh emang bener-bener beda sih ; rtpnya super;1;alexis17 tuh emang bener bener beda sih rtpnya super;;;;;;
hari jumat gada video nih;0;hari jumat gada video nih;;;;;;;
gue pengen asistennya bilal asmek;0;gue ken asisten bilal asmek;;;;;;;
Esia hidayah nyimak;0;esia hidayah nyimak;;;;;;;
jepe brusan gates ; auto wede;1;jepe brusan gates auto wede;;;;;;
gak ngalahin benefit main alexis17 .;1;gak ngalahin benefit main alexis17;;;;;;;
Untuk selanjutnya si FUFUFAFA yg akan di ajak diskusi;0;lanjut si fufufafa yg ajak diskusi;;;;;;;
9:31 Gassskaaan Bang; Ziko Ngaber 😂;0;gassskaaan bang ziko ngaber joy;;;;;;
Hahahahaha..... 😂😂😂😂;;;;;;;;;
jepe ; wede gampang banget;1;jepe wede gampang banget;;;;;;
Ijin like❌;;;;;;;;;
bro alexis17 ; ngadain giveaway nih ; hadiahnya motor sport terbaru;1;bro alexis17 ngadain giveaway nih hadiah motor sport baru;;;;;
Test dong isi full bensin dan listrik; bisa tempuh brp km aktualnya.;0;test dong isi full bensin listrik tempuh brp km aktual;;;;;;
terbaik kak ; salam 𝐒𝐆𝐈𝟖𝟖;1;baik kak salam sgi88;;;;;;
Mulai hari dengan kesempatan baru di 🅱️UK𝐼𝑇 ８8𝟴;1;mulai hari sempat baru bukit;;;;;;;
semangat bosqu ; terbaik λ l e x i s 1 7 ;;1;semangat bosqu baik llexis17;;;;;
Cinematic GD emang paling gokil abis anjir 🔥🔥🔥;0;cinematic gd emang paling gokil abis anjir fire fire fire;;;;;;;
alexis17 pelunas utang gw cok wkwkwkwk;1;alexis17 lunas utang gw cok wkwkwkwk;;;;;;;
terimakasih upload bg ; sibuk𝗪𝗘𝗧𝗢𝗡𝟴𝟴;1;terimakasih upload bg sibukweton88;;;;;;
15:29 apa an tu  🗿🗿🗿;0;apa an tu moyai moyai moyai;;;;;;;
pelayanan 𝑨𝑳𝑬𝑿𝑰𝑺17 cepet banget sih .;1;layan alexis17 cepet banget sih;;;;;;;
D 𝐎 𝘙 A 7 7 cuan banget;1;dora77 cuan banget;;;;;;;
 @gokil_2466  lah trus manggut2 dengan raut muka gitu tanda apa ?;0;gokil 2466 lah trus manggut2 raut muka gitu tanda apa;;;;;;;
ngopi muter digaruda hoki manteeb bat;1;ngopi muter garuda hoki manteeb bat;;;;;;;
You spit fire bro🔥🔥🔥;0;you spit fire bro fire fire fire;;;;;;;
"15:29 : harusnya pake backsound ""eeeeeee A e e e e Aaaaaa""";0;harus pake backsound eeeeeee aeeee aaaaaa;;;;;;;
wd gampang banget ; nggak pake ribet;1;wd gampang banget pake ribet;;;;;;
ketinggalan cuan ; gaskeun pu lau tujuh tujuh tujuh .;1;tinggal cuan gaskeun pu lau tujuh tujuh tujuh;;;;;;
lambo lbwk?;0;lambo lbwk;;;;;;;
terakhir gw main P U L A U W I N sih dikasih menang ya;1;akhir gw main pulauwin sih kasih menang;;;;;;;
game-nya gacir ; sketer nggak prnh zonk;1;game nya gacir sketer prnh zonk;;;;;;
Deg-degan banget nunggu JP di MANDALIKA-77-; akhirnya pecah juga!;1;deg degan banget nunggu jp mandalika akhir pecah;;;;;;
1 jt views maka 1 jt calon pembeli;0;jt views jt calon beli;;;;;;;
Izin nanya;alasan kaum 58 pilih pak Prabowo apa ya?😢;0;izin nanya alas kaum pilih pak prabowo apa cry;;;;;;
sebulan main alexis17 ; hidup gue berubah 360 derajat !;1;bulan main alexis17 hidup gue ubah derajat;;;;;;
gak gelar sarjana menang alexis17 .;1;gak gelar sarjana menang alexis17;;;;;;;
Info kak gua juga mau kabur dulu wkwk;0;info kak gua mau kabur dulu wkwk;;;;;;;
ha​r​i auto gicir happy;1;hari auto gicir happy;;;;;;;
🔥ＡＬＥＸＩＳ１７🔥 Jadi tempat pelarian paling asik. Beneran asik banget!;1;fire alexis17 fire jadi tempat lari paling asik beneran asik banget;;;;;;;
kereen sumpah ikut bangga;0;kereen sumpah ikut bangga;;;;;;;
Nyambung ngga sih😂;0;nyambung ngga sih joy;;;;;;;
alexis'17 cba maen ; jekpot gede;1;alexis cba maen jekpot gede;;;;;;
gak skill khusus sukses alexis17 .;1;gak skill khusus sukses alexis17;;;;;;;
Beli mas Jeje langsung siksa di jalur offroad hehe....;0;beli mas jeje langsung siksa jalur offroad hehe;;;;;;;
alexis'17 perhatian . lihat ditawarkannya .;1;alexis perhati lihat tawar;;;;;;;
Akhirnyaaaaaa🎉;0;akhirnyaaaaaa tada;;;;;;;
𝘼𝙇𝙀𝙓𝙄𝙎17 emang daun banget ; gila sih . sih ?;1;alexis17 emang daun banget gila sih sih;;;;;;
ini tugas kuliah ya?;0;tugas kuliah;;;;;;;
keren banget bang dipo 😱tapi lebih keren bumper depan di sangarin lagi;0;keren banget bang dipo scream lebih keren bumper depan sangarin;;;;;;;
Garasi drift...keren bnget.;0;garasi drift keren bnget;;;;;;;
untung aja dikasih menang sama P U L A U W I N jadi bisa bayar kontrakan;1;untung aja kasih menang sama pulauwin jadi bayar kontra;;;;;;;
𝘼 E 𝐑 𝙊 𝟾 8menawarkan pendekatan kolaboratif dan berbasis komunitas. 🥜;1;aero8 8menawarkan dekat kolaboratif bas komunitas peanuts;;;;;;;
Ber tele tele;0;ber tele tele;;;;;;;
Terharu denger Pak Ahok. Thank you Bang Pandji buat sesinyaa;0;haru denger pak ahok thank you bang pandji buat sesinyaa;;;;;;;
Tempo gak ada?;0;tempo gak;;;;;;;
Bau bau pildun wkwk😂😅;;;;;;;;;
 @IsmailAdrian-f2e  tahu apa? Tahu bulat??;0;ismailadrian f2e tahu apa tahu bulat;;;;;;;
Keren banget bang;0;keren banget bang;;;;;;;
Pendukung Anies tapi suka pak ahok >>>>;0;dukung anies suka pak ahok;;;;;;;
Ga bisa dirubah tapi masih bisa diturunkan dari jabatannya;0;ga rubah turun jabat;;;;;;;
Ga mungkin si 😂ini aja pasti banyak cut;0;ga mungkin si joy aja banyak cut;;;;;;;
susah bro banyak kadrun ga setuju;0;susah bro banyak kadrun ga tuju;;;;;;;
𝘼𝙇𝙀𝙓𝙄𝙎17 tergacor .;1;alexis17 tergacor;;;;;;;
seminggu main alexis17 ; gue udah bayar cicilan rumah !;1;minggu main alexis17 gue udah bayar cicil rumah;;;;;;
​@AdnanSaputra-f1c  Sdm rendah ya bgini..atau jngan buzeer..;0;adnansaputra f1c sdm rendah bgini jngan buzeer;;;;;;;
ini yg punya gus itu ya?;0;yg punya gus;;;;;;;
Replikanya aja keren ya bang apa lagi yang original nya ya bang😂😂😂;0;replika aja keren bang apa original nya bang joy joy joy;;;;;;;
waktunya yapping;0;waktu yapping;;;;;;;
omong opo bran gibran;0;omong opo bran gibran;;;;;;;
Krn jubir kepresidenannya ga berfungsi & komunikasinya buruk;0;krn jubir presiden ga fungsi komunikasi buruk;;;;;;;
HAHAHAHAHAHAHAHAHAHAHAHA;0;hahahahahahahahahahahaha;;;;;;;
Lah iya yah biasanya Jumat sore;0;lah iya yah biasa jumat sore;;;;;;;
Kurang satu nih personilnya;0;kurang satu nih personilnya;;;;;;;
​ @Ser_Lakon Yg ngaco itu lhu..;0;ser lakon yg ngaco lhu;;;;;;;
Beda level huawei jauh di atas brand  comfortzone yg lain;0;beda level huawei jauh atas brand comfortzone yg;;;;;;;
udah langsung main di mandalika77 bang udah terjamin gacir banget zeusnya wkwkkwwk;1;udah langsung main mandalika77 bang udah jamin gacir banget zeusnya wkwkkwwk;;;;;;;
Inilah pentingnya harus  membiasakan baca buku bukan baca teks😂;0;ini penting biasa baca buku bukan baca teks joy;;;;;;;
situs kasih sketer;1;situs kasih sketer;;;;;;;
Wede aman; sketer sering keluar banget;1;wede aman sketer sering keluar banget;;;;;;
sebulan main alexis17 ; gue udah liburan raja ampat !;1;bulan main alexis17 gue udah libur raja ampat;;;;;;
Gk bakal ilang si kecuali kiamat;0;gk bakal ilang si kiamat;;;;;;;
"50 juta cuman di bilang "" AJA "" 😂😂";0;juta cuman bilang aja joy joy;;;;;;;
Kaya denger kake gw cerita pas lebaran..:hand-orange-covering-eyes:;0;kaya denger kake gw cerita pas lebaran hand orange covering eyes;;;;;;;
Bonus dari paman dan bapak;0;bonus paman bapak;;;;;;;
tempo kaga di ajak anjayyy😂;0;tempo kaga ajak anjayyy joy;;;;;;;
@ mainset apaan dah zer buzzer? sibuk amat jawabin satu2 wkwk;0;mainset apa dah zer buzzer sibuk jawabin satu2 wkwk;;;;;;;
SIAPAPUN TOLONG RANGKUMIN; AKU NYERAH NONTONNYA;0;siapa rangkumin aku nyerah nontonnya;;;;;;
alexis17 ! emang top dah ; ga bikin kecewa jaman batu sampe;1;alexis17 emang top dah ga bikin kecewa jaman batu sampe;;;;;;
𝖒𝖆𝖓𝖉𝖆𝖑𝖎k𝖆77 itu tempatnya para jagoan judi; jadi lu nggak cuma main; tapi juga bisa belajar dari yang pro!;1;mandalika77 tempat jago judi jadi lu cuma main ajar pro;;;;;
mio sih seru;0;mio sih seru;;;;;;;
salut bang keren kontennya ; salam jepe 𝗪𝗘𝗧𝗢𝗡𝟴𝟴;1;salut bang keren konten salam jepe weton88;;;;;;
jepey gmpng banget 𝐒𝐆𝐈𝟖𝟖;1;jepey gmpng banget sgi88;;;;;;;
alexis17 ; tuh emang bener-bener beda ; sistemnya adil;1;alexis17 tuh emang bener bener beda sistem adil;;;;;
​ @AnggoroDps_9 lucu bgt plis argumen lu;0;anggorodps 9 lucu bgt plis argumen lu;;;;;;;
Gue rela ninggalin platform lain demi fokus di ALEXIS⭐17⭐.;1;gue rela ninggalin platform fokus alexis star star;;;;;;;
gila skete​r​ aktif banget ha​r​i;1;gila sketer aktif banget hari;;;;;;;
Mana sih video aslinya;0;mana sih video asli;;;;;;;
Semua orang bilang ALEXIS⭐17⭐ tuh bener-bener bikin ketagihan.;1;semua orang bilang alexis star star tuh bener bener bikin tagih;;;;;;;
⭐𝘼𝙇𝙀𝙓𝙄𝙎17 lagi on fire parah!!.;1;star alexis17 on fire parah;;;;;;;
9:33 gass mas bikin modifikasi motor bosan mobil terus😂;0;gass mas bikin modifikasi motor bosan mobil terus joy;;;;;;;
bro tau ga alexis17 ; udah support bank e-wallet minimal;1;bro tau ga alexis17 udah support bank e wallet minimal;;;;;;
Bang review king Finix note 50 pro+ 5G;0;bang review king finix note pro 5g;;;;;;;
Ayo gess biar mereka gak dpt bonus;0;ayo gess biar gak dpt bonus;;;;;;;
rezeki alexis17 ; makasih keberuntungannya !;1;rezeki alexis17 makasih untung;;;;;;
Wajib coba! ⚡ALEXIS17⚡ emang gak pernah ngecewain!;1;wajib coba zap alexis17 zap emang gak pernah ngecewain;;;;;;;
Paling bisa kasih orang bahagia s1tus ✩░▒▓▆▅▃▂▁𝐌𝐀𝐍𝐃𝐀𝐋𝐈𝐊𝐀𝟕𝟕▁▂▃▅▆▓▒░✩ ini.. padahal pemain baru udah di kasih kemenangan sebanyak ini...;1;paling kasih orang bahagia s1tus mandalika77 padahal main baru udah kasih menang banyak;;;;;;;
🚩𝗪𝗘𝗧𝗢𝗡𝟴𝟴 tempat paling uhuy!;1;triangular flag on post weton88 tempat paling uhuy;;;;;;;
Kan kmren dah soul out mas ke Mario marlin p 006;0;kan kmren dah soul out mas mario marlin p;;;;;;;
salut banget 𝘼𝙇𝙀𝙓𝙄𝙎17 !;1;salut banget alexis17;;;;;;;
Salfok sama rollroyce yg disebelah nya😭;0;salfok sama rollroyce yg belah nya sob;;;;;;;
Hiburan yang bikin happy dan menguntungkan; cuma 𝘈𝘎𝑈𝙎𝘛𝙊𝐓O yang bisa begini!;1;hibur bikin happy untung cuma agustoto begini;;;;;;
Bang review Samsung note 20 ultra yang lagi murah banget di olshop;0;bang review samsung note ultra murah banget olshop;;;;;;;
lebih keren dari BRZ wkkwkwk;0;lebih keren brz wkkwkwk;;;;;;;
Full sponsor😂;0;full sponsor joy;;;;;;;
seru banget main 𝐷e𝐖𝘈𝘋𝑂𝙍𝐴 ; hiburannya seru ; menangnya gacir !;1;seru banget main dewadora hibur seru menang gacir;;;;;
Keren;;;;;;;;;
gue sih udah ga heran kalo alexis17 ; trending instagram;1;gue sih udah ga heran kalo alexis17 trending instagram;;;;;;
Jersey kiper warnanya kuning; udh bnyak kesebar jg kyknya;0;jersey kiper warna kuning udh bnyak sebar jg kyknya;;;;;;
Bang coba bahas hp smangsum s 25 edge;0;bang coba bahas hp smangsum s edge;;;;;;;
pura pura ga liat😂;0;pura pura ga liat joy;;;;;;;
kepo alexis17 ; beruntung !;1;kepo alexis17 untung;;;;;;
 @sandymartono7029  di kek i fakta g trimo wkwk buzzer2;0;sandymartono7 29 kek i fakta g trimo wkwk buzzer2;;;;;;;
Tumben banget😅;0;tumben banget sweat smile;;;;;;;
keren alexis17 gampang kasih maxwin;1;keren alexis17 gampang kasih maxwin;;;;;;;
modal ; untung ; 𝐷оrа𝟩𝟳.mantap banget !;1;modal untung dora77 mantap banget;;;;;
KOSONG BENER;0;kosong bener;;;;;;;
ok min ; weton88;1;min weton88;;;;;;
Udah coba validasi datanya blm pak? Yakin gada gap?;0;udah coba validasi data blm pak yakin gada gap;;;;;;;
orng2 yg beli nih hp udh ga mandang servis nya lagi; rusak ganti baru;0;orng2 yg beli nih hp udh ga mandang servis nya rusak ganti baru;;;;;;
Ini baru aerox tanpa Ngorok; gokill Mr Atenk..;0;baru aerox ngorok gokill mr atenk;;;;;;
torsi nya mas🙏;0;torsi nya mas pray;;;;;;;
Ishowspeed beli 3 kemarin pas ke China 😢😢😢;0;ishowspeed beli kemarin pas china cry cry cry;;;;;;;
aman ? 𝘼𝙇𝙀𝙓𝙄𝙎17 udah teraman ! .;1;aman alexis17 udah ram;;;;;;;
6:07 bukannya mobil koh william itu ya?;0;bukan mobil koh william;;;;;;;
sekali2 coba ─═𝗕𝗘𝗥𝗞𝗔𝗛𝟵𝟵═─ dikasih sensa 1:42;1;sekali2 coba berkah99 kasih sensa;;;;;;;
No HP nya keren.;;;;;;;;;
gue rela begadang sampe pagi alexis17 .;1;gue rela begadang sampe pagi alexis17;;;;;;;
epic moment 𝗪𝗘𝗧𝗢𝗡𝟴𝟴;1;epic moment weton88;;;;;;;
salam kuku ireng;1;salam kuku ireng;;;;;;;
sama saya juga..;0;sama;;;;;;;
Kenapa sya belum bisa liat peluang itu di raut wajah bapak;0;sya liat peluang raut wajah bapak;;;;;;;
Krennnnnnnni🎉🎉🎉🎉🎉;0;krennnnnnnni tada tada tada tada tada;;;;;;;
si paling tau lo ye​ @ebonykkk-x7u ;0;si paling tau lo ye ebonykkk x7u;;;;;;;
epic moment 𝗪𝗘𝗧𝗢𝗡𝟴𝟴;1;epic moment weton88;;;;;;;
tau gitu aja main 𝘼𝙇𝙀𝙓𝙄𝙎17;1;tau gitu aja main alexis17;;;;;;;
✦✦𝐦𝐚𝐧𝐮𝐭𝟖𝟖✦✦berlari mengejar kebahagiaan;1;manut88 lari kejar bahagia;;;;;;;
Belimbing sayur .. ngerti apa ..;0;belimbing sayur ngerti apa;;;;;;;
Aduuuh Pandji Pandji.. Belum ada setengah jam udah mau skak mat 😅;0;aduuuh pandji pandji tengah jam udah mau skak mat sweat smile;;;;;;;
𝐷 𝘖 𝙍 𝐴 𝟽 𝟽 menawarkan pengalaman daring berbeda .;1;dora77 tawar alam daring beda;;;;;;;
bang tolong coba beli hp ip di toko pstore dan Riview;0;bang coba beli hp ip toko pstore riview;;;;;;;
ketahuan ; bilang dо𝘙𝐀 𝟽𝟩 gacir banget !;1;tahu bilang dora gacir banget;;;;;;
bro you tell too many facts and realities;0;bro you tell too many facts and realities;;;;;;;
Om review mobil koenigseg jesko yg baru datang di TDA dong 😅;0;om review mobil koenigseg jesko yg baru datang tda dong sweat smile;;;;;;;
 @angeliart_ buzzer hoam bgt. jangan obvious bgt lah;0;angeliart buzzer hoam bgt jangan obvious bgt lah;;;;;;;
Ngelantur itu otakmu; karena gak bisa nangkep.;0;ngelantur otak gak nangkep;;;;;;
sepertinya ini editan karena jawaban sama pertanyaan ga sesuai🤣;0;seperti edit jawab sama tanya ga sesuai rofl;;;;;;;
wapres ganti AI aja;0;wapres ganti ai aja;;;;;;;
Penonton ke 507;0;tonton;;;;;;;
Jangan tunggu lama! Modal kecil 4:10 bisa jadi besar bareng M𝗮𝘯𝐝𝗮𝑙𝗶𝒌𝐚𝟟𝟳.;1;jangan tunggu lama modal kecil jadi besar bareng mandalika77;;;;;;;
kek 50 jt itu daun aja. Negara uda kere;0;kek jt daun aja negara uda kere;;;;;;;
16:09 masa iya NA pake intercooler😏;0;masa iya na pake intercooler smirk;;;;;;;
sebulan main alexis17 ; gue udah beli furniture !;1;bulan main alexis17 gue udah beli furniture;;;;;;
temen kantor sampe penasaran gue happy — ya 𝓟𝓤𝓛𝓐𝓤𝓦𝓘𝓝 .;1;temen kantor sampe penasaran gue happy pulauwin;;;;;;;
Ayoo jadi ngabers lah😅;0;ayoo jadi ngabers lah sweat smile;;;;;;;
suatu saat gw mau beli. .;0;suatu gw mau beli;;;;;;;
Gox bang karbida;0;gox bang karbida;;;;;;;
Komen basi gini;0;komen basi gin;;;;;;;
Ganteng banget mobilnya mass✨;0;ganteng banget mobil mass sparkles;;;;;;;
Meded pisan bro mantaaaaaapppp 🤟🤟🤟🤟;0;meded pis bro mantaaaaaapppp love you gesture love you gesture love you gesture love you gesture;;;;;;;
 @arcturus1893  Biasa orang tua emang gitu; yang ditanya apa yang dijawab apa;0;arcturus1893 biasa orang tua emang gitu tanya apa jawab apa;;;;;;
MENYALA WIIII 🔥🔥🔥;0;nyala wiiii fire fire fire;;;;;;;
Bang Ziko modif motor langsung Rata kanan pasti😂😂;0;bang ziko modif motor langsung rata kanan joy joy;;;;;;;
Kurang tidur kebanyakan main PS doang;0;kurang tidur banyak main ps doang;;;;;;;
bosen ; rame gara-gara p͎u͎l͎a͎u͎w͎i͎n͎ .;1;bosen rame gara gara pulauwin;;;;;;
Najwa sihab the real MVP tanyanya berbobot jawabanya narkoba 😅 kasihan;0;najwa sihab the real mvp tanya bobot jawabanya narkoba sweat smile kasihan;;;;;;;
orang bilang alexis17 tuh bener-bener asli .;1;orang bilang alexis17 tuh bener bener asli;;;;;;;
berkah rezeki berkat 𝐀h𝑀𝘈𝐃𝐓о𝑇o ; puji syukur !;1;berkah rezeki berkat ahmadtoto puji syukur;;;;;;
gua udah beli tadi;0;gua udah beli tadi;;;;;;;
alexis17 ; tuh emang bener-bener beda sih ; rtpnya tertinggi pasaran;1;alexis17 tuh emang bener bener beda sih rtpnya tinggi pasar;;;;;
terimakasih rekomendasi link gacirnya kakak mandalika77;1;terimakasih rekomendasi link gacirnya kakak mandalika77;;;;;;;
Crosstrek mana bang;0;crosstrek mana bang;;;;;;;
Swert Bonanja gacir pol; puas banget;1;swert bonanja gacir pol puas banget;;;;;;
alexis17 ; tuh emang bener-bener ngubah hidup gue ; susah makmur;1;alexis17 tuh emang bener bener ngubah hidup gue susah makmur;;;;;
Dan aakhirnya david jajal huaweiiii 🥰😍;0;aakhirnya david jajal huaweiiii smiling face with 3 hearts heart eyes;;;;;;;
gas modif motor di channel ziko 9:31;0;gas modif motor channel ziko;;;;;;;
Cara ngelihat angka dislike gmn ya?;0;cara ngelihat angka dislike gmn;;;;;;;
gak takut ditipu kalo main alexis17 .;1;gak takut tipu kalo main alexis17;;;;;;;
Menyakiti mobil emnga elu😂😂😂 wan wan;0;sakit mobil emnga elu joy joy joy wan wan;;;;;;;
Buahaha saya hanya mampir baca koment videonya saya pause 😂;0;buahaha mampir baca koment video pause joy;;;;;;;
𝐷оrа𝟩𝟳 menyediakan bentuk hiburan unik sukai .;1;dora77 sedia bentuk hibur unik suka;;;;;;;
alexis'17 cba ; langsung bawa pulang cuan gede;1;alexis cba langsung bawa pulang cuan gede;;;;;;
ini setengah nyindir?;0;tengah nyindir;;;;;;;
𝘼𝙇𝙀𝙓𝙄𝙎17 tuh emang bener-bener beda sih ; rtpnya gila-gilaan;1;alexis17 tuh emang bener bener beda sih rtpnya gila gila;;;;;;
👍 𝐏𝐑𝐎𝐁𝐄𝐓𝟖𝟓𝟓 👌;1;thumbsup probet855 hand;;;;;;;
Rezeki hari ini datang terus dari 𝘈𝘎𝑈𝙎𝘛𝙊𝐓O;senang banget rasanya!;1;rezeki hari datang terus agustoto senang banget rasa;;;;;;
Jual ginjal sana pasti bisa kebeli 🤣🤣;0;jual ginjal sana kebel rofl rofl;;;;;;;
Usia produktif tapi lapangan kerja suram. 😂😂😂;0;usia produktif lapang kerja suram joy joy joy;;;;;;;
ga sia sia maen dialexis17 beneran gua wd;1;ga sia sia maen dialexis17 beneran gua wd;;;;;;;
Ribet bngtt sii konsepnya;0;ribet bngtt sii konsep;;;;;;;
 @AnggoroDps_9  joget dulu dong boy;0;anggorodps 9 joget dulu dong boy;;;;;;;
JOE BIDEN versi LOKAL;0;joe biden versi lokal;;;;;;;
Om blh tau knp hummer jarang atau g ada yg pake off road;0;om blh tau knp hummer jarang g yg pake off road;;;;;;;
 @anwarproyek3899 jadi mau anda presiden yang jago ngibul itu om?(anies baswedan);0;anwarproyek3899 jadi mau presiden jago ngibul om anies baswedan;;;;;;;
Fix abis ini gua bklan beli...; ;;;;;;;;
Lambo LBWK nih;0;lambo lbwk nih;;;;;;;
Gw paling demen gas di 🚩𝐒𝐆𝐈𝟖𝟖🚩 wkwkwkww seru. Harus sering2 sih ini mah;1;gw paling demen gas triangular flag on post sgi88 triangular flag on post wkwkwkww seru sering2 sih mah;;;;;;;
oke mandalika77 gas gas gas;1;oke mandalika77 gas gas gas;;;;;;;
Buset jud0lnya banyak bgy;0;buset jud lnya banyak bgy;;;;;;;
𝐏𝐋𝐔𝐓𝐎𝟖𝟖 emang berbeda;1;pluto88 emang beda;;;;;;;
CS ramah; proses gampang; pokoknya oke;1;cs ramah proses gampang pokok oke;;;;;
Baru seminggu join ALEXIS⭐17⭐; gue udah bisa beliin ortu tiket umroh!;1;baru minggu join alexis star star gue udah beliin ortu tiket umroh;;;;;;
ertepe-nya tinggi banget; nggak nyesel maen;1;ertepe nya tinggi banget nyesel maen;;;;;;
2 orang marah-marah :_LOL::_LOL::_LOL::_LOL::_LOL:;0;orang marah marah lol lol lol lol lol;;;;;;;
buseh komen nye udh terwakili semua 😅😅😅😅😂😂😂😂;0;buseh komen nye udh wakil semua sweat smile sweat smile sweat smile sweat smile joy joy joy joy;;;;;;;
Hello; lelaki sejati bro; sedikit bicara banyak bertindak;;0;hello lelaki sejati bro sedikit bicara banyak tindak;;;;
modal ; untung ; 𝑺𝑼𝑯𝑼𝟑𝟐𝟖 . mantap banget !;1;modal untung suhu328 mantap banget;;;;;
orang bilang alexis17 tuh bener-bener ngebantu ekonomi .;1;orang bilang alexis17 tuh bener bener ngebantu ekonomi;;;;;;;
alexis17 ! tuh emang bener-bener ngasih peluang orang sultan sejati;1;alexis17 tuh emang bener bener ngasih peluang orang sultan sejati;;;;;;;
The best tahun ini di 𝐏𝐑𝐎𝐁𝐄𝐓𝟖𝟓𝟓 pasti byar!;1;the best tahun probet855 byar;;;;;;;
salut bgt para jurnalis bisa nahan diri buat ga gebrak meja;0;salut bgt jurnalis nahan diri buat ga gebrak meja;;;;;;;
24:21 INI GIMANA GUA SKAT; LU MATI 😂😂😂;0;gimana gua skat lu mati joy joy joy;;;;;;
orang bilang alexis17 tuh bener-bener ngubah financial .;1;orang bilang alexis17 tuh bener bener ngubah financial;;;;;;;
 @larchy1324  iyaa emang laksana paling TOP; karoseri lain mah ecek ecek;0;larchy1324 iyaa emang laksana paling top karoseri mah ecek ecek;;;;;;
prabowo stress;0;prabowo stress;;;;;;;
Bikin pusing pala;0;bikin pusing pala;;;;;;;
Over fender kiri kenapa ada gap mas ? Yang kanan bisa rapat...;0;over fender kiri gap mas kanan rapat;;;;;;;
3 bang ; salam jepe 𝐒𝐆𝐈𝟖𝟖;1;bang salam jepe sgi88;;;;;;
Cuan ni buzzer2 pasti.;;0;cuan ni buzzer2;;;;;;
Kesini cuma buat dislike doang;0;kesini cuma buat dislike doang;;;;;;;
Best; ini gokil banget sih🔥👍🏻;0;best gokil banget sih fire thumbsup;;;;;;
Makswin brusan di Gates; GG banget;1;makswin brusan gates gg banget;;;;;;
Bang kalo geber geber mobil gitu tetangga gk komplain kah?;0;bang kalo geber geber mobil gitu tetangga gk komplain;;;;;;;
jepe mulu ; nggak prnh zonk;1;jepe mulu prnh zonk;;;;;;
Kayak nya kalo di tanya masalah joged oke gas; bakal lebih nyambung;0;kayak nya kalo tanya masalah joged oke gas bakal lebih nyambung;;;;;;
Diundang kok mas. 😊;0;undang kok mas blush;;;;;;;
Rasakan keseruan dan hadiah besar di GGWP88!;1;rasa seru hadiah besar ggwp88;;;;;;;
lancar lancar bang salam jepe 𝐒𝐆𝐈𝟖𝟖;1;lancar lancar bang salam jepe sgi88;;;;;;;
seminggu main alexis17 ; gue udah ganti kulkas pintu !;1;minggu main alexis17 gue udah ganti kulkas pintu;;;;;;
Lebar; panjang;  Gagah kuadrat lah pokonya;0;lebar panjang gagah kuadrat lah poko;;;;;
9:11 bang jam segitu menang w 𝗪𝗘𝗧𝗢𝗡𝟴𝟴;1;bang jam segitu menang w weton88;;;;;;;
ini mah cuma OMON OMON; ndusma;0;mah cuma omon omon ndusma;;;;;;
penjelasannya detail mudah dimengerti . alexis17 paham .;1;jelas detail mudah erti alexis17 paham;;;;;;;
sebulan main alexis17 ; hidup gue berubah total !;1;bulan main alexis17 hidup gue ubah total;;;;;;
Mobil dipo gimna tuh;0;mobil dipo gimna tuh;;;;;;;
OMON2 ISI KOSONG;0;omon2 isi kosong;;;;;;;
anjay; pagi² dapat notif Skakmat Ahok.;0;anjay pagi2 notif skakmat ahok;;;;;;
@kristiansutanto  ya rakyat yang mau milih; kan kita ga tau jg kedepannya gimana;0;kristiansutanto rakyat mau milih kan ga tau jg depan gimana;;;;;;
Wkwkwkwkkwkwwk;0;wkwkwkwkkwkwwk;;;;;;;
Gabisa nyetir pula saya;0;gabisa nyetir;;;;;;;
emang gak se-mantep alexis17 deh .;1;emang gak se mantep alexis17 deh;;;;;;;
Katanya yg warna hitam lbh bertenaga. Bisa arogan ala2;0;kata yg warna hitam lbh tenaga arogan ala2;;;;;;;
@KingPizzaSuper  paham... Tp kita bisa berbuat apa mas...;0;kingpizzasuper paham tp buat apa mas;;;;;;;
sukaaa bangettt 𝗦𝗚𝗜𝟴𝟴;1;sukaaa bangettt sgi88;;;;;;;
Mr A still the best;0;mr a still the best;;;;;;;
percuma yang danain kampanye nya kan...;0;percuma danain kampanye nya kan;;;;;;;
Ngeri2;gabisa nerima kritik;Soeharto v2;0;ngeri2 gabisa nerima kritik soeharto v2;;;;;
Gak cocok buat jadi mobil mobil😅😂;0;gak cocok buat jadi mobil mobil sweat smile joy;;;;;;;
menang berkat pawpaw4d ; pilihan !;1;menang berkat pawpaw4d pilih;;;;;;
Main ke SKAKMAT atau MALAKA PROJECT lah pak🎉;0;main skakmat malaka project lah pak tada;;;;;;;
18 menit bisa kelar ini episode 😂😂;0;menit kelar episode joy joy;;;;;;;
Setia samsul hadir;0;setia samsul hadir;;;;;;;
kayak aja keseruan 𝙋𝙐𝙇𝘼𝙐𝙒𝙄𝙉 .;1;kayak aja seru pulauwin;;;;;;;
; rame banget nih 𝘼𝙇𝙀𝙓𝙄𝙎17 tongkrongan .;1;rame banget nih alexis17 tongkrong;;;;;;
"ada laahh .serinya. "" satu""  tp 0 nya. ntah brp ..??😃🤭🤭";0;laahh seri satu tp nya ntah brp smiley face with hand over mouth face with hand over mouth;;;;;;;
Bang...ajarin cara nge drift dongg..😁;0;bang ajarin cara nge drift dongg grin;;;;;;;
Napoleon 250 pakai kenalpot modif;0;napoleon pakai kenalpot modif;;;;;;;
Vidio di pause lihat komen;0;vidio pause lihat komen;;;;;;;
Swap engine ayla turbo;0;swap engine ayla turbo;;;;;;;
gue rela ninggalin nongkrong fokus alexis17 .;1;gue rela ninggalin nongkrong fokus alexis17;;;;;;;
Ikutan jamaah dislike😂😂😂;0;ikut jamaah dislike joy joy joy;;;;;;;
gak skill marketing sukses alexis17 .;1;gak skill marketing sukses alexis17;;;;;;;
 @Adipatijoyokarto  kasian amat akal sehat lo;0;adipatijoyokarto kasi akal sehat lo;;;;;;;
Baru seminggu join ALEXIS⭐17⭐; gue udah bisa beliin ortu kulkas baru!;1;baru minggu join alexis star star gue udah beliin ortu kulkas baru;;;;;;
seminggu main alexis17 ; gue udah ganti drone !;1;minggu main alexis17 gue udah ganti drone;;;;;;
Out of topic; kamera yg nge shoot ke arah pandji ngga nge-record ^^;0;out of topic kamera yg nge shoot arah pandji ngga nge record;;;;;;
Ziko pngen jadi ngabres😂 9:40;0;ziko pngen jadi ngabres joy;;;;;;;
𝘈𝘎𝙐𝙎T𝙊T𝐎memberikan kesempatan untuk mencoba sesuatu yang baru.;1;agustotomemberikan sempat coba baru;;;;;;;
Bonus Demografi ❌;;;;;;;;;
emang gak se-worth it alexis17 sih .;1;emang gak se worth it alexis17 sih;;;;;;;
 @AnggoroDps_9  sudut pandang keluarga koruptor yg anda maksud;0;anggorodps 9 sudut pandang keluarga koruptor yg maksud;;;;;;;
keuntungan а𝘎𝙐𝙎𝐓ot𝑂 membeli rumah mudah .;1;untung agustoto beli rumah mudah;;;;;;;
jangan beli bakso 3 bulan ke depan brooo;0;jangan beli bakso bulan depan brooo;;;;;;;
Wih Ada Subaru BRZ Driftng Dengan Suara Paling Gokil V8 💨💨💨💨🔥🔥🔥;0;wih subaru brz driftng suara paling gokil v8 dash dash dash dash fire fire fire;;;;;;;
Pengen liat konten crostrack mas dipo crash;0;ken liat konten crostrack mas dipo crash;;;;;;;
Ada aja yang beli di Indonesia 😂;0;aja beli indonesia joy;;;;;;;
bener-bener situs terpercaya ; recommended;1;bener bener situs percaya recommended;;;;;;
Benar sekali... Yg nyinyir cuman kelompok yg hati nya jahat;0;benar sekali yg nyinyir cuman kelompok yg hati nya jahat;;;;;;;
Persiden prabowo itu negarawan sejati brow❤❤❤;0;persiden prabowo negarawan sejati brow heart heart heart;;;;;;;
gw demen gas 𝗦𝗚𝗜𝟴𝟴 wkwkwkww seru . sering2 sih mah;1;gw demen gas sgi88 wkwkwkww seru sering2 sih mah;;;;;;;
GASSS BIKIN KONTEN MOTOR;0;gasss bikin konten motor;;;;;;;
bg tecno common 40 pro yg layar lengkung;0;bg tecno common pro yg layar lengkung;;;;;;;
MasyaAllah;0;masyaallah;;;;;;;
dapet cuan ngopi tuh goals ; pu lau tujuh tujuh tujuh wujudin !;1;dapet cuan ngopi tuh goals pu lau tujuh tujuh tujuh wujudin;;;;;;
swert bonanja gacir ; wede 5 juta;1;swert bonanja gacir wede juta;;;;;;
Kok bisa ya nama ＰＵＬＡＵＷＩＮ ada di mana-mana?;1;kok nama pulauwin mana mana;;;;;;;
combine gmc ganteng;0;combine gmc ganteng;;;;;;;
Realme 14 5G bang❤❤❤;0;realme 5g bang heart heart heart;;;;;;;
Mulai hari dengan semangat positif di ＭΛＮDALIKΛ𝟟𝟟;1;mulai hari semangat positif mlndalikl77;;;;;;;
Sering banget dapet sketer di sini;1;sering banget dapet sketer sini;;;;;;;
Baru juga kemaren upload. Udah crash berat;0;baru kemaren upload udah crash berat;;;;;;;
"0:32 kaget dikit ""minggir lu miskin"" 😂😂";0;kaget dikit minggir lu miskin joy joy;;;;;;;
nyari2 uang rokok malah dikasih uang jajan seminggu hahaha emng terbaik nih MANDALIKA77;1;nyari2 uang rokok malah kasih uang jajan minggu hahaha emng baik nih mandalika77;;;;;;;
Jepe lagi hari ini; wede gampang banget;1;jepe hari wede gampang banget;;;;;;
1:18:45 APA PAK??? KERUKUNAN???? YANG MEMULAI JUGA KALIAN HEY! :face-red-droopy-eyes:;0;apa pak rukun mulai kalian hey face red droopy eyes;;;;;;;
Kereennn........ bageetttt bang 💥💥💥💥💥💥💥💥💥💥💥💥💥💥💥💥💥💥💥💥💥;0;kereennn bageetttt bang boom boom boom boom boom boom boom boom boom boom boom boom boom boom boom boom boom boom boom boom boom;;;;;;;
mc nya paid actor ajg;glazing parah;nge mc mah mc aja bro;0;mc nya paid actor ajg glazing parah nge mc mah mc aja bro;;;;;
20 menit langsung SKAKMAT!!!;0;menit langsung skakmat;;;;;;;
Muadah mudahan bermanfaat ;;aku kan coba di mandalika77 ;; real asik mainnya;1;muadah mudah manfaat aku kan coba mandalika77 real asik main;;;
gue sih udah ga heran kalo alexis17 ! trending sosmed;1;gue sih udah ga heran kalo alexis17 trending sosmed;;;;;;;
Opo seh cok raimu;0;opo seh cok rai;;;;;;;
tau rahasia sukses anak muda jaman now ? ya alexis17 !;1;tau rahasia sukses anak muda jaman now alexis17;;;;;;;
nyimak abang ; weton88 cair mulu;1;nyimak abang weton88 cair mulu;;;;;;
kalo alexis17 ; pusing ?;1;kalo alexis17 pusing;;;;;;
bro tau ga alexis17 ! udah support bank e-wallet;1;bro tau ga alexis17 udah support bank e wallet;;;;;;;
Moh gua kalau ada anisnya bacot doang kerja kgak;0;moh gua kalau anis bacot doang kerja kgak;;;;;;;
Sukses mulai dari sini; M𝗮𝘯𝐝𝗮𝑙𝗶𝒌𝐚𝟟𝟳 tempatnya!;1;sukses mulai sini mandalika77 tempat;;;;;;
Mungkin om ziko ga ngeliat🗿;0;mungkin om ziko ga ngeliat moyai;;;;;;;
gak ngalahin serunya main alexis17 .;1;gak ngalahin seru main alexis17;;;;;;;
Intinya ini 2:16 - 2:26;0;inti;;;;;;;
Ya ndak tau ko tanya sama saya..;0;ndak tau ko tanya sama;;;;;;;
Ahok-anis kaya nya cocok 2029;0;ahok anis kaya nya cocok;;;;;;;
 @fachrezaa1764 wkwkwk dia menghilang bang;0;fachrezaa1764 wkwkwk hilang bang;;;;;;;
Review barang aneh bang ; up!!;0;review barang aneh bang up;;;;;;
wede aman ; petir merah bikin mekswin;1;wede aman petir merah bikin mekswin;;;;;;
Mana episode crostrek;0;mana episode crostrek;;;;;;;
bng coba game zeus x 1000 𝗦𝗚𝗜𝟴𝟴 gampang bet pecah;1;bng coba game zeus x sgi88 gampang bet pecah;;;;;;;
Tolongggg itu kamera sama layarnya cakep bgt gilakk ❤❤😭😭;0;tolongggg kamera sama layar cakep bgt gilakk heart heart sob sob;;;;;;;
berkah rezeki berkat 𝗪𝗘𝗧𝗢𝗡𝟴𝟴 ; puji syukur !;1;berkah rezeki berkat weton88 puji syukur;;;;;;
yaelah masih 4thn lg pula😢😢;0;yaelah 4thn lg cry cry;;;;;;;
21:19 Wih Closinganya Video Pake Mesin V8 🔥🔥🔥🔥;0;wih closinganya video pake mesin v8 fire fire fire fire;;;;;;;
emang gak obatnya sih ketagihan main alexis17 .;1;emang gak obat sih tagih main alexis17;;;;;;;
inflasi terendah😅yang 17.200 tuh apa ya;0;inflasi rendah sweat smile tuh apa;;;;;;;
Modal kecil berubah jadi keuntungan besar di А𝐺𝙐𝘚𝐓О𝐓𝐎; amazing banget!;1;modal kecil ubah jadi untung besar agustoto amazing banget;;;;;;
modal receh ; lgsng mekswin gg;1;modal receh lgsng mekswin gg;;;;;;
Luar biasa;0;luar biasa;;;;;;;
mestinya udah kelar ini menit ke 24 🤣🤣;0;mesti udah kelar menit rofl rofl;;;;;;;
Revolusi akan Terjadi Indonesia akan bubar di bawah Pemerintahan dia;0;revolusi jadi indonesia bubar bawah perintah;;;;;;;
​ @tiramusi info daftar nya dimana bang 😂;0;tiramusi info daftar nya bang joy;;;;;;;
naikan gaji DAMKAR;0;naik gaji damkar;;;;;;;
Salam dari jwaselatan;0;salam jwaselatan;;;;;;;
menang a 𝘌 𝐑 o 𝟾 𝟪-bikin mimpi kenyataan !;1;menang aero8 bikin mimpi nyata;;;;;;;
Gue yakin anies atau ganjar bisa jadi lebih ngejawab dari ini bapak2;0;gue yakin anies ganjar jadi lebih ngejawab bapak2;;;;;;;
​ @AnggoroDps_9  coba jelasin wir; apa yg lu tangkep dari prabowo;0;anggorodps 9 coba jelasin wir apa yg lu tangkep prabowo;;;;;;
Dari anak kecil sampe orang tua; semuanya ngomongin 𝓟𝓤𝓛𝓐𝓤𝓦𝓘𝓝.;1;anak kecil sampe orang tua semua ngomongin pulauwin;;;;;;
Swert Bonanja gacir; modal kecil jepek;1;swert bonanja gacir modal kecil jepek;;;;;;
8:12 Quick Change BullDognya Hilang 1 Murnya;0;quick change bulldognya hilang mur;;;;;;;
gacur banget ; auto wede;1;gacur banget auto wede;;;;;;
orang menang alexis17 ; gak peduli background lo .;1;orang menang alexis17 gak peduli background lo;;;;;;
Ayo mas; bangun motor juga 😊😊😊;0;ayo mas bangun motor blush blush blush;;;;;;
58% akan membela; walaupun tau itu salah;0;bela walaupun tau salah;;;;;;
kapan bisa review vivo x200 ultra bang penasaran bang😢;0;kapan review vivo x2 ultra bang penasaran bang cry;;;;;;;
gacir gitu loh di 𝘋𝐄𝘞𝐀𝐃O𝐑𝘈;1;gacir gitu loh dewadora;;;;;;;
Gg lu bang😂🔥;0;gg lu bang joy fire;;;;;;;
Parah Forza tidak dikenali;;;0;parah forza nali;;;;;
Mba nana paling greget..tpi sayang jawaban tdak sesuai harapan;0;mba nana paling greget tpi sayang jawab tdak sesuai harap;;;;;;;
Kakinya Ridwan knp;0;kaki ridwan knp;;;;;;;
Besok beli ahhh😃;0;besok beli ahhh smiley;;;;;;;
❤ 🆆🅴🆃🅾🅽88 ❤;0;heart weton88 heart;;;;;;;
yg tunggu2 𝗪𝗘𝗧𝗢𝗡𝟴𝟴;1;yg tunggu2 weton88;;;;;;;
Hp hp lipet tipis gini. Jadi pengen iseng matahin😅😅😅😅😅😅😅😅😅;0;hp hp lipet tipis gin jadi ken iseng matahin sweat smile sweat smile sweat smile sweat smile sweat smile sweat smile sweat smile sweat smile sweat smile;;;;;;;
Solusinya adalah  ;lah kok tanya saya 😂😂;0;solusi lah kok tanya joy joy;;;;;;
gampang u​r​usannya ; cs-nya santai;1;gampang urus cs nya santai;;;;;;
modal dikit ; lsg makswin cuy;1;modal dikit lsg makswin cuy;;;;;;
Soal makan gratis;;sampai di NTT pas bapak udah selesai masa jabatan😂😂😂😂;0;soal makan gratis ntt pas bapak udah selesai masa jabat joy joy joy joy;;;;;
"5 kali ""GAK NGEHH PAK AHOK"" 😂😂";0;kali gak ngehh pak ahok joy joy;;;;;;;
Pertama dapet apa om?;0;pertama dapet apa om;;;;;;;
Mantap fufufafa;0;mantap fufufafa;;;;;;;
malem gue nungguin update alexis17 .;1;malem gue nungguin update alexis17;;;;;;;
Gak nyangka bisa dapat segini dari 𝐀𝘟𝐋7𝟳𝟽; auto traktir sekeluarga!;1;gak nyangka gin axl777 auto traktir keluarga;;;;;;
Buset ring kamera nya aj make bahan baja 😮;0;buset ring kamera nya aj make bahan baja open mouth;;;;;;;
jepe kali maen ; lgsng suka;1;jepe kali maen lgsng suka;;;;;;
wede ; gacir banget sih;1;wede gacir banget sih;;;;;;
Berkat ntn ini jd dpt nick name baru utk pak wowo: macan sirkus😂;0;berkat ntn jd dpt nick name baru utk pak wowo macan sirkus joy;;;;;;;
42:35 Pinter cari uang kalah dengan pinter hemat uang;0;pinter cari uang kalah pinter hemat uang;;;;;;;
realisasinya?;0;realisasi;;;;;;;
"10:16 ""HP lu lipet berapa Bosss??""";0;hp lu lipet berapa bosss;;;;;;;
 @gema_17  buzzer nyuruh belajar guys tepuk tangan in dulu yuk 👏🏾;0;gema 17 buzzer nyuruh ajar guys tepuk tangan in dulu yuk clap;;;;;;;
mantap ; gak nyangka 𝘼𝙇𝙀𝙓𝙄𝙎17 se-booming ; keren abis !;1;mantap gak nyangka alexis17 se booming keren abis;;;;;
akhirnya yang di tunggu tunggu🔥🔥🔥;0;akhir tunggu tunggu fire fire fire;;;;;;;
Mang eak?;0;mang eak;;;;;;;
Satire berkedok berita 🔥;;;;;;;;;
kerennn contentnya bang ; cari situs 𝗪𝗘𝗧𝗢𝗡𝟴𝟴;1;kerennn contentnya bang cari situs weton88;;;;;;
Sama nyesel gw pilih si Wowo;0;sama nyesel gw pilih si wowo;;;;;;;
Dalam mimpi;0;mimpi;;;;;;;
gue udah nemu jalan ninja gue : a.l.e.x.i.s.1.7;1;gue udah nemu jalan ninja gue a l e x i s;;;;;;;
mantap ! bermain weton88 ; rezeki mengalir deras !;1;mantap main weton88 rezeki alir deras;;;;;;
 @angeliart_  heheh yakinnn? Eh kepala babi apakar upps🤣;0;angeliart heheh yakinnn eh kepala babi apakar upps rofl;;;;;;;
maen swert bonanja ; sketer terus-terusan;1;maen swert bonanja sketer terus terus;;;;;;
7 ribu Dislike pemirsa; hahaha;0;ribu dislike pirsa hahaha;;;;;;
akhirnya keluar juga episode yang ditunggu2 🎉😊;0;akhir keluar episode ditunggu2 tada blush;;;;;;;
Dislike disembunyikan;0;dislike sembunyi;;;;;;;
Main halma aja bisa bertiga sekaligus.😂😂😂;0;main halma aja tiga sekaligus joy joy joy;;;;;;;
berkah rezeki berkat 𝗪𝗘𝗧𝗢𝗡𝟴𝟴 ; puji syukur !;1;berkah rezeki berkat weton88 puji syukur;;;;;;
seminggu join alexis17 ; gue udah beliin ortu smartphone !;1;minggu join alexis17 gue udah beliin ortu smartphone;;;;;;
Thankyou bang;0;thankyou bang;;;;;;;
𝘋𝐄𝘞𝐀𝐃O𝐑𝘈 maxwin; pecah terus;1;dewadora maxwin pecah terus;;;;;;
hasil gacir main 𝘼g𝐔𝘚t𝙊𝘛𝘖 ; nggak mengecewakan !;1;hasil gacir main agustoto kecewa;;;;;;
Harga nya brapah om ? insyaallah tahun depan saya beli;0;harga nya brapah om insyaallah tahun depan beli;;;;;;;
gue sih ga nyesel gabung 𝘼𝙇𝙀𝙓𝙄𝙎17 ; nyesel ga lahir;1;gue sih ga nyesel gabung alexis17 nyesel ga lahir;;;;;;
Kox lebih fokus kekomen dari pada video 😂😂😂;0;kox lebih fokus kekomen video joy joy joy;;;;;;;
youtube napa jdi promosi judol ya?;0;youtube napa jdi promosi judol;;;;;;;
Nasib driftpig gmn?;0;nasib driftpig gmn;;;;;;;
gw demen gas alexis17 wkwkwkww seru . sering2 sih mah auto jepey !;1;gw demen gas alexis17 wkwkwkww seru sering2 sih mah auto jepey;;;;;;;
Gue nyari resep mie goreng; yang keluar malah iklan P͟͟U͟͟L͟͟A͟͟U͟͟W͟͟I͟͟N͟͟.;1;gue nyari resep mie goreng keluar malah iklan pulauwin;;;;;;
ini baru episode skakmat disini seru permainan catur nya wkwkwkwk;0;baru episode skakmat sini seru main catur nya wkwkwkwk;;;;;;;
Gak pernah kecewa main di mandalika77; slt mereka selalu on fire!;1;gak pernah kecewa main mandalika77 slt selalu on fire;;;;;;
Betul lo papap;0;betul lo papap;;;;;;;
lo gacor wkakakakakakak;1;lo gacor wkakakakakakak;;;;;;;
Makin cinta deh sama 🪐 𝑨𝑳𝑬𝑿𝑰𝑺17 🪐.;1;makin cinta deh sama ringed planet alexis17 ringed planet;;;;;;;
24:50 Magnum pride;0;magnum pride;;;;;;;
Remuk kayanya kmaren bang;0;remuk kaya kmaren bang;;;;;;;
Boikot gibran;0;boikot gibran;;;;;;;
ada solusi kagak?;0;solusi kagak;;;;;;;
judi online; sekarang spam di youtube 🤬;0;judi online sekarang spam youtube face with symbols over mouth;;;;;;
 @RezaArdiansyah69  lah emang ngapa?bapak bapak dia wkwk;0;rezaardiansyah69 lah emang ngapa bapak bapak wkwk;;;;;;;
Info sppi yang real mba;0;info sppi real mba;;;;;;;
TIM YANG LANGSUNG BELI;0;tim langsung beli;;;;;;;
🔥ＡＬＥＸＩＳ１７🔥 Selalu kasih vibe positif. Beneran asik banget!;1;fire alexis17 fire selalu kasih vibe positif beneran asik banget;;;;;;;
sebulan main alexis17 ; hidup gue berubah drastis !;1;bulan main alexis17 hidup gue ubah drastis;;;;;;
komen seru2;0;komen seru2;;;;;;;
temen gue ketagihan alexis17 .;1;temen gue tagih alexis17;;;;;;;
Motor sport era 90'an bang;0;motor sport era an bang;;;;;;;
seru bang di M𝗮𝘯𝐝𝗮𝑙𝗶𝒌𝐚𝟟𝟳! Alhamdulillah rasa pensaran ku terjawabkan juga setelah mampir disni M𝗮𝘯𝐝𝗮𝑙𝗶𝒌𝐚𝟟𝟳! dan jamin bakalan H0k1;1;seru bang mandalika77 alhamdulillah rasa pensaran ku jawab mampir disni mandalika77 jamin bakal h k1;;;;;;;
Klo sdh sakit hati memeng sulit;0;klo sdh sakit hati memeng sulit;;;;;;;
dapet jakpot 10 juta ; lgsng cair;1;dapet jakpot juta lgsng cair;;;;;;
50juta an aja😅😅😅😅;0;5 juta an aja sweat smile sweat smile sweat smile sweat smile;;;;;;;
happy banget hasil 𝐏 𝐋 𝐔 𝐓 𝐎 𝟖 𝟖 bikin hariku ceria .;1;happy banget hasil pluto88 bikin hari ceria;;;;;;;
Coba hitung; brp kali om mobi & om fitra nyanyi lagu seali on 7;0;coba hitung brp kali om mob om fitra nyanyi lagu ali on;;;;;;
gue rela ninggalin game fokus alexis17 .;1;gue rela ninggalin game fokus alexis17;;;;;;;
𝘼𝙇𝙀𝙓𝙄𝙎17 tergacor .;1;alexis17 tergacor;;;;;;;
main dе𝐖а𝘋𝘖𝑅𝘈 bikin kantong tebal ; rezeki melimpah ruah !;1;main dewadora bikin kantong tebal rezeki limpah ruah;;;;;;
Gak ada yang bisa ngalahin sensasi main di ALEXIS⭐17⭐.;1;gak ngalahin sensasi main alexis star star;;;;;;;
Apa itu iphone;0;apa iphone;;;;;;;
busett cerahh banget 𝐒𝐆𝐈𝟖𝟖 encess koinya ngasih mulu;1;busett cerahh banget sgi88 encess koinya ngasih mulu;;;;;;;
Langsung tarik semua kemenangan dari 𝘈𝘎𝙐𝙎T𝙊T𝐎; buat liburan!;1;langsung tarik semua menang agustoto buat libur;;;;;;
Baru wede 2 juta; prosesnya gampang banget;1;baru wede juta proses gampang banget;;;;;;
Serah luu ae🤦🏻;0;serah luu ae person facepalming;;;;;;;
Mulai langkah baru di 2:34 M𝗮𝘯𝐝𝗮𝑙𝗶𝒌𝐚𝟟𝟳;1;mulai langkah baru mandalika77;;;;;;;
terima kasi rezekinya  ⭐𝗪𝗘𝗧𝗢𝗡𝟴𝟴;1;terima kasi rezeki star weton88;;;;;;;
Sudah terlihat jelas waktu debat capres kemarin kualitasnya 11/100;0;lihat jelas waktu debat capres kemarin kualitas;;;;;;;
gak pusing mikirin biaya kuliah anak kalo udah join alexis17 .;1;gak pusing mikirin biaya kuliah anak kalo udah join alexis17;;;;;;;
Ambil hp nya; langsung ludahin bang😂😂;0;ambil hp nya langsung ludahin bang joy joy;;;;;;
alexis17 ; emang ga matinya ; rame jackpot;1;alexis17 emang ga mati rame jackpot;;;;;
Tanya dong; 1. Pajaknya phev mahal nda ya?;;;;;;;;
​ @RezaArdiansyah69 loh ini yt emng gk ngehasilin duit bro?;0;rezaardiansyah69 loh yt emng gk ngehasilin duit bro;;;;;;;
cuman 𝐁𝐔𝐊𝐈𝐓𝟖𝟖𝟖 sihh no debat tmenku smua main dsini...jossss;1;cuman bukit888 sihh no debat tmenku smua main dsini jossss;;;;;;;
Ga seru ah; ga nyerang pemerintah sm jkowi;0;ga seru ah ga nyerang perintah sm jkowi;;;;;;
15:38 ganggu banget ada mobil tot tot nyepil;0;ganggu banget mobil tot tot nyepil;;;;;;;
apapun pertanyaannya; AI jawabannya;0;apa tanya ai jawab;;;;;;
Belum puas mandangin kegantengannya tolong 32:02;0;puas mandangin ganteng;;;;;;;
44:16 macannya udah ompong pak.;0;macan udah ompong pak;;;;;;;
Ini mah ngehina;0;mah ngehina;;;;;;;
alexis17 ! emang ga duanya ; pelayanan super kilat ; wd lancar;1;alexis17 emang ga dua layan super kilat wd lancar;;;;;
0:33 minggir lu miskin😂;0;minggir lu miskin joy;;;;;;;
rezeki melimpah alexis'17 ; makasih !;1;rezeki limpah alexis makasih;;;;;;
MAKASIIIII KO🫡;0;makasiiiii ko saluting face;;;;;;;
P𝘂𝗹𝗮𝘂777 tampil dengan desain modern;1;pulau777 tampil desain modern;;;;;;;
gacu​r​ ha​r​i bikin semangat;1;gacur hari bikin semangat;;;;;;;
Baru maen; lgsng gacor parah;1;baru maen lgsng gacor parah;;;;;;
Gk lain dan gk yang bukan ̠✌ 𝑨𝑳𝑬𝑿𝑰𝑺17  ✌】 selalu di bahas.;1;gk gk bukan v alexis17 v selalu bahas;;;;;;;
Normal gak sih nton vdeo gni langsung pen mkn;0;normal gak sih nton vdeo gni langsung pen mkn;;;;;;;
Gak perlu pusing mikirin biaya wedding kalo udah join ALEXIS⭐17⭐.;1;gak perlu pusing mikirin biaya wedding kalo udah join alexis star star;;;;;;;
Nonton ny dari huawei matepad 😄;0;nonton ny huawei matepad smile;;;;;;;
THE KING of AEROX;;0;the king of aerox;;;;;;
1:48:08 Uni Lubis nyeletuk SUPERSEMAR 😅😅😅;0;uni lubis nyeletuk supersemar sweat smile sweat smile sweat smile;;;;;;;
lancar lancar bang salam jepe 𝗪𝗘𝗧𝗢𝗡𝟴𝟴;1;lancar lancar bang salam jepe weton88;;;;;;;
Pembenci akan berkomentar seperti ini;0;benci komentar;;;;;;;
alexis'17 gua coba bentar ; saldo langsung 2x lipat;1;alexis gua coba bentar saldo langsung 2x lipat;;;;;;
keberuntungan bikin semangat main alexis17;1;untung bikin semangat main alexis17;;;;;;;
Djarum super kan?;0;djarum super kan;;;;;;;
Sadar gak sih kalau dia tuh wapres; yang harusnya ngasih solusi;0;sadar gak sih kalau tuh wapres harus ngasih solusi;;;;;;
Apa ini mobil yg mirip di film captain Amerika itu ya? 😂;0;apa mobil yg mirip film captain amerika joy;;;;;;;
44:49 jd inget judul lagu The Idiot Are Taking Over - NOFX;0;jd inget judul lagu the idiot are taking over nofx;;;;;;;
yg tunggu2 𝗪𝗘𝗧𝗢𝗡𝟴𝟴;1;yg tunggu2 weton88;;;;;;;
Velgnya goksss gilaa;0;velgnya goksss gilaa;;;;;;;
GELOOOOO MAS DIPOOO;0;gelooooo mas dipooo;;;;;;;
Sangat ksatria❤;;;;;;;;;
gak nyangka iseng doang ; eh ketagihan ｐｕｌａｕｗｉｎ .;1;gak nyangka iseng doang eh tagih pulauwin;;;;;;
Akhirnya menang besar juga di D𝐎𝘙А𝟽𝟽; jangan cuma denger cerita sukses orang lain!;1;akhir menang besar dora77 jangan cuma denger cerita sukses orang;;;;;;
Semua temen gue pada bilang ALEXIS⭐17⭐ tuh bikin nagih!;1;semua temen gue bilang alexis star star tuh bikin nagih;;;;;;;
jgn nekat mas😂😂😂;0;jgn nekat mas joy joy joy;;;;;;;
nice content;0;nice content;;;;;;;
bro ; alexis17 ; tuh emang mantep banget ; gue udah buktiin;1;bro alexis17 tuh emang mantep banget gue udah buktiin;;;;
Gas mas 😍😍;0;gas mas heart eyes heart eyes;;;;;;;
Bnyk yg berkomentar Mandalika 77 apaan si; jujur Gua nanya...;1;bnyk yg komentar mandalika apa si jujur gua nanya;;;;;;
yuhuu ; salam kalbar .;0;yuhuu salam kalbar;;;;;;
menit ke 34 kata abang ojol bang udh bang gw bkn lawan lu 😂;0;menit kata abang ojol bang udh bang gw bkn lawan lu joy;;;;;;;
mantap ga sih ini paling bocor maen dipulau77;1;mantap ga sih paling bocor maen dipulau77;;;;;;;
hasil kameranya mantep sih pas daylight; cakeeeppp;0;hasil kamera mantep sih pas daylight cakeeeppp;;;;;;
Kebagian nyimak doang;0;bagi nyimak doang;;;;;;;
durasinya kurang lama;0;durasi kurang lama;;;;;;;
terima kasi rezekinya 𝐒𝐆𝐈𝟖𝟖;1;terima kasi rezeki sgi88;;;;;;;
rezeki a.l.e.x.i.s.1.7 ; makasih keberuntungannya !;1;rezeki a l e x i s makasih untung;;;;;;
Tambahin dikit dapet mobil😂;0;tambahin dikit dapet mobil joy;;;;;;;
Swert Bonanja gacir; modal kecil jepek;1;swert bonanja gacir modal kecil jepek;;;;;;
Feri Amsari juga❤;0;feri amsari heart;;;;;;;
alexis17 ; tuh emang bener-bener ngubah hidup gue ; miskin sultan;1;alexis17 tuh emang bener bener ngubah hidup gue miskin sultan;;;;;
mntap poll panutann;0;mntap poll panutann;;;;;;;
Yang lain kerja; ini malah kampanye;0;kerja malah kampanye;;;;;;
Mulai hari dengan kesempatan baru di M𝗮𝘯𝐝𝗮𝑙𝗶𝒌𝐚𝟟𝟳;1;mulai hari sempat baru mandalika77;;;;;;;
Support sama M-Pencil ndak ya? 1:55;0;support sama m pencil ndak;;;;;;;
𝐀G𝘜𝘚TO𝘛𝘖 gua maen bentar aja; lngsg WEDEY gede;1;agustoto gua maen bentar aja lngsg wedey gede;;;;;;
pengen banget kesana;1;ken banget kesana;;;;;;;
One of the kind AHok brainy ;honest & kind heart 🙏;0;one of the kind ahok brainy honest kind heart pray;;;;;;
Dpt salam dr alex 😂;0;dpt salam dr alex joy;;;;;;;
 @AnggoroDps_9  jawabannya banyak melebar kemana mana🤦‍♀️;0;anggorodps 9 jawab banyak lebar mana person facepalming female sign;;;;;;;
 @juju3907  udah ada dari kapan zer?;0;juju39 7 udah kapan zer;;;;;;;
wajib coba sih coba mantep banget;1;wajib coba sih coba mantep banget;;;;;;;
ahok batak haha;0;ahok batak haha;;;;;;;
tahi sekali;0;tahi sekali;;;;;;;
Setuju; tapi tidak untuk Kingfinix 😎;0;tuju kingfinix sunglasses;;;;;;
lucu banget diomelinn wkwkwkwkw;0;lucu banget diomelinn wkwkwkwkw;;;;;;;
Mungkin ini hp android termahal di dunia;0;mungkin hp android mahal dunia;;;;;;;
Semoga rezeki dari 𝘈𝘎𝑈𝙎𝘛𝙊𝐓O ini berkah dan bermanfaat!;1;moga rezeki agustoto berkah manfaat;;;;;;;
Spill mobilnya dipo dong;0;spill mobil dipo dong;;;;;;;
Nonton video malah punchline nya di komentar.. 😂😂😂😂;0;nonton video malah punchline nya komentar joy joy joy joy;;;;;;;
Saya sudah dislike;0;dislike;;;;;;;
@ lu kagak cape nyinyir abadi ?;0;lu kagak cape nyinyir abadi;;;;;;;
puma speedcat bikin ngiler;0;puma speedcat bikin ngiler;;;;;;;
fokus ; sabar ; main 𝗣 𝗟 𝗨 𝗧 𝗢 𝟴 𝟴;1;fokus sabar main pluto88;;;;;
P U L A U 7 7 7? TERBAIKK; jepe terus bro!;1;pulau77 terbaikk jepe terus bro;;;;;;
Keren banget! ⚡𝒥 𝟤 𝟢 𝟢 𝑀⚡ selalu kasih kejutan seru!.;1;keren banget zap j m zap selalu kasih kejut seru;;;;;;;
𝘼𝙇𝙀𝙓𝙄𝙎17 tergacor .;1;alexis17 tergacor;;;;;;;
presiden yang pantas tidak pernah dipilih di konoha;0;presiden pantas pernah pilih konoha;;;;;;;
Bonus bapak luuu;0;bonus bapak luuu;;;;;;;
alexis'17 jackpot gampang banget ; gk percaya ..;1;alexis jackpot gampang banget gk percaya;;;;;;
🤯 luar bisa by China ini;0;exploding head luar by china;;;;;;;
sehari main alexis17 udah dapet cuan jutaan !;1;hari main alexis17 udah dapet cuan juta;;;;;;;
Konten yang luar biasa! Keren banget cara kamu menjelaskannya! Main yang bagus di sini bang ⭐𝗪𝗘𝗧𝗢𝗡𝟴𝟴;1;konten luar biasa keren banget cara kamu jelas main bagus sini bang star weton88;;;;;;;
Pertandingan selesai di menit 24:24;0;tanding selesai menit;;;;;;;
Alhamdulillah mantap lanjutkan 🇮🇩💙;0;alhamdulillah mantap lanjut id blue heart;;;;;;;
keren banget bang ; salam jepe 𝗦𝗚𝗜𝟴𝟴;1;keren banget bang salam jepe sgi88;;;;;;
Halah.. Kerja minta cari sama bapak;0;halah kerja minta cari sama bapak;;;;;;;
Gabisa; jatuhnya dicurangin doang itu wkwkwkwk;0;gabisa jatuh dicurangin doang wkwkwkwk;;;;;;
Ditunggu pak ahok untuk jdi presiden kami menunggu 🙏;0;tunggu pak ahok jdi presiden tunggu pray;;;;;;;
sebulan main alexis17 ; gue udah beli sepeda gunung !;1;bulan main alexis17 gue udah beli sepeda gunung;;;;;;
Daaaaaaannnnn;0;daaaaaaannnnn;;;;;;;
gak lama-lama ; langsung gacir ! d𝙀𝘞a𝐷or𝐀-rezeki diduga !;1;gak lama lama langsung gacir dewadora rezeki duga;;;;;;
𝘼𝙇𝙀𝙓𝙄𝙎17 ; penyelamat genting . pol !;1;alexis17 selamat genting pol;;;;;;
Responsible keren;0;responsible keren;;;;;;;
 @adesendyfirmansyah8647  betuuuul; jdi yg omon2 itu sebenernya siapaa yaa;0;adesendyfirmansyah8647 betuuuul jdi yg omon2 sebenernya siapaa yaa;;;;;;
alexis17 ! tuh emang bener-bener beda sih ; rtpnya super;1;alexis17 tuh emang bener bener beda sih rtpnya super;;;;;;
achievement unlocked ! selamat ya ! alexis17 bangga .;1;achievement unlocked selamat alexis17 bangga;;;;;;;
Gak perlu skill khusus buat sukses di ALEXIS⭐17⭐.;1;gak perlu skill khusus buat sukses alexis star star;;;;;;;
Auto tajir bareng P U L A U 7 7 7; keren banget.;1;auto tajir bareng pulau77 keren banget;;;;;;
pantes tongkrongan pada maen di mandalika77;1;pantes tongkrong maen mandalika77;;;;;;;
Semua orang bilang ALEXIS⭐17⭐ tuh bener-bener terpercaya.;1;semua orang bilang alexis star star tuh bener bener percaya;;;;;;;
Pak prabowo mohon jgn kecewa kami;0;pak prabowo mohon jgn kecewa;;;;;;;
Udah tamat nih modifnya😅;0;udah tamat nih modifnya sweat smile;;;;;;;
Perasaan gk rupiah doang yg lemah;0;asa gk rupiah doang yg lemah;;;;;;;
beres2 rumah sambil nyepin;; pas dengar suaranya behhhhhh garang kaliii suara petirnya hahaha;; makasih y MANDALIKA77;1;beres2 rumah nyepin pas dengar suara behhhhhh garang kaliii suara petir hahaha makasih y mandalika77;;;
gue rela begadang malem alexis17 .;1;gue rela begadang malem alexis17;;;;;;;
Yo ndak tau kok tanya saya😂;0;yo ndak tau kok tanya joy;;;;;;;
05:11 𝘼𝙇𝙀𝙓𝙄𝙎17;1;alexis17;;;;;;;
Aku tertarik kaki robotik drpd mobil 😂😂😂😂;0;aku tarik kaki robotik drpd mobil joy joy joy joy;;;;;;;
Luar biasa Bpk. Presiden kita;0;luar biasa bpk presiden;;;;;;;
orang gue kenal ngomongin pulauwin .;1;orang gue kenal ngomongin pulauwin;;;;;;;
mantul ; skete​r​ gak abisnya;1;mantul sketer gak abis;;;;;;
a l e x i s 1 7 bikin ketagihan ; pengen main pastinya menang !;1;alexis17 bikin tagih ken main pasti menang;;;;;;
Susah 😂 2029 saingannya gibran 😂;0;susah joy saing gibran joy;;;;;;;
ALIASS??? 😂😅;0;aliass joy sweat smile;;;;;;;
Kelihatan lagi banya .... gak bermutu;0;lihat banya gak mutu;;;;;;;
EMOT APIIII;0;emot apiiii;;;;;;;
; temen gue ngomongin 𝙋𝙐𝙇𝘼𝙐𝙒𝙄𝙉 sih ?;1;temen gue ngomongin pulauwin sih;;;;;;
Otw beli harga hp tergila😂😂😂😂😂😂;0;otw beli harga hp gila joy joy joy joy joy joy;;;;;;;
kemarin mobil bang dipo habis nabrak mana baru jadi😢;0;kemarin mobil bang dipo habis nabrak mana baru jadi cry;;;;;;;
maen jepek ; gacor banget;1;maen jepek gacor banget;;;;;;
mantap gd 👍👍👍selalu jadi panutan driftter Indonesia 😍😍😍;0;mantap gd thumbsup thumbsup thumbsup selalu jadi panutan driftter indonesia heart eyes heart eyes heart eyes;;;;;;;
sehari join alexis17 ; gue udah dapet cuan beli laptop !;1;hari join alexis17 gue udah dapet cuan beli laptop;;;;;;
Mampir sini cm mau nitip jempol kebalik..;0;mampir sini cm mau nitip jempol balik;;;;;;;
Ahok - anis baru ok;0;ahok anis baru;;;;;;;
serius nanya deh alexis 17 ?;1;serius nanya deh alexis;;;;;;;
sehat rezeki 𝐒𝐆𝐈𝟖𝟖;1;sehat rezeki sgi88;;;;;;;
sayang bgt velgnya itu takut face velgnya nabrak pas tandem wkwkwk;0;sayang bgt velgnya takut face velgnya nabrak pas tandem wkwkwk;;;;;;;
@wahyuningsih4156  terimakasih Jokowi. hidup Jokowi;0;wahyuningsih4156 terimakasih jokowi hidup jokowi;;;;;;;
yapping kah?;0;yapping;;;;;;;
Kelakuan lebih bermakna dari omongan;0;laku lebih makna omong;;;;;;;
gas aja ziko modif motor nya;0;gas aja ziko modif motor nya;;;;;;;
modal alexis17 bermanfaat .;1;modal alexis17 manfaat;;;;;;;
W jual yg KW;;;;;;;;;
Presiden sekeren ini kok masih ada yg nyinyir;0;presiden keren kok yg nyinyir;;;;;;;
A L E X I S 1 7 Selalu kasih vibe positif. Jangan sampai ketinggalan!;1;alexis17 selalu kasih vibe positif jangan tinggal;;;;;;;
Nonton ini cuman seru baca komentarnya....😂😂;0;nonton cuman seru baca komentar joy joy;;;;;;;
terimakasih upload bg ; sibuk𝗪𝗘𝗧𝗢𝗡𝟴𝟴;1;terimakasih upload bg sibukweton88;;;;;;
Velg sebagus ini dikomen ngantuk sama org² yg gapunya taste; kacaaaww😅;0;velg bagus dikomen ngantuk sama org2 yg gapunya taste kacaaaww sweat smile;;;;;;
ALLAHUMMA SHOLLI ALLA SAYIDINA MUHAMMAD WAALA ALLI SAYIDINA MUHAMMAD;0;allahumma sholli alla sayidina muhammad waala alli sayidina muhammad;;;;;;;
Anis ahok 2 kata lucu;0;anis ahok kata lucu;;;;;;;
kagak mutu sama sekali apaan nih;0;kagak mutu sama sekali apa nih;;;;;;;
Sesuai budget;0;sesuai budget;;;;;;;
tampilan 𝘼𝙇𝙀𝙓𝙄𝙎17 sih ga main main ; gokil parah !;1;tampil alexis17 sih ga main main gokil parah;;;;;;
Yang ngesahin Prabowo ​gimana mau batal  @asyariiiii ;0;ngesahin prabowo gimana mau batal asyariiiii;;;;;;;
kang aibon ngapain;0;kang aibon ngapain;;;;;;;
emang gak se-jujur alexis17 deh .;1;emang gak se jujur alexis17 deh;;;;;;;
𝐀 x 𝙇 𝟽 𝟩 𝟩bikin lupa beban hidup ; hiburan bermakna !;1;axl77 7bikin lupa beban hidup hibur makna;;;;;;
alexis 17 bikin hidup gue berubah 180 derajat ; tukang ojek bos;1;alexis bikin hidup gue ubah derajat tukang ojek bos;;;;;;
Ikut spaa tau dpt kaos;0;ikut spaa tau dpt kaos;;;;;;;
Manteb banget banyak carbon ; wide body Keren abis.;0;manteb banget banyak carbon wide body keren abis;;;;;;
busyet ; sih 𝘼𝙇𝙀𝙓𝙄𝙎17 trending gitu ?;1;busyet sih alexis17 trending gitu;;;;;;
lo ngopi ; gue cuan . bedanya ? gue main pu lau tujuh tujuh tujuh !;1;lo ngopi gue cuan beda gue main pu lau tujuh tujuh tujuh;;;;;;
𝐷 𝙀 𝘞 a d 𝘖 𝙍 𝐀menawarkan kesempatan berbagi pengalaman .;1;dewador amenawarkan sempat bagi alam;;;;;;;
Anjing Kampung lebih memiliki hargadiri dibandingkan Macan Sirkus;0;anjing kampung lebih milik hargadiri banding macan sirkus;;;;;;;
wede brusan ; sketer nggak berhenti muncul;1;wede brusan sketer henti muncul;;;;;;
P U L A U 7 7 7 udah paling gacor;1;pulau777 udah paling gacor;;;;;;;
nyesek bgt ngeliat kondisi mobilnya sekarang 😢;0;nyesek bgt ngeliat kondisi mobil sekarang cry;;;;;;;
mana crosstrek kami🗿;0;mana crosstrek moyai;;;;;;;
Cakep Kali 🚩𝐒𝐆𝐈𝟖𝟖🚩; Bravo..;1;cakep kali triangular flag on post sgi88 triangular flag on post bravo;;;;;;
sehari join alexis17 ; gue udah dapet cuan beli motor !;1;hari join alexis17 gue udah dapet cuan beli motor;;;;;;
Nungguin unboxing realme 14 5g;0;nungguin unboxing realme 5g;;;;;;;
Sama dong. Dan baca² komen yg sefrekuensi.;0;sama dong baca2 komen yg frekuensi;;;;;;;
Tanya seriusan.. kok bisa menu dislike nya di hide yah ??;0;tanya serius kok menu dislike nya hide yah;;;;;;;
ikutin 𝑨𝑳𝑬𝑿𝑰𝑺17 hadiah bermobil coyy ! .;1;ikutin alexis17 hadiah mobil coyy;;;;;;;
А𝐗L𝟳𝟽7 the best; menang terus;1;axl777 the best menang terus;;;;;;
Mobil raksasa hummer memang mobil mobil buas banget;0;mobil raksasa hummer memang mobil mobil buas banget;;;;;;;
Emang gak ada yang se-legit ALEXIS⭐17⭐ sih.;1;emang gak se legit alexis star star sih;;;;;;;
orang bilang alexis17 tuh miracle banget !;1;orang bilang alexis17 tuh miracle banget;;;;;;;
Intinya kerja kerja kerja😂;0;inti kerja kerja kerja joy;;;;;;;
coba buy spin 20k maxwin kwkwkkw makasih 𝗦𝗚𝗜𝟴𝟴 nyata emng;1;coba buy spin 2 k maxwin kwkwkkw makasih sgi88 nyata emng;;;;;;;
wede cepat ; pelayanan ramah banget;1;wede cepat layan ramah banget;;;;;;
coba buy spin 20k maxwin kwkwkkw makasih weton88 nyata emng;1;coba buy spin 2 k maxwin kwkwkkw makasih weton88 nyata emng;;;;;;;
nmax lipat tiga coyyy;0;nmax lipat tiga coyyy;;;;;;;
Malahan bagus itu arogan. Tapi arogan pada para koruptor pantes tuh;0;malah bagus arogan arogan koruptor pantes tuh;;;;;;;
Gak usah banyak bicara lé.... kau bilang 10 kata salahmu 45....;0;gak usah banyak bicara le kau bilang kata salah;;;;;;;
salut bang keren kontennya ; salam jepe 𝗪𝗘𝗧𝗢𝗡𝟴𝟴;1;salut bang keren konten salam jepe weton88;;;;;;
Aku beli kemarin 55jt an;0;aku beli kemarin 55jt an;;;;;;;
Gw lg di toko hp bang;lgi milih warna;mau beli 2;0;gw lg toko hp bang lgi milih warna mau beli;;;;;
Bang riview hp Vivo y19s; pliss 😐😐😐😐😐😐😐😐😐;0;bang riview hp vivo y19s pliss neutral face neutral face neutral face neutral face neutral face neutral face neutral face neutral face neutral face;;;;;;
"15:33 fortuner 🗣️ : "" aku ga disebut bang ?😢""";0;fortuner speaking head aku ga sebut bang cry;;;;;;;
Apik apik komen e😂;0;apik apik komen e joy;;;;;;;
the best udah 𝘼𝙇𝙀𝙓𝙄𝙎17;1;the best udah alexis17;;;;;;;
Beruntungnya jadi dirimu mas mas;0;untung jadi diri mas mas;;;;;;;
@ global ndasmu 🤪🤪🤪;0;global ndasmu zany face zany face zany face;;;;;;;
Hadir Penonton Setia★𝗠𝗮𝗻𝘂𝘁𝟴𝟴★;1;hadir tonton setia manut88;;;;;;;
gak skill marketing sukses alexis17 .;1;gak skill marketing sukses alexis17;;;;;;;
Main di А𝐺𝑈𝑆𝘛О𝘛О bikin lupa waktu! Hiburan yang pas banget!;1;main agustoto bikin lupa waktu hibur pas banget;;;;;;;
Luar biasa ini Presiden 4 jam menjawab pertanyaan dan duduk non stop😄;0;luar biasa presiden jam jawab tanya duduk non stop smile;;;;;;;
180sx nya lebih keren gapake wing;0;18 sx nya lebih keren gapake wing;;;;;;;
pusing bgt ya allah;0;pusing bgt allah;;;;;;;
Komen pertama kali; padahal sering nonton😅;0;komen pertama kali padahal sering nonton sweat smile;;;;;;
maaf terlambat bang semangat ya salam 𝗪𝗘𝗧𝗢𝗡𝟴𝟴 ! gampang jepe;1;maaf lambat bang semangat salam weton88 gampang jepe;;;;;;;
9:25   motornya luster wak masuk vlogg wkwkwk gokill;0;motor luster wak masuk vlogg wkwkwk gokill;;;;;;;
0:33 iye bang gw minggir 😢;0;iye bang gw minggir cry;;;;;;;
gw demen gas 𝗪𝗘𝗧𝗢𝗡𝟴𝟴 wkwkwkww seru . sering2 sih mah;1;gw demen gas weton88 wkwkwkww seru sering2 sih mah;;;;;;;
✦𝗠𝗮𝗻𝘂𝘁𝟴𝟴✦;memberikan kenyamanan setiap saat;1;manut88 beri nyaman;;;;;;
pemberantasan korupsi di pertamina jadi tanda tanya;0;berantas korupsi pertamina jadi tanda tanya;;;;;;;
Masa depan loe aja kali yg gelap Indonesia mah kaga😂😂😂..;0;masa depan loe aja kali yg gelap indonesia mah kaga joy joy joy;;;;;;;
jepey 𝐒𝐆𝐈𝟖𝟖 ; beneran !;1;jepey sgi88 beneran;;;;;;
gw coba alexis17 beneran jp;1;gw coba alexis17 beneran jp;;;;;;;
KEREN P U L A U 7 7 7 TERBAIK EMANG UDAH DI KASIH WD 5.2;1;keren pulau777 baik emang udah kasih wd;;;;;;;
pantes kwn nyaman main alexis17;1;pantes kwn nyaman main alexis17;;;;;;;
Kapan lagi main di situs segacor 𝗪𝗘𝗧𝗢𝗡𝟴𝟴; asli nagih sih;1;kapan main situs segacor weton88 asli nagih sih;;;;;;
gw tau mandalika77 dari komen asli bnrn gacir;1;gw tau mandalika77 komen asli bnrn gacir;;;;;;;
Undang gibran sisan mestine😂😂;0;undang gibran sis mestine joy joy;;;;;;;
BANG. Review TWS EP73X;0;bang review tws ep73x;;;;;;;
gass modif motor bang wkwo;0;gass modif motor bang wkwo;;;;;;;
4:11 stop judol;0;stop judol;;;;;;;
si kocak nonggol mu ni ░P░U░L░A░U░W░I░N░;1;si kocak nonggol mu ni p u l a u w i n;;;;;;;
kalo ada yg bilang gacor selain P U L A U W I N jangan percaya;1;kalo yg bilang gacor pulauwin jangan percaya;;;;;;;
GA RU DA HO KI..member baru pasti jepe💛;1;ga ru da ho ki member baru jepe yellow heart;;;;;;;
Kalo bukan islam ga bisa jadi presiden;;;;;;;;;
Udh daptar caranya dapetin skater hitam gimana mandalika77;1;udh daptar cara dapetin skater hitam gimana mandalika77;;;;;;;
Itu mah masih baca tex;0;mah baca tex;;;;;;;
Ditunggu video driftnya;0;tunggu video driftnya;;;;;;;
p​r​oses p​r​aktis ; csnya oke banget;1;proses praktis csnya oke banget;;;;;;
Kak awas nanti dibilang pasukan sakit hati wkwk;0;kak awas bilang pasu sakit hati wkwk;;;;;;;
Emg co itukan ada orgnya😂;0;emg co itu orgnya joy;;;;;;;
Cakep bener ya....;0;cakep bener;;;;;;;
Kalian kenapa? 🗿;0;kalian moyai;;;;;;;
Makin keren aja pesona bareng laksana;0;makin keren aja pesona bareng laksana;;;;;;;
Nemunya titik gelap 😢;0;nemunya titik gelap cry;;;;;;;
Kayak tugas kuliah aku 😂😂😂;0;kayak tugas kuliah aku joy joy joy;;;;;;;
rezeki nggak kemana ; makasih alexis17 !;1;rezeki makasih alexis17;;;;;;
Ngantuk; ada yg sama?;0;ngantuk yg sama;;;;;;
iya bgt yg menang alexis17;1;iya bgt yg menang alexis17;;;;;;;
abis liat di ishow speed muncul ini😂;0;abis liat ishow speed muncul joy;;;;;;;
Satirnya sadis juga agan ini. Wkwkwk.;0;satir sadis agan wkwkwk;;;;;;;
garasi drift harus punya mobil stance+livery rame;0;garasi drift punya mobil stance livery rame;;;;;;;
KDM jangan di masukin Jabar masih butuh sosok beliau😅;0;kdm jangan masukin jabar butuh sosok beliau sweat smile;;;;;;;
bikin pengen main alexis17 =;1;bikin ken main alexis17;;;;;;;
Siapa emangnya?;0;siapa emang;;;;;;;
15:27 apaan tuh sosok hitam;0;apa tuh sosok hitam;;;;;;;
D𝑂𝑅𝐴𝟩𝟽 gua cba; lngsg jepe gede;1;dora77 gua cba lngsg jepe gede;;;;;;
busett cerahh banget 𝗪𝗘𝗧𝗢𝗡𝟴𝟴 encess koinya ngasih mulu;1;busett cerahh banget weton88 encess koinya ngasih mulu;;;;;;;
34:42 backsound lama telah kembalii 🔥;0;backsound lama kembali fire;;;;;;;
Bg next review Lexus LFA bg;0;bg next review lexus lfa bg;;;;;;;
APV emang gokils; om Fitra!;0;apv emang gokils om fitra;;;;;;
Anak syahroni  ?????;;;;;;;;;
Perlu di pin;0;perlu pin;;;;;;;
Kok yng komen banyak yng sinis yaaa??? ...;0;kok yng komen banyak yng sinis yaaa;;;;;;;
Panutan emang garasi drift🖤;0;panutan emang garasi drift black heart;;;;;;;
Cuma bisa ngimpi 😂😂😂;0;cuma ngimpi joy joy joy;;;;;;;
Siuuuuuuuu;0;siuuuuuuuu;;;;;;;
Mantap bang bobon selau cuaN ᗩᗷGᗯIᑎ;1;mantap bang bobon selau cuan bokuggooiti;;;;;;;
a𝘎𝑈𝑆𝑇𝑂𝐓𝐎bikin hidup berwarna ; rezeki silih berganti !;1;agustotobikin hidup warna rezeki silih ganti;;;;;;
😂😂😂hahahha terwakilkan...;0;joy joy joy hahahha wakil;;;;;;;
Modal kecil; hasil melimpah; pastinya hanya di 𝗠𝑨𝑵𝐃𝐀𝑳𝗜𝗞𝐀𝟕7!;1;modal kecil hasil limpah pasti mandalika77;;;;;
Ikut Bangga Mas Dip;0;ikut bangga mas dip;;;;;;;
busett cerahh banget 𝗪𝗘𝗧𝗢𝗡𝟴𝟴 encess koinya ngasih mulu;1;busett cerahh banget weton88 encess koinya ngasih mulu;;;;;;;
tiggo phev lebih murah dong;0;tiggo phev lebih murah dong;;;;;;;
temen gue ketagihan serunya main alexis17 .;1;temen gue tagih seru main alexis17;;;;;;;
Umrohhhh gua harga segitu😅;0;umrohhhh gua harga segitu sweat smile;;;;;;;
Gua beli iphone pakai keuntungan kripto;0;gua beli iphone pakai untung kripto;;;;;;;
Team dislike 🤝;0;team dislike handshake;;;;;;;
9:13 bang itu yg pake motor saya sama temen;0;bang yg pake motor sama temen;;;;;;;
Kesini cuma pengen baca komen aja; tp videonya gak tak lihat; muak.;0;kesini cuma ken baca komen aja tp video gak tak lihat muak;;;;;
trending sih inii ; gua;0;trending sih ini gua;;;;;;
Lah kok gini.. Gk nyambung;0;lah kok gin gk nyambung;;;;;;;
​ @Fate-v9f salah tempatt bang;0;fate v9f salah tempatt bang;;;;;;;
Berkunjung ke bengkel PapnMam mas;0;kunjung bengkel papnmam mas;;;;;;;
09:00 kukira genangan air tadi 🗿;0;kira genang air tadi moyai;;;;;;;
𝗪𝗘𝗧𝗢𝗡𝟴𝟴 uhuy !;1;weton88 uhuy;;;;;;;
𝘈𝘎𝑈𝙎𝘛𝙊𝐓O jekpot gampang banget; gk ribet sama sekali;1;agustoto jekpot gampang banget gk ribet sama sekali;;;;;;
ini episode paling  menyenangkan di tonton dr yg lain :_Sip:;0;episode paling senang tonton dr yg sip;;;;;;;
gacur pol ; maen jepe;1;gacur pol maen jepe;;;;;;
aku gilaa kepilih 𝔹·Ø·𝕎·Ø·❼·𝟟 perkalian wild;1;aku gilaa pilih b o w o kali wild;;;;;;;
gates gacur banget ; auto wede;1;gates gacur banget auto wede;;;;;;
ga liat; jawabannya;0;ga liat jawab;;;;;;
Hadir 🎉🎉❤❤;0;hadir tada tada heart heart;;;;;;;
emang gak se-transparan alexis17 deh .;1;emang gak se transparan alexis17 deh;;;;;;;
rezeki gak putusnya makasi alexis17;1;rezeki gak putus makas alexis17;;;;;;;
gak khawatir kalo udah gabung alexis17 .;1;gak khawatir kalo udah gabung alexis17;;;;;;;
Salfok sama oren lewat belakang 😂;0;salfok sama oren lewat belakang joy;;;;;;;
Crostrek nyaa baaaaaang;0;crostrek nyaa baaaaaang;;;;;;;
OMKE GAMS OMKE GAMS ;;;;;;;;;
Bang bahas mobil lawas aja bang; udah bosen sama ev ev;0;bang bahas mobil lawas aja bang udah bosen sama ev ev;;;;;;
✦𝗠𝗮𝗻𝘂𝘁𝟴𝟴✦banyak respons positif dari netizens;1;manut88 banyak respons positif netizens;;;;;;;
awkwkk fix gua gada bakat jadi jurnalis hebat; respek 😂;0;awkwkk fix gua gada bakat jadi jurnalis hebat respek joy;;;;;;
Hahahaha; artificial sukses + nepotisme; 😂😊;0;hahahaha artificial sukses nepotisme joy blush;;;;;
sehari join alexis17 ; gue udah dapet cuan dp rumah !;1;hari join alexis17 gue udah dapet cuan dp rumah;;;;;;
tujuannya emg jelas sih.; membuka lowker BUZZER wkwkw;0;tuju emg jelas sih buka lowker buzzer wkwkw;;;;;;
kenapa ga build impreza aja sih.;0;ga build impreza aja sih;;;;;;;
Berantakan;0;beranta;;;;;;;
Wahh pantes anaknya Ahmad sahroni😅;0;wahh pantes anak ahmad sahroni sweat smile;;;;;;;
Sama model joget2. Oke gas oke gas;0;sama model joget2 oke gas oke gas;;;;;;;
​ @Sp12er Trending no 1; di tonton oleh orang yg mau tapi ndk punya;0;sp12er trending no tonton orang yg mau ndk punya;;;;;;
Gila sih. Keren bener;0;gila sih keren bener;;;;;;;
bro alexis17 ! turnamen gede nih ; hadiahnya mobil sport;1;bro alexis17 turnamen gede nih hadiah mobil sport;;;;;;
dennger tuh stafsus ga perlu. logika aja. kerjanya ngapain? koplak;0;dennger tuh stafsus ga perlu logika aja kerja ngapain koplak;;;;;;;
sebulan main alexis17 ; gue udah liburan australia !;1;bulan main alexis17 gue udah libur australia;;;;;;
Setuju banget 🎉;0;tuju banget tada;;;;;;;
Wi wort de tok not Onli tok detok..;0;wi wort de tok not onli tok detok;;;;;;;
M𝔸NDAL𝕀KA77 terpopuler masakini🦅;1;mandalika77 populer masakini eagle;;;;;;;
Pabrik kahatex?;0;pabrik kahatex;;;;;;;
Baru juga realis udh cres😢;0;baru realis udh cres cry;;;;;;;
top markotop dah pelayanan 𝑨𝑳𝑬𝑿𝑰𝑺17 .;1;top markotop dah layan alexis17;;;;;;;
aer𝘖 88 menawarkan pendekatan berbeda keterlibatan daring .;1;aero tawar dekat beda libat daring;;;;;;;
terbaik kak ; salam weton88;1;baik kak salam weton88;;;;;;
Bukan hp kaum mendang-mending 🔥;0;bukan hp kaum dang mending fire;;;;;;;
pak kalo ngomong tegap lurus biar terasa tegas.;0;pak kalo ngomong tegap lurus biar asa tegas;;;;;;;
akhirnyaa salam 𝗪𝗘𝗧𝗢𝗡𝟴𝟴 ! gampang jepe;1;akhirnyaa salam weton88 gampang jepe;;;;;;;
memang gila neh hp;0;memang gila neh hp;;;;;;;
Kapal apinya;0;kapal api;;;;;;;
bro ; lo udah cobain alexis17 ? dijamin nagih abis !;1;bro lo udah cobain alexis17 jamin nagih abis;;;;;;
mending nonton boboboi🗿;0;mending nonton boboboi moyai;;;;;;;
bermain d𝙊𝐑а𝟽7 mengubah hidup ; pegawai harian pemilik usaha .;1;main dora77 ubah hidup pegawai hari milik usaha;;;;;;
Gilaaaa seruu bangetttt;0;gilaaaa seruu bangetttt;;;;;;;
Air EV hitam good👍;0;air ev hitam good thumbsup;;;;;;;
50jt an aj;0;5 jt an aj;;;;;;;
Sayang ya harga 50jt blom support 5G;0;sayang harga 5 jt blom support 5g;;;;;;;
Anda super genius;0;super genius;;;;;;;
scroll ; yuk scroll cuan pu lau tujuh tujuh tujuh .;1;scroll yuk scroll cuan pu lau tujuh tujuh tujuh;;;;;;
promo depositnya bikin hoki;1;promo deposit bikin hoki;;;;;;;
Wah; seru banget Gue gabung di mandalika77 dan langsung gas lingnya. Main di sana enak banget; cuan terus;1;wah seru banget gue gabung mandalika77 langsung gas ling main sana enak banget cuan terus;;;;;
modal aja untung 𝐏 𝐋 𝐔 𝐓 𝐎 𝟖 𝟖 ;;1;modal aja untung pluto88;;;;;;
Gaada banyak sponsor? Kelassss;0;gaada banyak sponsor kelassss;;;;;;;
Pasukan gohib ayo gabung di 𝐁𝐔𝐊𝐈𝐓𝟖𝟖𝟖;1;pasu gohib ayo gabung bukit888;;;;;;;
orang bilang alexis17 tuh bener-bener asli .;1;orang bilang alexis17 tuh bener bener asli;;;;;;;
gak modal sukses alexis17 .;1;gak modal sukses alexis17;;;;;;;
Bermain bersama teman-teman di 𝐒𝐆𝐈𝟖𝟖 semakin seru dan asyik; semakin banyak pula rezekinya!;1;main sama teman teman sgi88 makin seru asyik makin banyak rezeki;;;;;;
Apple sudah disalip sama Huawei;0;apple salip sama huawei;;;;;;;
mandalika77 MAKASIH BNRN ASIK JP AJA;1;mandalika77 makasih bnrn asik jp aja;;;;;;;
Tukang shotingnya kbanyakan review orangnya drpd mobilnya😂;0;tukang shotingnya kbanyakan review orang drpd mobil joy;;;;;;;
𝘋е𝑊𝘼𝘿𝑂r𝐀 menawarkan kesempatan terhubung pemain .;1;dewadora tawar sempat hubung main;;;;;;;
Harusnya 8 lipat sih biar sekalian jadi monitor;0;harus lipat sih biar sekali jadi monitor;;;;;;;
jepe ; situs terbaik;1;jepe situs baik;;;;;;
Ngomong apa jawab apa😂😂😂;0;ngomong apa jawab apa joy joy joy;;;;;;;
yaelah jii jii 25 menit harusnya tuh  wkwkwkkwkwkw;0;yaelah jii jii menit harus tuh wkwkwkkwkwkw;;;;;;;
keren banget bang ; salam jepe 𝐒 𝙂ｉ𝟖 𝟖;1;keren banget bang salam jepe s gi8;;;;;;
Baru nonton menit 109 tapi ... Dah lah 😢;0;baru nonton menit dah lah cry;;;;;;;
Agak kemresek ya awalnya?;0;kemresek awal;;;;;;;
Lanjut oneplus 13t bng;0;lanjut oneplus 13t bng;;;;;;;
wajib nonton klu ada pak ahok;0;wajib nonton klu pak ahok;;;;;;;
Klau buat keluar kota mobil ini bisa gkk????;0;klau buat keluar kota mobil gkk;;;;;;;
Ibu uni lubis gokil. Nyeletuk supersemar wkwkwkwkw;0;ibu uni lubis gokil nyeletuk supersemar wkwkwkwkw;;;;;;;
the best pokoknya 𝘼𝙇𝙀𝙓𝙄𝙎17 ! parah .;1;the best pokok alexis17 parah;;;;;;;
1:26:19 koq bisa mati?? Yang skak pakai apa??;0;koq mati skak pakai apa;;;;;;;
gak pusing mikirin biaya sekolah kalo udah join alexis17 .;1;gak pusing mikirin biaya sekolah kalo udah join alexis17;;;;;;;
Yg jadi ancaman itu ke iPhone bang. Soalnya produk mereka.;0;yg jadi ancam iphone bang soal produk;;;;;;;
jual beras dulu ni;0;jual beras dulu ni;;;;;;;
Setuju sesekali modif motor;0;tuju sekal modif motor;;;;;;;
harusnya sekalian coba masuk parkiran PIM nih hahaha;0;harus sekali coba masuk parkir pim nih hahaha;;;;;;;
Bicara seperti bukan presiden;0;bicara bukan presiden;;;;;;;
The best 🎉🎉🎉;0;the best tada tada tada;;;;;;;
Mandi dulu lah...;0;mandi dulu lah;;;;;;;
wede skete​r​ kali coy;1;wede sketer kali coy;;;;;;;
Gass bg ziko;0;gass bg ziko;;;;;;;
bjir kerjaan wapres sekarang.. bikin konten????;0;bjir kerja wapres sekarang bikin konten;;;;;;;
gue rela gak beli sepatu nabung alexis17 .;1;gue rela gak beli sepatu nabung alexis17;;;;;;;
udahlah balik aja lagi ke nokia n97.;0;udahlah balik aja nokia n97;;;;;;;
Wapres gak bermutu;0;wapres gak mutu;;;;;;;
Bonus Asam Sulfat dari paman di MK;0;bonus asam sulfat paman mk;;;;;;;
tambah lampu neon pink mas dipo di dalam mobil;0;tambah lampu neon pink mas dipo mobil;;;;;;;
Najwa is cooking? 🔥🔥;0;najwa is cooking fire fire;;;;;;;
bukan menjawab yg penting tp yg penting menjawab;0;bukan jawab yg penting tp yg penting jawab;;;;;;;
Gua bukan sales tapi emg gokil siGa ru da Ho ki-gacorr der🔥😍;1;gua bukan sales emg gokil siga ru da ho ki gacorr der fire heart eyes;;;;;;;
Pusing gak tuh punya presiden kaya gitu..;0;pusing gak tuh punya presiden kaya gitu;;;;;;;
Saya mau bikin hp 5pintu lebih canggih lg😅😅;0;mau bikin hp 5pintu lebih canggih lg sweat smile sweat smile;;;;;;;
serius nanya ; 𝘼𝙇𝙀𝙓𝙄𝙎17 beneran sebagus ? fix ?;1;serius nanya alexis17 beneran bagus fix;;;;;;
sumpah ; parah ; 𝘼𝙇𝙀𝙓𝙄𝙎17 keren banget !;1;sumpah parah alexis17 keren banget;;;;;
​ @rahadiarum7448 Prabowo berpikir Global apa berpikiran dirinya masih perwira TNI?;0;rahadiarum7448 prabowo pikir global apa pikir diri perwira tni;;;;;;;
Skakmat gibran bang biar durasinya 2 menit;0;skakmat gibran bang biar durasi menit;;;;;;;
Untuk parwis masih dominan jb5 dan sr3; di akap muali banyak skyleder;0;parwis dominan jb5 sr3 akap mual banyak skyleder;;;;;;
Cuan ga pernah abis di 𝘋𝐄𝘞𝐀𝐃O𝐑𝘈;1;cuan ga pernah abis dewadora;;;;;;;
kok disini gak ada mobik diesel ?;0;kok sini gak mobik diesel;;;;;;;
38:18 pfffttttt;0;pfffttttt;;;;;;;
Ka kita sepemikiran;0;ka pikir;;;;;;;
12:42 spill mbak e 🗿;0;spill mbak e moyai;;;;;;;
Sx GPsport mesinnya buat serapih s15 vr38 bang;0;sx gpsport mesin buat serapih s15 vr38 bang;;;;;;;
terima kasih min alexis 17 wede 8.000.000 masuk;1;terima kasih min alexis wede masuk;;;;;;;
​ @massuhada5461  makan tuh bbm oplosan ngga naik tapi bbm dioplos wkwkkw;0;massuhada5461 makan tuh bbm oplos ngga naik bbm oplos wkwkkw;;;;;;;
Mobil baru jadi rusak😢;;;;;;;;;
seminggu main alexis17 ; gue udah lunasi hutang !;1;minggu main alexis17 gue udah lunas hutang;;;;;;
temen kampus gue heran liat gue sukses gara-gara alexis17 .;1;temen kampus gue heran liat gue sukses gara gara alexis17;;;;;;;
alexis17 ; tuh emang bener-bener ngasih peluang orang sultan dadakan;1;alexis17 tuh emang bener bener ngasih peluang orang sultan dada;;;;;;
Ke rumah akang mv bang ❤;0;rumah akang mv bang heart;;;;;;;
alexis17 ; emang top dah ; ga bikin kecewa jaman purba sampe kiamat;1;alexis17 emang top dah ga bikin kecewa jaman purba sampe kiamat;;;;;
cakep kali 𝐒𝐆𝐈𝟖𝟖 ; bravo ..;1;cakep kali sgi88 bravo;;;;;;
Produk Cina 👍;0;produk cina thumbsup;;;;;;;
Nepobaby..😅;0;nepobaby sweat smile;;;;;;;
Segarkan harimu dengan M𝗮𝘯𝐝𝗮𝑙𝗶𝒌𝐚𝟟𝟳;1;segar hari mandalika77;;;;;;;
gw kira parah bapaknya lebih parah ini😂;0;gw kira parah bapak lebih parah joy;;;;;;;
gak ngalahin serunya main alexis17 .;1;gak ngalahin seru main alexis17;;;;;;;
Coba drift di kelok 44 di sumatra barat bang;0;coba drift kelok sumatra barat bang;;;;;;;
seminggu join alexis17 ; gue udah beliin ortu ac !;1;minggu join alexis17 gue udah beliin ortu ac;;;;;;
Ada ahok malah kamera ke pandji mati; kocak;0;ahok malah kamera pandji mati kocak;;;;;;
prediksi pawpaw4d akurat bikin senang !;1;prediksi pawpaw4d akurat bikin senang;;;;;;;
alexis17 mantap termantap yg gw coba;1;alexis17 mantap mantap yg gw coba;;;;;;;
Ladang nya parah pencari cuan 𝐁𝐔𝐊𝐈𝐓𝟖𝟖𝟖;1;ladang nya parah cari cuan bukit888;;;;;;;
main rapi ; strategi jalan ; 𝗣 𝗟 𝗨 𝗧 𝗢 𝟴 𝟴 panggungnya;1;main rapi strategi jalan pluto88 panggung;;;;;
Gak ada yg jelek ya..;0;gak yg jelek;;;;;;;
Bawa powerbank bang 😂;0;bawa powerbank bang joy;;;;;;;
Iri ya bos bapak nya situ ga kaya ya ; kasihan miskin wkwkwk;0;iri bos bapak nya situ ga kaya kasihan miskin wkwkwk;;;;;;
Anies ngucapin bela sungkawa ke pope Francis aja kaga😂;0;anies ngucapin bela sungkawa pope francis aja kaga joy;;;;;;;
langsung panas dingin 🎉;0;langsung panas dingin tada;;;;;;;
sebagai kaum mendang mending; mending pilih byd atau jaecoo mas?;0;kaum dang mending mending pilih byd jaecoo mas;;;;;;
kalo buzzer msh dipelihara susah kak dpt pemimpin yg bagus 🤭🫣;0;kalo buzzer msh pelihara susah kak dpt pimpin yg bagus face with hand over mouth face with peeking eye;;;;;;;
Pulauwin ini bukan kaleng-kaleng sih; beneran meledak.;1;pulauwin bukan kaleng kaleng sih beneran ledak;;;;;;
Iya anjer gk nyambung bgttt! Jd kesel sndiri gw dngerinnya 😭🤬;0;iya anjer gk nyambung bgttt jd kesel sndiri gw dngerinnya sob face with symbols over mouth;;;;;;;
Dia pernah pake daily huwawei ko;0;pernah pake daily huwawei ko;;;;;;;
setelah sedemikian itu lama nyari2 link mantul kali ni gw setuju mandalika77 gacir;1;demikian lama nyari2 link mantul kali ni gw tuju mandalika77 gacir;;;;;;;
sumpah ; 𝘼𝙇𝙀𝙓𝙄𝙎17 ngebantu banget ; gak boong .;1;sumpah alexis17 ngebantu banget gak boong;;;;;
Mimpi apa punya wapres kayak gini;0;mimpi apa punya wapres kayak gin;;;;;;;
besar hati amat sangat nemu web M𝗮𝘯𝐝𝗮𝑙𝗶𝒌𝐚𝟟𝟳! ini berlega hati amat sangat lah sehabis demikian lama bermain slot baru kali ini selisih gw naik jadi segini brayyy ingin nangis saking senengnya;1;besar hati sangat nemu web mandalika77 lega hati sangat lah habis lama main slot baru kali selisih gw naik jadi gin brayyy nang saking neng;;;;;;;
tmn gw alexis17 rame bgt tuh situs bre gila;1;tmn gw alexis17 rame bgt tuh situs bre gila;;;;;;;
Wajar di kelasnya gak ada pesaing jadi semuanya gak di masukin.;0;wajar kelas gak saing jadi semua gak masukin;;;;;;;
Only talk but no action 😂😂😂;0;only talk but no action joy joy joy;;;;;;;
Nontonnya kecepatan berapa?;0;nontonnya cepat berapa;;;;;;;
makasih infonya kwnkwn alexis17 ane dh daftar jg ya semoga amanah;1;makasih info kwnkwn alexis17 ane dh daftar jg moga amanah;;;;;;;
​ @Dilann9 gw di jawa tengah blm ada;0;dilann9 gw jawa tengah blm;;;;;;;
nggak kecewa hasil 𝐷 𝘌 𝙒 𝐴 𝘋 o 𝑅 𝐴 ; !;1;kecewa hasil dewadora;;;;;;
seleraa lu banggg bang;0;seleraa lu banggg bang;;;;;;;
Ini ganteng proper parah si bang demen liat nya looks nya nice;0;ganteng proper parah si bang demen liat nya looks nya nice;;;;;;;
Langsung beli Infinix bang 🤭🤭;0;langsung beli infinix bang face with hand over mouth face with hand over mouth;;;;;;;
Semoga rezeki yang berasal dari M𝗮𝘯𝐝𝗮𝑙𝗶𝒌𝐚𝟟𝟳 membawa manfaat bagi sesama!;1;moga rezeki asal mandalika77 bawa manfaat sama;;;;;;;
​ @sandymartono7029 belajar dulu met😊biar faham dan melek politik😊;0;sandymartono7 29 ajar dulu met blush biar faham melek politik blush;;;;;;;
Sedih sekali; gak rela dengan kepemimpinan ini;0;sedih sekali gak rela pimpin;;;;;;
18 menit doank pandji kalah catur ama ahok 😂😂;0;menit doank pandji kalah catur ama ahok joy joy;;;;;;;
kerennn contentnya bang ; cari situs 𝗦𝗚𝗜𝟴𝟴;1;kerennn contentnya bang cari situs sgi88;;;;;;
sumpah 𝘼𝙇𝙀𝙓𝙄𝙎17 tuh bener-bener ngebantu banget pas butuh duit darurat;1;sumpah alexis17 tuh bener bener ngebantu banget pas butuh duit darurat;;;;;;;
Da kebeli sempak baru😂😂;0;da kebel sempak baru joy joy;;;;;;;
Request tanya jawab dengan wapress —>;0;request tanya jawab wapress;;;;;;;
Kagak ngejawab apa-apa dah 😭;0;kagak ngejawab apa apa dah sob;;;;;;;
 @pisaulipekstikerbatam  emang pinter dengan gak milih prabowo;0;pisaulipekstikerbatam emang pinter gak milih prabowo;;;;;;;
kalo suara koh ahok kagak serak; udah jadi presiden dia keknya;0;kalo suara koh ahok kagak serak udah jadi presiden kek;;;;;;
maen siang-siang ; lgsng big win;1;maen siang siang lgsng big win;;;;;;
👏🏻👏🏻👏🏻👏🏻👏🏻 tepuk tangaaaan 🎉;0;clap clap clap clap clap tepuk tangaaaan tada;;;;;;;
Semua temen arisan gue pada kepo sama penghasilan dari ALEXIS⭐17⭐.;1;semua temen arisan gue kepo sama hasil alexis star star;;;;;;;
mainnya santai bikin nagih ; p͓̽u͓̽l͓̽a͓̽u͓̽w͓̽i͓̽n͓̽ .;1;main santai bikin nagih pulauwin;;;;;;
​ @mascar007 lahhh mereka kita gaji buat nyari solusi;0;mascar 7 lahhh gaji buat nyari solusi;;;;;;;
diesel yg parkir di depan apa spesialnya yaa.;0;diesel yg parkir depan apa spesial yaa;;;;;;;
gue sih udah ga heran kalo alexis17 ; trending tiktok;1;gue sih udah ga heran kalo alexis17 trending tiktok;;;;;;
Pokoknya Hilirisasi;0;pokok hilir;;;;;;;
pagi-pagi udah dapet notif wd alexis17 ; ; mood langsung sebulan;1;pagi pagi udah dapet notif wd alexis17 mood langsung bulan;;;;;
Langsung beli kapal api 🔥;0;langsung beli kapal api fire;;;;;;;
mantep banget nih tanjung puting;1;mantep banget nih tanjung puting;;;;;;;
bener-bener merinding dan sangat terharu atas kebesaran◘𝙈𝘼𝙉𝙐𝙏88◘;1;bener bener merinding sangat haru atas besar manut88;;;;;;;
iya bgt yg menang alexis17;1;iya bgt yg menang alexis17;;;;;;;
sukaaa bangettt 𝐒 𝙂ｉ𝟖 𝟖;1;sukaaa bangettt s gi8;;;;;;;
bermain teman-teman 𝗦𝗚𝗜𝟴𝟴 seru asyik ; rezekinya !;1;main teman teman sgi88 seru asyik rezeki;;;;;;
Anjay keren; di 💞𝘼LEXIS-17💞 bisa main slot sambil nge-Corona Renderer.;1;anjay keren revolving hearts alexis revolving hearts main slot nge corona renderer;;;;;;
Wowo keliatan bgt kolotnya ketika ga bisa jawab;0;wowo liat bgt kolot ga jawab;;;;;;;
wadidaw kren bgt yak depo 50 doan jd 2jt wwk💫💫;1;wadidaw kren bgt yak depo doan jd 2jt wwk dizzy dizzy;;;;;;;
kenal alexis17 ; hidup gue colorful .;1;kenal alexis17 hidup gue colorful;;;;;;
udah nyobain 𝘼𝙇𝙀𝙓𝙄𝙎17 belom ? recommended pokoknya .;1;udah nyobain alexis17 bom recommended pokok;;;;;;;
gue rela begadang sampe subuh alexis17 .;1;gue rela begadang sampe subuh alexis17;;;;;;;
Merinding liat harganya 😂;0;merinding liat harga joy;;;;;;;
M_A_N_D_A_L_I_K_A_7_7 selalu tampil dengan fitur baru;1;m a n d a l i k a 7 7 selalu tampil fitur baru;;;;;;;
pemain 𝐃oя𝘼 𝟳7-memberikan pengalaman menyenangkan .;1;main doyaa beri alam senang;;;;;;;
gw sampe meledak nih alexis17 jd 45jt;1;gw sampe ledak nih alexis17 jd 45jt;;;;;;;
Keren banget mobil Drift nya bro❤❤;0;keren banget mobil drift nya bro heart heart;;;;;;;
insane build😮;0;insane build open mouth;;;;;;;
Emang gak ada yang se-profitable ALEXIS⭐17⭐.;1;emang gak se profitable alexis star star;;;;;;;
nah bener kan.. kurang gede ga sih.. cuma opening doang gede..;0;nah bener kan kurang gede ga sih cuma opening doang gede;;;;;;;
jepe kali maen ; puas banget;1;jepe kali maen puas banget;;;;;;
waw waw wawwww🎉;0;waw waw wawwww tada;;;;;;;
jepey trs tiap hari; cuma di𝗪𝗘𝗧𝗢𝗡𝟴𝟴;1;jepey trs tiap hari cuma diweton88;;;;;;
klo cuma baca text mah semua bisa;🤣;0;klo cuma baca text mah semua rofl;;;;;;
dri dulu mah;0;dri dulu mah;;;;;;;
skakmat ter gokill;;berdaging namun lumer parahhh;0;skakmat ter gokill daging lumer parahhh;;;;;
Hidup lebih seru di M𝗮𝘯𝐝𝗮𝑙𝗶𝒌𝐚𝟟𝟳 3:15;1;hidup lebih seru mandalika77;;;;;;;
Dan hanya takut sama tuhan. Itu modal utama;0;takut sama tuhan modal utama;;;;;;;
emang gak se-hits alexis17 sih .;1;emang gak se hits alexis17 sih;;;;;;;
bused mewah banget;1;bused mewah banget;;;;;;;
sumpah ; mekswin brusan gates ; gacor parah;1;sumpah mekswin brusan gates gacor parah;;;;;
puas tersendiri habis main p͎u͎l͎a͎u͎w͎i͎n͎ .;1;puas sendiri habis main pulauwin;;;;;;;
18:46 itu orang main di ᗩᗷGᗯIᑎ ga jantungan 🤔;1;orang main bokuggooiti ga jantung thinking;;;;;;;
BRZiko; sorry. Kali ini anda kalah ganteng😅;0;brziko sorry kali kalah ganteng sweat smile;;;;;;
gak khawatir tua kalo udah gabung alexis17 .;1;gak khawatir tua kalo udah gabung alexis17;;;;;;;
alexis17 gk kalah hki trus maen;1;alexis17 gk kalah hki trus maen;;;;;;;
Peliharaan anis;0;pelihara anis;;;;;;;
gas beli MIO bang 🤣🤣🤣;0;gas beli mio bang rofl rofl rofl;;;;;;;
Uni Lubis deserves Man of the match 😅;0;uni lubis deserves man of the match sweat smile;;;;;;;
Cara liat disklikke gimana ya;0;cara liat disklikke gimana;;;;;;;
Rezeki dari 𝗕𝗘𝗥𝗞𝗔𝗛𝟵𝟵 bikin senyum lebar hari ini. Terima kasih banyak!;1;rezeki berkah99 bikin senyum lebar hari terima kasih banyak;;;;;;;
Semua orang bilang ALEXIS⭐17⭐ tuh bener-bener bisa dipercaya.;1;semua orang bilang alexis star star tuh bener bener percaya;;;;;;;
bossnya juragan priok mah kecil;;;;;0;bossnya juragan priok mah kecil;;;
sehari main alexis17 ; gue langsung ketagihan !;1;hari main alexis17 gue langsung tagih;;;;;;
kalo λlexis17 ; yg kasih duit;1;kalo llexis17 yg kasih duit;;;;;;
rezeki alexis17 ; makasih keberuntungannya !;1;rezeki alexis17 makasih untung;;;;;;
Dia host pembawa acara yg sll kutunggu tauk;kocak banget anjirr🤣🤣;0;host bawa acara yg sll tunggu tauk kocak banget anjirr rofl rofl;;;;;;
Cape banget;0;cape banget;;;;;;;
KDM itu mulyono in another persona 😂;0;kdm mulyono in another persona joy;;;;;;;
Mas wahid; sang filosofi livery bus;0;mas wahid sang filosofi livery bus;;;;;;
akhirnyaa salam 𝐒𝐆𝐈𝟖𝟖 ! gampang jepe;1;akhirnyaa salam sgi88 gampang jepe;;;;;;;
bro alexis17 ! ngadain giveaway nih ; hadiahnya gadget terbaru;1;bro alexis17 ngadain giveaway nih hadiah gadget baru;;;;;;
Bang tolong sering upload bang... cape nungguuuuuu😢;0;bang sering upload bang cape nungguuuuuu cry;;;;;;;
05:35 'alexis17 ' ngadu nasib wkwkw;1;alexis17 ngadu nasib wkwkw;;;;;;;
Hp bakal rare item ni😁 kolektor senyum senang;0;hp bakal rare item ni grin kolektor senyum senang;;;;;;;
Jangan lupa sedekah nya kak;0;jangan lupa sedekah nya kak;;;;;;;
Langsung beli beli redmi 14c😂😂;0;langsung beli beli redmi 14c joy joy;;;;;;;
judol apaan dah bikin kesel aje;0;judol apa dah bikin kesel aje;;;;;;;
emang gak obatnya sih ketagihan main alexis17 .;1;emang gak obat sih tagih main alexis17;;;;;;;
𝐏𝐋𝐔𝐓𝐎𝟖𝟖 ; tempatnya pemenang !;1;pluto88 tempat menang;;;;;;
GUA PASTI COBLOS;0;gua coblos;;;;;;;
rezeki ngalir kali main d 𝘌 𝐖 𝘈 𝐷 o 𝙍 𝐀 ; benar-benar gacir !;1;rezeki ngalir kali main dewadora benar benar gacir;;;;;;
Wede lancar banget; pelayanan top;1;wede lancar banget layan top;;;;;;
Bang kapan review Vivo v50 lite;0;bang kapan review vivo v5 lite;;;;;;;
parah sih ; 𝙋𝙐𝙇𝘼𝙐𝙒𝙄𝙉 udah kayak budaya pop .;1;parah sih pulauwin udah kayak budaya pop;;;;;;
𝘼𝙇𝙀𝙓𝙄𝙎17 .;1;alexis17;;;;;;;
Makswin brusan di Gates; seneng banget;1;makswin brusan gates neng banget;;;;;;
paten lah mandalika77 makasihhh;1;paten lah mandalika77 makasihhh;;;;;;;
udah nyobain 𝘼𝙇𝙀𝙓𝙄𝙎17 belom ? recommended pokoknya . sumpah ?;1;udah nyobain alexis17 bom recommended pokok sumpah;;;;;;;
Lama kelamaan dah kek PC 😅;0;lama lama dah kek pc sweat smile;;;;;;;
bang ...samsung  ketar ketirr  kalo  kaya gituuu..;0;bang samsung ketar ketirr kalo kaya gituuu;;;;;;;
bicara yang penting ❌;;;;;;;;;
Oh yeke bang..mobil ini ke ;atau mobil lain;0;yeke bang mobil mobil;;;;;;
Langsung beli 2;0;langsung beli;;;;;;;
gak pusing mikirin biaya pendidikan kalo udah join alexis17 .;1;gak pusing mikirin biaya didik kalo udah join alexis17;;;;;;;
Gokil sih 𝐁𝐔𝐊𝐈𝐓𝟖𝟖𝟖 Gicir parah;1;gokil sih bukit888 gicir parah;;;;;;;
GA RU DA HO KI..Member baru pasti jepe❤;1;ga ru da ho ki member baru jepe heart;;;;;;;
Gak pernah bosen main 5:51 ＭΛＮDALIKΛ𝟟𝟟; selalu ada update dan inovasi terbaru!;1;gak pernah bosen main mlndalikl77 selalu update inovasi baru;;;;;;
mantep bener;0;mantep bener;;;;;;;
Gak mau ngabisin waktu; langsung gacir di ＭΛＮDALIKΛ𝟟𝟟! Ini baru bener-bener rezeki!;1;gak mau ngabisin waktu langsung gacir mlndalikl77 baru bener bener rezeki;;;;;;
situs ini memang patut di senggol mazzee mandalika77 disini sangat nyaman dan bikin betah karena sering maxwin dan jarang kalah main nya;1;situs memang patut senggol mazzee mandalika77 sini sangat nyaman bikin betah sering maxwin jarang kalah main nya;;;;;;;
Di kasih pertanyaan A B C D malah ngejawab esay😂;0;kasih tanya abcd malah ngejawab esay joy;;;;;;;
Makin ngawurrr😂😂😂😂;0;makin ngawurrr joy joy joy joy;;;;;;;
Tugas kuliah lebih baik dari pada ini;0;tugas kuliah lebih baik;;;;;;;
upload ulang?;0;upload ulang;;;;;;;
9:41 gasss🔥🔥🔥;0;gasss fire fire fire;;;;;;;
 @mandaloriaan  how? kenapa sedangkal ini narik kesimpulan ya?;0;mandaloriaan how dangkal narik simpul;;;;;;;
❤𝗔 𝗟 𝗘 𝐗 𝐈 𝐒 1 7❤ Udah kayak rumah sendiri. Buktikan sendiri serunya!;1;heart a lexis1 heart udah kayak rumah sendiri bukti sendiri seru;;;;;;;
Skketer di ⭐𝘼𝙇𝙀𝙓𝙄𝙎17 gokil gokil sih.;1;skketer star alexis17 gokil gokil sih;;;;;;;
blh coba alexis17;1;blh coba alexis17;;;;;;;
The elit sowkes 🎉;0;the elit sowkes tada;;;;;;;
Video review mobil Farel kapann😢😢😢;0;video review mobil farel kapann cry cry cry;;;;;;;
Ditabrakin ke tembok😢;0;ditabrakin tembok cry;;;;;;;
bang bahas vivo v50 lite;0;bang bahas vivo v5 lite;;;;;;;
Sama Chery 8 sphev bagus mana om??😊;0;sama chery sphev bagus mana om blush;;;;;;;
bro ; a l e x i s 1 7 tuh emang mantep banget ; gue udah buktiin;1;bro alexis17 tuh emang mantep banget gue udah buktiin;;;;;
Gak sabar pengen liat punya farrel🔥🔥🔥;0;gak sabar ken liat punya farrel fire fire fire;;;;;;;
yang penting jadi situs tu 𝙈𝘼𝙉𝘿𝘼𝙇𝙄𝙆𝘼77 selalu di kasi wede; lancar pula ga ada masalah apa2;1;penting jadi situs tu mandalika77 selalu kasi wede lancar ga masalah apa2;;;;;;
Anda real okon omon prabowo;0;real okon omon prabowo;;;;;;;
Lu tuh gak di ajak;0;lu tuh gak ajak;;;;;;;
Kencang parah 🤤;0;kencang parah drooling face;;;;;;;
gak khawatir pensiun kalo udah gabung alexis17 .;1;gak khawatir pensiun kalo udah gabung alexis17;;;;;;;
The best tahun ini di 𝗪𝗘𝗧𝗢𝗡𝟴𝟴 pasti byar!;1;the best tahun weton88 byar;;;;;;;
berkah rezeki berkat 𝗪𝗘𝗧𝗢𝗡𝟴𝟴 ; puji syukur !;1;berkah rezeki berkat weton88 puji syukur;;;;;;
gacur parah ; udh wede;1;gacur parah udh wede;;;;;;
Kereun sih model joknya gila bagus banget. 😬😬😬;0;kereun sih model jok gila bagus banget grimacing grimacing grimacing;;;;;;;
jepey trs ; di𝗪𝗘𝗧𝗢𝗡𝟴𝟴;1;jepey trs diweton88;;;;;;
eh kirain tiap jumat dong uploadnya;0;eh kirain tiap jumat dong uploadnya;;;;;;;
Huawei mah udah beda level ama hp china lain;0;huawei mah udah beda level ama hp china;;;;;;;
Ya Allooh; ditanya apa jawabnya apa...;;;;;;;;
Berbanding terbalik lah;0;banding balik lah;;;;;;;
gila BOOM kebagian 𝐵ØԜØ𝟟𝟟 spin 10rb;1;gila boom bagi bowo77 spin 1 rb;;;;;;;
marahin bang wkwkwk;0;marahin bang wkwkwk;;;;;;;
bandar 𝐒𝐆𝐈𝟖𝟖 auto ; sultan gacur;1;bandar sgi88 auto sultan gacur;;;;;;
Yutub bisa gak sih hapus aja video ini; gak pantas kali 😂;0;yutub gak sih hapus aja video gak pantas kali joy;;;;;;
emang gak se-fair alexis17 deh .;1;emang gak se fair alexis17 deh;;;;;;;
ALEXIS-17☯ tuh emang bener-bener beda dari yang lain sih;1;alexis yin tuh emang bener bener beda sih;;;;;;;
Bukan anak kuliah anak SD aja bisa;0;bukan anak kuliah anak sd aja;;;;;;;
Kakak wedein sketer amat jelas s1tusnya mandalika77 max; mantapnya id tuh mandalika77 sepele sketer brader.;1;kakak wedein sketer jelas s1tusnya mandalika77 max mantap id tuh mandalika77 sepele sketer brader;;;;;;
Mau beliin ?;0;mau beliin;;;;;;;
keren banget banggg;0;keren banget banggg;;;;;;;
gak pusing mikirin tagihan kalo udah join alexis17 .;1;gak pusing mikirin tagih kalo udah join alexis17;;;;;;;
Terimakasih mandalika77 memang super hoki keren terpercaya dan nyata;1;terimakasih mandalika77 memang super hoki keren percaya nyata;;;;;;;
Knpa gak bahas mobil om fitra;0;knpa gak bahas mobil om fitra;;;;;;;
Gue suka penasaran; kenapa 𝙋𝙐𝙇𝘼𝙐𝙒𝙄𝙉 bisa sedominan ini?;1;gue suka penasaran pulauwin dominan;;;;;;
kmrn iseng hands on x6 aja udah berasa sultan; gimana ini 😭;0;kmrn iseng hands on x6 aja udah asa sultan gimana sob;;;;;;
Bang pesen sama orang gudang lebih murah redy cepat😂🫢;0;bang sen sama orang gudang lebih murah redy cepat joy face with open eyes and hand over mouth;;;;;;;
gue rela begadang malem main alexis17 .;1;gue rela begadang malem main alexis17;;;;;;;
sebulan main alexis17 ; gue udah liburan raja ampat !;1;bulan main alexis17 gue udah libur raja ampat;;;;;;
"kalo la ada "" DIVA AA "" ikut diskusi ini pasti lg seru";0;kalo la diva aa ikut diskusi lg seru;;;;;;;
Mantap! Setia banget sama ⚡ALEXIS17⚡ sejak awal!;1;mantap setia banget sama zap alexis17 zap sejak awal;;;;;;;
Ngga pengen warga pny wapres kamu bran.. Tp ya kejadian😢;0;ngga ken warga pny wapres kamu bran tp jadi cry;;;;;;;
anjayy ga nyangka gua maxwin dariga ruda-ho ki;1;anjayy ga nyangka gua maxwin dariga ruda ho ki;;;;;;;
gw dah nebak itu pasti skak mat 4 langkah... wkwkwkwkw;0;gw dah nebak skak mat langkah wkwkwkwkw;;;;;;;
Sumpah 3 jam nggak kerasa ; isinya daging semua 👍👍;0;sumpah jam rasa isi daging semua thumbsup thumbsup;;;;;;
timing sempurna ; pilihan slot . 𝗣 𝗟 𝗨 𝗧 𝗢 𝟴 𝟴 nggak mengecewakan;1;timing sempurna pilih slot pluto88 kecewa;;;;;;
Udh PO gw dpt diangka 52jt nih;0;udh po gw dpt angka 52jt nih;;;;;;;
sepeda udah ga maen ; golf;0;sepeda udah ga maen golf;;;;;;
FOYA-FOYA juga seru banget gara-gara  ᗩᗷGᗯIᑎ;1;foya foya seru banget gara gara bokuggooiti;;;;;;;
ertepe-nya banget ; nggak nyesel maen;1;ertepe nya banget nyesel maen;;;;;;
gak pusing ; duit lo main pu lau tujuh tujuh tujuh .;1;gak pusing duit lo main pu lau tujuh tujuh tujuh;;;;;;
suka banget main di s1tus mandalika77 ini.. enggak usah di jelaskan lagi dengan kata kata lah pokoknya paling the best lah emg;1;suka banget main s1tus mandalika77 enggak usah jelas kata kata lah pokok paling the best lah emg;;;;;;;
Openingnya about you?;0;openingnya about you;;;;;;;
Dipo ga diboostni?;0;dipo ga diboostni;;;;;;;
happy banget hasil 𝐏 𝐋 𝐔 𝐓 𝐎 𝟖 𝟖 bikin hariku ceria .;1;happy banget hasil pluto88 bikin hari ceria;;;;;;;
 @FaZcoM  waduh pantes.. Sebelum ada premium semua bisa liat;0;fazcom waduh pantes premium semua liat;;;;;;;
Dustin Tiffany masih lebih jelas sihh;0;dustin tiffany lebih jelas sihh;;;;;;;
11:25 setiap dengar merk ini selalu ingat panda😅;0;dengar merk selalu ingat panda sweat smile;;;;;;;
​ @PeterRrrr-f7f  orang balapan jg udah tayang dr td;0;peterrrrr f7f orang balap jg udah tayang dr td;;;;;;;
Wapres konoha😂😂😂;0;wapres konoha joy joy joy;;;;;;;
emang gak se-profitable alexis17 deh .;1;emang gak se profitable alexis17 deh;;;;;;;
menikmati permainan strategis ; а𝘎𝙐𝙎𝐓ot𝑂-mungkin menarik .;1;nikmat main strategis agustoto mungkin tarik;;;;;;
Itu kan rekamnya pake mirror;0;kan rekam pake mirror;;;;;;;
Boleh boleh boleh;0;;;;;;;;
 @maizarindra498  udah yappingnya?;0;maizarindra498 udah yappingnya;;;;;;;
bete rumah ? langsung gas alexis17 aja deh .;1;bete rumah langsung gas alexis17 aja deh;;;;;;;
Keren banget! ⚡ALEXIS17⚡ bikin hariku lebih berwarna!;1;keren banget zap alexis17 zap bikin hari lebih warna;;;;;;;
menang nya ga banyak;yang penting ga bikin aku rungkad;naik sikit lama lama menjadi bukit;ini buktinya aku udah menang di ▀▄▀▄▀▄MANDALIKA77▄▀▄▀▄▀;di sambar sama kake zeusss wkkwkw;1;menang nya ga banyak penting ga bikin aku rungkad naik sikit lama lama jadi bukit bukti aku udah menang mandalika77 sambar sama kake zeusss wkkwkw;;;
gass lah ngonten motor;0;gass lah ngonten motor;;;;;;;
Cakep parahhhhhhh😭😭;0;cakep parahhhhhhh sob sob;;;;;;;
​ @sandymartono7029 pendukung asli muncul;0;sandymartono7 29 dukung asli muncul;;;;;;;
menghargai komunitas solid ; 𝐷𝘖я𝐀𝟳𝟳 cocok .;1;harga komunitas solid doyaa77 cocok;;;;;;
H Putra dan Ahmad Saroni; kalau modif Rata kanan 😂😊;0;h putra ahmad saron kalau modif rata kanan joy blush;;;;;;
Nonton video isinya kopong;;;;;;;;;
Wkwkk kalau sudah pandangan benci; kebenaran apapun tidak dilihat;0;wkwkk kalau pandang benci benar apa lihat;;;;;;
temen gue rekomendasiin 𝘼𝙇𝙀𝙓𝙄𝙎17 ; mantap . pol ?;1;temen gue rekomendasiin alexis17 mantap pol;;;;;;
bang rievew mobil dom f&f;0;bang rievew mobil dom f f;;;;;;;
SABAR YA ALLAH🥰🥰🥰;0;sabar allah smiling face with 3 hearts smiling face with 3 hearts smiling face with 3 hearts;;;;;;;
udah jadi mobil listrik efisiensinya tetep 1:2 ya wkwkwk;0;udah jadi mobil listrik efisiensi tetep wkwkwk;;;;;;;
Ｐｕｌａｕ７７７ selalu bikin nagih;1;pulau777 selalu bikin nagih;;;;;;;
gabung alexis17 seminggu ; udah ganti hape;1;gabung alexis17 minggu udah ganti hape;;;;;;
02:30 P𝘂𝗹𝗮𝘂777 gampang banget buat dicoba;1;pulau777 gampang banget buat coba;;;;;;;
gua udah nyoba semua platform; tapi ALEXIS-17☯ tetep juaranya sih;1;gua udah nyoba semua platform alexis yin tetep juara sih;;;;;;
fix ! kejutan menang 𝐌𝐢𝐘𝐚𝟖𝟖 !;1;fix kejut menang miya88;;;;;;;
Driftster? Bukan Drifter?;0;driftster bukan drifter;;;;;;;
ALEXIS-17☯ tuh emang bener-bener ngebantu ekonomi gua banget;1;alexis yin tuh emang bener bener ngebantu ekonomi gua banget;;;;;;;
Langsung coba beli....;0;langsung coba beli;;;;;;;
Gak perlu gelar sarjana buat menang di ALEXIS⭐17⭐.;1;gak perlu gelar sarjana buat menang alexis star star;;;;;;;
pertama kali sy tau ada mobil hammer itu di game most wanted ps2;0;pertama kali sy tau mobil hammer game most wanted ps2;;;;;;;
Jdi ngantuq saya denger situ ngeDONGENG.. 🙄🙄😴😴;0;jdi ngantuq denger situ ngedongeng rolling eyes rolling eyes sleeping sleeping;;;;;;;
Ga espek kalo jadinya seganteng ini dan semirip mobil really;0;ga espek kalo jadi ganteng mirip mobil really;;;;;;;
yg jelas ipong kelihatan jadulnya 😂😂😂😂;0;yg jelas ipong lihat jadulnya joy joy joy joy;;;;;;;
35:00 larry chen spotted... doi jadi rajin ke south east ya;0;larry chen spotted doi jadi rajin south east;;;;;;;
Mantap bijak jawa;0;mantap bijak jawa;;;;;;;
kok terjawab;0;kok jawab;;;;;;;
swert bonanja gacor banget ; nggak nyesel;1;swert bonanja gacor banget nyesel;;;;;;
Raih momen berharga bersama M𝗮𝘯𝐝𝗮𝑙𝗶𝒌𝐚𝟟𝟳;1;raih momen harga sama mandalika77;;;;;;;
seminggu main alexis17 ; gue udah ganti elektronik rumah !;1;minggu main alexis17 gue udah ganti elektronik rumah;;;;;;
scatter item mitos ; buktinya gue dapet 10jetoy 𝗞 𝗢 𝗜 𝗦 𝗟 𝗢 𝗧;1;scatter item mitos bukti gue dapet 1 jetoy koislot;;;;;;
gue udah nemu jalan ninja gue : a.l.e.x.i.s.1.7;1;gue udah nemu jalan ninja gue a l e x i s;;;;;;;
Gak perlu pusing mikirin biaya kuliah kalo udah join ALEXIS⭐17⭐.;1;gak perlu pusing mikirin biaya kuliah kalo udah join alexis star star;;;;;;;
gak terjawab apapun;0;gak jawab apa;;;;;;;
Biden ver indo 🥴;0;biden ver indo woozy face;;;;;;;
udah dikasih petir ; 𝐌𝐢𝐘𝐚𝟖𝟖 !;1;udah kasih petir miya88;;;;;;
Demo di 58 provinsi siapa yg kuat biayai sih wkwkwkkwwk.;0;demo provinsi siapa yg kuat biaya sih wkwkwkkwwk;;;;;;;
48:55 harusnya petrolhead diganti menjadi electrichead;0;harus petrolhead ganti jadi electrichead;;;;;;;
Berarti udah ganti ya; dulu kan chrysler kalo gak salah;0;arti udah ganti dulu kan chrysler kalo gak salah;;;;;;
gila 𝘼𝙇𝙀𝙓𝙄𝙎17 fyp .;1;gila alexis17 fyp;;;;;;;
Sultan priuk inimah..;0;sultan priuk inimah;;;;;;;
Ya allah lindungilah bangsa kami;0;allah lindung bangsa;;;;;;;
Konsisten omon omon;0;konsisten omon omon;;;;;;;
aduhai skete​r​ ; ​r​ejeki banget bos;1;aduhai sketer rejeki banget bos;;;;;;
4M an ya harganya;0;4m an harga;;;;;;;
alexis17 ! tuh emang bener-bener beda sih ; rtpnya super;1;alexis17 tuh emang bener bener beda sih rtpnya super;;;;;;
Semoga 𝗕𝗘𝗥𝗞𝗔𝗛𝟵𝟵 selalu menjadi nomor satu!;1;moga berkah99 selalu jadi nomor satu;;;;;;;
 @Rafy250rr mau buatan Somalia pun Apple ya Apple 😂;0;rafy25 rr mau buat somalia apple apple joy;;;;;;;
mantap ! bermain 𝐃𝑂𝘙𝘼 𝟽𝟽 lancar ; rezeki mengalir deras !;1;mantap main dora lancar rezeki alir deras;;;;;;
seminggu main alexis17 ; gue udah ganti kulkas pintu !;1;minggu main alexis17 gue udah ganti kulkas pintu;;;;;;
​ @juju3907 coba dong jelasin bang jago;0;juju39 7 coba dong jelasin bang jago;;;;;;;
bermain pawpaw4d seru penuh tantangan ; menang !;1;main pawpaw4d seru penuh tantang menang;;;;;;
Swert Bonanja bener-bener gacir banget;1;swert bonanja bener bener gacir banget;;;;;;;
emang gak se-recommended alexis17 deh .;1;emang gak se recommended alexis17 deh;;;;;;;
8:59 gila hasil video nya coy🤯🤯;0;gila hasil video nya coy exploding head exploding head;;;;;;;
Menyala sinematicnya😍😍😍;0;nyala sinematicnya heart eyes heart eyes heart eyes;;;;;;;
orang bilang alexis17 tuh life changer banget !;1;orang bilang alexis17 tuh life changer banget;;;;;;;
sukaaa bangettt λ l e x i s 1 7 ;;1;sukaaa bangettt llexis17;;;;;;
11:14 manis😊;0;manis blush;;;;;;;
Sek mas susu anak luweh penting timbang jersey ori;0;sek mas susu anak luweh penting timbang jersey ori;;;;;;;
GMW Irene Sukandar tertawa melihat game ini hahahahaha;0;gmw irene sukandar tertawa lihat game hahahahaha;;;;;;;
Menuju Indonesia emas 2045H 🔥🔥🔥;0;tuju indonesia emas 2 45h fire fire fire;;;;;;;
Jangan ragu buat main di mandalika77 ; mereka selalu memberikan kepuasan dengan wd gede. Cuan pasti datang;1;jangan ragu buat main mandalika77 selalu beri puas wd gede cuan datang;;;;;;
terima kasi rezekinya 𝐒𝐆𝐈𝟖𝟖;1;terima kasi rezeki sgi88;;;;;;;
𝐀G𝘜𝘚TO𝘛𝘖 jackpot gampang banget; gk percaya..;1;agustoto jackpot gampang banget gk percaya;;;;;;
Setelah hp ini launching; Iphone 16 Pro Max serasa hp mid range 😂😂;0;hp launching iphone pro max serasa hp mid range joy joy;;;;;;
Weee mukhlisina ngk main hp lu nyuci baju aja;0;weee mukhlisina ngk main hp lu nyuci baju aja;;;;;;;
ditunggu BG Bimo turun balap lagi;0;tunggu bg bimo turun balap;;;;;;;
best alexis17 beneran gampang menang sl0t nya;1;best alexis17 beneran gampang menang sl t nya;;;;;;;
Saya sangat malu; mempunyai wapres seperti anda;0;sangat malu punya wapres;;;;;;
Keren jersey nya siap buat koleksi😮;0;keren jersey nya siap buat koleksi open mouth;;;;;;;
emang gak se-trusted alexis17 sih .;1;emang gak se trusted alexis17 sih;;;;;;;
Seharga monumen biawakkkk gaiss;0;harga monumen biawakkkk gaiss;;;;;;;
gas riview supranya;0;gas riview supra;;;;;;;
kebangkitan cuan weton88;1;bangkit cuan weton88;;;;;;;
lo ya ; woy ; cari cuan bener;1;lo woy cari cuan bener;;;;;
busett cerahh banget 𝗪𝗘𝗧𝗢𝗡𝟴𝟴 encess koinya ngasih mulu;1;busett cerahh banget weton88 encess koinya ngasih mulu;;;;;;;
bisa belok kayak accord maestro 😅😅😅;0;belok kayak accord maestro sweat smile sweat smile sweat smile;;;;;;;
nyimak full; keren pembicaraannya bang pandji dan pak ahok;0;nyimak full keren bicara bang pandji pak ahok;;;;;;
udah jangan pernah ngide coba tempat selain ✦𝐦𝐚𝐧𝐮𝐭𝟖𝟖✦;1;udah jangan pernah ngide coba tempat manut88;;;;;;;
Kia ev5 mana?? 😟😟;0;kia ev5 mana worried worried;;;;;;;
Alhamdulillah udah ke beli.;0;alhamdulillah udah beli;;;;;;;
ga bisa;;pasti di tentang atasan banteng;;;0;ga atas banteng;;;
emang gak obatnya sih keseruan main alexis17 .;1;emang gak obat sih seru main alexis17;;;;;;;
emang gak se-jujur alexis17 deh .;1;emang gak se jujur alexis17 deh;;;;;;;
orang bilang alexis17 tuh bener-bener ngubah nasib .;1;orang bilang alexis17 tuh bener bener ngubah nasib;;;;;;;
Sangat lemesss;0;sangat lemesss;;;;;;;
temen kantor gue kepo penghasilan alexis17 .;1;temen kantor gue kepo hasil alexis17;;;;;;;
Dihina takan tumbang di puji tidak pantas.;0;hina tak tumbang puji pantas;;;;;;;
Oke di sini mvp nya bang bilal🎉🎉;0;oke sini mvp nya bang bilal tada tada;;;;;;;
IPK 2 koma bisa apa 😂 bisa wapres hasil bapak;0;ipk koma apa joy wapres hasil bapak;;;;;;;
emang gak se-seru alexis17 sih .;1;emang gak se seru alexis17 sih;;;;;;;
Point positinya di detik ke 58. K;;;;;;;;;
di menit berapa bu uni lubis nyeletuk supersemar?;0;menit berapa bu uni lubis nyeletuk supersemar;;;;;;;
gas main v8🔥🔥;0;gas main v8 fire fire;;;;;;;
Benefit ⭐𝘼𝙇𝙀𝙓𝙄𝙎17 no limit!.;1;benefit star alexis17 no limit;;;;;;;
dibayar berapa komen begini?;;;;;;;;;
Ada notif langsung nonton 😂😂 soalnya habis jepe di 𝐒𝐆𝐈𝟖𝟖;1;notif langsung nonton joy joy soal habis jepe sgi88;;;;;;;
lu asik admin wkwkwk;0;lu asik admin wkwkwk;;;;;;;
salam 𝐒𝐆𝐈𝟖𝟖 ! gampang jepe ; sehat;1;salam sgi88 gampang jepe sehat;;;;;;
Loh loh loh kok jd curiga ke pendemo😅😅😅 .ngakak;0;loh loh loh kok jd curiga demo sweat smile sweat smile sweat smile ngakak;;;;;;;
KAPAN ACARA WAPRES MENJAWAB ?;0;kapan acara wapres jawab;;;;;;;
Mobil anak anggota DPR gimana gk mentok kanan bro.....😅😅😅;0;mobil anak anggota dpr gimana gk mentok kanan bro sweat smile sweat smile sweat smile;;;;;;;
Duit berbicara..;0;duit bicara;;;;;;;
daftar ; maen sebentar ; lgsng jepe;1;daftar maen sebentar lgsng jepe;;;;;
Saya lihat video ini untuk baca komen netizen 😂;0;lihat video baca komen netizen joy;;;;;;;
Dialog dimulai 26:42;0;dialog mulai;;;;;;;
gue rela gak beli sepatu nabung alexis17 .;1;gue rela gak beli sepatu nabung alexis17;;;;;;;
yg tunggu2 𝘼𝙇𝙀𝙓𝙄𝙎17;1;yg tunggu2 alexis17;;;;;;;
gass 𝘼𝙇𝙀𝙓𝙄𝙎17 .;1;gass alexis17;;;;;;;
menyenangkan berkat𝐏 𝐋 𝐔 𝐓 𝐎 𝟖 𝟖 ! rezeki menghampiri !;1;senang berkatp luto88 rezeki hampir;;;;;;;
Pasti mbak najwa pasti cape😂🤣;0;mbak najwa cape joy rofl;;;;;;;
Sesok tuku lak ora kawanen; masalae nganggur mbangkong;0;sok tuku lak ora kawanen masalae nganggur mbangkong;;;;;;
gak instan—eh ; kecuali cuan pu lau tujuh tujuh tujuh .;1;gak instan eh cuan pu lau tujuh tujuh tujuh;;;;;;
modal ; langsung dapet hasil gede ! rezeki 𝑺𝑼𝑯𝑼𝟑𝟐𝟖 !;1;modal langsung dapet hasil gede rezeki suhu328;;;;;;
Raih kemenangan Anda sekarang juga di Pulau 777!;1;raih menang sekarang pulau;;;;;;;
ok min ; weton88;1;min weton88;;;;;;
Muda berprestasi;bukan minta tolong relasi ...😢;0;muda prestasi bukan minta relasi cry;;;;;;
gue rela ninggalin kerjaan fokus alexis17 .;1;gue rela ninggalin kerja fokus alexis17;;;;;;;
33:30 bingung mobilnya keren keren;0;bingung mobil keren keren;;;;;;;
Pak Wapres Hebat...! Bisa ilangin dislike puluhan ribu dlm sehari😂;0;pak wapres hebat ilangin dislike puluh ribu dlm hari joy;;;;;;;
iseng ; 𝙆 𝙊 𝙄 𝙎 𝙇 𝙊 𝙏 bikin beneran nagih !;1;iseng koislot bikin beneran nagih;;;;;;
Wapres terbaik sepanjang sejarah indonesia 🙂;0;wapres baik panjang sejarah indonesia slight smile;;;;;;;
Hahaha ; i bet .. it never happened 😅😊;0;hahaha i bet it never happened sweat smile blush;;;;;;
Mereka terlalu pintar; presiden harus bawa orang untuk mendampingi;0;terlalu pintar presiden bawa orang damping;;;;;;
Yapping yapping 😂;0;yapping yapping joy;;;;;;;
tapi sekarang dah disembunyikan angka nya;0;sekarang dah sembunyi angka nya;;;;;;;
Anak ini ngomong apa sih;0;anak ngomong apa sih;;;;;;;
Bukanya recaro bangkrut yak?;0;buka recaro bangkrut yak;;;;;;;
Esemka mana esemka?😂😂😂;0;esemka mana esemka joy joy joy;;;;;;;
main sore sore pulang kerja ; langsung big win;1;main sore sore pulang kerja langsung big win;;;;;;
Bagus buat nonton MU yg lagi kacau di EPL 😅😅😅😅;0;bagus buat nonton mu yg kacau epl sweat smile sweat smile sweat smile sweat smile;;;;;;;
modal lgsng jepek gates;1;modal lgsng jepek gates;;;;;;;
 @lockysigarlaki163  Setuju AHOK Cocoknya Sama AGUAN Udah Dari Dulu Mereka Akrab Tuh;0;lockysigarlaki163 tuju ahok cocok sama aguan udah dulu akrab tuh;;;;;;;
Hasil gacir bikin aku makin puas main di M𝗮𝘯𝐝𝗮𝑙𝗶𝒌𝐚𝟟𝟳; makasih banyak!;1;hasil gacir bikin aku makin puas main mandalika77 makasih banyak;;;;;;
pertimbangkan menjelajahi 𝘼𝐸𝘙𝙊𝟾𝟪-jika menghargai komunitas memiliki .;1;timbang jajah aero88 harga komunitas milik;;;;;;;
Emang gak ada yang se-profitable ALEXIS⭐17⭐ deh.;1;emang gak se profitable alexis star star deh;;;;;;;
Pemuda di suruh tangguh; kerja keras  tp yg ngomong.... Bisanya..;0;pemuda suruh tangguh kerja keras tp yg ngomong bisa;;;;;;
jepey langsung; main di А𝙂𝘜S𝙏𝘖T𝐎;1;jepey langsung main agustoto;;;;;;
Soal nya apa jwb nya apa bapak....inti nya yg pas tak ada😢;0;soal nya apa jwb nya apa bapak inti nya yg pas tak cry;;;;;;;
Ga ada sesi tanya jawabkah...?;0;ga sesi tanya jawab;;;;;;;
Mass Ziko modip yamaha Nouvo z dong WKWK;0;mass ziko modip yamaha nouvo z dong wkwk;;;;;;;
anjir alexis17 situs kesukaan teman gw;1;anjir alexis17 situs suka teman gw;;;;;;;
seminggu main alexis17 ; gue udah ganti smart tv !;1;minggu main alexis17 gue udah ganti smart tv;;;;;;
Pemuda paling pintar se Indonesia 😊;0;pemuda paling pintar se indonesia blush;;;;;;;
Yg jual kulkas ortu jg banyak😂;0;yg jual kulkas ortu jg banyak joy;;;;;;;
gila updatean 𝑨𝑳𝑬𝑿𝑰𝑺17 keren ; gokil banget ! .;1;gila updatean alexis17 keren gokil banget;;;;;;
Gas main motor bg;0;gas main motor bg;;;;;;;
maen lgsng jepek ; modal aja;1;maen lgsng jepek modal aja;;;;;;
Pendidikan butuh makan margono😂;;0;didik butuh makan margono joy;;;;;;
Ga ada isi kepalanya.. cuma baca teks doang. Anak SD juga bisa.;0;ga isi kepala cuma baca teks doang anak sd;;;;;;;
Pejabat gx bs kerja😂;0;jabat gx bs kerja joy;;;;;;;
ribut cx80 d  sini ksa udah cx90;0;ribut cx8 d sini ksa udah cx9;;;;;;;
Lo percaya gak; temen gue sampe bikin merchandise Pulauwin.;1;lo percaya gak temen gue sampe bikin merchandise pulauwin;;;;;;
! 𝑲𝑰𝑵𝑮𝟑𝟐𝟖 bikin hidup happy !;1;king328 bikin hidup happy;;;;;;;
the best 𝗪𝗘𝗧𝗢𝗡𝟴𝟴 byar !;1;the best weton88 byar;;;;;;;
thanks bro the use vf;0;thanks bro the use vf;;;;;;;
auto jepey ! 𝐒𝐆𝐈𝟖𝟖;1;auto jepey sgi88;;;;;;;
Woi membaca teks yg dibuat org lain 😂;0;woi baca teks yg buat org joy;;;;;;;
Terlalu banyak;0;terlalu banyak;;;;;;;
2gd item ga disebut bang😂;0;2gd item ga sebut bang joy;;;;;;;
@antosp1869  Saingan iPhone bang;0;antosp1869 saing iphone bang;;;;;;;
Ekspresiny bikin gemes🤣🤣🤣;0;ekspresiny bikin gemes rofl rofl rofl;;;;;;;
Cuma di sini; ❤A L E X I S 1 7❤ emang paling top!;1;cuma sini heart a lexis1 heart emang paling top;;;;;;
sehat rezeki 𝐒𝐆𝐈𝟖𝟖;1;sehat rezeki sgi88;;;;;;;
Ayo cherry atau jaecoo sponsorin trio reviewer kita biar ke bali;0;ayo cherry jaecoo sponsorin trio reviewer biar bal;;;;;;;
Enak bgt main di 𝓟 𝓤 𝓛 𝓐 𝓤 𝓦 𝓘 𝓝 😆;1;enak bgt main pulauwin laughing;;;;;;;
Isi komen judol semua 😂;0;isi komen judol semua joy;;;;;;;
Wow! Gak bisa move on dari serunya 🔥⚡ALEXIS17⚡?🔥;1;wow gak move on seru fire zap alexis17 zap fire;;;;;;;
Solusinya? Kita harus siap;0;solusi siap;;;;;;;
Gibran wakil giveway ayahny;0;gibran wakil giveway ayahny;;;;;;;
​ @BellaYabyikka kan ada admin / team youtube khusus;0;bellayabyikka kan admin team youtube khusus;;;;;;;
tim yang langsung buka shopee;0;tim langsung buka shopee;;;;;;;
Tempo ngeri bang; hit pertama pasti di ulti;0;tempo ngeri bang hit pertama ulti;;;;;;
member setia P U L A U W I N absen;1;member setia pulauwin absen;;;;;;;
KDM dong bang;gubernur yang sangat dicintai warjga jabar;0;kdm dong bang gubernur sangat cinta warjga jabar;;;;;;
dari jawaban nya memang bener bener orang tua kolot;0;jawab nya memang bener bener orang tua kolot;;;;;;;
Meetnitelive : serius amat tanya jawabnya; langsung dimasak aja🎉🎉🎉;0;meetnitelive serius tanya jawab langsung masak aja tada tada tada;;;;;;
nyimak abang ; 𝐒𝐆𝐈𝟖𝟖 cair mulu;1;nyimak abang sgi88 cair mulu;;;;;;
Lebih seru baca komenny wkwk😂;0;lebih seru baca komenny wkwk joy;;;;;;;
Ngetiknya blepotan pak.;0;ngetiknya blepot pak;;;;;;;
Dengan jawaban ini semakin yakin konoha semakin GELAP😢;0;jawab makin yakin konoha makin gelap cry;;;;;;;
❤❤❤ JANGAN JUDI YA TEMAN-TEMAN 😊😊😊;0;heart heart heart jangan judi teman teman blush blush blush;;;;;;;
kalo tugas ; 𝘼𝙇𝙀𝙓𝙄𝙎17 juaranya .;1;kalo tugas alexis17 juara;;;;;;
Kalo disini 3800an; di channel pribadinya udah 32rban.;0;kalo sini 38 an channel pribadi udah 32rban;;;;;;
6:07 uhuuuyyy;1;uhuuuyyy;;;;;;;
Iya heran. Mpe enek diulang mulu MBG;0;iya heran mpe enek ulang mulu mbg;;;;;;;
Yok om Mobi; om Fitra dan om Ridwan ke Aceh..;0;yok om mob om fitra om ridwan aceh;;;;;;
0:50 harganya 50jtan aja ;;;0;harga 5 jtan aja;;;;;
Semua temen gue pada bilang ALEXIS⭐17⭐ tuh game changer!;1;semua temen gue bilang alexis star star tuh game changer;;;;;;;
21:47 wet bumper apa tuh yang di pojok kiri bawah;0;wet bumper apa tuh pojok kiri bawah;;;;;;;
pokoknya kalo butuh cepet ; 𝘼𝙇𝙀𝙓𝙄𝙎17 solusinya . parah .;1;pokok kalo butuh cepet alexis17 solusi parah;;;;;;
Coba rely bang;0;coba rely bang;;;;;;;
emang gak se-worth it alexis17 deh .;1;emang gak se worth it alexis17 deh;;;;;;;
proses nya cpt bgt gile alexis 17;1;proses nya cpt bgt gile alexis;;;;;;;
swert bonanja gacir banget ; mantul;1;swert bonanja gacir banget mantul;;;;;;
GILA HASILNYA KEREN BANGET;0;gila hasil keren banget;;;;;;;
gue udah coba main jam-jam ; alexis17 ! emang gacor jam malam;1;gue udah coba main jam jam alexis17 emang gacor jam malam;;;;;;
Penonton ke 1.255;0;tonton;;;;;;;
orang kampung udh join 𝐏 𝐋 𝐔 𝐓 𝐎 𝟖 𝟖;1;orang kampung udh join pluto88;;;;;;;
emang gak se-worth it alexis17 sih .;1;emang gak se worth it alexis17 sih;;;;;;;
Kalo bus wisata mempesona nya pakai AP kelihatan elegan 😂;0;kalo bus wisata pesona nya pakai ap lihat elegan joy;;;;;;;
Bang pandji undang kang Dedi Mulyadi dong gubernur Jawa Barat sekarang;0;bang pandji undang kang dedi mulyadi dong gubernur jawa barat sekarang;;;;;;;
Aamiin;siap bgt bang;0;aamiin siap bgt bang;;;;;;
gokilll mantul kali  mandalika77  makasih info gacirny kakak;1;gokilll mantul kali mandalika77 makasih info gacirny kakak;;;;;;;
 @Lertzy.26  iya; aku nungguin juga ni;0;lertzy iya aku nungguin ni;;;;;;
Prosesnya sangat cepat; terima kasih kepada PulΛᴜ𝟽𝟽𝟽.;1;proses sangat cepat terima kasih pullu777;;;;;;
cape banget liat beginian tiap waktu;0;cape banget liat begini tiap waktu;;;;;;;
anjayy Ga nyangka gua bisa maxwin dariGa ruda-Ho ki😚;1;anjayy ga nyangka gua maxwin dariga ruda ho ki kissing closed eyes;;;;;;;
main 𝐌𝐢𝐘𝐚𝟖𝟖 tuh nggak kerasa ; tahu-tahu seneng !;1;main miya88 tuh rasa tahu tahu neng;;;;;;
Jepe pertama kali maen; lgsng suka;1;jepe pertama kali maen lgsng suka;;;;;;
Telek kucing 🐱;0;telek kucing cat;;;;;;;
konten ! keren banget menjelaskannya ! main bagus bang 𝐒𝐆𝐈𝟖𝟖;1;konten keren banget jelas main bagus bang sgi88;;;;;;;
Bang gw punya suv taun lama bisa di bangun buat ngedrift gak ya? 10:59;0;bang gw punya suv taun lama bangun buat ngedrift gak;;;;;;;
Triliunan hasil nya gini doang 😅;0;triliun hasil nya gin doang sweat smile;;;;;;;
pagi-pagi udah dapet notif wd alexis17 ; ; mood langsung minggu;1;pagi pagi udah dapet notif wd alexis17 mood langsung minggu;;;;;
Lanjutkan trs smgt bg jeje..❤;0;lanjut trs smgt bg jeje heart;;;;;;;
kenapa ga orang orang ini yang jadi dpr sih;0;ga orang orang jadi dpr sih;;;;;;;
Mobilnya anaknya sahroni yah bang;0;mobil anak sahroni yah bang;;;;;;;
berkah rezeki berkat 𝗪𝗘𝗧𝗢𝗡𝟴𝟴 ; puji syukur !;1;berkah rezeki berkat weton88 puji syukur;;;;;;
Terbaik abangku;0;baik abang;;;;;;;
Khusus Mbak Nana cuma dikasih waktu 10 menit;0;khusus mbak nana cuma kasih waktu menit;;;;;;;
Garasi drift kapan pakai v8 juga?;0;garasi drift kapan pakai v8;;;;;;;
Berharap setelah dia turun bukan Fufufafa yang naik;0;harap turun bukan fufufafa naik;;;;;;;
Alamak; CBR 250 gw kalah harganya sama hp ini 😂;0;alamak cbr gw kalah harga sama hp joy;;;;;;
Gokil! ⚡ALEXIS17⚡ bikin hariku lebih berwarna!;1;gokil zap alexis17 zap bikin hari lebih warna;;;;;;;
sehat kang semngat ngonten dilancarkan urusannya salam 𝗦𝗚𝗜𝟴𝟴;1;sehat kang semngat ngonten lancar urus salam sgi88;;;;;;;
Saya suka gimana 🅿️🆄🅻🅰️🆄777 selalu update;1;suka gimana pulau777 selalu update;;;;;;;
hahhahhaha;0;hahhahhaha;;;;;;;
Udah pura pura gak liat aja;0;udah pura pura gak liat aja;;;;;;;
33:05 puncak komedi😅;0;puncak komedi sweat smile;;;;;;;
Insert gambar pria duduk sambil mengerutkan dahinya.;0;insert gambar pria duduk kerut dahi;;;;;;;
"Sealion 7 ""dan apabila esok"" 😂😂😂";0;sealion apabila esok joy joy joy;;;;;;;
Masih bagusan podcast demam tinggi 😂;0;bagus podcast demam tinggi joy;;;;;;;
nyaman bermain 𝑲𝑰𝑵𝑮𝟑𝟐𝟖;1;nyaman main king328;;;;;;;
"12:23 ""Seres 008 eh itu Saras 008""";0;seres eh saras;;;;;;;
👇tombol yakin dia gk ngerti apa yg di omongin;0;point down tombol yakin gk ngerti apa yg omongin;;;;;;;
idem.. bisa dislike berapa kali yaaaa;0;idem dislike berapa kali yaaaa;;;;;;;
Semua temen gue pada bilang ALEXIS⭐17⭐ tuh bikin nagih parah!;1;semua temen gue bilang alexis star star tuh bikin nagih parah;;;;;;;
d 𝘌 𝐖 𝘈 𝐷 o 𝙍 𝐀bikin lupa duniawi ; hiburan !;1;dewador abikin lupa duniawi hibur;;;;;;
Kapan kapan bikin futura spek drift dong😂;0;kapan kapan bikin futura spek drift dong joy;;;;;;;
Sulit pasta di jegal firaun solo😂;0;sulit pasta jegal firaun solo joy;;;;;;;
STOP JUDOL;0;stop judol;;;;;;;
terimakasih upload bg ; sibuk𝗪𝗘𝗧𝗢𝗡𝟴𝟴;1;terimakasih upload bg sibukweton88;;;;;;
Ganteng banget 🎉🎉;0;ganteng banget tada tada;;;;;;;
gue rela ninggalin nonton bola fokus alexis17 .;1;gue rela ninggalin nonton bola fokus alexis17;;;;;;;
GGWP88; tempatnya para SLOTER sejati!;1;ggwp88 tempat sloter sejati;;;;;;
Balum liat videonya aja udah gua dislike;0;balum liat video aja udah gua dislike;;;;;;;
Miris; 1 keluarga dibenci 1 negara;0;miris keluarga benci negara;;;;;;
anies jauh di bawah pak basuki;0;anies jauh bawah pak basuki;;;;;;;
M𝗮𝘯𝐝𝗮𝑙𝗶𝒌𝐚𝟟𝟳 6:11 gua main bentar aja; lgnsung WD gede;1;mandalika77 gua main bentar aja lgnsung wd gede;;;;;;
woi woi apenihh .. akhirnya yg di tunggu;0;woi woi apenihh akhir yg tunggu;;;;;;;
auto emosi 😂;0;auto emosi joy;;;;;;;
Sorry q juga rakyat; q dulu coblos Prabowo hanya karna ada Gibran.;0;sorry q rakyat q dulu coblos prabowo karna gibran;;;;;;
Gk diakui eksistensinya 🤭;0;gk aku eksistensi face with hand over mouth;;;;;;;
ALEXIS-17☯ tuh emang beda; customer servicenya ramah-ramah banget;1;alexis yin tuh emang beda customer servicenya ramah ramah banget;;;;;;
Kira kira dia baca ; hafal atau emg dr pikiran nya?;0;kira kira baca hafal emg dr pikir nya;;;;;;
Kalo mau tablet yang 1.500.000. Yang bagus merk apa ya ?;0;kalo mau tablet bagus merk apa;;;;;;;
2jm nyampai gw .;0;2jm nyampai gw;;;;;;;
kerennn contentnya bang ; cari situs 𝗦𝗚𝗜𝟴𝟴;1;kerennn contentnya bang cari situs sgi88;;;;;;
Aku cuma mau bilang; oke gass oke gass;0;aku cuma mau bilang oke gass oke gass;;;;;;
Bro ingin mencoba konsep kaya bang ferry?;0;bro coba konsep kaya bang ferry;;;;;;;
Buset videonya sih gokil;⭐𝘼𝙇𝙀𝙓𝙄𝙎17;1;buset video sih gokil star alexis17;;;;;;
𝘋𝐎𝐑𝐴𝟽𝟳 gachor bgt; jepey terus;1;dora77 gachor bgt jepey terus;;;;;;
Mobil ini bagus untuk masa depan;0;mobil bagus masa depan;;;;;;;
kakak bos untung В𝒪Ꮤ𝒪𝟳𝟳 perfect langsung;1;kakak bos untung votao77 perfect langsung;;;;;;;
Blitar jatim kah?;0;blitar jatim;;;;;;;
KOSONG!!!;0;kosong;;;;;;;
gak gagal ; 𝗦𝗚𝗜𝟴𝟴;1;gak gagal sgi88;;;;;;
​ @dimasseto7248  semangat banget copasnya bg sampai dibawa ke puluhan komentar;0;dimasseto7248 semangat banget copasnya bg bawa puluh komentar;;;;;;;
02:08 emil audero calon pemain yg di naturalisasi 😊;0;emil audero calon main yg naturalisasi blush;;;;;;;
Apalah daya kita yang tak memiliki orang dalam...;0;apa daya tak milik orang;;;;;;;
We te ep banget emang gokil;0;we te ep banget emang gokil;;;;;;;
Yang setuju setelah ini giliran gibran.. like..👍;0;tuju gilir gibran like thumbsup;;;;;;;
WKWKWKWK PREEEETTTTT;0;wkwkwkwk preeeettttt;;;;;;;
respect bang sadad sama erspo🎉🎉👍;0;respect bang sadad sama erspo tada tada thumbsup;;;;;;;
makasih betul admin sahabat sahabat saya udah membujuk pula buat bermain di mandalika77 gacir akut;1;makasih betul admin sahabat sahabat udah bujuk buat main mandalika77 gacir akut;;;;;;;
Tengkyu brok ini yg gua cari 😊;0;tengkyu brok yg gua cari blush;;;;;;;
seperti ya bukan selera ku; terlalu ribet 😂;0;bukan selera ku terlalu ribet joy;;;;;;
Mobil china bagus2 ya semua modelnya aneh2;0;mobil china bagus2 semua model aneh2;;;;;;;
Wuiiiih mantap banget nich; aku suka banget dech pokoknya❤;0;wuiiiih mantap banget nich aku suka banget dech pokok heart;;;;;;
Kegiatan wajib di acara event giias Dan iims bareng om mobi;0;giat wajib acara event giias iims bareng om mob;;;;;;;
Keraaasss macan sirkus😂;0;keraaasss macan sirkus joy;;;;;;;
😂kirain macan taunya kucing kampung;0;joy kirain macan tau kucing kampung;;;;;;;
Klu menurut saya jelek;0;klu jelek;;;;;;;
akhirrrnyaaa bagus konten abang ! ! coba main 𝐒𝐆𝐈𝟖𝟖;1;akhirrrnyaaa bagus konten abang coba main sgi88;;;;;;;
buang buang waktu dan ujungnya ngeselin;0;buang buang waktu ujung ngeselin;;;;;;;
𝐀G𝘜𝘚TO𝘛𝘖 gua bru maen bentar; lngsg jepe;1;agustoto gua bru maen bentar lngsg jepe;;;;;;
wkwk bener;0;wkwk bener;;;;;;;
bro kemana aja sih ? alexis 17 bagi-bagi mobil nih member setia;1;bro aja sih alexis mobil nih member setia;;;;;;;
gimana carahnya daptar mandalika77 kak;1;gimana carah daptar mandalika77 kak;;;;;;;
Main lagi di 𝘈𝘎𝙐𝙎T𝙊T𝐎; siapa tau rezeki datang lagi!;1;main agustoto siapa tau rezeki datang;;;;;;
Iyakan?? Benar kan??;0;iya benar kan;;;;;;;
Berarti GMC dibawah naungan stelantis ya mas?;0;arti gmc bawah naung stelantis mas;;;;;;;
lo gak tau serunya cobain 𝙋𝙐𝙇𝘼𝙐𝙒𝙄𝙉 .;1;lo gak tau seru cobain pulauwin;;;;;;;
gacir banget ; main 𝗪𝗘𝗧𝗢𝗡𝟴𝟴;1;gacir banget main weton88;;;;;;
KOSONG isi ceramah Hokage 13;0;kosong isi ceramah hokage;;;;;;;
Hebatnya tetap di pilih oleh rakyat infonesia;0;hebat tetap pilih rakyat infonesia;;;;;;;
ok min ; 𝗦𝗚𝗜𝟴𝟴;1;min sgi88;;;;;;
wiiiiiiityy;0;wiiiiiiityy;;;;;;;
emang gak se-keren alexis17 sih .;1;emang gak se keren alexis17 sih;;;;;;;
Parahhh urat leher gua ikut kenceng😅😅😅;0;parahhh urat leher gua ikut kenceng sweat smile sweat smile sweat smile;;;;;;;
Gokil! Gak bisa move on dari serunya 🔥⚡ALEXIS17⚡?🔥;1;gokil gak move on seru fire zap alexis17 zap fire;;;;;;;
keren banget situs ✩░▒▓▆▅▃▂▁𝐌𝐀𝐍𝐃𝐀𝐋𝐈𝐊𝐀𝟕𝟕▁▂▃▅▆▓▒░✩ hampir tidak ada kerungkatan bro rasio kemenangannya tinggi banget gokil sih ini blm pernah nemu situs yang gacor kali kek gini susunan pola nya enak banget buat dicombo sama petir merah nya langsung aja all in;1;keren banget situs mandalika77 hampir kerungkatan bro rasio menang tinggi banget gokil sih blm pernah nemu situs gacor kali kek gin susun pola nya enak banget buat dicombo sama petir merah nya langsung aja all in;;;;;;;
Aku yg baru pertama nonton video ini langsung cek kolom komentar;0;aku yg baru pertama nonton video langsung cek kolom komentar;;;;;;;
1:48:08 ”Supersemar;” celetukan Uni Lubis. 😭;0;supersemar celetuk uni lubis sob;;;;;;
nissan fairlady 350z itu🗿;0;nissan fairlady 35 z moyai;;;;;;;
Itu murah njirr.. di China aja ￥23;000. berarti sekitar 52jt.;0;murah njirr china aja y23 arti 52jt;;;;;;
Sayang banget Ahok ga bisa jadi pejabat publik...;0;sayang banget ahok ga jadi jabat publik;;;;;;;
Kereeeennnnnnnnnn 😭😭😭😭;0;kereeeennnnnnnnnn sob sob sob sob;;;;;;;
Emang omon omon;0;emang omon omon;;;;;;;
Gampang; suruh orang dalam istana yang ludahin;0;gampang suruh orang istana ludahin;;;;;;
kece bgt lo bang bim;0;kece bgt lo bang bim;;;;;;;
gak mikir kali join alexis17 .;1;gak mikir kali join alexis17;;;;;;;
Nonton sambil ngopi gess;0;nonton ngopi gess;;;;;;;
Jawaban prabowo seperti bercerita dan membantah;0;jawab prabowo cerita ban;;;;;;;
first ☝️☝️;0;first point up point up;;;;;;;
Rezeki datang dari 𝘈𝘎𝑈𝙎𝘛𝙊𝐓O! Jangan sampai ketinggalan lagi!;1;rezeki datang agustoto jangan tinggal;;;;;;;
Pabrik namanya apa?; daerah mana;0;pabrik nama apa daerah mana;;;;;;
poin nya adalah lincah dan adaptif;dikata balita disuruh lincah😂😂😂😂;0;poin nya lincah adaptif kata balita suruh lincah joy joy joy joy;;;;;;
​ @Starprtm intine made in China iPhone   tpi peguna nya gak terima..;0;starprtm intine made in china iphone tpi guna nya gak terima;;;;;;;
Inilah pribahasa di atas langit masih ada satelit 🙃🙃;0;ini pribahasa atas langit satelit upside down upside down;;;;;;;
𝐒𝐆𝐈𝟖𝟖 keren banget;1;sgi88 keren banget;;;;;;;
mantap alexis17 suka pecah scatter pantes rame;1;mantap alexis17 suka pecah scatter pantes rame;;;;;;;
Mental sang petarung;;;;;;;;;
Yang like masuk surga;0;like masuk surga;;;;;;;
Sering sering dong om colab kalau lagi ngereview seruuu nontonnya;0;sering sering dong om colab kalau ngereview seruuu nontonnya;;;;;;;
Firts bang;0;firts bang;;;;;;;
gak pengalaman menang alexis17 .;1;gak alam menang alexis17;;;;;;;
Kalau sendiri bicaranya lancar;kok ngak berani tampil dikampus.;0;kalau sendiri bicara lancar kok ngak berani tampil kampus;;;;;;
​ @Pembunuh-Zionis-Pesek udh yapping ya kids 🤓🤓🤓;0;bunuh zionis pesek udh yapping kids nerd nerd nerd;;;;;;;
gue udah coba main jam-jam ; alexis17 ; emang gacor jam fajar;1;gue udah coba main jam jam alexis17 emang gacor jam fajar;;;;;
Kenapa shoot cameranya diawal agak aneh ya;0;shoot cameranya awal aneh;;;;;;;
Penasaran concept motor by ziko😅;0;penasaran concept motor by ziko sweat smile;;;;;;;
​ @mrizky5653 😂😂😂 kalau copot bisa di pasangkan lagi kan;0;mrizky5653 joy joy joy kalau copot pasang kan;;;;;;;
alexis17 bikin gue ketagihan ; udah kaya candu aja nih;1;alexis17 bikin gue tagih udah kaya candu aja nih;;;;;;
kacau masbray;itungan nya gak pernah melenceng;tidak pernah merugikan member;selalu memperkaya member itu mandalika77;1;kacau masbray itungan nya gak pernah lenceng pernah rugi member selalu kaya member mandalika77;;;;
Ada loker ga ?;0;loker ga;;;;;;;
maen di A𝙃𝐌А𝐃𝙏𝘖𝙏O ga sia2; mekswin pol;1;maen ahmadtoto ga sia2 mekswin pol;;;;;;
tunggu tunggu salam jepe 𝐒𝐆𝐈𝟖𝟖;1;tunggu tunggu salam jepe sgi88;;;;;;;
Si asep gadiajak;0;si asep gadiajak;;;;;;;
gass modif motorr;0;gass modif motorr;;;;;;;
Saya Pakai Huawei P30 sdh 5thn lbh...sampai skrg perfoma masih Ok;0;pakai huawei p3 sdh 5thn lbh skrg perfoma;;;;;;;
Lucu banget pas skak hahahhaa; Mantap pak Ahok rasain lu jiii;0;lucu banget pas skak hahahhaa mantap pak ahok rasain lu jiii;;;;;;
mending ditabung buat beli tanah atau sawah🤣;0;mending tabung buat beli tanah sawah rofl;;;;;;;
TIM YANG SUDAH BELI 🎉;0;tim beli tada;;;;;;;
Numpang tenar; yg lagi hits kah??? 😮😮;0;numpang tenar yg hits open mouth open mouth;;;;;;
Ngakak cik;0;ngakak cik;;;;;;;
sehari join alexis17 ; gue udah dapet cuan beli laptop !;1;hari join alexis17 gue udah dapet cuan beli laptop;;;;;;
Apalagi ini 𝐁𝐔𝐊𝐈𝐓𝟖𝟖𝟖;1;bukit888;;;;;;;
Sekilas dri samping mirip fj cruser;0;kilas dri samping mirip fj cruser;;;;;;;
gw demen gas 𝐒𝐆𝐈𝟖𝟖 wkwkwkww seru . sering2 sih mah;1;gw demen gas sgi88 wkwkwkww seru sering2 sih mah;;;;;;;
Siapapun semua yg udh kepilih kaya iat;0;siapa semua yg udh pilih kaya iat;;;;;;;
Undang bang adiaaaannn;0;undang bang adiaaaannn;;;;;;;
Thx mas Atenx 🫡;0;thx mas atenx saluting face;;;;;;;
Jangan;cakepan gitu;0;jangan cakep gitu;;;;;;
head 2 head sama KDM bakal kalah kalow modelnya popularitas;0;head head sama kdm bakal kalah kalow model popularitas;;;;;;;
gabisa brooo di potong moderatornya;0;gabisa brooo potong moderator;;;;;;;
Gw liatnya 2024; ada player pubg yg make;0;gw liat player pubg yg make;;;;;;
gue sih udah pasang alarm khusus main alexis17 .;1;gue sih udah pasang alarm khusus main alexis17;;;;;;;
0:03 keren coba bang gas 𝗪𝗘𝗧𝗢𝗡𝟴𝟴;1;keren coba bang gas weton88;;;;;;;
 @Fate-v9f  apa apa kok dikaitin ke game 😂 kocak. pasarnya aja beda;0;fate v9f apa apa kok dikaitin game joy kocak pasar aja beda;;;;;;;
dua duanya juga sama saja pak.. mau gimana lagi ga da pilihan lain;0;dua sama pak mau gimana ga da pilih;;;;;;;
Wajib coba! Setia banget sama ⚡ALEXIS17⚡ sejak awal!;1;wajib coba setia banget sama zap alexis17 zap sejak awal;;;;;;;
🔥ＡＬＥＸＩＳ１７🔥 Selalu kasih vibe positif. Rasain sendiri keseruannya!;1;fire alexis17 fire selalu kasih vibe positif rasain sendiri seru;;;;;;;
Bang bilal di suruh olahraga bang biar ttp sehat;0;bang bilal suruh olahraga bang biar ttp sehat;;;;;;;
dapetin info 𝘼𝙇𝙀𝙓𝙄𝙎17 ? fix .;1;dapetin info alexis17 fix;;;;;;;
rezeki nggak kemana ; makasih alexis17 !;1;rezeki makasih alexis17;;;;;;
Dukung Anies-Ahok 2029 🔥;0;dukung anies ahok fire;;;;;;;
Bahas vivo x200 ultera dong bang;0;bahas vivo x2 ultera dong bang;;;;;;;
50 jt aj bjir🗿🗿;0;jt aj bjir moyai moyai;;;;;;;
Gus iqdam pon ada juga hummer;0;gus iqdam pon hummer;;;;;;;
keren banget ! menang 𝐒𝐆𝐈𝟖𝟖 ; auto liburan mewah !;1;keren banget menang sgi88 auto libur mewah;;;;;;
berkembang arhan semangattt ! ! ! ! ! salam 𝗪𝗘𝗧𝗢𝗡𝟴𝟴 ! gampang jepe;1;kembang arhan semangattt salam weton88 gampang jepe;;;;;;;
bener; ngakak gw dengernya; padahal dengerin sambil kerja 🤣;0;bener ngakak gw dengernya padahal dengerin kerja rofl;;;;;
terima kasi rezekinya 𝗪𝗘𝗧𝗢𝗡𝟴𝟴;1;terima kasi rezeki weton88;;;;;;;
bang sattt lah-ga ru da-ho ki gacoor bgt candu gua;1;bang sattt lah ga ru da ho ki gacoor bgt candu gua;;;;;;;
seminggu main alexis17 ; gue udah bayar spp anak setahun !;1;minggu main alexis17 gue udah bayar spp anak tahun;;;;;;
P U L A U 7 7 7 bikin senyum gak berhenti; mantap pol!;1;pulau777 bikin senyum gak henti mantap pol;;;;;;
kali nemu platform sehebat alexis17 .;1;kali nemu platform hebat alexis17;;;;;;;
Letsss goooo buat bsk; all in umbu 🔥🔥;0;letsss goooo buat bsk all in umbu fire fire;;;;;;
Video ini bs ditakedown kah? Drpd nambah dosa....😂;0;video bs ditakedown drpd nambah dosa joy;;;;;;;
24:33 WKWKWKWKW;;;;;;;;;
Jakpot besar bikin aku makin 4:51 percaya sama keberuntungan di M𝗮𝘯𝐝𝗮𝑙𝗶𝘬𝐚𝟟𝟳!! 😷 🤒;1;jakpot besar bikin aku makin percaya sama untung mandalika77 mask thermometer face;;;;;;;
situs terbesar kebanggan gw ; alexis17;1;situs besar banggan gw alexis17;;;;;;
bagus ding;0;bagus ding;;;;;;;
13:55 ada makhluk halus;0;makhluk halus;;;;;;;
Ritual setiap ada pameran otomotif;0;ritual pamer otomotif;;;;;;;
gak kecewa pawpaw4d ; kasih terbaik .;1;gak kecewa pawpaw4d kasih baik;;;;;;
gue sih percaya aja alexis17 ; gak ngecewain .;1;gue sih percaya aja alexis17 gak ngecewain;;;;;;
4:13 alwayssss si bapaknya tehhh 😭😭😭;0;alwayssss si bapak tehhh sob sob sob;;;;;;;
ＭΛＮDALIKΛ𝟟𝟟 bikin ketagihan! 4:19;1;mlndalikl77 bikin tagih;;;;;;;
nunggu yang bisa lipet 5;0;nunggu lipet;;;;;;;
04:31 ─═𝗕𝗘𝗥𝗞𝗔𝗛𝟵𝟵 ═─ ngga lawan emang;1;berkah99 ngga lawan emang;;;;;;;
ASC kan kepanjangannya Ahmad Syahroni Center 😂;0;asc kan panjang ahmad syahroni center joy;;;;;;;
Udah terang nih.....😁;0;udah terang nih grin;;;;;;;
Crazy rich tanjung priok 😁;0;crazy rich tanjung priok grin;;;;;;;
Maaf saya ngga kuat; saya sudahi nonton di menit 5;0;maaf ngga kuat sudah nonton menit;;;;;;
Jika Anda menikmati permainan strategis; M𝗮𝘯𝐝𝗮𝑙𝗶𝒌𝐚𝟟𝟳 mungkin menarik.;1;nikmat main strategis mandalika77 mungkin tarik;;;;;;
Langsung beli surya;0;langsung beli surya;;;;;;;
Saya kira ini mobilnya Farrel;0;kira mobil farrel;;;;;;;
bro ; lo udah cobain alexis17 ? dijamin nagih abis !;1;bro lo udah cobain alexis17 jamin nagih abis;;;;;;
class bos 𝗪𝗘𝗧𝗢𝗡𝟴𝟴 gak ribet depo cepat wd lancar;1;class bos weton88 gak ribet depo cepat wd lancar;;;;;;;
Pertanyaannya; presiden gk punya tim yg bacain berita kah?;0;tanya presiden gk punya tim yg bacain berita;;;;;;
Hpnya ISHOWTECH;0;hpnya ishowtech;;;;;;;
Terlihat emosional; mata berkaca2 menahan amarah dan kekesalan;0;lihat emosional mata berkaca2 tahan amarah kesal;;;;;;
emang gak se-recommended alexis17 deh .;1;emang gak se recommended alexis17 deh;;;;;;;
Ada yg punya emote ngicing di   layar gak??;0;yg punya emote ngicing layar gak;;;;;;;
 @SamsulKhoir-w5t  kalo matanya buzzer gelap gak?;0;samsulkhoir w5t kalo mata buzzer gelap gak;;;;;;;
𝗪𝗘𝗧𝗢𝗡𝟴𝟴 uhuy !;1;weton88 uhuy;;;;;;;
Mana cross treak kamiii;0;mana cross treak kamiii;;;;;;;
modal receh ; lgsng mekswin gg;1;modal receh lgsng mekswin gg;;;;;;
Seperti kentut kosong;0;kentut kosong;;;;;;;
Terpaksa milih jokowi daripada beginian.;0;paksa milih jokowi begini;;;;;;;
Linus aja iri; pengen punya; sayangnya gak resmi;0;lus aja iri ken punya sayang gak resmi;;;;;
Intinya; kita harus siap;0;inti siap;;;;;;
bang kenapa BRZ? kenapa gak GR 86?;0;bang brz gak gr;;;;;;;
kebangkitan cuan 𝐒𝐆𝐈𝟖𝟖;1;bangkit cuan sgi88;;;;;;;
class bos 𝐒𝐆𝐈𝟖𝟖 gak ribet depo cepat wd lancar;1;class bos sgi88 gak ribet depo cepat wd lancar;;;;;;;
Keren parah 🔥🔥;0;keren parah fire fire;;;;;;;
 @alphacraft1386  hehehe sy Ibu2; ibunya Dipo😁;0;alphacraft1386 hehehe sy ibu2 ibu dipo grin;;;;;;
Baru Rp.5.000 terkumpul. Semangat cari sisanya 😂;0;baru rp kumpul semangat cari sisa joy;;;;;;;
Gokil sih ᗩᗷGᗯIᑎ; Gacir pol bro!;1;gokil sih bokuggooiti gacir pol bro;;;;;;
auto jepey ! λ l e x i s 1 7 ;;1;auto jepey llexis17;;;;;;
bisa dipotong gak bang?  terus  bagi buat gw wkwkwk;0;potong gak bang terus buat gw wkwkwk;;;;;;;
Anies x Ahok 2029 ya ges yaaa;0;anies x ahok ges yaaa;;;;;;;
absen dari 𝑯𝑶𝑲𝑰777 kalian dari mana aja?;1;absen hoki777 kalian mana aja;;;;;;;
coba kalau di Indonesia ada acara kayak Top Gear;0;coba kalau indonesia acara kayak top gear;;;;;;;
@ yup ; anak pertama ahmad saroni;0;yup anak pertama ahmad saron;;;;;;
Lebih memilih nonton ulang film dirty vote daripada nonton ini;0;lebih pilih nonton ulang film dirty vote nonton;;;;;;;
𝘼𝙇𝙀𝙓𝙄𝙎17 tuh emang bener-bener beda ; sistemnya transparan;1;alexis17 tuh emang bener bener beda sistem transparan;;;;;;
𝐁𝐓𝐕❶❻❽ sumber berkah—semoga bareng !;1;btv168 sumber berkah moga bareng;;;;;;;
Dongeng si Momon;0;dongeng si momon;;;;;;;
Realme 14x bang;0;realme 14x bang;;;;;;;
ntar jawabnya pake AI bg;0;ntar jawab pake ai bg;;;;;;;
swert bonanja gacir banget ; mantul;1;swert bonanja gacir banget mantul;;;;;;
petir merah gates bikin mekswin;1;petir merah gates bikin mekswin;;;;;;;
Gacur parah; udh wede berkali-kali;1;gacur parah udh wede kali kali;;;;;;
KDM ga masuk radar bang panji kah?;0;kdm ga masuk radar bang panji;;;;;;;
Gmn ga mentok kanan coba ; anaknya ahmad saroni;0;gmn ga mentok kanan coba anak ahmad saron;;;;;;
@adiwijayasalim6922  klw itu beda cerita bang 😭;0;adiwijayasalim6922 klw beda cerita bang sob;;;;;;;
grafis 𝐃e𝑊𝘈d𝘖𝙍𝐀 -keren banget ; bikin betah main !;1;grafis dewadora keren banget bikin betah main;;;;;;
😂 kita tdk sama bro;0;joy tdk sama bro;;;;;;;
menit 1 jm 20 paling lucu hahah;0;menit jm paling lucu hahah;;;;;;;
Justru kalau gak diblokir Amrik mereka gak secepat itu inovasinya😅;0;justru kalau gak blokir amrik gak cepat inovasi sweat smile;;;;;;;
𝐊𝐨𝐢𝐒𝐋𝐎𝐓 ngasih spesial gabung !;1;koislot ngasih spesial gabung;;;;;;;
Saya yakin b𝘜KꀤT 888; nggak akan mengecewakan;1;yakin bukbuopt kecewa;;;;;;
makasih  mandalika77  udah ngebuat kemenangan jadi perihal yang lazim untuk gue;1;makasih mandalika77 udah ngebuat menang jadi perihal lazim gue;;;;;;;
kasih bocoran game gacor sma admin nya;1;kasih bocor game gacor sma admin nya;;;;;;;
bakal pecah si kalo gd project supercar huracan🔥;0;bakal pecah si kalo gd project supercar huracan fire;;;;;;;
gue rela ninggalin hobi fokus alexis17 .;1;gue rela ninggalin hobi fokus alexis17;;;;;;;
50 Jutaan ajaaaaaaa :face-purple-crying::face-purple-crying::face-purple-crying:;0;juta ajaaaaaaa face purple crying face purple crying face purple crying;;;;;;;
berkembang arhan semangattt ! ! ! ! ! salam 𝗪𝗘𝗧𝗢𝗡𝟴𝟴 ! gampang jepe;1;kembang arhan semangattt salam weton88 gampang jepe;;;;;;;
sayang ga dicoba saat bermain game;0;sayang ga coba main game;;;;;;;
Bagus modif lagi yah berguna di masyarakat perkebunan;0;bagus modif yah guna masyarakat kebun;;;;;;;
Ahok for RI 2029 Indonesia pasti makmur;0;ahok for ri indonesia makmur;;;;;;;
 @maizarindra498  ngakak; maaf gak saya aminin ya hehehe;0;maizarindra498 ngakak maaf gak aminin hehehe;;;;;;
​ @maizarindra498  Mungkin anda terlalu nyinyir bang. Santai aja komennya kawan. 😂;0;maizarindra498 mungkin terlalu nyinyir bang santai aja komennya kawan joy;;;;;;;
gokilll si ini; selamat mas dipo🎉🎉🎉;0;gokilll si selamat mas dipo tada tada tada;;;;;;
 @sunnysun7064  AHOK AGUAN Cocok Udah Akrab Dari Zaman Proyek Proyek DKI;0;sunnysun7 64 ahok aguan cocok udah akrab zaman proyek proyek dki;;;;;;;
semangat bosqu ; terbaik λlexis17 ;;1;semangat bosqu baik llexis17;;;;;
Hemat tapi pamer pake jet pribadi;0;hemat pamer pake jet pribadi;;;;;;;
Beliau sepertinya memang udah sangat sepuh.;0;beliau seperti memang udah sangat sepuh;;;;;;;
​ @ZIOMARKLIE  presiden KDM;0;ziomarklie presiden kdm;;;;;;;
 @sobat.kuliner  udah di bilang bang; ahok nggak mau di legislatif;0;sobat kuliner udah bilang bang ahok mau legislatif;;;;;;
gak skill marketing sukses alexis17 .;1;gak skill marketing sukses alexis17;;;;;;;
Iphone ga bikin hp lipat juga???😂;0;iphone ga bikin hp lipat joy;;;;;;;
Ok gas oke Gasse 😂😂😂😂;0;gas oke gasse joy joy joy joy;;;;;;;
sebulan main alexis17 ; gue udah dp mobil mewah !;1;bulan main alexis17 gue udah dp mobil mewah;;;;;;
apaan bahasa guru gembul dicopas;0;apa bahasa guru gembul dicopas;;;;;;;
Karena mobilnya besar dan berat;0;mobil besar berat;;;;;;;
gue rela begadang sampe subuh alexis17 .;1;gue rela begadang sampe subuh alexis17;;;;;;;
swert bonanja gacir ; jepe maen;1;swert bonanja gacir jepe maen;;;;;;
 @angeliart_  cieee buzzer wkwkwk;0;angeliart cieee buzzer wkwkwk;;;;;;;
seminggu main alexis17 ; gue udah ganti pc gaming !;1;minggu main alexis17 gue udah ganti pc gaming;;;;;;
Gila sih; Gak bisa move on dari serunya 🔥⚡𝒥 𝟤 𝟢 𝟢 𝑀⚡?🔥.;1;gila sih gak move on seru fire zap j m zap fire;;;;;;
Di blitar ada 1;0;blitar;;;;;;;
sketer ; jepek;1;sketer jepek;;;;;;
Sumenep madura hadir terus bang😊❤;0;sumenep madura hadir terus bang blush heart;;;;;;;
Dislike nya ga di  liatin 😂;0;dislike nya ga liatin joy;;;;;;;
mobil impian;0;mobil impi;;;;;;;
mas Ziko kapan pasang anti Lag😅;0;mas ziko kapan pasang anti lag sweat smile;;;;;;;
Jempol pertama. Apple : kok gue kesindir ya vid.;0;jempol pertama apple kok gue sindir vid;;;;;;;
ratu princess terbaik 𝑨𝑳𝑬𝑿𝑰𝑺17 .;1;ratu princess baik alexis17;;;;;;;
sampai kapanpun gak bakal ridlo saya maafin orang seperti ini;0;kapan gak bakal ridlo maafin orang;;;;;;;
makasih infonya kwnkwn alexis17 ane dh daftar jg ya semoga amanah;1;makasih info kwnkwn alexis17 ane dh daftar jg moga amanah;;;;;;;
He don't know the point and still Denial;0;he don t know the point and still denial;;;;;;;
permainan catur tercepat duniaa😆😆;0;main catur cepat duniaa laughing laughing;;;;;;;
Jangan kaku gitu baca naskah nya pak wapres dari hasil bapak dan paman 🤣🤣🤣;0;jangan kaku gitu baca naskah nya pak wapres hasil bapak paman rofl rofl rofl;;;;;;;
2029 dedi mulyadi ahok maju sy pilih;0;dedi mulyadi ahok maju sy pilih;;;;;;;
salesny bilang disarankan dikasih solar ; klo ngasih solar toyota .;0;salesny bilang saran kasih solar klo ngasih solar toyota;;;;;;
senang banget ; main а𝘎𝙐𝙎𝐓ot𝑂 bikin hariku cerah !;1;senang banget main agustoto bikin hari cerah;;;;;;
gacur parah ; udh wede;1;gacur parah udh wede;;;;;;
Pake subtilte bahasa Inggris bang;0;pake subtilte bahasa inggris bang;;;;;;;
Gak nyangka bisa menang sebanyak ini 1:16 di ＭΛＮDALIKΛ𝟟𝟟; serasa mimpi di siang bolong!;1;gak nyangka menang banyak mlndalikl77 serasa mimpi siang bolong;;;;;;
Keren banget! Langsung hoki sejak join 🔥⚡ALEXIS17⚡?🔥;1;keren banget langsung hoki sejak join fire zap alexis17 zap fire;;;;;;;
tau jam gacor alexis17 ; ? dm gue aja ; gue kasih tau pola terjitu;1;tau jam gacor alexis17 dm gue aja gue kasih tau pola jitu;;;;;
dan pabila esok;0;pabila esok;;;;;;;
Visi raja hutan 🔥🔥🔥;0;visi raja hutan fire fire fire;;;;;;;
bro tau ga alexis17 ; udah support bank e-wallet potongan;1;bro tau ga alexis17 udah support bank e wallet potong;;;;;;
Ngga mau; aku mau Huawei Pura X. Please; kapan rilis di Indo? 😭🙏;0;ngga mau aku mau huawei pura x please kapan rilis indo sob pray;;;;;
tunggu kemaren gua udah cobain 𝒉𝒐𝒌𝒊777 manteb banget;1;tunggu kemaren gua udah cobain hoki777 manteb banget;;;;;;;
gacor pol ; gampang banget wede;1;gacor pol gampang banget wede;;;;;;
Mazda cx50 dan cx90;0;mazda cx5 cx9;;;;;;;
jepe 2 kali ; wede lancar banget;1;jepe kali wede lancar banget;;;;;;
Rezeki dari 𝐀HM𝐀𝘿𝘛𝙊𝙏𝙊sungguh luar biasa; terima kasih Tuhan!;1;rezeki ahmadtotosungguh luar biasa terima kasih tuhan;;;;;;
dann dan bila esok; datang kembalii;0;dann bila esok datang kembali;;;;;;
Ampun suhu;0;ampun suhu;;;;;;;
prediksi pawpaw4d akurat bikin senang !;1;prediksi pawpaw4d akurat bikin senang;;;;;;;
emang gak se-reliable alexis17 .;1;emang gak se reliable alexis17;;;;;;;
Anis pinter ngomong doang gabisa kerja​ @SYLMenTan ;0;anis pinter ngomong doang gabisa kerja sylmentan;;;;;;;
biasanya aku main disitus sebelah asik kalah depo berapapun; semenjak kenal mandalika77 lunas semua utang gw bre paten lah mandalika77;1;biasa aku main situs belah asik kalah depo berapa semenjak kenal mandalika77 lunas semua utang gw bre paten lah mandalika77;;;;;;
Swert Bonanja gacir parah; wajib coba sih;1;swert bonanja gacir parah wajib coba sih;;;;;;
Crosstrek mana bang😭;0;crosstrek mana bang sob;;;;;;;
Sejak kenal ALEXIS⭐17⭐; gue jadi punya tabungan masa depan.;1;sejak kenal alexis star star gue jadi punya tabung masa depan;;;;;;
Judulnya lebih cocok PRABOWO OMON-OMON;0;judul lebih cocok prabowo omon omon;;;;;;;
Gue yakin timnas gak akan lolos pildun; apalagi efisiensi.. Yakin gue;0;gue yakin timnas gak lolos pildun efisiensi yakin gue;;;;;;
 @lululala3532  ga jg si 🤣;0;lululala3532 ga jg si rofl;;;;;;;
sketer ; auto wede;1;sketer auto wede;;;;;;
rezeki 𝘼 𝐻 𝙈 𝐀 d t o 𝐓 o-sungguh ; terima kasih tuhan !;1;rezeki ahmadtot o sungguh terima kasih tuhan;;;;;;
M𝗮𝘯𝐝𝗮𝑙𝗶𝒌𝐚𝟟𝟳 gua main bentar aja; lgnsung WD gede;1;mandalika77 gua main bentar aja lgnsung wd gede;;;;;;
bro 𝘼𝙇𝙀𝙓𝙄𝙎17 ngadain giveaway nih ; buruan ikutan deadline;1;bro alexis17 ngadain giveaway nih buru ikut deadline;;;;;;
terima kasi rezekinya 𝗪𝗘𝗧𝗢𝗡𝟴𝟴;1;terima kasi rezeki weton88;;;;;;;
Rakyat pas di media sosial 😠😡😤;;;;;;;;;
Berkah maklo;0;berkah maklo;;;;;;;
penasaran deh 𝘼𝙇𝙀𝙓𝙄𝙎17 ; kayaknya seru . abis .;1;penasaran deh alexis17 kayak seru abis;;;;;;
Episode tergokil 🔥🔥🔥;0;episode tergokil fire fire fire;;;;;;;
weton88 is the best;1;weton88 is the best;;;;;;;
❤❤❤❤ ;;;;;;;;;
3 JAM BERSAMA PRESIDEN HALU 🥹 SUNGGUH MENYEDIHKAN;0;jam sama presiden halu face holding back tears sungguh sedih;;;;;;;
swert bonanja gacir pol ; puas banget;1;swert bonanja gacir pol puas banget;;;;;;
Gas ngab zikoo konten Mio 😂;0;gas ngab zikoo konten mio joy;;;;;;;
Semua tergantung dana...😂;0;semua gantung dana joy;;;;;;;
Sekarang gd update videonya ngga harus hari jumat ya;0;sekarang gd update video ngga hari jumat;;;;;;;
Jepe trs tiap hari; cuma di 𝐃O𝑅𝐴𝟽𝟩;1;jepe trs tiap hari cuma dora77;;;;;;
dan bila esookk;0;bila esookk;;;;;;;
Baru jepe 2 kali; wede lancar banget;1;baru jepe kali wede lancar banget;;;;;;
Trgantung nenek;0;trgantung nenek;;;;;;;
​ @Pembunuh-Zionis-Pesek ya tetep aja teknologinya meh gak ada inovasi;0;bunuh zionis pesek tetep aja teknologi meh gak inovasi;;;;;;;
sketer sering keluar; jepek terus jadinya;1;sketer sering keluar jepek terus jadi;;;;;;
Takut salah ngelipet;;;;;;;;;
Yess buat ahok ; anis?? Big NO!!!;0;yess buat ahok anis big no;;;;;;
GARASI DRIFT ON TOP🔥🔥🔥;0;garasi drift on top fire fire fire;;;;;;;
jepey trs tiap hari; cuma di 𝘋𝐄𝘞𝐀𝐃O𝐑𝘈;1;jepey trs tiap hari cuma dewadora;;;;;;
My brother❤❤;0;my brother heart heart;;;;;;;
alexis17 terbaik dah;1;alexis17 baik dah;;;;;;;
Yoii dong modif motor;0;yoii dong modif motor;;;;;;;
auto jepey ! λ l e x i s 1 7 ;;1;auto jepey llexis17;;;;;;
Nungguin ahok nyapres.;0;nungguin ahok nyapres;;;;;;;
11:34 dinginin stnk😂;0;dinginin stnk joy;;;;;;;
anak abah2;0;anak abah2;;;;;;;
KPK menonton 🫣;0;kpk tonton face with peeking eye;;;;;;;
selalu desain baru; old nokia; miss you so much!;0;selalu desain baru old nokia miss you so much;;;;;
kelas emang DUIT DPR✌️;0;kelas emang duit dpr v;;;;;;;
ALEXIS-17☯ emang ga ada duanya; pelayanan VIP buat semua member;1;alexis yin emang ga dua layan vip buat semua member;;;;;;
KW Kualitas Wenak 😂;0;kw kualitas wenak joy;;;;;;;
Sejak kenal ALEXIS⭐17⭐; gue jadi punya banyak koneksi bisnis.;1;sejak kenal alexis star star gue jadi punya banyak koneksi bisnis;;;;;;
musuh menemukan saya wkwkwkw;0;musuh temu wkwkwkw;;;;;;;
temen kampus gue heran liat gue sukses gara-gara alexis17 .;1;temen kampus gue heran liat gue sukses gara gara alexis17;;;;;;;
bilal on top;0;bilal on top;;;;;;;
geloo 𝗦𝗚𝗜𝟴𝟴 cair x100;1;geloo sgi88 cair x1;;;;;;;
si alexis17 rajin banget udah rebahan pagi .;1;si alexis17 rajin banget udah rebah pagi;;;;;;;
Jakpot besar bikin aku makin 5:52 bahagia tiap kali main di MANDALIKA-77-!;1;jakpot besar bikin aku makin bahagia tiap kali main mandalika;;;;;;;
warna maroon nya gokil sih;0;warna maroon nya gokil sih;;;;;;;
nyelot gak pernah ribet MANTAB MANDALIKA77;;gak pernah rugi kalo main di sini; dari awal main sampai sekarang selalu WD; walaupun gak sampe maxwin; setidaknya modal gw selalu balik 2x lipat gas..;1;nyelot gak pernah ribet mantab mandalika77 gak pernah rugi kalo main sini awal main sekarang selalu wd walaupun gak sampe maxwin modal gw selalu balik 2x lipat gas;;
bro kemana aja sih ? alexis 17 bagi-bagi mobil nih member setia;1;bro aja sih alexis mobil nih member setia;;;;;;;
gue cek notif alexis17 .;1;gue cek notif alexis17;;;;;;;
HAHAAHAHAHAHAHAhAhA;0;hahaahahahahahahaha;;;;;;;
Mobil Subaru emang Keren;my Fav bgt👍👍;0;mobil subaru emang keren my fav bgt thumbsup thumbsup;;;;;;
9:52 pa bos wkwk; exactly org yg bakal beli ni hp😭;0;pa bos wkwk exactly org yg bakal beli ni hp sob;;;;;;
Terus berkembang arhan semangattt!!!!! Salam 𝐏𝐑𝐎𝐁𝐄𝐓𝟖𝟓𝟓! gampang Jepe;1;terus kembang arhan semangattt salam probet855 gampang jepe;;;;;;;
Mba Nana is still the same😅😅😅😅😅😊😊😊;0;mba nana is still the same sweat smile sweat smile sweat smile sweat smile sweat smile blush blush blush;;;;;;;
Udah lecet harga turun bang;0;udah lecet harga turun bang;;;;;;;
seminggu main alexis17 ; gue udah lunasi hutang !;1;minggu main alexis17 gue udah lunas hutang;;;;;;
viewnya kq gak nyampe jutaan? rakyat pd gak tertarik ya? 😅;0;viewnya kq gak nyampe juta rakyat pd gak tarik sweat smile;;;;;;;
Ｐｕｌａｕ７７７ selalu menghadirkan pengalaman unik;1;pulau777 selalu hadir alam unik;;;;;;;
Mantap pak Ahok ❤❤;0;mantap pak ahok heart heart;;;;;;;
maen santai; jepe terus di sini;1;maen santai jepe terus sini;;;;;;
suka compare sama negara dibawah; keliatan banget haus validasi;0;suka compare sama negara bawah liat banget haus validasi;;;;;;
gw gw jp alexis17 sekebon ni manusia;1;gw gw jp alexis17 kebon ni manusia;;;;;;;
bla bla bla ble ble ble blu blu blu;0;bla bla bla ble ble ble blu blu blu;;;;;;;
Crostrek mana;0;crostrek mana;;;;;;;
Sekarang malah lebih berisi Ridwan daripada om mobi 😅;0;sekarang malah lebih isi ridwan om mob sweat smile;;;;;;;
alexis17 ; udah denger bikin penasaran;1;alexis17 udah denger bikin penasaran;;;;;;
Ya Rabb..  Lindungilah Negriku..;0;rabb lindung negriku;;;;;;;
TOMBOL LIKE ZIKO BANGUN MOTOR; TERUTAMA MIO 😅😅😅;0;tombol like ziko bangun motor utama mio sweat smile sweat smile sweat smile;;;;;;
Apa benar dari isi kepalanya sendiri 😂;0;apa benar isi kepala sendiri joy;;;;;;;
Gue rela gak tidur demi ngikutin update terbaru ALEXIS⭐17⭐.;1;gue rela gak tidur ngikutin update baru alexis star star;;;;;;;
Lu aja jadi presiden bang;0;lu aja jadi presiden bang;;;;;;;
buat geber 2kd/2gd sabi tu; langsung jadi genset hajatan;0;buat geber 2kd 2gd sabi tu langsung jadi genset hajat;;;;;;
kepala kalian lah sketer hitam ; cuman di mandalika77 no tiputipu;1;kepala kalian lah sketer hitam cuman mandalika77 no tiputipu;;;;;;
FYI gaes; mobil ini remuk di event tadi sore;0;fyi gaes mobil remuk event tadi sore;;;;;;
cek notif alexis17 ; bangun tidur .;1;cek notif alexis17 bangun tidur;;;;;;
ada yang tau tier turnamen drifter dari yang pemula sampe yang pro ?;0;tau tier turnamen drifter mula sampe pro;;;;;;;
Menyusun kata2;0;susun kata2;;;;;;;
@DatuakSegala  biasa bang pembenci kita berdebat jg gk akan menang;0;datuaksegala biasa bang benci debat jg gk menang;;;;;;;
ya amfuuuuuuuuuuuuuuuun;0;amfuuuuuuuuuuuuuuuun;;;;;;;
Jangan lupa ping komen;0;jangan lupa ping komen;;;;;;;
Berdiri sendiri tanpa aliansi;0;diri sendiri aliansi;;;;;;;
auto jepey ! 𝐒𝐆𝐈𝟖𝟖;1;auto jepey sgi88;;;;;;;
Brz lebih keren gapake wing;0;brz lebih keren gapake wing;;;;;;;
@gema_17  jubirnya yang nyuruh kompas makan kepala babi itu ?;;;;;;;;;
Kangen backsound gd dulu;0;kangen backsound gd dulu;;;;;;;
2jm lagi nyampai gw.;0;2jm nyampai gw;;;;;;;
dan terjadi lagi..;0;jadi;;;;;;;
35:05 larry chen?;0;larry chen;;;;;;;
Kemenangan besar menunggu Anda di PULAU.7.7.7;1;menang besar tunggu pulau;;;;;;;
dasar mania jetbong!;0;dasar mania jetbong;;;;;;;
sebulan main alexis17 ; hidup gue berubah total !;1;bulan main alexis17 hidup gue ubah total;;;;;;
goat comment;0;goat comment;;;;;;;
dari 2004 sampai dengan 2024; gak pernah milih bapak ini;0;gak pernah milih bapak;;;;;;
berkah rezeki berkat 𝗦𝗚𝗜𝟴𝟴 ; puji syukur !;1;berkah rezeki berkat sgi88 puji syukur;;;;;;
Mantap konten motor...gass mass;0;mantap konten motor gass mass;;;;;;;
​ @gaidomang nahhh itu; kalau terlalu uncensored; berabe nanti.;0;gaidomang nahhh kalau terlalu uncensored berabe;;;;;
keren banget; sukses 👍🙌🙌🙌;0;keren banget sukses thumbsup raised hands raised hands raised hands;;;;;;
Sangat membantu;0;sangat bantu;;;;;;;
Modal berapapun di mandalika77 pasti dikasih pecahan. Gak nyesel deh main di sini. Mantap;1;modal berapa mandalika77 kasih pecah gak nyesel deh main sini mantap;;;;;;;
Sealion 7 dannnnnn😂;0;sealion dannnnnn joy;;;;;;;
gacur parah ; modal receh makswin;1;gacur parah modal receh makswin;;;;;;
waduuhhh gak bahaya tah.;0;waduuhhh gak bahaya tah;;;;;;;
Wey mbak sales ada pak bos bukan disapa malah ngobrol😂😂😂;0;wey mbak sales pak bos bukan sapa malah ngobrol joy joy joy;;;;;;;
Langsung beli kopi kapal api biar sadar.;0;langsung beli kopi kapal api biar sadar;;;;;;;
makasih bro; capek banget denger opah ngedongeng;0;makasih bro capek banget denger opah ngedongeng;;;;;;
sumpah ini mobil drift terkeren menurut gua pribadi;0;sumpah mobil drift keren gua pribadi;;;;;;;
pekerjaan pak kami butuh pkerjaan jangan pajak nya aja yang gede;0;kerja pak butuh pkerjaan jangan pajak nya aja gede;;;;;;;
Dia yang ngomong.. Gw yang malu.. Bran bran😅;0;ngomong gw malu bran bran sweat smile;;;;;;;
Ahok + KDM for 2029 seru kali ya ??;0;ahok kdm for seru kali;;;;;;;
masih nunggu sampe sekrang;0;nunggu sampe sekrang;;;;;;;
Gua bang; 😂;0;gua bang joy;;;;;;
alexis17 ; emang top dah ; ga bikin kecewa jaman purba sampe kiamat;1;alexis17 emang top dah ga bikin kecewa jaman purba sampe kiamat;;;;;
 @lockysigarlaki163  ah gak juga; saya pendukung Ahok koq;0;lockysigarlaki163 ah gak dukung ahok koq;;;;;;
gue rela gak tidur ngikutin update terbaru alexis17 .;1;gue rela gak tidur ngikutin update baru alexis17;;;;;;;
Loh ada dua Akun; Auto DISLIKE;0;loh akun auto dislike;;;;;;
tolong gua kejebak depo dialexis17 jd candu bgt kbnykan menang .;1;gua jebak depo dialexis17 jd candu bgt kbnykan menang;;;;;;;
Ngomong aja masih kek baca text 🗿🗿;0;ngomong aja kek baca text moyai moyai;;;;;;;
lo ngopi ; gue cuan . bedanya ? gue main pu lau tujuh tujuh tujuh !;1;lo ngopi gue cuan beda gue main pu lau tujuh tujuh tujuh;;;;;;
05:35 ⚡️Ｐ ＵＬ 4 Ｕ Ｗ 1 Ｎ ⚡️ tempat ngadu nasib wkwkw;1;zap p ul 4uw1n zap tempat ngadu nasib wkwkw;;;;;;;
Sebelahan sama BRZiko jadiin wallpaper 👌🏼;0;belah sama brziko jadiin wallpaper hand;;;;;;;
ga sabarannn pen liat ❤;0;ga sabarannn pen liat heart;;;;;;;
sumpah ; 𝘼𝙇𝙀𝙓𝙄𝙎17 bikin hidup gue simpel ; asli . tenan .;1;sumpah alexis17 bikin hidup gue simpel asli tenan;;;;;
Yg di tunggu tunggu subaru crosstreck;0;yg tunggu tunggu subaru crosstreck;;;;;;;
A1 prorock...!🙏;0;a1 prorock pray;;;;;;;
Buzzeer lw yaakk;0;buzzeer lw yaakk;;;;;;;
wa ta fak men;0;wa ta fak men;;;;;;;
Sekali doank..lagi😅😅; 22 nya mati;0;sekali doank sweat smile sweat smile nya mati;;;;;;
𝘼𝙇𝙀𝙓𝙄𝙎17 bikin hidup gue simpel ; asli . gila .;1;alexis17 bikin hidup gue simpel asli gila;;;;;;
wede aman ; petir merah bikin mekswin;1;wede aman petir merah bikin mekswin;;;;;;
seminggu join alexis17 ; gue udah beliin ortu kulkas !;1;minggu join alexis17 gue udah beliin ortu kulkas;;;;;;
atas kasih lampu gantung bang biar lebih seperti introgasi 😅;0;atas kasih lampu gantung bang biar lebih introgasi sweat smile;;;;;;;
50juta an aja; aja bang?;0;5 juta an aja aja bang;;;;;;
Menurut anda komposisi nya siapa aja​ @camperer ;0;komposisi nya siapa aja camperer;;;;;;;
@ emak lu sekeluarga kali stunting;0;emak lu keluarga kali stunting;;;;;;;
​ @user-qr9pb6oy1w chipset Kirin wkwkwkwk  😂 mereka blum tau rasanya 😂 SE 🥔;0;user qr9pb6oy1w chipset kirin wkwkwkwk joy blum tau rasa joy se potato;;;;;;;
iya lagi ..hahah; dulu di remehin banget;0;iya hahah dulu remehin banget;;;;;;
sukaaa bangettt λlexis17 ;;1;sukaaa bangettt llexis17;;;;;;
Gokil sih hp ini dengan lipat 3 .;0;gokil sih hp lipat;;;;;;;
Anjir judol udh sampe ke yt spam komen ga wkwkw;0;anjir judol udh sampe yt spam komen ga wkwkw;;;;;;;
gue 𝘼𝙇𝙀𝙓𝙄𝙎17 aja ; .;1;gue alexis17 aja;;;;;;
​ @CrestedDuckk Cara menghormati orang yg sudah meninggal bg;0;crestedduckk cara hormat orang yg tinggal bg;;;;;;;
Gacir? Udah pasti di ρüℓAυ777.;1;gacir udah rulay777;;;;;;;
Dah ah tobat gk maenGaruda-hoki lg abis maxwin soalnya😭;1;dah ah tobat gk maengaruda hoki lg abis maxwin soal sob;;;;;;;
Hahahha; katanya wapres tapi kok gak ada aura2 wapresnya;0;hahahha kata wapres kok gak aura2 wapresnya;;;;;;
Perlu dinominasikan sebagai pendongeng terbaik;0;perlu nominasi dongeng baik;;;;;;;
projectnya GD emg ga pernah main2;0;projectnya gd emg ga pernah main2;;;;;;;
Ini ngerti ga si🤣;0;ngerti ga si rofl;;;;;;;
Mantap banget; trending no 1! 𝐊O𝐈𝐒𝕃O𝐓 mantap!;1;mantap banget trending no koislot mantap;;;;;;
happy banget ; a𝙂us𝑇ot𝑂-keberuntungan !;1;happy banget agustoto untung;;;;;;
S15 terlupakan sekarang;0;s15 lupa sekarang;;;;;;;
Otw beli dua satu buat istri😊;0;otw beli satu buat istri blush;;;;;;;
sekali jatuh tiba2 kena penyakit serangan jantung 🗿🗿🗿;0;sekali jatuh tiba2 kena sakit serang jantung moyai moyai moyai;;;;;;;
gabung alexis 17 seminggu ; udah ganti hape;1;gabung alexis minggu udah ganti hape;;;;;;
Intinya asal tampil; ngomong apa gak tau dah... 😂;0;inti asal tampil ngomong apa gak tau dah joy;;;;;;
moderatornya rese;0;moderator rese;;;;;;;
Gak nyangka iseng doang; eh malah ketagihan sama ＰＵＬＡＵＷＩＮ.;1;gak nyangka iseng doang eh malah tagih sama pulauwin;;;;;;
Gas seminggu 2x;0;gas minggu 2x;;;;;;;
sok tau lu. emg lu lbh pintar dr PS?;0;sok tau lu emg lu lbh pintar dr ps;;;;;;;
Nyesel pilih prabowo ❤;0;nyesel pilih prabowo heart;;;;;;;
alexis17 ; udah denger bikin penasaran;1;alexis17 udah denger bikin penasaran;;;;;;
Wkwkwkkwkwk;0;wkwkwkkwkwk;;;;;;;
epic moment 🎉 𝐒𝐆𝐈𝟖𝟖;1;epic moment tada sgi88;;;;;;;
Suaranya kok kecil banget ya?apa hanya saya yg begitu?;0;suara kok kecil banget apa yg;;;;;;;
gak memuaskan menang berkat pawpaw4d !;1;gak muas menang berkat pawpaw4d;;;;;;;
ga nyangka di menit 06:24 ganas banget perkaliannya kaya di ✯𝙈𝘼𝙉𝙐𝙏88✯;1;ga nyangka menit ganas banget kali kaya manut88;;;;;;;
Velg nya josss ini mah;0;velg nya josss mah;;;;;;;
miniled oled gak sih ?;0;miniled oled gak sih;;;;;;;
a.l.e.x.i.s.1.7 emang berbeda;1;a l e x i s emang beda;;;;;;;
𝐏 𝐋 𝐔 𝐓 𝐎 𝟖 𝟖 .. terpopuler masakini;1;pluto88 populer masakini;;;;;;;
Anies-Ahok tidak akan terkalahkan🙏🤲😁;0;anies ahok kalah pray palms up together grin;;;;;;;
Panjii... Jauh2 GMW iren datang ngasih kuliah catur 😅;0;panji jauh2 gmw iren datang ngasih kuliah catur sweat smile;;;;;;;
masih pinter pak RT gw njiir 😂;0;pinter pak rt gw njiir joy;;;;;;;
Cuman bisa nonton sama Infinix smart 8;0;cuman nonton sama infinix smart;;;;;;;
buat vlog bang; pas nanti lawan Bahrain di GBK kayanya asikk tuh;0;buat vlog bang pas lawan bahrain gbk kaya asikk tuh;;;;;;
@lockysigarlaki163  ya memprihatinkan 🤣🤣 😭;0;lockysigarlaki163 prihatin rofl rofl sob;;;;;;;
jepe kali maen ; lgsng suka;1;jepe kali maen lgsng suka;;;;;;
Berangkat!!!!! Batuk uang kredit motor;0;berangkat batuk uang kredit motor;;;;;;;
Jika jersey kiper ngeluarin SV nya auto beli dah;0;jersey kiper ngeluarin sv nya auto beli dah;;;;;;;
gw coba alexis17 yg lg viral 100rb 3jt sampe sejam;1;gw coba alexis17 yg lg viral 1 rb 3jt sampe jam;;;;;;;
 @mascar007  masa depan buzzer gmn kang?;0;mascar 7 masa depan buzzer gmn kang;;;;;;;
emang gak duanya sih sensasi main alexis17 .;1;emang gak dua sih sensasi main alexis17;;;;;;;
msh bisakah ahok dicalonkan utk RI1 or RI2 ?;0;msh bisa ahok calon utk ri1 or ri2;;;;;;;
Dislike; gak ngasih solusi🙄. Poinnya gak dapat😮‍💨;0;dislike gak ngasih solusi rolling eyes poin gak open mouth dash;;;;;;
Macan itu lion;0;macan lion;;;;;;;
Menyalaaaa 🤘🏻;0;menyalaaaa metal;;;;;;;
worth it gak sih 𝘼𝙇𝙀𝙓𝙄𝙎17 dicoba ?;1;worth it gak sih alexis17 coba;;;;;;;
Bapak kau ke pulauwin;0;bapak kau pulauwin;;;;;;;
Poin pentingnya kerja cariin bapak.;0;poin penting kerja cariin bapak;;;;;;;
Setuju bro; gabedanya cherry group yg udah akusisi range rover;0;tuju bro gabedanya cherry group yg udah akusisi range rover;;;;;;
Bonus demografi menuju indonesia (c) emas😂😂;0;bonus demografi tuju indonesia c emas joy joy;;;;;;;
gue sih udah buktiin kekuatan alexis17 .;1;gue sih udah buktiin kuat alexis17;;;;;;;
gue pergi ; aja nyebut pulauwin .;1;gue pergi aja nyebut pulauwin;;;;;;
apakah mata pandji sudah terbuka ??;0;mata pandji buka;;;;;;;
Sejak kenal ALEXIS⭐17⭐; gue jadi punya tabungan buat masa depan.;1;sejak kenal alexis star star gue jadi punya tabung buat masa depan;;;;;;
10:28 boleh juga tuh;0;tuh;;;;;;;
Pada syirik semua 😭😂😂;0;syirik semua sob joy joy;;;;;;;
bikin pengen main alexis17 =;1;bikin ken main alexis17;;;;;;;
Enak cakep enak cakep. Dibeli tar tuh. Liat aja;0;enak cakep enak cakep beli tar tuh liat aja;;;;;;;
IQ 70 sok sokan mau sok pintar ya begini😂;0;iq sok sok mau sok pintar begini joy;;;;;;;
Mending KDM kerja nyata; selalu kasih solusi;0;mending kdm kerja nyata selalu kasih solusi;;;;;;
Srikandi memang yg lebih berani;0;srikandi memang yg lebih berani;;;;;;;
emang gak ngalahin serunya alexis17 .;1;emang gak ngalahin seru alexis17;;;;;;;
pawpaw4d bikin semangat nasionalisme versi digital .;1;pawpaw4d bikin semangat nasionalisme versi digital;;;;;;;
emang gak se-menguntungkan alexis17 .;1;emang gak se untung alexis17;;;;;;;
gue udah ga bayangin hidup alexis17 ! sih ; udah sumber rezeki utama;1;gue udah ga bayangin hidup alexis17 sih udah sumber rezeki utama;;;;;;
Santai santai minggir lu miskin 😂;0;santai santai minggir lu miskin joy;;;;;;;
10:42 LBWK🙏;0;lbwk pray;;;;;;;
@MDSA_ASSYAQOFIAH  coba bayangin; lu pengen beli tapi gada duit 🤡;0;mdsa assyaqofiah coba bayangin lu ken beli gada duit clown;;;;;;
Huawei Memang berkelas;beda punya mamarika.;0;huawei memang kelas beda punya mamarika;;;;;;
Yaelah dislike nya hilang😂;0;yaelah dislike nya hilang joy;;;;;;;
baru tau narasinews skarang ada acara comedy;0;baru tau narasinews skarang acara comedy;;;;;;;
rezeki melimpah alexis'17 ; makasih !;1;rezeki limpah alexis makasih;;;;;;
AUUUUUUUUUU AHHHH GELAAAAPPPPPPPP;0;auuuuuuuuuu ahhhh gelaaaapppppppp;;;;;;;
Bonus demografi aja dia ngertinya pas mau bikin video ini;0;bonus demografi aja ngertinya pas mau bikin video;;;;;;;
sis ; kalo proyek ; 𝘼𝙇𝙀𝙓𝙄𝙎17 juaranya .;1;sis kalo proyek alexis17 juara;;;;;
cuan drama ? ya pawpaw4d !;1;cuan drama pawpaw4d;;;;;;;
anjir alexis17 situs kesukaan teman gw;1;anjir alexis17 situs suka teman gw;;;;;;;
Bersama M𝗮𝘯𝐝𝗮𝑙𝗶𝒌𝐚𝟟𝟳; 5:41 hari-hari lebih bermakna;1;sama mandalika77 hari hari lebih makna;;;;;;
Langsung gas;0;langsung gas;;;;;;;
Bonus kekuasaan maksdnya;0;bonus kuasa maksdnya;;;;;;;
Maaf terlambat bang semangat ya Salam 𝗪𝗘𝗧𝗢𝗡𝟴𝟴! gampang Jepe;1;maaf lambat bang semangat salam weton88 gampang jepe;;;;;;;
𝘼𝙇𝙀𝙓𝙄𝙎17 ? oh ; viral ?;1;alexis17 viral;;;;;;
Busett cerahh banget 🚩𝗪𝗘𝗧𝗢𝗡𝟴𝟴🚩 encess sama koinya lagi ngasih mulu;1;busett cerahh banget triangular flag on post weton88 triangular flag on post encess sama koinya ngasih mulu;;;;;;;
Bang project Supra bang;0;bang project supra bang;;;;;;;
Gue ampe nangis ketawa2😂😂 mana maen catur diralat;0;gue ampe nang ketawa2 joy joy mana maen catur ralat;;;;;;;
main modal uda bsia wd;1;main modal uda bsia wd;;;;;;;
gacha receh sob ; berjuang beneran gak dosa;1;gacha receh sob juang beneran gak dosa;;;;;;
seminggu main alexis17 ; gue udah bayar uang kuliah !;1;minggu main alexis17 gue udah bayar uang kuliah;;;;;;
@caaneedsleep  gitu aja gak paham; emang gak nalar;0;caaneedsleep gitu aja gak paham emang gak nalar;;;;;;
Setiap hari-Ga ruda ho-ki selalu ngasi jepe🤩;1;hari ga ruda ho ki selalu ngasi jepe star struck;;;;;;;
@Phyzulc mungkin di tunggu saja;0;phyzulc mungkin tunggu;;;;;;;
senang main pawpaw4d ; peluang menang .;1;senang main pawpaw4d peluang menang;;;;;;
waduhh...;0;waduhh;;;;;;;
Jakpot besar bikin hari ini makin seru; cuma di 𝘈𝘎𝑈𝙎𝘛𝙊𝐓O!;1;jakpot besar bikin hari makin seru cuma agustoto;;;;;;
Liang luhut : yg gelap itu kau . Wkwkwk;0;liang luhut yg gelap kau wkwkwk;;;;;;;
weton88 keren banget;1;weton88 keren banget;;;;;;;
Jadi presiden lach payah lu;0;jadi presiden lach payah lu;;;;;;;
𝙈𝗮𝘯𝐝𝘼L!K𝘼7𝟟 itu tempatnya para jagoan judi; jadi lu nggak cuma main; tapi juga bisa belajar dari yang pro!;1;mandal ka77 tempat jago judi jadi lu cuma main ajar pro;;;;;
auto jepey ! λ l e x i s 1 7 ;;1;auto jepey llexis17;;;;;;
Aamiin...;0;aamiin;;;;;;;
Darurat pelecehan seksual aman aja kah Pak Presiden..???;0;darurat leceh seksual aman aja pak presiden;;;;;;;
Ngomong apa sihh?;0;ngomong apa sihh;;;;;;;
GILA Cinematik nya;0;gila cinematik nya;;;;;;;
Nyesel gue bagian dari tone deaf waktu pemilu;0;nyesel gue bagi tone deaf waktu milu;;;;;;;
kapan ya ada acara wapres menjawab;0;kapan acara wapres jawab;;;;;;;
Gak nyesel deh udah kenal sama ALEXIS⭐17⭐ dari dulu.;1;gak nyesel deh udah kenal sama alexis star star dulu;;;;;;;
ga nyesel temen ; 𝑨𝑳𝑬𝑿𝑰𝑺17 gokil ! .;1;ga nyesel temen alexis17 gokil;;;;;;
Bentar.... Om kok jadi kurusan...;0;bentar om kok jadi kurus;;;;;;;
😄😄😄😄😄😄😄😄😄 ini momen paling menghibur;0;smile smile smile smile smile smile smile smile smile momen paling hibur;;;;;;;
iseng coba mandalika77 bnrn jp wkwkwkwk keren;1;iseng coba mandalika77 bnrn jp wkwkwkwk keren;;;;;;;
Modal minim banget kontennya;0;modal minim banget konten;;;;;;;
gile ; nyoba doang dapet cuan segede;1;gile nyoba doang dapet cuan gede;;;;;;
Aamiinin dulu aja😅;0;aamiinin dulu aja sweat smile;;;;;;;
 @cokjaran5744  iya ini pilihan gua. Dan gua bangga dengan pilihan ini;0;cokjaran5744 iya pilih gua gua bangga pilih;;;;;;;
29:45 APV cocok buat dibikin towing....;0;apv cocok buat bikin towing;;;;;;;
stop judol;0;stop judol;;;;;;;
Yg ngajarin parah sih😂;0;yg ngajarin parah sih joy;;;;;;;
kalo bukan ＰＵＬＡＵＷＩＮ yg kasih duit siapa lagi;1;kalo bukan pulauwin yg kasih duit siapa;;;;;;;
Semenyala ini 29:06 ❤️‍🔥;0;nyala heart fire;;;;;;;
Bersama M𝗮𝘯𝐝𝗮𝑙𝗶𝒌𝐚𝟟𝟳; ciptakan 3:17 keajaiban;1;sama mandalika77 cipta ajaib;;;;;;
Love your comment;0;love your comment;;;;;;;
alexis'17 gua maen bentar aja ; lngsg wedey gede;1;alexis gua maen bentar aja lngsg wedey gede;;;;;;
spin santai ; saldo terus… 𝗣 𝗟 𝗨 𝗧 𝗢 𝟴 𝟴 emang beda;1;spin santai saldo terus pluto88 emang beda;;;;;;
“Nanti kesebar lagi yang tadi warna hijau”. Hmmm..;0;sebar tadi warna hijau hmmm;;;;;;;
timothy ronald kenal gk kelen? yg bilang mclaren kalian warna apa itu. dia maen ⭐ A L E X I S 1 7 ⭐rupanya coyyy; kirain liatin chart crypto doang;1;timothy ronald kenal gk kelen yg bilang mclaren kalian warna apa maen star alexis17 star rupa coyyy kirain liatin chart crypto doang;;;;;;
Tigo 8 masalahnya apa aja ya;0;tigo masalah apa aja;;;;;;;
2030 masih lama lagi😢;0;lama cry;;;;;;;
pantes rame alexis17 wkwkwkwkwk;1;pantes rame alexis17 wkwkwkwkwk;;;;;;;
Hadir cuman mau dislike aja  ; males lihat nya ga penting.;0;hadir cuman mau dislike aja males lihat nya ga penting;;;;;;
Ditunggu project selanjuat nya untuk subaru BRZ buat farrel;0;tunggu project selanjuat nya subaru brz buat farrel;;;;;;;
swert bonanja gacir ; wede 5 juta;1;swert bonanja gacir wede juta;;;;;;
faedahe apa blog ?;0;faedahe apa blog;;;;;;;
lbwk huracan kah ?;0;lbwk huracan;;;;;;;
orang bilang alexis17 tuh bener-bener ngebantu finansial .;1;orang bilang alexis17 tuh bener bener ngebantu finansial;;;;;;;
Kalau Esemka ... yg Paling apa ? 😂😂;0;kalau esemka yg paling apa joy joy;;;;;;;
Mobil farel kapan di kerjakan mas Dipo / ziko;0;mobil farel kapan kerja mas dipo ziko;;;;;;;
kali awak rasain jp 100juta alexis17;1;kali awak rasain jp 1 juta alexis17;;;;;;;
"ini harusnya judul videonya jadi ""wowo-kun yapping 3 jam setengah""";0;harus judul video jadi wowo kun yapping jam tengah;;;;;;;
iya bgt yg menang alexis17;1;iya bgt yg menang alexis17;;;;;;;
Niat bgt bg😭;0;niat bgt bg sob;;;;;;;
Mending ngetik yg bener dulu;0;mending ngetik yg bener dulu;;;;;;;
Beh dempulnya tebel amat dah;0;beh dempul tebel dah;;;;;;;
 @teamshare7558  kalo kata fufufafa anaknya si didi boti;0;teamshare7558 kalo kata fufufafa anak si didi bot;;;;;;;
Nalarmu yg berarti rendah😂;0;nalar yg arti rendah joy;;;;;;;
Bonus dari Bapaknya 😅😅😅;0;bonus bapak sweat smile sweat smile sweat smile;;;;;;;
IYA EMG MANTAP BRO  𝓅𝓊𝓁𝒶𝓊𝟩𝟩𝟩𝓉𝑒𝓇𝒷𝒶𝒾𝓀𝓈  LGSG CARI AZ;1;iya emg mantap bro pulau777terbaiks lgsg cari az;;;;;;;
Nyoba hal baru bang modif motor;0;nyoba baru bang modif motor;;;;;;;
kata tmn gw mandalika77 rame bgt tuh situs bre gila;1;kata tmn gw mandalika77 rame bgt tuh situs bre gila;;;;;;;
the real sultan;0;the real sultan;;;;;;;
gila 𝐏𝐋𝐔𝐓𝐎𝟖𝟖 fyp;1;gila pluto88 fyp;;;;;;;
AS kaget lihat produk China ini😅;0;as kaget lihat produk china sweat smile;;;;;;;
Dah mo tutup dilernya;;;;;;;;;
anjay ; temen gue rekomendasiin 𝘼𝙇𝙀𝙓𝙄𝙎17 ; mantap .;1;anjay temen gue rekomendasiin alexis17 mantap;;;;;
​ @maizarindra498 coba jelasin poin nya aja;0;maizarindra498 coba jelasin poin nya aja;;;;;;;
emang gak duanya sih sensasi main alexis17 .;1;emang gak dua sih sensasi main alexis17;;;;;;;
Ya ampun pak ahok nge scholar mate 😂😂😂;0;ampun pak ahok nge scholar mate joy joy joy;;;;;;;
 @lalisamanoban837  dari td gw nanya; mang pertanyaan nya apa yg jawaba nya ngelantur ?;0;lalisamanoban837 td gw nanya mang tanya nya apa yg jawaba nya ngelantur;;;;;;
Lcgc nangis....😂😂😂;0;lcgc nang joy joy joy;;;;;;;
opening doang yg gede suaranya;0;opening doang yg gede suara;;;;;;;
malem gue nungguin update alexis17 .;1;malem gue nungguin update alexis17;;;;;;;
maen santai big win;1;maen santai big win;;;;;;;
emang gak se-terpercaya alexis17 sih .;1;emang gak se percaya alexis17 sih;;;;;;;
mandalika77  slt gacir! Mantul Terus; Gelem Cuan!;1;mandalika77 slt gacir mantul terus gelem cuan;;;;;;
Bagus juga lu main motor zik; modif motor matic 😂;0;bagus lu main motor zik modif motor matic joy;;;;;;
Min; ko jumlah dislike nya hilang;0;min ko jumlah dislike nya hilang;;;;;;
sebulan gabung alexis17 ; gue udah beli tanah kavling !;1;bulan gabung alexis17 gue udah beli tanah kavling;;;;;;
" @SulisTyowati-el8kl  ""melanggar kode etik"" lucu juga ni kalimat awokawok";0;sulistyowati el8kl langgar kode etik lucu ni kalimat awokawok;;;;;;;
alexis17 tuh penuh kejutan ; udah coba ?;1;alexis17 tuh penuh kejut udah coba;;;;;;
temen arisan gue kepo penghasilan alexis17 .;1;temen arisan gue kepo hasil alexis17;;;;;;;
Cuan gak ada abisnya; cuma di P U L A U 7 7 7.;1;cuan gak abis cuma pulau77;;;;;;
Untuk gk bulet bentuk kameranya lbh segienam 😊;0;gk bulet bentuk kamera lbh segienam blush;;;;;;;
ngalor ngidul😅;0;ngalor ngidul sweat smile;;;;;;;
gue udah nemu jalan ninja gue : alexis17;1;gue udah nemu jalan ninja gue alexis17;;;;;;;
Pasar modal adalah pasar saham 😂;0;pasar modal pasar saham joy;;;;;;;
Cinta banget sama ahok ini; kapan punya presiden kayak ahok ini;0;cinta banget sama ahok kapan punya presiden kayak ahok;;;;;;
Sama gan; entah kenapa nonton ini malah bawaannya ketawa;0;sama gan entah nonton malah bawa ketawa;;;;;;
TERIMAKASIH mandalika77 MENANG SUPER HOKI KEREN TEPERCAYA DAN NYATA;1;terimakasih mandalika77 menang super hoki keren percaya nyata;;;;;;;
Terimakasih;0;terimakasih;;;;;;;
Saya juga bingung ;;; presiden menjawabnya dr pertanyaan mbk Najwa;0;bingung presiden jawab dr tanya mbk najwa;;;;
NGGAK NGEH PAK AHOOOK;0;ngeh pak ahoook;;;;;;;
Ga ada lawan sih; 𝘋𝐄𝘞𝐀𝐃O𝐑𝘈 mekswin;1;ga lawan sih dewadora mekswin;;;;;;
Coba lu dengar 00:33;0;coba lu dengar;;;;;;;
GANTENG PARAH ASLII🔥🔥;0;ganteng parah asli fire fire;;;;;;;
Harga di tokped 99 juta bjirr😭;0;harga tokped juta bjirr sob;;;;;;;
semangat bosqu ; terbaik 𝗪𝗘𝗧𝗢𝗡𝟴𝟴;1;semangat bosqu baik weton88;;;;;;
Keren habis si;0;keren habis si;;;;;;;
mba irene pasti kecewa berat;0;mba irene kecewa berat;;;;;;;
seru banget main 𝘋𝐄𝑊𝐴𝘿𝙊я𝘼 ; hiburannya seru ; jakpotnya gacir !;1;seru banget main dewadoyaa hibur seru jakpotnya gacir;;;;;
emang gak se-fair alexis17 deh .;1;emang gak se fair alexis17 deh;;;;;;;
Ya pasti mah lah bang wong harga ny juga mantap;0;mah lah bang wong harga ny mantap;;;;;;;
Mencari komunitas penggemar? 𝐷O𝐑А𝟳𝟽 mungkin tempatnya.;1;cari komunitas gemar dora77 mungkin tempat;;;;;;;
9:27 xmax welcomeluster nihh;0;xmax welcomeluster nihh;;;;;;;
Kebelet pun yee;0;kebelet yee;;;;;;;
game-nya gacor banget ; lgsng jepek;1;game nya gacor banget lgsng jepek;;;;;;
sebulan main alexis17 ; hidup gue berubah drastis !;1;bulan main alexis17 hidup gue ubah drastis;;;;;;
@Garasi Drift bg mobilnya farel R katanya di modifikasi di Garasi Drift????;0;garasi drift bg mobil farel r kata modifikasi garasi drift;;;;;;;
maen lgsng jepek ; wede lancar banget;1;maen lgsng jepek wede lancar banget;;;;;;
alexis17 emang berbeda;1;alexis17 emang beda;;;;;;;
Ada arventonya;nguap aja harus di tutup itu 😅;0;arventonya nguap aja tutup sweat smile;;;;;;
​ @aszlanslatan27  Jokes bakal dibeli MTI; andai masih ada😂;0;aszlanslatan27 jokes bakal beli mti andai joy;;;;;;
Brz punya anak fitra eri kapan jadi;0;brz punya anak fitra eri kapan jadi;;;;;;;
kemenangan ; sejuta alasan main 𝗣 𝗟 𝗨 𝗧 𝗢 𝟴 𝟴;1;menang juta alas main pluto88;;;;;;
LU NGOMONG APA SE BRO KYAK LU PINTER AJA;0;lu ngomong apa se bro kyak lu pinter aja;;;;;;;
seru banget main 𝘿 𝑂 𝐑 𝐀 𝟽 7 ! gak berasa !;1;seru banget main dora77 gak asa;;;;;;;
alexis17 emang berbeda;1;alexis17 emang beda;;;;;;;
Topiknya apa; bahasnya kemana2; anak konstitusi 😂😂;0;topik apa bahas kemana2 anak konstitusi joy joy;;;;;
emang gak se-profitable alexis17 .;1;emang gak se profitable alexis17;;;;;;;
goks keren abis;0;goks keren abis;;;;;;;
alexis'17 cba ; langsung bawa pulang cuan gede;1;alexis cba langsung bawa pulang cuan gede;;;;;;
Apa kesimpulannya?;0;apa simpul;;;;;;;
Emang paling canggih tu;0;emang paling canggih tu;;;;;;;
BAHAS POCO M7 PRO 5G !!!;0;bahas poco m7 pro 5g;;;;;;;
Like yg ke 17;0;like yg;;;;;;;
𝘈𝐆U𝘚𝙏𝑂𝐓𝘖 mekswin; depoin LIMPUL;1;agustoto mekswin depoin limpul;;;;;;
google makin panas nih.;0;google makin panas nih;;;;;;;
jepey 𝐒 𝙂ｉ𝟖 𝟖 ; beneran !;1;jepey s gi8 beneran;;;;;;
iya bang lagi mabok;0;iya bang mabok;;;;;;;
Ya kan maunya 'Otoriter' eh malah disetir Boneka... 😂;0;kan mau otoriter eh malah setir boneka joy;;;;;;;
Ini politisi yg jujur dan lucu bangettt😂;0;politis yg jujur lucu bangettt joy;;;;;;;
3 bang ; salam jepe weton88;1;bang salam jepe weton88;;;;;;
Emang bandungnya dmna ini?;0;emang bandung dmna;;;;;;;
sehat kang semngat ngonten dilancarkan urusannya salam 𝗪𝗘𝗧𝗢𝗡𝟴𝟴;1;sehat kang semngat ngonten lancar urus salam weton88;;;;;;;
gacu​r​ dikit ; langsung jepe aja;1;gacur dikit langsung jepe aja;;;;;;
gue cek notif alexis17 .;1;gue cek notif alexis17;;;;;;;
Ganti jb 5 ya min😊;0;ganti jb min blush;;;;;;;
salam 𝗦𝗚𝗜𝟴𝟴 ! gampang jepe ; sehat;1;salam sgi88 gampang jepe sehat;;;;;;
Dikirain gw mobilnya anaknya fitra Eri hahahha.;0;dikirain gw mobil anak fitra eri hahahha;;;;;;;
wede brusan lancar ; mntp banget sih;1;wede brusan lancar mntp banget sih;;;;;;
Anjay...😂🤭;0;anjay joy face with hand over mouth;;;;;;;
Hahahaaaaa....panji kena skakmat 24 menit😂😂😂;0;hahahaaaaa panji kena skakmat menit joy joy joy;;;;;;;
𝗣 𝗟 𝗨 𝗧 𝗢 𝟴 𝟴 bikin game slot hiburan;1;pluto88 bikin game slot hibur;;;;;;;
Cerai karena hitam itu pahit; tapi kalau main di 𝐁𝐔𝐊𝐈𝐓𝟖𝟖𝟖 kemenangan manis menunggu!;1;cerai hitam pahit kalau main bukit888 menang manis tunggu;;;;;;
alexis'17 perhatian . lihat ditawarkannya .;1;alexis perhati lihat tawar;;;;;;;
situs bagus rate kemenangan dibanding alexis17 ; situs panutan gw;1;situs bagus rate menang banding alexis17 situs panutan gw;;;;;;
Mantaapp; Bismillah. Bisa podium di tahun ini;0;mantaapp bismillah podium tahun;;;;;;
Aduh gmana ya;0;aduh gmana;;;;;;;
Gimnaa bg cara nyarik baju yang orinyaa;0;gimnaa bg cara nyarik baju orinyaa;;;;;;;
serius deh ; rezeki 𝑺𝑼𝑯𝑼𝟑𝟐𝟖 diundang . penasaran ? coba !;1;serius deh rezeki suhu328 undang penasaran coba;;;;;;
gue suka penasaran ; 𝙋𝙐𝙇𝘼𝙐𝙒𝙄𝙉 sedominan ?;1;gue suka penasaran pulauwin dominan;;;;;;
bro gak ada niat review brio?;0;bro gak niat review brio;;;;;;;
ahok pake trik lama njirr; 3 langkah mati wkwkwkw;0;ahok pake trik lama njirr langkah mati wkwkwkw;;;;;;
Bisa main fortnite ga bamh? :D;0;main fortnite ga bamh d;;;;;;;
Insyaallah klo Infinix hot 30 gue jd d beli...saya beli hp ini...😅;0;insyaallah klo infinix hot gue jd d beli beli hp sweat smile;;;;;;;
jajan ? banget main pu lau tujuh tujuh tujuh .;1;jajan banget main pu lau tujuh tujuh tujuh;;;;;;;
Modal kecil lgsng jepek di Gates;1;modal kecil lgsng jepek gates;;;;;;;
sumpah alexis17 ! tuh bener-bener ngebantu banget pas butuh duit cepet;1;sumpah alexis17 tuh bener bener ngebantu banget pas butuh duit cepet;;;;;;;
Nonton di 28detik yg lalu;0;nonton 28detik yg lalu;;;;;;;
wahh coba lahh modif motor;0;wahh coba lahh modif motor;;;;;;;
gue udah nemu jalan ninja gue : alexis17;1;gue udah nemu jalan ninja gue alexis17;;;;;;;
"Pen banget ke tengah mereka trs teriak ""KOCAK LU""";0;pen banget tengah trs teriak kocak lu;;;;;;;
gacir gila; 𝙈AN𝐃ALIKA77 bikin jepe trs;1;gacir gila mandalika77 bikin jepe trs;;;;;;
Iya ini dari lama yaa teknologinya;0;iya lama yaa teknologi;;;;;;;
Boleh ni konten motor;0;ni konten motor;;;;;;;
11 dari 100 sudah tepat !;0;tepat;;;;;;;
bicara tapi bingung...yg bingung yg bicara..hadeuh..;0;bicara bingung yg bingung yg bicara hadeuh;;;;;;;
eh bro ; alexis17 ; event spesial nih ; hadiahnya investasi properti;1;eh bro alexis17 event spesial nih hadiah investasi properti;;;;
emang gak se-menguntungkan alexis17 deh .;1;emang gak se untung alexis17 deh;;;;;;;
Kaum mendang mending duit segitu dah dapet tanah 7x20 di desa 😂;0;kaum dang mending duit segitu dah dapet tanah 7x2 desa joy;;;;;;;
16:21  roasting Armuh 😂😂😂😂😂😂;0;roasting armuh joy joy joy joy joy joy;;;;;;;
emang gak obatnya sih keseruan main alexis17 .;1;emang gak obat sih seru main alexis17;;;;;;;
makasih 𝐷оrа𝟩𝟳 ; rezeki henti !;1;makasih dora77 rezeki henti;;;;;;
konten ! keren banget menjelaskannya ! main bagus bang 𝗪𝗘𝗧𝗢𝗡𝟴𝟴;1;konten keren banget jelas main bagus bang weton88;;;;;;;
Andaikan lu jadi HRD ; lu bakalan terima orang kyk gini? 😅;0;andai lu jadi hrd lu bakal terima orang kyk gin sweat smile;;;;;;
Duit abis gara-gara belanja? Tenang; ada ALEXIS⭐17⭐.;1;duit abis gara gara belanja tenang alexis star star;;;;;;
𝘼𝙇𝙀𝙓𝙄𝙎17 ? oh ; viral ? tenan .;1;alexis17 viral tenan;;;;;;
Tugas kuliah tapi yang ngerjain Chat Gpt 🤒;0;tugas kuliah ngerjain chat gpt thermometer face;;;;;;;
Ada rahasia negara yang gaperlu rakyat tahu;0;rahasia negara gaperlu rakyat tahu;;;;;;;
Bahkan di radio lokal juga bahas ＰＵＬＡＵＷＩＮ loh!;1;bahkan radio lokal bahas pulauwin loh;;;;;;;
mobilnya lagi dibandung 😂;0;mobil bandung joy;;;;;;;
Waktunya pake kunci torsi biar ga kepas waktu drift😢;0;waktu pake kunci torsi biar ga pas waktu drift cry;;;;;;;
Merk lain be like;;;;;;;;;
Lagi nungguin crosstrek garasi drift;0;nungguin crosstrek garasi drift;;;;;;;
itu lama2 apa gk muncul bekas lipatan yg bisa mengganggu pandangan?;0;lama2 apa gk muncul bekas lipat yg ganggu pandang;;;;;;;
Rezeki hari ini datang terus dari ＭΛＮDALIKΛ𝟟𝟟;senang banget rasanya!;1;rezeki hari datang terus mlndalikl77 senang banget rasa;;;;;;
Wassup Beijing....;0;wassup beijing;;;;;;;
TerThe Best memang pak Ahok; sehat terus pak.;0;terthe best memang pak ahok sehat terus pak;;;;;;
Komentnya yg sangat mendidik😂😂😂 videonya di pause😂;0;komentnya yg sangat didik joy joy joy video pause joy;;;;;;;
technology huawei memang ngga ada obat🎉;0;technology huawei memang ngga obat tada;;;;;;;
 @arifhidayat4149  sehat sehat ya bang; tuhan berkati;0;arifhidayat4149 sehat sehat bang tuhan berkat;;;;;;
Tong KOSONG;0;tong kosong;;;;;;;
Capek dah ...tapi lumayan nonton dialog ini penus istighfar;0;capek dah lumayan nonton dialog nus istighfar;;;;;;;
Haduh.. jersey uda mewah tapi beda nasib sama timnas u20;0;haduh jersey uda mewah beda nasib sama timnas u2;;;;;;;
yang ga bisa menang lawan farel ya?;0;ga menang lawan farel;;;;;;;
dihina tidak tumbang ; dipuji tidak pantas;0;hina tumbang puji pantas;;;;;;
Sukses terus DG🎉🎉🎉;0;sukses terus dg tada tada tada;;;;;;;
𝐀G𝘜𝘚TO𝘛𝘖 gampang banget buat dapet hasil gede; gk ribet;1;agustoto gampang banget buat dapet hasil gede gk ribet;;;;;;
rejeki nggak ketukar ; mainnya ♛𝗔𝗦𝗜𝗔𝟵𝟵♛ .;1;rejeki tukar main qasia99q;;;;;;
Banyak omong doang;0;banyak omong doang;;;;;;;
Mba. Nana❤....pak pres🙏;0;mba nana heart pak pres pray;;;;;;;
cie ganti thumbnail 😂;0;cie ganti thumbnail joy;;;;;;;
sketer terus muncul; tiap maen jepek;1;sketer terus muncul tiap maen jepek;;;;;;
𝘋𝐄𝘞𝐀𝐃O𝐑𝘈 gacir banget; mekswin trs pol;1;dewadora gacir banget mekswin trs pol;;;;;;
wih ; 𝘼𝙇𝙀𝙓𝙄𝙎17 bikin hidup gue simpel ; asli .;1;wih alexis17 bikin hidup gue simpel asli;;;;;
Dipoo 2JZ❤;0;poo 2jz heart;;;;;;;
Cuma di sini; ⚡ALEXIS17⚡ itu andalan gue sekarang!;1;cuma sini zap alexis17 zap andal gue sekarang;;;;;;
7:40 gua kira personil VOB😂😂;0;gua kira personil vob joy joy;;;;;;;
10:39 LBWK ?;0;lbwk;;;;;;;
di kasih uang jg sama mandalika77 lumayan buat nongki sambil ngopi with teman teman besok wkwkw;1;kasih uang jg sama mandalika77 lumayan buat nongki ngopi with teman teman besok wkwkw;;;;;;;
GD main ninja 2Tak❤❤;0;gd main ninja 2tak heart heart;;;;;;;
Sungguh tak ku sangka; sungguh tak ku duga; new member auto cuan main di  mandalika77  ; scatternya gampang kali keluarnya. Pola acak gass keun !!;1;sungguh tak ku sangka sungguh tak ku duga new member auto cuan main mandalika77 scatternya gampang kali keluar pola acak gass keun;;;;
"kirain bakal nampilin ""mobil baru";" lecet baru""🗿";0;kirain bakal nampilin mobil baru lecet baru moyai;;;;;;
Kecewa darimana? Dipo happy2 aja kok;0;kecewa darimana dipo happy2 aja kok;;;;;;;
 @mahmudhandoyo3570  tapi jawabnya minimal yang nyambung; jangal asal omon omon;0;mahmudhandoyo357 jawab minimal nyambung jangal asal omon omon;;;;;;
Method ada yang produksi di Indonesia kan😊;0;method produksi indonesia kan blush;;;;;;;
matanya kemana itu woi😅;0;mata woi sweat smile;;;;;;;
koh yang harganya 1m itu apa bedanya ? apa sama ?;0;koh harga 1m apa beda apa sama;;;;;;;
kenapa mobil jepang kayak ketinggalan jaman secara teknologi ...;0;mobil jepang kayak tinggal jaman teknologi;;;;;;;
Kok bisaaaa masih ada orang yang ngelike video ini;0;kok bisaaaa orang ngelike video;;;;;;;
main benta​r​ gacu​r​;1;main bentar gacur;;;;;;;
Keren banget bro;0;keren banget bro;;;;;;;
Langsung CO gua;0;langsung co gua;;;;;;;
5:37 itu orang korea dua pemegang saham erspo kah;0;orang korea pegang saham erspo;;;;;;;
Emang milih ioniq 5N kan;0;emang milih ioniq 5n kan;;;;;;;
gagah bgt lo bang pake lengan pendek juga 🔥;0;gagah bgt lo bang pake lengan pendek fire;;;;;;;
2:53 ada kaya mobil nya akang mv;0;kaya mobil nya akang mv;;;;;;;
emang gak se-menguntungkan alexis17 .;1;emang gak se untung alexis17;;;;;;;
Duh jangan lah. Plis;0;duh jangan lah plis;;;;;;;
Ahmad syahronii🔥🔥🔥;0;ahmad syahronii fire fire fire;;;;;;;
Mana berani;0;mana berani;;;;;;;
Salfok zenix setinggi konde doang;0;salfok zenix setinggi konde doang;;;;;;;
Beli Itel maksudnya;0;beli itel maksud;;;;;;;
hanya berharap sehat di negeri yg sehat ini😀;0;harap sehat negeri yg sehat grinning;;;;;;;
game-nya gacir ; maen jepe;1;game nya gacir maen jepe;;;;;;
kalo jadi calon bisa; kepilih? jangan harap;0;kalo jadi calon pilih jangan harap;;;;;;
NEXT Kita bikin Video apa lagi nih.;0;next bikin video apa nih;;;;;;;
Hancur dunia otomotiv Jepang di serang China.....;0;hancur dunia otomotiv jepang serang china;;;;;;;
keluarga gue aja gaptek ; ngomongin p͟͟u͟͟l͟͟a͟͟u͟͟w͟͟i͟͟n͟͟ .;1;keluarga gue aja gaptek ngomongin pulauwin;;;;;;
kayak ga niat bikin video kecewa berat sih;0;kayak ga niat bikin video kecewa berat sih;;;;;;;
10:12 ─═𝗕𝗘𝗥𝗞𝗔𝗛𝟵𝟵 ═─ ngga ada lawan emang;1;berkah99 ngga lawan emang;;;;;;;
auto merampok dulu ahhh buat beli Huawei 😁😁😁😁😎;0;auto rampok dulu ahhh buat beli huawei grin grin grin grin sunglasses;;;;;;;
gak gagal ; weton88;1;gak gagal weton88;;;;;;
Liatin komen dan suara di mute adalah jalan terbaik...;0;liatin komen suara mute jalan baik;;;;;;;
no KW yaa guys;0;no kw yaa guys;;;;;;;
kalau gamau kalah ya coba itu mandalika77 gw real udah jp;1;kalau gamau kalah coba mandalika77 gw real udah jp;;;;;;;
Masih rapi in punya lo bang;0;rapi in punya lo bang;;;;;;;
jepe game ; sumpah hoki banget;1;jepe game sumpah hoki banget;;;;;;
ok min ; 𝗦𝗚𝗜𝟴𝟴;1;min sgi88;;;;;;
Jujur keren banget bang fit nya di badan lu;0;jujur keren banget bang fit nya badan lu;;;;;;;
iya bang; mati salah satu;0;iya bang mati salah satu;;;;;;
mekswin tiap main di А𝘎𝙐𝙎𝙏𝐎𝘛О;1;mekswin tiap main agustoto;;;;;;;
emang mantep banget sih sistem alexis17 .;1;emang mantep banget sih sistem alexis17;;;;;;;
gak pusing mikirin kalo udah join alexis17 .;1;gak pusing mikirin kalo udah join alexis17;;;;;;;
tengkiu bosku telah kasi teman2 setongkrongan traktiran makan minum bagus; mudah- mudahan meningkat berhasil MANDALIKA77;1;tengkiu bos kasi teman2 tongkrong traktir makan minum bagus mudah mudah tingkat hasil mandalika77;;;;;;
Pecah layar di buat ̠⭐𝘼𝙇𝙀𝙓𝙄𝙎17;gokil!.;1;pecah layar buat star alexis17 gokil;;;;;;
puas rebahan ; yuk rebahan berfaedah pu lau tujuh tujuh tujuh .;1;puas rebah yuk rebah faedah pu lau tujuh tujuh tujuh;;;;;;
18:56 om fitra bete 😂 wkwk;0;om fitra bete joy wkwk;;;;;;;
𝗪𝗘𝗧𝗢𝗡𝟴𝟴 maen santai aja ; tetep wedey jutaan;1;weton88 maen santai aja tetep wedey juta;;;;;;
Main di Pulau 777; nikmati kemenangan besar!;1;main pulau nikmat menang besar;;;;;;
Calon Lawan berat brzico tergantung drivernya sih🎉🎉🎉;0;calon lawan berat brzico gantung drivernya sih tada tada tada;;;;;;;
Jajan dari game? 𝗣 𝗨 𝗟 𝗔 𝗨 𝗪 𝗜 𝗡 😎;1;jajan game pulauwin sunglasses;;;;;;;
Ownernya juga bilang ae86 kw pas di vlog roy;0;ownernya bilang ae86 kw pas vlog roy;;;;;;;
Aku kudu ngiseng...;0;aku kudu ngiseng;;;;;;;
terima kasi rezekinya 𝗦𝗚𝗜𝟴𝟴;1;terima kasi rezeki sgi88;;;;;;;
pin sebelum judol;0;pin judol;;;;;;;
16:20 inisial amruhh😂;0;inisial amruhh joy;;;;;;;
gak pusing mikirin biaya honeymoon kalo udah join alexis17 .;1;gak pusing mikirin biaya honeymoon kalo udah join alexis17;;;;;;;
gue sih udah anggep 𝘼𝙇𝙀𝙓𝙄𝙎17 kaya rumah aja ; betah banget mainnya;1;gue sih udah anggep alexis17 kaya rumah aja betah banget main;;;;;;
skete​r​ kali ; asyik banget;1;sketer kali asyik banget;;;;;;
puas rebahan ; yuk rebahan berfaedah pu lau tujuh tujuh tujuh .;1;puas rebah yuk rebah faedah pu lau tujuh tujuh tujuh;;;;;;
modal wede ; gacir abis;1;modal wede gacir abis;;;;;;
makswin ; wede lancar banget;1;makswin wede lancar banget;;;;;;
alexis17 tuh emang bener-bener ngasih peluang orang crazy rich;1;alexis17 tuh emang bener bener ngasih peluang orang crazy rich;;;;;;;
gates gacor parah ; lgsng wd 3 juta;1;gates gacor parah lgsng wd juta;;;;;;
Yg punya BRZ ni real sultan..;0;yg punya brz ni real sultan;;;;;;;
iya anjir dimarahin depan muka HAHAHAHAHAHA;0;iya anjir dimarahin depan muka hahahahahaha;;;;;;;
Dari dulu sih gw ga dukung; jadi males aja liatnya;0;dulu sih gw ga dukung jadi males aja liat;;;;;;
BELI KUOTA BUAT NONTON;0;beli kuota buat nonton;;;;;;;
Skli 'jatuh' layar Retak kepala jg lansung Retak 😅;0;skli jatuh layar retak kepala jg lansung retak sweat smile;;;;;;;
gak nyangka menang alexis'17 ; serasa mimpi siang bolong !;1;gak nyangka menang alexis serasa mimpi siang bolong;;;;;;
gaes ; 𝘼𝙇𝙀𝙓𝙄𝙎17 emang beda .;1;gaes alexis17 emang beda;;;;;;
alexis'17 cba ; langsung bawa pulang cuan gede;1;alexis cba langsung bawa pulang cuan gede;;;;;;
Orang ini yg dpt kerja karena koneksi bapaknya😂😂😂😂😂;0;orang yg dpt kerja koneksi bapak joy joy joy joy joy;;;;;;;
kayak aja keseruan 𝙋𝙐𝙇𝘼𝙐𝙒𝙄𝙉 .;1;kayak aja seru pulauwin;;;;;;;
Gue sih udah buktiin sendiri kehebatan ALEXIS⭐17⭐.;1;gue sih udah buktiin sendiri hebat alexis star star;;;;;;;
Nggak sabar buat main lagi di 𝘼𝙂𝙐𝘚𝐓𝑂𝐓𝑂; rezeki besar bisa datang kapan aja!;1;sabar buat main agustoto rezeki besar datang kapan aja;;;;;;
Ziko ngonten motor di chnel pribadinya seru tuh;0;ziko ngonten motor chnel pribadi seru tuh;;;;;;;
si alexis17 rajin banget udah nugas pagi . hehe .;1;si alexis17 rajin banget udah nugas pagi hehe;;;;;;;
Malah ngebahas animasi jumbo koplak;0;malah ngebahas animasi jumbo koplak;;;;;;;
Dari 𝐊O𝐈𝐒𝕃O𝐓 bisa beli PS5 tanpa ngutang! 🎮;1;koislot beli ps5 ngutang video game;;;;;;;
rezeki nggak kemana ; makasih a.l.e.x.i.s.1.7 !;1;rezeki makasih a l e x i s;;;;;;
sehat rezeki 𝗦𝗚𝗜𝟴𝟴;1;sehat rezeki sgi88;;;;;;;
orang bilang alexis17 tuh bener-bener mengubah hidup .;1;orang bilang alexis17 tuh bener bener ubah hidup;;;;;;;
Duitnya dari mana;0;duit mana;;;;;;;
Maaf mas wapres...skrg susah klo ga ada ordal;0;maaf mas wapres skrg susah klo ga ordal;;;;;;;
Sesekali dandanin ZICOSTER TOWING lah bang😂;0;sekal dandanin zicoster towing lah bang joy;;;;;;;
gak nyambung;0;gak nyambung;;;;;;;
Peace ✌️ ;;;;;;;;;
Jgn lagi plis org kaya gini dijadiin presiden;0;jgn plis org kaya gin dijadiin presiden;;;;;;;
 @cuplikanpodcast77  wkwkwkwk. Denger noh oy @dororohyakki8001 dari 12 - 16 anjim bat wkwkwkwk tae.;0;cuplikanpodcast77 wkwkwkwk denger noh oy dororohyakki8 1 anjim bat wkwkwkwk tae;;;;;;;
eh tau gak sih 𝘼𝙇𝙀𝙓𝙄𝙎17 bagi-bagi bonus gede nih member;1;eh tau gak sih alexis17 bonus gede nih member;;;;;;;
Ubah dulu aturannya kaya gibran;0;ubah dulu atur kaya gibran;;;;;;;
Baru sebulan main ALEXIS⭐17⭐; gue udah bisa beli furniture baru!;1;baru bulan main alexis star star gue udah beli furniture baru;;;;;;
udh wede 3 kali ; gacir pol;1;udh wede kali gacir pol;;;;;;
Jika Anda mencari platform yang mendorong pertumbuhan; А𝐗𝐿𝟳7𝟽 layak dicoba.;1;cari platform dorong tumbuh axl777 layak coba;;;;;;
geloo 𝐒𝐆𝐈𝟖𝟖 cair x100;1;geloo sgi88 cair x1;;;;;;;
1:17 judol Taek; stop judol taek;0;judol taek stop judol taek;;;;;;
ngomong apa sih elo..???;0;ngomong apa sih elo;;;;;;;
bro ; gue sih yes 𝘼𝙇𝙀𝙓𝙄𝙎17 .;1;bro gue sih yes alexis17;;;;;;
tampilan 𝑨𝑳𝑬𝑿𝑰𝑺17 sih ga lawan .;1;tampil alexis17 sih ga lawan;;;;;;;
Awal awal sih ragu yah; tapi kok lama kelamaan jadi senang main di  mandalika77  modal receehh doang lohhh..;1;awal awal sih ragu yah kok lama lama jadi senang main mandalika77 modal receehh doang lohhh;;;;;;
hangout temen cafe ; eh ketemu alexis17 .;1;hangout temen cafe eh ketemu alexis17;;;;;;
Mobil nya keren canggih banget; kuereen pool;0;mobil nya keren canggih banget kuereen pool;;;;;;
Tp sayang 5 seater;0;tp sayang seater;;;;;;;
Emang gak ada duanya sih ALEXIS⭐17⭐ ini.;1;emang gak dua sih alexis star star;;;;;;;
seminggu join alexis17 ; gue udah beliin ortu smartphone !;1;minggu join alexis17 gue udah beliin ortu smartphone;;;;;;
1:35 Abis itu VF6; VF8; VF9 langsung diboyong ke Indo 😂😂;0;abis vf6 vf8 vf9 langsung boyong indo joy joy;;;;;
hidup lo auto level ? coba main pu lau tujuh tujuh tujuh .;1;hidup lo auto level coba main pu lau tujuh tujuh tujuh;;;;;;;
Jepe terus tiap hari; situs terbaik;1;jepe terus tiap hari situs baik;;;;;;
31:00 gile cantik banget lihat hasilnya;0;gile cantik banget lihat hasil;;;;;;;
Menit 18:12 ada aku nengok pke baju coklat ekekke;0;menit aku nengok pke baju coklat ekekke;;;;;;;
Anies Ahok the next president 🎉;0;anies ahok the next president tada;;;;;;;
Keren sih ini;0;keren sih;;;;;;;
tunggu tunggu salam jepe λlexis17 ;;1;tunggu tunggu salam jepe llexis17;;;;;;
udah nyobain 𝘼𝙇𝙀𝙓𝙄𝙎17 belom ? recommended pokoknya . fix .;1;udah nyobain alexis17 bom recommended pokok fix;;;;;;;
Terima kasih banyak 𝐴𝐗𝘓7𝟳𝟽; hari ini benar-benar gacir!;1;terima kasih banyak axl777 hari benar benar gacir;;;;;;
review oneplus 13T bang;0;review oneplus 13t bang;;;;;;;
𝐌𝐢𝐘𝐚𝟖𝟖 bikin pengalaman bermain seru ! siap-siap kejutan spesial !;1;miya88 bikin alam main seru siap siap kejut spesial;;;;;;;
makasi saran nya brobro mandalika77 ; wd telah landing dengan lembut; berhasil terus;1;makas saran nya brobro mandalika77 wd landing lembut hasil terus;;;;;
TADI NGAKUNYA NGGA BISA MAIN CATUR;0;tadi ngakunya ngga main catur;;;;;;;
alexis 17 emang ga matinya ; rame aja;1;alexis emang ga mati rame aja;;;;;;
Gajian langsung beli ah replika version;;0;gaji langsung beli ah replika version;;;;;;
Beli somay maksudnya dia itu😂;0;beli somay maksud joy;;;;;;;
main santuy aja ; jp 𝗣 𝗟 𝗨 𝗧 𝗢 𝟴 𝟴;1;main santuy aja jp pluto88;;;;;;
Vender boddy kit blakang nya kurang mas lancip gitu;0;vender boddy kit blakang nya kurang mas lancip gitu;;;;;;;
gue rela ninggalin kerjaan fokus alexis17 .;1;gue rela ninggalin kerja fokus alexis17;;;;;;;
sketer muncul ; maen seru banget;1;sketer muncul maen seru banget;;;;;;
jujur klo main mending 𝐒𝐆𝐈𝟖𝟖 bang;1;jujur klo main mending sgi88 bang;;;;;;;
yang ditunggu-tunggu;0;tunggu tunggu;;;;;;;
 @Jonathan-i4w5p  mana mungkin; tau kan?;0;jonathan i4w5p mana mungkin tau kan;;;;;;
cuan emg alexis17 modal 100k jd 4jt;1;cuan emg alexis17 modal 1 k jd 4jt;;;;;;;
Gue merasa suaranya agak kecil;0;gue rasa suara kecil;;;;;;;
Goxxsss akhirnya tayang juga 🔥🔥🔥🔥;0;goxxsss akhir tayang fire fire fire fire;;;;;;;
Bang all new Triton dong kapan offroad...😂;0;bang all new triton dong kapan offroad joy;;;;;;;
Lbwk nih kayaknya;0;lbwk nih kayak;;;;;;;
Tes vidionya mana bang;0;tes vidionya mana bang;;;;;;;
𝘼𝙇𝙀𝙓𝙄𝙎17 emang ga duanya ; pelayanan vip member 24/7 nonstop;1;alexis17 emang ga dua layan vip member nonstop;;;;;;
maen ps 5 tv 5;5 inci udh lumayan bagus sih wkwkw;1;maen ps tv inci udh lumayan bagus sih wkwkw;;;;;;
ggwp ! alexis17 nonton teriak kegirangan .;1;ggwp alexis17 nonton teriak girang;;;;;;;
emang gak se-reliable alexis17 sih .;1;emang gak se reliable alexis17 sih;;;;;;;
0:02 keren weton88 terbaik menang mudah;1;keren weton88 baik menang mudah;;;;;;;
3 bang ; salam jepe λ l e x i s 1 7 ;;1;bang salam jepe llexis17;;;;;
Tim yang cuma nonton doang beli kagak.;0;tim cuma nonton doang beli kagak;;;;;;;
Wkwkwkwk ngawoooor;0;wkwkwkwk ngawoooor;;;;;;;
iseng coba alexis17 bnrn jp wkwkwkwk keren;1;iseng coba alexis17 bnrn jp wkwkwkwk keren;;;;;;;
🅼🅰🅽🅳🅰🅻🅸🅺🅰77 juara maxwin!;1;mandalika77 juara maxwin;;;;;;;
cakep kali 𝗪𝗘𝗧𝗢𝗡𝟴𝟴 ; bravo ..;1;cakep kali weton88 bravo;;;;;;
Baru tau pabrik erspo di bdg;;;sy orng bdg aja ga tau😂;0;baru tau pabrik erspo bdg sy orng bdg aja ga tau joy;;;;
penasaran deh 𝘼𝙇𝙀𝙓𝙄𝙎17 ; kayaknya seru . .;1;penasaran deh alexis17 kayak seru;;;;;;
pak; baju bapak lengan kiri bawahnya kena bumbu kacang..;0;pak baju bapak lengan kiri bawah kena bumbu kacang;;;;;;
Ngomong yg penting ❌;;;;;;;;;
Gue kira cuma trend sesaat; tapi 𝙋𝙐𝙇𝘼𝙐𝙒𝙄𝙉 makin menggila.;1;gue kira cuma trend saat pulauwin makin gila;;;;;;
Selamat mas dipo; keren bgt sumpah;0;selamat mas dipo keren bgt sumpah;;;;;;
Langsung beli iPhone;0;langsung beli iphone;;;;;;;
gua nggk pas coba ; coba gua langsung betah;1;gua nggk pas coba coba gua langsung betah;;;;;;
nih alexis17 pantes bnyk yg promoin gila gampang jp nya;1;nih alexis17 pantes bnyk yg promoin gila gampang jp nya;;;;;;;
dapet jakpot 10 juta ; lgsng cair;1;dapet jakpot juta lgsng cair;;;;;;
gw penasaran kenapa varian rs ga termasuk lcgc;0;gw penasaran varian rs ga masuk lcgc;;;;;;;
 @rahadiarum7448  wkwk global apa? wkwkwk ngaco;0;rahadiarum7448 wkwk global apa wkwkwk ngaco;;;;;;;
Awas diserang pasukan 400 perak per komen 😂;0;awas serang pasu perak per komen joy;;;;;;;
Antimo solusi terbaik utk mncegah MUNTAH MUNTAH MABOK;0;antimo solusi baik utk mncegah muntah muntah mabok;;;;;;;
Jadi aerox nya atau andy nya yang ganteng ni;0;jadi aerox nya andy nya ganteng ni;;;;;;;
Ya bisa lah;0;lah;;;;;;;
hasil pengalaman main ; 𝗣 𝗟 𝗨 𝗧 𝗢 𝟴 𝟴;1;hasil alam main pluto88;;;;;;
gue sih udah ga heran kalo alexis17 ; trending tiktok;1;gue sih udah ga heran kalo alexis17 trending tiktok;;;;;;
alus pisan alexis17 wkwkwkw;1;alus pis alexis17 wkwkwkw;;;;;;;
Buset; niat amat sewa buzzer sebanyak ini. Sabar mas wapres;0;buset niat sewa buzzer banyak sabar mas wapres;;;;;;
rezeki gak kemana ; lo arahnya pu lau tujuh tujuh tujuh .;1;rezeki gak lo arah pu lau tujuh tujuh tujuh;;;;;;
coocaa z65 ; mentokin 3jt dapet y65 ( 4k );1;coocaa z65 mentokin 3jt dapet y65 4k;;;;;;
Metot metot metot; method kali;0;metot metot metot method kali;;;;;;
Besok OTW Beli;0;besok otw beli;;;;;;;
tambah blunder gaksie? 😂😂😂;0;tambah blunder gaksie joy joy joy;;;;;;;
; 𝘼𝙇𝙀𝙓𝙄𝙎17 ngertiin kebutuhan gue .;1;alexis17 ngertiin butuh gue;;;;;;
Like nya keliatan kok dislike nya gak muncul ya?;0;like nya liat kok dislike nya gak muncul;;;;;;;
kalau main di mandalika77 udah gw rasakan mmg lebih gacir;1;kalau main mandalika77 udah gw rasa mmg lebih gacir;;;;;;;
Terimakasih banyak inisiasinya; Mas Ruby;0;terimakasih banyak inisiasi mas ruby;;;;;;
Kelemahan hp lipat adalah kabel flexsibel cepat rusak;0;lemah hp lipat kabel flexsibel cepat rusak;;;;;;;
Bang kapan misteri box lagi bang 😢;0;bang kapan misteri box bang cry;;;;;;;
R E S P E C T;0;respect;;;;;;;
gua sih udah ga ragu lagi rekomendasiin ALEXIS-17☯ ke semua orang;1;gua sih udah ga ragu rekomendasiin alexis yin semua orang;;;;;;;
MANDALIKA77 ? TERBAIKK; jepe terus bro!;1;mandalika77 terbaikk jepe terus bro;;;;;;
jersey baru tapi u-20 nya kebantai.. hadeh;0;jersey baru u nya bantai hadeh;;;;;;;
semangat bosqu ; terbaik 𝗦𝗚𝗜𝟴𝟴;1;semangat bosqu baik sgi88;;;;;;
​ @jeffproit ;;;;;;;;;
Baru coba udah maxwin; di 𝘋𝐄𝘞𝐀𝐃O𝐑𝘈 emg bikin nagih bgt;1;baru coba udah maxwin dewadora emg bikin nagih bgt;;;;;;
bro alexis17 ; turnamen gede nih ; hadiahnya bisnis franchise;1;bro alexis17 turnamen gede nih hadiah bisnis franchise;;;;;
Kalau di film2 biasa pemimpin bicara gini di depan ada layar teksnya;0;kalau film2 biasa pimpin bicara gin depan layar teks;;;;;;;
Pak Ahok yang kaya gimana macan sirkus itu? Apa yg joged joged 😂;0;pak ahok kaya gimana macan sirkus apa yg joged joged joy;;;;;;;
Gw kesini mau dislike doang;0;gw kesini mau dislike doang;;;;;;;
heran gw kenapa banyak yg suka main di PULAUWIN ya ..;1;heran gw banyak yg suka main pulauwin;;;;;;;
Menang di jersey doang; beli gas masih antri;0;menang jersey doang beli gas antri;;;;;;
Pengen beli kW agar menghidupin umkm;0;ken beli kw menghidupin umkm;;;;;;;
Jepe mulu di sini; nggak prnh zonk;1;jepe mulu sini prnh zonk;;;;;;
𝘼𝙇𝙀𝙓𝙄𝙎17 on fire parah ! ! .;1;alexis17 on fire parah;;;;;;;
Yess... justru sekarang yang original adalah Made In China..🤣🤣;0;yess justru sekarang original made in china rofl rofl;;;;;;;
matiosaja ank abhh;0;matiosaja ank abhh;;;;;;;
9:26 setuju ; modif motor xmax nya bang;;;;;;;;
KIA emang singkatan; Korean International Automotive kalo ga salah;0;kia emang singkat korean international automotive kalo ga salah;;;;;;
10:12 emg pada ngga tau ─═𝗕𝗘𝗥𝗞𝗔𝗛𝟵𝟵 ═─  ?;1;emg ngga tau berkah99;;;;;;;
XMAX nya ossdette itu;0;xmax nya ossdette;;;;;;;
𝐴𝙂𝐔𝐒𝑇О𝘛𝘖; auto jepey!;1;agustoto auto jepey;;;;;;
TIM KREDIT 👇;0;tim kredit point down;;;;;;;
kerennn contentnya bang ; cari situs 𝐒𝐆𝐈𝟖𝟖;1;kerennn contentnya bang cari situs sgi88;;;;;;
sumpah 𝑨𝑳𝑬𝑿𝑰𝑺17 win .;1;sumpah alexis17 win;;;;;;;
Otak abang kayak nya nggk nyambung; kayak nya dulu kena stanting yaa😅;0;otak abang kayak nya nggk nyambung kayak nya dulu kena stanting yaa sweat smile;;;;;;
jakpot bikin seru ; 𝘋𝑂𝑅𝐴𝟽𝟩 !;1;jakpot bikin seru dora77;;;;;;
The best tahun ini di 𝗪𝗘𝗧𝗢𝗡𝟴𝟴 pasti byar!;1;the best tahun weton88 byar;;;;;;;
mulai nyetok dagangan 0 km nih wkwk;0;mulai nyetok dagang km nih wkwk;;;;;;;
main situs segacor 𝗪𝗘𝗧𝗢𝗡𝟴𝟴 ; asli nagih sih;1;main situs segacor weton88 asli nagih sih;;;;;;
Wajib beli;0;wajib beli;;;;;;;
а𝘎𝙐𝙎𝐓ot𝑂 sukses ; buruh bangunan pengusaha kontraktor .;1;agustoto sukses buruh bangun usaha kontraktor;;;;;;
alexis'17 gampang banget dapet hasil gede ; gk ribet;1;alexis gampang banget dapet hasil gede gk ribet;;;;;;
"kata kata sakti untuk hape ini""Minggir lu miskin"".";0;kata kata sakti hape minggir lu miskin;;;;;;;
Main sekali; langsung dapet jakpot besar. 𝘈𝐺𝐔𝑆𝐓𝑂𝙏𝘖bener-bener gacir!;1;main sekali langsung dapet jakpot besar agustotobener bener gacir;;;;;;
sehari main alexis17 udah dapet cuan jutaan !;1;hari main alexis17 udah dapet cuan juta;;;;;;;
Wow! ⚡ALEXIS17⚡ emang gak pernah ngecewain!;1;wow zap alexis17 zap emang gak pernah ngecewain;;;;;;;
gue sih ga nyesel gabung alexis17 ; ; nyesel tau;1;gue sih ga nyesel gabung alexis17 nyesel tau;;;;;
 @alyssabrayden2099 yg paling jelas di bagian uni lubiss;0;alyssabrayden2 99 yg paling jelas bagi uni lubiss;;;;;;;
Pa Ahok harus jdi presiden indonesia sih kalo mau negri ini maju.;0;pa ahok jdi presiden indonesia sih kalo mau negri maju;;;;;;;
moga bisa beli aamiin2;0;moga beli aamiin2;;;;;;;
Petir merah muncul terus; auto makswin;1;petir merah muncul terus auto makswin;;;;;;
Gak perlu khawatir soal masa depan kalo udah gabung ALEXIS⭐17⭐.;1;gak perlu khawatir soal masa depan kalo udah gabung alexis star star;;;;;;;
Mantap! ❤A L E X I S 1 7❤ emang paling top!;1;mantap heart a lexis1 heart emang paling top;;;;;;;
Wapres terburuk sepanjang sejarah Indonesia;0;wapres buruk panjang sejarah indonesia;;;;;;;
jepey terus di 𝗪𝗘𝗧𝗢𝗡𝟴𝟴; beneran!;1;jepey terus weton88 beneran;;;;;;
Pandji najwa shihab itu harus d luar politik;0;pandji najwa shihab d luar politik;;;;;;;
Inti dari masalah adalah ketika masalah membicarakan masalah.;0;inti masalah masalah bicara masalah;;;;;;;
"GW BARU BELI EMANG SEBAGUS ITUUUU YANG MAU TANYA "" BOLEH";0;gw baru beli emang bagus ituuuu mau tanya;;;;;;;
Baru kali ini nemu platform sehebat ALEXIS⭐17⭐.;1;baru kali nemu platform hebat alexis star star;;;;;;;
16:22 menggoreng temen sendiri😅😅🙊;0;goreng temen sendiri sweat smile sweat smile speak no evil;;;;;;;
𝘼𝙇𝙀𝙓𝙄𝙎17 emang daun banget ; gila sih . serius !;1;alexis17 emang daun banget gila sih serius;;;;;;
ohh 50 juta AJA; aman lah udah ke kumpul 15 ribu;0;ohh juta aja aman lah udah kumpul ribu;;;;;;
Gas; beli naspad;0;gas beli naspad;;;;;;
Sponsornya lebih banyak dari BRZiko 😮;0;sponsor lebih banyak brziko open mouth;;;;;;;
wede gampang ; situsnya terpercaya banget;1;wede gampang situs percaya banget;;;;;;
Modal receh; lgsng mekswin GG;1;modal receh lgsng mekswin gg;;;;;;
buset 𝑨𝑳𝑬𝑿𝑰𝑺17 keluarin promo bagus banget .;1;buset alexis17 keluarin promo bagus banget;;;;;;;
Belum into sm listrik; internal combustion tetap di hati;0;into sm listrik internal combustion tetap hati;;;;;;
darimana duitnya;0;darimana duit;;;;;;;
mandalika77 daftarin bos;1;mandalika77 daftarin bos;;;;;;;
serius nanya ; 𝘼𝙇𝙀𝙓𝙄𝙎17 beneran sebagus ? sumpah ?;1;serius nanya alexis17 beneran bagus sumpah;;;;;;
Jika dimanfaatkan orang tidak bertanggung jawab akan sangat mengerikan;0;manfaat orang tanggung jawab sangat keri;;;;;;;
Salut sama erspro Jersey kali ini bener2 kelas  bngt mewah;0;salut sama erspro jersey kali bener2 kelas bngt mewah;;;;;;;
Anjay mantep; di 💞𝘼LEXIS-17💞 bisa main SL🅞T sambil nge-Paramount+.;1;anjay mantep revolving hearts alexis revolving hearts main slot nge paramount;;;;;;
emang gak se-legit alexis17 sih .;1;emang gak se legit alexis17 sih;;;;;;;
wih ; 𝘼𝙇𝙀𝙓𝙄𝙎17 sih ? heboh banget ?;1;wih alexis17 sih heboh banget;;;;;;
Bang review kucing Oren yg lewat dividio bang;0;bang review kucing oren yg lewat dividio bang;;;;;;;
buset dah segitunya ama rezim;0;buset dah segitunya ama rezim;;;;;;;
𝘼𝙇𝙀𝙓𝙄𝙎17 sih ? heboh banget ? beneran ?;1;alexis17 sih heboh banget beneran;;;;;;;
Jawabnya sungguh di luar akal;0;jawab sungguh luar akal;;;;;;;
Aerox anti ngorox;0;aerox anti ngorox;;;;;;;
gak sabar nunggu projeck crosstrek dan brz farrel;0;gak sabar nunggu projeck crosstrek brz farrel;;;;;;;
gue sih udah ga heran kalo alexis17 ! trending sosmed;1;gue sih udah ga heran kalo alexis17 trending sosmed;;;;;;;
terima kasih untuk bapaknya pk Ahok.. sdh meyakinkan pk Ahok..;0;terima kasih bapak pk ahok sdh yakin pk ahok;;;;;;;
 @angeliart_  mereka mana berani undang tempo;0;angeliart mana berani undang tempo;;;;;;;
terima kasi rezekinya  ⭐𝐒𝐆𝐈𝟖𝟖;1;terima kasi rezeki star sgi88;;;;;;;
Setujuh banget.;0;tujuh banget;;;;;;;
Cari kerja sulit banget bos  umkm  sulit mempertahankan usahanya;0;cari kerja sulit banget bos umkm sulit tahan usaha;;;;;;;
suka banget main s1tus λ l e x i s 1 7 ; .. pokoknya the best emg;1;suka banget main s1tus llexis17 pokok the best emg;;;;;;
temen gue bilang alexis17 tuh bikin nagih !;1;temen gue bilang alexis17 tuh bikin nagih;;;;;;;
The most proper drift car in indonesia;0;the most proper drift car in indonesia;;;;;;;
salah satu mobil impian selain g63 dan range rover sport phev;0;salah satu mobil impi g63 range rover sport phev;;;;;;;
Yang saya lihat bukan isi videonya tapi komentar yg nonton video ini.;0;lihat bukan isi video komentar yg nonton video;;;;;;;
Kontribusi; voting dislike;0;kontribusi voting dislike;;;;;;
Jawaban nya... hanya formalitas..... model pencitraan Mulyono...;0;jawab nya formalitas model citra mulyono;;;;;;;
6.24 menit saya habiskan baca komentar doank😂;0;menit habis baca komentar doank joy;;;;;;;
​ @ZOE-TW  kasian 2025 masih alergian;0;zoe tw kasi alergi;;;;;;;
Jelajahi kemungkinan dengan 1:25 ＭΛＮDALIKΛ𝟟𝟟.;1;jelajah mungkin mlndalikl77;;;;;;;
lebih ke diam;0;lebih diam;;;;;;;
Makin sedih nanti kita sebagai rakyat Indonesia😂😂😂😂;0;makin sedih rakyat indonesia joy joy joy joy;;;;;;;
setuju bro kalau gw jg main di mandalika77 gacir;1;tuju bro kalau gw jg main mandalika77 gacir;;;;;;;
bagus garasinya 10:12 ─═𝗕𝗘𝗥𝗞𝗔𝗛𝟵𝟵 ═─ emang juara; rezeki gak ada abisnya!;1;bagus garasi berkah99 emang juara rezeki gak abis;;;;;;
Muka artis pake baju gd itu kaya mantan ku;0;muka artis pake baju gd kaya mantan ku;;;;;;;
gue rela bolos kelas ikutan event alexis17 .;1;gue rela bolos kelas ikut event alexis17;;;;;;;
No respect;0;no respect;;;;;;;
Santai main; hasilkan cuan; pilih 𝗠𝑨𝑵𝐃𝐀𝑳𝗜𝗞𝐀𝟕7!;1;santai main hasil cuan pilih mandalika77;;;;;
Ndiasmu beli;0;ndiasmu beli;;;;;;;
Mantap! ⚡ALEXIS17⚡ selalu kasih kejutan seru!;1;mantap zap alexis17 zap selalu kasih kejut seru;;;;;;;
Sound og diakhir video🎉;0;sound og akhir video tada;;;;;;;
Buka lembaran bahagia di ＭΛＮDALIKΛ𝟟𝟟;1;buka lembar bahagia mlndalikl77;;;;;;;
orang gue kenal ngomongin pulauwin .;1;orang gue kenal ngomongin pulauwin;;;;;;;
Ada ahok; like dulu baru nonton. Gass;0;ahok like dulu baru nonton gass;;;;;;
seminggu main alexis17 ; gue udah bayar asuransi kesehatan !;1;minggu main alexis17 gue udah bayar asuransi sehat;;;;;;
alexis'17 maen hoki;1;alexis maen hoki;;;;;;;
𝐷оrа𝟩𝟳menawarkan pengalaman efisien ringkas .;1;dora77menawarkan alam efisien ringkas;;;;;;;
Alhamdulillah 🤲 sehat selalu bapak presiden ku 🥰;0;alhamdulillah palms up together sehat selalu bapak presiden ku smiling face with 3 hearts;;;;;;;
3 jam ga ngapa ngapain;0;jam ga ngapa ngapain;;;;;;;
Erspo Ama erigo masih sama kan bos sadad jg yg punya?;0;erspo ama erigo sama kan bos sadad jg yg punya;;;;;;;
Cukup daging sebetulnya klo dengerin sampe akhir.;0;cukup daging klo dengerin sampe akhir;;;;;;;
rezeki nggak kemana ; makasih alexis17 !;1;rezeki makasih alexis17;;;;;;
Hemm  sayang sekali;0;hemm sayang sekali;;;;;;;
ngelag ? ! wd ? jalan ! alexis17 emang top .;1;ngelag wd jalan alexis17 emang top;;;;;;;
"Kn tiap orng beda""blog";0;kn tiap orng beda blog;;;;;;;
bro ; 𝘼𝙇𝙀𝙓𝙄𝙎17 tuh emang mantep banget ; gue udah buktiin;1;bro alexis17 tuh emang mantep banget gue udah buktiin;;;;;
gabung alexis17 seminggu ; udah ganti motor !;1;gabung alexis17 minggu udah ganti motor;;;;;;
pertama kali awak rasain jp 100juta cuma di mandalika77 itu;1;pertama kali awak rasain jp 1 juta cuma mandalika77;;;;;;;
bro 𝘼𝙇𝙀𝙓𝙄𝙎17 ngadain giveaway nih ; buruan ikutan ditutup;1;bro alexis17 ngadain giveaway nih buru ikut tutup;;;;;;
"24:20 disini padal baru bilang ""Ahok ga pernah marah2""";0;sini padal baru bilang ahok ga pernah marah2;;;;;;;
Se7 mau tau juga selera ziko klo modif motor😂;0;se7 mau tau selera ziko klo modif motor joy;;;;;;;
Berat ahh klo lawan KDM Gibran😂;0;berat ahh klo lawan kdm gibran joy;;;;;;;
Njir ngundang ahok;0;njir ngundang ahok;;;;;;;
Numpang ketawa 😂😂😂😂;0;numpang ketawa joy joy joy joy;;;;;;;
Buzzer yah;0;buzzer yah;;;;;;;
Lagi membaca monitor niyeee 😂;0;baca monitor niyeee joy;;;;;;;
situs mantap 𝐏𝐋𝐔𝐓𝐎𝟖𝟖 gampang menangnya;1;situs mantap pluto88 gampang menang;;;;;;;
udah ya main buzzer buzzernya;0;udah main buzzer buzzernya;;;;;;;
 @Ridwan-ld4gk  dengerin ga sampe akhir..;0;ridwan ld4gk dengerin ga sampe akhir;;;;;;;
Samsung kemana coy?;0;samsung coy;;;;;;;
Yg ngasih nilai; sibuk bikin balap tamiya😂😂;0;yg ngasih nilai sibuk bikin balap tamiya joy joy;;;;;;
Kdm ahok cocok;0;kdm ahok cocok;;;;;;;
Anjir tiba² banget lagi scroll² YT upload vid baru😂😂😂;0;anjir tiba2 banget scroll2 yt upload vid baru joy joy joy;;;;;;;
Main di 𝘋𝐄𝘞𝐀𝐃O𝐑𝘈 tuh auto ketagihan; gacor terus ga pernah rugi;1;main dewadora tuh auto tagih gacor terus ga pernah rugi;;;;;;
Wah gokil🔥;0;wah gokil fire;;;;;;;
𝗪𝗘𝗧𝗢𝗡𝟴𝟴 bikin ketagihan !;1;weton88 bikin tagih;;;;;;;
Kurang Bang rocky ini; cb tambah 1 dr pengamat politik gitu;0;kurang bang rocky cb tambah dr amat politik gitu;;;;;;
0:02 keren 𝐒𝐆𝐈𝟖𝟖 terbaik menang mudah;1;keren sgi88 baik menang mudah;;;;;;;
Mana pemilihnya yg selalu bela2 beliau; kok ga ada omon omon sekarang;0;mana pilih yg selalu bela2 beliau kok ga omon omon sekarang;;;;;;
Saatnya bersinar bersama 13:12 𝙈𝘼𝙉𝘿𝘼𝙇𝙄𝙆𝘼77;1;saat sinar sama mandalika77;;;;;;;
kayaknya kalo lo kenal 𝓟𝓤𝓛𝓐𝓤𝓦𝓘𝓝 ; lo hidup 2025 .;1;kayak kalo lo kenal pulauwin lo hidup;;;;;;
Suara yg terbeli... murahan;0;suara yg beli murah;;;;;;;
Topeng om mobi tu bauk apek pasti;0;topeng om mob tu bauk apek;;;;;;;
BRAVO !!!!;0;bravo;;;;;;;
Mantap jersey boss q ❤🎉;0;mantap jersey boss q heart tada;;;;;;;
"Gua berasa nonton yt yang ""2 jam ngga ngapa2in""";0;gua asa nonton yt jam ngga ngapa2in;;;;;;;
А𝐗𝐿𝟳7𝟽 aku cba2 bentar; saldo lgnsung gede;1;axl777 aku cba2 bentar saldo lgnsung gede;;;;;;
dо𝘙a𝟳𝟽 ; cu𝙖n gaмpang mulu;1;dora77 cuan gampang mulu;;;;;;
Kok saya merasa bahwa memilih anis dulu adalah pilihan yg tepat;0;kok rasa pilih anis dulu pilih yg tepat;;;;;;;
 @DikaYH-px5wl iya bang si paling tau;0;dikayh px5wl iya bang si paling tau;;;;;;;
orang bilang alexis17 tuh bener-bener mengubah hidup .;1;orang bilang alexis17 tuh bener bener ubah hidup;;;;;;;
aduh ngakak bgt wkkwkwkk;0;aduh ngakak bgt wkkwkwkk;;;;;;;
Gass lah modif X-Max;0;gass lah modif x max;;;;;;;
seminggu main alexis17 ; gue udah ganti kulkas pintu !;1;minggu main alexis17 gue udah ganti kulkas pintu;;;;;;
alexis17 ; bikin gue beli rumah cash 3 ; modal 200rb;1;alexis17 bikin gue beli rumah cash modal 2 rb;;;;;
pantesan ketika Dia berhitung 2 + 8 = 11:face-blue-smiling:;0;pantesan hitung face blue smiling;;;;;;;
david terhormat ; coba membahas nubia redmagic terima kasih perhatian;0;david hormat coba bahas nubia redmagic terima kasih perhati;;;;;;
Senang bukan kepalang bisa dapat rezeki nomplok dari 𝘼X𝙇77𝟽!;1;senang bukan kepalang rezeki nomplok axl777;;;;;;;
Pertanyaan apa d jawab apa 😅;0;tanya apa d jawab apa sweat smile;;;;;;;
mobil pake duit hasil kita bayar pajak itu;0;mobil pake duit hasil bayar pajak;;;;;;;
Coba saja..;0;coba;;;;;;;
𝐃оя𝐴𝟽7 ; auto m𝙚kswin;1;doyaa77 auto mekswin;;;;;;
Kita butuh orang saklek kaya ahok;0;butuh orang saklek kaya ahok;;;;;;;
Link pembelian 😅;0;link beli sweat smile;;;;;;;
ngetik sendiri?;0;ngetik sendiri;;;;;;;
Akhirnya setelah beberapa bulan terakhir penasaran sm ni hp;0;akhir beberapa bulan akhir penasaran sm ni hp;;;;;;;
Sudah sepuh jangan galak2 kak;nanti jantungnya copot😂;0;sepuh jangan galak2 kak jantung copot joy;;;;;;
Emg gayanya dr dulu deh perasaan;0;emg gaya dr dulu deh asa;;;;;;;
Otw beli 3 biji;0;otw beli biji;;;;;;;
Baru sebulan main ALEXIS⭐17⭐; hidup gue berubah 360 derajat!;1;baru bulan main alexis star star hidup gue ubah derajat;;;;;;
А𝐗𝐿𝟳7𝟽 saya cuma modal kecil; eh malah dapet jekpot;1;axl777 cuma modal kecil eh malah dapet jekpot;;;;;;
Belajar ngetik lagi lah lebih baik. Dari pada ngebacot;0;ajar ngetik lah lebih baik ngebacot;;;;;;;
konter ter fav;0;konter ter fav;;;;;;;
Swert Bonanja gacir banget hari ini; mantul;1;swert bonanja gacir banget hari mantul;;;;;;
sebulan join alexis17 ; hidup gue berubah total !;1;bulan join alexis17 hidup gue ubah total;;;;;;
50 jutaan ajaaa ajaaa ajaa aja aja aja aja aja ajaa;0;juta ajaaa ajaaa ajaa aja aja aja aja aja ajaa;;;;;;;
13:52 wah ada si oyen tuh😅😅;0;wah si oyen tuh sweat smile sweat smile;;;;;;;
kaum mendang mending; bendang banding jir;0;kaum dang mending bendang banding jir;;;;;;
yng nouvo kah?;0;yng nouvo;;;;;;;
modal lgsng jepek gates;1;modal lgsng jepek gates;;;;;;;
rezeki alexis17 ; makasih keberuntungannya !;1;rezeki alexis17 makasih untung;;;;;;
kemenangan valid ; settingan . 𝗣 𝗟 𝗨 𝗧 𝗢 𝟴 𝟴 emang gacor;1;menang valid settingan pluto88 emang gacor;;;;;;
Warisan ilmu molyono;0;waris ilmu molyono;;;;;;;
Ngelantur ngak jelas;0;ngelantur ngak jelas;;;;;;;
d 𝑂 𝙍 𝐀 𝟳 𝟽 gacor ; ga matinya;1;dora77 gacor ga mati;;;;;;
fokus lihat menit 06:12 malah ada tulisan✯𝙈𝘼𝙉𝙐𝙏88✯;1;fokus lihat menit malah tulis manut88;;;;;;;
pawpaw4d buktikan ; beda bareng tujuannya positif .;1;pawpaw4d bukti beda bareng tuju positif;;;;;;
Komen lu harus naik bang! Biar gue bantu.;0;komen lu naik bang biar gue bantu;;;;;;;
@syhrzlsyhrzl  gaa kok. dari dulu emang sama GM Company; ga pernah di chrysler;0;syhrzlsyhrzl gaa kok dulu emang sama gm company ga pernah chrysler;;;;;;
Interior terlalu biasa...sayang banget.;0;interior terlalu biasa sayang banget;;;;;;;
Aku orang indonesia SANGAT MALU PUNYA WAPRESSS NEGINI KULITASNYA.;0;aku orang indonesia sangat malu punya wapresss negini kulitasnya;;;;;;;
Ternyata betul bgt yang dibilang teman gue. main di M𝗮𝘯𝐝𝗮𝑙𝗶𝒌𝐚𝟟𝟳! gampang bgt dapetin maxwln. apalagi member baru positif bisa WD;1;nyata betul bgt bilang teman gue main mandalika77 gampang bgt dapetin maxwln member baru positif wd;;;;;;;
modal maxwin ; gila sih gacor abis;1;modal maxwin gila sih gacor abis;;;;;;
Caranya liat dislike dimana bang?;0;cara liat dislike bang;;;;;;;
Gas bang modif mio;0;gas bang modif mio;;;;;;;
Beli lah jual ginjal dulu 😂😂😂;0;beli lah jual ginjal dulu joy joy joy;;;;;;;
kebangkitan cuan weton88;1;bangkit cuan weton88;;;;;;;
ku coba 𝐏 𝐋 𝐔 𝐓 𝐎 𝟖 𝟖 langsung senyum hahahah;1;ku coba pluto88 langsung senyum hahahah;;;;;;;
terlalu keren mas 🔥;0;terlalu keren mas fire;;;;;;;
Aku bersyukur karena aku bukan bagian dari 58%...;0;aku syukur aku bukan bagi;;;;;;;
4 langkah doang itu; udh SKAKMAT;0;langkah doang udh skakmat;;;;;;
Anyinggg awowkkwkw 😂😂😂;0;anyinggg awowkkwkw joy joy joy;;;;;;;
thx a lot; rangkumannya;0;thx a lot rangkum;;;;;;
gw main alexis17 nih skrg ; emg alexis17 ; berkualitas;1;gw main alexis17 nih skrg emg alexis17 kualitas;;;;;
48:14 momen Pak Ahok marah :hand-orange-covering-eyes:;0;momen pak ahok marah hand orange covering eyes;;;;;;;
mantap banget ; seketer langganan;1;mantap banget keter langgan;;;;;;
Coba hitung brp kali dia “hahaha” 😂;0;coba hitung brp kali hahaha joy;;;;;;;
males dengernya;0;males dengernya;;;;;;;
hasil jepretannya mantep gilaa;0;hasil jepret mantep gilaa;;;;;;;
males ah bayangin aja sendiri😂;0;males ah bayangin aja sendiri joy;;;;;;;
gue rela gak upgrade hp nabung alexis17 .;1;gue rela gak upgrade hp nabung alexis17;;;;;;;
Jawaban'nya ngalor ngidul ges.;0;jawab nya ngalor ngidul ges;;;;;;;
𝘼𝙇𝙀𝙓𝙄𝙎17 bikin hidup gue simpel ; asli .;1;alexis17 bikin hidup gue simpel asli;;;;;;
Cumi cumi apa ga ada yg join event ini ?;0;cumi cumi apa ga yg join event;;;;;;;
alexis'17 maen hoki;1;alexis maen hoki;;;;;;;
sebulan main alexis17 ; gue udah dp ruko !;1;bulan main alexis17 gue udah dp ruko;;;;;;
Lexus ko gaada omm?;0;lexus ko gaada omm;;;;;;;
gue sih udah ga move on a.l.e.x.i.s.1.7 ; gacor bikin kecanduan;1;gue sih udah ga move on a l e x i s gacor bikin candu;;;;;;
main 𝘼𝙂𝐔𝙎𝑇o𝐓𝘖 ; nggak nyangka rezeki langsung sekejap !;1;main agustoto nyangka rezeki langsung kejap;;;;;;
Pak Prabowo menjawab Secara luas;;0;pak prabowo jawab luas;;;;;;
tuh beda banget buka p̶u̶l̶a̶u̶w̶i̶n̶ ; bikin semangat .;1;tuh beda banget buka pulauwin bikin semangat;;;;;;
emang omon-omon ngelantur prabowo;0;emang omon omon ngelantur prabowo;;;;;;;
Uni Lubis keren banget pertanyaannya;0;uni lubis keren banget tanya;;;;;;;
rezeki nomplok а𝘎𝙐𝙎𝐓ot𝑂 ; bener-bener puas banget !;1;rezeki nomplok agustoto bener bener puas banget;;;;;;
Komen gk guna report aja;0;komen gk report aja;;;;;;;
PRESENTASI APA INI YA?;0;presentasi apa;;;;;;;
buset batre nx bisa seharga pajero kaya nx;0;buset batre nx harga pajero kaya nx;;;;;;;
Jakpot besar di 𝘈𝘟𝘓𝟽𝟽𝟩 bikin hari semakin cerah. Siapa cepat dia dapat!;1;jakpot besar axl777 bikin hari makin cerah siapa cepat;;;;;;;
setuju bro gw jg main alexis17 gac0r;1;tuju bro gw jg main alexis17 gac r;;;;;;;
Layak 11/100;0;layak;;;;;;;
Matahari kembar;0;matahari kembar;;;;;;;
gilaa bom seceng ᗷО𝑾𝕆𝟳７ besar mujur;1;gilaa bom seceng kuowo77 besar mujur;;;;;;;
Jangan tunggu lama! Modal kecil bisa jadi besar bareng 𝗠𝑨𝑵𝐃𝐀𝑳𝗜𝗞𝐀𝟕7.;1;jangan tunggu lama modal kecil jadi besar bareng mandalika77;;;;;;;
Di dislike baper cihhhhh apaan;0;dislike baper cihhhhh apa;;;;;;;
@dwiagusadip280  gk ad bilang mas wahid;0;dwiagusadip28 gk ad bilang mas wahid;;;;;;;
bro kita lihat bagaimana buzzer mengcounter opinimu ini🤣;0;bro lihat bagaimana buzzer mengcounter opini rofl;;;;;;;
Bro wapres; apa intinya dari total 6:24 menit ini????;0;bro wapres apa inti total menit;;;;;;
gue sih udah ga move on alexis17 ! ; gacor ; bikin kecanduan;1;gue sih udah ga move on alexis17 gacor bikin candu;;;;;
maen ; lgsng makswin ; gg banget;1;maen lgsng makswin gg banget;;;;;
Kaesang kapan niih bang?;0;kaesang kapan niih bang;;;;;;;
Akhirnya lu review bang;0;akhir lu review bang;;;;;;;
Ga berani pake di tempat umum deh; takut ilang disamber orang lewat.;0;ga berani pake tempat umum deh takut ilang disamber orang lewat;;;;;;
Siap gass jdi timsua nya di wilayah gua;0;siap gass jdi timsua nya wilayah gua;;;;;;;
sumpah ngomong apaan sih;0;sumpah ngomong apa sih;;;;;;;
Gasss zx1000r;0;gasss zx1 r;;;;;;;
Style naskah; dan editing video gaya gayanya mirip Ferry Irwandi;0;style naskah editing video gaya gaya mirip ferry irwandi;;;;;;
TIM YANG NONTON DOANG TAPI GAK BELI ☝️;0;tim nonton doang gak beli point up;;;;;;;
akhirnyaa salam 𝗪𝗘𝗧𝗢𝗡𝟴𝟴 ! gampang jepe;1;akhirnyaa salam weton88 gampang jepe;;;;;;;
fender belakang nya yg rada aneh mas dipo;0;fender belakang nya yg rada aneh mas dipo;;;;;;;
JUMAT UP CROSTREK;0;jumat up crostrek;;;;;;;
emng bener kemarin udah coba probet gas ahh 𝗦𝗚𝗜𝟴𝟴 kawan berbuah manis;1;emng bener kemarin udah coba probet gas ahh sgi88 kawan buah manis;;;;;;;
@muhardhy_  realistis kalo pdip mau kalah lagi dan ditipu abah;0;muhardhy realistis kalo pdip mau kalah tipu abah;;;;;;;
Wkwk kocak; ahok lebih tegas;0;wkwk kocak ahok lebih tegas;;;;;;
berkat 𝘿e𝙒𝐴d𝑂ra melesat ; penjual asongan bos ritel .;1;berkat dewadora lesat jual asong bos ritel;;;;;;
Mending redmi 12T!!;;;;;;;;;
Kebiasaan ahh; nyesel belakangan;0;biasa ahh nyesel belakang;;;;;;
soleh solihun versi politisi😂 lucu dan berisi banget pak ahok;0;soleh solihun versi politis joy lucu isi banget pak ahok;;;;;;;
pake te37 keknya nyambung ya tu velg?;0;pake te37 kek nyambung tu velg;;;;;;;
salut bang keren kontennya ; salam jepe 𝐒𝐆𝐈𝟖𝟖;1;salut bang keren konten salam jepe sgi88;;;;;;
Lexus GK ada omm;0;lexus gk omm;;;;;;;
terima kasih banyak; bang 🙌;0;terima kasih banyak bang raised hands;;;;;;
Beli somay;0;beli somay;;;;;;;
Bang bahas teco camon 40 pro 5G;0;bang bahas teco camon pro 5g;;;;;;;
alexis17 gk kalah hki trus maen;1;alexis17 gk kalah hki trus maen;;;;;;;
Kalau kerja masih dicarikan sama ortu; gak usah mengedukasi.;0;kalau kerja cari sama ortu gak usah edukasi;;;;;;
Stop normalisasi korupsi. Itu dulu;0;stop normalisasi korupsi dulu;;;;;;;
28:37 detail banget ampe baut bautnya no play play ini mah;0;detail banget ampe baut baut no play play mah;;;;;;;
Senang banget bisa dapet rezeki hari ini dari 𝘿𝐎𝘙𝐴𝟽𝟩!;1;senang banget dapet rezeki hari dora77;;;;;;;
​ @BujangPamenan-w9i  Intelektual? Wkwkwkkw😂;0;bujangpamenan w9i intelektual wkwkwkkw joy;;;;;;;
bermain 𝐷оrа𝟩𝟳 membuka jalan ; kuli bangunan pengusaha sukses .;1;main dora77 buka jalan kuli bangun usaha sukses;;;;;;
gue rela ninggalin nonton drakor fokus alexis17 .;1;gue rela ninggalin nonton drakor fokus alexis17;;;;;;;
ohlins motor aja mahal; gimana mobil ya;0;ohlins motor aja mahal gimana mobil;;;;;;
Kpan Nih Review Subarunya farrel;0;kpan nih review subarunya farrel;;;;;;;
Gak perlu modal besar buat sukses di ALEXIS⭐17⭐.;1;gak perlu modal besar buat sukses alexis star star;;;;;;;
petir merah muncul ; auto makswin;1;petir merah muncul auto makswin;;;;;;
Bisa biat ngontrak rumah setahun 😂;0;biat ngontrak rumah tahun joy;;;;;;;
Semua orang bilang ALEXIS⭐17⭐ tuh life changer banget!;1;semua orang bilang alexis star star tuh life changer banget;;;;;;;
Gak bisa brooo; gak mampu dia;0;gak brooo gak mampu;;;;;;
7:08 nyindir iphone nih;0;nyindir iphone nih;;;;;;;
main di server baru emang mantep ga pernah turun naek terus; nih mandalika77;1;main server baru emang mantep ga pernah turun naek terus nih mandalika77;;;;;;
nikmat amat amat main di  mandalika77  starlight princes ny lagi menaburkan pesona tuh sama member baru di era tidak ada kata rungkad lagi deh cuan banyak di masing- masing harinya;1;nikmat main mandalika77 starlight princes ny tabur pesona tuh sama member baru era kata rungkad deh cuan banyak masing masing hari;;;;;;;
gak gagal ; 𝗦𝗚𝗜𝟴𝟴;1;gak gagal sgi88;;;;;;
gak ngalahin keseruan main alexis17 .;1;gak ngalahin seru main alexis17;;;;;;;
@jenosreffps4957  ngak usah serius2 brader santai aja;0;jenosreffps4957 ngak usah serius2 brader santai aja;;;;;;;
kelas bang;0;kelas bang;;;;;;;
awowkwkwkwkkw mana bisa jawab;0;awowkwkwkwkkw mana jawab;;;;;;;
Ｐｕｌａｕ７７７ tampilannya elegan banget;1;pulau777 tampil elegan banget;;;;;;;
bang kalau mau main di mandalika77 jangan pakai emosi main nya bang;main pelan pelan aja bang;1;bang kalau mau main mandalika77 jangan pakai emosi main nya bang main pelan pelan aja bang;;;;;;
OTR 600 juta pasti pada laku nich mobil jaicoo;0;otr juta laku nich mobil jaicoo;;;;;;;
gak seru ; nagih vibes-nya ｐｕｌａｕｗｉｎ .;1;gak seru nagih vibes nya pulauwin;;;;;;
Sepakat; auto menang😁;0;sepakat auto menang grin;;;;;;
nih a l e x i s 1 7 ! ? hebat banget sistemnya .;1;nih alexis17 hebat banget sistem;;;;;;;
petirnya terusss 𝑨𝑳𝑬𝑿𝑰𝑺17 .;1;petir terusss alexis17;;;;;;;
@lifeisneverthesame910  kalau mau 7 Seater Jaecoo J7 ukurannya harus dipanjangin lagi;0;lifeisneverthesame91 kalau mau seater jaecoo j7 ukur dipanjangin;;;;;;;
Ahok Anies;0;ahok anies;;;;;;;
berkah99 sih google ? ?;1;berkah99 sih google;;;;;;;
kesempatan menang 𝑲𝑰𝑵𝑮𝟑𝟐𝟖 ; sampe kelewatan !;1;sempat menang king328 sampe lewat;;;;;;
Apa di hp saya aja ya volumenya kurang kenceg;0;apa hp aja volume kurang kenceg;;;;;;;
Akhirnya subaru garasi drift team 2025 udah mau selesai mobilnya🔥;0;akhir subaru garasi drift team udah mau selesai mobil fire;;;;;;;
Tunjukan ijazahmu atau simpan rapat rapat biar tak dicurigai orang;0;tunjuk ijazah simpan rapat rapat biar tak curiga orang;;;;;;;
situs dongo dongo88 jamin dongo;1;situs dongo dongo88 jamin dongo;;;;;;;
gue sih udah ga move on alexis17 ; ; gacor bikin ketagihan;1;gue sih udah ga move on alexis17 gacor bikin tagih;;;;;
JEDER ane kepilih vip 𝑩ОＷ𝑶７７ 500rb tembus;1;jeder ane pilih vip bowo77 5 rb tembus;;;;;;;
barusan coba emng iyah sih wd 200 bang ; makasih yah rekomendasi 𝐒𝐆𝐈𝟖𝟖;1;barusan coba emng iyah sih wd bang makasih yah rekomendasi sgi88;;;;;;
Keren.. ;;;;;;;;;
@sobat.kuliner   lah terus....😃😃 Emang iya haha?? Terus Anies Ahok 2029 ape😃;0;sobat kuliner lah terus smiley smiley emang iya haha terus anies ahok ape smiley;;;;;;;
orang bilang alexis17 tuh bener-bener ngebantu keuangan .;1;orang bilang alexis17 tuh bener bener ngebantu uang;;;;;;;
he doesnt care. at all.;0;he doesnt care at all;;;;;;;
1:59 pak ahok; dia sosok idola. Merdekaaa;0;pak ahok sosok idola merdekaaa;;;;;;
🚩𝐒𝐆𝐈𝟖𝟖 tempat paling uhuy!;1;triangular flag on post sgi88 tempat paling uhuy;;;;;;;
✯𝗠𝗮𝗻𝘂𝘁𝟴𝟴✯Mulailah dari yang kecil; tapi mulailah sekarang;1;manut88 mulai kecil mulai sekarang;;;;;;
SUPER MANTAP;rasakan sendiri SENSASIONAL PGSOFT; OLYMPUS SAMA PRINCES Lainnya di  mandalika77;1;super mantap rasa sendiri sensasional pgsoft olympus sama princes lain mandalika77;;;;;
mas kapan punya bus slepper buat wisata 😊😊😊;0;mas kapan punya bus slepper buat wisata blush blush blush;;;;;;;
temen gue ketagihan alexis17 .;1;temen gue tagih alexis17;;;;;;;
𝘼𝙇𝙀𝙓𝙄𝙎17 sih ? heboh banget ? beneran ?;1;alexis17 sih heboh banget beneran;;;;;;;
d𝙊𝙍а 7𝟳 menawarkan kesempatan menguji kemampuan .;1;dora tawar sempat uji mampu;;;;;;;
Nanti bakal ada 4 lipat.;0;bakal lipat;;;;;;;
50 jt? Mending beli iPhone sama motor scoopy;0;jt mending beli iphone sama motor scoopy;;;;;;;
Sekarang lu pada nyesel kan nyoblos paslon 02;0;sekarang lu nyesel kan nyoblos paslon;;;;;;;
kalo alexis17 yg kasih duit;1;kalo alexis17 yg kasih duit;;;;;;;
24:33 LU GAK BISA MAIN CATUR?! 😂;0;lu gak main catur joy;;;;;;;
Parah ih; banyak yg dislike 😂😂😂;0;parah ih banyak yg dislike joy joy joy;;;;;;
Mending beli cewe bang 😂;0;mending beli cewe bang joy;;;;;;;
Kenapa ya kalo Ahok udah tampil pasti penontonnya byk 😂😂;0;kalo ahok udah tampil tonton byk joy joy;;;;;;;
Fueled by R Sauce E85;0;fueled by r sauce e85;;;;;;;
Bang judulnya belom diganti tuh wkkwkw masih judul tahap revisi;0;bang judul bom ganti tuh wkkwkw judul tahap revisi;;;;;;;
emang gak se-keren alexis17 sih .;1;emang gak se keren alexis17 sih;;;;;;;
🅿️🆄🅻🅰️🆄777 selalu punya fitur keren;1;pulau777 selalu punya fitur keren;;;;;;;
Justru lebih bangga kalau jalur prestasi;0;justru lebih bangga kalau jalur prestasi;;;;;;;
semoga amal ibadahnya terima sisi tuhan;1;moga amal ibadah terima sisi tuhan;;;;;;;
sempet ga percaya ; eh bener gua maxwin diga ru da ho-ki;1;sempet ga percaya eh bener gua maxwin diga ru da ho ki;;;;;;
emang gak se-reliable alexis17 sih .;1;emang gak se reliable alexis17 sih;;;;;;;
makin menunjukan kapasitas beliau..;0;makin tunjuk kapasitas beliau;;;;;;;
@juraganbeat Sabar om; banyak bener yang ga ngerti;0;juraganbeat sabar om banyak bener ga ngerti;;;;;;
​ @Richardquando  tolong perampasan aset;0;richardquando ampas aset;;;;;;;
Knp ya kyk kurang antusias; gk spt biasa nya; aura rame nya gk ada;0;knp kyk kurang antusias gk spt biasa nya aura rame nya gk;;;;;
tpi jujur gua main alexis17 sih emg gg lgsg wede;1;tpi jujur gua main alexis17 sih emg gg lgsg wede;;;;;;;
Oalah; kalau sama bapak² satu itu emang gak nanggung² buat hobi;0;oalah kalau sama bapak2 satu emang gak nanggung2 buat hobi;;;;;;
15:20 asik ngasih piala;0;asik ngasih piala;;;;;;;
Main di ＭΛＮDALIKΛ𝟟7; nggak nyangka rezeki langsung datang dalam sekejap!;1;main mlndalikl77 nyangka rezeki langsung datang kejap;;;;;;
kangen main game . alexis17 nostalgia .;1;kangen main game alexis17 nostalgia;;;;;;;
; ngomongin 𝘼𝙇𝙀𝙓𝙄𝙎17 ; ikutan kepo . ?;1;ngomongin alexis17 ikut kepo;;;;;
Saya like komen seperti ini;0;like komen;;;;;;;
orang bilang alexis17 tuh bener-bener mengubah hidup .;1;orang bilang alexis17 tuh bener bener ubah hidup;;;;;;;
tapi orang berkuasa yg mau main pasti tidak tinggal diam bung 🤣;0;orang kuasa yg mau main tinggal diam bung rofl;;;;;;;
Dari pada beli hp mahal mahal mending duit nya buat michat ❤;0;beli hp mahal mahal mending duit nya buat michat heart;;;;;;;
a l e x i s 1 7 bikin ketagihan ; pengen main pastinya menang !;1;alexis17 bikin tagih ken main pasti menang;;;;;;
Ya terserah yg punya...;0;serah yg punya;;;;;;;
main situs segacor 𝗦𝗚𝗜𝟴𝟴 ; asli nagih sih;1;main situs segacor sgi88 asli nagih sih;;;;;;
𝐌𝐢𝐘𝐚𝟖𝟖 tempatnya w3de batas ! keseruannya bikin nagih !;1;miya88 tempat w3de batas seru bikin nagih;;;;;;;
land rover evoque aja kaki2 kyk  mau meledagh;0;land rover evoque aja kaki2 kyk mau meledagh;;;;;;;
yg ditunggu2;0;yg ditunggu2;;;;;;;
Bukan membantah; tapi menjawab tidak nyambung;0;bukan ban jawab nyambung;;;;;;
Ko videonya ga ada suaranya di Hp gue; klow video lain ada 😢;0;ko video ga suara hp gue klow video cry;;;;;;
Gak perlu pusing mikirin biaya sekolah anak kalo udah join ALEXIS⭐17⭐.;1;gak perlu pusing mikirin biaya sekolah anak kalo udah join alexis star star;;;;;;;
Ditanya peruntukan anggaran dibalesnya karena angin. Siapa yaa;0;tanya untuk anggar dibalesnya angin siapa yaa;;;;;;;
Dalam arti kata benda ya om wkwk;0;arti kata benda om wkwk;;;;;;;
𝐃𝘌𝙒𝐴do𝐑𝘼menawarkan perspektif berbeda permainan daring .;1;dewadoramenawarkan perspektif beda main daring;;;;;;;
𝗪𝗘𝗧𝗢𝗡𝟴𝟴 emang top markotop ! jp !;1;weton88 emang top markotop jp;;;;;;;
gacur banget ; wede auto seneng;1;gacur banget wede auto neng;;;;;;
orang gila mana yg mau beli hp seharga motor😂;0;orang gila mana yg mau beli hp harga motor joy;;;;;;;
RESPECT KAK 🙌🏼;0;respect kak raised hands;;;;;;;
ini yang bilang yg penting jawab lu tuh nyimak beneran ga sih?;0;bilang yg penting jawab lu tuh nyimak beneran ga sih;;;;;;;
​ @lockysigarlaki163 bang bang mending banyakin baca dari pada yapping bgini;0;lockysigarlaki163 bang bang mending banyakin baca yapping bgini;;;;;;;
gacir banget ; main 𝗪𝗘𝗧𝗢𝗡𝟴𝟴;1;gacir banget main weton88;;;;;;
Paling bisa kasih orang bahagia s1tus M𝗮𝘯𝐝𝗮𝑙𝗶𝒌𝐚-𝟟𝟳 ini.. padahal pemain baru udah di kasih kemenangan sebanyak ini...;1;paling kasih orang bahagia s1tus mandalika padahal main baru udah kasih menang banyak;;;;;;;
Berarti kemarin golput; ato milih jokowow?;0;arti kemarin golput ato milih jokowow;;;;;;
gak skill khusus menang alexis17 .;1;gak skill khusus menang alexis17;;;;;;;
ga ru d a ho ki .. anti rungkad;1;ga ru da ho ki anti rungkad;;;;;;;
Kasih Link beli yang asli;0;kasih link beli asli;;;;;;;
daftar ; maen sebentar ; lgsng jepe;1;daftar maen sebentar lgsng jepe;;;;;
"Indonesia maju ada di kepala satu orang ""Ahok""";0;indonesia maju kepala satu orang ahok;;;;;;;
the best 𝗪𝗘𝗧𝗢𝗡𝟴𝟴 byar !;1;the best weton88 byar;;;;;;;
𝘼𝙇𝙀𝙓𝙄𝙎17 emang daun banget ; gila sih . asli ?;1;alexis17 emang daun banget gila sih asli;;;;;;
edan ; 𝘼𝙇𝙀𝙓𝙄𝙎17 bikin nagih !;1;edan alexis17 bikin nagih;;;;;;
gak pusing mikirin biaya pendidikan kalo udah join alexis17 .;1;gak pusing mikirin biaya didik kalo udah join alexis17;;;;;;;
Jd khawatir gue; mana msih 4 tahunan lebih lg 😢;0;jd khawatir gue mana msih tahun lebih lg cry;;;;;;
maen santai big win;1;maen santai big win;;;;;;;
Aman ada 4WS;0;aman 4ws;;;;;;;
jepe ; situs terbaik;1;jepe situs baik;;;;;;
iye jahat mainnya agama; gitu kan maunya lu dijawab? 😅;0;iye jahat main agama gitu kan mau lu jawab sweat smile;;;;;;
gue sih ga nyesel gabung alexis17 ! ; nyesel ga lahir;1;gue sih ga nyesel gabung alexis17 nyesel ga lahir;;;;;;
Iya iya.. ukurannya mirip toyota Fj cruiser ya?;0;iya iya ukur mirip toyota fj cruiser;;;;;;;
𝗦𝗚𝗜𝟴𝟴 bikin ketagihan !;1;sgi88 bikin tagih;;;;;;;
atas bawah pada mandalika77 ternyata bnrn gacir bre;1;atas bawah mandalika77 nyata bnrn gacir bre;;;;;;;
Yang penting bisa ngomong  meskipun  yang ngedit  harus kerja keras;0;penting ngomong meski ngedit kerja keras;;;;;;;
gak pusing ; duit lo main pu lau tujuh tujuh tujuh .;1;gak pusing duit lo main pu lau tujuh tujuh tujuh;;;;;;
keren banget ! menang 𝐒𝐆𝐈𝟖𝟖 ; auto liburan mewah !;1;keren banget menang sgi88 auto libur mewah;;;;;;
05:35 P U L A U W I N tempat ngadu nasib wkwkw;1;pulauwin tempat ngadu nasib wkwkw;;;;;;;
Butuh gawean iki mas pundi seng bikak lowker niki;0;butuh gawean iki mas pundi seng bikak lowker nik;;;;;;;
gak pusing mikirin biaya kuliah anak kalo udah join alexis17 .;1;gak pusing mikirin biaya kuliah anak kalo udah join alexis17;;;;;;;
wede aman ; nggak prnh;1;wede aman prnh;;;;;;
Baru seminggu join ALEXIS⭐17⭐; gue udah bisa beliin ortu TV baru!;1;baru minggu join alexis star star gue udah beliin ortu tv baru;;;;;;
swert bonanja gacir ; mntp;1;swert bonanja gacir mntp;;;;;;
😂 mending turu nggak sih;0;joy mending turu sih;;;;;;;
gak pusing mikirin biaya persalinan kalo udah join alexis17 .;1;gak pusing mikirin biaya salin kalo udah join alexis17;;;;;;;
audionya ya bang pandji; tolong team;0;audio bang pandji team;;;;;;
ERSP0  KO ANDALAN  SALAM DARI PAPUA;0;ersp ko andal salam papua;;;;;;;
rezeki gak putusnya makasi alexis17;1;rezeki gak putus makas alexis17;;;;;;;
1:20:43 dari pasar modal kok tiba2 jadi MBG 😅😂;0;pasar modal kok tiba2 jadi mbg sweat smile joy;;;;;;;
udah nyobain 𝘼𝙇𝙀𝙓𝙄𝙎17 belom ? recommended pokoknya . sumpah ?;1;udah nyobain alexis17 bom recommended pokok sumpah;;;;;;;
Login epep yu mas;0;login epep yu mas;;;;;;;
di atas sultan masih ada sultan;;0;atas sultan sultan;;;;;;
salfok sama filanonya;0;salfok sama filanonya;;;;;;;
Aura Gus Iqdam banget Je;0;aura gus iqdam banget je;;;;;;;
rezeki berkah99 emang gak terduga ! terima kasih ya tuhan !;1;rezeki berkah99 emang gak duga terima kasih tuhan;;;;;;;
gas bang coba main motor:v;0;gas bang coba main motor v;;;;;;;
gak gelar sarjana menang alexis17 .;1;gak gelar sarjana menang alexis17;;;;;;;
Kesini cuma buat dislike😂;0;kesini cuma buat dislike joy;;;;;;;
Bilang Indonesia Gelap matamu yang Gelap😂😂😂😂;0;bilang indonesia gelap mata gelap joy joy joy joy;;;;;;;
Tugas anak paud bang;0;tugas anak paud bang;;;;;;;
Luar biasa GD menyala.... Inspirasi;0;luar biasa gd nyala inspirasi;;;;;;;
Parah! 𝘿Е𝑊𝘈𝘿𝐎𝙍𝐴 bikin nagih banget; susah berhenti! 😮 😲;1;parah dewadora bikin nagih banget susah henti open mouth astonished;;;;;;
maen lgsng jepek ; wede lancar banget;1;maen lgsng jepek wede lancar banget;;;;;;
penasaran ? coba deh main pu lau tujuh tujuh tujuh .;1;penasaran coba deh main pu lau tujuh tujuh tujuh;;;;;;;
Senang banget main di ＭΛＮDALIKΛ𝟟𝟟; langsung dapat jakpot besar hari ini!;1;senang banget main mlndalikl77 langsung jakpot besar hari;;;;;;
Terlalu menyakitkan untuk didengarkan😅;0;terlalu sakit dengar sweat smile;;;;;;;
emang gak se-menguntungkan alexis17 deh .;1;emang gak se untung alexis17 deh;;;;;;;
Demo damai ki piye; ngomong pelan2 aja gk didenger;0;demo damai ki piye ngomong pelan2 aja gk didenger;;;;;;
sis ; worth it gak sih 𝘼𝙇𝙀𝙓𝙄𝙎17 dicoba ?;1;sis worth it gak sih alexis17 coba;;;;;;
"Dari PIB -> golkar -> ""gerindra/Prabowo"" -> PDIP";0;pib golkar gerindra prabowo pdip;;;;;;;
Intinya apa bang;0;inti apa bang;;;;;;;
gua sih ga pernah nyesel gabung ALEXIS-17☯ dari awal;1;gua sih ga pernah nyesel gabung alexis yin awal;;;;;;;
mantap alexis17 suka pecah scatter pantes rame;1;mantap alexis17 suka pecah scatter pantes rame;;;;;;;
auto jepey ! 𝗪𝗘𝗧𝗢𝗡𝟴𝟴;1;auto jepey weton88;;;;;;;
Macannya jadi kucing;0;macan jadi kucing;;;;;;;
Yang di tunggu tunggu salam Jepe 𝗪𝗘𝗧𝗢𝗡𝟴𝟴;1;tunggu tunggu salam jepe weton88;;;;;;;
benar kata hok gie dia memang naif;0;benar kata hok gie memang naif;;;;;;;
Wede cepat dan proses gampang; recommended;1;wede cepat proses gampang recommended;;;;;;
bro ; denger-denger 𝘼𝙇𝙀𝙓𝙄𝙎17 promo ; bener gak sih ?;1;bro denger denger alexis17 promo bener gak sih;;;;;
Kelaaaaaassssssaa 🔥🔥🔥🔥🔥🔥🔥🔥🔥🔥🔥🔥;0;kelaaaaaassssssaa fire fire fire fire fire fire fire fire fire fire fire fire;;;;;;;
𝘈𝙂𝐔stо𝐓𝐎bikin hidup asyik ; rezeki henti !;1;agustotobikin hidup asyik rezeki henti;;;;;;
bener2 jatuh cinta desain aston martin;1;bener2 jatuh cinta desain aston martin;;;;;;;
sehat slalu bro..;0;sehat slalu bro;;;;;;;
Tim yg pingin beli; tapi ga pingin..;0;tim yg pingin beli ga pingin;;;;;;
Se apapun mobil itu kalo tenaga listrik skip lah.;0;se apa mobil kalo tenaga listrik skip lah;;;;;;;
Wowo full omon-omon;0;wowo full omon omon;;;;;;;
wede brusan lancar ; mntp banget sih;1;wede brusan lancar mntp banget sih;;;;;;
Gk ada bikin video event drift king kemarin ya?;0;gk bikin video event drift king kemarin;;;;;;;
bro ALEXIS-17☯ lagi update sistem nih; katanya makin gacor;1;bro alexis yin update sistem nih kata makin gacor;;;;;;
anjir lah cok pengen beli gua; yang ini keren bgt njir;0;anjir lah cok ken beli gua keren bgt njir;;;;;;
Joget saja pak... Joget....;0;joget pak joget;;;;;;;
Hp lo lipet berapa boss;;pertanyaan yang mengerikan.😅;0;hp lo lipet berapa boss tanya keri sweat smile;;;;;
Dapatkan kemenangan menggiurkan hanya di PULAU TUJUH TUJUH TUJUH 🔥🔥;1;dapat menang giur pulau tujuh tujuh tujuh fire fire;;;;;;;
eh bro ; alexis17 ! event spesial nih ; hadiahnya rumah mewah;1;eh bro alexis17 event spesial nih hadiah rumah mewah;;;;;
Jiwa Miskuin ku meronta ronta 😁😁;0;jiwa miskuin ku ronta ronta grin grin;;;;;;;
@ lo komen gaya lama bro macam pintar aja lu  jirr hahahaa;0;lo komen gaya lama bro macam pintar aja lu jirr hahahaa;;;;;;;
Ninja r/ss/rr bang yg hedon;0;ninja r ss rr bang yg hedon;;;;;;;
A L E X I S 1 7 Bikin aku betah terus main. Gaskeun!;1;alexis17 bikin aku betah terus main gaskeun;;;;;;;
Salut sama para jurnalis senior; bisa sabar mewawancarai orang ngigo 😂;0;salut sama jurnalis senior sabar wawancara orang ngigo joy;;;;;;
ngopi santai kampus ; favorit alexis17 nih .;1;ngopi santai kampus favorit alexis17 nih;;;;;;
temen gue ketagihan alexis17 .;1;temen gue tagih alexis17;;;;;;;
anjir alexis17 situs kesukaan teman gw;1;anjir alexis17 situs suka teman gw;;;;;;;
Gacur banget; auto wede tiap hari;1;gacur banget auto wede tiap hari;;;;;;
Ini gwe Kaya nonton frimawan dan rigen jirr ....;0;gwe kaya nonton frimawan rigen jirr;;;;;;;
Menyalaa king dipo🔥🤟🙌;0;menyalaa king dipo fire love you gesture raised hands;;;;;;;
bro tau ga 𝘼𝙇𝙀𝙓𝙄𝙎17 udah support bank lokal e-wallet;1;bro tau ga alexis17 udah support bank lokal e wallet;;;;;;;
Awas yang komen jelek2 ntr dikira kita dibayar🤣😅;0;awas komen jelek2 ntr kira bayar rofl sweat smile;;;;;;;
mobile gus iqdam😁;0;mobile gus iqdam grin;;;;;;;
Voters 02 kan iq 58;0;voters kan iq;;;;;;;
jujur klo main mending 𝗦𝗚𝗜𝟴𝟴 bang;1;jujur klo main mending sgi88 bang;;;;;;;
Dari dulu smpe skrang sllu suka Ahok❤;0;dulu smpe skrang sllu suka ahok heart;;;;;;;
puas banget hasil didapet;1;puas banget hasil didapet;;;;;;;
Mau daptr mandalika77 bos ku;1;mau daptr mandalika77 bos ku;;;;;;;
𝐏𝐋𝐔𝐓𝐎𝟖𝟖 maen santai aja ; tetep wedey jutaan;1;pluto88 maen santai aja tetep wedey juta;;;;;;
Bisa di retur gak ;;;;;;;;;
capek bgt nemuin alexis 17 trs;1;capek bgt nemuin alexis trs;;;;;;;
𝐀G𝘜𝘚TO𝘛𝘖 aku cba; langsung bawa pulang cuan gede;1;agustoto aku cba langsung bawa pulang cuan gede;;;;;;
bang itu mobil baruu 😢;0;bang mobil baruu cry;;;;;;;
memang lagi gila ini mandalika77 member baru di kasi JP besar trus gaskeun selagi ngasih situsnya aman;1;memang gila mandalika77 member baru kasi jp besar trus gaskeun ngasih situs aman;;;;;;;
 @mascar007 STATEMENT KNTOL;0;mascar 7 statement kntol;;;;;;;
Umur panjang panji dan Pak Ahok..❤;0;umur panjang panji pak ahok heart;;;;;;;
sebelum ancur;0;ancur;;;;;;;
Ternyata bukan cm gw yg gemes sm jawabannya yg bukan jawaban😡😤;0;nyata bukan cm gw yg gemes sm jawab yg bukan jawab rage triumph;;;;;;;
𝘿 𝐄 𝘞 а d 𝐎 𝘙 аbikin hidup asyik ; rezeki henti !;1;dewador abikin hidup asyik rezeki henti;;;;;;
Ini bener2 presiden untuk rakyat Indonesia 😊;0;bener2 presiden rakyat indonesia blush;;;;;;;
ngomong apa ini😶😌🙂😀😃😄😁;0;ngomong apa no mouth relieved slight smile grinning smiley smile grin;;;;;;;
wih ; sih 𝘼𝙇𝙀𝙓𝙄𝙎17 trending gitu ?;1;wih sih alexis17 trending gitu;;;;;;
 @KaonimeCrack1945  wkwk absolute cinema;0;kaonimecrack1945 wkwk absolute cema;;;;;;;
 @SulisTyowati-el8kl  ngegas dari mana? 🤠 mau dong rujukannya; share link nya kakak;0;sulistyowati el8kl ngegas mana cowboy mau dong rujuk share link nya kakak;;;;;;
cs ramah ; proses gampang ; pokoknya oke;1;cs ramah proses gampang pokok oke;;;;;
😂😂kekowek dulu ga sih😂;0;joy joy kowek dulu ga sih joy;;;;;;;
Yah gws deh ni negara;0;yah gws deh ni negara;;;;;;;
ghacoorr nya kelewatan sumpah-ga ru da ho ki;1;ghacoorr nya lewat sumpah ga ru da ho ki;;;;;;;
seru nich 𝗦𝗚𝗜𝟴𝟴 cair;1;seru nich sgi88 cair;;;;;;;
Huawei: triple kill;0;huawei triple kill;;;;;;;
kasih●𝗠𝗮𝗻𝘂𝘁𝟴𝟴●yang tiada batas;1;kasih manut88 tiada batas;;;;;;;
Bukan nglantur tapi sepertinya memang tidak paham;0;bukan nglantur seperti memang paham;;;;;;;
Wajib trending yok!!!!!;0;wajib trending yok;;;;;;;
next nya 4 lipet;0;next nya lipet;;;;;;;
Good job BTX👏🏼;0;good job btx clap;;;;;;;
​ @saladinwarrior  11/100 ketinggian yaa... Hahahahaha...;0;saladinwarrior tinggi yaa hahahahaha;;;;;;;
Tidak Menjawab;0;jawab;;;;;;;
Tensi tinggi semua😂;0;tensi tinggi semua joy;;;;;;;
gas big bos;0;gas big bos;;;;;;;
kenal alexis17 ; gue tabungan .;1;kenal alexis17 gue tabung;;;;;;
λlexis17 ; bikin maxwin gampang;1;llexis17 bikin maxwin gampang;;;;;;
wapres Kuah seblak .;...malu2in aja;0;wapres kuah seblak malu2in aja;;;;;;
sukaaa bangettt 𝗦𝗚𝗜𝟴𝟴;1;sukaaa bangettt sgi88;;;;;;;
punya anaknya crazy rich tanjung priokk 🤣🤣;0;punya anak crazy rich tanjung priokk rofl rofl;;;;;;;
Cariin kerja dong;0;cariin kerja dong;;;;;;;
Wkwkwkwkwk😂;0;wkwkwkwkwk joy;;;;;;;
lihat episode2 sblmnya emg klu kesannya kayak keburu buru touringx;1;lihat episode2 sblmnya emg klu kesan kayak keburu buru touringx;;;;;;;
✯𝙈𝘼𝙉𝙐𝙏88✯ tiap hari weede terus disini cuy;1;manut88 tiap hari weede terus sini cuy;;;;;;;
Nyimak abang ; 𝐒𝐆𝐈𝟖𝟖 Cair mulu 😁;1;nyimak abang sgi88 cair mulu grin;;;;;;
Please bang Panji next udang KDM; yang stuju Like;;0;please bang panji next udang kdm stuju like;;;;;
Seneng model riview gini ; pakai bahasa sehari hari;0;neng model riview gin pakai bahasa hari hari;;;;;;
Macan sirkus🤣🤣🤣;0;macan sirkus rofl rofl rofl;;;;;;;
Hari ini dapat rezeki besar dari 𝘈𝘟𝐋𝟽7𝟩; senang banget rasanya!;1;hari rezeki besar axl777 senang banget rasa;;;;;;
alexis'17 gua suka banget main ; mudah menangnya;1;alexis gua suka banget main mudah menang;;;;;;
gak pusing mikirin biaya rumah sakit kalo udah join alexis17 .;1;gak pusing mikirin biaya rumah sakit kalo udah join alexis17;;;;;;;
Asli bener bnget😂;0;asli bener bnget joy;;;;;;;
merknya mirip nama adiknya giant (film doraemon);0;merknya mirip nama adik giant film doraemon;;;;;;;
Pak Ahok yes mantap 2029;0;pak ahok yes mantap;;;;;;;
udah cair 700rupiahnya?;0;udah cair 7 rupiah;;;;;;;
alexis'17 cba maen ; jekpot gede;1;alexis cba maen jekpot gede;;;;;;
Biasa kalah pemilu kemaren ini blm move on;0;biasa kalah milu kemaren blm move on;;;;;;;
swert bonanja mekswin ; modal aja;1;swert bonanja mekswin modal aja;;;;;;
𝔭𝔲𝔩𝔞𝔲𝟽𝟽𝟽 ? TERBAIKK; jepe terus bro!;1;pulau777 terbaikk jepe terus bro;;;;;;
beh CROSSDRIFT 🔥🔥🔥🔥;0;beh crossdrift fire fire fire fire;;;;;;;
mana 19juta lapangan kerja yg kau janjikan? oh lupa khusus ordalmu ya;0;mana 19juta lapang kerja yg kau janji lupa khusus ordalmu;;;;;;;
Rasakan keajaiban 3:17 hari ini di M𝗮𝘯𝐝𝗮𝑙𝗶𝒌𝐚𝟟𝟳;1;rasa ajaib hari mandalika77;;;;;;;
Gurih2 sedap tembakan nya;0;gurih2 sedap tembak nya;;;;;;;
Fix gak nyesel! ⚡ALEXIS17⚡ itu andalan gue sekarang!;1;fix gak nyesel zap alexis17 zap andal gue sekarang;;;;;;;
Barang2nya RECARO emang bestt sihh; jadi kerenn bangett inii!!;0;barang2nya recaro emang bestt sihh jadi kerenn bangett ini;;;;;;
petir merah gates bikin mekswin;1;petir merah gates bikin mekswin;;;;;;;
sebulan main alexis17 ; hidup gue berubah drastis !;1;bulan main alexis17 hidup gue ubah drastis;;;;;;
modal peroleh 𝘋𝐎𝑅a𝟳𝟳 percaya berwirausaha .;1;modal oleh dora77 percaya berwirausaha;;;;;;;
Semangat bang buat konten nya 😊Salam 𝗪𝗘𝗧𝗢𝗡𝟴𝟴! gampang Jepe;1;semangat bang buat konten nya blush salam weton88 gampang jepe;;;;;;;
p͎u͎l͎a͎u͎w͎i͎n͎ tuh kayak udah lifestyle ya ?;1;pulauwin tuh kayak udah lifestyle;;;;;;;
itu tetangga gw tiap sore main di P U L A U W I N;1;tetangga gw tiap sore main pulauwin;;;;;;;
bro alexis17 ; ngadain giveaway nih ; hadiahnya liburan keliling dunia;1;bro alexis17 ngadain giveaway nih hadiah libur keliling dunia;;;;;
Setuju...up²;0;tuju up2;;;;;;;
Anda kok betul;0;kok betul;;;;;;;
sumpah ; maen udh hoki;1;sumpah maen udh hoki;;;;;;
2:25 langsung 𝐒𝐆𝐈𝟖𝟖 bang;1;langsung sgi88 bang;;;;;;;
Punyaa Farel ini bukan ya?;0;punyaa farel bukan;;;;;;;
Punya farell?;0;punya farell;;;;;;;
sih 𝘼𝙇𝙀𝙓𝙄𝙎17 trending gitu ? gila ?;1;sih alexis17 trending gitu gila;;;;;;;
mamang bener;0;mamang bener;;;;;;;
Bang review infinix not 50s 5g;0;bang review infinix not 5 s 5g;;;;;;;
Ｐｕｌａｕ７７７ makin menarik tiap harinya;1;pulau777 makin tarik tiap hari;;;;;;;
Tidak menjawab sama sekali dari keluh kesah rakyat;0;jawab sama sekali keluh kesah rakyat;;;;;;;
ubur ubur ikan lele ; 𝑨𝑳𝑬𝑿𝑰𝑺17 nih lee ! .;1;ubur ubur ikan lele alexis17 nih lee;;;;;;
Klo kamu gak yakin dgn keputusanmu; buat apa ngambil keputusan?;0;klo kamu gak yakin dgn putus buat apa ngambil putus;;;;;;
sama wkwkwkw;0;sama wkwkwkw;;;;;;;
Iya bg saya langsung beli. Beli kacang biar asik nonton review nya;0;iya bg langsung beli beli kacang biar asik nonton review nya;;;;;;;
vivo x200 ultra bng;0;vivo x2 ultra bng;;;;;;;
Nunggu nanti tahun 2050 pas harga nya udh turun di 2 jutaan 😂😂😂😂😂;0;nunggu tahun pas harga nya udh turun juta joy joy joy joy joy;;;;;;;
MANDALIKA77 bikin senyum gak berhenti; mantap pol!;1;mandalika77 bikin senyum gak henti mantap pol;;;;;;
the best 𝗪𝗘𝗧𝗢𝗡𝟴𝟴 byar !;1;the best weton88 byar;;;;;;;
blunder terbesar wowo adalah membuat acara ini  😆🤣🤣;0;blunder besar wowo buat acara laughing rofl rofl;;;;;;;
Org baru d pake; MANTAP!;0;org baru d pake mantap;;;;;;
Pengen beli besok tapi pas liat jarak tempuh nya pendek cancel aja;0;ken beli besok pas liat jarak tempuh nya pendek cancel aja;;;;;;;
Kalau mau beli phev mending chery tiggo 8 CSH;0;kalau mau beli phev mending chery tiggo csh;;;;;;;
jurus skak mat 4 langkah andalan gue nih 😂;0;jurus skak mat langkah andal gue nih joy;;;;;;;
Tapi bo'ong;0;bo ong;;;;;;;
10:12 masa ngga tau ─═𝗕𝗘𝗥𝗞𝗔𝗛𝟵𝟵 ═─ si ? tempatnya para pemenang;1;masa ngga tau berkah99 si tempat menang;;;;;;;
PS terobosan nya apa ya?;0;ps terobos nya apa;;;;;;;
Gila; foto siomay aja jadi estetik banget 9:10;0;gila foto siomay aja jadi estetik banget;;;;;;
Mantap aura amfibinya keluar;0;mantap aura amfibi keluar;;;;;;;
"Next tambahin segment ""Mobil yang kita beli IIMS 2025""";0;next tambahin segment mobil beli iims;;;;;;;
Di ims ada mobil diesel g bang;0;ims mobil diesel g bang;;;;;;;
 @muhammadhaidar3287  kamu bicara apa? Sy kurg paham;0;muhammadhaidar3287 kamu bicara apa sy kurg paham;;;;;;;
Ternyata benar apa kata Pak Anies Baswedan saat debat capres kemarin 😔;0;nyata benar apa kata pak anies baswedan debat capres kemarin pensive;;;;;;;
Makan indomie sambil baca gorengan di komen ini; uii sedapnyoo;0;makan indomie baca goreng komen uii sedapnyoo;;;;;;
solusi penghilang stress cuman alexis17 .;1;solusi hilang stress cuman alexis17;;;;;;;
fitnah apa fakta nih?;0;fitnah apa fakta nih;;;;;;;
Trending #1 euy ✩░▒▓▆▅▃▂▁𝐌𝐀𝐍𝐃𝐀𝐋𝐈𝐊𝐀𝟕𝟕▁▂▃▅▆▓▒░✩;1;trending euy mandalika77;;;;;;;
makswin brusan gates ; gg banget;1;makswin brusan gates gg banget;;;;;;
Alay balapan kok bawa hal ga perlu;0;alay balap kok bawa ga perlu;;;;;;;
reall sihh lbwk mah juaranya di jepang🤣;0;reall sihh lbwk mah juara jepang rofl;;;;;;;
Buka pintu kebahagiaan di ＭΛＮDALIKΛ𝟟𝟟;1;buka pintu bahagia mlndalikl77;;;;;;;
Bekas lipatannya baru keliatan pas udah di bahas; emang keren nih hp;0;bekas lipat baru liat pas udah bahas emang keren nih hp;;;;;;
 @AgamSeftian  itu dri pemprov DKI loh;0;agamseftian dri pemprov dki loh;;;;;;;
█▓▒▒░░░𝒫𝒰𝐿𝒜𝒰𝟩𝟩𝟩░░░▒▒▓█ bikin hari-hari cuaan ; mantap banget .;1;pulau777 bikin hari hari cua mantap banget;;;;;;
Kyk sanggup aja cil. Omong kosong tok;0;kyk sanggup aja cil omong kosong tok;;;;;;;
TRENDING 1 GILAA MAMEEEN ＭＡＮＤＡＬＩＫＡ７７;1;trending gilaa mameeen mandalika77;;;;;;;
emang gak se-worth it alexis17 sih .;1;emang gak se worth it alexis17 sih;;;;;;;
Mobilnya rusak parah bang 😢;0;mobil rusak parah bang cry;;;;;;;
Jiwa miskinku bergetarrrrrrr;0;jiwa miskin bergetarrrrrrr;;;;;;;
Lebih seru baca komen nih 😅;0;lebih seru baca komen nih sweat smile;;;;;;;
gile tipis banget; battery berapa mah dah itu;0;gile tipis banget battery berapa mah dah;;;;;;
Yg kemarin ngeluh nunggin konten Crosstrek ini mana ya?;0;yg kemarin ngeluh nunggin konten crosstrek mana;;;;;;;
Beli kerupuk buat nonton gadget in;0;beli kerupuk buat nonton gadget in;;;;;;;
gue rela begadang malem alexis17 .;1;gue rela begadang malem alexis17;;;;;;;
Menurut ku velg nya cocok aja karena mobil nya SUV;0;ku velg nya cocok aja mobil nya suv;;;;;;;
hp yg kek di review zi iShowsspeed keknya yg pas di cina;0;hp yg kek review zi ishowsspeed kek yg pas cina;;;;;;;
Hidup penuh keceriaan bersama M𝗮𝘯𝐝𝗮𝑙𝗶𝒌𝐚𝟟𝟳;1;hidup penuh ceria sama mandalika77;;;;;;;
5:57 ada itasha kobo cui;0;itasha kobo cui;;;;;;;
Hancur sudahh 🤣🤣;0;hancur sudahh rofl rofl;;;;;;;
Makin gajelas😂😂;0;makin gajelas joy joy;;;;;;;
Keren parahhh;0;keren parahhh;;;;;;;
kirain upload Dipo crash 😅;0;kirain upload dipo crash sweat smile;;;;;;;
Didikan Bu Kantin ini pasti😂😂;0;dik bu kantin joy joy;;;;;;;
Emang gak ada yang se-gampang ALEXIS⭐17⭐ kalo soal dapetin cuan.;1;emang gak se gampang alexis star star kalo soal dapetin cuan;;;;;;;
Hari Jum'at gak upload bang.;0;hari jum at gak upload bang;;;;;;;
1:30:20 MAAF YA TAPI KAN SUDAH BERJALAN PULUHAN TAHUN;0;maaf kan jalan puluh tahun;;;;;;;
beuhh kameranya🤤🤤🤤;0;beuhh kamera drooling face drooling face drooling face;;;;;;;
karakter favoritku muncul ! alexis17 suka karakter .;1;karakter favorit muncul alexis17 suka karakter;;;;;;;
Di hp kok ga keliatan ya yg dislike brp?;0;hp kok ga liat yg dislike brp;;;;;;;
​ @mimikreeimut yoiiii wkwk;0;mimikreeimut yoiiii wkwk;;;;;;;
❤ 𝐒𝐆𝐈𝟖𝟖 ❤;1;heart sgi88 heart;;;;;;;
maen ; lgsng gacor parah;1;maen lgsng gacor parah;;;;;;
gak pendidikan menang alexis17 .;1;gak didik menang alexis17;;;;;;;
Oke;;mobil impiannya udah ada;;tinggal dapat uangnya bagaimana?;0;oke mobil impi udah tinggal uang bagaimana;;;
gue sih ga nyesel gabung alexis17 ! ; nyesel ga lahir;1;gue sih ga nyesel gabung alexis17 nyesel ga lahir;;;;;;
suka gimana 🆄🅻🆄777 update;1;suka gimana ulu777 update;;;;;;;
Semoga bisa memiliki 🙏🙏🙏;0;moga milik pray pray pray;;;;;;;
ya begitulah dunia... selalu menggoda;0;begitu dunia selalu goda;;;;;;;
Engga si.  Yang aneh mata lu aja;0;engga si aneh mata lu aja;;;;;;;
Gak sabar buat main lagi di 𝘈𝐺𝐔𝑆𝐓𝑂𝙏𝘖; karena rezeki datang tak terduga!;1;gak sabar buat main agustoto rezeki datang tak duga;;;;;;
11/100 is real!!;0;is real;;;;;;;
pak; saya nonton lebih 3 jam; dan saya khawatir😢;0;pak nonton lebih jam khawatir cry;;;;;
Thank you Mr Jeje ! 🔥🔥🔥🔥;0;thank you mr jeje fire fire fire fire;;;;;;;
modal receh ; lgsng mekswin gg;1;modal receh lgsng mekswin gg;;;;;;
Terbaik ❤ memang kak ; salam Weton88;1;baik heart memang kak salam weton88;;;;;;
Kenapa d jual 3 unitnya;0;d jual unit;;;;;;;
Sungguh pengalaman menyenangkan; hasil dari 𝘼𝑋𝘓𝟳𝟩𝟳 nggak ada lawan!;1;sungguh alam senang hasil axl777 lawan;;;;;;
𝐊𝐨𝐢𝐒𝐋𝐎𝐓 kasih skatter 500k ; sih beneran gokil !;1;koislot kasih skatter 5 k sih beneran gokil;;;;;;
Langsung beli nasi padang;0;langsung beli nasi padang;;;;;;;
19 jt lapangan kerjax apa kabar pak?;0;jt lapang kerjax apa kabar pak;;;;;;;
rangka esaf minder tuh;0;rangka esaf minder tuh;;;;;;;
alexis'17 gak boong ; dsini hoki mulu;1;alexis gak boong dsini hoki mulu;;;;;;
Saya akan sangat dukung kalau pak BTP nyalon capres;0;sangat dukung kalau pak btp nyalon capres;;;;;;;
Ini pelangi bahaya ini🗿😂;0;pelangi bahaya moyai joy;;;;;;;
mobil bang dipo gimana kabarnya padahal baru jadi😢;0;mobil bang dipo gimana kabar padahal baru jadi cry;;;;;;;
Wahh om kurussssss; congrats om; keceee;0;wahh om kurussssss congrats om keceee;;;;;
mana nih vid baru;0;mana nih vid baru;;;;;;;
Gue rela ninggalin nongkrong demi fokus di ALEXIS⭐17⭐.;1;gue rela ninggalin nongkrong fokus alexis star star;;;;;;;
bro ; 𝘼𝙇𝙀𝙓𝙄𝙎17 tuh emang mantep banget ; gue udah buktiin;1;bro alexis17 tuh emang mantep banget gue udah buktiin;;;;;
1:48:03 best part;0;best part;;;;;;;
emng bener kemarin udah coba probet gas ahh 𝐒𝐆𝐈𝟖𝟖 kawan berbuah manis;1;emng bener kemarin udah coba probet gas ahh sgi88 kawan buah manis;;;;;;;
sumpah ; dapetin info 𝘼𝙇𝙀𝙓𝙄𝙎17 ?;1;sumpah dapetin info alexis17;;;;;;
coba ; lgsng jepe kali;1;coba lgsng jepe kali;;;;;;
Yang ditunggu tunggu;0;tunggu tunggu;;;;;;;
Ｐｕｌａｕ７７７ bikin hari makin berwarna;1;pulau777 bikin hari makin warna;;;;;;;
​ @pinkgangsta6157  nah iya; yg waktu diundang kadin itu keliatan kosongnya 🤣🤣🤣;0;pinkgangsta6157 nah iya yg waktu undang kadin liat kosong rofl rofl rofl;;;;;;
𝐒𝐆𝐈𝟖𝟖 bikin maxwin gampang;1;sgi88 bikin maxwin gampang;;;;;;;
Masterpice telah tercipta;0;masterpice cipta;;;;;;;
𝐀G𝘜𝘚TO𝘛𝘖 sedang mendapatkan perhatian belakangan ini. Lihat apa yang ditawarkannya.;1;agustoto sedang dapat perhati belakang lihat apa tawar;;;;;;;
WD gampang banget; nggak pake ribet;1;wd gampang banget pake ribet;;;;;;
ngomong apa 😂;0;ngomong apa joy;;;;;;;
oke mantap mandalika77... udah wd ya otw mabar sama teman jg;1;oke mantap mandalika77 udah wd otw mabar sama teman jg;;;;;;;
Mantap..!!;0;mantap;;;;;;;
lagi nunggu case nya;0;nunggu case nya;;;;;;;
Gue sih percaya aja sama ALEXIS⭐17⭐; gak pernah ngecewain.;1;gue sih percaya aja sama alexis star star gak pernah ngecewain;;;;;;
Dunia otomotif indonesia....makin maju.;;;;;;;;;
Tiap hari ada aja hal baru di 𝘈𝐺𝐔𝑆𝐓𝑂𝙏𝘖; bikin penasaran dan excited terus!;1;tiap hari aja baru agustoto bikin penasaran excited terus;;;;;;
Modal kecil wede besar; gacir abis;1;modal kecil wede besar gacir abis;;;;;;
Jika Anda menghargai efisiensi dan kemudahan penggunaan; А𝐗𝐿𝟳7𝟽 layak dicoba.;1;harga efisiensi mudah guna axl777 layak coba;;;;;;
setuju; khususnya uni lubis ketika nanya ruu tni;0;tuju khusus uni lubis nanya ruu tni;;;;;;
gue udah nemu jalan ninja gue : alexis17;1;gue udah nemu jalan ninja gue alexis17;;;;;;;
@Dilann9  daerah saya kota belum ada 😂;0;dilann9 daerah kota joy;;;;;;;
Saya lebih suka mobilnya aldibosar;0;lebih suka mobil aldibosar;;;;;;;
Asli;;ngakak kocak pas part ini 🤣🤣;0;asli ngakak kocak pas part rofl rofl;;;;;
alexis17 ! tuh emang bener-bener ngasih peluang orang milyarder;1;alexis17 tuh emang bener bener ngasih peluang orang milyarder;;;;;;;
24:47 wkwkwkwwk BEST FRIEND ciyeeeeee 🤣🤣🤣;0;wkwkwkwwk best friend ciyeeeeee rofl rofl rofl;;;;;;;
oke alexis17 gas gas gas;1;oke alexis17 gas gas gas;;;;;;;
Aaaaaaa gila keren bangetttt bang gokillll❤;0;aaaaaaa gila keren bangetttt bang gokillll heart;;;;;;;
mobil astronot neh bang? wkwkw;0;mobil astronot neh bang wkwkw;;;;;;;
Solusi stunting itu pas di kandungan; bukan pas udah sekolah.;0;solusi stunting pas kandung bukan pas udah sekolah;;;;;;
setia ? buset 𝑨𝑳𝑬𝑿𝑰𝑺17 udah setia ! .;1;setia buset alexis17 udah setia;;;;;;;
Kesini karena punya HP;0;kesini punya hp;;;;;;;
Mobil disel sing paling proper;0;mobil disel sing paling proper;;;;;;;
11/100 Is Real...;0;is real;;;;;;;
Emang kalau diopening biasanya banyak jebakan. Jangan lengah;0;emang kalau diopening biasa banyak jebak jangan lengah;;;;;;;
Lexus ga ikutan ya??;0;lexus ga ikut;;;;;;;
Awokawoakwok awas di serang penyefong nya 🤣;0;awokawoakwok awas serang penyefong nya rofl;;;;;;;
Sotoy sotoy;0;sotoy sotoy;;;;;;;
49.900.000 ngab 😂 j2 prem cuma 100k;0;ngab joy j2 prem cuma 1 k;;;;;;;
TONG KOSONG PASTI NYARING SEKALI BUNYI NYA;0;tong kosong nyaring sekali bunyi nya;;;;;;;
​ @nyomansuwirtanaya2387  bisa jadi presiden?;0;nyomansuwirtanaya2387 jadi presiden;;;;;;;
05:35 weton88 ngadu nasib wkwkw;1;weton88 ngadu nasib wkwkw;;;;;;;
utama; itu bisa dirasakan★𝗠𝗮𝗻𝘂𝘁𝟴𝟴★;1;utama rasa manut88;;;;;;
weton88 keren banget;1;weton88 keren banget;;;;;;;
“RATA KANAN”!!!;0;rata kanan;;;;;;;
keren . gas mari kak 𝐒 𝙂ｉ𝟖 𝟖;1;keren gas kak s gi8;;;;;;;
Sumpah ya; bagian ini  gw ulang ulang berkali kali sambil ngakak;0;sumpah bagi gw ulang ulang kali kali ngakak;;;;;;
gak skill khusus sukses alexis17 .;1;gak skill khusus sukses alexis17;;;;;;;
terimakasih selalu upload bg; walaupun masih sibuk🎉𝐒𝐆𝐈𝟖𝟖;1;terimakasih selalu upload bg walaupun sibuk tada sgi88;;;;;;
maen gacor abis;1;maen gacor abis;;;;;;;
Dua orang ini lebih baik saling beroposisi. Sama2 pinternya;0;orang lebih baik saling oposisi sama2 pinternya;;;;;;;
Crostrek kapan nichh;0;crostrek kapan nichh;;;;;;;
Dan akhirnya mercy & lexus tidak hadir;0;akhir mercy lexus hadir;;;;;;;
Next review mobilnya king Dio;0;next review mobil king dio;;;;;;;
05:35 weton88 ngadu nasib wkwkw;1;weton88 ngadu nasib wkwkw;;;;;;;
sangat memudahkan;;;;;;;;;
Yyahhh crashhh;0;yyahhh crashhh;;;;;;;
bro ; bilang ; 𝘼𝙇𝙀𝙓𝙄𝙎17 top markotop !;1;bro bilang alexis17 top markotop;;;;;
Mantul banget 𝓅 𝓊 𝐼 𝒶 𝒰 𝟩 𝟩 𝟩; jepe lagi nih.;1;mantul banget puiau77 jepe nih;;;;;;
Bray.... di cari bapakmu; suruh pulang mandi gih...;0;bray cari bapak suruh pulang mandi gih;;;;;;
Baru sadar kalo selama ini di tipu sama mobil Jepang;0;baru sadar kalo lama tipu sama mobil jepang;;;;;;;
Sukaaa bangettt sama 𝐏𝐑𝐎𝐁𝐄𝐓𝟖𝟓𝟓;1;sukaaa bangettt sama probet855;;;;;;;
Nambah 10 juta lg dpet daihatsu granmax blindvan bekas 😂;0;nambah juta lg dpet daihatsu granmax blindvan bekas joy;;;;;;;
Prabowo hanya mendongeng sih kataku 😊😊😊;0;prabowo dongeng sih kata blush blush blush;;;;;;;
hahahha; kenapa begitu kae;0;hahahha kae;;;;;;
 @rayhanyovi  bener banget; tadi mau bilang gini juga;0;rayhanyovi bener banget tadi mau bilang gin;;;;;;
Yaudah langsung beli gan;0;yaudah langsung beli gan;;;;;;;
Saya kok rasa sedih liat mobil ini setelah insiden 😥;0;kok rasa sedih liat mobil insiden disappointed relieved;;;;;;;
kosong; useless...;0;kosong useless;;;;;;
alexis'17 jackpot ; gk paham sehokinya;1;alexis jackpot gk paham hoki;;;;;;
akses 𝘼𝙇𝙀𝙓𝙄𝙎17 keren sih .;1;akses alexis17 keren sih;;;;;;;
emang gak se-reliable alexis17 sih .;1;emang gak se reliable alexis17 sih;;;;;;;
TIM YG GA BISA TIDUR LANGSUNG NONTON GADGETIN ✋;0;tim yg ga tidur langsung nonton gadgetin raised hand;;;;;;;
the real kaya wkwk tanpa banyak sponsor;0;the real kaya wkwk banyak sponsor;;;;;;;
11/100 tuh kegedean ini harusnya -11/1000;0;tuh gede harus;;;;;;;
emang gak se-menguntungkan alexis17 deh .;1;emang gak se untung alexis17 deh;;;;;;;
Di tunggu tunggu;0;tunggu tunggu;;;;;;;
 @tonyramadan8201  menurut ku pribadi ketiganya gak ada yg meyakinkan bang;;;0;tonyramadan82 1 ku pribadi tiga gak yg yakin bang;;;;;
terima kasih a𝙂𝙐s𝙏о𝙏o ! menang kebutuhan keluarga .;1;terima kasih agustoto menang butuh keluarga;;;;;;;
Senangkep gue; dia malah nyalahin rakyatnya wkwkwk;0;senangkep gue malah nyalahin rakyat wkwkwk;;;;;;
Enak yah dia sudah nyobain jdi wapres😂😂😂 ; karena bonus paman;0;enak yah nyobain jdi wapres joy joy joy bonus paman;;;;;;
malem gue nungguin update alexis17 .;1;malem gue nungguin update alexis17;;;;;;;
@newpedia2541  5-10 tahun itu seumur hidup untuk Pasar Teknologi.;0;newpedia2541 tahun umur hidup pasar teknologi;;;;;;;
tugas sekolah sepertinya😂;0;tugas sekolah seperti joy;;;;;;;
Diskusi terekam aja gaslighting mulu; ngelantur🤣;0;diskusi rekam aja gaslighting mulu ngelantur rofl;;;;;;
ＭΛＮDALIKΛ𝟟𝟟 gk usah ragu; 1:54 coba sekarang juga;1;mlndalikl77 gk usah ragu coba sekarang;;;;;;
Gelang lo bang😂😂😂;0;gelang lo bang joy joy joy;;;;;;;
​ @angeliart_ rezim kok dibela; harga diri lu serendah 700 perak per komen?;0;angeliart rezim kok bela harga diri lu serendah perak per komen;;;;;;
Hahaahaha bener;0;hahaahaha bener;;;;;;;
Badan Lo yg bagus bg;;;keren bgt timnas;0;badan lo yg bagus bg keren bgt timnas;;;;
sketer muncul ; auto jepek;1;sketer muncul auto jepek;;;;;;
alexis17 ; bikin gue lunasi utang seminggu ; modal 100rb;1;alexis17 bikin gue lunas utang minggu modal 1 rb;;;;;
Baru je siap dah crash mohon tabah yer mas dipo;0;baru je siap dah crash mohon tabah yer mas dipo;;;;;;;
Keren sih 𝔭𝔲𝔩𝔞𝔲𝟽𝟽𝟽; main bentar auto jepe.;1;keren sih pulau777 main bentar auto jepe;;;;;;
𝗪𝗘𝗧𝗢𝗡𝟴𝟴 bikin maxwin gampang;1;weton88 bikin maxwin gampang;;;;;;;
sehat salam λlexis17 ; gampang jepe;1;sehat salam llexis17 gampang jepe;;;;;;
swert bonanja gacir pol ; auto wede;1;swert bonanja gacir pol auto wede;;;;;;
Itu layarnya punya samsung; dan kerja sama dengan samsung;0;layar punya samsung kerja sama samsung;;;;;;
Mobil ini cocok untuk kendaraan dinas saya sebagai kepala desa;0;mobil cocok kendara dinas kepala desa;;;;;;;
Rezeki tak terduga datang dari 𝘼𝐆𝑈S𝐓ОT𝙊; makasih banyak!;1;rezeki tak duga datang agustoto makasih banyak;;;;;;
Gurih banget emang V8 N/A;0;gurih banget emang v8 n a;;;;;;;
gak pengalaman menang alexis17 .;1;gak alam menang alexis17;;;;;;;
Ulas full carman nya om fitra eri yg crast d mandalika bro..😊😊😊;0;ulas full carman nya om fitra eri yg crast d mandalika bro blush blush blush;;;;;;;
salam satu hati kita bersama setia di ✦𝗠𝗮𝗻𝘂𝘁𝟴𝟴✦;1;salam satu hati sama setia manut88;;;;;;;
modal lgsng jepek gates;1;modal lgsng jepek gates;;;;;;;
Gates gacur banget hari ini; auto wede;1;gates gacur banget hari auto wede;;;;;;
bang; bahas mas Dedi Mulyadi dong gubernur jabar;0;bang bahas mas dedi mulyadi dong gubernur jabar;;;;;;
Kalo dukung timnas...udahain beli yg ori gaes...;0;kalo dukung timnas udahain beli yg ori gaes;;;;;;;
alexis17 ; emang ga matinya ; rame promo;1;alexis17 emang ga mati rame promo;;;;;
apalagi ini 07:01 M A N D A L I K A 7 7;1;mandalika77;;;;;;;
untung gak remap ; kerjanya;0;untung gak rap kerja;;;;;;
alexis 17 emang top dah ; ga bikin kecewa;1;alexis emang top dah ga bikin kecewa;;;;;;
Dapet apa?;0;dapet apa;;;;;;;
"Paling jawabannya ""biasa saja""  ""sudah biasa"" dst";0;paling jawab biasa biasa;;;;;;;
gak skill jago menang alexis17 .;1;gak skill jago menang alexis17;;;;;;;
main santai а𝘎𝙐𝙎𝐓ot𝑂 ; eh dapet menang ! gak ketinggalan !;1;main santai agustoto eh dapet menang gak tinggal;;;;;;
Pemimpin suram;0;pimpin suram;;;;;;;
Wajib coba! Bangga banget jadi bagian dari 🔥⚡ALEXIS17⚡?🔥;1;wajib coba bangga banget jadi bagi fire zap alexis17 zap fire;;;;;;;
Lebih menarik baca komentar 😂;0;lebih tarik baca komentar joy;;;;;;;
ngeri ; sepupu gue smp aja tau p͟͟u͟͟l͟͟a͟͟u͟͟w͟͟i͟͟n͟͟ .;1;ngeri sepupu gue smp aja tau pulauwin;;;;;;
emang gak se-trusted alexis17 sih .;1;emang gak se trusted alexis17 sih;;;;;;;
"Ketik aja ""ndasmu"" 😂😂😂";0;ketik aja ndasmu joy joy joy;;;;;;;
anti lelet ; alexis17 emang gacor .;1;anti lelet alexis17 emang gacor;;;;;;
Dari utang numpuk jadi sultan abis main di 𝘋𝐄𝘞𝐀𝐃O𝐑𝘈;1;utang numpuk jadi sultan abis main dewadora;;;;;;;
alexis17 ; emang top dah ; ga bikin kecewa sampe jaman;1;alexis17 emang top dah ga bikin kecewa sampe jaman;;;;;
eeee eee terus paaa;0;eeee eee terus paaa;;;;;;;
Sering bngt gua ngeliat towing nya garasi drift di rawa domba;0;sering bngt gua ngeliat towing nya garasi drift rawa domba;;;;;;;
sekarang mana brz farel😅;0;sekarang mana brz farel sweat smile;;;;;;;
21:19 yg gak nonton sampe abis mana tau 🤭;0;yg gak nonton sampe abis mana tau face with hand over mouth;;;;;;;
Makasih kohh;0;makasih kohh;;;;;;;
Sponsornya keren semua plus overall look mobil ini emang top 👍🏽;0;sponsor keren semua plus overall look mobil emang top thumbsup;;;;;;;
fufufafa was wes wos;0;fufufafa was wes wos;;;;;;;
alus pisan mandalika77 wkwkwkw;1;alus pis mandalika77 wkwkwkw;;;;;;;
Kopet njlepet; nyocot apa sih;0;kopet njlepet nyocot apa sih;;;;;;
Klu kerja masih di cariin ortu; mending gk usah mengedukasi deh.;0;klu kerja cariin ortu mending gk usah edukasi deh;;;;;;
Urusin aja makan Luhh;0;urusin aja makan luhh;;;;;;;
0:48 khodam rebahan gw ketar ketir dengernya 😅;0;khodam rebah gw ketar tir dengernya sweat smile;;;;;;;
suka bgt jok sm kaki2 nya ciamik;0;suka bgt jok sm kaki2 nya ciamik;;;;;;;
Kasian 212 tong 😂😂;0;kasi tong joy joy;;;;;;;
alexis17 ! emang ga duanya ; pelayanan vip member seumur hidup;1;alexis17 emang ga dua layan vip member umur hidup;;;;;;
​ @ZOE-TW dari pada ip 16 masih 60hz😂😂;0;zoe tw ip 6 hz joy joy;;;;;;;
bener pula 0W0 Membantah😂;0;bener w ban joy;;;;;;;
Emg terlalu OP pak Ahok ni.. saluttt 🫡🫡🫡;0;emg terlalu op pak ahok ni saluttt saluting face saluting face saluting face;;;;;;;
​ @Fate-v9f Ini buat bisnis bro bukan buat game🗿;0;fate v9f buat bisnis bro bukan buat game moyai;;;;;;;
9:11  bang tadi jam segitu menang besar w di 🚩𝐒𝐆𝐈𝟖𝟖🚩;1;bang tadi jam segitu menang besar w triangular flag on post sgi88 triangular flag on post;;;;;;;
pengen cepet sukses ? alexis17 solusinya !;1;ken cepet sukses alexis17 solusi;;;;;;;
keberhasilan . 𝗣 𝗟 𝗨 𝗧 𝗢 𝟴 𝟴 emang gacor;1;hasil pluto88 emang gacor;;;;;;;
bonus dari babe;0;bonus babe;;;;;;;
bro alexis17 ; turnamen gede nih ; hadiahnya bisnis franchise;1;bro alexis17 turnamen gede nih hadiah bisnis franchise;;;;;
​ @sandymartono7029  jiakhhh raiso nimpali langsung nisuhi Wong 😂;0;sandymartono7 29 jiakhhh raiso nimpali langsung nisuhi wong joy;;;;;;;
​ @AnggoroDps_9 buzzer ya? Niat banget balesin hampir semua komentar?😅;0;anggorodps 9 buzzer niat banget balesin hampir semua komentar sweat smile;;;;;;;
Masih setia dengan rem avanza😂;0;setia rem avanza joy;;;;;;;
Saya Mau juga beli.. Dmn itu?;0;mau beli dmn;;;;;;;
Hahhhhh🫠  onooo onoo;0;hahhhhh melting face onooo onoo;;;;;;;
Fyi beberapa velg method dibuat di indo🔥;0;fyi beberapa velg method buat indo fire;;;;;;;
Cuma 50 jutaan aja ; anyiiiiing 💀💀;0;cuma juta aja anyiiiiing skull skull;;;;;;
jujur jawabannya JELAS banget;0;jujur jawab jelas banget;;;;;;;
Wede cepat; pelayanan ramah banget;1;wede cepat layan ramah banget;;;;;;
TIM YG LAGI CARA UNTUK NGUMPULIN DUITNYA UTK BELI INI HAPE;0;tim yg cara ngumpulin duit utk beli hape;;;;;;;
sayang realitanya kamu ga di situ; belum levelmu bro;0;sayang realitanya kamu ga situ level bro;;;;;;
yo apik tenan iki ; gampang banget dapetnya;1;yo apik tenan iki gampang banget dapetnya;;;;;;
pantes tongkrongan maen alexis17;1;pantes tongkrong maen alexis17;;;;;;;
kalau real terjadi; puasa daud gua;0;kalau real jadi puasa daud gua;;;;;;
JAKA SEMBUNG BAWA GOLOK...;0;jaka sembung bawa golok;;;;;;;
keren mobil nya;0;keren mobil nya;;;;;;;
Mingirrrr lu misqueenn....;0;mingirrrr lu misqueenn;;;;;;;
Orang kaya kalo lupa unik ya. “Mengingatkan gw kalo punya X max😢😢;0;orang kaya kalo lupa unik ingat gw kalo punya x max cry cry;;;;;;;
Aniesnya kasian; gak bisa ngimbangin;0;aniesnya kasi gak ngimbangin;;;;;;
Kamera yang buat ngonten kamera apa kak ziko?;0;kamera buat ngonten kamera apa kak ziko;;;;;;;
thanks a lot!! 🫰;0;thanks a lot hand with index finger and thumb crossed;;;;;;;
𝐒𝐆𝐈𝟖𝟖 is the best;1;sgi88 is the best;;;;;;;
salam 𝐒𝐆𝐈𝟖𝟖 ! gampang jepe ; sehat;1;salam sgi88 gampang jepe sehat;;;;;;
parah ; 𝘼𝙇𝙀𝙓𝙄𝙎17 keren banget ! pokoknya ?;1;parah alexis17 keren banget pokok;;;;;;
Konten yang gw tunggu sehabis pulang kerja gas ramaikan bro biar mledak vidionya ;Salam ⭐𝐒𝐆𝐈𝟖𝟖!;1;konten gw tunggu habis pulang kerja gas ramai bro biar mledak vidionya salam star sgi88;;;;;;
 @AnggoroDps_9  anggoro jadi buzzer sumbangsih?;0;anggorodps 9 anggoro jadi buzzer sumbangsih;;;;;;;
oalahhh gua prnah cog main alexis17 bnran lgsg wd wkwk;1;oalahhh gua prnah cog main alexis17 bnran lgsg wd wkwk;;;;;;;
temen gue bilang alexis17 tuh bikin nagih parah !;1;temen gue bilang alexis17 tuh bikin nagih parah;;;;;;;
"26:18 ""boleh di buka mas?"" Tulisan di wing menjawab";0;buka mas tulis wing jawab;;;;;;;
sumpah terbaik cuman 𝘼𝙇𝙀𝙓𝙄𝙎17;1;sumpah baik cuman alexis17;;;;;;;
Kasian bgt dah crash aja; gara2 keinjek bodykit copot kali ya;0;kasi bgt dah crash aja gara2 keinjek bodykit copot kali;;;;;;
main 𝐌 𝐈 𝐘 𝐀 𝟖 𝟖 tuh kayak dapet thr !;1;main miya88 tuh kayak dapet thr;;;;;;;
pawpaw4d pengalaman seru menyenangkan !;1;pawpaw4d alam seru senang;;;;;;;
Fix gak nyesel! ⚡ALEXIS17⚡ selalu kasih kejutan seru!;1;fix gak nyesel zap alexis17 zap selalu kasih kejut seru;;;;;;;
udah blunder; mana jalan kudanya aneh dipojok gitu wkwk;0;udah blunder mana jalan kuda aneh pojok gitu wkwk;;;;;;
gampang pisan ; hasilnya langsung kerasa;1;gampang pis hasil langsung rasa;;;;;;
Nyok kite dislike rame rame nyok 👎😅;0;nyok kite dislike rame rame nyok thumbsdown sweat smile;;;;;;;
gak nyesel deh bergabung pawpaw4d ; peluang menang !;1;gak nyesel deh gabung pawpaw4d peluang menang;;;;;;
Nunggu yg di lipat 10 baru beli;0;nunggu yg lipat baru beli;;;;;;;
blh coba alexis17;1;blh coba alexis17;;;;;;;
Nah ini yg ditunggu2;0;nah yg ditunggu2;;;;;;;
SETUJU!!!;0;tuju;;;;;;;
mimpi lo dibiayai pu lau tujuh tujuh tujuh—asal lo coba .;1;mimpi lo biaya pu lau tujuh tujuh tujuh asal lo coba;;;;;;;
𝘋𝐄𝘞𝐀𝐃O𝐑𝘈 bikin maxwin makin gampang;1;dewadora bikin maxwin makin gampang;;;;;;;
31:27 itu ga malu apa ya motoran sambil main hp sampe masuk yt😂;0;ga malu apa motor main hp sampe masuk yt joy;;;;;;;
pro aja bang 𝐒𝐆𝐈𝟖𝟖;1;pro aja bang sgi88;;;;;;;
Ayokkk Bus Pariwisata area Jaw Tengah GERCEP 🤩🤩🤩;0;ayokkk bus pariwisata area jaw tengah gercep star struck star struck star struck;;;;;;;
hiburan bikin happy menguntungkan ; 𝘿oяа𝟩7 !;1;hibur bikin happy untung doyaa77;;;;;;
05:35 weton88 ngadu nasib wkwkw;1;weton88 ngadu nasib wkwkw;;;;;;;
sis ; 𝘼𝙇𝙀𝙓𝙄𝙎17 ? oh ; viral ?;1;sis alexis17 viral;;;;;
@SIGMATANIC66  iya juga ya om malah jadi alay;0;sigmatanic66 iya om malah jadi alay;;;;;;;
Mana nich buzzer nyaa;0;mana nich buzzer nyaa;;;;;;;
Seru abis! Langsung hoki sejak join 🔥⚡ALEXIS17⚡?🔥;1;seru abis langsung hoki sejak join fire zap alexis17 zap fire;;;;;;;
Yah telat. Total dislike nya udh dihide 😩 mau nambahin pdhl🙏🏻;0;yah telat total dislike nya udh dihide weary mau nambahin pdhl pray;;;;;;;
 @Andi.Maulana  dikit2 anies;;kangen lu;0;andi maulana dikit2 anies kangen lu;;;;;
gue sih yes 𝘼𝙇𝙀𝙓𝙄𝙎17 . .;1;gue sih yes alexis17;;;;;;;
hapuslah itu komen ᗩᗷGᗯIᑎ;1;hapus komen bokuggooiti;;;;;;;
alexis17 ; udah denger bikin penasaran;1;alexis17 udah denger bikin penasaran;;;;;;
bnyk yg puas alexis17 emg bnrn gacor ya slotnya ya;1;bnyk yg puas alexis17 emg bnrn gacor slotnya;;;;;;;
𝐏 𝐋 𝐔 𝐓 𝐎 𝟖 𝟖 mdal udah gaciirr abis;1;pluto88 mdal udah gaciirr abis;;;;;;;
Main motor xmax sekali modif langsung tamat kek nya😭😭;0;main motor xmax sekali modif langsung tamat kek nya sob sob;;;;;;;
​ @user-hm5ul7db2x  buzzer kali yang gak bisa nangkep argumen orang lain 😂😂;0;user hm5ul7db2x buzzer kali gak nangkep argumen orang joy joy;;;;;;;
@abdullahmaarif-qz2rx  3 motor itu bg; adv nouvo sm vario;0;abdullahmaarif qz2rx motor bg adv nouvo sm vario;;;;;;
a l e x i s 1 7 emang top dah ; ga bikin kecewa sampe kiamat;1;alexis17 emang top dah ga bikin kecewa sampe kiamat;;;;;;
Hoki gw di 𝓟 𝓤 𝓛 𝓐 𝓤 𝓦 𝓘 𝓝 sih 😭;1;hoki gw pulauwin sih sob;;;;;;;
udah snapdragon 6gen4;0;udah snapdragon 6gen4;;;;;;;
Malaysia brooo;0;malaysia brooo;;;;;;;
​ @massuhada5461 betul sekali😂; tapi emang ga nyambung sih 😂😂;0;massuhada5461 betul sekali joy emang ga nyambung sih joy joy;;;;;;
bau bau pildun; bismilah;0;bau bau pildun bismilah;;;;;;
Kalau mau nge dim lampu jauh g mn bang ridwan?;0;kalau mau nge dim lampu jauh g mn bang ridwan;;;;;;;
solusi penghilang stress cuman alexis17 .;1;solusi hilang stress cuman alexis17;;;;;;;
Tetap Baik-GoodFriends;0;tetap baik goodfriends;;;;;;;
emang gak se-seru alexis17 deh .;1;emang gak se seru alexis17 deh;;;;;;;
7:32 LET DAVID COOK !!!!!!!!!! dayymmnnnn;0;let david cook dayymmnnnn;;;;;;;
alexis'17 gua bru maen bentar ; lngsg jepe;1;alexis gua bru maen bentar lngsg jepe;;;;;;
Mobil di film;0;mobil film;;;;;;;
Pon pentingnya adalah cara menyembunyikan dislike....;0;pon penting cara sembunyi dislike;;;;;;;
Wede brusan lancar; mntp banget sih;1;wede brusan lancar mntp banget sih;;;;;;
skill combo keren parah ! alexis17 terpukau .;1;skill combo keren parah alexis17 pukau;;;;;;;
Malah ngang ngong ngang ngong yang ada;0;malah ngang ngong ngang ngong;;;;;;;
𝘼𝙇𝙀𝙓𝙄𝙎17 udah terbaik ! .;1;alexis17 udah baik;;;;;;;
Salah satu Mobil SUV Favorite Aku Mobil Ini Hummer ev😂;0;salah satu mobil suv favorite aku mobil hummer ev joy;;;;;;;
GD TERBAIK GD 🔥🔥🔥🔥;0;gd baik gd fire fire fire fire;;;;;;;
mobil yg direview jaecoo; iklannya mitsubishi;0;mobil yg direview jaecoo iklan mitsubishi;;;;;;
Beli kopi kapal api kan bang? 😂;0;beli kopi kapal api kan bang joy;;;;;;;
ALEXIS-17☯ tuh emang beda level sih; ga kaya yang laen;1;alexis yin tuh emang beda level sih ga kaya laen;;;;;;
Saya Apresiasi Pak Prabowo mau berdialog dengan terbuka...;0;apresiasi pak prabowo mau dialog buka;;;;;;;
Waahhh... super sih ini teknologinya. Sangat keren...;0;waahhh super sih teknologi sangat keren;;;;;;;
gila cok temen udah wede 50jt di𝘼𝙇𝙀𝙓𝙄𝙎17 .;1;gila cok temen udah wede 5 jt dialexis17;;;;;;;
pak Ahok jadi presiden please;0;pak ahok jadi presiden please;;;;;;;
Gua sih tim geleng pala;0;gua sih tim geleng pala;;;;;;;
beli infinix atau keluarganya;0;beli infinix keluarga;;;;;;;
tanggung . kenapa sekalian ngga 1 milliar harganya.;0;tanggung sekali ngga milliar harga;;;;;;;
Ada kalo ultah bawa KTP ke puskesmas. Dikasih cek kesehatan gratis;0;kalo ultah bawa ktp puskesmas kasih cek sehat gratis;;;;;;;
Modal kecil nggak masalah; yang penting hasilnya gacir kayak di 𝐀𝑋L𝟩77!;1;modal kecil masalah penting hasil gacir kayak axl777;;;;;;
Info darimana;0;info darimana;;;;;;;
Jersey nya bagus tuh kapan rilis😂;0;jersey nya bagus tuh kapan rilis joy;;;;;;;
Beneran deh; Bangga banget jadi bagian dari 🔥⚡ALEXIS17⚡?🔥;1;beneran deh bangga banget jadi bagi fire zap alexis17 zap fire;;;;;;
Mau dong mandalika77;1;mau dong mandalika77;;;;;;;
Baiknya merk  yg      sdh  dikenal;0;baik merk yg sdh kenal;;;;;;;
petir merah muncul ; auto makswin;1;petir merah muncul auto makswin;;;;;;
rezeki melimpah alexis'17 ; makasih !;1;rezeki limpah alexis makasih;;;;;;
auto cuaan ; top banget p͓̽u͓̽l͓̽a͓̽u͓̽7͓̽7͓̽7͓̽ .;1;auto cua top banget pulau777;;;;;;
Ya itu tugas pak wapres 😅;0;tugas pak wapres sweat smile;;;;;;;
udah top markotop cuman 𝘼𝙇𝙀𝙓𝙄𝙎17;1;udah top markotop cuman alexis17;;;;;;;
makswin brusan gates ; gg banget;1;makswin brusan gates gg banget;;;;;;
Pasukan gohib ayo gabung di 𝐁𝐔𝐊𝐈𝐓𝟖𝟖8;1;pasu gohib ayo gabung bukit888;;;;;;;
Pereman komplek tu bro😊😊😊;0;rem komplek tu bro blush blush blush;;;;;;;
serius nanya deh alexis17 ?;1;serius nanya deh alexis17;;;;;;;
a l e x i s 1 7 bikin ketagihan ; pengen main pastinya menang !;1;alexis17 bikin tagih ken main pasti menang;;;;;;
7:33 jadi terjawab semua kenapa pakai velg itu;0;jadi jawab semua pakai velg;;;;;;;
Pemuja cumi darat biasanya nih;0;puja cumi darat biasa nih;;;;;;;
duh mba Denza;0;duh mba denza;;;;;;;
HARMONY OS MELEBIHI GOOGLE;0;harmony os lebih google;;;;;;;
0:03 keren coba bang gas 𝗪𝗘𝗧𝗢𝗡𝟴𝟴;1;keren coba bang gas weton88;;;;;;;
wede mantap ; seketer ​r​ajin;1;wede mantap keter rajin;;;;;;
Orang dalam solusinya;0;orang solusi;;;;;;;
Tar mungkin pake Vios nya pesulap merah 😂😂😂😂;0;tar mungkin pake vios nya sulap merah joy joy joy joy;;;;;;;
salam dari✯𝗠𝗮𝗻𝘂𝘁𝟴𝟴✯ welllllll;1;salam manut88 welllllll;;;;;;;
Pengangguran;0;anggur;;;;;;;
perkiraan pajak tahunan untuk yang hybrid nya berapa ya ?;0;kira pajak tahun hybrid nya berapa;;;;;;;
Gg bgus lancar;0;gg bgus lancar;;;;;;;
 @MuhammadMudayin  dibayar brp jadi buzzer bang?;0;muhammadmudayin bayar brp jadi buzzer bang;;;;;;;
pantes rame alexis17 wkwkwkwkwk;1;pantes rame alexis17 wkwkwkwkwk;;;;;;;
edan ; 𝘼𝙇𝙀𝙓𝙄𝙎17 bikin hidup gue simpel ; asli . tenan .;1;edan alexis17 bikin hidup gue simpel asli tenan;;;;;
𝐁𝐔𝐊𝐈𝐓𝟖𝟖𝟖 Tempat ngadu nasip wkwkwk;1;bukit888 tempat ngadu nasip wkwkwk;;;;;;;
Gaskeun bang bikin konten motor 😁😁;0;gaskeun bang bikin konten motor grin grin;;;;;;;
S15 lu kmna bg😢;0;s15 lu kmna bg cry;;;;;;;
Ngobrol serius tapi kocak bangeeeet 🤣🤣🤣🤣🤣🤣;0;ngobrol serius kocak bangeeeet rofl rofl rofl rofl rofl rofl;;;;;;;
WKWKWK MANA BS JWB;0;wkwkwk mana bs jwb;;;;;;;
swert bonanja gacir ; modal jepek;1;swert bonanja gacir modal jepek;;;;;;
wede cepat ; pelayanan ramah banget;1;wede cepat layan ramah banget;;;;;;
Lipatan nya masih belum rapi kaya Samsung si;0;lipat nya rapi kaya samsung si;;;;;;;
Rezeki dari 𝗕𝗘𝗥𝗞𝗔𝗛𝟵𝟵 emang gak terduga! Terima kasih ya Tuhan!;1;rezeki berkah99 emang gak duga terima kasih tuhan;;;;;;;
✤𝐌𝐀𝐍𝐔𝐓𝟖𝟖✤selalu jadi andalaanku kalau akhir bulan;1;manut88 selalu jadi andalaanku kalau akhir bulan;;;;;;;
Makasih bang;0;makasih bang;;;;;;;
mahal bet di indo; hmmm karna bea cukai 😮;0;mahal bet indo hmmm karna bea cukai open mouth;;;;;;
𝐃е𝑊𝐴𝘿𝑂𝐑𝘼 menawarkan kesempatan belajar orang .;1;dewadora tawar sempat ajar orang;;;;;;;
swert bonanja gacir ; mntp;1;swert bonanja gacir mntp;;;;;;
udah temen bilang 𝘼𝙇𝙀𝙓𝙄𝙎17 seru abis ! .;1;udah temen bilang alexis17 seru abis;;;;;;;
gak pusing mikirin kalo udah join alexis17 .;1;gak pusing mikirin kalo udah join alexis17;;;;;;;
wkaokwako anjim;0;wkaokwako anjim;;;;;;;
Jelajahi dunia keceriaan di M𝗮𝘯𝐝𝗮𝑙𝗶𝒌𝐚𝟟𝟳;1;jelajah dunia ceria mandalika77;;;;;;;
Seru abis! Bangga banget jadi bagian dari 🔥⚡ALEXIS17⚡?🔥;1;seru abis bangga banget jadi bagi fire zap alexis17 zap fire;;;;;;;
bro alexis17 ! ngadain giveaway nih ; buruan ikutan deadline;1;bro alexis17 ngadain giveaway nih buru ikut deadline;;;;;;
Rasakan semangat baru di 12:16 🅱️UK𝐼𝑇 ８8𝟴;1;rasa semangat baru bukit;;;;;;;
Coba hal baru main motor bang;0;coba baru main motor bang;;;;;;;
𝐌𝐢𝐘𝐚𝟖𝟖 manis gabung !;1;miya88 manis gabung;;;;;;;
Gmna ya kan kmren crash;0;gmna kan kmren crash;;;;;;;
Gak perluh pintar.. Yg penting punya bapak dan orang dalam😅;0;gak perluh pintar yg penting punya bapak orang sweat smile;;;;;;;
Minggir lu miskin langsung ku tutup vidionya bang david 😅;0;minggir lu miskin langsung ku tutup vidionya bang david sweat smile;;;;;;;
yang ditunggu2; ─═𝗕𝗘𝗥𝗞𝗔𝗛𝟵𝟵═─ sensa terus;1;ditunggu2 berkah99 sensa terus;;;;;;
ngasih terus itu web 𝐁𝐔𝐊𝐈𝐓𝟖𝟖𝟖 ..;1;ngasih terus web bukit888;;;;;;;
14:56 apaantuh di blkng rx 7😅;0;apaantuh blkng rx sweat smile;;;;;;;
benefit 𝘼𝙇𝙀𝙓𝙄𝙎17 no limit ! .;1;benefit alexis17 no limit;;;;;;;
bro sibuk sih ? alexis17 ; bagi-bagi bonus deposit gede banget nih;1;bro sibuk sih alexis17 bonus deposit gede banget nih;;;;;;
Kiblat para kaum baterai kembung 52%  😂😂😂;0;kiblat kaum baterai kembung joy joy joy;;;;;;;
Para Anak muda yg gak pernah mikirin susahnya nyari sesuap nasi...;0;anak muda yg gak pernah mikirin susah nyari suap nasi;;;;;;;
serius deh 𝑨𝑳𝑬𝑿𝑰𝑺17 gk ngebosenin .;1;serius deh alexis17 gk ngebosenin;;;;;;;
Mantap jiwa raga main di D𝑂𝑅𝐴𝟩𝟽; cuan terus menerus tanpa ada jeda!;1;mantap jiwa raga main dora77 cuan terus terus jeda;;;;;;
makin ngawur yang ada:face-purple-crying:;0;makin ngawur face purple crying;;;;;;;
Matamu gelap;0;mata gelap;;;;;;;
Rada aneh liat brz tanpa sponsor gini😅;0;rada aneh liat brz sponsor gin sweat smile;;;;;;;
kangen bung hatta rasanya;0;kangen bung hatta rasa;;;;;;;
Klo dipakein mesin V6 akan serasa seru sih ngejengat nya 😅;0;klo dipakein mesin v6 serasa seru sih ngejengat nya sweat smile;;;;;;;
beli chiki;0;beli chiki;;;;;;;
 @mascar007  masih ada orang respon begini jaman sekarang?. lol;0;mascar 7 orang respon begini jaman sekarang lol;;;;;;;
Petir merah di Gates bikin aku mekswin;1;petir merah gates bikin aku mekswin;;;;;;;
Walaupun saya miskin ;tetep aja berharap minang hp ini😂;0;walaupun miskin tetep aja harap mang hp joy;;;;;;
sumpah ; 𝘼𝙇𝙀𝙓𝙄𝙎17 ngebantu banget ; gak boong . serius ?;1;sumpah alexis17 ngebantu banget gak boong serius;;;;;
XMAX luster masuk gd;0;xmax luster masuk gd;;;;;;;
Lambo pake lbwk nih keknya;0;lambo pake lbwk nih kek;;;;;;;
Otw beli telor;0;otw beli telor;;;;;;;
Boleh tuh bang koten montor sekali kali;0;tuh bang koten montor sekali kali;;;;;;;
Shuudzon?;0;shuudzon;;;;;;;
Langsung beli Redmi A5 🗿;0;langsung beli redmi a5 moyai;;;;;;;
Hpnya speeeeddd;0;hpnya speeeeddd;;;;;;;
gak pusing mikirin biaya sekolah kalo udah join alexis17 .;1;gak pusing mikirin biaya sekolah kalo udah join alexis17;;;;;;;
sketer terus keluar; auto wede tiap hari;1;sketer terus keluar auto wede tiap hari;;;;;;
Tokoh panutan politik satu²nya dinegeri ini!!!;0;tokoh panutan politik satu2nya negeri;;;;;;;
gak nyangka 𝘼𝙇𝙀𝙓𝙄𝙎17 se-booming ; keren abis ! fix .;1;gak nyangka alexis17 se booming keren abis fix;;;;;;
gw demen gas λlexis17 ; wkwkwkww seru . sering2 sih mah;1;gw demen gas llexis17 wkwkwkww seru sering2 sih mah;;;;;;
gaes ; gimana pakainya si 𝘼𝙇𝙀𝙓𝙄𝙎17 ?;1;gaes gimana pakai si alexis17;;;;;;
TIM YANG NONTON DOANG KAGAK BELI  👇;0;tim nonton doang kagak beli point down;;;;;;;
penasaran deh 𝘼𝙇𝙀𝙓𝙄𝙎17 ; kayaknya seru .;1;penasaran deh alexis17 kayak seru;;;;;;
kok saya malu liat vidio ini;0;kok malu liat vidio;;;;;;;
eh bro ; alexis17 ; event spesial nih ; hadiahnya liburan negeri;1;eh bro alexis17 event spesial nih hadiah libur negeri;;;;
Gilaaaa the bestt😮😮😮;0;gilaaaa the bestt open mouth open mouth open mouth;;;;;;;
Langsung pantengin x7pro yg lagi abis stock 😅;0;langsung pantengin x7pro yg abis stock sweat smile;;;;;;;
Hasilnya bagus banget sumpah gak pernah gagal aku suka 😊;0;hasil bagus banget sumpah gak pernah gagal aku suka blush;;;;;;;
Kemari cuma mau dislike..gk perlu ditonton full;0;kemari cuma mau dislike gk perlu tonton full;;;;;;;
Setau gw si Pandji ini dl sering kritik Ahok y?;0;tau gw si pandji dl sering kritik ahok y;;;;;;;
Gpp brok ini pilihan rakyat 58%;0;gpp brok pilih rakyat;;;;;;;
Jakpot besar datang tiba-tiba di D 𝘖 Я 𝘼 𝟳 𝟳. Penasaran kan? 🎾;1;jakpot besar datang tiba tiba do a7 penasaran kan tennis;;;;;;;
gacir banget ; main 𝗪𝗘𝗧𝗢𝗡𝟴𝟴;1;gacir banget main weton88;;;;;;
Login ngab cerita😂;0;login ngab cerita joy;;;;;;;
Berharap apa dari wapres yg fokus ke ai;0;harap apa wapres yg fokus ai;;;;;;;
gue udah nemu jalan ninja gue : 𝐏𝐋𝐔𝐓𝐎𝟖𝟖;1;gue udah nemu jalan ninja gue pluto88;;;;;;;
udah greget bang pandji malah majuin Kuda..;0;udah greget bang pandji malah majuin kuda;;;;;;;
the comments reflects the content;0;the comments reflects the content;;;;;;;
petir merah muncul ; auto makswin;1;petir merah muncul auto makswin;;;;;;
Sx nya kapan pasang mesin nih?; Gasabar pengen lihat sx nya ngedrift;0;sx nya kapan pasang mesin nih gasabar ken lihat sx nya ngedrift;;;;;;
bermain 𝐏𝐋𝐔𝐓𝐎𝟖𝟖 uang jajan nggak habis-habis !;1;main pluto88 uang jajan habis habis;;;;;;;
GW YAKIN 11.000.000.000.000.000% DIA GA PAHAM SAMA APA YG DIA KATAKAN 😂;0;gw yakin ga paham sama apa yg kata joy;;;;;;;
Saatnya bersinar bersama 1:12 M𝗮𝘯𝐝𝗮𝑙𝗶𝒌𝐚𝟟𝟳;1;saat sinar sama mandalika77;;;;;;;
gila modal usaha gua bertambah berkat alexis17 .;1;gila modal usaha gua tambah berkat alexis17;;;;;;;
Hidup segan mati dsyukurin;0;hidup segan mati dsyukurin;;;;;;;
Semoga rezeki dari 𝐀𝐇𝑀A𝐃𝙏𝑂𝘛Omembawa kebaikan bagi semua!;1;moga rezeki ahmadtotomembawa baik semua;;;;;;;
mobil china bagus bagus.. jepang boring dan main overprice;0;mobil china bagus bagus jepang boring main overprice;;;;;;;
gue rela ninggalin game fokus alexis17 .;1;gue rela ninggalin game fokus alexis17;;;;;;;
tim ̠ 𝑨𝑳𝑬𝑿𝑰𝑺17 sih cepet respon .;1;tim alexis17 sih cepet respon;;;;;;;
salam 𝗪𝗘𝗧𝗢𝗡𝟴𝟴 ! gampang jepe ; sehat;1;salam weton88 gampang jepe sehat;;;;;;
Good look and good luck garasi drift team🎉;0;good look and good luck garasi drift team tada;;;;;;;
kalo booking tiket ; 𝘼𝙇𝙀𝙓𝙄𝙎17 juaranya .;1;kalo booking tiket alexis17 juara;;;;;;
emang gak obatnya sih sensasi main alexis17 .;1;emang gak obat sih sensasi main alexis17;;;;;;;
beres2 rumah sambil nyepin;; pas dengar suaranya behhhhhh garang kaliii suara petirnya hahaha;; makasih ya M𝗮𝘯𝐝𝗮𝑙𝗶𝒌𝐚𝟟𝟳!;1;beres2 rumah nyepin pas dengar suara behhhhhh garang kaliii suara petir hahaha makasih mandalika77;;;
D𝑂𝑅𝐴𝟩𝟽 tiap maen pasti hoki; gk pernah gagal;1;dora77 tiap maen hoki gk pernah gagal;;;;;;
 @DavidBoyz-ey4mm  oh syahrini versi berjambang ya? 😂;0;davidboyz ey4mm syahrini versi jambang joy;;;;;;;
Keinget jersy liverpool ;;0;keinget jersy liverpool;;;;;;
S7 modif motor;0;s7 modif motor;;;;;;;
Akhirnya yg di tunggu2😁 𝗪𝗘𝗧𝗢𝗡𝟴𝟴;1;akhir yg tunggu2 grin weton88;;;;;;;
Wakil presiden paling gak guna modal ortu wkwkwk the real orang dlaam😂;0;wakil presiden paling gak modal ortu wkwkwk the real orang dlaam joy;;;;;;;
alexis'17 cba ; jepe gede lngsg;1;alexis cba jepe gede lngsg;;;;;;
gue udah ga bayangin hidup alexis17 ! sih ; udah sumber rezeki utama;1;gue udah ga bayangin hidup alexis17 sih udah sumber rezeki utama;;;;;;
alhamdulillah udah bisa baca;0;alhamdulillah udah baca;;;;;;;
seminggu join alexis17 ; gue udah beliin ortu hp !;1;minggu join alexis17 gue udah beliin ortu hp;;;;;;
Menyala sih silvia nya;0;nyala sih silvia nya;;;;;;;
Nggak habis pikir sih sekelas presiden; isi kepalanya begini..;0;habis pikir sih kelas presiden isi kepala begini;;;;;;
Xmax x arai  ; ini aerox x arai juga;0;xmax x arai aerox x arai;;;;;;
ALEXIS-17☯ emang paling top dah; ga pernah bikin kecewa;1;alexis yin emang paling top dah ga pernah bikin kecewa;;;;;;
Bus baru inovasi baru;0;bus baru inovasi baru;;;;;;;
gak pusing mikirin biaya sekolah anak kalo udah join alexis17 .;1;gak pusing mikirin biaya sekolah anak kalo udah join alexis17;;;;;;;
GD MEMANG THE BEST👍;0;gd memang the best thumbsup;;;;;;;
 @robbyzulhaq_rz6725 kan posting nya di channel pribadinya; bukan di channel ini;0;robbyzulhaq rz6725 kan posting nya channel pribadi bukan channel;;;;;;
geloo 𝐒𝐆𝐈𝟖𝟖 cair x100;1;geloo sgi88 cair x1;;;;;;;
8:01 Almarhum ken block😂;0;almarhum ken block joy;;;;;;;
Wajib beli sih ini.;0;wajib beli sih;;;;;;;
Baru kali ini saya dengar ada swasembada air...😂😂😂;0;baru kali dengar swasembada air joy joy joy;;;;;;;
anjay ; rame banget nih 𝘼𝙇𝙀𝙓𝙄𝙎17 tongkrongan .;1;anjay rame banget nih alexis17 tongkrong;;;;;;
Mending promosi ytb gua drpd judol 😂;0;mending promosi ytb gua drpd judol joy;;;;;;;
Gombal bos;0;gombal bos;;;;;;;
Andai dikasih tau berapa habisnya modifikasi seperti ini😊;0;andai kasih tau berapa habis modifikasi blush;;;;;;;
pro aja bang 𝐒𝐆𝐈𝟖𝟖;1;pro aja bang sgi88;;;;;;;
Tim nunggu versi KW dari cina juga.;0;tim nunggu versi kw cina;;;;;;;
sumpah alexis17 ! tuh bener-bener ngebantu banget pas butuh duit cepet;1;sumpah alexis17 tuh bener bener ngebantu banget pas butuh duit cepet;;;;;;;
ges doain ya gw coba stop maengaruda-ho ki kecanduan bgt gacor nya gw;1;ges doain gw coba stop maengaruda ho ki candu bgt gacor nya gw;;;;;;;
Emang gak ada yang se-reliable ALEXIS⭐17⭐ sih.;1;emang gak se reliable alexis star star sih;;;;;;;
Sudah pesan yang ori tepi pengiriman syuliitt.. dikemas mulu;0;pesan ori tepi kirim syuliitt kemas mulu;;;;;;;
yah minimal jangan typo bu; ngetiknya! ​ @SulisTyowati-el8kl ;0;yah minimal jangan typo bu ngetiknya sulistyowati el8kl;;;;;;
Ga fokus karena caturnya😅😅😅;0;ga fokus catur sweat smile sweat smile sweat smile;;;;;;;
salfok sama g class yg lewat jalur busway berasa biasa aja 😂;0;salfok sama g class yg lewat jalur busway asa biasa aja joy;;;;;;;
kosong kau;0;kosong kau;;;;;;;
wah habis ini beli 3 ah biar seperti ishow speed;0;wah habis beli ah biar ishow speed;;;;;;;
bang kata temen saya info jual ginjal dimana ya ??;0;bang kata temen info jual ginjal;;;;;;;
punya farrel kapan di garap;0;punya farrel kapan garap;;;;;;;
ngeri.. mangkin kesini sponsor mangkin all out ke GD. kerennn;0;ngeri mangkin kesini sponsor mangkin all out gd kerennn;;;;;;;
Tantangan negeri ini  adalah anda;0;tantang negeri;;;;;;;
edan...lah poko na mah 😂😂.. sunda pisan mang bimo;0;edan lah poko na mah joy joy sunda pis mang bimo;;;;;;;
Tokoh politik yg paling saya kagumi;;gak ada takutnya;0;tokoh politik yg paling kagum gak takut;;;;;
biasa nonton GD dan Banteng mas; sekarang malah kerja sama👏👏👏;0;biasa nonton gd banteng mas sekarang malah kerja sama clap clap clap;;;;;;
​ @SulisTyowati-el8kl  sudah nyepongnya bu?;0;sulistyowati el8kl nyepongnya bu;;;;;;;
😂😂😂😂😂kirain mau muji;0;joy joy joy joy joy kirain mau muji;;;;;;;
Happy banget bisa dapet rezeki besar dari 𝐴𝘏𝑀𝐀𝘋TО𝑇О; bener-bener puas!;1;happy banget dapet rezeki besar ahmadtoto bener bener puas;;;;;;
ga bener lu;0;ga bener lu;;;;;;;
apaan tuch wkwk🤣;0;apa tuch wkwk rofl;;;;;;;
Bisa kalau ORANG-ORANG itu deaddd;0;kalau orang orang deaddd;;;;;;;
main sebenta​r​ ; gacu​r​ full cuy;1;main sebentar gacur full cuy;;;;;;
puas scroll tiktok ? scroll cuan pu lau tujuh tujuh tujuh !;1;puas scroll tiktok scroll cuan pu lau tujuh tujuh tujuh;;;;;;;
Wkwkwk ngalir aja gt santai 😂;0;wkwkwk ngalir aja gt santai joy;;;;;;;
Lipat itu cepat rusak;0;lipat cepat rusak;;;;;;;
Justru sumber masalah nya adalah wapres kita wlwkwkwk;0;justru sumber masalah nya wapres wlwkwkwk;;;;;;;
titip 3 bosku...tak buat satpam perumahan q;0;titip bos tak buat satpam rumah q;;;;;;;
Hahahhahahaha larrii upinn larii;0;hahahhahahaha larrii upinn lari;;;;;;;
@Fiadyzul21  terserah saya  ..lu kok sewot;0;fiadyzul21 serah lu kok sewot;;;;;;;
kebangkitan cuan weton88;1;bangkit cuan weton88;;;;;;;
cumi darat nangis dipojokan abis hujat dipo;0;cumi darat nang pojok abis hujat dipo;;;;;;;
Banyak uang tp ga cukup buat ikut kelas public speaking 😰;0;banyak uang tp ga cukup buat ikut kelas public speaking cold sweat;;;;;;;
ya memang bener bro; tapi penyembah nya gak sadar²;0;memang bener bro sembah nya gak sadar2;;;;;;
Bikin Vario lah biar viral;0;bikin vario lah biar viral;;;;;;;
lengkap kalo chery bikin dealer pangkalan bun .;1;lengkap kalo chery bikin dealer pangkal bun;;;;;;;
Pengen banget nih dapat hadiah 😢;0;ken banget nih hadiah cry;;;;;;;
Rekamanannya buruk;0;rekamanannya buruk;;;;;;;
Prabowo Menjawab ❌;;;;;;;;;
ini comment ga ada yang positif apa yaa?? 😅;0;comment ga positif apa yaa sweat smile;;;;;;;
gw juga main di mandalika77 nih skrg ; satu kata emg buat mandalika77 ; BERKUALITAS;1;gw main mandalika77 nih skrg satu kata emg buat mandalika77 kualitas;;;;;
gak gelar sarjana menang alexis17 .;1;gak gelar sarjana menang alexis17;;;;;;;
Ga boleh lah kan tim pabrikan;0;ga lah kan tim pabrikan;;;;;;;
nga perlu merasa;;itu udah tepat;0;nga perlu rasa udah tepat;;;;;
emang gak se-seru alexis17 deh .;1;emang gak se seru alexis17 deh;;;;;;;
temen kantor gue kepo penghasilan alexis17 .;1;temen kantor gue kepo hasil alexis17;;;;;;;
chopper 2m;0;chopper 2m;;;;;;;
diberkahi kakek zeus nikmat ampun mandalika77 toppppp;1;kah kakek zeus nikmat ampun mandalika77 toppppp;;;;;;;
alexis17 real tuh dah gw coba bnrn gac0r;1;alexis17 real tuh dah gw coba bnrn gac r;;;;;;;
tunggu tunggu salam jepe λ l e x i s 1 7 ;;1;tunggu tunggu salam jepe llexis17;;;;;;
GUA LANGSUNG BELI; Garem;0;gua langsung beli garem;;;;;;
Bukankah mereka berdua sebaya/seumuran yah 🤔🤔🤔;0;bukankah dua baya umur yah thinking thinking thinking;;;;;;;
Suka huawai timbang iphone hp kaga punya desain hanya itu itu doang;0;suka huawai timbang iphone hp kaga punya desain doang;;;;;;;
temen kantor gue kepo alexis17 .;1;temen kantor gue kepo alexis17;;;;;;;
 @caaneedsleep  percuma jga dijelasin; orang udah jelas aja enggak nangkep;0;caaneedsleep percuma jga dijelasin orang udah jelas aja enggak nangkep;;;;;;
𝐏 𝐋 𝐔 𝐓 𝐎 𝟖 𝟖 .. terpopuler masakini;1;pluto88 populer masakini;;;;;;;
Gacur parah; modal receh bisa makswin;1;gacur parah modal receh makswin;;;;;;
Habis Hilirisasi; AI; MBG; terbitlah Bonus Demografi;0;habis hilir ai mbg terbit bonus demografi;;;;
Bahas apa jawab apa; ngawur njir;0;bahas apa jawab apa ngawur njir;;;;;;
𝑨𝑳𝑬𝑿𝑰𝑺17 tempatnya jekpot terbesar ! .;1;alexis17 tempat jekpot besar;;;;;;;
@drawhanidraw  bethul itu yg membuat mereka hebat;0;drawhanidraw bethul yg buat hebat;;;;;;;
wah jadi pngn nmax ring 14 pakai punya aerox + spakbor depan nya;0;wah jadi pngn nmax ring pakai punya aerox spakbor depan nya;;;;;;;
Isi ngga ada manfaatnya;0;isi ngga manfaat;;;;;;;
judul nya harus di ganti ke  Prabowo Membantah;0;judul nya ganti prabowo ban;;;;;;;
Mantap gd👍;0;mantap gd thumbsup;;;;;;;
alexis17 ; emang ga duanya ; pelayanan vip member 24 jam full;1;alexis17 emang ga dua layan vip member jam full;;;;;
Good Luck bang Dipo dan Subaru Garasi Drift 🎉🎉🎉;0;good luck bang dipo subaru garasi drift tada tada tada;;;;;;;
gue cek notif alexis17 .;1;gue cek notif alexis17;;;;;;;
@devankailham8623  mana ada 1 juta 😂😂;0;devankailham8623 mana juta joy joy;;;;;;;
lu main di mandalika77 lu punya kuasa bang nyelot hepi bang;1;lu main mandalika77 lu punya kuasa bang nyelot hepi bang;;;;;;;
𝗪𝗘𝗧𝗢𝗡𝟴𝟴 maen santai aja ; tetep wedey jutaan;1;weton88 maen santai aja tetep wedey juta;;;;;;
POCO X7 pro;0;poco x7 pro;;;;;;;
😂😂 udah kalok gak faham diem aja...;0;joy joy udah kalok gak faham diem aja;;;;;;;
Rezeki gue makin lancar sejak kenal sama 𝙋𝙐𝙇𝘼𝙐777;1;rezeki gue makin lancar sejak kenal sama pulau777;;;;;;;
Saya YAKIN YG BELI PALING 10 ORANG DI INDONESIA GK LAKU😂;0;yakin yg beli paling orang indonesia gk laku joy;;;;;;;
rame banget nih 𝘼𝙇𝙀𝙓𝙄𝙎17 tongkrongan . asli .;1;rame banget nih alexis17 tongkrong asli;;;;;;;
Yang LIKE CUMA KUMPULAN KECOAK KECOAK BUZZER 😂😂😂;0;like cuma kumpul kecoak kecoak buzzer joy joy joy;;;;;;;
Jd kan Bang Alfito aja sbg badan komunikasi presiden Pak..;0;jd kan bang alfito aja sbg badan komunikasi presiden pak;;;;;;;
ＰＵＬＡＵＷＩＮ kok kayak ada di mana-mana ya; meresap banget.;1;pulauwin kok kayak mana mana resap banget;;;;;;
bro sibuk sih ? alexis17 ; bagi-bagi bonus deposit jumbo nih;1;bro sibuk sih alexis17 bonus deposit jumbo nih;;;;;;
Udah craas aja mobil nya;0;udah craas aja mobil nya;;;;;;;
Sekali2 bahas Kartu Sd yg baik dong bang;0;sekali2 bahas kartu sd yg baik dong bang;;;;;;;
Semoga nanti saya bisa bilang mobil 100jt an itu murah seperti mereka😂;0;moga bilang mobil 1 jt an murah joy;;;;;;;
12:12 mantan bini nya reza arap alih profesi drifter ; kereen;0;mantan bini nya reza arap alih profesi drifter kereen;;;;;;
class bos 𝐒𝐆𝐈𝟖𝟖 gak ribet depo cepat wd lancar;1;class bos sgi88 gak ribet depo cepat wd lancar;;;;;;;
Best answer;0;best answer;;;;;;;
yg tunggu2 𝗪𝗘𝗧𝗢𝗡𝟴𝟴;1;yg tunggu2 weton88;;;;;;;
Iya itu om saya;0;iya om;;;;;;;
Gue rela bolos meeting demi ikutan event di ALEXIS⭐17⭐.;1;gue rela bolos meeting ikut event alexis star star;;;;;;;
Masya allah made in china luar biasa mantap2;0;masya allah made in china luar biasa mantap2;;;;;;;
wow tumben;0;wow tumben;;;;;;;
Akhirnyaaa;0;akhirnyaaa;;;;;;;
Ahok-Anies sptnya sih;0;ahok anies sptnya sih;;;;;;;
INDONESIA Harus dipimpin orang tegas bukan yang pura2 tegas 😂;0;indonesia pimpin orang tegas bukan pura2 tegas joy;;;;;;;
Calon pemimpin masa depan❤;0;calon pimpin masa depan heart;;;;;;;
seminggu main alexis17 ; gue udah lunasi hutang !;1;minggu main alexis17 gue udah lunas hutang;;;;;;
Huracan LBWK 🔥;0;huracan lbwk fire;;;;;;;
Gak nyangka bisa menang sebanyak ini di D𝑂𝑅𝐴𝟩𝟽; serasa mimpi di siang bolong!;1;gak nyangka menang banyak dora77 serasa mimpi siang bolong;;;;;;
@HendraYadi-v5h what if dia golput?;0;hendrayadi v5h what if golput;;;;;;;
Tunggu aja beberapa bulan lagi paling jatuh harga😅😂😂😂;0;tunggu aja beberapa bulan paling jatuh harga sweat smile joy joy joy;;;;;;;
Inpo backsoundnya bang;0;inpo backsoundnya bang;;;;;;;
msih 900 orng ges;0;msih orng ges;;;;;;;
Barakallah pak Fii Amanillah;0;barakallah pak fii amanillah;;;;;;;
Mending raket PC🤪;0;mending raket pc zany face;;;;;;;
 @jiekong82  lah demokrasi kan; ya terserah aku. Apa akal gk nyampe ya.;0;jiekong82 lah demokrasi kan serah aku apa akal gk nyampe;;;;;;
Aduh hp gw jadi basah.. reflek gw ludahin waktu muncul video ini..;0;aduh hp gw jadi basah reflek gw ludahin waktu muncul video;;;;;;;
Lagi otw beli cilok 🙋🏻‍♂️;0;otw beli cilok person raising hand male sign;;;;;;;
temen gue ketagihan alexis17 .;1;temen gue tagih alexis17;;;;;;;
emang gak se-worth it alexis17 deh .;1;emang gak se worth it alexis17 deh;;;;;;;
Nggak nyangka; cuma main sebentar di 𝐀𝘏𝙈𝐀𝘿TO𝙏𝘖langsung dapet hasil yang luar biasa!;1;nyangka cuma main sebentar ahmadtotolangsung dapet hasil luar biasa;;;;;;
Napoleon tipis tipis;0;napoleon tipis tipis;;;;;;;
Pecah layar=nyawa serasa melayang;0;pecah layar nyawa serasa layang;;;;;;;
judulnya kek nama file;0;judul kek nama file;;;;;;;
kayak lagunya suka tani;0;kayak lagu suka tani;;;;;;;
gak modal jutaan sukses alexis17 .;1;gak modal juta sukses alexis17;;;;;;;
Model baru harus lebih mahal logikanya jepang😂;0;model baru lebih mahal logika jepang joy;;;;;;;
wkwkwkwkw Cemen lo nji.. keok ma ahok.😂😄🤪🫶🏻;0;wkwkwkwkw cemen lo nji keok ma ahok joy smile zany face heart hands;;;;;;;
kok bisa copot ban blakang kiri saat latihan drift ?;0;kok copot ban blakang kiri latih drift;;;;;;;
menghargai solusi berwawasan ; 𝘿𝙀w𝐀𝘿o𝘙𝐴 cocok .;1;harga solusi wawas dewadora cocok;;;;;;
modal receh makswin ; gg sih;1;modal receh makswin gg sih;;;;;;
Masalah kalian akan selesai di ⭐𝘼𝙇𝙀𝙓𝙄𝙎17;1;masalah kalian selesai star alexis17;;;;;;;
Kece badai king dipo2gd🔥🔥;0;kece badai king dipo2gd fire fire;;;;;;;
Ridwan hanif itu pendiri autonetmagz; dia ga keluar;0;ridwan hanif diri autonetmagz ga keluar;;;;;;
Kocak kocak ​ @SulisTyowati-el8kl ;0;kocak kocak sulistyowati el8kl;;;;;;;
05:35 𝐒𝐆𝐈𝟖𝟖 ngadu nasib wkwkw;1;sgi88 ngadu nasib wkwkw;;;;;;;
Ngang ngeng ngong;0;ngang ngeng ngong;;;;;;;
kepo bgt ama lampu sein blkg yg katanya keren😢😢;0;kepo bgt ama lampu sein blkg yg kata keren cry cry;;;;;;;
Salah satu episode skakmat paling seru;0;salah satu episode skakmat paling seru;;;;;;;
Q percepat 2x kak;0;q cepat 2x kak;;;;;;;
Bukan 11/100 kelebihan 11 / 500 yang benar;0;bukan lebih benar;;;;;;;
jago pisan r1ft;0;jago pis r1ft;;;;;;;
IKN Gemana lagi ????;0;ikn gana;;;;;;;
sketer terus keluar; auto wede tiap hari;1;sketer terus keluar auto wede tiap hari;;;;;;
gue sih udah pasang alarm khusus main alexis17 .;1;gue sih udah pasang alarm khusus main alexis17;;;;;;;
Hp cina pertama  Nexian 😂😂;0;hp cina pertama nexian joy joy;;;;;;;
gokil banget updatean terbaru 𝘼𝙇𝙀𝙓𝙄𝙎17 .;1;gokil banget updatean baru alexis17;;;;;;;
MINGGIR LUE MISQUEEEEN;0;minggir lue misqueeeen;;;;;;;
CUMA MEMBUAT MALU INDONESIA;0;cuma buat malu indonesia;;;;;;;
gk gk ̠ 𝑨𝑳𝑬𝑿𝑰𝑺17 】 bahas .;1;gk gk alexis17 bahas;;;;;;;
Diatas langit; masih ada langit coy;0;atas langit langit coy;;;;;;
gua sih udah ga bisa tidur kalo belum main ALEXIS-17☯ sehari;1;gua sih udah ga tidur kalo main alexis yin hari;;;;;;;
Tadi malam makswin; modal cuma receh;1;tadi malam makswin modal cuma receh;;;;;;
akhirrrnyaaa bagus konten abang ! ! coba main 𝗪𝗘𝗧𝗢𝗡𝟴𝟴;1;akhirrrnyaaa bagus konten abang coba main weton88;;;;;;;
gak sama bro; bisa lebih buruk;0;gak sama bro lebih buruk;;;;;;
Selain donatur .dilarang ngatur🤭;0;donatur larang ngatur face with hand over mouth;;;;;;;
dosen gue sempet nyinggung p͟͟u͟͟l͟͟a͟͟u͟͟w͟͟i͟͟n͟͟ pas ngajar !;1;dosen gue sempet nyinggung pulauwin pas ngajar;;;;;;;
seru parah;0;seru parah;;;;;;;
suka banget main s1tus λ l e x i s 1 7 ; .. pokoknya the best emg;1;suka banget main s1tus llexis17 pokok the best emg;;;;;;
Wah kalo sama gw jadi 3 andi ni;0;wah kalo sama gw jadi andi ni;;;;;;;
blh coba mandalika77;1;blh coba mandalika77;;;;;;;
Ngonten motor om!!;0;ngonten motor om;;;;;;;
Orang dalam lebih di utamakan😂😂😂😂😂😂;0;orang lebih utama joy joy joy joy joy joy;;;;;;;
Penyepong IP smartphone orang kaya mana nih;0;penyepong ip smartphone orang kaya mana nih;;;;;;;
Yapping bang;0;yapping bang;;;;;;;
Tim yang beli doang tapi ga nonton;0;tim beli doang ga nonton;;;;;;;
Luar biasa pencapaian yg g sia² proud of Garasi Drif and team work;0;luar biasa capai yg g sia2 proud of garasi drif and team work;;;;;;;
eh ada bang kajew;0;eh bang kajew;;;;;;;
Mobil nya emng nya ap om?;0;mobil nya emng nya ap om;;;;;;;
keberuntungan benar-benar terduga di𝐏 𝐋 𝐔 𝐓 𝐎 𝟖 𝟖 !;1;untung benar benar duga dip luto88;;;;;;;
gak pusing mikirin biaya wedding kalo udah join alexis17 .;1;gak pusing mikirin biaya wedding kalo udah join alexis17;;;;;;;
mandalika77 bikin main jadi seru dan cuan gak berhenti mengalir khususnya dengan event scater ZEUS;1;mandalika77 bikin main jadi seru cuan gak henti alir khusus event scater zeus;;;;;;;
Obell the next amandio?;0;obell the next amandio;;;;;;;
5:58 Salfok Sama Mobil Stiker Kobo Kanaeru🗿;0;salfok sama mobil stiker kobo kanaeru moyai;;;;;;;
gue rela ninggalin platform fokus alexis17 .;1;gue rela ninggalin platform fokus alexis17;;;;;;;
main 𝘋𝑂𝑅𝐴𝟽𝟩 ; nggak nyangka rezeki langsung sekejap !;1;main dora77 nyangka rezeki langsung kejap;;;;;;
𝘿 𝙊 𝙍 𝘼 𝟽 𝟩menawarkan pendekatan berbeda interaksi daring .;1;dora7 7menawarkan dekat beda interaksi daring;;;;;;;
gass zik modif xmax;0;gass zik modif xmax;;;;;;;
Asli sayang banget pengaruh sirkuit nya yg kurang memadai;0;asli sayang banget pengaruh sirkuit nya yg kurang pada;;;;;;;
alexis'17 ; gacor menang !;1;alexis gacor menang;;;;;;
𝗪𝗘𝗧𝗢𝗡𝟴𝟴 uhuy !;1;weton88 uhuy;;;;;;;
nyelot gak pernah ribet MANTAB 🅼🅰🅽🅳🅰🅻🅸🅺🅰77;;gak pernah rugi kalo main di sini; dari awal main sampai sekarang selalu WD; walaupun gak sampe maxwin; setidaknya modal gw selalu balik 2x lipat gas..;1;nyelot gak pernah ribet mantab mandalika77 gak pernah rugi kalo main sini awal main sekarang selalu wd walaupun gak sampe maxwin modal gw selalu balik 2x lipat gas;;
𝐒𝐆𝐈𝟖𝟖 bikin maxwin gampang;1;sgi88 bikin maxwin gampang;;;;;;;
Main tamiya ah;0;main tamiya ah;;;;;;;
Disel ngapain nyempil 😂😂;0;disel ngapain nyempil joy joy;;;;;;;
Beliau2 ini;0;beliau2;;;;;;;
berkembang arhan semangattt ! ! ! ! ! salam 𝐒 𝙂ｉ𝟖 𝟖 ! gampang jepe;1;kembang arhan semangattt salam s gi8 gampang jepe;;;;;;;
Beberapa pengguna melaporkan hasil positif dari penggunaan D𝑂𝑅𝐴𝟩𝟽.;1;beberapa guna lapor hasil positif guna dora77;;;;;;;
mungkin kalo dah kerjaa;0;mungkin kalo dah kerjaa;;;;;;;
ini yang saya tunggu tunggu;0;tunggu tunggu;;;;;;;
25:16 prabowo x katseye?;0;prabowo x katseye;;;;;;;
penuh kejutan kemenangan ; pawpaw4d terbaik !;1;penuh kejut menang pawpaw4d baik;;;;;;
kenal alexis17 ; gue tabungan .;1;kenal alexis17 gue tabung;;;;;;
bergerak langsung wawancara 3 jam lebih; و sangat mengagetkan ya;0;gerak langsung wawancara jam lebih w sangat kaget;;;;;;
𝐊 𝐎 𝐈 𝐒 𝐋 𝐎 𝐓 emang gila ; wede𝖊y ngebut drama !;1;koislot emang gila wedeey ngebut drama;;;;;;
Bukan; Ferry irwandi;0;bukan ferry irwandi;;;;;;
worth it gak sih 𝘼𝙇𝙀𝙓𝙄𝙎17 dicoba ?;1;worth it gak sih alexis17 coba;;;;;;;
aku udah beli...emang gila sih;0;aku udah beli emang gila sih;;;;;;;
Luh keren panji Pragiwaksono anggota DPRD 2029-2034;0;luh keren panji pragiwaksono anggota dprd;;;;;;;
gue rela gak tidur ngikutin update terbaru alexis17 .;1;gue rela gak tidur ngikutin update baru alexis17;;;;;;;
Wow! ⚡ALEXIS17⚡ emang beda kelas!;1;wow zap alexis17 zap emang beda kelas;;;;;;;
jepe kali maen ; auto betah;1;jepe kali maen auto betah;;;;;;
kalo ada yg bilang gacor selain ᗩᗷGᗯIᑎ;1;kalo yg bilang gacor bokuggooiti;;;;;;;
Keren mas ;beda 50 jutaan;0;keren mas beda juta;;;;;;
Baru juga jadi .....;0;baru jadi;;;;;;;
STOP JUDI  GAes;0;stop judi gaes;;;;;;;
2 tahun hp yang bisa di lipat jadi pesawat;0;tahun hp lipat jadi pesawat;;;;;;;
“Presiden Prabowo (bingung) menjawab”;0;presiden prabowo bingung jawab;;;;;;;
solusi penghilang stress cuman alexis17 .;1;solusi hilang stress cuman alexis17;;;;;;;
Apaan;;;;;;;;;
gila p3 manual counter steering;0;gila p3 manual counter steering;;;;;;;
ᗩᗷGᗯIᑎ bikin ketagihan! 18:50;1;bokuggooiti bikin tagih;;;;;;;
𝐷оrа𝟩𝟳bikin detik berharga ; rezeki diduga !;1;dora77bikin detik harga rezeki duga;;;;;;
alexis'17 gampang banget dapet hasil gede ; gk ribet;1;alexis gampang banget dapet hasil gede gk ribet;;;;;;
 @Antonio-my9xs  Terimakasih InfoNya; Nanti Saya Coba Daftar.....;0;antonio my9xs terimakasih info coba daftar;;;;;;
momen horornya bikin kaget ! alexis17 lompat .;1;momen horor bikin kaget alexis17 lompat;;;;;;;
Hahaha lucu banget bang panji kena skak pak ahok 😂;0;hahaha lucu banget bang panji kena skak pak ahok joy;;;;;;;
maaf terlambat bang semangat ya salam 𝗦𝗚𝗜𝟴𝟴 ! gampang jepe;1;maaf lambat bang semangat salam sgi88 gampang jepe;;;;;;;
gua sih udah ga bisa move on dari ALEXIS-17☯; terlalu gacor soalnya;1;gua sih udah ga move on alexis yin terlalu gacor soal;;;;;;
nyimak abang ; weton88 cair mulu;1;nyimak abang weton88 cair mulu;;;;;;
maen di sini auto jepe terus; GG banget;1;maen sini auto jepe terus gg banget;;;;;;
Bubarkan tim ini;0;bubar tim;;;;;;;
mandalika77 mantap;1;mandalika77 mantap;;;;;;;
anjay ; rame banget nih 𝘼𝙇𝙀𝙓𝙄𝙎17 tongkrongan .;1;anjay rame banget nih alexis17 tongkrong;;;;;;
gila ya alexis17 dimana ashu terpercaya kagak nih;1;gila alexis17 ashu percaya kagak nih;;;;;;;
gameplay no commentary gini asik . alexis17 fokus .;1;gameplay no commentary gin asik alexis17 fokus;;;;;;;
sis ; gimana pakainya si 𝘼𝙇𝙀𝙓𝙄𝙎17 ?;1;sis gimana pakai si alexis17;;;;;;
Say it loudeREEErrrrrrrr 😂;0;say it loudereeerrrrrrrr joy;;;;;;;
Bang Jeje gagah pake Hummer CV; beli bang..;0;bang jeje gagah pake hummer cv beli bang;;;;;;
Mana aja gan; mau ahok anies atau anies ahok; kita harus bisa 👍;0;mana aja gan mau ahok anies anies ahok thumbsup;;;;;
soon swap mesinnya crosstrek 2gd;0;soon swap mesin crosstrek 2gd;;;;;;;
Mahfud G dulu;0;mahfud g dulu;;;;;;;
Keren banget bang 😂 ; Salam JePE 𝐏𝐑𝐎𝐁𝐄𝐓𝟖𝟓𝟓;1;keren banget bang joy salam jepe probet855;;;;;;
bang sattt lah-Ga ru da-Ho ki Gacoor bgt jadi candu gua😤;1;bang sattt lah ga ru da ho ki gacoor bgt jadi candu gua triumph;;;;;;;
proses nya cpt bgt gile alexis17;1;proses nya cpt bgt gile alexis17;;;;;;;
tolong gua kejebak depo dialexis17 jd candu bgt kbnykan menang .;1;gua jebak depo dialexis17 jd candu bgt kbnykan menang;;;;;;;
𝘈𝘎𝑈𝙎𝘛𝙊𝐓O gk percaya.. Coba aja sendiri; gacor abis;1;agustoto gk percaya coba aja sendiri gacor abis;;;;;;
temen kampus gue aja sampe bikin grup bahas 𝓟𝓤𝓛𝓐𝓤𝓦𝓘𝓝 doang .;1;temen kampus gue aja sampe bikin grup bahas pulauwin doang;;;;;;;
Kelemahan nya di layar nya; sensitif.;;;;;;;;
baik amat amat member baru langsung dikasih jajanan. meningkat senang bermain disini 🅼🅰🅽🅳🅰🅻🅸🅺🅰77 bila ini setelah itu sih gk bakalan ubah ke web lain ni;1;baik member baru langsung kasih jajan tingkat senang main sini mandalika77 bila sih gk bakal ubah web ni;;;;;;;
█▓▒▒░░░𝒫𝒰𝐿𝒜𝒰𝟩𝟩𝟩░░░▒▒▓█ bikin hari-hari cuaan ; mantap banget .;1;pulau777 bikin hari hari cua mantap banget;;;;;;
Whatever it takes to took mulyono down man…;0;whatever it takes to took mulyono down man;;;;;;;
cs ramah ; proses gampang ; pokoknya oke;1;cs ramah proses gampang pokok oke;;;;;
24:27 orang suka marah2 dalam satu frame😂;0;orang suka marah2 satu frame joy;;;;;;;
iShowSpeed juga baru review hp ini 😂😂;0;ishowspeed baru review hp joy joy;;;;;;;
gacur banget ; auto wede;1;gacur banget auto wede;;;;;;
Ya gitulah kalo hati penbenci; saya aja bisa nonton anis berjam2 😊;0;gitulah kalo hati penbenci aja nonton anis berjam2 blush;;;;;;
hahahahhaa ini ngobrol + main catur terkocak bangggg! wkwkwk;0;hahahahhaa ngobrol main catur kocak bangggg wkwkwk;;;;;;;
makasih 𝐷𝑂rа 7𝟩 ; benar-benar gacir banget !;1;makasih dora benar benar gacir banget;;;;;;
mantap ! main 𝘋о𝙍a𝟩𝟩-lancar ; cuan lancar jaya !;1;mantap main dora77 lancar cuan lancar jaya;;;;;;
mantappp 𝗕𝗘𝗥𝗞𝗔𝗛𝟵𝟵 sungguh menggugah selera makan🤤🤤🤤;1;mantappp berkah99 sungguh gugah selera makan drooling face drooling face drooling face;;;;;;;
Mantap bang ; presiden pemikirannya masih di majapahit gini di pake 😅;0;mantap bang presiden pikir majapahit gin pake sweat smile;;;;;;
seru nich weton88 cair;1;seru nich weton88 cair;;;;;;;
Bang kenapa nama channel nya ga Karbidu FC?;0;bang nama channel nya ga karbidu fc;;;;;;;
epic moment 𝗪𝗘𝗧𝗢𝗡𝟴𝟴;1;epic moment weton88;;;;;;;
𝐒𝐆𝐈𝟖𝟖 keren banget 😊;1;sgi88 keren banget blush;;;;;;;
Beli seblak;0;beli seblak;;;;;;;
btw bapak nya siapa ?😢;0;btw bapak nya siapa cry;;;;;;;
𝐃𝑂𝑅𝘼𝟩𝟳 bikin lupa duniawi ; hiburan !;1;dora77 bikin lupa duniawi hibur;;;;;;
Gak masuk akal; tapi Pulauwin bikin penasaran.;0;gak masuk akal pulauwin bikin penasaran;;;;;;
50juta dikantongin doang.. (tim mendang mending) 😂;0;5 juta dikantongin doang tim dang mending joy;;;;;;;
emang gak se-fair alexis17 deh .;1;emang gak se fair alexis17 deh;;;;;;;
✦𝐦𝐚𝐧𝐮𝐭𝟖𝟖✦ sekali ngasih petir dapet nmax cok;1;manut88 sekali ngasih petir dapet nmax cok;;;;;;;
𝗪𝗘𝗧𝗢𝗡𝟴𝟴 maen santai aja ; tetep wedey jutaan;1;weton88 maen santai aja tetep wedey juta;;;;;;
@timeok97  pembenci trus akan membenci wkwkw cape deh;0;timeok97 benci trus benci wkwkw cape deh;;;;;;;
hasil alexis17 ; bangga ; beralih tukang koran bos warung .;1;hasil alexis17 bangga alih tukang koran bos warung;;;;;
Semangat KK argumen KK Bagus🎉🎉🎉🎉;0;semangat kk argumen kk bagus tada tada tada tada;;;;;;;
s15 vr38dett dong .... Aghh gila;0;s15 vr38dett dong aghh gila;;;;;;;
TERIMAKASIH mandalika77;1;terimakasih mandalika77;;;;;;;
alexis17 jp ; nanti-nanti;1;alexis17 jp;;;;;;
Berbeda dan mahal; yang menang tetap brziko terkerenParah; 🔥;0;beda mahal menang tetap brziko terkerenparah fire;;;;;
Lamborghini dengan bodykit Liberty Walk😍;0;lamborghini bodykit liberty walk heart eyes;;;;;;;
Mantap bang keren👍👍👍sukses selalu;0;mantap bang keren thumbsup thumbsup thumbsup sukses selalu;;;;;;;
harganya 300 rb an untuk yg fans; pasti pada kagak beli kW sih;0;harga rb an yg fans kagak beli kw sih;;;;;;
Di greentex ya bang Bimo 😁;0;greentex bang bimo grin;;;;;;;
MD BTP 2029 cocok ini;0;md btp cocok;;;;;;;
Auuuuu!!!;0;auuuuu;;;;;;;
Gue rela ninggalin nonton drakor demi fokus di ALEXIS⭐17⭐.;1;gue rela ninggalin nonton drakor fokus alexis star star;;;;;;;
kirain hari jumat karna garasi drift upload wkwkwkwk;0;kirain hari jumat karna garasi drift upload wkwkwkwk;;;;;;;
SUMPAH BENER-BENR GA EXPECT SAMA JAWABAN BELIAU YANG NGELANTUR BANGET;0;sumpah bener benr ga expect sama jawab beliau ngelantur banget;;;;;;;
 @AnggoroDps_9 wwkwk jadi buzzer sumbangsih?;0;anggorodps 9 wwkwk jadi buzzer sumbangsih;;;;;;;
Jum'at gak ada Upload;0;jum at gak upload;;;;;;;
Gas brziko mesinnya di upgrade lagi bg;0;gas brziko mesin upgrade bg;;;;;;;
11:16 yg warna hitam cakep bng😊;0;yg warna hitam cakep bng blush;;;;;;;
banget dapet sketer;1;banget dapet sketer;;;;;;;
kebangkitan cuan 𝗦𝗚𝗜𝟴𝟴;1;bangkit cuan sgi88;;;;;;;
Drift di gunung iwaki kapan bang?;0;drift gunung iwaki kapan bang;;;;;;;
gaes ; 𝘼𝙇𝙀𝙓𝙄𝙎17 tuh kayak cheat code urusan ginian . !;1;gaes alexis17 tuh kayak cheat code urus ginian;;;;;;
kalo coding ; 𝘼𝙇𝙀𝙓𝙄𝙎17 juaranya .;1;kalo coding alexis17 juara;;;;;;
​ @terangterusyuk haha pengkhayal yoo; pengkhayal Indonesia (c)emas 2045;0;terangterusyuk haha khayal yoo khayal indonesia c emas;;;;;;
Ｍandalika𝟳𝟳 aku cba maen; malah jekpot gede;1;mandalika77 aku cba maen malah jekpot gede;;;;;;
𝘋𝐄𝘞𝐀𝐃O𝐑𝘈 gacor; mekswin terus;1;dewadora gacor mekswin terus;;;;;;
di universe lain iphone masih dengan dynamic tompelnya 😂;0;universe iphone dynamic tompel joy;;;;;;;
Saya kira pak Ahok cuma hologram; ternyata beneran 😂;0;kira pak ahok cuma hologram nyata beneran joy;;;;;;
Kesini hanya untuk dislike. Tidak ada nilai pentinkkk nya hahaha😅;0;kesini dislike nilai pentinkkk nya hahaha sweat smile;;;;;;;
4 Sehat 5 Sempurna? Are you serious?;0;sehat sempurna are you serious;;;;;;;
Saya bantu dislike ya bang😂;0;bantu dislike bang joy;;;;;;;
Trus langkah kongkretnya apaan bang? Hadehh;0;trus langkah kongkret apa bang hadehh;;;;;;;
alexis17 ! bikin gue sultan sebulan ; modal 100rb;1;alexis17 bikin gue sultan bulan modal 1 rb;;;;;;
Kocak bgt eps ini ahahahaa;0;kocak bgt eps ahahahaa;;;;;;;
Keren parahhhhh!! Jualin dong bodykitnya masss;0;keren parahhhhh jualin dong bodykitnya masss;;;;;;;
nonton ini pake huawei mate xt 🎉;0;nonton pake huawei mate xt tada;;;;;;;
d 𝙊 𝐑 a 𝟳 𝟽 bener-bener gachor;1;dora77 bener bener gachor;;;;;;;
Ya waktu debat sama anis juga kan ngaco dan ngawur mulu pas anis nanya;0;waktu debat sama anis kan ngaco ngawur mulu pas anis nanya;;;;;;;
Ditunggu kehadiran nya di kampus2 buat diskusi sama anak2 mahasiswa;0;tunggu hadir nya kampus2 buat diskusi sama anak2 mahasiswa;;;;;;;
gue 𝘼𝙇𝙀𝙓𝙄𝙎17 aja ; . gila ?;1;gue alexis17 aja gila;;;;;;
K-touch yg ada fitur teve. 😂;0;k touch yg fitur teve joy;;;;;;;
jawabanne piye tou....🤦🤔🤔🤔🤔🤔;;;;;;;;;
Crostrek kami manaaaa???;0;crostrek manaaaa;;;;;;;
Prabroro Ompong;0;prabroro ompong;;;;;;;
Ini baru top...narsum tanpa kepentingan diri;0;baru top narsum penting diri;;;;;;;
Btw gausah pakai timer ga fokus ke timer juga lagian;0;btw gausah pakai timer ga fokus timer lagi;;;;;;;
bagus pengusaha cuan cuan cuan bensin skrng mahal operasional bisnis;0;bagus usaha cuan cuan cuan bensin skrng mahal operasional bisnis;;;;;;;
Bandara swasta itu berbahaya bagi kedaulatan ga siy? 🤔;0;bandara swasta bahaya daulat ga siy thinking;;;;;;;
gua sih udah anggep ALEXIS-17☯ kaya ATM pribadi aja;1;gua sih udah anggep alexis yin kaya atm pribadi aja;;;;;;;
31:28 iklan mobil gorengan dibelakang hummer 😂;0;iklan mobil goreng belakang hummer joy;;;;;;;
MINGGIR LU MISKIN🗣️🗣️🗣️🗣️🔥🔥🔥🔥🔥;0;minggir lu miskin speaking head speaking head speaking head speaking head fire fire fire fire fire;;;;;;;
Ditunggu para flagship mode ultra;0;tunggu flagship mode ultra;;;;;;;
Mending spresso dibanding vf siih;0;mending spresso banding vf siih;;;;;;;
pilar di grill ada 6 berisi font logo hummer; rongganya yg tetap 7;0;pilar grill isi font logo hummer rongga yg tetap;;;;;;
uhuyy FAFFADA;0;uhuyy faffada;;;;;;;
Menurutku sih yang sekarang udah poll; simple tapi elegan sangar;0;turut sih sekarang udah poll simple elegan sangar;;;;;;
TURUT BERDUKA CITA ..  'Inna lillahi wa inna ilayhi raji'un'...;0;turut duka cita inna lillahi wa inna ilayhi raji un;;;;;;;
Bang tertarik jadi ketua IA-ITB ga;0;bang tarik jadi ketua itb ga;;;;;;;
Ha ha ha..;;0;ha ha ha;;;;;;
strategi gitu anak gw kelas 1 SD udah gw ajarin happy banget dia...;0;strategi gitu anak gw kelas sd udah gw ajarin happy banget;;;;;;;
Najis HP murah akwkakw​ @ZOE-TW ;0;najis hp murah akwkakw zoe tw;;;;;;;
Lagi bnyak stok konten kaynya;0;bnyak stok konten kaynya;;;;;;;
Awalnya iseng coba ehh lama2 ketagihan di ⭐𝘼𝙇𝙀𝙓𝙄𝙎17;1;awal iseng coba ehh lama2 tagih star alexis17;;;;;;;
main santai ; menang . 𝗣 𝗟 𝗨 𝗧 𝗢 𝟴 𝟴 emang beda .;1;main santai menang pluto88 emang beda;;;;;;
CS ramah; proses gampang; pokoknya oke;1;cs ramah proses gampang pokok oke;;;;;
Uhuiiiiiiiiii;0;uhuiiiiiiiiii;;;;;;;
eh bro ; alexis17 ; event spesial nih ; hadiahnya investasi properti;1;eh bro alexis17 event spesial nih hadiah investasi properti;;;;
Phev shs cuma ada FWD;0;phev shs cuma fwd;;;;;;;
Hoooo....cariin kerjaan dong?bapak saya bukan presiden soalnya;0;hoooo cariin kerja dong bapak bukan presiden soal;;;;;;;
IYA EMG MANTAP BRO P U L A U 7 7 7 LGSG CARI AZ;1;iya emg mantap bro pulau777 lgsg cari az;;;;;;;
kenal alexis17 ; gue tabungan .;1;kenal alexis17 gue tabung;;;;;;
Sekilas malah mirip FJ;0;kilas malah mirip fj;;;;;;;
bisa....;;;;;;;;;
alexis'17 gua coba bentar ; saldo langsung 2x lipat;1;alexis gua coba bentar saldo langsung 2x lipat;;;;;;
Jakpot besar tiap main di M𝗮𝘯𝐝𝗮𝑙𝗶𝒌𝐚𝟟𝟳; bener-bener puas banget!;1;jakpot besar tiap main mandalika77 bener bener puas banget;;;;;;
muncul medsos alexis17 !;1;muncul medsos alexis17;;;;;;;
Mas ziko modifikasi mtor RX.KING 😂😂;0;mas ziko modifikasi mtor rx king joy joy;;;;;;;
ngeri euy spionnya kayak copot;0;ngeri euy spion kayak copot;;;;;;;
Tanggung jawab lah GA RU DA HO KI.udah bikin candu😳;1;tanggung jawab lah ga ru da ho ki udah bikin candu flushed;;;;;;;
Kenapa ada ganjar weh; hapus hapus :v;0;ganjar weh hapus hapus v;;;;;;
yo apik tenan iki ; gampang banget dapetnya;1;yo apik tenan iki gampang banget dapetnya;;;;;;
Mudah mudahan taun depan saya bisa beli;; amin ya Allah... 😅😊;0;mudah mudah taun depan beli amin allah sweat smile blush;;;;;
Dah ah tobat gk maenGaruda-hoki lg abis maxwin soalnya🤣;1;dah ah tobat gk maengaruda hoki lg abis maxwin soal rofl;;;;;;;
Koleksi hummer pak bamsoet pasti bakalan beli nih mobil;0;koleksi hummer pak bamsoet bakal beli nih mobil;;;;;;;
emang gak se-trusted alexis17 sih .;1;emang gak se trusted alexis17 sih;;;;;;;
Timothy ahh vidio;0;timothy ahh vidio;;;;;;;
temen-temen pindah pawpaw4d seru !;1;temen temen pindah pawpaw4d seru;;;;;;;
Pasti akan membuang² waktu; tenaga; pikiran; biaya utk mewawancarai😅;0;membuang2 waktu tenaga pikir biaya utk wawancara sweat smile;;;;
Semoga rezeki dari 𝘋𝘖RA𝟽7 membawa kebaikan bagi semua! 😊 😇;1;moga rezeki dora77 bawa baik semua blush innocent;;;;;;;
Aku malah 2.5;0;aku malah;;;;;;;
berkah rezeki berkat 𝐒𝐆𝐈𝟖𝟖 ; puji syukur !;1;berkah rezeki berkat sgi88 puji syukur;;;;;;
min video lu baguss ; pilih 𝐒𝐆𝐈𝟖𝟖;1;min video lu baguss pilih sgi88;;;;;;
15:28 yang hitam kok gak disebut bg?;0;hitam kok gak sebut bg;;;;;;;
cakep kali 𝐒𝐆𝐈𝟖𝟖 ; bravo ..;1;cakep kali sgi88 bravo;;;;;;
pengalaman main pawpaw4d bikin ketagihan ; main .;1;alam main pawpaw4d bikin tagih main;;;;;;
Andai itu JB 5 pasti langsung ku pinang;0;andai jb langsung ku pinang;;;;;;;
menghargai solusi berwawasan ; 𝐃о𝘙𝘈 7𝟳 cocok .;1;harga solusi wawas dora cocok;;;;;;
alexis17 tuh penuh kejutan ; udah coba ?;1;alexis17 tuh penuh kejut udah coba;;;;;;
Bimo gokil;0;bimo gokil;;;;;;;
Gas bang ziko;0;gas bang ziko;;;;;;;
Ahok presiden 2029;0;ahok presiden;;;;;;;
ada apaansi di mbl mana;0;apaansi mbl mana;;;;;;;
Keren bg....;0;keren bg;;;;;;;
banget dapet sketer;1;banget dapet sketer;;;;;;;
Gelo keren;0;gelo keren;;;;;;;
Wkwkwk.. Kenapa Narasi isinya buzzer semua?;0;wkwkwk narasi isi buzzer semua;;;;;;;
"Wahhh keren mas komentarnya. Besok"" belajar lagi yg bener yaa";0;wahhh keren mas komentar besok ajar yg bener yaa;;;;;;;
Mending bikin bisnis 😂;0;mending bikin bisnis joy;;;;;;;
ꗥ𝙈𝘼𝙉𝙐𝙏88ꗥ  benar2 dijabah doaku kemarin;1;hemanut88he benar2 dijabah doa kemarin;;;;;;;
alexis17 maen santai aja ; tetep wedey jutaan;1;alexis17 maen santai aja tetep wedey juta;;;;;;
Dihina tidak tumbang. Dipuji engga dulu deh bang.😂;0;hina tumbang puji engga dulu deh bang joy;;;;;;;
Udah gak kaget.Ha us-Win 138.Gacoorr🥳;1;udah gak kaget ha us win gacoorr partying face;;;;;;;
Smpe hri ini kmpung sya blum ada;0;smpe hri kmpung sya blum;;;;;;;
Yg ditunggu ada juga video ini mantap;0;yg tunggu video mantap;;;;;;;
Mana crosstrack kita bg 😂;0;mana crosstrack bg joy;;;;;;;
0-100 3;5 detik mobil segede & seberat ini 😮;0;detik mobil gede berat open mouth;;;;;;
btp dah jadi politisi.;0;btp dah jadi politis;;;;;;;
Gas ayo umroh;0;gas ayo umroh;;;;;;;
Keren bnget ziko ngejelasinnya simple;0;keren bnget ziko ngejelasinnya simple;;;;;;;
Berarti statement 2nya ttg ITU hanya omkos ka?;0;arti statement 2nya ttg omkos ka;;;;;;;
Crostrek rekkk;0;crostrek rekkk;;;;;;;
Berasa dapat maxwin habis ❤️‍🔥 𝗪𝗘𝗧𝗢𝗡𝟴𝟴 ❤️‍🔥  gacor habis;1;asa maxwin habis heart fire weton88 heart fire gacor habis;;;;;;;
2 macan tidak bisa menguasai satu gunung;0;macan kuasa satu gunung;;;;;;;
Menjawab sama dengan membenarkan pertanyaan kah?;0;jawab sama benar tanya;;;;;;;
Ngapain meronta ronta?;0;ngapain ronta ronta;;;;;;;
gue 𝘼𝙇𝙀𝙓𝙄𝙎17 aja ; . beneran !;1;gue alexis17 aja beneran;;;;;;
Jadikan hari ini istimewa di ＭΛＮDALIKΛ𝟟𝟟;1;jadi hari istimewa mlndalikl77;;;;;;;
Halo bang🗿;0;halo bang moyai;;;;;;;
jadi sekarang presiden; macan atau macan sirkus?;0;jadi sekarang presiden macan macan sirkus;;;;;;
sebulan main alexis17 ; gue udah liburan amerika !;1;bulan main alexis17 gue udah libur amerika;;;;;;
Tablet Foldable🔥;0;tablet foldable fire;;;;;;;
bermain di𝐏 𝐋 𝐔 𝐓 𝐎 𝟖 𝟖 uang jajan nggak habis-habis !;1;main dip luto88 uang jajan habis habis;;;;;;;
gak mikir kali join alexis17 .;1;gak mikir kali join alexis17;;;;;;;
Nemu ayam goreng atau ikan aja sebulan sekali juga gak;0;nemu ayam goreng ikan aja bulan sekali gak;;;;;;;
terima kasih 𝑨𝑳𝑬𝑿𝑰𝑺17 wede nya ; gokil banget sih ! .;1;terima kasih alexis17 wede nya gokil banget sih;;;;;;
ubur ubur ikan lelel pasti jepe di ✦𝗠𝗮𝗻𝘂𝘁𝟴𝟴✦le;1;ubur ubur ikan lelel jepe manut88 le;;;;;;;
Bisa klo anies kader pdi😂;0;klo anies kader pdi joy;;;;;;;
Aman?⭐𝘼𝙇𝙀𝙓𝙄𝙎17 udah pasti teraman!.;1;aman star alexis17 udah ram;;;;;;;
Muka gak bahagia penuh tekanan;0;muka gak bahagia penuh tekan;;;;;;;
Sr3 itu Lo dah jelas;0;sr3 lo dah jelas;;;;;;;
Cakep banget🎉;0;cakep banget tada;;;;;;;
wede brusan ; sketer nggak berhenti muncul;1;wede brusan sketer henti muncul;;;;;;
denger-denger 𝘼𝙇𝙀𝙓𝙄𝙎17 promo ; bener gak sih ? parah .;1;denger denger alexis17 promo bener gak sih parah;;;;;;
ghaacoor nya sampe mimpi.ga ruda ho ki;1;ghaacoor nya sampe mimpi ga ruda ho ki;;;;;;;
Seru &amp;;;;;;;;;
𝘿𝐄w𝘼𝐷𝑂r𝘈bikin lupa beban hidup ; hiburan bermakna !;1;dewadorabikin lupa beban hidup hibur makna;;;;;;
maka dari itu amrik ngelarang huawei buat gabung ama google😂😂;0;amrik ngelarang huawei buat gabung ama google joy joy;;;;;;;
​ @AnggoroDps_9 ayo jelaskan dong ...blok !;0;anggorodps 9 ayo jelas dong blok;;;;;;;
pengen main nih . gara-gara alexis17 nih !;1;ken main nih gara gara alexis17 nih;;;;;;;
auto jepey ! 𝗪𝗘𝗧𝗢𝗡𝟴𝟴;1;auto jepey weton88;;;;;;;
hidup macan sirkus;0;hidup macan sirkus;;;;;;;
GD coba buat body kit ala GD;0;gd coba buat body kit ala gd;;;;;;;
ga akan lupa cara nya anda bisa menjadi calon wapres !!! 💥;0;ga lupa cara nya jadi calon wapres boom;;;;;;;
Makin lama didengerin makin ngeselin.;0;makin lama didengerin makin ngeselin;;;;;;;
gue sih udah ga heran kalo alexis17 ! trending sosmed;1;gue sih udah ga heran kalo alexis17 trending sosmed;;;;;;;
manis banget;0;manis banget;;;;;;;
HIDUP JOKOWI;0;hidup jokowi;;;;;;;
tidak punya pemahaman n penalaran pribadi yg kuat;0;punya paham n nalar pribadi yg kuat;;;;;;;
semangat menang 𝐆𝑨𝑪𝑯𝑨𝟏𝟔𝟖 ku;1;semangat menang gacha168 ku;;;;;;;
Bau bau brziko bakalan upgrade;0;bau bau brziko bakal upgrade;;;;;;;
​@DouZheng_bintangTodjoe terus bernegara yg baik harus ikuti katamu ? 😂;0;douzheng bintangtodjoe terus negara yg baik ikut kata joy;;;;;;;
Papi Inside;0;papi inside;;;;;;;
Sukses terus ya mas.;0;sukses terus mas;;;;;;;
cuihhh....gitu katanya fufufafa...hehehe;0;cuihhh gitu kata fufufafa hehehe;;;;;;;
Bikin token listrik abis😅;0;bikin token listrik abis sweat smile;;;;;;;
Towel gaj di ajak 😂;0;towel gaj ajak joy;;;;;;;
Partai apa yang bagus menurut lu?;0;partai apa bagus lu;;;;;;;
Kapan ready yg player issue nih;;masak kemarin cuma 1000 doang;0;kapan ready yg player issue nih masak kemarin cuma doang;;;;;
kayak aja keseruan 𝙋𝙐𝙇𝘼𝙐𝙒𝙄𝙉 .;1;kayak aja seru pulauwin;;;;;;;
0:01 ngidam ngidam ngidam 😊😊;0;ngidam ngidam ngidam blush blush;;;;;;;
epic moment 𝗦𝗚𝗜𝟴𝟴;1;epic moment sgi88;;;;;;;
А𝐗𝐿𝟳7𝟽 aku coba bentar; lngsg WD gede;1;axl777 aku coba bentar lngsg wd gede;;;;;;
Kelihatan pintar tapi baca teks 😅😅😅😅😅😅😅😅;0;lihat pintar baca teks sweat smile sweat smile sweat smile sweat smile sweat smile sweat smile sweat smile sweat smile;;;;;;;
modal maxwin ; gila sih gacor abis;1;modal maxwin gila sih gacor abis;;;;;;
Anak nya syahroni nih????????????? 🗿🗿;0;anak nya syahroni nih moyai moyai;;;;;;;
09:00 epic moment sih 😂 gokliisss;0;epic moment sih joy gokliisss;;;;;;;
udh top main alexis17 gak pelit cok;1;udh top main alexis17 gak pelit cok;;;;;;;
alexis17 ; emang ga duanya ; pelayanan vip member;1;alexis17 emang ga dua layan vip member;;;;;
weton88 keren banget;1;weton88 keren banget;;;;;;;
​ @AnggoroDps_9  apa yg lo tangkep?;0;anggorodps 9 apa yg lo tangkep;;;;;;;
3 bang ; salam jepe 𝐒𝐆𝐈𝟖𝟖;1;bang salam jepe sgi88;;;;;;
sangat terlihat otoriternya;0;sangat lihat otoriter;;;;;;;
Kerja ga berhenti² buat syape?;0;kerja ga berhenti2 buat syape;;;;;;;
main 𝐷𝘌𝘞𝐴𝘋𝑂𝐑𝘈 bikin happy banget ; hasilnya gacir abis !;1;main dewadora bikin happy banget hasil gacir abis;;;;;;
alexis'17 wedey gede ; cma maen bentar;1;alexis wedey gede cma maen bentar;;;;;;
Ada jurnalis Tempo gak?;0;jurnalis tempo gak;;;;;;;
Gila sih huaway; apa kabar iphone yang lambat inovasi?😂;0;gila sih huaway apa kabar iphone lambat inovasi joy;;;;;;
3 bang ; salam jepe weton88;1;bang salam jepe weton88;;;;;;
Gara-gara 𝓟𝓤𝓛𝓐𝓤𝓦𝓘𝓝; grup WA kantor jadi rame banget.;1;gara gara pulauwin grup wa kantor jadi rame banget;;;;;;
kalo gak salah; Gus Iqdam punya mobil seperti itu.;0;kalo gak salah gus iqdam punya mobil;;;;;;
Perut nya aga kempesan om?;0;perut nya aga kempes om;;;;;;;
lha iki kan asline bakul 😅 bis hanya hobi. canda mas wahid;0;lha iki kan asline bakul sweat smile bis hobi canda mas wahid;;;;;;;
Mentok kanan💥;0;mentok kanan boom;;;;;;;
Gak pernah gagal;𝐒𝐆𝐈𝟖𝟖🔥;1;gak pernah gagal sgi88 fire;;;;;;
Seolah Tuhan;" bisa ""memastikan"" sesuatu.";0;tuhan pasti;;;;;;
susah laku kalau nggak 7 seater;0;susah laku kalau seater;;;;;;;
Pengen beli tapi kalah sama kebutuhan 😭;0;ken beli kalah sama butuh sob;;;;;;;
Abis abisannn 💙;0;abis abisannn blue heart;;;;;;;
Pak ahok suaranya bisa aneh gitu kebanyakan ngrokok ya ??;0;pak ahok suara aneh gitu banyak ngrokok;;;;;;;
Point nya apa? There is no point; ngambang kaya sampah di sungai;0;point nya apa there is no point ngambang kaya sampah sungai;;;;;;
yang pro aja bang di 𝐒𝐆𝐈𝟖𝟖 👍;1;pro aja bang sgi88 thumbsup;;;;;;;
Ternyata isinya iklan semua😊 alhamdulilah.. Mkasih mas..;0;nyata isi iklan semua blush alhamdulilah mkasih mas;;;;;;;
alexis 17 emang ga duanya ; pelayanan vip member;1;alexis emang ga dua layan vip member;;;;;;
malem hiburan bareng p̶u̶l̶a̶u̶w̶i̶n̶ .;1;malem hibur bareng pulauwin;;;;;;;
bedanya 𝘼𝙇𝙀𝙓𝙄𝙎17 ya ? parah !;1;beda alexis17 parah;;;;;;;
Woow harga nya;0;woow harga nya;;;;;;;
9:48 sangar😮;0;sangar open mouth;;;;;;;
Hah ? Apa sih;0;hah apa sih;;;;;;;
iseng doang main 𝐷оrа𝟩𝟳 ; eh ketagihan ! cuan nih !;1;iseng doang main dora77 eh tagih cuan nih;;;;;;
Prabowo negarawan sejati brow❤❤❤❤;0;prabowo negarawan sejati brow heart heart heart heart;;;;;;;
mandalika77 lagi untuk untuk maxwin tahun baru di pragmatic serupa pg soft nya lagi rame;1;mandalika77 maxwin tahun baru pragmatic rupa pg soft nya rame;;;;;;;
Iyalah bang kita kan perintis bkn pewaris;0;iya bang kan rintis bkn waris;;;;;;;
Ngomong apa toh;0;ngomong apa;;;;;;;
Kasian; tempo alqaeda gak di ajak. Awowowowok.. 😂;0;kasi tempo alqaeda gak ajak awowowowok joy;;;;;;
berkat k o i s l o t ; menjalani hidup bebas finansial kekhawatiran;1;berkat koislot jalan hidup bebas finansial khawatir;;;;;;
keren . gas mari kak 𝗦𝗚𝗜𝟴𝟴;1;keren gas kak sgi88;;;;;;;
Yaahhh otaknya nggak nyampe dehh. Emang bener ganti rakyat sihhhh;0;yaahhh otak nyampe dehh emang bener ganti rakyat sihhhh;;;;;;;
GD emang ngga pernah gagal buat bangun mobil sih;0;gd emang ngga pernah gagal buat bangun mobil sih;;;;;;;
Seru abis! Tempat paling aman dan asik? 🔥⚡ALEXIS17⚡?🔥;1;seru abis tempat paling aman asik fire zap alexis17 zap fire;;;;;;;
Bikin lah motor biar berwarna mass😅;0;bikin lah motor biar warna mass sweat smile;;;;;;;
serius nanya deh alexis17 ?;1;serius nanya deh alexis17;;;;;;;
𝘼𝙇𝙀𝙓𝙄𝙎17 sih ? heboh banget ? beneran ?;1;alexis17 sih heboh banget beneran;;;;;;;
jane mudeng tenan opo gur wathon njeplak je dul?;0;jane mudeng tenan opo gur wathon njeplak je dul;;;;;;;
wede lancar banget ; pelayanan top;1;wede lancar banget layan top;;;;;;
sehari main alexis17 ; gue langsung ketagihan !;1;hari main alexis17 gue langsung tagih;;;;;;
Nonton tanpa baca komen itu lebih baik;0;nonton baca komen lebih baik;;;;;;;
Sharus nya di iringi dengan harga;0;sharus nya iring harga;;;;;;;
malem gue nungguin update alexis17 .;1;malem gue nungguin update alexis17;;;;;;;
Hahaha betul;0;hahaha betul;;;;;;;
ak pernah nyobain mobil yg kayak gitu;;;;;;;;;
Barang aneh nya kapan bang 😂😂😂; udah lama kayaknya 😁;0;barang aneh nya kapan bang joy joy joy udah lama kayak grin;;;;;;
modal lgsng jepek gates;1;modal lgsng jepek gates;;;;;;;
sehari main alexis17 ; gue langsung ketagihan !;1;hari main alexis17 gue langsung tagih;;;;;;
"Tumben g gontok"".an😂";0;tumben g gontok an joy;;;;;;;
86 airbft hitam ownernya orang manado😍;0;airbft hitam ownernya orang manado heart eyes;;;;;;;
Ubur-ubur makan ikan; siap laksanakan 👆👆👆👆👆;0;ubur ubur makan ikan siap laksana point up 2 point up 2 point up 2 point up 2 point up 2;;;;;;
ga bahaya ta ?;0;ga bahaya ta;;;;;;;
Lowongan dislike masih di buka lebar2👎;0;lowong dislike buka lebar2 thumbsdown;;;;;;;
ntar dia naro ipad; buka chatgpt suruh ngobrol sama AI wkwk;0;ntar naro ipad buka chatgpt suruh ngobrol sama ai wkwk;;;;;;
nitip jempol miring gan;0;nitip jempol miring gan;;;;;;;
Maklum udah tua; udah ga mampu memahami pertanyaan yg disampaikan.;0;maklum udah tua udah ga mampu paham tanya yg sampai;;;;;;
TIM YANG PENGEN BELI TAPI  GK ADA UANG;0;tim ken beli gk uang;;;;;;;
bang gak rekomendasi laptop main game command and conquer generals ?;0;bang gak rekomendasi laptop main game command and conquer generals;;;;;;;
2029 GIBRAN - BAHLIL SIAP MENGGUNCANG;0;gibran bahlil siap guncang;;;;;;;
oalahhh gua prnah cog main alexis17 bnran lgsg wd wkwk;1;oalahhh gua prnah cog main alexis17 bnran lgsg wd wkwk;;;;;;;
video aerox ngantuk 😂;0;video aerox ngantuk joy;;;;;;;
galiat ubsi ama zicoster;0;galiat ubsi ama zicoster;;;;;;;
Ahok bukan gubernur terpilih DKI seperti yang beliau katakan. 14:16;0;ahok bukan gubernur pilih dki beliau kata;;;;;;;
Terlalu negatif mas nya.. Ngelantur;0;terlalu negatif mas nya ngelantur;;;;;;;
keren mandalika77;1;keren mandalika77;;;;;;;
𝘋𝑂r𝐴 𝟽𝟳 menawarkan platform stabil andal .;1;dora tawar platform stabil andal;;;;;;;
belibet bummer;0;belibet bummer;;;;;;;
ketinggalan cuan ; gaskeun pu lau tujuh tujuh tujuh .;1;tinggal cuan gaskeun pu lau tujuh tujuh tujuh;;;;;;
sabar lahhh ; lu kira itu doang kerjaan mereka;0;sabar lahhh lu kira doang kerja;;;;;;
gak pusing mikirin biaya berobat kalo udah join alexis17 .;1;gak pusing mikirin biaya obat kalo udah join alexis17;;;;;;;
 @syarfuniMY  atau pindah agama;0;syarfunimy pindah agama;;;;;;;
Selalu setia nonton dan like videonya;0;selalu setia nonton like video;;;;;;;
emang gak se-profitable alexis17 deh .;1;emang gak se profitable alexis17 deh;;;;;;;
Berjuang dari 0 ×;;;;;;;;;
𝐌𝐢𝐘𝐚𝟖𝟖 ! sensasi bermain bikin penasaran ! keseruannya bikin nagih !;1;miya88 sensasi main bikin penasaran seru bikin nagih;;;;;;;
the best 𝐒𝐆𝐈𝟖𝟖 byar !;1;the best sgi88 byar;;;;;;;
terimakasih upload bg ; sibuk𝗪𝗘𝗧𝗢𝗡𝟴𝟴;1;terimakasih upload bg sibukweton88;;;;;;
masih bisa pake gbox buat buka google;aman2  aja;0;pake gbox buat buka google aman2 aja;;;;;;
emang gak se-worth it alexis17 sih .;1;emang gak se worth it alexis17 sih;;;;;;;
tmn gw alexis17 rame bgt tuh situs bre gila;1;tmn gw alexis17 rame bgt tuh situs bre gila;;;;;;;
Gilaaa keren banget;0;gilaaa keren banget;;;;;;;
seminggu join alexis17 ; gue udah beliin ortu kulkas pintu !;1;minggu join alexis17 gue udah beliin ortu kulkas pintu;;;;;;
emang gak se-reliable alexis17 .;1;emang gak se reliable alexis17;;;;;;;
05:35 weton88 ngadu nasib wkwkw;1;weton88 ngadu nasib wkwkw;;;;;;;
OTW MILLS LAGI BANG;0;otw mills bang;;;;;;;
ikan busuk dimulai dari kepalanya;0;ikan busuk mulai kepala;;;;;;;
Dislike masssal;0;dislike masssal;;;;;;;
Tim gercep nabung sekarang terkumpul 17rb;0;tim gercep nabung sekarang kumpul 17rb;;;;;;;
Gk bisa berkata kata Garasi Drift Kalian HEBAT.....!!!!!! 👏👏👏👏;0;gk kata kata garasi drift kalian hebat clap clap clap clap;;;;;;;
Temen temen...temenan;0;temen temen temenan;;;;;;;
Ke iims pengen ketmu om fitra tpi gk ketemu;0;iims ken ketmu om fitra tpi gk ketemu;;;;;;;
Pasti seru;0;seru;;;;;;;
; 𝘼𝙇𝙀𝙓𝙄𝙎17 ; penyelamat genting .;1;alexis17 selamat genting;;;;;
 @joMan1060  cukup oke apaan; cuman defensif gitu sambil muter muter;0;joman1 6 cukup oke apa cuman defensif gitu muter muter;;;;;;
gw rungkad mandalika77 wkwkwkw tapi tmn gw yg pada jp di mandalika77;1;gw rungkad mandalika77 wkwkwkw tmn gw yg jp mandalika77;;;;;;;
Udh mantap desain erspo nya tp logo mereka yg skrg JUJUR JELEK;0;udh mantap desain erspo nya tp logo yg skrg jujur jelek;;;;;;;
jepey 𝗦𝗚𝗜𝟴𝟴 ; beneran !;1;jepey sgi88 beneran;;;;;;
Ya duit bapak nya banyak! Apapun bisa jadi kenyataan kek nya!!!!;0;duit bapak nya banyak apa jadi nyata kek nya;;;;;;;
sehat salam 𝗪𝗘𝗧𝗢𝗡𝟴𝟴 gampang jepe;1;sehat salam weton88 gampang jepe;;;;;;;
Sejak kapan Ken block muslim? 😂😂;0;sejak kapan ken block muslim joy joy;;;;;;;
Pulau 777 – Tempat kemenangan tak terbatas!;1;pulau tempat menang tak batas;;;;;;;
Pengen ke iims tapi ga punya duit 😓;0;ken iims ga punya duit sweat;;;;;;;
Gosong chef gorengan nya 😂;0;gosong chef goreng nya joy;;;;;;;
epic moment 𝗪𝗘𝗧𝗢𝗡𝟴𝟴;1;epic moment weton88;;;;;;;
Mas; bagi prompt nya dong buat naskah begini;0;mas prompt nya dong buat naskah begini;;;;;;
Ahok..  dan Dedi mulyadi;0;ahok dedi mulyadi;;;;;;;
hp lu, lipat berapa bos?;0;hp lu lipat berapa bos;;;;;;;
Telat 2 jam:V;0;telat jam v;;;;;;;
RB26 n/a 😢 ... Sayur tanpa garam;0;rb26 n a cry sayur garam;;;;;;;
Kerja masih dicariin bapa jangan so keras ah;0;kerja dicariin bapa jangan so keras ah;;;;;;;
jepey 𝐒𝐆𝐈𝟖𝟖 ; beneran !;1;jepey sgi88 beneran;;;;;;
𝗠𝑨𝑵𝐃𝐀𝑳𝗜𝗞𝐀𝟕7 bikin lupa semua beban; hiburan yang sangat menyenangkan! 🤩 🥳;1;mandalika77 bikin lupa semua beban hibur sangat senang star struck partying face;;;;;;
14:00 gub iwan naik iwan (E1) (:D);0;gub iwan naik iwan e1 d;;;;;;;
yg harusnya lu dukung abis-abisan tuh yang ini orgnya nji;0;yg harus lu dukung abis abis tuh orgnya nji;;;;;;;
gak bener itu harganya;itu harga riba;0;gak bener harga harga riba;;;;;;
1:36:42 the road is still long bang;0;the road is still long bang;;;;;;;
"15:30: ""Affaan tuch? 😂""";0;affaan tuch joy;;;;;;;
05:35 𝐒𝐆𝐈𝟖𝟖 ngadu nasib wkwkw;1;sgi88 ngadu nasib wkwkw;;;;;;;
jangan banyak ngomong deh pak ahok; buruan nyalon saya pilih;0;jangan banyak ngomong deh pak ahok buru nyalon pilih;;;;;;
50jt bagi 3=....;0;5 jt;;;;;;;
semangat bang konten nya salam 𝗦𝗚𝗜𝟴𝟴 ! gampang jepe;1;semangat bang konten nya salam sgi88 gampang jepe;;;;;;;
Turu aja mas.;0;turu aja mas;;;;;;;
Ngelantur cokkk;0;ngelantur cokkk;;;;;;;
Gokil indo buzzernya wkwk;0;gokil indo buzzernya wkwk;;;;;;;
kerennn contentnya bang ; cari situs 𝗪𝗘𝗧𝗢𝗡𝟴𝟴;1;kerennn contentnya bang cari situs weton88;;;;;;
MANDALIKA77 ngan ukur jadi! Duit ngalir; permainan seru ora aya istirahatna. Layanan oke banget; abdi recom duh; euy!;1;mandalika77 ngan ukur jadi duit ngalir main seru ora aya istirahatna layan oke banget abdi recom duh euy;;;;
gacir bener ; maen udh jepe;1;gacir bener maen udh jepe;;;;;;
kelaaazzz bgt karbida FC 🔥;0;kelaaazzz bgt karbida fc fire;;;;;;;
Ini Jersey apa baju fashion sih; gila keren bgt; parah gokil;0;jersey apa baju fashion sih gila keren bgt parah gokil;;;;;
Lama bat gw tungguin ini pidio woe;0;lama bat gw tungguin pidio woe;;;;;;;
kek mandalika77 gini baru situs mantap. member baru wajib menang;1;kek mandalika77 gin baru situs mantap member baru wajib menang;;;;;;;
kalo bukan PULAUWIN yg kasih duit siapa lagi;1;kalo bukan pulauwin yg kasih duit siapa;;;;;;;
"loch - ""Left and Right""";0;loch left and right;;;;;;;
Bro speaks a whole lot of nothing;0;bro speaks a whole lot of nothing;;;;;;;
Uda kek laptop rtx 5080 aja harganya;0;uda kek laptop rtx aja harga;;;;;;;
Belum mulai wawancara udah struk duluan;0;mulai wawancara udah struk duluan;;;;;;;
😂😂😂😂;;;;;;;;;
Kalau jebol  pusing ga tuh Krn susah di perbaikin di arena;0;kalau jebol pusing ga tuh krn susah perbaikin arena;;;;;;;
Yang pake kmeja biru so asik banget wkwkwk;0;pake kmeja biru so asik banget wkwkwk;;;;;;;
Pemakaian lama;;;;;;;;;
orang bilang alexis17 tuh bener-bener ngebantu keuangan .;1;orang bilang alexis17 tuh bener bener ngebantu uang;;;;;;;
Huracan x LBWK kek ny 😆;0;huracan x lbwk kek ny laughing;;;;;;;
sekeren bikin $1 jadi Rp17.000; all time highest 😂😂;0;keren bikin jadi rp17 all time highest joy joy;;;;;;
tolong gua kejebak depo dialexis17 jd candu bgt kbnykan menang .;1;gua jebak depo dialexis17 jd candu bgt kbnykan menang;;;;;;;
udah pada tau P U L A U W I N belum lu orang?;1;udah tau pulauwin lu orang;;;;;;;
Intinya kalau kerja minta cariin bapak...;0;inti kalau kerja minta cariin bapak;;;;;;;
𝘈𝘎𝑈𝙎𝘛𝙊𝐓O gampang banget dapet jackpot; luar biasa;1;agustoto gampang banget dapet jackpot luar biasa;;;;;;
gilaa kameranyaaaa;0;gilaa kameranyaaaa;;;;;;;
Big no ; ahok gasuka anies dan ahok masih tolerir korupsi;0;big no ahok gasuka anies ahok tolerir korupsi;;;;;;
jepey trs ; di𝐒𝐆𝐈𝟖𝟖;1;jepey trs disgi88;;;;;;
Mantap gan;0;mantap gan;;;;;;;
"I knew it in the moment ""They"" elected";0;i knew it in the moment they elected;;;;;;;
​ @rahadiarum7448 masalahnya yg dia jawab gada yg nyambung; gmana dong?;0;rahadiarum7448 masalah yg jawab gada yg nyambung gmana dong;;;;;;
​ @bossman9577 fufu fafa wkwkwk;0;bossman9577 fufu fafa wkwkwk;;;;;;;
Sama gue juga nyumbang 1 dislike😂;0;sama gue nyumbang dislike joy;;;;;;;
buset serius skketer zeus 𝘼𝙇𝙀𝙓𝙄𝙎17 5 ? ? ? .;1;buset serius skketer zeus alexis17;;;;;;;
cair kakak mantap banget cuan weton88;1;cair kakak mantap banget cuan weton88;;;;;;;
sehat salam 𝐒𝐆𝐈𝟖𝟖 gampang jepe;1;sehat salam sgi88 gampang jepe;;;;;;;
ALEXIS-17☯ emang ga pernah pelit kalo soal ngasih jackpot ke membernya;1;alexis yin emang ga pernah pelit kalo soal ngasih jackpot membernya;;;;;;;
Pt Greentex;0;pt greentex;;;;;;;
bandar weton88 auto ; sultan gacur;1;bandar weton88 auto sultan gacur;;;;;;
gini dong 1 minggu 2x hahaha;0;gin dong minggu 2x hahaha;;;;;;;
alexis'17 maen hoki;1;alexis maen hoki;;;;;;;
Lebih seru komen ya wkwk.;0;lebih seru komen wkwk;;;;;;;
15:35 ada yg nyasar tuh😂;0;yg nyasar tuh joy;;;;;;;
Gue sih udah buktiin sendiri kekuatan ALEXIS⭐17⭐.;1;gue sih udah buktiin sendiri kuat alexis star star;;;;;;;
Mobilnya Gus iqdam;0;mobil gus iqdam;;;;;;;
Believe me no one pay me;0;believe me no one pay me;;;;;;;
keuntungan 𝐷𝘌𝙒𝘈𝘿𝐎r𝐴 mendukung membeli rumah mudah .;1;untung dewadora dukung beli rumah mudah;;;;;;;
9:42 gass;full spek biar lama durasi ny;0;gass full spek biar lama durasi ny;;;;;;
Dapet notif skakmat ahok; auto klik 💪;0;dapet notif skakmat ahok auto klik muscle;;;;;;
Bang gamain diGA RU DA HO KI꧂;1;bang gamain diga ru da ho ki;;;;;;;
busett cerahh banget 𝗪𝗘𝗧𝗢𝗡𝟴𝟴 encess koinya ngasih mulu;1;busett cerahh banget weton88 encess koinya ngasih mulu;;;;;;;
rezeki disangka 𝘈hm𝐀d𝑇𝐎𝐓𝑂 !;1;rezeki sangka ahmadtoto;;;;;;;
WAJIB BELI SIIII ORIGINAL 🔥🔥;0;wajib beli siiii original fire fire;;;;;;;
BAUAHAHAHAH KALAHH MULU PANDJIIIIIII;;;;;;;;0;bauahahahah kalahh mulu pandjiiiiiii
Kayaknya kamu lebih cocok dipimpin Jokowi 😂😂😂 ​ @dawdadadadadad621 ;0;kayak kamu lebih cocok pimpin jokowi joy joy joy dawdadadadadad621;;;;;;;
temen abis cerita ̠ 𝑨𝑳𝑬𝑿𝑰𝑺17 gacor .;1;temen abis cerita alexis17 gacor;;;;;;;
​ @Sp12er ya lucu sih. Hp kek gitu buat game😂 padahal bukan hp gamers;0;sp12er lucu sih hp kek gitu buat game joy padahal bukan hp gamers;;;;;;;
Gue baru ngeh kalo P͎U͎L͎A͎U͎W͎I͎N͎ udah masuk semua media sosial.;1;gue baru ngeh kalo pulauwin udah masuk semua media sosial;;;;;;;
Raja Terakhir dalam dunia Politik... Selain Lord L;0;raja akhir dunia politik lord l;;;;;;;
Ternyata editan.. Belkote😂;0;nyata edit belkote joy;;;;;;;
Nungguin bini belanja lama bnget sampe bete; iseng iseng nyari WEB terus ketemu mandalika77 langsung spin kakek zeus; buset deh langsung dikasih Dapet jutaan.;1;nungguin bini belanja lama bnget sampe bete iseng iseng nyari web terus ketemu mandalika77 langsung spin kakek zeus buset deh langsung kasih dapet juta;;;;;
gue rela ninggalin bisnis fokus alexis17 .;1;gue rela ninggalin bisnis fokus alexis17;;;;;;;
 @AbdurRahman-d1v9e  emang udah ada sekenan nya bg di jatinegara ?;0;abdurrahman d1v9e emang udah ken nya bg jatinegara;;;;;;;
Gila sih; ⚡ALEXIS17⚡ emang beda kelas!;1;gila sih zap alexis17 zap emang beda kelas;;;;;;
sehari join alexis17 ; gue udah dapet cuan dp rumah !;1;hari join alexis17 gue udah dapet cuan dp rumah;;;;;;
Mau nanya nih netizen; huawei masih di ban ga sih sama google?;0;mau nanya nih netizen huawei ban ga sih sama google;;;;;;
 @mascar007  presiden kok malah minta solusi mikir dong wkwkwkwk;0;mascar 7 presiden kok malah minta solusi mikir dong wkwkwkwk;;;;;;;
​ @rusliofficiall96  huawei jangan bandingin sama samsung😂;0;rusliofficiall96 huawei jangan bandingin sama samsung joy;;;;;;;
wait and see ... semogaa...;0;wait and see semogaa;;;;;;;
busett cerahh banget 𝐒𝐆𝐈𝟖𝟖 encess koinya ngasih mulu;1;busett cerahh banget sgi88 encess koinya ngasih mulu;;;;;;;
10000% VOTE!!!;0;vote;;;;;;;
bro ; alexis17 ! tuh emang mantep banget ; gue udah buktiin;1;bro alexis17 tuh emang mantep banget gue udah buktiin;;;;;
Gue rela begadang sampe subuh demi ALEXIS⭐17⭐.;1;gue rela begadang sampe subuh alexis star star;;;;;;;
alexis17 ! bikin gue sultan sebulan ; modal 100rb;1;alexis17 bikin gue sultan bulan modal 1 rb;;;;;;
Gass bang modif motor;0;gass bang modif motor;;;;;;;
The best pejabat yg saya tau;0;the best jabat yg tau;;;;;;;
setuju bang modif motor🎉🎉🎉;0;tuju bang modif motor tada tada tada;;;;;;;
absen 𝑯𝑶𝑲𝑰777 aja ?;1;absen hoki777 aja;;;;;;;
Luar biasa kualitas Fufufafa ini 👏;0;luar biasa kualitas fufufafa clap;;;;;;;
Ya Allah blm lama beli pura dah ada lgi yg baru 🫠;0;allah blm lama beli pura dah lgi yg baru melting face;;;;;;;
​ @angeliart_ cie komentar dari papan klip;0;angeliart cie komentar papan klip;;;;;;;
​ @Lizzy_Osprey  ya begitulah... sampe males lihatnya 🙃🙃;0;lizzy osprey begitu sampe males lihat upside down upside down;;;;;;;
Anak Abah lgi gibah 😂;0;anak abah lgi gibah joy;;;;;;;
anjir semua komennya negatif;0;anjir semua komennya negatif;;;;;;;
sebulan main alexis17 ; gue udah liburan labuan bajo !;1;bulan main alexis17 gue udah libur labu bajo;;;;;;
𝗠 𝗜 𝗬 𝗔 𝟴 𝟴 kasih pengalaman main beda seru !;1;miya88 kasih alam main beda seru;;;;;;;
Bapak lo gacor wkakakakakakak;0;bapak lo gacor wkakakakakakak;;;;;;;
Pencitraan; ​ @pramtime .;0;citra pramtime;;;;;;
 @beingaamon bagus sampe skrg huawei p30 pro ga ada masalah;0;beingaamon bagus sampe skrg huawei p3 pro ga masalah;;;;;;;
alexis17 ! tuh emang bener-bener beda ; sistemnya fair;1;alexis17 tuh emang bener bener beda sistem fair;;;;;;
Pandji diomelin Ahok terus main caturnya 😂😂😂;0;pandji diomelin ahok terus main catur joy joy joy;;;;;;;
Kerenn bletak2 nya...😮😮;0;kerenn bletak2 nya open mouth open mouth;;;;;;;
cuy ; 𝘼𝙇𝙀𝙓𝙄𝙎17 bikin mood bagus ; anjay . pokoknya .;1;cuy alexis17 bikin mood bagus anjay pokok;;;;;
Kualitas layanan di ρułαü777 sangat baik.;1;kualitas layan rulau777 sangat baik;;;;;;;
wede gampang ; situsnya terpercaya banget;1;wede gampang situs percaya banget;;;;;;
bang panji undang KDM;0;bang panji undang kdm;;;;;;;
instant spin cuan 𝔹𝑶𝑾𝑶𝟕𝟕 subhanallah langsung;1;instant spin cuan bowo77 subhanallah langsung;;;;;;;
Keren banget bang 😂 ; Salam JePE ⭐𝐒𝐆𝐈𝟖𝟖;1;keren banget bang joy salam jepe star sgi88;;;;;;
3 jam gw nonton; makin gapaham gw ama jawabannya presiden prabowo;0;jam gw nonton makin gapaham gw ama jawab presiden prabowo;;;;;;
Keliatan kali baca text;0;liat kali baca text;;;;;;;
Gila bro emang keren ni jersey;0;gila bro emang keren ni jersey;;;;;;;
banggaaaa bangett gwee !!!!!;0;banggaaaa bangett gwee;;;;;;;
Rasanya percuma dibuat forum ini😅;0;rasa percuma buat forum sweat smile;;;;;;;
Grafiknya di M𝗮𝘯𝐝𝗮𝑙𝗶𝒌𝐚𝟟𝟳 2:10 keren abis! Gameplaynya juga seru!;1;grafik mandalika77 keren abis gameplaynya seru;;;;;;;
Semangat Bosqu ; Terbaik ⭐𝗪𝗘𝗧𝗢𝗡𝟴𝟴;1;semangat bosqu baik star weton88;;;;;;
@ oh iya ketinggalan;0;iya tinggal;;;;;;;
Iphone mana bisa buat Hp lipat 3 seperti Huawei;0;iphone mana buat hp lipat huawei;;;;;;;
bro tau ga alexis17 ! udah support e-wallet proses kilat;1;bro tau ga alexis17 udah support e wallet proses kilat;;;;;;;
kerennn contentnya bang ; cari situs 𝗪𝗘𝗧𝗢𝗡𝟴𝟴;1;kerennn contentnya bang cari situs weton88;;;;;;
Tahun ini privater ya bang? Ga di rekrut tim² pihak lain;0;tahun privater bang ga rekrut tim2 pihak;;;;;;;
Ganas semua slt di mandalika77 modal kecil bisa narik sejuta om;1;ganas semua slt mandalika77 modal kecil narik juta om;;;;;;;
05:35 M A N D A L I K A 7 7 tempat ngadu nasib wkwkw;1;mandalika77 tempat ngadu nasib wkwkw;;;;;;;
Gak perlu skill coding buat sukses di ALEXIS⭐17⭐.;1;gak perlu skill coding buat sukses alexis star star;;;;;;;
Semoga Bayu Murti lambonya di pasang body kit sama team Garasi Drift;0;moga bayu murti lambo pasang body kit sama team garasi drift;;;;;;;
​ @trisigit pembantunya; lagi nyetir malah main hp;0;trisigit bantu nyetir malah main hp;;;;;;
ganas slt λ l e x i s 1 7 ; modal narik sejuta om;1;ganas slt llexis17 modal narik juta om;;;;;;
9:11 bang jam segitu menang w 𝐒𝐆𝐈𝟖𝟖;1;bang jam segitu menang w sgi88;;;;;;;
Masalah praktek nya kan ada stap khusus;0;masalah praktek nya kan stap khusus;;;;;;;
Ownernya Nongol nih 😅😮;0;ownernya nongol nih sweat smile open mouth;;;;;;;
MAXWIN BERULANG,1,maxwin ulang;;;;;;;;;
180sx kapan lanjut oiii;0;18 sx kapan lanjut oiii;;;;;;;
ꗥ𝙈𝘼𝙉𝙐𝙏88ꗥ memberikan pengalaman bermain yg asik;1;hemanut88he beri alam main yg asik;;;;;;;
​ @storia9126  dah gitu ngomong nya sambil liat promter lagi😂😂;0;storia9126 dah gitu ngomong nya liat promter joy joy;;;;;;;
 @mascar007  guoobbblllllooo....;0;mascar 7 guoobbblllllooo;;;;;;;
Ford ga buka booth ya? Sayang banget;0;ford ga buka booth sayang banget;;;;;;;
gue sih ga nyesel gabung alexis17 ! ; nyesel telat gabung;1;gue sih ga nyesel gabung alexis17 nyesel telat gabung;;;;;;
modal receh wd jutaan ; gg;1;modal receh wd juta gg;;;;;;
alexis17 ; emang ga duanya ; pelayanan vip member;1;alexis17 emang ga dua layan vip member;;;;;
​ @sandymartono7029 Lu gatau apa kemampuan presiden dalam memahami konteks blik😂;0;sandymartono7 29 lu gatau apa mampu presiden paham konteks blik joy;;;;;;;
dicecar sama mba nana; go;0;cecar sama mba nana go;;;;;;
🆄🅻🆄777 fitur keren;1;ulu777 fitur keren;;;;;;;
keren ! meraih kemenangan di𝐏 𝐋 𝐔 𝐓 𝐎 𝟖 𝟖 langsung berlibur negeri !;1;keren raih menang dip luto88 langsung libur negeri;;;;;;;
 @Dilann9  loh bukannya kata anda daerah pedalaman sudah ada;0;dilann9 loh bukan kata daerah dalam;;;;;;;
kwkwkwkw horang kayya🎉🎉🎉😅;0;kwkwkwkw horang kayya tada tada tada sweat smile;;;;;;;
ALEXIS-17☯ tuh emang paling ngerti kebutuhan membernya;1;alexis yin tuh emang paling ngerti butuh membernya;;;;;;;
Preeettt !!!;0;preeettt;;;;;;;
Selamat bang;0;selamat bang;;;;;;;
Konten Toyota chaser kapan bang?;0;konten toyota chaser kapan bang;;;;;;;
Jurnalisnya terpaksa sabar;0;jurnalis paksa sabar;;;;;;;
ngeriiii langsung beli gk tuh;0;ngeriiii langsung beli gk tuh;;;;;;;
gak pusing mikirin kalo udah join alexis17 .;1;gak pusing mikirin kalo udah join alexis17;;;;;;;
P͎U͎L͎A͎U͎W͎I͎N͎ tuh kayak udah jadi lifestyle baru ya?;1;pulauwin tuh kayak udah jadi lifestyle baru;;;;;;;
gokilll mantul kali mandalika77 makasih info gacirny kakak;1;gokilll mantul kali mandalika77 makasih info gacirny kakak;;;;;;;
notif langsung nonton habis jepe 𝐒 𝙂ｉ𝟖 𝟖;1;notif langsung nonton habis jepe s gi8;;;;;;;
𝐷e𝘞𝘈d𝑂ramenawarkan mudah terhubung orang .;1;dewadoramenawarkan mudah hubung orang;;;;;;;
anak abah kebakaran jenggot bahwa prabowo akan di pilih lagii;0;anak abah bakar jenggot prabowo pilih lagi;;;;;;;
alexis17 ! tuh emang ngerti kebutuhan membernya ; kasih hadiah;1;alexis17 tuh emang ngerti butuh membernya kasih hadiah;;;;;;
skketer 𝘼𝙇𝙀𝙓𝙄𝙎17 gokil gokil sih .;1;skketer alexis17 gokil gokil sih;;;;;;;
ahok g bs maju jd capres ato cawapres krn sdh pernah dipenjara;0;ahok g bs maju jd capres ato cawapres krn sdh pernah penjara;;;;;;;
Bagus mobilnya;0;bagus mobil;;;;;;;
corsstrek nya manaaaaa;0;corsstrek nya manaaaaa;;;;;;;
pengen upgrade hidup ? step : pu lau tujuh tujuh tujuh .;1;ken upgrade hidup step pu lau tujuh tujuh tujuh;;;;;;;
MANTAAAAAAAAAAAF;0;mantaaaaaaaaaaaf;;;;;;;
gak pinter ; paham pu lau tujuh tujuh tujuh .;1;gak pinter paham pu lau tujuh tujuh tujuh;;;;;;
orang bilang alexis17 tuh bener-bener terpercaya .;1;orang bilang alexis17 tuh bener bener percaya;;;;;;;
Selamat mas dipo atas kerja kerasnya;tim nonton doang;komen kagak!! ☝️;0;selamat mas dipo atas kerja keras tim nonton doang komen kagak point up;;;;;
🚩𝐒𝐆𝐈𝟖𝟖 saya maen santai aja; tetep bisa WEDEY jutaan;1;triangular flag on post sgi88 maen santai aja tetep wedey juta;;;;;;
Presiden ngmginya kaga ada yg penting 😅;0;presiden ngmginya kaga yg penting sweat smile;;;;;;;
gabisa dua duanya pernah jd gubernur jd gabisa salah satu jadi wakil;0;gabisa dua pernah jd gubernur jd gabisa salah satu jadi wakil;;;;;;;
hasil bohong . buktinya . 𝗣 𝗟 𝗨 𝗧 𝗢 𝟴 𝟴 terbaik;1;hasil bohong bukti pluto88 baik;;;;;;;
coba nonton kontennya mas ferry irwandi mas😅🙏;0;coba nonton konten mas ferry irwandi mas sweat smile pray;;;;;;;
temen gue bilang alexis17 tuh bikin nagih parah !;1;temen gue bilang alexis17 tuh bikin nagih parah;;;;;;;
Gasss Xmax nya hedonin😅;0;gasss xmax nya hedonin sweat smile;;;;;;;
GAS MAS ZIKO MODIFIKASI MOTOR XMAX NYA💯👌🔥;0;gas mas ziko modifikasi motor xmax nya hand fire;;;;;;;
Di SD anak ku yg ke tiga gak ada tuh MBG 😂;0;sd anak ku yg tiga gak tuh mbg joy;;;;;;;
ingat tujuan hidup●𝗠𝗮𝗻𝘂𝘁𝟴𝟴●yang menjadi penawarnya;1;ingat tuju hidup manut88 jadi tawar;;;;;;;
rezeki gak putusnya makasi alexis17;1;rezeki gak putus makas alexis17;;;;;;;
modal receh ; gacor banget sampe makswin;1;modal receh gacor banget sampe makswin;;;;;;
dapet jakpot 10 juta ; lgsng cair;1;dapet jakpot juta lgsng cair;;;;;;
Musuh menemukan saya 😂😂;0;musuh temu joy joy;;;;;;;
seminggu join alexis17 ; gue udah beliin ortu smartphone !;1;minggu join alexis17 gue udah beliin ortu smartphone;;;;;;
Mending nonton bapau; Taulany tv sama Rans daripada ini😂😅;0;mending nonton bapau taulany tv sama rans joy sweat smile;;;;;;
Saya gak pernah bosen main di Ｐｕｌａｕ７７７;1;gak pernah bosen main pulau777;;;;;;;
10:12 ✩░▒▓▆▅▃▂▁𝐌𝐀𝐍𝐃𝐀𝐋𝐈𝐊𝐀𝟕𝟕▁▂▃▅▆▓▒░✩  emang juara; rezeki gak ada abisnya!;1;mandalika77 emang juara rezeki gak abis;;;;;;
Enak ya punya orang tua kaya raya;0;enak punya orang tua kaya raya;;;;;;;
maen lgsng jepek ; modal aja;1;maen lgsng jepek modal aja;;;;;;
Lanjut bang mecah narasi orang😂​ @MuhammadMudayin ;0;lanjut bang mecah narasi orang joy muhammadmudayin;;;;;;;
main 10x spin ; dapet jp ! cinta banget 𝗣 𝗟 𝗨 𝗧 𝗢 𝟴 𝟴;1;main 1 x spin dapet jp cinta banget pluto88;;;;;;
Coba ada nyicil 1rb selamanya ni hp😅;0;coba nyicil 1rb lama ni hp sweat smile;;;;;;;
Emang gak ada yang se-terpercaya ALEXIS⭐17⭐ sih.;1;emang gak se percaya alexis star star sih;;;;;;;
Berati yang gua komen di IG lu bener kan..lu pakai ordal....😂😂😂😂😂😂😂;0;berat gua komen ig lu bener kan lu pakai ordal joy joy joy joy joy joy joy;;;;;;;
disuruh nanya AI sih 😂;0;suruh nanya ai sih joy;;;;;;;
Review byd yangwang om;0;review byd yangwang om;;;;;;;
Baru seminggu join ALEXIS⭐17⭐; gue udah bisa beliin ortu kompor gas baru!;1;baru minggu join alexis star star gue udah beliin ortu kompor gas baru;;;;;;
rezeki melimpah 𝑺𝑼𝑯𝑼𝟑𝟐𝟖 ; makasih !;1;rezeki limpah suhu328 makasih;;;;;;
temen gue bilang alexis17 tuh bikin nagih !;1;temen gue bilang alexis17 tuh bikin nagih;;;;;;;
Saya suka semua aspek dari pulⱥü777; mulai dari layanan hingga kecepatan.;1;suka semua aspek pulau777 mulai layan hingga cepat;;;;;;
Prosesnya sangat mudah diikuti; terima kasih kepada pulαυ777.;1;proses sangat mudah ikut terima kasih pulay777;;;;;;
Gokil; kereeenn broo.;0;gokil kereeenn broo;;;;;;
jelek design nya;0;jelek design nya;;;;;;;
rally 80 % - drift 20 %;0;rally drift;;;;;;;
Nonton full kaga nyinyir iya;0;nonton full kaga nyinyir iya;;;;;;;
THE GOATTT 🐐;0;the goattt goat;;;;;;;
M𝗮𝘯𝐝𝗮𝑙𝗶𝒌𝐚𝟟𝟳 jekpot terus-terusan; beneran beda tempat ini;1;mandalika77 jekpot terus terus beneran beda tempat;;;;;;
emang gak se-hits alexis17 sih .;1;emang gak se hits alexis17 sih;;;;;;;
Rezeki dari АG𝙐𝑆𝐓𝑂𝐓Obikin hariku lebih bermakna; terima kasih!;1;rezeki agustotobikin hari lebih makna terima kasih;;;;;;
- ketemu - = +;0;ketemu;;;;;;;
Love you Mba Uni Lubis 🩵🩵🩵;0;love you mba uni lubis light blue heart light blue heart light blue heart;;;;;;;
MInimal byar bang kalo komen Judi pul au 7 7 7 kismin;1;minimal byar bang kalo komen judi pul au kismin;;;;;;;
T4i komen gw di apus ; ini pasti ulah antek2 kalian;0;t4i komen gw apus ulah antek2 kalian;;;;;;
alexis17 ! tuh emang bener-bener ngasih peluang orang milyarder;1;alexis17 tuh emang bener bener ngasih peluang orang milyarder;;;;;;;
nunggu ulasan crostrek yg kemarin crash;0;nunggu ulas crostrek yg kemarin crash;;;;;;;
Gw langsung gas otw beli es teh manis cup harga 3k 😂😂😂;0;gw langsung gas otw beli es teh manis cup harga 3k joy joy joy;;;;;;;
bang body kasar kasih warna keren tuu;0;bang body kasar kasih warna keren tuu;;;;;;;
gak skill khusus sukses alexis17 .;1;gak skill khusus sukses alexis17;;;;;;;
emang gak se-legit alexis17 sih .;1;emang gak se legit alexis17 sih;;;;;;;
Wow unexpected guest;0;wow unexpected guest;;;;;;;
Konten motor mio bang zikoo🎉🎉🎉🎉🎉;0;konten motor mio bang zikoo tada tada tada tada tada;;;;;;;
 @aldibayuoka4265  gw gak ada nyinggung obel nya ;;;;;;;;;
iya benar; jangan2 jawabannya lebih hebat;;;;;;;;
 @prasetya.15  iya iya sipaling kocak;0;prasetya iya iya sipaling kocak;;;;;;;
Apakah ada andil pemerintah di film animasi Jumbo ?;0;andil perintah film animasi jumbo;;;;;;;
seminggu main alexis17 ; gue udah ganti elektronik rumah !;1;minggu main alexis17 gue udah ganti elektronik rumah;;;;;;
fix ! 𝐌𝐢𝐘𝐚𝟖𝟖 trending banget ; comment-nya merajalela !;1;fix miya88 trending banget comment nya rajalela;;;;;;
Mari kirim uang ke china;0;kirim uang china;;;;;;;
Ziko jadi anak motor 9:40;0;ziko jadi anak motor;;;;;;;
Laptop tecno k16s bangg;0;laptop tecno k16s bangg;;;;;;;
Modal kecil wede besar; gacir abis;1;modal kecil wede besar gacir abis;;;;;;
urusan petir ? ̠ 𝓐𝓛𝓔𝓧𝓘𝓢17 jagonya .;1;urus petir alexis17 jago;;;;;;;
REALME 14 PRO Kapan Bang;0;realme pro kapan bang;;;;;;;
Kameranya nggak ngotak;0;kamera ngotak;;;;;;;
Generasi pesimis;0;generasi pesimis;;;;;;;
30:04 wajib review di garasi drift iniiiii;0;wajib review garasi drift iniiiii;;;;;;;
baru ini presiden yg mau terbuka dan mejelaskan...;0;baru presiden yg mau buka mejelaskan;;;;;;;
cobain aja ; hasilnya bikin seneng;1;cobain aja hasil bikin neng;;;;;;
Bang kapan crosstrek jadi bang;0;bang kapan crosstrek jadi bang;;;;;;;
Oke Mbaik.Jos Sangat;0;oke mbaik jos sangat;;;;;;;
thanks gpt;0;thanks gpt;;;;;;;
busett cerahh banget 𝐒𝐆𝐈𝟖𝟖 encess koinya ngasih mulu;1;busett cerahh banget sgi88 encess koinya ngasih mulu;;;;;;;
Ngelantur cok;0;ngelantur cok;;;;;;;
orang bilang alexis17 tuh bener-bener ngubah nasib .;1;orang bilang alexis17 tuh bener bener ngubah nasib;;;;;;;
betapa bahagia nya mas dipo wkwk ;;;;;;;;;
02:00 Ｐｕｌａｕ７７７ gampang banget buat dicoba;1;pulau777 gampang banget buat coba;;;;;;;
gimana fufufafa pak; sdh ditangkap belum?;0;gimana fufufafa pak sdh tangkap;;;;;;
50jt yakin;0;5 jt yakin;;;;;;;
maen swert bonanja ; sketer terus-terusan;1;maen swert bonanja sketer terus terus;;;;;;
Main di 𝘋𝐄𝘞𝐀𝐃O𝐑𝘈; maxwin tiap hari!;1;main dewadora maxwin tiap hari;;;;;;
Yang di tunggu tunggu salam Jepe 𝐒𝐆𝐈𝟖𝟖;1;tunggu tunggu salam jepe sgi88;;;;;;;
sebulan gabung alexis17 ; gue udah dp rumah !;1;bulan gabung alexis17 gue udah dp rumah;;;;;;
seminggu main alexis17 ; gue udah bayar spp anak setahun !;1;minggu main alexis17 gue udah bayar spp anak tahun;;;;;;
gue sih ga nyesel gabung alexis17 ; ; nyesel tau;1;gue sih ga nyesel gabung alexis17 nyesel tau;;;;;
sebulan main alexis17 ; gue udah beli furniture !;1;bulan main alexis17 gue udah beli furniture;;;;;;
Beli buat jual ginjal;0;beli buat jual ginjal;;;;;;;
Penasaran kira2 jumlah dislike nya brpa ya;0;penasaran kira2 jumlah dislike nya brpa;;;;;;;
Gas bang modif xmax;0;gas bang modif xmax;;;;;;;
spi-n pecah mulu 𝘼𝙇𝙀𝙓𝙄𝙎17;1;spi n pecah mulu alexis17;;;;;;;
Loyo amat... Ngopi dulu mas;0;loyo ngopi dulu mas;;;;;;;
sketer ; jepek;1;sketer jepek;;;;;;
Bang review hp satu jutaan lagi dong;0;bang review hp satu juta dong;;;;;;;
Real semua yg bertentangan dengan pemerintah di lawan ya;semangat2​ @mascar007 ;0;real semua yg tentang perintah lawan semangat2 mascar 7;;;;;;
D𝑂𝑅𝐴𝟩𝟽 aku jadi lebih semangat maen gara-gara tempat ini;1;dora77 aku jadi lebih semangat maen gara gara tempat;;;;;;;
temen gue negeri aja tau ｐｕｌａｕｗｉｎ ; gokil !;1;temen gue negeri aja tau pulauwin gokil;;;;;;
cepat sekali wede kilat di ✦𝗠𝗮𝗻𝘂𝘁𝟴𝟴✦;1;cepat sekali wede kilat manut88;;;;;;;
situs fairplay ! d𝐎𝑅a 𝟩𝟽 bikin main asik !;1;situs fairplay dora bikin main asik;;;;;;;
Ndasmuuu omon²;0;ndasmuuu omon2;;;;;;;
Makasih banyak А𝐺𝑈𝑆𝘛О𝘛О; hari ini benar-benar gacir banget!;1;makasih banyak agustoto hari benar benar gacir banget;;;;;;
@Manusia_Biasa_D  bener nih. Padahal yang @JokoJMC sebut salah . Tapi pada jd top komen wkwkwkwk;0;manusia biasa d bener nih padahal jokojmc sebut salah jd top komen wkwkwkwk;;;;;;;
Kaya karakter Soekarno Hatta ga sih;0;kaya karakter soekarno hatta ga sih;;;;;;;
menang terus-menerus berkat bantuan pawpaw4d ; keberuntungan !;1;menang terus terus berkat bantu pawpaw4d untung;;;;;;
Wajib coba! Gak bisa move on dari serunya 🔥⚡ALEXIS17⚡?🔥;1;wajib coba gak move on seru fire zap alexis17 zap fire;;;;;;;
gue udah ga bayangin hidup alexis 17 sih;1;gue udah ga bayangin hidup alexis sih;;;;;;;
Bismillah;;;Semoga kita semua bisa kebeli tahun depan; Aamiinn;0;bismillah moga semua kebel tahun depan aamiinn;;;
seminggu join alexis17 ; gue udah beliin ortu tv !;1;minggu join alexis17 gue udah beliin ortu tv;;;;;;
Aduhh; sayang sekali mobil baru hancur;0;aduhh sayang sekali mobil baru hancur;;;;;;
maen ; lgsng makswin ; gg banget;1;maen lgsng makswin gg banget;;;;;
Om Mobi kok tumben gak ganjen om;; 😂;0;om mob kok tumben gak ganjen om joy;;;;;
GG;gak nyangka sebagus itu;0;gg gak nyangka bagus;;;;;;
sumpah ; mekswin brusan gates ; gacor parah;1;sumpah mekswin brusan gates gacor parah;;;;;
Design yang terbaru wajib dikoleksi nih ❤;0;design baru wajib koleksi nih heart;;;;;;;
​ @zamalhd3595  pdhl pak ahok gak ada berubah²...ahok tetep ahok yg gua kenal..;0;zamalhd3595 pdhl pak ahok gak berubah2 ahok tetep ahok yg gua kenal;;;;;;;
Kebayang kalo gua punya; takut salah lipat wkwk 😂;0;bayang kalo gua punya takut salah lipat wkwk joy;;;;;;
uda yappingnya?;0;uda yappingnya;;;;;;;
seru ; cuman jamin puas alexis17;1;seru cuman jamin puas alexis17;;;;;;
modal receh ; gacor banget sampe makswin;1;modal receh gacor banget sampe makswin;;;;;;
Itulah pentinganya punya rasa malu..;0;pentinganya punya rasa malu;;;;;;;
@aszlanslatan27  udh punya brp biji borr kalo itu mah;0;aszlanslatan27 udh punya brp biji borr kalo mah;;;;;;;
modal wede ; gacir abis;1;modal wede gacir abis;;;;;;
Sekilas mirip 😅Joshua kalau tua ya;0;kilas mirip sweat smile joshua kalau tua;;;;;;;
Ora ketolong kie tah; ngisin2i wong banyumas;0;ora tolong kie tah ngisin2i wong banyumas;;;;;;
swert bonanja gacir parah ; wajib coba sih;1;swert bonanja gacir parah wajib coba sih;;;;;;
Iya arogan banget.;0;iya arogan banget;;;;;;;
saran baik dari saya mundur aja bro gibran;0;saran baik mundur aja bro gibran;;;;;;;
sipaling mana2 cok alexis17 hduh;1;sipaling mana2 cok alexis17 hduh;;;;;;;
Ini ngereview atau ngeroasting brziko? 😂;0;ngereview ngeroasting brziko joy;;;;;;;
Tombol wawancara selanjutnya wakil presiden;0;tombol wawancara lanjut wakil presiden;;;;;;;
Naskahnya dibuat sama ai;0;naskah buat sama ai;;;;;;;
Bang chaser bang;0;bang chaser bang;;;;;;;
Nonton ini cuma buat disslike😂😂;0;nonton cuma buat disslike joy joy;;;;;;;
Kepada gojek semoga surgamu cuma makan... iklan mu sangat menganggu .;0;gojek moga surga cuma makan iklan mu sangat menganggu;;;;;;;
Apa ini presentasi mahasiswa ujian skripsi yang belum siap kah?;0;apa presentasi mahasiswa uji skripsi siap;;;;;;;
ＭΛＮDALIKΛ𝟟𝟟 gacor; menang trus! 4:34;1;mlndalikl77 gacor menang trus;;;;;;
Tantangan Indonesia adalah mendapatkan wapres mas gibran;0;tantang indonesia dapat wapres mas gibran;;;;;;;
eh tau ga sih alexis 17 bagi-bagi bonus gede nih member;1;eh tau ga sih alexis bonus gede nih member;;;;;;;
Ee; anuu... auah;0;ee anuu auah;;;;;;
gelokkkkkkkk🤩;0;gelokkkkkkkk star struck;;;;;;;
Oke bagus komennya; silahkan lanjut kehidupan sehari hari anda;0;oke bagus komennya silah lanjut hidup hari hari;;;;;;
KEREN BANGET;0;keren banget;;;;;;;
Intinya; bonus demografi😂;0;inti bonus demografi joy;;;;;;
gw demen gas 𝗪𝗘𝗧𝗢𝗡𝟴𝟴 wkwkwkww seru . sering2 sih mah;1;gw demen gas weton88 wkwkwkww seru sering2 sih mah;;;;;;;
Ini knp speed nya ga bisa di buat 2x lbih cepat ya? Apa saya yg katro;0;knp speed nya ga buat 2x lbih cepat apa yg katro;;;;;;;
rezeki 𝗦𝗚𝗜𝟴𝟴-bikin hariku bermakna ; terima kasih !;1;rezeki sgi88 bikin hari makna terima kasih;;;;;;
nungguin review mobilnya mas dipo yg crass di iven drift kmarin;0;nungguin review mobil mas dipo yg crass iven drift kmarin;;;;;;;
​ @AmalanMagnetRezeky y karna anak nya berbakat jadi di suport;0;amalanmagnetrezeky y karna anak nya bakat jadi suport;;;;;;;
emang gak se-gampang alexis17 kalo dapetin cuan .;1;emang gak se gampang alexis17 kalo dapetin cuan;;;;;;;
seminggu main alexis17 ; gue udah bayar biaya wisuda !;1;minggu main alexis17 gue udah bayar biaya wisuda;;;;;;
emang gak se-reliable alexis17 sih .;1;emang gak se reliable alexis17 sih;;;;;;;
Kena 3 langkah mat panji 🤣🤣🤣🤣;0;kena langkah mat panji rofl rofl rofl rofl;;;;;;;
Thanos tolong kami 😭;0;thanos sob;;;;;;;
Maksih bre;0;maksih bre;;;;;;;
Suruh i show speed nonton ini;0;suruh i show speed nonton;;;;;;;
Yaelah main catur aja ngamuk pak;0;yaelah main catur aja ngamuk pak;;;;;;;
 @farhanmfirdaus3779  makanan basi; banyak mbg gk jalan karna mandeg biaya; biaya disunat;0;farhanmfirdaus3779 makan basi banyak mbg gk jalan karna mandeg biaya biaya sunat;;;;;
intinya bermainlah dengan sabar jangan barbar; karena kemenenangan akan datang setelah sabar wkwk hiburan bukan di jadiin mata pencaharian; kalau gw main di M𝗮𝘯𝐝𝗮𝑙𝗶𝒌𝐚𝟟𝟳!;1;inti main sabar jangan barbar tenang datang sabar wkwk hibur bukan jadiin mata cahari kalau gw main mandalika77;;;;;
jawab nya pake CHATGPT 🤣;0;jawab nya pake chatgpt rofl;;;;;;;
𝐷оrа𝟩𝟳 sukses ; tukang sayur bos supermarket .;1;dora77 sukses tukang sayur bos supermarket;;;;;;
KAU DIAM!;0;kau diam;;;;;;;
cuan emg alexis17 modal 100k jd 4jt;1;cuan emg alexis17 modal 1 k jd 4jt;;;;;;;
gak ngabisin ; langsung gacir 𝐃𝙊𝑅𝐴𝟽𝟩 ! bener-bener rezeki !;1;gak ngabisin langsung gacir dora77 bener bener rezeki;;;;;;
modal tipis gucu​r​ kena jepe;1;modal tipis gucur kena jepe;;;;;;;
0:03 keren coba bang gas 𝗪𝗘𝗧𝗢𝗡𝟴𝟴;1;keren coba bang gas weton88;;;;;;;
Wah; masak ketagihan jb5 smpai jual yg ungaran😅 😊;0;wah masak tagih jb5 smpai jual yg ungar sweat smile blush;;;;;;
Gagah banget;0;gagah banget;;;;;;;
 @irwanchandra9156  sama jir; menghibur biar gak suntuk y bang hahaha;0;irwanchandra9156 sama jir hibur biar gak suntuk y bang hahaha;;;;;;
wah keren bang bisa ngundang  lord;0;wah keren bang ngundang lord;;;;;;;
ini yang d beli di vlog ny ishowspeed ya?;0;d beli vlog ny ishowspeed;;;;;;;
terakhir gw main🅱️UK𝐼𝑇 ８8𝟴  sih dikasih menang ya;1;akhir gw mainbukit sih kasih menang;;;;;;;
bisa kasih tau saya mana bagian terbuka dan menjelaskannya?;0;kasih tau mana bagi buka jelas;;;;;;;
Tarik semua hasil kemenangan 4:32 dari MANDALIKA-77-; saatnya mewujudkan impian! 😘 😗;1;tarik semua hasil menang mandalika saat wujud impi kissing heart kissing;;;;;;
𝘼𝙇𝙀𝙓𝙄𝙎17 tulus banget .;1;alexis17 tulus banget;;;;;;;
Dah abang wakili;0;dah abang wakil;;;;;;;
maen gacor abis;1;maen gacor abis;;;;;;;
pecah layar ̠𝘼𝙇𝙀𝙓𝙄𝙎17 ; gokil ! .;1;pecah layar alexis17 gokil;;;;;;
Samsung A26 Bang kapan di review;0;samsung a26 bang kapan review;;;;;;;
Dulu kan udh nomor 1 sebelum dijegal.😂;0;dulu kan udh nomor jegal joy;;;;;;;
storytelling pak ahok bikin mas panji nyaman dengerinnya..;0;storytelling pak ahok bikin mas panji nyaman dengerinnya;;;;;;;
gas bang bangun motor;0;gas bang bangun motor;;;;;;;
top up wd super cepat ; puas banget;1;top up wd super cepat puas banget;;;;;;
𝘈𝘎𝑈𝙎𝘛𝙊𝐓O tiap hari gacor terus; gk ngerti lagi;1;agustoto tiap hari gacor terus gk ngerti;;;;;;
kelassss pak ahok❤️🔥🔥🔥;0;kelassss pak ahok heart fire fire fire;;;;;;;
cuanan gak ribet—asal tempatnya pu lau tujuh tujuh tujuh .;1;cuanan gak ribet asal tempat pu lau tujuh tujuh tujuh;;;;;;;
up ; banget;0;up banget;;;;;;
seminggu join alexis17 ; gue udah beliin ortu tv !;1;minggu join alexis17 gue udah beliin ortu tv;;;;;;
Mas anisss mas anissss;0;mas anisss mas anissss;;;;;;;
Thanks broo;0;thanks broo;;;;;;;
50 jutaan aja; murah rah ya??????? 😂😂😂😂😂;0;juta aja murah rah joy joy joy joy joy;;;;;;
"judul yg tepat ""PPOO""";0;judul yg tepat ppoo;;;;;;;
tetep pemakaian lama ke hp hp lipet sebelum nya kena lcd :v;0;tetep pakai lama hp hp lipet nya kena lcd v;;;;;;;
Masih ngantuk ngajak jurnalis bikin podcast😂;0;ngantuk ngajak jurnalis bikin podcast joy;;;;;;;
dari dikasih pola maxwin dapat merasakan maxwin pula disitus mandalika77 memang mantapp gacir banget;1;kasih pola maxwin rasa maxwin situs mandalika77 memang mantapp gacir banget;;;;;;;
Pak anis malu nonton ini;0;pak anis malu nonton;;;;;;;
Absen buat dislike doang;0;absen buat dislike doang;;;;;;;
bokek ? langsung aja main alexis17 .;1;bokek langsung aja main alexis17;;;;;;;
 @alyssabrayden2099  Hampir semua;0;alyssabrayden2 99 hampir semua;;;;;;;
cair kakak mantap banget cuan 𝐒𝐆𝐈𝟖𝟖;1;cair kakak mantap banget cuan sgi88;;;;;;;
Karna bukan mobil nya GD;0;karna bukan mobil nya gd;;;;;;;
punya saham mana mungkin keluar autonetmagz;0;punya saham mana mungkin keluar autonetmagz;;;;;;;
Mas gibran sekolahnya lulusan apa?;0;mas gibran sekolah lulus apa;;;;;;;
velg luxury g belang bang selaras ituu muternya sama;0;velg luxury g belang bang selaras ituu muternya sama;;;;;;;
bilang ; 𝘼𝙇𝙀𝙓𝙄𝙎17 top markotop !;1;bilang alexis17 top markotop;;;;;;
gue rela ninggalin nonton drakor fokus alexis17 .;1;gue rela ninggalin nonton drakor fokus alexis17;;;;;;;
tau duit kenal alexis17 .;1;tau duit kenal alexis17;;;;;;;
Pertama komen bang dapet apa wkwk;0;pertama komen bang dapet apa wkwk;;;;;;;
Lha 58 % itu cuma tamat  SD SMP...mereka hanya tahu bansos BLT 😂;0;lha cuma tamat sd smp tahu bansos blt joy;;;;;;;
Bikin RoadTrip om bertiga pake ini mobil secepatnya;0;bikin roadtrip om tiga pake mobil cepat;;;;;;;
orang bilang alexis17 tuh bener-bener ngubah financial .;1;orang bilang alexis17 tuh bener bener ngubah financial;;;;;;;
alexis'17 gampang banget dapet hasil gede ; gk ribet;1;alexis gampang banget dapet hasil gede gk ribet;;;;;;
Keputusan tepat kemaren pilpres ga milih prabowo..joget aja pak💃;0;putus tepat kemaren pilpres ga milih prabowo joget aja pak dancer;;;;;;;
gass 𝘼𝙇𝙀𝙓𝙄𝙎17 .;1;gass alexis17;;;;;;;
Jokowi juga punya jasah. tinggal hutang indonesia;0;jokowi punya jasah tinggal hutang indonesia;;;;;;;
10:12 ─═𝗕𝗘𝗥𝗞𝗔𝗛𝟵𝟵 ═─ emang paling juara nya sih;1;berkah99 emang paling juara nya sih;;;;;;;
Sering buka tutup lipetan ntar nongol garis ijo gak bang?;0;sering buka tutup lipetan ntar nongol garis ijo gak bang;;;;;;;
GACOORRRR WKWKWK 😂😂😂;0;gacoorrrr wkwkwk joy joy joy;;;;;;;
 @croxell00  Yang jelas selain 02;0;croxell jelas;;;;;;;
Belum bisa kebeli. Kalau kebelipun gk kepake bg 🗿🗿;0;kebel kalau kebel gk kepake bg moyai moyai;;;;;;;
Baru tau gua 😁;0;baru tau gua grin;;;;;;;
a.l.e.x.i.s.1.7 tuh emang bener-bener ngubah hidup gue ; susah makmur;1;a l e x i s tuh emang bener bener ngubah hidup gue susah makmur;;;;;;
 @HENDIWIJAY4  tonton di channelnya ada kok wkwk;0;hendiwijay4 tonton channelnya kok wkwk;;;;;;;
pas lagi rungkad-rungkad nya di saranin main sama temen di mandalika77 ternyata malah di kasih gacir;1;pas rungkad rungkad nya saranin main sama temen mandalika77 nyata malah kasih gacir;;;;;;;
Lebih baik nonton Pada Zaman dahulu 😭;;0;lebih baik nonton zaman sob;;;;;;
macan itu bang;0;macan bang;;;;;;;
gw beli redmi note 5 pro aja udah alhamdulillah banget 😂;0;gw beli redmi note pro aja udah alhamdulillah banget joy;;;;;;;
Udah nyicil; baru kekumpul 25rb kurang dikit lagi;0;udah nyicil baru kumpul 25rb kurang dikit;;;;;;
wede malam ; makswin starlight;1;wede malam makswin starlight;;;;;;
"Bang bikin konten barisin semua dong mobil"" yg ada d gd nya .";0;bang bikin konten barisin semua dong mobil yg d gd nya;;;;;;;
sebulan main alexis17 ; gue udah liburan australia !;1;bulan main alexis17 gue udah libur australia;;;;;;
terimakasih... saya sudah dislike😊;0;terimakasih dislike blush;;;;;;;
dapet jakpot 10 juta ; lgsng cair;1;dapet jakpot juta lgsng cair;;;;;;
Modifikasi motor drag;0;modifikasi motor drag;;;;;;;
1:16:45 samar2 denger ada yg istighfar; saking ngelanturnya doi (?);0;samar2 denger yg istighfar saking ngelanturnya doi;;;;;;
bro 𝘼𝙇𝙀𝙓𝙄𝙎17 turnamen gede nih ; hadiahnya bisnis franchise;1;bro alexis17 turnamen gede nih hadiah bisnis franchise;;;;;;
𝐃 𝘖 𝑅 𝐀 7 𝟽 emang gacir ; hoki;1;dora77 emang gacir hoki;;;;;;
Keren bang;0;keren bang;;;;;;;
gue nyari resep mie goreng ; iklan p͟͟u͟͟l͟͟a͟͟u͟͟w͟͟i͟͟n͟͟ .;1;gue nyari resep mie goreng iklan pulauwin;;;;;;
Langsung beli pertalite 2lt;0;langsung beli pertalite 2lt;;;;;;;
gue sih udah buktiin keajaiban alexis17 .;1;gue sih udah buktiin ajaib alexis17;;;;;;;
ZIKO MODIF AEROX 🤙🥶;0;ziko modif aerox call me cold face;;;;;;;
gachor gila; 𝘈𝙓𝐋𝟩𝟳𝟳 bikin jepe trs;1;gachor gila axl777 bikin jepe trs;;;;;;
gw sampe meledak nih alexis17 jd 45jt;1;gw sampe ledak nih alexis17 jd 45jt;;;;;;;
paling the best; one and only ─═𝗕𝗘𝗥𝗞𝗔𝗛𝟵𝟵═─;1;paling the best one and only berkah99;;;;;;
sedihkah ? cerita cs 𝘼𝙇𝙀𝙓𝙄𝙎17 wkwkwkw;1;sedih cerita cs alexis17 wkwkwkw;;;;;;;
"Jir lu ada di mana"" 🗿";0;jir lu mana moyai;;;;;;;
notif langsung nonton habis jepe 𝐒𝐆𝐈𝟖𝟖;1;notif langsung nonton habis jepe sgi88;;;;;;;
Aroma aroma akap sudah dekat;0;aroma aroma akap dekat;;;;;;;
Yuk ke iims;0;yuk iims;;;;;;;
Kasian lah orang2 yg mabok agama😂😂;0;kasi lah orang2 yg mabok agama joy joy;;;;;;;
LU JADI MODEL NYA ERSPO JUGA SABI KEK NYA BROKKK😂;0;lu jadi model nya erspo sabi kek nya brokkk joy;;;;;;;
orang trump menang pilpres ya;1;orang trump menang pilpres;;;;;;;
Muter muter muter;0;muter muter muter;;;;;;;
Astaghfirullah;0;astaghfirullah;;;;;;;
Apalagi dolar 17k + besok Selasa IHSG buka; jadi ngeri ni 😂;0;dolar 17k besok selasa ihsg buka jadi ngeri ni joy;;;;;;
Ini yg buat naskah AI ya?;0;yg buat naskah ai;;;;;;;
busett cerahh banget 𝗪𝗘𝗧𝗢𝗡𝟴𝟴 encess koinya ngasih mulu;1;busett cerahh banget weton88 encess koinya ngasih mulu;;;;;;;
Youtube an pake app apa bro ?;0;youtube an pake app apa bro;;;;;;;
makswin brusan starlight ; nggak nyangka;1;makswin brusan starlight nyangka;;;;;;
gue rela ninggalin bisnis fokus alexis17 .;1;gue rela ninggalin bisnis fokus alexis17;;;;;;;
ada apa dengan kiri belakang;0;apa kiri belakang;;;;;;;
jepe game ; sumpah hoki banget;1;jepe game sumpah hoki banget;;;;;;
03:55 ─═𝗕𝗘𝗥𝗞𝗔𝗛𝟵𝟵 ═─ emang juara ; rezeki gak abisnya !;1;berkah99 emang juara rezeki gak abis;;;;;;
Wehh set up remnya suicid* gitu; kukira inline 😢;0;wehh set up rem suicid gitu kira inline cry;;;;;;
Anjay keren; di 💞𝘼LEXIS-17💞 bisa main slot sambil nge-Daz 3D.;1;anjay keren revolving hearts alexis revolving hearts main slot nge daz 3d;;;;;;
Ishow speed nih pernah;0;ishow speed nih pernah;;;;;;;
Ilmunya bagaikan langit dan gorong;0;ilmu bagai langit gorong;;;;;;;
bonas bonus ntut;0;bonas bonus ntut;;;;;;;
ngopi bentar ; udah nyolek “ lo udah coba ｐｕｌａｕｗｉｎ ? ”;1;ngopi bentar udah nyolek lo udah coba pulauwin;;;;;;
ＭΛＮDALIKΛ𝟟𝟟 gachor parah; depo receh aja bisa mekswin berkali-kali;1;mlndalikl77 gachor parah depo receh aja mekswin kali kali;;;;;;
Gue rela ninggalin game lain demi fokus di ALEXIS⭐17⭐.;1;gue rela ninggalin game fokus alexis star star;;;;;;;
makasih bg;0;makasih bg;;;;;;;
gacur pol ; maen jepe;1;gacur pol maen jepe;;;;;;
kasian kak 😂;0;kasi kak joy;;;;;;;
terima kasi rezekinya 𝗪𝗘𝗧𝗢𝗡𝟴𝟴;1;terima kasi rezeki weton88;;;;;;;
Real pejabat yg dibenci rakyatnya;0;real jabat yg benci rakyat;;;;;;;
sangat lucu;0;sangat lucu;;;;;;;
Tumben gk ada para para.;0;tumben gk;;;;;;;
rezeki gak putusnya makasi alexis17;1;rezeki gak putus makas alexis17;;;;;;;
coba buy spin 20k maxwin kwkwkkw makasih weton88 nyata emng;1;coba buy spin 2 k maxwin kwkwkkw makasih weton88 nyata emng;;;;;;;
Kenapa gak live?;0;gak live;;;;;;;
Siapa yg bikin teks si gaben;0;siapa yg bikin teks si gaben;;;;;;;
P U L A U 7 7 7 gak pernah ngecewain; jepe gaspol bro!;1;pulau777 gak pernah ngecewain jepe gaspol bro;;;;;;
gachor mulu; ga pernah rugi di A 𝙀 𝙍 O 𝟴 𝟪;1;gachor mulu ga pernah rugi aero88;;;;;;
mantap ! bermain 𝐒𝐆𝐈𝟖𝟖 ; rezeki mengalir deras !;1;mantap main sgi88 rezeki alir deras;;;;;;
Tempo; media tertua di Ind tidak diundang? Kenapa ya;;;0;tempo media tua ind undang;;;;
Banjaran;Pt Greentex;0;banjaran pt greentex;;;;;;
crosstrex donk;0;crosstrex donk;;;;;;;
Cewek cewek gak suka liatnya. Gak ada logo buahnya. 😁;0;cewek cewek gak suka liat gak logo buah grin;;;;;;;
​ @Roxxtarr21  gak ada oposisi.. kan semua dukung pemsrintah; termasuk pdip;0;roxxtarr21 gak oposisi kan semua dukung pemsrintah masuk pdip;;;;;;
ku coba 𝐏 𝐋 𝐔 𝐓 𝐎 𝟖 𝟖 langsung senyum hahahah;1;ku coba pluto88 langsung senyum hahahah;;;;;;;
maen swert bonanja ; sketer terus-terusan;1;maen swert bonanja sketer terus terus;;;;;;
3:27 Kalo Mobil Favorit Gua Di The Elite AE86 LEVIN Convert Tadi 🎉🎉🎉;0;kalo mobil favorit gua the elite ae86 levin convert tadi tada tada tada;;;;;;;
Mengecewakan;0;kecewa;;;;;;;
gila ; dapet petir merah brusan gates;1;gila dapet petir merah brusan gates;;;;;;
 @siXtop-n1y  yg jelas ga milih ni org;0;sixtop n1y yg jelas ga milih ni org;;;;;;;
alexis17 tuh penuh kejutan ; udah coba ?;1;alexis17 tuh penuh kejut udah coba;;;;;;
Hp cepet rusak;0;hp cepet rusak;;;;;;;
sumbangan bikin jasa raharja menyala;0;sumbang bikin jasa raharja nyala;;;;;;;
coba ; lgsng makswin;1;coba lgsng makswin;;;;;;
Menit brp gan;0;menit brp gan;;;;;;;
coba 𝗪𝗘𝗧𝗢𝗡𝟴𝟴 ; gak ribet ! salam petir x 500;1;coba weton88 gak ribet salam petir x;;;;;;
 @dewipuspitasarip49puspita16  yelah mbak.. segitu aja udh pusing.. lawak;0;dewipuspitasarip49puspita16 yelah mbak segitu aja udh pusing lawak;;;;;;;
swert bonanja gacir parah ; wajib coba sih;1;swert bonanja gacir parah wajib coba sih;;;;;;
Worth it ga yah upgrade dari infinix smart 5 ke hp ini??;0;worth it ga yah upgrade infinix smart hp;;;;;;;
Mkasih sarannya😅😅😅;0;mkasih saran sweat smile sweat smile sweat smile;;;;;;;
emang gak se-terpercaya alexis17 sih .;1;emang gak se percaya alexis17 sih;;;;;;;
yg like cuma anak SD kelas 1;2; dan 3;0;yg like cuma anak sd kelas;;;;;
daftar ; maen sebentar ; lgsng jepe;1;daftar maen sebentar lgsng jepe;;;;;
Siapa yg memenjarakan Ahok dulu ?😂;0;siapa yg penjara ahok dulu joy;;;;;;;
sukaaa bangettt 𝗪𝗘𝗧𝗢𝗡𝟴𝟴;1;sukaaa bangettt weton88;;;;;;;
Padahal standart banget 4 langkah mati dia kaga tau wkwkwk;0;padahal standart banget langkah mati kaga tau wkwkwk;;;;;;;
Bang next coba garap mobil mesin rotary;0;bang next coba garap mobil mesin rotary;;;;;;;
​ @manonthemoon1204 uuuhh sakit banget😂;0;manonthemoon12 4 uuuhh sakit banget joy;;;;;;;
asli ganteng parah;0;asli ganteng parah;;;;;;;
gak pusing mikirin biaya nikah kalo udah join alexis17 .;1;gak pusing mikirin biaya nikah kalo udah join alexis17;;;;;;;
​ @fotodekacom sekelas presiden dibandingin sama kepala daerah. 😢😢😢;0;fotodekacom kelas presiden dibandingin sama kepala daerah cry cry cry;;;;;;;
Beberapa pengguna menemukan 𝘿O𝘙А𝟳7 sebagai alat yang berharga untuk berjejaring.;1;beberapa guna temu dora77 alat harga berjejaring;;;;;;;
yakin 60% bukan 6%? wkwk;0;yakin bukan wkwk;;;;;;;
11 out off 100;0;out off;;;;;;;
gua sih ga pernah ragu rekomendasiin ALEXIS-17☯ ke temen-temen gua;1;gua sih ga pernah ragu rekomendasiin alexis yin temen temen gua;;;;;;;
 @sobat.kuliner  oh iya ahok dan kang dedy mantep tuh;0;sobat kuliner iya ahok kang dedy mantep tuh;;;;;;;
Rezeki yang diberikan oleh  ʙ𝘜KꀤT 888 sungguh tiada tara nilainya; terima kasih ya Allah atas berkat-Mu!;1;rezeki beri bukbuopt sungguh tiada tara nilai terima kasih allah atas berkat mu;;;;;;
Cuma bikin org risih;0;cuma bikin org risih;;;;;;;
Mending ga usah di undang daripada kita yang malu😂😂;0;mending ga usah undang malu joy joy;;;;;;;
d о 𝘙 𝐴 𝟩 𝟩menawarkan pendekatan berbeda interaksi daring .;1;dora7 7menawarkan dekat beda interaksi daring;;;;;;;
Masih ad komen yg gk mendidik gini ​ @Andi.Maulana ;0;ad komen yg gk didik gin andi maulana;;;;;;;
rezeki 𝐷𝙀wa𝐷o𝙍𝘼 ; makasih keberuntungannya !;1;rezeki dewadora makasih untung;;;;;;
Ahok KDM masih realistis gak sih?;0;ahok kdm realistis gak sih;;;;;;;
Pasang dirumah gan;0;pasang rumah gan;;;;;;;
Tandem sama BRZIKO mantap nih;0;tandem sama brziko mantap nih;;;;;;;
Hahahahahaha;0;hahahahahaha;;;;;;;
​@MrSomyaputra bagaimana rasanya jadi mahluk hina;0;mrsomyaputra bagaimana rasa jadi mahluk hina;;;;;;;
18:29 Mbak irene; bang pandji minta tolong dimarahin ya;0;mbak irene bang pandji minta dimarahin;;;;;;
orang bilang alexis17 tuh bener-bener bikin nagih .;1;orang bilang alexis17 tuh bener bener bikin nagih;;;;;;;
modal 50k lgsng makswin ; gg parah;1;modal 5 k lgsng makswin gg parah;;;;;;
"Sesi ngalor ngidul yang sangat ""BERISI""";0;sesi ngalor ngidul sangat isi;;;;;;;
Ahh iya dmn tuh ?;;;;;;;;;
gak pendidikan menang alexis17 .;1;gak didik menang alexis17;;;;;;;
kan create engine ini langsung jadi;0;kan create engine langsung jadi;;;;;;;
Orang kantor aku semua udh join di ⭐𝘼𝙇𝙀𝙓𝙄𝙎17;1;orang kantor aku semua udh join star alexis17;;;;;;;
Kereeen bgt dipoo;0;kereeen bgt poo;;;;;;;
murah 50jt mah bapakku kerjanya di Kejagung sekali terima suap 1-2T;0;murah 5 jt mah bapak kerja jagung sekali terima suap 2t;;;;;;;
Semua masalah negeri ini penyebabnya karna tiktok sewaktu pemilu.;0;semua masalah negeri sebab karna tiktok waktu milu;;;;;;;
Ganti aja judulnya bukan menjawab tapi yapping;0;ganti aja judul bukan jawab yapping;;;;;;;
GOKILLLLL 🔥🔥🔥;0;gokilllll fire fire fire;;;;;;;
proses nya cpt bgt gile alexis17;1;proses nya cpt bgt gile alexis17;;;;;;;
ngelantur ngawur Dan berantakan gak jelas Dan gak bemutu;0;ngelantur ngawur beranta gak jelas gak bemutu;;;;;;;
@ iya iya pinter lo;0;iya iya pinter lo;;;;;;;
Air dan minyak ga bisa menyatu;0;air minyak ga satu;;;;;;;
Ｐｕｌａｕ７７７ gak ada duanya;1;pulau777 gak dua;;;;;;;
I Love Bule Ice 😊;;;;;;;;;
Wede brusan; sketer nggak berhenti muncul;1;wede brusan sketer henti muncul;;;;;;
Jangan asal ngomong;0;jangan asal ngomong;;;;;;;
Boleh jg konten motor... Gass;0;jg konten motor gass;;;;;;;
Ahok Presiden ; Anies Wakil.;0;ahok presiden anies wakil;;;;;;
Setuju modif motor;0;tuju modif motor;;;;;;;
Kesalahan dalam berfikir​ @izurzuhri ;0;salah berfikir izurzuhri;;;;;;;
Ganteng Lee;0;ganteng lee;;;;;;;
menang pawpaw4d ; prediksinya benar-benar mantap !;1;menang pawpaw4d prediksi benar benar mantap;;;;;;
16:34 basic cefiro bikinan Gundam garage;0;basic cefiro bikin gundam garage;;;;;;;
a.l.e.x.i.s.1.7 tuh emang bener-bener beda ; sistemnya adil;1;a l e x i s tuh emang bener bener beda sistem adil;;;;;;
Angka dislike hilang;malu ketahuan byk yg dislike😂;0;angka dislike hilang malu tahu byk yg dislike joy;;;;;;
sukaaa bangettt λ l e x i s 1 7 ;;1;sukaaa bangettt llexis17;;;;;;
Saya lebih worth it beli Jaecoo J7 daripada Innova Zenix;0;lebih worth it beli jaecoo j7 innova zenix;;;;;;;
semangat bang konten nya salam 𝐒𝐆𝐈𝟖𝟖 ! gampang jepe;1;semangat bang konten nya salam sgi88 gampang jepe;;;;;;;
Habis jadi langsung rusak pas race 😭😭😭;0;habis jadi langsung rusak pas race sob sob sob;;;;;;;
sejarah mulyono 😂;0;sejarah mulyono joy;;;;;;;
apa pun pertnnyaaan nya MBG jwbn nya😂;0;apa pertnnyaaan nya mbg jwbn nya joy;;;;;;;
Ciptakan kenangan 4:16 indah di ＭΛＮDALIKΛ𝟟𝟟;1;cipta kenang indah mlndalikl77;;;;;;;
Bismillah 🤲🏻🤲🏻🤲🏻;0;bismillah palms up together palms up together palms up together;;;;;;;
Bim gua mau dong bocoran baju marten paez;0;bim gua mau dong bocor baju marten paez;;;;;;;
gue sih udah buktiin kehebatan alexis17 .;1;gue sih udah buktiin hebat alexis17;;;;;;;
beli j2 prime gas aku;0;beli j2 prime gas aku;;;;;;;
Semua orang bilang ALEXIS⭐17⭐ tuh bener-bener bikin nagih.;1;semua orang bilang alexis star star tuh bener bener bikin nagih;;;;;;;
𝗪𝗘𝗧𝗢𝗡𝟴𝟴 bikin maxwin gampang;1;weton88 bikin maxwin gampang;;;;;;;
terima kasih min alexis 17 wede 8.000.000 masuk;1;terima kasih min alexis wede masuk;;;;;;;
Keren sih 𝐒𝐆𝐈𝟖𝟖; main bentar auto jepe.;1;keren sih sgi88 main bentar auto jepe;;;;;;
Menyesal karena telah menjadi salah satu pemilih nya 😭😭;0;sesal jadi salah satu pilih nya sob sob;;;;;;;
alexis'17 gua coba bentar ; saldo langsung 2x lipat;1;alexis gua coba bentar saldo langsung 2x lipat;;;;;;
Bang dah jumat nih;0;bang dah jumat nih;;;;;;;
Ternyata main di 𝐀G𝘜𝘚TO𝘛𝘖 bikin rezeki datang begitu saja; langsung gacir!;1;nyata main agustoto bikin rezeki datang langsung gacir;;;;;;
mobil nya ancur 🗿;0;mobil nya ancur moyai;;;;;;;
kalo alexis17 ; pusing ?;1;kalo alexis17 pusing;;;;;;
Rasakan semangat baru di 4:16 M𝗮𝘯𝐝𝗮𝑙𝗶𝒌𝐚𝟟𝟳;1;rasa semangat baru mandalika77;;;;;;;
16:22 pasti kijang LGX biru 2.0 AT yg katanya langka 😂😂;0;kijang lgx biru at yg kata langka joy joy;;;;;;;
jepe kali maen ; auto betah;1;jepe kali maen auto betah;;;;;;
kalo λ l e x i s 1 7 ; yg kasih duit;1;kalo llexis17 yg kasih duit;;;;;;
Cieee satu kubu sekarang. Dulu aja Hina Hina ahok;0;cieee satu kubu sekarang dulu aja hina hina ahok;;;;;;;
alexis'17 gua maen bentar aja ; lngsg wedey gede;1;alexis gua maen bentar aja lngsg wedey gede;;;;;;
Yemen ngak bisa kerja;0;yen ngak kerja;;;;;;;
19:30 Pulau 777 – Menang besar; hadiahnya luar biasa!;1;pulau menang besar hadiah luar biasa;;;;;;
incess skketernya mulu say 𝘼𝙇𝙀𝙓𝙄𝙎17 .;1;incess skketernya mulu say alexis17;;;;;;;
Maen pubg oke nih 🗿;0;maen pubg oke nih moyai;;;;;;;
emang gak se-transparan alexis17 deh .;1;emang gak se transparan alexis17 deh;;;;;;;
WKWKWKWKWKW;0;wkwkwkwkwkw;;;;;;;
Beda ideologi;0;beda ideologi;;;;;;;
Jakpot besar bikin aku makin percaya sama keberuntungan di MANDALIKA-77-!;1;jakpot besar bikin aku makin percaya sama untung mandalika;;;;;;;
real macan nih boss;0;real macan nih boss;;;;;;;
mana nih mandalika77 pantes bnyk yg promoin gila gampang jp nya;1;mana nih mandalika77 pantes bnyk yg promoin gila gampang jp nya;;;;;;;
gass bang bikin konten modif motor❤❤❤;0;gass bang bikin konten modif motor heart heart heart;;;;;;;
12.07 behh reza arap;1;behh reza arap;;;;;;;
50jutaan aja; cukup buat dp mobil..🗿;0;5 juta aja cukup buat dp mobil moyai;;;;;;
yaaaah fufufafa nongol 😅;0;yaaaah fufufafa nongol sweat smile;;;;;;;
TUNJUKAN ANDA MACAN HUTAN BUKAN MACAN SIRKUS😁😁😁;0;tunjuk macan hutan bukan macan sirkus grin grin grin;;;;;;;
Cortex gak d bahas ya;0;cortex gak d bahas;;;;;;;
alexis17 ; tuh emang bener-bener beda ; sistemnya adil;1;alexis17 tuh emang bener bener beda sistem adil;;;;;
𝘈𝘎𝑈𝙎𝘛𝙊𝐓O tiap main pasti ada aja jackpot; luar biasa;1;agustoto tiap main aja jackpot luar biasa;;;;;;
keren banget mandalika77 hampir tidak ada kerungkatan bro rasio kemenangannya tinggi banget gokil;1;keren banget mandalika77 hampir kerungkatan bro rasio menang tinggi banget gokil;;;;;;;
gue rela gak tidur ngikutin update terbaru alexis17 .;1;gue rela gak tidur ngikutin update baru alexis17;;;;;;;
ok min ; weton88;1;min weton88;;;;;;
ngurusnya gampang ? ? ? naaaahhhh silakan .... opini2;0;ngurusnya gampang naaaahhhh sila opini2;;;;;;;
main sebentar а𝘎𝙐𝙎𝐓ot𝑂 ; langsung hoki !;1;main sebentar agustoto langsung hoki;;;;;;
18:25 Gile transmisinya 🔥🔥🔥;0;gile transmisi fire fire fire;;;;;;;
Done dislike;0;done dislike;;;;;;;
dak nyangka dapet segini gampangnya;1;dak nyangka dapet gin gampang;;;;;;;
Lebih seru lagi kalo ada pak Wapres disebelah nya;0;lebih seru kalo pak wapres belah nya;;;;;;;
Jelajahi dunia D𝑂𝑅𝐴𝟩𝟽 dan lihat apa yang ditawarkannya.;1;jelajah dunia dora77 lihat apa tawar;;;;;;;
mulyono kedua;0;mulyono dua;;;;;;;
3 jam 26 menit ;;;;;;;;;
Kereeennn bgtt bang obell🎉;0;kereeennn bgtt bang obell tada;;;;;;;
​ @gamemodification  pakai boncengan seru juga;0;gamemodification pakai bonceng seru;;;;;;;
hasil gacir main d𝐄𝐖a𝘋𝐎𝙍а ; nggak mengecewakan !;1;hasil gacir main dewadora kecewa;;;;;;
 @DikaYH-px5wl  lebih ke org kaya gabut ga si;0;dikayh px5wl lebih org kaya gabut ga si;;;;;;;
Baru seminggu join ALEXIS⭐17⭐; gue udah bisa beliin ortu smartphone baru!;1;baru minggu join alexis star star gue udah beliin ortu smartphone baru;;;;;;
suara keramat 😂;0;suara keramat joy;;;;;;;
19:08 Knalpotnya Sampe Nembak Dah 🔥🔥🔥🔥💨💨💨;0;knalpot sampe nembak dah fire fire fire fire dash dash dash;;;;;;;
sukaaa bangettt 𝗪𝗘𝗧𝗢𝗡𝟴𝟴;1;sukaaa bangettt weton88;;;;;;;
banjir rejeki banget di✤𝐌𝐀𝐍𝐔𝐓𝟖𝟖✤;1;banjir rejeki banget manut88;;;;;;;
Jogetin aja udah dek pilihan jawir itu;0;jogetin aja udah dek pilih jawir;;;;;;;
thank you time stamp-nya ❤;0;thank you time stamp nya heart;;;;;;;
sebulan join alexis17 ; gue udah bantu ortu !;1;bulan join alexis17 gue udah bantu ortu;;;;;;
itu bu Valeria senyam-senyum karir (?);0;bu valeria senyam senyum karir;;;;;;;
Review Hiace premio Batak project;0;review hiace premio batak project;;;;;;;
gue rela begadang sampe pagi alexis17 .;1;gue rela begadang sampe pagi alexis17;;;;;;;
kalo alexis17 yg kasih duit;1;kalo alexis17 yg kasih duit;;;;;;;
pulang kantor kena scroll sosmed ; aja banget . alexis17 kena gak ya ?;1;pulang kantor kena scroll sosmed aja banget alexis17 kena gak;;;;;;
Kerennn polll;0;kerennn polll;;;;;;;
Gua aja 2 tahun pindah situs sama aja total kekalahan 80jt ; sejak coba mandalika77 perlahan balik lagi ini harta;1;gua aja tahun pindah situs sama aja total kalah 8 jt sejak coba mandalika77 perlahan balik harta;;;;;;
gua gak ngehh pak ahok;; gua gak ngeh pak ahok';0;gua gak ngehh pak ahok gua gak ngeh pak ahok;;;;;
Menunggu mobil farel mana nih;0;tunggu mobil farel mana nih;;;;;;;
Ini siapa yak yang diomongin?;0;siapa yak diomongin;;;;;;;
notif langsung nonton habis jepe 𝗦𝗚𝗜𝟴𝟴;1;notif langsung nonton habis jepe sgi88;;;;;;;
eh bro ; 𝘼𝙇𝙀𝙓𝙄𝙎17 event spesial nih ; hadiahnya liburan negeri;1;eh bro alexis17 event spesial nih hadiah libur negeri;;;;;
subaru cras;0;subaru cras;;;;;;;
Ihh sebel sama Pemred nya detik💀💀💀💀😨😰😱;0;ihh sebel sama pemred nya detik skull skull skull skull fearful cold sweat scream;;;;;;;
ahok ini tak kenal maka tak sayang;0;ahok tak kenal tak sayang;;;;;;;
M𝗮𝘯𝐝𝗮𝑙𝗶𝒌𝐚𝟟𝟳 hoki banget; main sedikit udah jepe;1;mandalika77 hoki banget main sedikit udah jepe;;;;;;
Fortuner cumi2 nya di lewatin dong 😂 15:36;0;fortuner cumi2 nya lewatin dong joy;;;;;;;
pagi-pagi udah senyum-senyum gara-gara semalem main 𝙋𝙐𝙇𝘼𝙐𝙒𝙄𝙉 .;1;pagi pagi udah senyum senyum gara gara semalem main pulauwin;;;;;;;
alexis17 ; udah denger bikin penasaran;1;alexis17 udah denger bikin penasaran;;;;;;
​ @anam1431  Kemakan vt kali bang;0;anam1431 makan vt kali bang;;;;;;;
kerenn bett asli;0;kerenn bett asli;;;;;;;
Sempet ga percaya; eh bener gua maxwin diGa ru da Ho-ki😎🔥;1;sempet ga percaya eh bener gua maxwin diga ru da ho ki sunglasses fire;;;;;;
ga ru da ho ki .. member jepe;1;ga ru da ho ki member jepe;;;;;;;
setuju bro gw jg main alexis17 gac0r;1;tuju bro gw jg main alexis17 gac r;;;;;;;
Cocok ni buat dogeng buat nidurin anak 😅😅😅;0;cocok ni buat dogeng buat nidurin anak sweat smile sweat smile sweat smile;;;;;;;
Yang di tunggu2;0;tunggu2;;;;;;;
Berani banget kamu bang. ❤;0;berani banget kamu bang heart;;;;;;;
wede 2 kali ; gacir bener sih;1;wede kali gacir bener sih;;;;;;
 @FellexandroRuby  masukin ke timestamp biar komen anda viral wkwk;0;fellexandroruby masukin timestamp biar komen viral wkwk;;;;;;;
Modal receh lgsng jepe brusan;1;modal receh lgsng jepe brusan;;;;;;;
gue udah buktiin alexis 17 tuh kaleng-kaleng;1;gue udah buktiin alexis tuh kaleng kaleng;;;;;;;
emang gak se-reliable alexis17 sih .;1;emang gak se reliable alexis17 sih;;;;;;;
kesempatan menang 𝐌𝐢𝐘𝐚𝟖𝟖 ! keseruannya bikin nagih !;1;sempat menang miya88 seru bikin nagih;;;;;;;
IPKnya ndlosor tapi omongannya selangit hadeuhhhh;0;ipknya ndlosor omong langit hadeuhhhh;;;;;;;
9:41 gasss mass zikooo kaya menjadi hall yang baruu dan seruu;0;gasss mass zikooo kaya jadi hall baruu seruu;;;;;;;
gaes ; ragu 𝘼𝙇𝙀𝙓𝙄𝙎17 ; eh taunya nagih .;1;gaes ragu alexis17 eh tau nagih;;;;;
rata kanan;0;rata kanan;;;;;;;
Anjay keren; di 💞𝘼LEXIS-17💞 bisa main SL🅞T sambil nge-SketchUp.;1;anjay keren revolving hearts alexis revolving hearts main slot nge sketchup;;;;;;
Kok malah bercanda :( serius lho ini :(;0;kok malah canda serius lho;;;;;;;
seminggu main alexis17 ; gue udah ganti laptop !;1;minggu main alexis17 gue udah ganti laptop;;;;;;
​ @dawdadadadadad621 karena yg milih tidak paham kak 😢;0;dawdadadadadad621 yg milih paham kak cry;;;;;;;
biar rame ; ramein cuan bareng pu lau tujuh tujuh tujuh .;1;biar rame ramein cuan bareng pu lau tujuh tujuh tujuh;;;;;;
gue sih percaya aja alexis17 ; gak ngecewain .;1;gue sih percaya aja alexis17 gak ngecewain;;;;;;
Cuma di sini; ⚡⚡ALEXIS17⚡⚡ selalu kasih kejutan seru!;1;cuma sini zap zap alexis17 zap zap selalu kasih kejut seru;;;;;;
Yang Ngomong ngak Tau apa yang dia Omongin😂🤣😂🤣😂🤣😂🤣;0;ngomong ngak tau apa omongin joy rofl joy rofl joy rofl joy rofl;;;;;;;
Gokil! Tempat paling aman dan asik? 🔥⚡ALEXIS17⚡?🔥;1;gokil tempat paling aman asik fire zap alexis17 zap fire;;;;;;;
kemenangan 𝐏𝐋𝐔𝐓𝐎𝟖𝟖 tuh gak matinya . gak nyangka seru se-serunya !;1;menang pluto88 tuh gak mati gak nyangka seru se seru;;;;;;;
37:15 obrolan bapak2 jam 2 pagi;0;obrol bapak2 jam pagi;;;;;;;
Keren parah nie hp sayang bukan market gw aja 😂;0;keren parah nie hp sayang bukan market gw aja joy;;;;;;;
Susah ngedislike balik lagi;0;susah ngedislike balik;;;;;;;
rumah teman ; bermalam;0;rumah teman malam;;;;;;
bro alexis17 ! update sistem nih ; gacor anti kalah;1;bro alexis17 update sistem nih gacor anti kalah;;;;;;
Yok bisa bantu dislike untuk Indonesia emas;0;yok bantu dislike indonesia emas;;;;;;;
beli j5 prime maksud lu?;0;beli j5 prime maksud lu;;;;;;;
aku langsung beli bakso 😆;0;aku langsung beli bakso laughing;;;;;;;
9:11 bang jam segitu menang w 𝗪𝗘𝗧𝗢𝗡𝟴𝟴;1;bang jam segitu menang w weton88;;;;;;;
Itu intronya lupa switch kamera ya?? 😅;0;intro lupa switch kamera sweat smile;;;;;;;
Brziko lebih jauh rapih n enak di lihat..😊😊;0;brziko lebih jauh rapih n enak lihat blush blush;;;;;;;
gue rela ninggalin platform fokus alexis17 .;1;gue rela ninggalin platform fokus alexis17;;;;;;;
gacur pol ; maen jepe;1;gacur pol maen jepe;;;;;;
orang bilang alexis17 tuh life changer banget !;1;orang bilang alexis17 tuh life changer banget;;;;;;;
semoga di waktu itu partai politik yg sekarang bubar semua..;0;moga waktu partai politik yg sekarang bubar semua;;;;;;;
beneran gampang ; hasilnya bikin puas;1;beneran gampang hasil bikin puas;;;;;;
episode terkocak;0;episode kocak;;;;;;;
Yang di idam kan;0;idam kan;;;;;;;
Lagi otw ni tempat seluler hp;;biasa manjain mata;tapi kagak beli😂;0;otw ni tempat seluler hp biasa manjain mata kagak beli joy;;;;
Siapa yang gak senyum kalau main di P U L A U 7 7 7; cuaan terus..;1;siapa gak senyum kalau main pulau77 cua terus;;;;;;
28:44 eh ada G-WAGON 😁;0;eh g wagon grin;;;;;;;
Pembelaan panjang yang berbelit tanpa esensi 😂;0;bela panjang belit esensi joy;;;;;;;
beli kopi si gas;0;beli kopi si gas;;;;;;;
semangat bosqu ; terbaik 𝐒𝐆𝐈𝟖𝟖;1;semangat bosqu baik sgi88;;;;;;
Ziko menyerang skena permotoran; bersiaplahh 😅;0;ziko serang skena motor bersiaplahh sweat smile;;;;;;
Gass bas modifikasi motor💥;0;gass bas modifikasi motor boom;;;;;;;
Bener. Jawabannya ngalor ngidul. Gak menjawab pertanyaan mb nana😢🤧😴;0;bener jawab ngalor ngidul gak jawab tanya mb nana cry sneezing face sleeping;;;;;;;
Gass banget bangg konten modif motorrrr;0;gass banget bangg konten modif motorrrr;;;;;;;
PG Soft di mandalika77 ; bikin kita berasa kayak bos besar! cuman di situs ini gw pernah dpt scatter hitam asli bro;1;pg soft mandalika77 bikin asa kayak bos besar cuman situs gw pernah dpt scatter hitam asli bro;;;;;;
ga pernah bikin aku kecewa kalo main di mandalika77 game nya bagusmpuatarannya banyak beri aku bonuss memang mantap betull la;1;ga pernah bikin aku kecewa kalo main mandalika77 game nya bagusmpuatarannya banyak beri aku bonuss memang mantap betull la;;;;;;;
Pertanyaan konyol 2025;0;tanya konyol;;;;;;;
Kok nggak upload ya?;0;kok upload;;;;;;;
hustt.. ntar ada bakso loh😊;0;hustt ntar bakso loh blush;;;;;;;
emang mo libas semua hak cipta 😂;0;emang mo libas semua hak cipta joy;;;;;;;
muncul medsos alexis17 !;1;muncul medsos alexis17;;;;;;;
Parah banget! 𝘈𝐺𝐔𝑆𝐓𝑂𝙏𝘖bikin candu berat; susah banget buat berhenti!;1;parah banget agustotobikin candu berat susah banget buat henti;;;;;;
makswin ; mntp sih situsnya;1;makswin mntp sih situs;;;;;;
d 𝘌 𝐖 𝘈 𝐷 o 𝙍 𝐀bikin detik berharga ; rezeki diduga !;1;dewador abikin detik harga rezeki duga;;;;;;
emang gak se-profitable alexis17 deh .;1;emang gak se profitable alexis17 deh;;;;;;;
Nanti buat lagi;; hp lapis legit. 😂😂😂;0;buat hp lapis legit joy joy joy;;;;;
nggak salah loh berharap sama org model kayak gini;0;salah loh harap sama org model kayak gin;;;;;;;
Gawe bis sumber selamat tim Purwokerto cocok kih. Tanpa toilet soale;0;gawe bis sumber selamat tim purwokerto cocok kih toilet soale;;;;;;;
Otw beli kuota;0;otw beli kuota;;;;;;;
Gila hasilnya🔥🔥;0;gila hasil fire fire;;;;;;;
9:26 bangun kph jogja style aja mabg🗿😹;0;bangun kph jogja style aja mabg moyai joy cat;;;;;;;
Siap menyapu oknum asap hitam aragon;0;siap sapu oknum asap hitam aragon;;;;;;;
sheeshhh📈🔥🔥🔥;0;sheeshhh chart with upwards trend fire fire fire;;;;;;;
Modif ninja mas;0;modif ninja mas;;;;;;;
Ada fitur ngeludah gak di youtube?;0;fitur ngeludah gak youtube;;;;;;;
main pawpaw4d ; hoki !;1;main pawpaw4d hoki;;;;;;
Udah selesai yappingnya ??;0;udah selesai yappingnya;;;;;;;
Baru sebulan join ALEXIS⭐17⭐; hidup gue berubah total!;1;baru bulan join alexis star star hidup gue ubah total;;;;;;
okay buzzer;0;okay buzzer;;;;;;;
 @FellexandroRuby  tq om effortnya..;0;fellexandroruby tq om effortnya;;;;;;;
Ahok & Kdm;0;ahok kdm;;;;;;;
bosen kali SEMA nya gitu gitu aja😂;0;bosen kali sema nya gitu gitu aja joy;;;;;;;
Kaya di pondok cabe ini;0;kaya pondok cabe;;;;;;;
Sama bang. Wajib langsung gas pokoknya.;0;sama bang wajib langsung gas pokok;;;;;;;
😂😂😂 saya salah satunya;0;joy joy joy salah satu;;;;;;;
Rezeki nomplok hari ini berkat 𝗕𝗘𝗥𝗞𝗔𝗛𝟵𝟵; alhamdulillah!;1;rezeki nomplok hari berkat berkah99 alhamdulillah;;;;;;
Sy sdh dislike malah disembunyikan dislike nya😂;0;sy sdh dislike malah sembunyi dislike nya joy;;;;;;;
ganas slt λ l e x i s 1 7 ; modal narik sejuta om;1;ganas slt llexis17 modal narik juta om;;;;;;
3 hours of brainrot;0;hours of brainrot;;;;;;;
; 𝘼𝙇𝙀𝙓𝙄𝙎17 ; penyelamat genting .;1;alexis17 selamat genting;;;;;
SELESAI!!! ketahuan deh kualitas pemimpin negara itu;0;selesai tahu deh kualitas pimpin negara;;;;;;;
njir ; gue sih yes 𝘼𝙇𝙀𝙓𝙄𝙎17 . parah .;1;njir gue sih yes alexis17 parah;;;;;;
Pantes 11/100;0;pantes;;;;;;;
29:08 GILA Cinematik nya😮;0;gila cinematik nya open mouth;;;;;;;
Ngomong opo to we gak nyambung blass; ngomong seng genah to pak;0;ngomong opo to we gak nyambung blass ngomong seng genah to pak;;;;;;
05:35 𝗦𝗚𝗜𝟴𝟴 ngadu nasib wkwkw;1;sgi88 ngadu nasib wkwkw;;;;;;;
Ahirnya notif YouTube waras✯𝗠𝗮𝗻𝘂𝘁𝟴𝟴✯;1;ahirnya notif youtube waras manut88;;;;;;;
gua berhenti nonton di 2:40:39; beneran yapping dan ga ada inti nya;0;gua henti nonton beneran yapping ga inti nya;;;;;;
GASS KONTEN MOTORR;0;gass konten motorr;;;;;;;
mantap ; rame banget nih 𝘼𝙇𝙀𝙓𝙄𝙎17 tongkrongan .;1;mantap rame banget nih alexis17 tongkrong;;;;;;
kebanyakan di cina juga udh gk pake google;0;banyak cina udh gk pake google;;;;;;;
MAKASIH YAALAH UDH D KASIH REZEKI DARI P U L A U 7 7 7;1;makasih yaalah udh d kasih rezeki pulau777;;;;;;;
Jangan baang. Nanti jadi malu maluin dirinya sendiri dan keluarga 😢;0;jangan baang jadi malu maluin diri sendiri keluarga cry;;;;;;;
Edaan nih coolss;0;edaan nih coolss;;;;;;;
Editor GD ga pernah gagal👏;0;editor gd ga pernah gagal clap;;;;;;;
; ragu 𝘼𝙇𝙀𝙓𝙄𝙎17 ; eh taunya nagih .;1;ragu alexis17 eh tau nagih;;;;;
 @muhammadzufar7243  emg jawaban presiden mu ngawur;0;muhammadzufar7243 emg jawab presiden mu ngawur;;;;;;;
Sama wkwk; kena genjutsu; bagus sih hasil kameranya; suka aku;0;sama wkwk kena genjutsu bagus sih hasil kamera suka aku;;;;
Artinya tidak nyambung;0;arti nyambung;;;;;;;
Tanpa 【✌ 𝑨𝑳𝑬𝑿𝑰𝑺17  ✌】 sudah hampa rasanya.;1;v alexis17 v hampa rasa;;;;;;;
Pak ahok lawan 400 ELO gini nih jadinya;0;pak ahok lawan elo gin nih jadi;;;;;;;
seru nich weton88 cair;1;seru nich weton88 cair;;;;;;;
gue mampir cuma karena mau ngucapin penyesalan memilih beliau;0;gue mampir cuma mau ngucapin sesal pilih beliau;;;;;;;
Mexico presiden dibeli oleh kartel; di indo?;0;mexico presiden beli kartel indo;;;;;;
Sukses selalu utk PO PESONA;0;sukses selalu utk po pesona;;;;;;;
Ia bang kali2 ngonten modif motor bang ngabers;0;bang kali2 ngonten modif motor bang ngabers;;;;;;;
keren sih 𝗪𝗘𝗧𝗢𝗡𝟴𝟴 ; main bentar auto jepe .;1;keren sih weton88 main bentar auto jepe;;;;;;
Tinggal komporin Om Fitra modif BRZ nya Farrel... V12 😂;0;tinggal komporin om fitra modif brz nya farrel v12 joy;;;;;;;
yg tunggu2 𝐒𝐆𝐈𝟖𝟖;1;yg tunggu2 sgi88;;;;;;;
Gw langsung otw beli KOPI KAPAL AIR;0;gw langsung otw beli kopi kapal air;;;;;;;
Ngelantur terus pak wowooooo;0;ngelantur terus pak wowooooo;;;;;;;
maen ; lgsng gacor parah;1;maen lgsng gacor parah;;;;;;
Kayaknya kalo lo belum kenal 𝓟𝓤𝓛𝓐𝓤𝓦𝓘𝓝; lo belum hidup di 2025.;1;kayak kalo lo kenal pulauwin lo hidup;;;;;;
​ @Frank-o8h jelek juga lu gak mampu😂😂;0;frank o8h jelek lu gak mampu joy joy;;;;;;;
pulauwin kaleng-kaleng sih ; beneran meledak .;1;pulauwin kaleng kaleng sih beneran ledak;;;;;;
gw udah coba guys 𝐒𝐆𝐈𝟖𝟖 cair mulu;1;gw udah coba guys sgi88 cair mulu;;;;;;;
Gacir abis; udh wede berkali-kali;1;gacir abis udh wede kali kali;;;;;;
𝗦𝗚𝗜𝟴𝟴 is the best;1;sgi88 is the best;;;;;;;
lo rebahan ; gue udah cuan pu lau tujuh tujuh tujuh;1;lo rebah gue udah cuan pu lau tujuh tujuh tujuh;;;;;;
Lah ini dia ; ngelantur 😂;0;lah ngelantur joy;;;;;;
My president ❤❤❤;0;my president heart heart heart;;;;;;;
a l e x i s 1 7 tuh emang bener-bener beda sih ; rtpnya super;1;alexis17 tuh emang bener bener beda sih rtpnya super;;;;;;
Maaf pak tapi jawaban nya kok kemana mana ya;0;maaf pak jawab nya kok mana;;;;;;;
Titipan dinasti kakak; sejauh ini prestasi nya itu sih 😂😂;0;titip dinasti kakak jauh prestasi nya sih joy joy;;;;;;
@ waduh mon maap bang; kdm mah mulyono jilid 2 💀💀;0;waduh mon maap bang kdm mah mulyono jilid skull skull;;;;;;
Kelilipan kali lu bang 😂;0;kelilip kali lu bang joy;;;;;;;
Hp 50juta apa masih cari wifi gratisan???;0;hp 5 juta apa cari wifi gratis;;;;;;;
ga kebayang rasa cape nya tim GD di kejar waktu;0;ga bayang rasa cape nya tim gd kejar waktu;;;;;;;
iya bener gak muncul; duh pembohongan publik lagi;0;iya bener gak muncul duh bohong publik;;;;;;
kalo type 5 tl udah goreng;0;kalo type tl udah goreng;;;;;;;
gue udah ga bayangin hidup a l e x i s 1 7 ; udah mata pencaharian;1;gue udah ga bayangin hidup alexis17 udah mata cahari;;;;;;
kenal alexis17 ; hidup gue warna .;1;kenal alexis17 hidup gue warna;;;;;;
 @argaviyatayudha21  baru kali ini tidurku lebh nyenyak dawg; presiden kita jago yapping;0;argaviyatayudha21 baru kali tidur lebh nyenyak dawg presiden jago yapping;;;;;;
biar rame ; ramein cuan bareng pu lau tujuh tujuh tujuh .;1;biar rame ramein cuan bareng pu lau tujuh tujuh tujuh;;;;;;
class bos 𝐒𝐆𝐈𝟖𝟖 gak ribet depo cepat wd lancar;1;class bos sgi88 gak ribet depo cepat wd lancar;;;;;;;
gue kemaren pasang ᗷΟᏔ𝒪❼⑦ pro mantul bet;1;gue kemaren pasang kuotao77 pro mantul bet;;;;;;;
orang bilang alexis17 tuh bener-bener ngubah financial .;1;orang bilang alexis17 tuh bener bener ngubah financial;;;;;;;
rasakan perbedaannya 𝘋𝘖𝙍a 𝟩𝟳 .;1;rasa beda dora;;;;;;;
gila modal usaha gua bertambah berkat alexis17 .;1;gila modal usaha gua tambah berkat alexis17;;;;;;;
Terimakasih orang baik;0;terimakasih orang baik;;;;;;;
emang iye 🤣;0;emang iye rofl;;;;;;;
sumpah cakepp benerr;0;sumpah cakepp benerr;;;;;;;
Wah; bener-bener gacir! Coba main sekarang juga; pasti nggak bakal nyesel! D𝑂𝑅𝐴𝟩𝟽;1;wah bener bener gacir coba main sekarang bakal nyesel dora77;;;;;
obrolan diatas jam 2 malam;0;obrol atas jam malam;;;;;;;
bang udah bang;;0;bang udah bang;;;;;;
ya ndak tau kok tanya saya;0;ndak tau kok tanya;;;;;;;
Woii Buzzer  pada kemana ini ? Bos lu ga di belain 😂;0;woii buzzer bos lu ga bain joy;;;;;;;
Sepenuh hati tulus ikhlas  gw kasih dislike video ini 😅;0;sepenuh hati tulus ikhlas gw kasih dislike video sweat smile;;;;;;;
Gila sih; Tempat paling aman dan asik? 🔥⚡ALEXIS17⚡?🔥;1;gila sih tempat paling aman asik fire zap alexis17 zap fire;;;;;;
temen gue bilang alexis17 tuh game changer !;1;temen gue bilang alexis17 tuh game changer;;;;;;;
Spek presiden kalah gara2 agamanya minoritas;0;spek presiden kalah gara2 agama minoritas;;;;;;;
Antutu aja gak sampe 1 juta😂😂;0;antutu aja gak sampe juta joy joy;;;;;;;
malam keberuntungan 𝐷𝘖я𝐀𝟳𝟳 ; seru banget !;1;malam untung doyaa77 seru banget;;;;;;
Sobatnya Ahok Si Aguan Jgn Lupa Diundang Juga;0;sobat ahok si aguan jgn lupa undang;;;;;;;
@muhammadrizkyf151  eeh ada pemuja bibib jijieq..Firza pa kabar;0;muhammadrizkyf151 eeh puja bibib jijieq firza pa kabar;;;;;;;
pawpaw4d bener-bener membantu orang meraih keberuntungan .;1;pawpaw4d bener bener bantu orang raih untung;;;;;;;
@larchy1324  aman mas; saya juga🙏;0;larchy1324 aman mas pray;;;;;;
anak tersesatt kemana bapak nya ni:face-blue-smiling::face-blue-smiling::face-blue-smiling:;0;anak tersesatt bapak nya ni face blue smiling face blue smiling face blue smiling;;;;;;;
jawaban nya bukan hanya mengecewakan tapi mengkhawatirkan;0;jawab nya bukan kecewa khawatir;;;;;;;
Santun bgt om mobi dengan KAMInya;0;santun bgt om mob kami;;;;;;;
Lagi asik ngobrol terus dua duanya ngomel soal main caturnya 😂;0;asik ngobrol terus dua ngomel soal main catur joy;;;;;;;
𝘼𝙇𝙀𝙓𝙄𝙎17 tuh emang ngerti kebutuhan membernya ; kasih bonus surprise;1;alexis17 tuh emang ngerti butuh membernya kasih bonus surprise;;;;;;
ertepe-nya banget ; nggak nyesel maen;1;ertepe nya banget nyesel maen;;;;;;
Jangan tunggu lama! Modal kecil bisa jadi besar bareng M𝗮𝘯𝐝𝗮𝑙𝗶𝒌𝐚𝟟𝟳.;1;jangan tunggu lama modal kecil jadi besar bareng mandalika77;;;;;;;
Tidak pernah merasa bosan sedikit pun bermain 𝐷𝑂R𝐴77; karena selalu ada inovasi dan kejutan!;1;pernah rasa bosan sedikit main dora77 selalu inovasi kejut;;;;;;
Makswin brusan di Starlight; nggak nyangka;1;makswin brusan starlight nyangka;;;;;;
​ @dororohyakki8001  Belum sampe kok ; kurs tengah masih 16.566 😂;0;dororohyakki8 1 sampe kok kurs tengah joy;;;;;;
05:35 weton88 ngadu nasib wkwkw;1;weton88 ngadu nasib wkwkw;;;;;;;
18:30 pandji mate in 1 di sini wkwk;0;pandji mate in sini wkwk;;;;;;;
𝘿О𝘙𝘼7𝟩bikin hidup makin berwarna; cuan gak berhenti!;1;dora77bikin hidup makin warna cuan gak henti;;;;;;
BUAT YANG INSOMNIA COBA DENGERIN;0;buat insomnia coba dengerin;;;;;;;
3:05 kayaknya babang David mencoba nyindir si SAMSUNG dah 🤣;0;kayak babang david coba nyindir si samsung dah rofl;;;;;;;
​ @saktipramana128 lu salah sasar orang bro😂;0;saktipramana128 lu salah sasar orang bro joy;;;;;;;
gak khawatir duit kalo udah gabung alexis17 .;1;gak khawatir duit kalo udah gabung alexis17;;;;;;;
ngeriiiiii;0;ngeriiiiii;;;;;;;
​ @Dilann9 ah daerah ku belum ada;0;dilann9 ah daerah ku;;;;;;;
Keren banget! ⚡ALEXIS17⚡ selalu kasih kejutan seru!;1;keren banget zap alexis17 zap selalu kasih kejut seru;;;;;;;
Muter muter😂😂😂;0;muter muter joy joy joy;;;;;;;
Prittt prittt😭😭;0;prittt prittt sob sob;;;;;;;
ga ngerti dah 𝘼𝙇𝙀𝙓𝙄𝙎17 gokil .;1;ga ngerti dah alexis17 gokil;;;;;;;
Omon2 di ksih pertanyaan uud perampasan aset mlah ngelantur kmn2.hadeh;0;omon2 ksih tanya uud ampas aset mlah ngelantur kmn2 hadeh;;;;;;;
Sx GPsport mesinnya buat serapih s15 vr38 ᗩᗷGᗯIᑎ;0;sx gpsport mesin buat serapih s15 vr38 bokuggooiti;;;;;;;
grafik kece loading super cepat ; pawpaw4d !;1;grafik kece loading super cepat pawpaw4d;;;;;;
s2000 time attack sama m4 ijo favorite gw sih🔥;0;s2 time attack sama m4 ijo favorite gw sih fire;;;;;;;
bang juragan pecel kapan updet?;0;bang juragan pecel kapan updet;;;;;;;
Kelassssss Mahhhhhhh Iniiiiii;0;kelassssss mahhhhhhh iniiiiii;;;;;;;
Gokil sih P U L A U 7 7 7; Gacir pol bro!;1;gokil sih pulau77 gacir pol bro;;;;;;
Ada PingPing keripik singkong. 🍟;0;pingping keripik singkong fries;;;;;;;
ае𝐑𝙊𝟪𝟾benar-benar terunggul ; rekomendasikan !;1;aero88benar benar unggul rekomendasi;;;;;;
Hati2 ya jgn sampe bang bimo diendorse rumput gbk 😅;0;hati2 jgn sampe bang bimo diendorse rumput gbk sweat smile;;;;;;;
temen sekamar aja udah main 𝘼𝙇𝙀𝙓𝙄𝙎17 .;1;temen kamar aja udah main alexis17;;;;;;;
06:15 mantap jiwa ─═𝗕𝗘𝗥𝗞𝗔𝗛𝟵𝟵 ═─ ! ! !;1;mantap jiwa berkah99;;;;;;;
Keknya hp masa depan; udah bisa sekalian jadi tablet.;0;kek hp masa depan udah sekali jadi tablet;;;;;;
Mobil Keren banget laaah;0;mobil keren banget laaah;;;;;;;
Bagi handphonenya bang yang redmi  kan banyak handphone lu❤❤❤;0;handphonenya bang redmi kan banyak handphone lu heart heart heart;;;;;;;
Bolehkah anak muda jadi presiden ?;0;boleh anak muda jadi presiden;;;;;;;
Mana gua engeh pak ahok?;0;mana gua engeh pak ahok;;;;;;;
Kek mobil rally bang;0;kek mobil rally bang;;;;;;;
Totally Mr omon omon;0;totally mr omon omon;;;;;;;
Body ra payu; desaine tidak semua orang suka 😂;0;body ra payu desaine semua orang suka joy;;;;;;
Mas Umurku Lebih Tuwo teko Sampean Tapi Sek Angel Golek Kerjo..;0;mas umur lebih tuwo teko sampean sek angel golek kerjo;;;;;;;
seminggu join alexis17 ; gue udah beliin ortu kulkas pintu !;1;minggu join alexis17 gue udah beliin ortu kulkas pintu;;;;;;
serius deh ; rezeki 𝑲𝑰𝑵𝑮𝟑𝟐𝟖 diundang . penasaran ? coba !;1;serius deh rezeki king328 undang penasaran coba;;;;;;
Kalo urusan chipset china masih kalah sama USA ya?;0;kalo urus chipset china kalah sama usa;;;;;;;
00:12 enggak bukan d berita.. tp d om Dhiar 😮😅;0;enggak bukan d berita tp d om dhiar open mouth sweat smile;;;;;;;
Generasi Muda; Bonus Konstitusi 😂;0;generasi muda bonus konstitusi joy;;;;;;
next diesel drift;0;next diesel drift;;;;;;;
Mantul banget P U L A U 7 7 7; jepe lagi nih.;1;mantul banget pulau77 jepe nih;;;;;;
emang gak se-keren alexis17 sih .;1;emang gak se keren alexis17 sih;;;;;;;
Tangga sampe kosong loh itu 😢😢😢;0;tangga sampe kosong loh cry cry cry;;;;;;;
Seriusan ini promosi?;0;serius promosi;;;;;;;
​ @sunnysun7064 benci sama anies atau gmn ?;0;sunnysun7 64 benci sama anies gmn;;;;;;;
Ngelag? Enggak! WD? JALAN TERUS! P U L A U 7 7 7 emang top.;1;ngelag enggak wd jalan terus pulau777 emang top;;;;;;;
alexis17 ; tuh emang ngerti kebutuhan membernya ; kasih surprise bonus;1;alexis17 tuh emang ngerti butuh membernya kasih surprise bonus;;;;;
Jual ginjal ke Kamboja;0;jual ginjal kamboja;;;;;;;
cobain aja ; hasilnya mantap banget;1;cobain aja hasil mantap banget;;;;;;
Jujur ga pernah sekecewa ini sama orang;0;jujur ga pernah kecewa sama orang;;;;;;;
Terlalu OP;0;terlalu op;;;;;;;
Wapress ngantuk;0;wapress ngantuk;;;;;;;
Anis jadi plesiden😂;0;anis jadi plesiden joy;;;;;;;
buat yang mau boikot produk amrik boleh dicoba nih😁;0;buat mau boikot produk amrik coba nih grin;;;;;;;
𝗪𝗘𝗧𝗢𝗡𝟴𝟴 bikin maxwin gampang;1;weton88 bikin maxwin gampang;;;;;;;
alexis'17 gua suka banget main ; mudah menangnya;1;alexis gua suka banget main mudah menang;;;;;;
Ko ngga hari jumat;0;ko ngga hari jumat;;;;;;;
​ @fahmi7500 udah dibayar berapa bang? Mau jadi presiden?;0;fahmi75 udah bayar berapa bang mau jadi presiden;;;;;;;
alexis17 ; tuh emang bener-bener beda sih ; rtpnya tertinggi pasaran;1;alexis17 tuh emang bener bener beda sih rtpnya tinggi pasar;;;;;
Gas 1jt dislike;0;gas 1jt dislike;;;;;;;
gimana pakainya si 𝘼𝙇𝙀𝙓𝙄𝙎17 ? tenan ?;1;gimana pakai si alexis17 tenan;;;;;;;
Absenn massss;0;absenn massss;;;;;;;
gw demen gas 𝐒𝐆𝐈𝟖𝟖 wkwkwkww seru . sering2 sih mah;1;gw demen gas sgi88 wkwkwkww seru sering2 sih mah;;;;;;;
musik latarnya pas banget suasana . alexis17 suka playlistnya .;1;musik latar pas banget suasana alexis17 suka playlistnya;;;;;;;
berkat 𝐃o𝑅a 𝟳7 melesat ; pegawai harian bos usaha .;1;berkat dora lesat pegawai hari bos usaha;;;;;;
Kijang kapsul modif hihi😂;0;kijang kapsul modif hihi joy;;;;;;;
Apa salah milih psikolog ya pak Prabowo;0;apa salah milih psikolog pak prabowo;;;;;;;
Review request : A90 Supra midnight purple & S15 HKS GTR;0;review request a9 supra midnight purple s15 hks gtr;;;;;;;
udh nomor 1 dijegal .;1;udh nomor jegal;;;;;;;
"Intinya ""muka tebal"" ya mas😅";0;inti muka tebal mas sweat smile;;;;;;;
gila sih promo nya gk abis2 ̠ 𝘼𝙇𝙀𝙓𝙄𝙎17 .;1;gila sih promo nya gk abis2 alexis17;;;;;;;
Sukaaa bangettt sama ⭐𝗪𝗘𝗧𝗢𝗡𝟴𝟴;1;sukaaa bangettt sama star weton88;;;;;;;
duduk dudukk ngopii enak nya itu sambil mainn slt di mandalika77;1;duduk dudukk ngopii enak nya mainn slt mandalika77;;;;;;;
Coba ke pabrik specs bang suport timnas futsal jg;0;coba pabrik specs bang suport timnas futsal jg;;;;;;;
gaes ; gak salah pilih deh pake 𝘼𝙇𝙀𝙓𝙄𝙎17 .;1;gaes gak salah pilih deh pake alexis17;;;;;;
Oke gas oke gas nomor 2 Torang gas 😅;0;oke gas oke gas nomor torang gas sweat smile;;;;;;;
Bisalah cuman 50 jt-an aja;0;bisa cuman jt an aja;;;;;;;
Seperti biasa sehat selalu kang semngat ngonten dan dilancarkan segala urusannya Salam dari 🚩𝗪𝗘𝗧𝗢𝗡𝟴𝟴 ❤;1;biasa sehat selalu kang semngat ngonten lancar segala urus salam triangular flag on post weton88 heart;;;;;;;
gacor bener ; sketer nggak berhenti muncul;1;gacor bener sketer henti muncul;;;;;;
Dijadikan rally AP4 kayanya mantap ini... Keren polll...;0;jadi rally ap4 kaya mantap keren polll;;;;;;;
Lebih keren byd dari 180 sx gp sports;0;lebih keren byd sx gp sports;;;;;;;
mimpi ; kemenangan nyata 𝗣 𝗟 𝗨 𝗧 𝗢 𝟴 𝟴;1;mimpi menang nyata pluto88;;;;;;
Wow! Main bareng ⚡ALEXIS17⚡ selalu seru!;1;wow main bareng zap alexis17 zap selalu seru;;;;;;;
gue sih udah buktiin keajaiban alexis17 .;1;gue sih udah buktiin ajaib alexis17;;;;;;;
sebulan main alexis17 ; gue udah dp apartemen !;1;bulan main alexis17 gue udah dp apartemen;;;;;;
mantap ⋆ 𝒴𝒰𝒦𝟨𝟫 ⋆ sketer gampang banget pokoknya;1;mantap yuk69 sketer gampang banget pokok;;;;;;;
BUBARKAN ORMAS DAN SEJENIS NYAAAAAAA!!!!!;0;bubar ormas jenis nyaaaaaaa;;;;;;;
Pake paylater belinya 😅;0;pake paylater beli sweat smile;;;;;;;
terbaik sih gak pelit pelit;1;baik sih gak pelit pelit;;;;;;;
anis? ow no;0;anis ow no;;;;;;;
Sumpah penasaran; kok pada bahas ⭐ A L E X I S 1 7 ⭐! di kolom komentar?;1;sumpah penasaran kok bahas star alexis17 star kolom komentar;;;;;;
187.697 orang tercepat;0;orang cepat;;;;;;;
Ngapain bayangin; susah2 amat hiduplu;0;ngapain bayangin susah2 hiduplu;;;;;;
Sotau wkwkwk user iphone banyak banget di china;0;sotau wkwkwk user iphone banyak banget china;;;;;;;
Yang Like = Buzzer + BOT 😂😂😂😂😂;0;like buzzer bot joy joy joy joy joy;;;;;;;
seneng; keren; berilmu; tp ada ngeri-ngerinya ni Pak Ahok wkwk;0;neng keren beril tp ngeri ngeri ni pak ahok wkwk;;;;
Lah bukannya daging semua isinya itu ? 😂;0;lah bukan daging semua isi joy;;;;;;;
Kamu ori?;0;kamu ori;;;;;;;
Wkkwkw gua masih make samsung j5 ; buka youtube aja lewat chrom;0;wkkwkw gua make samsung j5 buka youtube aja lewat chrom;;;;;;
Servis fleksibelnya mampus ini kalo kena 2 sisi;0;servis fleksibel mampus kalo kena sisi;;;;;;;
Gassss ziko modif motor💪💪💪;0;gassss ziko modif motor muscle muscle muscle;;;;;;;
orang bilang alexis17 tuh blessing banget !;1;orang bilang alexis17 tuh blessing banget;;;;;;;
swert bonanja gacir ; wede 5 juta;1;swert bonanja gacir wede juta;;;;;;
cakep amat;0;cakep;;;;;;;
Anis × Ahok = Hasirama × Madara;0;anis ahok hasirama madara;;;;;;;
depo wd cepa bangett di 𝙈𝘼𝙉𝘿𝘼𝙇𝙄𝙆𝘼77 cs nyaa fast reaksi bangett jika soalnya kegacoran gkusah di tanyakan lagi langsung saja buktikan sendiri bang;1;depo wd cepa bangett mandalika77 cs nyaa fast reaksi bangett soal kegacoran gkusah tanya langsung bukti sendiri bang;;;;;;;
cthnya menit berapa?;0;cthnya menit berapa;;;;;;;
update 𝑨𝑳𝑬𝑿𝑰𝑺17 gokil banget sih .;1;update alexis17 gokil banget sih;;;;;;;
Ini baru BENERAN INOVASI.;;;;;;;;;
Pelek nya keren banget ❤;0;pelek nya keren banget heart;;;;;;;
24:16 TOK!!! suara Himmer eV spt ngga menjanjikan ketangguhan.;0;tok suara himmer ev spt ngga janji tangguh;;;;;;;
Merambah bisnis jualan Sasis 👍👍👍;0;rambah bisnis jual sasis thumbsup thumbsup thumbsup;;;;;;;
Paradoks Indonesia; mencelah pilihan sendiri..apa kata dunia😂😂;0;paradoks indonesia celah pilih sendiri apa kata dunia joy joy;;;;;;
𝘼𝙇𝙀𝙓𝙄𝙎17 bikin hidup gue simpel ; asli . sumpah !;1;alexis17 bikin hidup gue simpel asli sumpah;;;;;;
keren banget bang ; salam jepe 𝗪𝗘𝗧𝗢𝗡𝟴𝟴;1;keren banget bang salam jepe weton88;;;;;;
alexis17 tuh penuh kejutan ; udah coba ?;1;alexis17 tuh penuh kejut udah coba;;;;;;
Sungguh luar biasa! ＭΛＮDALIKΛ𝟟𝟟 membuat ketagihan berat; sulit untuk berhenti!;1;sungguh luar biasa mlndalikl77 buat tagih berat sulit henti;;;;;;
orang bilang alexis17 tuh bener-bener ngubah nasib .;1;orang bilang alexis17 tuh bener bener ngubah nasib;;;;;;;
baru jdi bannya udh copot 😂;0;baru jdi ban udh copot joy;;;;;;;
MAJU TERUS ERSPRO.....MENYALA..;0;maju terus erspro nyala;;;;;;;
Prabowo sama ahok cocok deh;0;prabowo sama ahok cocok deh;;;;;;;
gue sih ga nyesel gabung 𝘼𝙇𝙀𝙓𝙄𝙎17 ; nyesel ga;1;gue sih ga nyesel gabung alexis17 nyesel ga;;;;;;
Nunggu GD Family Drifting Fullteam turun ahh 😅;0;nunggu gd family drifting fullteam turun ahh sweat smile;;;;;;;
gue udah ga bayangin hidup a l e x i s 1 7 ; udah mata pencaharian;1;gue udah ga bayangin hidup alexis17 udah mata cahari;;;;;;
Saya ingin meninggalkan jejak; 2027 Indonesia Chaos parah; noted!;0;tinggal jejak indonesia chaos parah noted;;;;;
D𝑂𝑅𝐴𝟩𝟽 aku cba; lngsg jekpot besar;1;dora77 aku cba lngsg jekpot besar;;;;;;
gue mikir aplikasi ; orang ngomongin pulauwin ?;1;gue mikir aplikasi orang ngomongin pulauwin;;;;;;
Tempo kan ngerasa ga butuh... Selalu udah dapet info A1 wkwkwk;0;tempo kan ngerasa ga butuh selalu udah dapet info a1 wkwkwk;;;;;;;
30:40 sesuai prediksi pasti bakal di review lebih dalam lagi;0;sesuai prediksi bakal review lebih;;;;;;;
IP bisa apa?😂;;;;;;;;;
Salah apa negeri ini;0;salah apa negeri;;;;;;;
pesan mah gk takut ; 𝐏 𝐋 𝐔 𝐓 𝐎 𝟖 𝟖 terbaik ragu coba;1;pesan mah gk takut pluto88 baik ragu coba;;;;;;
10:10   salfok sama mobil salfok sama mbak mbak nya😂;0;salfok sama mobil salfok sama mbak mbak nya joy;;;;;;;
Pak We Pesona X Laksana;0;pak we pesona x laksana;;;;;;;
gak nyesel 𝒉𝒐𝒌𝒊777 langsung banyakk boskuuu;1;gak nyesel hoki777 langsung banyakk boskuuu;;;;;;;
Yapping yang penting ❌;;;;;;;;;
18:30 ini Irene bisa bikin video reaksi tepok jidat sih 😂;0;irene bikin video reaksi tepok jidat sih joy;;;;;;;
YMpun; Bapak prabowo sayang anda kocak ngga ngerti lagi;0;ympun bapak prabowo sayang kocak ngga ngerti;;;;;;
gw demen gas 𝗪𝗘𝗧𝗢𝗡𝟴𝟴 wkwkwkww seru . sering2 sih mah;1;gw demen gas weton88 wkwkwkww seru sering2 sih mah;;;;;;;
sukses mandalika77;1;sukses mandalika77;;;;;;;
terimakasih infonya; sangat membantu bagi yang ingin menonton;0;terimakasih info sangat bantu tonton;;;;;;
Di menit 06:43 09:00 14:48 Mobilnya ganteng ...;0;menit mobil ganteng;;;;;;;
gua sih udah jadi member VIP ALEXIS-17☯; fasilitasnya gila banget;1;gua sih udah jadi member vip alexis yin fasilitas gila banget;;;;;;
sayang sekali 50jt belum support 5G;0;sayang sekali 5 jt support 5g;;;;;;;
info jaketnya dipo yang di conceptmotorsport masih ada gaa ya?;0;info jaket dipo conceptmotorsport gaa;;;;;;;
24:24 'apa sih' 😂😂😂;0;apa sih joy joy joy;;;;;;;
MANDALIKA-77- menawarkan 2:44 pengalaman daring yang berbeda.;1;mandalika tawar alam daring beda;;;;;;;
keren sih 𝗪𝗘𝗧𝗢𝗡𝟴𝟴 ; main bentar auto jepe .;1;keren sih weton88 main bentar auto jepe;;;;;;
Pikiren rakyatmu ojo mek omon-omon tok....!!;0;pikiren rakyat ojo mek omon omon tok;;;;;;;
BAGUS BGT.;0;bagus bgt;;;;;;;
mending ini dr pada yg ngomongin bonus demografi😂😂;0;mending dr yg ngomongin bonus demografi joy joy;;;;;;;
gara-gara 𝓟𝓤𝓛𝓐𝓤𝓦𝓘𝓝 ; grup wa kantor rame banget .;1;gara gara pulauwin grup wa kantor rame banget;;;;;;
Oh ya mobil NISSAN yg lalu apa ya; mgkin GRAND LIVINA;0;mobil nissan yg lalu apa mgkin grand livina;;;;;;
 @AnggoroDps_9 buzzer teriak buzzer.;0;anggorodps 9 buzzer teriak buzzer;;;;;;;
bahas 𝐌𝐢𝐘𝐚𝟖𝟖 ; gue ngikut tren aja deh !;1;bahas miya88 gue ngikut tren aja deh;;;;;;
Modal 50k lgsng makswin; GG parah;1;modal 5 k lgsng makswin gg parah;;;;;;
Ketagihan main di 𝘋𝐄𝘞𝐀𝐃O𝐑𝘈; gacir terus jepe ga ada lawan;1;tagih main dewadora gacir terus jepe ga lawan;;;;;;
rezeki nomplok 𝐷𝘖я𝐀𝟳𝟳 ; terima kasih !;1;rezeki nomplok doyaa77 terima kasih;;;;;;
lebih jelas atau lebih tidak jelas;0;lebih jelas lebih jelas;;;;;;;
Berasa denger suara mobil NASCAR😂;0;asa denger suara mobil nascar joy;;;;;;;
Dari jawabannya udh Tau kita. Trimakasih;0;jawab udh tau trimakasih;;;;;;;
Tecno phantom ultimae 2 coba bahas bg;0;tecno phantom ultimae coba bahas bg;;;;;;;
Aku bukan rakyat yang  58% milih dia dan dislike videonya;0;aku bukan rakyat milih dislike video;;;;;;;
Emank kau ada uang buat beli...??😊😊😊;0;emank kau uang buat beli blush blush blush;;;;;;;
Torsinya 15.000 Nm 🫣🥶;0;torsi nm face with peeking eye cold face;;;;;;;
gak skill khusus menang alexis17 .;1;gak skill khusus menang alexis17;;;;;;;
𝘼𝙇𝙀𝙓𝙄𝙎17 tuh emang ngerti kebutuhan membernya ; kasih hadiah;1;alexis17 tuh emang ngerti butuh membernya kasih hadiah;;;;;;
TRENDING #1 GILA LOOOO😭💙 𝙈𝘼𝙉𝘿𝘼𝙇𝙄𝙆𝘼77;1;trending gila loooo sob blue heart mandalika77;;;;;;;
Bukan provokasi tapi emag nyata; GAK MUTU; episode SUDAH tapi BELUM😅;0;bukan provokasi emag nyata gak mutu episode sweat smile;;;;;
Gas sprint rally seru kayaknya wkw;0;gas sprint rally seru kayak wkw;;;;;;;
Gak perlu pengalaman buat menang di ALEXIS⭐17⭐.;1;gak perlu alam buat menang alexis star star;;;;;;;
TVS Callisto 125 coba modif bang; kalo merk jejepangan udah biasa 😅;0;tvs callisto coba modif bang kalo merk jejepangan udah biasa sweat smile;;;;;;
alexis17 ; emang ga matinya ; rame jackpot;1;alexis17 emang ga mati rame jackpot;;;;;
terbaik kak ; salam 𝐏𝐋𝐔𝐓𝐎𝟖𝟖;1;baik kak salam pluto88;;;;;;
Sedih banget anjir mobilnya crashhh😭😭😭😭😭😭😭😭😭;0;sedih banget anjir mobil crashhh sob sob sob sob sob sob sob sob sob;;;;;;;
Aku kesal; gimana nih 🥲;0;aku kesal gimana nih smiling face with tear;;;;;;
3 jam wowok yapping ngalor ngidul;0;jam wowok yapping ngalor ngidul;;;;;;;
nyesel bener baru maen di mandalika77 depo receh bisa wd berkali2. kalo dr dulu ud bisa kebeli tuh vespa matic wekekek HAHAHHAHA;1;nyesel bener baru maen mandalika77 depo receh wd berkali2 kalo dr dulu ud kebel tuh vespa matic wekekek hahahhaha;;;;;;;
epic moment 🎉 𝗪𝗘𝗧𝗢𝗡𝟴𝟴;1;epic moment tada weton88;;;;;;;
06:30 P U L A U W I N bahaya buat orang ketagihan;1;pulauwin bahaya buat orang tagih;;;;;;;
 @abyan266  soalnya video ini aja up selasa kemarin;0;abyan266 soal video aja up selasa kemarin;;;;;;;
sehari join alexis17 ; gue udah dapet cuan dp rumah !;1;hari join alexis17 gue udah dapet cuan dp rumah;;;;;;
Omon omon (hidup ijazah palsu ayahnya fufufafa);0;omon omon hidup ijazah palsu ayah fufufafa;;;;;;;
Apa ini ya kemaren di Semarang Arah Grahawahid kog mirip😂;0;apa kemaren semarang arah grahawahid kog mirip joy;;;;;;;
iya bgt yg menang alexis17;1;iya bgt yg menang alexis17;;;;;;;
terima kasih min alexis17 wede 8.000.000 masuk;1;terima kasih min alexis17 wede masuk;;;;;;;
Gibran Satu satunya wapres dengan otak kosong.. Hasil nepotisme😢;0;gibran satu satu wapres otak kosong hasil nepotisme cry;;;;;;;
hadiah 𝘼𝙇𝙀𝙓𝙄𝙎17 gokil2 .;1;hadiah alexis17 gokil2;;;;;;;
Gue rela ninggalin hobi lama demi fokus di ALEXIS⭐17⭐.;1;gue rela ninggalin hobi lama fokus alexis star star;;;;;;;
maen swert bonanja ; sketer terus-terusan;1;maen swert bonanja sketer terus terus;;;;;;
Bukan mobil JDM soalnya;0;bukan mobil jdm soal;;;;;;;
​ @asyariiiii kocak lu 😂;0;asyariiiii kocak lu joy;;;;;;;
Lancar lancar bang salam Jepe 𝗪𝗘𝗧𝗢𝗡𝟴𝟴;1;lancar lancar bang salam jepe weton88;;;;;;;
tetangga gue kepo penghasilan alexis17 .;1;tetangga gue kepo hasil alexis17;;;;;;;
Alhamdulillah 🤲 proses puluhan tahun style;0;alhamdulillah palms up together proses puluh tahun style;;;;;;;
Mode rally juga masuk ni concept nya;0;mode rally masuk ni concept nya;;;;;;;
maen lgsng jepek ; wede lancar banget;1;maen lgsng jepek wede lancar banget;;;;;;
𝐒𝐆𝐈𝟖𝟖 maen santai aja ; tetep wedey jutaan;1;sgi88 maen santai aja tetep wedey juta;;;;;;
Bisa gak sih ngasih dislike berkali-kali di video ini? 😅;0;gak sih ngasih dislike kali kali video sweat smile;;;;;;;
main cerdas ; pilih pu lau tujuh tujuh tujuh cuan !;1;main cerdas pilih pu lau tujuh tujuh tujuh cuan;;;;;;
; ngomongin 𝘼𝙇𝙀𝙓𝙄𝙎17 ; ikutan kepo . ?;1;ngomongin alexis17 ikut kepo;;;;;
alexis17 ! emang ga duanya ; pelayanan super kilat ; wd lancar;1;alexis17 emang ga dua layan super kilat wd lancar;;;;;
mantap jiwa emang 𝘼𝙇𝙀𝙓𝙄𝙎17 !;1;mantap jiwa emang alexis17;;;;;;;
ᗩᗷGᗯIᑎ gachor bgt; menang terus;1;bokuggooiti gachor bgt menang terus;;;;;;
Mnurut gwe gd itu kenblock.a Indonesia;0;mnurut gwe gd kenblock a indonesia;;;;;;;
hidup cakep ? biarin cuan pu lau tujuh tujuh tujuh bantuin .;1;hidup cakep biarin cuan pu lau tujuh tujuh tujuh bantuin;;;;;;;
masih menagih janji 17jt lapangan kerja;0;tagih janji 17jt lapang kerja;;;;;;;
Beli di shopee bang;0;beli shopee bang;;;;;;;
seminggu main alexis17 ; hidup gue berubah 180 derajat !;1;minggu main alexis17 hidup gue ubah derajat;;;;;;
Blok dan lol;0;blok lol;;;;;;;
selesai 𝘼𝙇𝙀𝙓𝙄𝙎17;1;selesai alexis17;;;;;;;
plsss jangan kebanyakan since yang ga guna langsung ke intinya aja woi;0;plsss jangan banyak since ga langsung inti aja woi;;;;;;;
THANK YOUUU KOH!!!;0;thank youuu koh;;;;;;;
LOH PAK??? BUKANNYA UDAH PAKE BUZZER DARI DULU?;0;loh pak bukan udah pake buzzer dulu;;;;;;;
​ @rezaldiaziz1508 ingat bukan kaum mendang-mending yah ini kiakakakakakak 😂 :D;0;rezaldiaziz15 8 ingat bukan kaum dang mending yah kiakakakakakak joy d;;;;;;;
😂 selain menistakan agama juga selingkoh ngembat ajudan sendiri 😅;0;joy nista agama selingkoh ngembat ajudan sendiri sweat smile;;;;;;;
; dapetin info 𝘼𝙇𝙀𝙓𝙄𝙎17 ?;1;dapetin info alexis17;;;;;;
⁠​⁠ @dimasseto7248 gila pakar ekspresi datang; mangut mangut semua = setuju WKWKWKKW;0;dimasseto7248 gila pakar ekspresi datang mangut mangut semua tuju wkwkwkkw;;;;;;
AHOOOKKKKK❤❤❤;0;ahoookkkkk heart heart heart;;;;;;;
bermain teman-teman 𝐒𝐆𝐈𝟖𝟖 seru asyik ; rezekinya !;1;main teman teman sgi88 seru asyik rezeki;;;;;;
gak pusing mikirin biaya kuliah kalo udah join alexis17 .;1;gak pusing mikirin biaya kuliah kalo udah join alexis17;;;;;;;
buat video full review crosstreknya dong mas dipo;0;buat video full review crosstreknya dong mas dipo;;;;;;;
@fishybrad  dituduh buzzer Mulu njir 😭;0;fishybrad tuduh buzzer mulu njir sob;;;;;;;
18:58 cocok tuh buat puasa nanti;0;cocok tuh buat puasa;;;;;;;
malam beruntung banget main 𝘿e𝘞а𝐃o𝑅𝐴 ; hasilnya !;1;malam untung banget main dewadora hasil;;;;;;
😂😂 biar di bilang kerja;0;joy joy biar bilang kerja;;;;;;;
Bareng bareng dilaporkan ke youtube aja yuk;0;bareng bareng lapor youtube aja yuk;;;;;;;
coba 𝐒𝐆𝐈𝟖𝟖 ; gak ribet ! salam petir x 500;1;coba sgi88 gak ribet salam petir x;;;;;;
10:29 pasti Lbwk kah?;0;lbwk;;;;;;;
IPK nya berapa bran?;0;ipk nya berapa bran;;;;;;;
rp.5.000 terkumpul . semangat cari sisanya;0;rp kumpul semangat cari sisa;;;;;;;
Muka kecuut.sambil senyum ke Luh bos;0;muka kecuut senyum luh bos;;;;;;;
Ganteng Banget❤;0;ganteng banget heart;;;;;;;
kerennn contentnya bang ; cari situs 𝗪𝗘𝗧𝗢𝗡𝟴𝟴;1;kerennn contentnya bang cari situs weton88;;;;;;
Pecinta 2 jz bg ziko;0;cinta jz bg ziko;;;;;;;
gila mandalika77 real gacirnya pantes rame;1;gila mandalika77 real gacirnya pantes rame;;;;;;;
gak khawatir tua kalo udah gabung alexis17 .;1;gak khawatir tua kalo udah gabung alexis17;;;;;;;
Cucok gaspooL;0;cucok gaspool;;;;;;;
gw kesini langsung skip video buka kolom komentar 😂😂😂😂;0;gw kesini langsung skip video buka kolom komentar joy joy joy joy;;;;;;;
gw kasi kisi2 halus sikit; main la di mandalika77 anak baru nih brani kasi wr tinggi2 wkwkwkwk kita gas biar kapok;1;gw kasi kisi2 halus sikit main la mandalika77 anak baru nih brani kasi wr tinggi2 wkwkwkwk gas biar kapok;;;;;;
Gasss Zikooo main motorrr💪;0;gasss zikooo main motorrr muscle;;;;;;;
orang bilang alexis17 tuh bener-bener ngubah nasib .;1;orang bilang alexis17 tuh bener bener ngubah nasib;;;;;;;
kecewa berat. please turunin dia dari kursi presiden :(((;0;kecewa berat please turunin kursi presiden;;;;;;;
gue sih udah ga move on alexis17 ! ; gacor ; bikin kecanduan;1;gue sih udah ga move on alexis17 gacor bikin candu;;;;;
percuma kita pinter😂😂😂😂😂😂😂🤣🤣🤣🤣🤣🤣🤣 kata dia....;0;percuma pinter joy joy joy joy joy joy joy rofl rofl rofl rofl rofl rofl rofl kata;;;;;;;
​ @AlsimKebunsayur pasti ada antena nya nich 😂;0;alsimkebunsayur antena nya nich joy;;;;;;;
bro tau ga alexis17 ; udah support bank e-wallet minimal;1;bro tau ga alexis17 udah support bank e wallet minimal;;;;;;
enak banget buat pengantar tidur denger bapak ini ngedongeng;0;enak banget buat antar tidur denger bapak ngedongeng;;;;;;;
Lagi di jalan nih mau belii ...iya beli gorengan;0;jalan nih mau beli iya beli goreng;;;;;;;
Ini yang di beli i showw speed itu bukan sih info dong;0;beli i showw speed bukan sih info dong;;;;;;;
Paling satisfying pas bongkar; pasang bodykit+pasang livery;0;paling satisfying pas bongkar pasang bodykit pasang livery;;;;;;
ajuin anggaran dulu boss;0;ajuin anggar dulu boss;;;;;;;
bapak tolong kalo lagi bahas sesuatu jangan kemana2.;0;bapak kalo bahas jangan kemana2;;;;;;;
Mending joget aja pak;0;mending joget aja pak;;;;;;;
Harga nya 100jt cok bukan 50jt;0;harga nya 1 jt cok bukan 5 jt;;;;;;;
Jangan pernah mimpi kau jadi presiden kaya bapak kau!!!;0;jangan pernah mimpi kau jadi presiden kaya bapak kau;;;;;;;
Ini ga nyambung apa kamu yang ga ngerti 😂😂😂;0;ga nyambung apa kamu ga ngerti joy joy joy;;;;;;;
NOOO udahh rusak lagiii😢;0;nooo udahh rusak lagiii cry;;;;;;;
gak kecewa main λ l e x i s 1 7 ; ; slt on fire !;1;gak kecewa main llexis17 slt on fire;;;;;
Luar biasa! bang video kamu !! 𝐏𝐑𝐎𝐁𝐄𝐓𝟖𝟓𝟓 terpercaya 5k jadi 1jt;1;luar biasa bang video kamu probet855 percaya 5k jadi 1jt;;;;;;;
Anjinggg lucuuu bngtttt ngakaakkkk;0;anjinggg lucuuu bngtttt ngakaakkkk;;;;;;;
dapet scatter hitam 𝗞 𝗢 𝗜 𝗦 𝗟 𝗢 𝗧 ; sald𝙤 langsung bengkak;1;dapet scatter hitam koislot saldo langsung bengkak;;;;;;
CITY TIPE Z OM TOLONG REVIEW🙏😁;0;city tipe z om review pray grin;;;;;;;
Indonesia semakin parah. Gelap;0;indonesia makin parah gelap;;;;;;;
tanpa saya💀;0;skull;;;;;;;
Jawaban gini amat ya 😅😅;0;jawab gin sweat smile sweat smile;;;;;;;
@qadafialmadani4349  what if kalau masih golput?;0;qadafialmadani4349 what if kalau golput;;;;;;;
Lagu Garasi Drift morning Jam?? Bukan;0;lagu garasi drift morning jam bukan;;;;;;;
gue rela ninggalin kerjaan fokus alexis17 .;1;gue rela ninggalin kerja fokus alexis17;;;;;;;
𝗪𝗘𝗧𝗢𝗡𝟴𝟴 bikin ketagihan !;1;weton88 bikin tagih;;;;;;;
Makasih bang buat infonya . Respect 🙏💥;0;makasih bang buat info respect pray boom;;;;;;;
Solusinya terus mana; masalah semua;0;solusi terus mana masalah semua;;;;;;
Kenapa di sini sepi buzzer. Apakah belum ada perintah 😊;0;sini sepi buzzer perintah blush;;;;;;;
 @lykaqila5244  apa prestasinya?;0;lykaqila5244 apa prestasi;;;;;;;
dapet rekomendasi maen diga ruda hoki ghacoorr bgt;1;dapet rekomendasi maen diga ruda hoki ghacoorr bgt;;;;;;;
Haram bg..;0;haram bg;;;;;;;
Makin paham knp negara ini memang butuh orang seperti anies;0;makin paham knp negara memang butuh orang anies;;;;;;;
Aku aja ga berani liat kak; udah nebak dari komen isinya gimana 😅;0;aku aja ga berani liat kak udah nebak komen isi gimana sweat smile;;;;;;
Coba aja velg nya lebih ke hitam glosy kenya mayan bgus opini aku😅;0;coba aja velg nya lebih hitam glosy kenya mayan bgus opini aku sweat smile;;;;;;;
Tim yang gak nonton tapi beli;0;tim gak nonton beli;;;;;;;
sebulan main alexis17 ; hidup gue berubah total !;1;bulan main alexis17 hidup gue ubah total;;;;;;
bang panjoooo tiket buat jakarta abis😭;0;bang panjoooo tiket buat jakarta abis sob;;;;;;;
Awalnya ragu tapi lama - kelamaan jadi percaya maen s10t di mandalika77 ; karena di kasih menang terus menerus..;1;awal ragu lama lama jadi percaya maen s1 t mandalika77 kasih menang terus terus;;;;;;
swert bonanja makswin ; puas banget;1;swert bonanja makswin puas banget;;;;;;
That is insane! Nice build!;0;that is insane nice build;;;;;;;
Sukses selalu mas dipo dan team 💙🔥;0;sukses selalu mas dipo team blue heart fire;;;;;;;
Tak pernah bosen dengerin cerita koh Ahok;0;tak pernah bosen dengerin cerita koh ahok;;;;;;;
Bukan gak nangkep.... Gak mau jawab 😂;0;bukan gak nangkep gak mau jawab joy;;;;;;;
Anaknya kah?;0;anak;;;;;;;
Wowo jawaban mu tidurku jadi nyenyak 😂;0;wowo jawab mu tidur jadi nyenyak joy;;;;;;;
3 bang ; salam jepe 𝐒 𝙂ｉ𝟖 𝟖;1;bang salam jepe s gi8;;;;;;
MANTAP BG BIMO;0;mantap bg bimo;;;;;;;
emang gak se-adil alexis17 deh .;1;emang gak se adil alexis17 deh;;;;;;;
hidup lo cerah disinarin cuan pu lau tujuh tujuh tujuh .;1;hidup lo cerah disinarin cuan pu lau tujuh tujuh tujuh;;;;;;;
hpnya jatuh ; auto koma;1;hpnya jatuh auto koma;;;;;;
Baru maen; lgsng makswin; GG banget;1;baru maen lgsng makswin gg banget;;;;;
gue sih udah ga move on alexis17 ; ; gacor bikin kecanduan;1;gue sih udah ga move on alexis17 gacor bikin candu;;;;;
admin judol ya lu😹​ @izurzuhri ;0;admin judol lu joy cat izurzuhri;;;;;;;
buseettt bener;1;buseettt bener;;;;;;;
seminggu main alexis17 ; gue udah ganti perabotan rumah !;1;minggu main alexis17 gue udah ganti perabot rumah;;;;;;
1:00:46 damkar 🤣;0;damkar rofl;;;;;;;
Di tanyain apa jawabnya apa lu mah 😢;0;tanyain apa jawab apa lu mah cry;;;;;;;
ALEXIS-17☯ tuh emang bener-bener ngebantu banget pas gua lagi bokek;1;alexis yin tuh emang bener bener ngebantu banget pas gua bokek;;;;;;;
𝐒𝐆𝐈𝟖𝟖 keren banget;1;sgi88 keren banget;;;;;;;
𝐃 𝙀 𝙒 a d o 𝙍 𝘼menawarkan pendekatan unik inovatif interaksi daring .;1;dewador amenawarkan dekat unik inovatif interaksi daring;;;;;;;
Penasaran liat yg dislek 82% ketimbang yg like 😅;0;penasaran liat yg dislek ketimbang yg like sweat smile;;;;;;;
Pertama kali tau hummer di NFS underground rental ps tahun 2008;0;pertama kali tau hummer nfs underground rental ps tahun;;;;;;;
ga berhenti main 𝘼𝙇𝙀𝙓𝙄𝙎17 .;1;ga henti main alexis17;;;;;;;
KEK?? KAYA GINI?? PRESIDEN??;0;kek kaya gin presiden;;;;;;;
@rockygerung nonton gk niiihh.;0;rockygerung nonton gk niiihh;;;;;;;
YA ALLAH BEBASKAN PAK PRESIDEN DARI PIKUN; PELUPA DAN PEMALAS...;0;allah bebas pak presiden pikun lupa malas;;;;;;
ini sih kagak bakal ada yang percaya;0;sih kagak bakal percaya;;;;;;;
emang gak se-mantep alexis17 deh .;1;emang gak se mantep alexis17 deh;;;;;;;
bonus pengangguran;0;bonus anggur;;;;;;;
harga velg nya😢😂😢😢😢;0;harga velg nya cry joy cry cry cry;;;;;;;
gak ngalahin benefit main alexis17 .;1;gak ngalahin benefit main alexis17;;;;;;;
Gokil.. Mobil drift ter proper.;0;gokil mobil drift ter proper;;;;;;;
akhirnyaa salam 𝐒𝐆𝐈𝟖𝟖 ! gampang jepe;1;akhirnyaa salam sgi88 gampang jepe;;;;;;;
Bsk lanjut;0;bsk lanjut;;;;;;;
seru nich 𝐒𝐆𝐈𝟖𝟖 cair;1;seru nich sgi88 cair;;;;;;;
konten ! keren banget menjelaskannya ! main bagus bang 𝗪𝗘𝗧𝗢𝗡𝟴𝟴;1;konten keren banget jelas main bagus bang weton88;;;;;;;
 @rogerhandoyo3298  lebay amat stroberi;0;rogerhandoyo3298 lebay stroberi;;;;;;;
auto jepey ! λlexis17 ;;1;auto jepey llexis17;;;;;;
Gua bukan sales tapi emg gokil siGa ru da Ho ki-gacorr der🔥🤣;1;gua bukan sales emg gokil siga ru da ho ki gacorr der fire rofl;;;;;;;
Tinggal mobil nya farel ini; penasaran bakal kyk gimana hasil nya... 😁;0;tinggal mobil nya farel penasaran bakal kyk gimana hasil nya grin;;;;;;
seneng hari ini; bangun2 kumpulin nyawa main di ＭΛＮDAL!KΛ𝟟𝟟; langsung dikasi pula wekwekwek;1;neng hari bangun2 kumpulin nyawa main mlndal kl77 langsung kasi wekwekwek;;;;;
bro ; alexis17 ! tuh emang mantep banget ; gue udah buktiin;1;bro alexis17 tuh emang mantep banget gue udah buktiin;;;;;
swert bonanja makswin ; puas banget;1;swert bonanja makswin puas banget;;;;;;
terimakasih selalu upload bg; walaupun masih sibuk🎉𝗪𝗘𝗧𝗢𝗡𝟴𝟴;1;terimakasih selalu upload bg walaupun sibuk tada weton88;;;;;;
Orang dewasa Mewancarai seorang bayi.;0;orang dewasa mewancarai orang bayi;;;;;;;
Gas konten motor;0;gas konten motor;;;;;;;
Semangat bang buat konten nya 😊Salam 𝐏𝐑𝐎𝐁𝐄𝐓𝟖𝟓𝟓! gampang Jepe;1;semangat bang buat konten nya blush salam probet855 gampang jepe;;;;;;;
Halah lambemu;0;halah lambe;;;;;;;
gajelas ngomongin apa;0;gajelas ngomongin apa;;;;;;;
iyain aja dah;0;iyain aja dah;;;;;;;
Jiwa kemiskinan bergetar😂;0;jiwa miskin getar joy;;;;;;;
Bukanya itu rx7 bukan punyanya armuh;0;buka rx7 bukan punya armuh;;;;;;;
review infinix note 50 pro plus min;0;review infinix note pro plus min;;;;;;;
gimana pakainya si 𝘼𝙇𝙀𝙓𝙄𝙎17 ?;1;gimana pakai si alexis17;;;;;;;
Ya Allah; dosa apa negeri inj😢;0;allah dosa apa negeri inj cry;;;;;;
Mobil barunya Gus Iqdam;0;mobil baru gus iqdam;;;;;;;
tunggu tunggu salam jepe 𝗪𝗘𝗧𝗢𝗡𝟴𝟴;1;tunggu tunggu salam jepe weton88;;;;;;;
Up!!!!;0;up;;;;;;;
jepey terus di 𝐒𝐆𝐈𝟖𝟖; beneran!;1;jepey terus sgi88 beneran;;;;;;
Pengarang handal lu wooo;0;arang handal lu wooo;;;;;;;
ｐｕｌａｕｗｉｎ ; susah pindah .;1;pulauwin susah pindah;;;;;;
Ini langsung di operasi in operator no cut; ga ada edit after nya;0;langsung operasi in operator no cut ga edit after nya;;;;;;
gak skill jago menang alexis17 .;1;gak skill jago menang alexis17;;;;;;;
terima kasih min alexis17 wede 8.000.000 masuk;1;terima kasih min alexis17 wede masuk;;;;;;;
Biasa youtube bnyak koment yg bagus2 dn like yg bnyak; ini kebalikan😅;0;biasa youtube bnyak koment yg bagus2 dn like yg bnyak balik sweat smile;;;;;;
emang gak obatnya sih keseruan alexis17 .;1;emang gak obat sih seru alexis17;;;;;;;
wede aman ; petir merah bikin mekswin;1;wede aman petir merah bikin mekswin;;;;;;
Menyala King 🔥🔥;0;nyala king fire fire;;;;;;;
One of The Best Episode ❤;0;one of the best episode heart;;;;;;;
gachor banget; main di 𝘋𝐄𝘞𝐀𝐃O𝐑𝘈;1;gachor banget main dewadora;;;;;;
Keren banget lo brow..;0;keren banget lo brow;;;;;;;
kepo alexis17 ; beruntung !;1;kepo alexis17 untung;;;;;;
gila ! 𝑲𝑰𝑵𝑮𝟑𝟐𝟖 bikin ketagihan parah ; susah move on !;1;gila king328 bikin tagih parah susah move on;;;;;;
Terima kasih bang🙏;0;terima kasih bang pray;;;;;;;
modifikasi motor waktu bulan puasa jadi asik tu @garasi drift;0;modifikasi motor waktu bulan puasa jadi asik tu garasi drift;;;;;;;
​ @Dilann9  daerah ku belum ada;0;dilann9 daerah ku;;;;;;;
Kok sama.. 😂. Tapi data dislikenya tdk muncul we...;0;kok sama joy data dislikenya tdk muncul we;;;;;;;
Bismillah nabung buat belinya;0;bismillah nabung buat beli;;;;;;;
Ngeri spek nya;0;ngeri spek nya;;;;;;;
Presiden kocak;0;presiden kocak;;;;;;;
blh coba alexis17;1;blh coba alexis17;;;;;;;
Bisa gak ya? Di ganti mesin konfensional? 😅;0;gak ganti mesin konfensional sweat smile;;;;;;;
𝘋𝑂𝑅𝐴𝟽𝟩menawarkan pendekatan unik inovatif interaksi daring .;1;dora77menawarkan dekat unik inovatif interaksi daring;;;;;;;
 @bukanpemudaormas1340  biggest yapper;0;bukanpemudaormas134 biggest yapper;;;;;;;
 @SamsulKhoir-w5t  negarawan sejati yang ngelantur brow ✌🏾;0;samsulkhoir w5t negarawan sejati ngelantur brow v;;;;;;;
tinggal nunggu LSX s14 nya mas Dio aja sii;0;tinggal nunggu lsx s14 nya mas dio aja sii;;;;;;;
Sukses selalu mandalika77;1;sukses selalu mandalika77;;;;;;;
Emang gak ada obatnya sih keseruan main ALEXIS⭐17⭐.;1;emang gak obat sih seru main alexis star star;;;;;;;
Ini yang ku tunggu sejak tadi malam hehehe;;;;;;;;;
Baru sehari main ALEXIS⭐17⭐; gue langsung ketagihan!;1;baru hari main alexis star star gue langsung tagih;;;;;;
3 bang ; salam jepe λlexis17 ;;1;bang salam jepe llexis17;;;;;
 @alkahfzikri7288 harus kita dukung itu; bikin partai isinya orang orang bener aja;0;alkahfzikri7288 dukung bikin partai isi orang orang bener aja;;;;;;
Ini kaya s14 amandio tapi bodi brz;0;kaya s14 amandio bodi brz;;;;;;;
sipaling mana2 cok alexis 17 hduh;1;sipaling mana2 cok alexis hduh;;;;;;;
patungan tim 😂;0;patungan tim joy;;;;;;;
Terutama paman😂😂;0;utama paman joy joy;;;;;;;
Maaf terlambat bang semangat ya Salam 𝐏𝐑𝐎𝐁𝐄𝐓𝟖𝟓𝟓! gampang Jepe;1;maaf lambat bang semangat salam probet855 gampang jepe;;;;;;;
wede 2 juta ; prosesnya gampang banget;1;wede juta proses gampang banget;;;;;;
"lebih ke ""Presiden Prabowo Menjawab dengan Melantur""";0;lebih presiden prabowo jawab lantur;;;;;;;
gabung alexis17 sebulan ; udah beli tanah !;1;gabung alexis17 bulan udah beli tanah;;;;;;
beli mobil listrik aja asli ntr murah dah;0;beli mobil listrik aja asli ntr murah dah;;;;;;;
А𝐗𝐿𝟳7𝟽 tiap kali maen pasti ada aja WEDEY;1;axl777 tiap kali maen aja wedey;;;;;;;
Gokil ;keren cok🙌🙌;0;gokil keren cok raised hands raised hands;;;;;;
W ngakak jokes bapak bapak Sheila on 7 dan wkwk;0;w ngakak jokes bapak bapak sheila on wkwk;;;;;;;
seminggu join alexis17 ; gue udah beliin ortu kulkas pintu !;1;minggu join alexis17 gue udah beliin ortu kulkas pintu;;;;;;
Pingin sumbang di like & nonton komentar daripada denger monolog😂;0;pingin sumbang like nonton komentar denger monolog joy;;;;;;;
saya terhipnotis presiden sebelumnya. sehingga buta akan kebaikan;0;hipnotis presiden belum buta baik;;;;;;;
Knp abang”nya yg lebih dominan ngomong waktu di recaro 😅;0;knp abang nya yg lebih dominan ngomong waktu recaro sweat smile;;;;;;;
Mobilnya gus iqdam mantab;0;mobil gus iqdam mantab;;;;;;;
njir ; denger-denger 𝘼𝙇𝙀𝙓𝙄𝙎17 promo ; bener gak sih ? pokoknya .;1;njir denger denger alexis17 promo bener gak sih pokok;;;;;
 @robbyzulhaq_rz6725 kurang nyimak lu ngap;0;robbyzulhaq rz6725 kurang nyimak lu ngap;;;;;;;
kacau yaaa hadeuhhh;0;kacau yaaa hadeuhhh;;;;;;;
jumlah dislikenya di hilangin......;0;jumlah dislikenya hilangin;;;;;;;
Statement paling gokil ayahnya pak Ahok 1:10:55;0;statement paling gokil ayah pak ahok;;;;;;;
𝐀G𝘜𝘚TO𝘛𝘖 aku cba; jepe gede lngsg;1;agustoto aku cba jepe gede lngsg;;;;;;
denger-denger 𝘼𝙇𝙀𝙓𝙄𝙎17 promo ; bener gak sih ?;1;denger denger alexis17 promo bener gak sih;;;;;;
Anies Ahok 2029 bisa kali...;0;anies ahok kali;;;;;;;
Baru denger harganya langsung tarik nafas panjang;0;baru denger harga langsung tarik nafas panjang;;;;;;;
Saya merasa layanan di ρ𝓊𝓵άü777 sangat profesional.;1;rasa layan rulau777 sangat profesional;;;;;;;
Saya sudah dislike. Tp ga muncul angkanya;0;dislike tp ga muncul angka;;;;;;;
Kabar crosstrek gamana bang?;0;kabar crosstrek gamana bang;;;;;;;
judi=hama dan penghancur semangat orang orang.;0;judi hama hancur semangat orang orang;;;;;;;
nmax turbo hedonnn;0;nmax turbo hedonnn;;;;;;;
05:77 Penuhi mimpi Anda dengan kemenangan di Pulau 777!;1;penuh mimpi menang pulau;;;;;;;
Emang gak ada yang se-jujur ALEXIS⭐17⭐ deh.;1;emang gak se jujur alexis star star deh;;;;;;;
Prabowo itu negarawan sejati brow❤❤❤❤;0;prabowo negarawan sejati brow heart heart heart heart;;;;;;;
jepe ; emang p͓̽u͓̽l͓̽a͓̽u͓̽7͓̽7͓̽7͓̽ terbaik !;1;jepe emang pulau777 baik;;;;;;
@aansaputra3870  iya bner ibarat nya test the water dlu atau liat sikon;0;aansaputra387 iya bner ibarat nya test the water dlu liat sikon;;;;;;;
Gantengan velg sebelumnya;0;ganteng velg belum;;;;;;;
Dari pertama maen sampe skrg; di АG𝐔𝘚𝙏O𝑇О ga pernah zonk;1;pertama maen sampe skrg agustoto ga pernah zonk;;;;;;
Gus Idham udah punya .. keren banget ❤❤;0;gus idham udah punya keren banget heart heart;;;;;;;
Mending beli maung daripada beli  macan 😂😂😂;0;mending beli maung beli macan joy joy joy;;;;;;;
Faktor penentunya ad di tangan teman-teman (gibran) wakil presiden;0;faktor tentu ad tangan teman teman gibran wakil presiden;;;;;;;
Anis-Ahok OKE...✅;0;anis ahok oke white check mark;;;;;;;
Jeep wagoner tahun 70an juga baut rodanya ada 8;0;jeep wagoner tahun 7 an baut roda;;;;;;;
𝕄𝘼 𝑵 𝐔 𝑻 8 8...Gachoor parah geeeeess;1;ma nut8 gachoor parah geeeeess;;;;;;;
Bikin konten mtor bg;0;bikin konten mtor bg;;;;;;;
wede 2 juta ; prosesnya gampang banget;1;wede juta proses gampang banget;;;;;;
mobilnya farel blum ada ya?;0;mobil farel blum;;;;;;;
malam keberuntungan аg𝙐𝐒tо𝑇𝙊 ; seru banget !;1;malam untung agustoto seru banget;;;;;;
bang pandji please part two with ahok😁;0;bang pandji please part two with ahok grin;;;;;;;
yang belum rasain maxwin GA RU DA SATU TIGA DELAPAN..Sudah Pasti Jepe💗;1;rasain maxwin ga ru da satu tiga delapan jepe heartpulse;;;;;;;
gibran cari aman itu;0;gibran cari aman;;;;;;;
gassssss aghhhhh like nya yg like seomga kebeli hp 3 lipat👍👍👍jempl dah😊;0;gassssss aghhhhh like nya yg like seomga kebel hp lipat thumbsup thumbsup thumbsup jempl dah blush;;;;;;;
Mantap mas wapres ❤❤❤;0;mantap mas wapres heart heart heart;;;;;;;
pengalaman main pawpaw4d bikin ketagihan ; main .;1;alam main pawpaw4d bikin tagih main;;;;;;
Cuma mau kasi masukan aja Bang; aku sering main di mandalika77 dan main disini sportif g selalu Rungkad bahkan sering dikasi menang;1;cuma mau kasi masuk aja bang aku sering main mandalika77 main sini sportif g selalu rungkad bahkan sering kasi menang;;;;;;
modal receh lgsng jepe brusan;1;modal receh lgsng jepe brusan;;;;;;;
Adiknya giant doraemon… jaiko..;0;adik giant doraemon jaiko;;;;;;;
makin mantap kawan main di✦𝗠𝗮𝗻𝘂𝘁𝟴𝟴✦;1;makin mantap kawan main manut88;;;;;;;
hahaha demo-nya dibayar katanya;0;hahaha demo nya bayar kata;;;;;;;
seminggu main alexis17 ; gue udah lunasi kpr !;1;minggu main alexis17 gue udah lunas kpr;;;;;;
Disini👉ＭＡＮＤＡＬＩＫＡ７７ membuat saya sanggat senang sekali🎉🎉;1;sini point right mandalika77 buat sanggat senang sekali tada tada;;;;;;;
 @mulimuchlis1414  ngomong bahasa elit; padahal cari kerja sulit;0;mulimuchlis1414 ngomong bahasa elit padahal cari kerja sulit;;;;;;
rame banget nih 𝘼𝙇𝙀𝙓𝙄𝙎17 tongkrongan .;1;rame banget nih alexis17 tongkrong;;;;;;;
Senang banget dapat rezeki tak terduga dari D𝑂𝑅𝐴𝟩𝟽!;1;senang banget rezeki tak duga dora77;;;;;;;
Gak kerasa waktu cepet banget lewat kalau udah main di 𝓟𝓤𝓛𝓐𝓤𝓦𝓘𝓝.;1;gak rasa waktu cepet banget lewat kalau udah main pulauwin;;;;;;;
Bandar Weton88☀ auto; sultan gacur;1;bandar weton88 sunny auto sultan gacur;;;;;;
WAH KOH RUBY THANK YOU YA KOH;0;wah koh ruby thank you koh;;;;;;;
kerennn contentnya bang ; cari situs 𝗪𝗘𝗧𝗢𝗡𝟴𝟴;1;kerennn contentnya bang cari situs weton88;;;;;;
5:23 saran dari ane suara agak dalem bg;;;;;;;;;
Dengan catatan asalkan pemerintah ikut bantu support ya pak;0;catat asal perintah ikut bantu support pak;;;;;;;
gokil ko Ruby wkwkwk makasih sudah meluangkan waktunya✨🙌🏻🙌🏻🙌🏻;0;gokil ko ruby wkwkwk makasih luang waktu sparkles raised hands raised hands raised hands;;;;;;;
AKHIRNYAAS CROSSTREKK!!!!!!!;0;akhirnyaas crosstrekk;;;;;;;
situs mantap 𝐏 𝐋 𝐔 𝐓 𝐎 𝟖 𝟖 gampang menangnya;1;situs mantap pluto88 gampang menang;;;;;;;
​ @MegaruliMega omon² doang kejar koruptor smpe antartika;0;megarulimega omon2 doang kejar koruptor smpe antartika;;;;;;;
Silap admin juga ngak minta no akun buat bukaan.🥱;0;silap admin ngak minta no akun buat buka yawning face;;;;;;;
Dengki lu; lu siapa ka;0;dengki lu lu siapa ka;;;;;;
@AnggoroDps_9  di menit mna Prabowo jawab langsung to the poin?;0;anggorodps 9 menit mna prabowo jawab langsung to the poin;;;;;;;
gak pendidikan menang alexis17 .;1;gak didik menang alexis17;;;;;;;
" @DailyInsporation  dikit"" buzzer 😂😂🤣";0;dailyinsporation dikit buzzer joy joy rofl;;;;;;;
presiden yapping wkwkwk;0;presiden yapping wkwkwk;;;;;;;
bilang ; 𝘼𝙇𝙀𝙓𝙄𝙎17 top markotop !;1;bilang alexis17 top markotop;;;;;;
Bau bau world cup sudah tercium🔥;0;bau bau world cup cium fire;;;;;;;
Jadilah pemenang selanjutnya dan raih hadiah spektakuler di 𝒑𝒖𝒍𝒂𝒖𝒘𝒊𝒏☝;1;jadi menang lanjut raih hadiah spektakuler pulauwin point up;;;;;;;
MIGRAIN (MAKE INDONESIA GREAT AGAIN)😂😂😂;0;migrain make indonesia great again joy joy joy;;;;;;;
𝘋𝐄𝘞𝐀𝐃O𝐑𝘈 bikin mekswin makin gampang;1;dewadora bikin mekswin makin gampang;;;;;;;
Style Taktis kayak gini yang diperlukan sebagai Leader Indonesia.;0;style taktis kayak gin perlu leader indonesia;;;;;;;
ngebantah bang😂;0;ngebantah bang joy;;;;;;;
Jangan spoiler  biar yang lain bisa penasaran;0;jangan spoiler biar penasaran;;;;;;;
Oi hok ahok; 2029 lu nyapres dah.;;;;;;;;
President yang kurang wkwkwkw;0;president kurang wkwkwkw;;;;;;;
gercep banget;0;gercep banget;;;;;;;
gokiel loe dip🎉🎉;0;gokiel loe dip tada tada;;;;;;;
Langsung beli.. Nasi padang 😂;0;langsung beli nasi padang joy;;;;;;;
scholar mate 😂;0;scholar mate joy;;;;;;;
31:32 Yg warna merah jngn sampe lepas; sayang ga review. 😢;0;yg warna merah jngn sampe lepas sayang ga review cry;;;;;;
Awas bang yang komen PP nya ngk ada akun buzer pemerintah;0;awas bang komen pp nya ngk akun buzer perintah;;;;;;;
alexis'17 main dikit ; saldo langsung byk;1;alexis main dikit saldo langsung byk;;;;;;
gila ; 𝘼𝙇𝙀𝙓𝙄𝙎17 cepet banget prosesnya ; salut . pokoknya ?;1;gila alexis17 cepet banget proses salut pokok;;;;;
gue rela ninggalin hobi fokus alexis17 .;1;gue rela ninggalin hobi fokus alexis17;;;;;;;
temen gue rekomendasiin 𝘼𝙇𝙀𝙓𝙄𝙎17 ; mantap .;1;temen gue rekomendasiin alexis17 mantap;;;;;;
Bang bahas Legion y700 .;;;;;;;;;
alexis'17 wedey gede ; cma maen bentar;1;alexis wedey gede cma maen bentar;;;;;;
⭐𝘼𝙇𝙀𝙓𝙄𝙎17 tempat tergacor.;1;star alexis17 tempat tergacor;;;;;;;
Bang di suruh nonton ulang sama buzzer 400perak;0;bang suruh nonton ulang sama buzzer 4 perak;;;;;;;
Om mobi masih belum fit ya? Ga banyak perlawanan 😂;0;om mob fit ga banyak lawan joy;;;;;;;
Sudah saatnya mas ziko 200sx pasang ls hdc(1uz) 😂😂😂😂;0;saat mas ziko 2 sx pasang ls hdc 1uz joy joy joy joy;;;;;;;
Tantangan  kami harus  bersabar menanti pergantian wapres sampai 2029😂;0;tantang sabar nanti ganti wapres joy;;;;;;;
besok pagi beli ah;0;besok pagi beli ah;;;;;;;
BWAHAHAHAHA;0;bwahahahaha;;;;;;;
Sangat sulit menemukan tempat seperti Pulⱥ𝖚𝟽𝟽𝟽 dengan kualitas seperti ini.;1;sangat sulit temu tempat pulau777 kualitas;;;;;;;
gue rela ninggalin nongkrong fokus alexis17 .;1;gue rela ninggalin nongkrong fokus alexis17;;;;;;;
Huawei ini tkdn nya apa?;0;huawei tkdn nya apa;;;;;;;
Ken block banget asli;0;ken block banget asli;;;;;;;
Sangat Gokil Kawan;0;sangat gokil kawan;;;;;;;
Aura nya reno bnget😂;0;aura nya reno bnget joy;;;;;;;
gak nyangka sih ; se-enjoy p̶u̶l̶a̶u̶w̶i̶n̶ .;1;gak nyangka sih se enjoy pulauwin;;;;;;
GGwp sih ad;in jud;ol kek tai bisa ada dmn2;0;ggwp sih ad in jud ol kek tai dmn2;;;;;
anjay ; sih 𝘼𝙇𝙀𝙓𝙄𝙎17 trending gitu ?;1;anjay sih alexis17 trending gitu;;;;;;
 @mamamia6512  copast dari AI;0;mamamia6512 copast ai;;;;;;;
Obel vs farel .. Harta Vs Tahta 😂😂;0;obel vs farel harta vs tahta joy joy;;;;;;;
Pertimbangkan untuk menjelajahi ＭΛＮDALIKΛ𝟟𝟟-jika Anda menghargai inovasi dan kreativitas.;1;timbang jajah mlndalikl77 harga inovasi kreativitas;;;;;;;
Gas dah buat modif motor; ninja ss atau vario;0;gas dah buat modif motor ninja ss vario;;;;;;
skete​r​ be​r​kali-kali ; hoki melimpah bos;1;sketer kali kali hoki limpah bos;;;;;;
rezeki nggak kemana ; makasih a.l.e.x.i.s.1.7 !;1;rezeki makasih a l e x i s;;;;;;
 @Fate-v9f  skor diatas 1 jt diatas 2jt juga ga bakal lu beli breeee 😂😂;0;fate v9f skor atas jt atas 2jt ga bakal lu beli breeee joy joy;;;;;;;
Indonesia ancur di pimpin beginian;0;indonesia ancur pimpin begini;;;;;;;
Poin² apa yg lw gasuka; sampein...;0;poin2 apa yg lw gasuka sampein;;;;;;
Jika Anda menghargai kualitas dan perhatian terhadap detail; ＭΛＮDALIKΛ𝟟𝟟-mungkin cocok.;1;harga kualitas perhati detail mlndalikl77 mungkin cocok;;;;;;
Langsung beli samsung a16;0;langsung beli samsung a16;;;;;;;
emang gak se-hits alexis17 sih .;1;emang gak se hits alexis17 sih;;;;;;;
Hyaaa mobil gus gusan;0;hyaaa mobil gus gus;;;;;;;
Y kalo dah d kasih motor udh kewajiban promosiin ..;0;y kalo dah d kasih motor udh wajib promosiin;;;;;;;
Bermanfaat;0;manfaat;;;;;;;
Anak nya om ombi aktif balapan kayak anak e om Fitra dong😂 biar seru;0;anak nya om ombi aktif balap kayak anak e om fitra dong joy biar seru;;;;;;;
Baru kali ini dengerin dialog bisa capek banget;0;baru kali dengerin dialog capek banget;;;;;;;
orang bilang alexis17 tuh bener-bener dipercaya .;1;orang bilang alexis17 tuh bener bener percaya;;;;;;;
ACEH om Mobi lebih berasa test drive nyaa;0;aceh om mob lebih asa test drive nyaa;;;;;;;
pevs lihat mobil pevs lihat 17:19;0;pevs lihat mobil pevs lihat;;;;;;;
Jadi mules guah...🤢;0;jadi mules guah nauseated face;;;;;;;
gue takut ketinggalan tren pulauwin ; orang udah ikutan !;1;gue takut tinggal tren pulauwin orang udah ikut;;;;;;
lebih ganteng dari mobil nya ziko mas dipo;0;lebih ganteng mobil nya ziko mas dipo;;;;;;;
aku nyari komen yg dukung koq gak nemu2 yaa;0;aku nyari komen yg dukung koq gak nemu2 yaa;;;;;;;
Bener enak hp yg udah paten gausah tekuk2 . Ribet jg;0;bener enak hp yg udah paten gausah tekuk2 ribet jg;;;;;;;
Semangat bang dipo;0;semangat bang dipo;;;;;;;
modal receh makswin ; gg sih;1;modal receh makswin gg sih;;;;;;
bro alexis17 ; turnamen gede nih ; hadiahnya apartemen mewah;1;bro alexis17 turnamen gede nih hadiah apartemen mewah;;;;;
Langsung beli;0;langsung beli;;;;;;;
​ @MuhammadMudayin jurnalisnya sabar bgt pdahal mah gregetan;0;muhammadmudayin jurnalis sabar bgt pdahal mah gregetan;;;;;;;
tunggu yg 6 lipat😂;0;tunggu yg lipat joy;;;;;;;
ada harga ada kualitas sih;tapi kalo ini ngerii banget;0;harga kualitas sih kalo ngeri banget;;;;;;
emang gak se-transparan alexis17 deh .;1;emang gak se transparan alexis17 deh;;;;;;;
jangan bohong dosaa;0;jangan bohong dosaa;;;;;;;
Duo pemarah saling menjaga biar gak marah-marah; hahahaha;0;duo marah saling jaga biar gak marah marah hahahaha;;;;;;
05:20 ngga tau ─═𝗕𝗘𝗥𝗞𝗔𝗛𝟵𝟵 ═─ si ? tempatnya pemenang;1;ngga tau berkah99 si tempat menang;;;;;;;
pagi-pagi udah dapet notif wd alexis17 ; ; mood langsung sebulan;1;pagi pagi udah dapet notif wd alexis17 mood langsung bulan;;;;;
Jangan; kesian nanti jatohnye.;0;jangan kesi jatohnye;;;;;;
swert bonanja gacir ; wede 5 juta;1;swert bonanja gacir wede juta;;;;;;
Mending Mulyono 3 periode kalau jawab gitu. Haha..;0;mending mulyono periode kalau jawab gitu haha;;;;;;;
Dipo full senyum 🎉;0;dipo full senyum tada;;;;;;;
Gue gak pedulikan apa keyakinan mereka....;0;gue gak peduli apa yakin;;;;;;;
Tim CLBK aja 😢;0;tim clbk aja cry;;;;;;;
Lancar lancar bang salam Jepe ⭐𝐒𝐆𝐈𝟖𝟖;1;lancar lancar bang salam jepe star sgi88;;;;;;;
crosstrex   brz farrel 😢😢😢;0;crosstrex brz farrel cry cry cry;;;;;;;
Mantap Ko Ruby;0;mantap ko ruby;;;;;;;
Keinget kenblock;0;keinget kenblock;;;;;;;
Jaecoo J7 aja basisnya dari Tiggo 8 Kok Kecuali J8 yg basisnya Tiggo 9;0;jaecoo j7 aja basis tiggo kok j8 yg basis tiggo;;;;;;;
Huawei esia hidayah bagusan mana bang?;0;huawei esia hidayah bagus mana bang;;;;;;;
HP Sultan langsung buang😂;0;hp sultan langsung buang joy;;;;;;;
Coba dah; ga berjalan mulus nih kang joget;0;coba dah ga jalan mulus nih kang joget;;;;;;
JANGAN LUPA BASMI ORMAS DAN TUKANG PARKIR; MAS.;0;jangan lupa basmi ormas tukang parkir mas;;;;;;
Ternyata masih ada yg khilaf kasih like;0;nyata yg khilaf kasih like;;;;;;;
Yang di tunggu tunggu salam Jepe 𝗪𝗘𝗧𝗢𝗡𝟴𝟴;1;tunggu tunggu salam jepe weton88;;;;;;;
coba deh alexis17 dijamin makmur wkwk;1;coba deh alexis17 jamin makmur wkwk;;;;;;;
yakaan?? hebat btt gada yg gebrag meja;0;yakaan hebat btt gada yg gebrag meja;;;;;;;
gak takut penipuan kalo main alexis17 .;1;gak takut tipu kalo main alexis17;;;;;;;
Emangnya kl demo damai akan di dengar dan dituruti inpirasi rakyat😂😂😂;0;emang kl demo damai dengar turut inpirasi rakyat joy joy joy;;;;;;;
bng coba game zeus x 1000 𝐒𝐆𝐈𝟖𝟖 gampang bet pecah;1;bng coba game zeus x sgi88 gampang bet pecah;;;;;;;
gokillll kapan yahh gua punya mobil kaya garasi drift;0;gokillll kapan yahh gua punya mobil kaya garasi drift;;;;;;;
bro alexis17 ! ngadain giveaway nih ; buruan ikutan deadline;1;bro alexis17 ngadain giveaway nih buru ikut deadline;;;;;;
Bagaimana cara lihat jumlah dislike?;0;bagaimana cara lihat jumlah dislike;;;;;;;
gak gagal ; weton88;1;gak gagal weton88;;;;;;
Biar kelihatan pinter di set begini; kok malah kelihatan gobloknya 😂😂😂😂;0;biar lihat pinter set begini kok malah lihat goblok joy joy joy joy;;;;;;
Gila pajaknya;di China 30 juta;masuk di indo jadi 50 juta;0;gila pajak china juta masuk indo jadi juta;;;;;
dari semua pertanyaan pemred mayoritas tidak terjawab secara on point;0;semua tanya pemred mayoritas jawab on point;;;;;;;
49:14 ngakak gw liat reaksi bang panji:face-blue-smiling:;0;ngakak gw liat reaksi bang panji face blue smiling;;;;;;;
Ya kaan.. ya kaan.. 😅😅 ;;;;;;;;;
sebulan main alexis17 ; gue udah dp ruko !;1;bulan main alexis17 gue udah dp ruko;;;;;;
alexis'17 jackpot ; gk paham sehokinya;1;alexis jackpot gk paham hoki;;;;;;
Tos sepuh..kan nu penting joget gemoy dlu😂;0;tos sepuh kan nu penting joget gemoy dlu joy;;;;;;;
Bantahan jg sbg jawaban kan;drpd menghindar;0;bantah jg sbg jawab kan drpd hindar;;;;;;
Kayak honda maestro jaman dulu;semua roda bisa belok 😊;0;kayak honda maestro jaman dulu semua roda belok blush;;;;;;
bro tau ga alexis17 ! udah support bank e-wallet;1;bro tau ga alexis17 udah support bank e wallet;;;;;;;
konten macam apa ini; gk jelas fufufafa;0;konten macam apa gk jelas fufufafa;;;;;;
cuan emg alexis17 modal 100k jd 4jt;1;cuan emg alexis17 modal 1 k jd 4jt;;;;;;;
keren banget ! menang 𝐒𝐆𝐈𝟖𝟖 ; auto liburan mewah !;1;keren banget menang sgi88 auto libur mewah;;;;;;
KIA = Korean International Automotive;0;kia korean international automotive;;;;;;;
Mahal banget 50jt iphone 11 sampai yg 16 aja gak kebeli😭;0;mahal banget 5 jt iphone yg aja gak kebel sob;;;;;;;
Ya kan pasti ada sambungannya jadi ngga mati 1 layarnya 😂;0;kan sambung jadi ngga mati layar joy;;;;;;;
gak salah emang kata sodara gw; maen MANDALIKA77 hari ini; hasilnya mantep bgt brooo; kapan lagi maen bntaran doang udah dikasi narik banyak gini kwkwkw; makasih MANDALIKA77 paling mantep kamu;1;gak salah emang kata sodara gw maen mandalika77 hari hasil mantep bgt brooo kapan maen bntaran doang udah kasi narik banyak gin kwkwkw makasih mandalika77 paling mantep kamu;;;
​ @angeliart_ di bayar berapa om😂;0;angeliart bayar berapa om joy;;;;;;;
iPhone bisa gini GK🤣kaum Apple yg suka hina android panik;0;iphone gin gk rofl kaum apple yg suka hina android panik;;;;;;;
sebulan main alexis17 ; gue udah liburan eropa !;1;bulan main alexis17 gue udah libur eropa;;;;;;
Gokilll bang 🔥🔥🔥;0;gokilll bang fire fire fire;;;;;;;
Coba bayangin sama KDM..;0;coba bayangin sama kdm;;;;;;;
! bang video ! ! 𝐒𝐆𝐈𝟖𝟖 terpercaya 5k 1jt;1;bang video sgi88 percaya 5k 1jt;;;;;;;
minggir miskin jangan nyampah di channel orng;0;minggir miskin jangan nyampah channel orng;;;;;;;
masterpiece👌;0;masterpiece hand;;;;;;;
Kreeeennnnn;;;0;kreeeennnnn;;;;;
FUFU FAFAAA ?;0;fufu fafaaa;;;;;;;
Narkoba penyelundupan ; mantap;0;narkoba selundup mantap;;;;;;
gak modal gede alexis17 .;1;gak modal gede alexis17;;;;;;;
emang konsepnya gitu mas... pure natural... 😬;0;emang konsep gitu mas pure natural grimacing;;;;;;;
𝘼𝙇𝙀𝙓𝙄𝙎17 sih ? heboh banget ?;1;alexis17 sih heboh banget;;;;;;;
Jakpot besar bikin aku makin semangat tiap kali main di D𝑂𝑅𝐴𝟩𝟽!;1;jakpot besar bikin aku makin semangat tiap kali main dora77;;;;;;;
Cuma 50 jt aja kok ; iyaa CUMA 😭;0;cuma jt aja kok iyaa cuma sob;;;;;;
Preeeetttt;0;preeeetttt;;;;;;;
anies terbaik? noooo;0;anies baik noooo;;;;;;;
Episode kali ini ngasih tau kalo bang pandji ga jago main catur 😂;0;episode kali ngasih tau kalo bang pandji ga jago main catur joy;;;;;;;
gacir banget; main di 𝐏𝐑𝐎𝐁𝐄𝐓𝟖𝟓𝟓;1;gacir banget main probet855;;;;;;
 @bagusutoro9547  lah emg si owo gtu doang bsa nya kan? buzzer 700 perak kah?;0;bagusutoro9547 lah emg si owo gtu doang bsa nya kan buzzer perak;;;;;;;
pagi-pagi udah senyum ? ya iyalah ; cuan pu lau tujuh tujuh tujuh !;1;pagi pagi udah senyum iya cuan pu lau tujuh tujuh tujuh;;;;;;
Ikut sedih sama mobil baru GD😢;0;ikut sedih sama mobil baru gd cry;;;;;;;
Next Anies or KDM untuk perubahan indonesia 🇮🇩;0;next anies or kdm ubah indonesia id;;;;;;;
Mas kaya mobil reli;0;mas kaya mobil reli;;;;;;;
👍🏼👍🏼👍🏼👍🏼👍🏼🔥🔥🔥;;;;;;;;;
Gue rela ninggalin bisnis lama demi fokus di ALEXIS⭐17⭐.;1;gue rela ninggalin bisnis lama fokus alexis star star;;;;;;;
Tolong  bikin video review lengkap Volvo xc90;0;bikin video review lengkap volvo xc9;;;;;;;
𝐀𝐺𝘜S𝘛𝑂𝙏𝘖 cuan mulu!;1;agustoto cuan mulu;;;;;;;
MORENO KONGA !;0;moreno konga;;;;;;;
yhaaa kaga nyimak video coba tonton lagi ziko bilang apa soal mesin;0;yhaaa kaga nyimak video coba tonton ziko bilang apa soal mesin;;;;;;;
8:01 Almarhum Ken Block 🔥🔥🔥🔥🔥;0;almarhum ken block fire fire fire fire fire;;;;;;;
Pengen hidup makmur? ALEXIS⭐17⭐ jawabannya!;1;ken hidup makmur alexis star star jawab;;;;;;;
@shlevyi7888  eh iya itu..wk;0;shlevyi7888 eh iya wk;;;;;;;
Istimevvah 🔥;0;istimevvah fire;;;;;;;
Berkat nonton yutub Tuan Kecepatan; saya langsung beli besokannya;0;berkat nonton yutub tuan cepat langsung beli besok;;;;;;
Bagus ini ketimbang samsung huawei kualitasnya bagus dari dulu;0;bagus ketimbang samsung huawei kualitas bagus dulu;;;;;;;
sketer muncul ; maen jepek;1;sketer muncul maen jepek;;;;;;
Eh kok tiap scroll story IG temen; pasti ada ＰＵＬＡＵＷＩＮ.;1;eh kok tiap scroll story ig temen pulauwin;;;;;;
Huawei emang ga main main soal inovasi;0;huawei emang ga main main soal inovasi;;;;;;;
temen gue ketagihan alexis17 .;1;temen gue tagih alexis17;;;;;;;
rezeki weton88-bikin hariku bermakna ; terima kasih !;1;rezeki weton88 bikin hari makna terima kasih;;;;;;
Gates gacor banget; udh jepe 2 kali;1;gates gacor banget udh jepe kali;;;;;;
Cuman baca komen; g tertarik liat Isi Video nya....;0;cuman baca komen g tarik liat isi video nya;;;;;;
Pertandingan catur selesai di menit 24:30😅😅😅;0;tanding catur selesai menit sweat smile sweat smile sweat smile;;;;;;;
lo rebahan ; gue udah cuan pu lau tujuh tujuh tujuh;1;lo rebah gue udah cuan pu lau tujuh tujuh tujuh;;;;;;
UU aja bs dirubah bang apalagi jumlah like ...emang parah ni fufufafa;0;uu aja bs rubah bang jumlah like emang parah ni fufufafa;;;;;;;
Awal mula komedi. Lucu banget reaksi Pak Ahok 😂 24:21;0;awal mula komedi lucu banget reaksi pak ahok joy;;;;;;;
Ku kira David ya ngatain 😂;0;ku kira david ngatain joy;;;;;;;
Honda mobil & motor laku krn harga jual kembali 😆;0;honda mobil motor laku krn harga jual laughing;;;;;;;
pagi-pagi udah dapet notif wd alexis17 ! ; mood langsung seharian;1;pagi pagi udah dapet notif wd alexis17 mood langsung hari;;;;;;
coba buy spin 20k maxwin kwkwkkw makasih weton88 nyata emng;1;coba buy spin 2 k maxwin kwkwkkw makasih weton88 nyata emng;;;;;;;
Emang gak ada yang se-fair ALEXIS⭐17⭐ deh.;1;emang gak se fair alexis star star deh;;;;;;;
bermain а𝘎𝙐𝙎𝐓ot𝑂 membuka jalan ; tukang jahit pengusaha sukses .;1;main agustoto buka jalan tukang jahit usaha sukses;;;;;;
𝐀G𝘜𝘚TO𝘛𝘖 aku cba maen; malah jekpot gede;1;agustoto aku cba maen malah jekpot gede;;;;;;
Yang di tunggu akhir nya pak ahok;0;tunggu akhir nya pak ahok;;;;;;;
temen gue bilang alexis17 tuh bikin nagih !;1;temen gue bilang alexis17 tuh bikin nagih;;;;;;;
Duit Malaysia....Rm13000...babi....ckup blnja rumah satu tahun;0;duit malaysia rm13 babi ckup blnja rumah satu tahun;;;;;;;
udh 2 kali JP hari ini; mantul banget;1;udh kali jp hari mantul banget;;;;;;
Dan sudah hancur mobilnya crash hari ini;0;hancur mobil crash hari;;;;;;;
Wew itu turning radius berapa meter ya 😂;0;wew turning radius berapa meter joy;;;;;;;
alexis17 terbaik dah;1;alexis17 baik dah;;;;;;;
gw coba alexis17 yg lg viral 100rb 3jt sampe sejam;1;gw coba alexis17 yg lg viral 1 rb 3jt sampe jam;;;;;;;
Goood banget hp nya; punya charger bawaan🎉🎉;0;goood banget hp nya punya charger bawa tada tada;;;;;;
Hidup lebih seru di 1:08 𝙈𝘼𝙉𝘿𝘼𝙇𝙄𝙆𝘼77;1;hidup lebih seru mandalika77;;;;;;;
makasih mandalika77 berkah kamu beres 2 pinjol aku sisa 1 lagi ngengngengngeng semangaaat;1;makasih mandalika77 berkah kamu beres pinjol aku sisa ngengngengngeng semangaaat;;;;;;;
@lockysigarlaki163  kalau g percaya silahkan KROSCEK bro.. Lu keliru bro;0;lockysigarlaki163 kalau g percaya silah kroscek bro lu keliru bro;;;;;;;
Ini mah auto trending;0;mah auto trending;;;;;;;
Iya cuy sama 😂;0;iya cuy sama joy;;;;;;;
gd emng gk pernah salah anjir kalo modif² mobil keren ❤;0;gd emng gk pernah salah anjir kalo modif2 mobil keren heart;;;;;;;
udah banget menang 𝘼𝙇𝙀𝙓𝙄𝙎17;1;udah banget menang alexis17;;;;;;;
NAFAS LU AMAN BANG;; ENGAP BANGET NYIMAK NYA;0;nafas lu aman bang engap banget nyimak nya;;;;;
"judul seharusnya ""Presiden Prabowo Tidak Menjawab""";0;judul presiden prabowo jawab;;;;;;;
Sidak jokowi kapan;?? Masak ga berani;0;sidak jokowi kapan masak ga berani;;;;;;
setuju mas ridwan di uji sampe aceh... om mobi brani gak? 😅;0;tuju mas ridwan uji sampe aceh om mob brani gak sweat smile;;;;;;;
Bisa kalah atau bisa menang?;0;kalah menang;;;;;;;
berkembang arhan semangattt ! ! ! ! ! salam 𝐒𝐆𝐈𝟖𝟖 ! gampang jepe;1;kembang arhan semangattt salam sgi88 gampang jepe;;;;;;;
dak nyangka hasilnya ; puas banget;1;dak nyangka hasil puas banget;;;;;;
the best 𝐒𝐆𝐈𝟖𝟖 byar !;1;the best sgi88 byar;;;;;;;
kapan iphone bikin fold?;0;kapan iphone bikin fold;;;;;;;
Kalo udh jumpa om mobi seru 😂;0;kalo udh jumpa om mob seru joy;;;;;;;
Setiap pengalaman di p͟͟u͟͟l͟͟a͟͟u͟͟777 selalu berkesan.;1;alam pulau777 selalu kesan;;;;;;;
Udh pasti CRF ditinggal sekebon 🗿;0;udh crf tinggal kebon moyai;;;;;;;
Beli nokia 😂;0;beli nokia joy;;;;;;;
Duh ngeri2 sedep klo nyenggol mobil battle nya di race nya;0;duh ngeri2 sedep klo nyenggol mobil battle nya race nya;;;;;;;
gak nyesel deh udah kenal alexis17 .;1;gak nyesel deh udah kenal alexis17;;;;;;;
Dahsyat GD;0;dahsyat gd;;;;;;;
Jersey timnas terbaru gokil banget; semoga bisa kebeli;0;jersey timnas baru gokil banget moga kebel;;;;;;
bedanya 𝘼𝙇𝙀𝙓𝙄𝙎17 ya ?;1;beda alexis17;;;;;;;
adi ketagihan kan kamu seemenjak mengerti permainan  mandalika77  yang untuk saya senang amat sangat bermain disini sebab memang cuan amat sangat permainan ini lain daqri yang lain;1;adi tagih kan kamu seemenjak erti main mandalika77 senang sangat main sini memang cuan sangat main daqri;;;;;;;
"judul seharusnya: ""Presiden Prabowo yapping""";0;judul presiden prabowo yapping;;;;;;;
★Mandalika77★; auto win terus!;1;mandalika77 auto win terus;;;;;;
modal receh makswin ; gg sih;1;modal receh makswin gg sih;;;;;;
berkat а𝘎𝙐𝙎𝐓ot𝑂 berubah ; pembantu rumah pemilik cleaning service .;1;berkat agustoto ubah bantu rumah milik cleaning service;;;;;;
Pertama kali dlm sejarah; Wa Pres jadi bahan Bullian se Indonesia 😅;0;pertama kali dlm sejarah wa pres jadi bahan bullian se indonesia sweat smile;;;;;;
Enak ya punya bapak presiden; yang lain cari kerja susah banyak phk.😂;0;enak punya bapak presiden cari kerja susah banyak phk joy;;;;;;
orang bilang alexis17 tuh bener-bener mengubah hidup .;1;orang bilang alexis17 tuh bener bener ubah hidup;;;;;;;
Otw jual tanah dlu om😅😂😂;0;otw jual tanah dlu om sweat smile joy joy;;;;;;;
Di banned pun amrik ketar ketir masang tarif ampe 40% 😂😂😂;0;banned amrik ketar tir masang tarif ampe joy joy joy;;;;;;;
𝗪𝗘𝗧𝗢𝗡𝟴𝟴 uhuy !;1;weton88 uhuy;;;;;;;
anak muda yang ga mau jalani proses dengan benar dan merusak demokrasi;0;anak muda ga mau jalan proses benar rusak demokrasi;;;;;;;
Coba maen diGa ru da Ho ki-malah jepe gua wkwk🥳;1;coba maen diga ru da ho ki malah jepe gua wkwk partying face;;;;;;;
13:53 ucing orange lewat;0;ucing orange lewat;;;;;;;
gila byd bagus banget jadinya;0;gila byd bagus banget jadi;;;;;;;
gak skill khusus sukses alexis17 .;1;gak skill khusus sukses alexis17;;;;;;;
 @oxgen3  iya bener kelam kan?;0;oxgen3 iya bener kelam kan;;;;;;;
 @lifeisneverthesame910  7 seater ada tigo 8 phev pea;0;lifeisneverthesame91 seater tigo phev pea;;;;;;;
Video yg ditunggu-tunggu 🔥🔥🔥;0;video yg tunggu tunggu fire fire fire;;;;;;;
coba langsung ngerti suka;1;coba langsung ngerti suka;;;;;;;
Lagi santai-santai; eh dapet rezeki gede dari D𝑂𝑅𝐴𝟩𝟽. Kalian nggak mau ketinggalan kan?;1;santai santai eh dapet rezeki gede dora77 kalian mau tinggal kan;;;;;;
`` nggak ; belajar '' ramah sombong bener boxer boy i i;0;ajar ramah sombong bener boxer boy ii;;;;;;
Kasian kami rakyat konoha 😂;0;kasi rakyat konoha joy;;;;;;;
Yg ada bisa mencret n call bapak 😂😂😂;0;yg mencret n call bapak joy joy joy;;;;;;;
Cuci muka jangan lupa pakai sofel;0;cuci muka jangan lupa pakai sofel;;;;;;;
scroll ; yuk scroll cuan pu lau tujuh tujuh tujuh .;1;scroll yuk scroll cuan pu lau tujuh tujuh tujuh;;;;;;
Murah lah; listrik;0;murah lah listrik;;;;;;
jepe berkah99;1;jepe berkah99;;;;;;;
lsg gicir modal seadanya b​r​o;1;lsg gicir modal ada bro;;;;;;;
maen santai tapi sering big win;1;maen santai sering big win;;;;;;;
Harus buat GD msin kaya ginih gurih suaranya 😊;0;buat gd msin kaya ginih gurih suara blush;;;;;;;
ngikut jejelogy wktu masih sering main game 😂;0;ngikut jejelogy wktu sering main game joy;;;;;;;
Setelah di hujat erspo kini banjir orderan....😂😂;0;hujat erspo kini banjir order joy joy;;;;;;;
​​ @SulisTyowati-el8kl bagus kawan ku 58% kita berfikir logis bukan sok kritis;0;sulistyowati el8kl bagus kawan ku berfikir logis bukan sok kritis;;;;;;;
gak kerasa cepet banget udah main 𝓟𝓤𝓛𝓐𝓤𝓦𝓘𝓝 .;1;gak rasa cepet banget udah main pulauwin;;;;;;;
review M4 nya dong bang;0;review m4 nya dong bang;;;;;;;
game-nya gacir ; sketer nggak prnh zonk;1;game nya gacir sketer prnh zonk;;;;;;
18:57 bunyi duit duit duit;0;bunyi duit duit duit;;;;;;;
24:33 dan kemudian berdua marah--marah :_Hahaha::_LOL:;0;kemudian dua marah marah hahaha lol;;;;;;;
orang bilang alexis17 tuh blessing banget !;1;orang bilang alexis17 tuh blessing banget;;;;;;;
; gila ; 𝘼𝙇𝙀𝙓𝙄𝙎17 cepet banget prosesnya ; salut .;1;gila alexis17 cepet banget proses salut;;;;
gila ; 𝘼𝙇𝙀𝙓𝙄𝙎17 cepet banget prosesnya ; salut . pokoknya ?;1;gila alexis17 cepet banget proses salut pokok;;;;;
Hape rumah;0;hape rumah;;;;;;;
Gokil; keren banget mas Dipo🫵🏻🔥🔥🔥;0;gokil keren banget mas dipo index pointing at the viewer fire fire fire;;;;;;
Tyota supra nya platinum...bodykit nya mantep bgt;0;tyota supra nya platinum bodykit nya mantep bgt;;;;;;;
itu si rijal doyan banget main di ＰＵＬＡＵＷＩＮ. sampe kebeli motor;1;si rijal doyan banget main pulauwin sampe kebel motor;;;;;;;
konten ! keren banget menjelaskannya ! main bagus bang 𝗪𝗘𝗧𝗢𝗡𝟴𝟴;1;konten keren banget jelas main bagus bang weton88;;;;;;;
Harus di bawa ke showcase car sih ini;0;bawa showcase car sih;;;;;;;
seperti melihat 4 buta megang gajah gtu ya?;0;lihat buta megang gajah gtu;;;;;;;
Ditanya prestasi mlh cerita angan2;0;tanya prestasi mlh cerita angan2;;;;;;;
semangat bosqu ; terbaik 𝗦𝗚𝗜𝟴𝟴;1;semangat bosqu baik sgi88;;;;;;
Sungguh edan! JP yang sangat fantastis dan luar biasa besar di 𝐃𝑂𝐑A7𝟩; kembali memecahkan rekor yang ada!;1;sungguh edan jp sangat fantastis luar biasa besar dora77 pecah rekor;;;;;;
temen gue bilang alexis17 tuh bikin nagih abis !;1;temen gue bilang alexis17 tuh bikin nagih abis;;;;;;;
Udh kolesterol bang?😂;0;udh kolesterol bang joy;;;;;;;
Seharusnya influencer2 yang beli bukan nunggu gratisan;;0;influencer2 beli bukan nunggu gratis;;;;;;
berkah rezeki berkat 𝐒𝐆𝐈𝟖𝟖 ; puji syukur !;1;berkah rezeki berkat sgi88 puji syukur;;;;;;
@6G0D_  Ucapan cerminan kualitas dirimu;0;6g d ucap cermin kualitas diri;;;;;;;
Banyak cerita seru yang gue mulai dari 𝓟𝓤𝓛𝓐𝓤𝓦𝓘𝓝.;1;banyak cerita seru gue mulai pulauwin;;;;;;;
sehat kang semngat ngonten dilancarkan urusannya salam 𝗪𝗘𝗧𝗢𝗡𝟴𝟴;1;sehat kang semngat ngonten lancar urus salam weton88;;;;;;;
734 orang tercepat 🎉🎉;0;orang cepat tada tada;;;;;;;
MAJU MAJU BOS BOS 😎;0;maju maju bos bos sunglasses;;;;;;;
kek lebih nyambung ngobrol sama toddler;0;kek lebih nyambung ngobrol sama toddler;;;;;;;
Keyakinan yang membuatnya tidak bisa mencapai titik itu..;0;yakin buat capai titik;;;;;;;
Bjir; menit 18.00 bisa skakmat tu pak Ahokk;0;bjir menit skakmat tu pak ahokk;;;;;;
serius nanya ; 𝘼𝙇𝙀𝙓𝙄𝙎17 beneran sebagus ? fix ?;1;serius nanya alexis17 beneran bagus fix;;;;;;
ada jg mas tow hook yg nempelnya pake lem doang;0;jg mas tow hook yg nempelnya pake lem doang;;;;;;;
alexis'17 perhatian . lihat ditawarkannya .;1;alexis perhati lihat tawar;;;;;;;
Dari modal receh bisa WD jutaan; GG;1;modal receh wd juta gg;;;;;;
Polisi perluas ngak perluas juga sama saja mbak nana ku yang cantik😂😂😂;0;polisi luas ngak luas sama mbak nana ku cantik joy joy joy;;;;;;;
Gini amat wapres gw yaa Alloh;0;gin wapres gw yaa alloh;;;;;;;
Saya sangat menghargai bagaimana ρūlΛυ777 melayani penggunanya.;1;sangat harga bagaimana rully777 layan guna;;;;;;;
Baru gabung ALEXIS⭐17⭐ sebulan; udah bisa buka usaha!;1;baru gabung alexis star star bulan udah buka usaha;;;;;;
cerdas & tangguh banget tuh jawab pertanyaan mba najwa 😂😂;0;cerdas tangguh banget tuh jawab tanya mba najwa joy joy;;;;;;;
emng bener kemarin udah coba probet gas ahh 𝐒𝐆𝐈𝟖𝟖 kawan berbuah manis;1;emng bener kemarin udah coba probet gas ahh sgi88 kawan buah manis;;;;;;;
seminggu join alexis17 ; gue udah beliin ortu kompor gas !;1;minggu join alexis17 gue udah beliin ortu kompor gas;;;;;;
udh wede 3 kali ; gacir pol;1;udh wede kali gacir pol;;;;;;
jersey kiper nya dong bang;0;jersey kiper nya dong bang;;;;;;;
modal wede ; gacir abis;1;modal wede gacir abis;;;;;;
Kali ini ngga skip nonton iklan nya;  lebih menghibur baca komennya 😂;0;kali ngga skip nonton iklan nya lebih hibur baca komennya joy;;;;;;
dak nyangka hasilnya ; puas banget;1;dak nyangka hasil puas banget;;;;;;
​ @hanyanama9308  nice statement sir!;0;hanyanama93 8 nice statement sir;;;;;;;
itu ratu skak... eh bener pa ahok marah2 wkaskwakawk;0;ratu skak eh bener pa ahok marah2 wkaskwakawk;;;;;;;
Pandji KO sama Ahok 24:23;0;pandji ko sama ahok;;;;;;;
#NAME?; dari bahas mbg lalu pangan; tiba2 bahas yg lain;0;hm bahas mbg lalu pangan tiba2 bahas yg;;;;;
Makswin lagi hari ini; mntp sih situsnya;1;makswin hari mntp sih situs;;;;;;
Luar biasa! bang video kamu !! ⭐𝐒𝐆𝐈𝟖𝟖 terpercaya 5k jadi 1jt;1;luar biasa bang video kamu star sgi88 percaya 5k jadi 1jt;;;;;;;
ternyata ramai yg main di mandalika77 wkwkwk mmg lebih gampang jp sih;1;nyata ramai yg main mandalika77 wkwkwk mmg lebih gampang jp sih;;;;;;;
uτang 𝙠elar 𝙜ara-gara maiп ԁi 𝐃o𝑅а𝟽7 ; asⅼi gacir 𝙗anget !;1;utang kelar gara gara maip dora77 asli gacir banget;;;;;;
bersandar di teras rumah sembari ngopi bermain permainan nyelot di 🅼🅰🅽🅳🅰🅻🅸🅺🅰77 nikmat sekaleh.;1;sandar teras rumah sembari ngopi main main nyelot mandalika77 nikmat sekaleh;;;;;;;
main sebentar aja langsung dapet rezeki ; keren banget 𝐃𝐸w𝐴𝐷orа !;1;main sebentar aja langsung dapet rezeki keren banget dewadora;;;;;;
Main santai tapi WD Gacir; cuma di P U L A U 7 7 7.;1;main santai wd gacir cuma pulau77;;;;;;
AKHIRNYA PAK AHOK 🔥🔥🔥;0;akhir pak ahok fire fire fire;;;;;;;
Ges doain ya gw mau coba stop maenGaruda-Ho ki kecanduan bgt gacor nya gw😭;1;ges doain gw mau coba stop maengaruda ho ki candu bgt gacor nya gw sob;;;;;;;
Owner apa tuh bang?;0;owner apa tuh bang;;;;;;;
kayaknya br latihan buat besok bikin video pengunduran diri nih...;0;kayak br latih buat besok bikin video undur diri nih;;;;;;;
gue sih percaya aja alexis17 ; buktinya temen gue sultan;1;gue sih percaya aja alexis17 bukti temen gue sultan;;;;;;
Klo mau liat mobilnya di kostrad cipulir;0;klo mau liat mobil kostrad cipulir;;;;;;;
𝙈𝘈X 𝟥3สู้ใหม่;1;max 33suaihm;;;;;;;
Gas Jadikan Pesona Semua Maz🤣;0;gas jadi pesona semua maz rofl;;;;;;;
NEXT INOVASI HUAWEI;;;;;;;;;
​ @rutsabatbungaaprilia3585  yg komen juga ga nonton 😂😂 emang pengen hujat aja😂😂;0;rutsabatbungaaprilia3585 yg komen ga nonton joy joy emang ken hujat aja joy joy;;;;;;;
promo depositnya bikin hoki;1;promo deposit bikin hoki;;;;;;;
Semua orang bilang ALEXIS⭐17⭐ tuh bener-bener ngebantu keuangan.;1;semua orang bilang alexis star star tuh bener bener ngebantu uang;;;;;;;
Drpd iPhone 14 promax 1 TB 35 juta😂;0;drpd iphone promax tb juta joy;;;;;;;
Bisa2nya  warga jakarta lebih milih Anies waktu PILGUB kmaren;;;😅;0;bisa2nya warga jakarta lebih milih anies waktu pilgub kmaren sweat smile;;;;
bapak nya obel ahmad sahroni kwwkkw;0;bapak nya obel ahmad sahroni kwwkkw;;;;;;;
а 𝐄 𝑅 𝙊 8 𝟾 emang bener-bener gacor;1;aero88 emang bener bener gacor;;;;;;;
orang bilang alexis17 tuh bener-bener bikin ketagihan .;1;orang bilang alexis17 tuh bener bener bikin tagih;;;;;;;
Lagi belajar baca dengan baik dan benar; alias kosong 🤣🤣;0;ajar baca baik benar alias kosong rofl rofl;;;;;;
mandalika77 SUPERRRRRR bosku gacir melayang;1;mandalika77 superrrrrr bos gacir layang;;;;;;;
@ wkwk presiden lo itu bang 😹;0;wkwk presiden lo bang joy cat;;;;;;;
makanya di ban gms; takut kalah saing;0;makanya ban gms takut kalah saing;;;;;;
Anak2 abah gak kasih ijin...;0;anak2 abah gak kasih ijin;;;;;;;
Gak perlu pusing mikirin duit kalo udah gabung ALEXIS⭐17⭐.;1;gak perlu pusing mikirin duit kalo udah gabung alexis star star;;;;;;;
Tempo ngga diundang? 🤔;0;tempo ngga undang thinking;;;;;;;
gapercaya garuda hoki.gampang menang;1;gapercaya garuda hoki gampang menang;;;;;;;
Sedih crash donk;0;sedih crash donk;;;;;;;
emang gak se-mantep alexis17 deh .;1;emang gak se mantep alexis17 deh;;;;;;;
Kasihan negri ini. Semoga Tuhan selalu melindungi negri ini;0;kasihan negri moga tuhan selalu lindung negri;;;;;;;
kepo alexis17 ; beruntung !;1;kepo alexis17 untung;;;;;;
𝗪𝗘𝗧𝗢𝗡𝟴𝟴 bikin ketagihan !;1;weton88 bikin tagih;;;;;;;
ini rakyat yang mana sih yang dia wakilin?;0;rakyat mana sih wakilin;;;;;;;
Saya masih percaya sama bang panji tolong jangan masuk politik;0;percaya sama bang panji jangan masuk politik;;;;;;;
kalo alexis17 ; pusing ?;1;kalo alexis17 pusing;;;;;;
Harganya Rp. 50.000.000 an aja 😂;0;harga rp an aja joy;;;;;;;
Masih OTW beli🙆🏻‍♂️;0;otw beli person gesturing male sign;;;;;;;
Beli ori nya dimana ya;0;beli ori nya;;;;;;;
misi pak;;;;;;;;;
gates gacor banget ; udh jepe 2 kali;1;gates gacor banget udh jepe kali;;;;;;
gua sales emg gokil siga ru da ho ki-gacorr der;1;gua sales emg gokil siga ru da ho ki gacorr der;;;;;;;
sobek lgi ga nih jersey kaya lawan arab;0;sobek lgi ga nih jersey kaya lawan arab;;;;;;;
Ini 𝓟𝓤𝓛𝓐𝓤𝓦𝓘𝓝 kenapa semua orang bisa tahu sih?;1;pulauwin semua orang tahu sih;;;;;;;
Sekali sekali main ke batam;0;sekali sekali main batam;;;;;;;
Main sekarang; bawa pulang untung besar bareng M𝗮𝘯𝐝𝗮𝑙𝗶𝘬𝐚𝟟𝟳!;1;main sekarang bawa pulang untung besar bareng mandalika77;;;;;;
mmmmmmmmmmmmm lagi dilarang komentar😅;0;mmmmmmmmmmmmm larang komentar sweat smile;;;;;;;
Arief muhammad di omongin wkwkwk;0;arief muhammad omongin wkwkwk;;;;;;;
hapuslah itu komen ᑭ ᑌ ᒪ ᗩ ᑌ ᗯ I ᑎ;1;hapus komen ki te ma bo te goo i ti;;;;;;;
emang gak se-mantep alexis17 deh .;1;emang gak se mantep alexis17 deh;;;;;;;
Auuuuuuuuuu..... Bisa aja saya 😂😂😂;0;auuuuuuuuuu aja joy joy joy;;;;;;;
ke sini karena saya insomnia; kata temenku nnton ini cepet tidur;0;sini insomnia kata temenku nnton cepet tidur;;;;;;
Niat bangettt syg koehhh;0;niat bangettt syg koehhh;;;;;;;
Di hina kgk mempan.. dipuji pun kurang pantas😅;0;hina kgk mempan puji kurang pantas sweat smile;;;;;;;
gue cek notif alexis17 .;1;gue cek notif alexis17;;;;;;;
gue sih yes 𝘼𝙇𝙀𝙓𝙄𝙎17 . banget ?;1;gue sih yes alexis17 banget;;;;;;;
gak pusing mikirin kalo udah join alexis17 .;1;gak pusing mikirin kalo udah join alexis17;;;;;;;
sehari main alexis17 ; gue langsung ketagihan !;1;hari main alexis17 gue langsung tagih;;;;;;
Ini serius presiden???;0;serius presiden;;;;;;;
berkembang arhan semangattt ! ! ! ! ! salam 𝗪𝗘𝗧𝗢𝗡𝟴𝟴 ! gampang jepe;1;kembang arhan semangattt salam weton88 gampang jepe;;;;;;;
Itu pabrik tempat saya kerja 😅;0;pabrik tempat kerja sweat smile;;;;;;;
1:02:02 terlalu banyak oknumnya pak;0;terlalu banyak oknum pak;;;;;;;
Team yg nunggu versi HDC yg 2jt an;0;team yg nunggu versi hdc yg 2jt an;;;;;;;
dulu banyak yg suka jokowi sekarang?;0;dulu banyak yg suka jokowi sekarang;;;;;;;
Volume kecil 😮;0;volume kecil open mouth;;;;;;;
🔥ＡＬＥＸＩＳ１７🔥 Bikin auto happy!. Gaskeun!;1;fire alexis17 fire bikin auto happy gaskeun;;;;;;;
"JUDULNYA MESTI ""BONUS ORANG DALAM"" YA";0;judul mesti bonus orang;;;;;;;
sehat rezeki 𝐒𝐆𝐈𝟖𝟖;1;sehat rezeki sgi88;;;;;;;
tam tim tam tim;0;tam tim tam tim;;;;;;;
Beneran deh; Gak nyangka bisa menang terus di 🔥⚡ALEXIS17⚡?🔥;1;beneran deh gak nyangka menang terus fire zap alexis17 zap fire;;;;;;
Pin komentar om rendem aja;soal banyak banget komen judol nihh;0;pin komentar om rendem aja soal banyak banget komen judol nihh;;;;;;
Anis ahok 2029 udh solusi bangsa ini;0;anis ahok udh solusi bangsa;;;;;;;
​ @Sp12er  org yg beli hp ini mah gw yakin 100% ga bakalan buat ngegame bang.😂;0;sp12er org yg beli hp mah gw yakin ga bakal buat ngegame bang joy;;;;;;;
Disslike; Pause vidio liat komen 😅😂;0;disslike pause vidio liat komen sweat smile joy;;;;;;
terimakasih upload bg ; sibuk𝗪𝗘𝗧𝗢𝗡𝟴𝟴;1;terimakasih upload bg sibukweton88;;;;;;
gak pusing mikirin biaya berobat kalo udah join alexis17 .;1;gak pusing mikirin biaya obat kalo udah join alexis17;;;;;;;
M𝗮𝘯𝐝𝗮𝑙𝗶𝒌𝐚𝟟𝟳 tiap hari hoki terus; gue sampe bingung;1;mandalika77 tiap hari hoki terus gue sampe bingung;;;;;;
Crosstrek gimana kabar nya stelah crash .. ?;0;crosstrek gimana kabar nya stelah crash;;;;;;;
emang gak duanya sih alexis17 .;1;emang gak dua sih alexis17;;;;;;;
tau dapetin cuan gampang ? ya alexis17 !;1;tau dapetin cuan gampang alexis17;;;;;;;
Bismillah jadi direksi pertamina. Biar bisa beli ni hp;0;bismillah jadi direksi pertamina biar beli ni hp;;;;;;;
sangat keren;0;sangat keren;;;;;;;
akhir nya berhasil kebeli; vas bunga nya;0;akhir nya hasil kebel vas bunga nya;;;;;;
2tq(brio) dulu yg pernah ku kerjakan (2017)😊;0;2tq brio dulu yg pernah ku kerja blush;;;;;;;
Velg Jf luxsuryy the best walaupun gk di sebut;0;velg jf luxsuryy the best walaupun gk sebut;;;;;;;
gak skill marketing sukses alexis17 .;1;gak skill marketing sukses alexis17;;;;;;;
Apa beda hasil kerja vs nepotisme 🤭;0;apa beda hasil kerja vs nepotisme face with hand over mouth;;;;;;;
Tingal mobilnya farel🎉🎉;0;tingal mobil farel tada tada;;;;;;;
Gak nyangka bakal nemu tempat segokil 𝓟𝓤𝓛𝓐𝓤𝓦𝓘𝓝.;1;gak nyangka bakal nemu tempat segokil pulauwin;;;;;;;
top markotop selalu hadir nonton mas dipo;0;top markotop selalu hadir nonton mas dipo;;;;;;;
orang bilang alexis17 tuh bener-bener ngebantu finansial .;1;orang bilang alexis17 tuh bener bener ngebantu finansial;;;;;;;
1:48:09 = Supersemar 😅;0;supersemar sweat smile;;;;;;;
bro 𝘼𝙇𝙀𝙓𝙄𝙎17 turnamen gede nih ; hadiahnya milyaran;1;bro alexis17 turnamen gede nih hadiah milyaran;;;;;;
Tambahin 2:28:18 anies gak bayar design gaun mas didit;0;tambahin anies gak bayar design gaun mas didit;;;;;;;
swert bonanja gacir parah ; wajib coba sih;1;swert bonanja gacir parah wajib coba sih;;;;;;
Bang review VIVO X 200 ULTRA; udah rilis itu... 🎉🎉🎉🎉;0;bang review vivo x ultra udah rilis tada tada tada tada;;;;;;
percaya nggak diga ru da-hoki gacor bgt boss;1;percaya diga ru da hoki gacor bgt boss;;;;;;;
emang gak se-jujur alexis17 deh .;1;emang gak se jujur alexis17 deh;;;;;;;
Wow saya sangat paham ye guys 😹😹😹😹;0;wow sangat paham ye guys joy cat joy cat joy cat joy cat;;;;;;;
alexis17 superrrrrr bosku gac0r melayang;1;alexis17 superrrrrr bos gac r layang;;;;;;;
Iya sama gw juga;0;iya sama gw;;;;;;;
A marwin raptor nyunda pisan euyy haha resep ieu ngadangu na 😂;0;a marwin raptor nyunda pis euyy haha resep ieu ngadangu na joy;;;;;;;
Kan ga ada lagi dwifungsi abri; iya kan???;0;kan ga dwifungsi abri iya kan;;;;;;
Slide FB naik turun naik turun kok isinya MANDALIKA77 semua... Penasaran cobain depo main bentar aja Ehhh...!!!! malah dapat MAXWINNN....!!!! :;1;slide fb naik turun naik turun kok isi mandalika77 semua penasaran cobain depo main bentar aja ehhh malah maxwinnn;;;;;;;
tim gercep alexis17 nih !;1;tim gercep alexis17 nih;;;;;;;
3 jam ngeyapping;0;jam ngeyapping;;;;;;;
Ga yakin dia paham apa yg diucapkan..ikutin teks doang kaya beo 🤪;0;ga yakin paham apa yg ucap ikutin teks doang kaya beo zany face;;;;;;;
Si milea apa kabar nya ko😊;0;si milea apa kabar nya ko blush;;;;;;;
Best so far;0;best so far;;;;;;;
Ada yg namanya gimmick dalam dunia kreator review;0;yg nama gimmick dunia kreator review;;;;;;;
santai kebo gua blum laku;0;santai kebo gua blum laku;;;;;;;
semangat bosqu ; terbaik 𝗪𝗘𝗧𝗢𝗡𝟴𝟴;1;semangat bosqu baik weton88;;;;;;
Sudah nonton full mas;0;nonton full mas;;;;;;;
Hebat jurnalis gak ngantuk... 😂;0;hebat jurnalis gak ngantuk joy;;;;;;;
main situs segacor 𝐒𝐆𝐈𝟖𝟖 ; asli nagih sih;1;main situs segacor sgi88 asli nagih sih;;;;;;
3 jam yang ga berbobot. Kosong melompong.;0;jam ga bobot kosong melompong;;;;;;;
ꗥ𝙈𝘼𝙉𝙐𝙏88ꗥMimpi besar; berani gagal; bangkit lagi;1;hemanut88hemimpi besar berani gagal bangkit;;;;;
Ternyata ini jaecoo adik nya giant 😊;0;nyata jaecoo adik nya giant blush;;;;;;;
WAJIB COBA DI SINI BOS SUPER GACCOOORR YANG TERBARU;COBA PAKE SERVER THAILAND  SERVER LUAR YANG SAYA PAKE RTP NYA DI ATAS 98% TANPA HARUS BUY; PETIR x100 x250 x500 SUDAH PASTI KELUAR; GASSSS LANGSUNG; SEMOGA HOKINYA NULAR YA ABANG CARI GOOGLE M𝗮𝘯𝐝𝗮𝑙𝗶𝒌𝐚𝟟𝟳;1;wajib coba sini bos super gaccooorr baru coba pake server thailand server luar pake rtp nya atas buy petir x1 x25 x5 keluar gassss langsung moga hoki nular abang cari google mandalika77;;;
Ngomong yg penting;;;;;;;;;
Avanza gak ada harga diri di belakang Hummer 😅;0;avanza gak harga diri belakang hummer sweat smile;;;;;;;
coba 𝗪𝗘𝗧𝗢𝗡𝟴𝟴 ; gak ribet ! salam petir x 500;1;coba weton88 gak ribet salam petir x;;;;;;
Anjay mantep; di 💞𝘼LEXIS-17💞 bisa main SL🅞T sambil nge-Houdini.;1;anjay mantep revolving hearts alexis revolving hearts main slot nge houdini;;;;;;
Sukses mas wapres;0;sukses mas wapres;;;;;;;
grafiknya memukau ! game emang top . alexis17 setuju ?;1;grafik pukau game emang top alexis17 tuju;;;;;;;
Melihat huawei; apple rasanya jadi sangat tertinggal soal inovasi;0;lihat huawei apple rasa jadi sangat tinggal soal inovasi;;;;;;
Buatkan r34 lalu kirim ke sidrap pls:(;0;buat r34 lalu kirim sidrap pls;;;;;;;
18:30 Harusnya dah selesai lu ndjiiiiiiii;0;harus dah selesai lu ndjiiiiiiii;;;;;;;
gue sih udah ga move on alexis17 ; ; gacor bikin ketagihan;1;gue sih udah ga move on alexis17 gacor bikin tagih;;;;;
coba deh alexis17 dijamin makmur wkwk;1;coba deh alexis17 jamin makmur wkwk;;;;;;;
gue rela ninggalin hobi fokus alexis17 .;1;gue rela ninggalin hobi fokus alexis17;;;;;;;
Semua mau di handle mumpung jiwa muda .... Wkwwkkw;0;semua mau handle mumpung jiwa muda wkwwkkw;;;;;;;
Pasti di kira suaminya irish bella om jeje 😅;0;kira suami irish bella om jeje sweat smile;;;;;;;
Kelass mas dip;0;kelass mas dip;;;;;;;
sebulan main alexis17 ; gue udah dp mobil mewah !;1;bulan main alexis17 gue udah dp mobil mewah;;;;;;
Berani nya bicara sendiri; dialog dong mas samsul;0;berani nya bicara sendiri dialog dong mas samsul;;;;;;
SERU BANGET NIH EPISODE!;0;seru banget nih episode;;;;;;;
rezeki 𝐴 𝙀 𝐑 𝑂 𝟪 𝟴-bikin hariku bermakna ; terima kasih !;1;rezeki aero8 bikin hari makna terima kasih;;;;;;
"tinggal ganti kaki""jadi mobil relly";0;tinggal ganti kaki jadi mobil relly;;;;;;;
aja gw coba alexis17 semalam ; lumayan dpt 2jt;1;aja gw coba alexis17 malam lumayan dpt 2jt;;;;;;
Tim ga pernah skip kalo ada pak hok 😂🖐;0;tim ga pernah skip kalo pak hok joy hand splayed;;;;;;;
𝘋𝐄𝘞𝐀𝐃O𝐑𝘈 mekswin ga ada lawan;1;dewadora mekswin ga lawan;;;;;;;
pawpaw4d coba keberuntungan .;1;pawpaw4d coba untung;;;;;;;
ga ruda ho ki-gokil banget pecah ga sia sia anjaay;1;ga ruda ho ki gokil banget pecah ga sia sia anjaay;;;;;;;
mak banteng lebih percaya puan - ahok;0;mak banteng lebih percaya puan ahok;;;;;;;
seminggu join alexis17 ; gue udah beliin ortu tiket umroh !;1;minggu join alexis17 gue udah beliin ortu tiket umroh;;;;;;
Masaallah inovasi terus...;0;masaallah inovasi terus;;;;;;;
Lagi otw buat beli;0;otw buat beli;;;;;;;
Hahahahhah😅😅😅;0;hahahahhah sweat smile sweat smile sweat smile;;;;;;;
Males banget ngeliatnya;0;males banget ngeliatnya;;;;;;;
Keren banget! Menang banyak di 𝐒𝐆𝐈𝟖𝟖;auto liburan mewah!;1;keren banget menang banyak sgi88 auto libur mewah;;;;;;
2:25 Itu kalau salah satu baterai habis; apakah layarnya mati??;0;kalau salah satu baterai habis layar mati;;;;;;
Emg udah keluar dari autonetmagz ?;0;emg udah keluar autonetmagz;;;;;;;
Infoin brp dislike nya 😊;0;infoin brp dislike nya blush;;;;;;;
proses nya cpt bgt gile alexis17;1;proses nya cpt bgt gile alexis17;;;;;;;
Dasar buzzer bayaran 😂;0;dasar buzzer bayar joy;;;;;;;
jepey 𝗪𝗘𝗧𝗢𝗡𝟴𝟴 ; beneran !;1;jepey weton88 beneran;;;;;;
keren gitu oi;0;keren gitu oi;;;;;;;
gak pusing mikirin biaya persalinan kalo udah join alexis17 .;1;gak pusing mikirin biaya salin kalo udah join alexis17;;;;;;;
editing 💥💥💥💥💥;0;editing boom boom boom boom boom;;;;;;;
Murah banget;0;murah banget;;;;;;;
Nonton dengan kecepatan 1.25x lebih baik;0;nonton cepat 25x lebih baik;;;;;;;
Bocah gk penting 🗿🗿;0;bocah gk penting moyai moyai;;;;;;;
Terdesak; emosiii emosiii kwkwkw;0;desak emosiii emosiii kwkwkw;;;;;;
Oke anda dapat like dan komen..;0;oke like komen;;;;;;;
king Ahok is back 🔥;0;king ahok is back fire;;;;;;;
seru nich 𝐒𝐆𝐈𝟖𝟖 cair;1;seru nich sgi88 cair;;;;;;;
Kdm mahfud jika di pasangkan jadi paketan komplit menurut qu😍😍;0;kdm mahfud pasang jadi paket komplit qu heart eyes heart eyes;;;;;;;
𝘿𝙊𝑅𝐴𝟩𝟩 bener-𝙗ener g𝐚cor;1;dora77 bener bener gacor;;;;;;;
Selalu seru kalo ngobrol sama Pak Ahok;0;selalu seru kalo ngobrol sama pak ahok;;;;;;;
koyo ngene iki presiden pilihanmu;0;koyo ngene iki presiden pilih;;;;;;;
abis baca review 𝐒𝐆𝐈𝟖𝟖 .;1;abis baca review sgi88;;;;;;;
berkembang arhan semangattt ! ! ! ! ! salam 𝗦𝗚𝗜𝟴𝟴 ! gampang jepe;1;kembang arhan semangattt salam sgi88 gampang jepe;;;;;;;
Emang gak ada yang bisa ngalahin serunya ALEXIS⭐17⭐.;1;emang gak ngalahin seru alexis star star;;;;;;;
Sambut hari dengan antusias di ＭΛＮDALIKΛ𝟟𝟟;1;sambut hari antusias mlndalikl77;;;;;;;
cuman 𝘼𝙇𝙀𝙓𝙄𝙎17 bikin nagih ! .;1;cuman alexis17 bikin nagih;;;;;;;
Kwkwk anyingg;0;kwkwk anyingg;;;;;;;
di akhir vidio ada nomornya mas;0;akhir vidio nomor mas;;;;;;;
Wede cepet banget; sketer terus-terusan;1;wede cepet banget sketer terus terus;;;;;;
Game-nya gacir; tiap maen pasti jepe;1;game nya gacir tiap maen jepe;;;;;;
gak pusing mikirin cicilan kalo udah join alexis17 .;1;gak pusing mikirin cicil kalo udah join alexis17;;;;;;;
Yang komentar udah kayak paling pinter sedunia ajaa;0;komentar udah kayak paling pinter dunia ajaa;;;;;;;
terima kasih sarannya; baru engeh;0;terima kasih saran baru engeh;;;;;;
Luar biasa! bang video kamu !! ⭐𝗪𝗘𝗧𝗢𝗡𝟴𝟴 terpercaya 5k jadi 1jt;1;luar biasa bang video kamu star weton88 percaya 5k jadi 1jt;;;;;;;
Punya farell mna yaa blm jadii😂;0;punya farell mna yaa blm jadi joy;;;;;;;
Lah dia ngegas😂 ga ada yg ga mungkin di politik bang​ @lockysigarlaki163 ;0;lah ngegas joy ga yg ga mungkin politik bang lockysigarlaki163;;;;;;;
Sok langsung aja 🔥;0;sok langsung aja fire;;;;;;;
yo apik iki ; hasil e bikin seneng;1;yo apik iki hasil e bikin neng;;;;;;
sumpah ; serius nanya ; 𝘼𝙇𝙀𝙓𝙄𝙎17 beneran sebagus ?;1;sumpah serius nanya alexis17 beneran bagus;;;;;
Cuma di sini; Gak nyangka bisa menang terus di 🔥⚡ALEXIS17⚡?🔥;1;cuma sini gak nyangka menang terus fire zap alexis17 zap fire;;;;;;
Ga nyangka utang bisa lunas maen di 𝐴G𝐔𝘚𝐓𝐎𝙏O; gokil banget;1;ga nyangka utang lunas maen agustoto gokil banget;;;;;;
jadi serasa nonton 58 yaaaaaa?;0;jadi serasa nonton yaaaaaa;;;;;;;
bokek ? langsung aja main alexis17 .;1;bokek langsung aja main alexis17;;;;;;;
sepertinya lagi ada ikatan sama yamaha;0;seperti ikat sama yamaha;;;;;;;
Rezeki hari ini datang 0:43 terus dari ＭΛＮDALIKΛ𝟟𝟟;senang banget rasanya!;1;rezeki hari datang terus mlndalikl77 senang banget rasa;;;;;;
@AnggoroDps_9  ga ada bang; saya cuma warga sipil;0;anggorodps 9 ga bang cuma warga sipil;;;;;;
Gw baru aja liat speed review ini😂;0;gw baru aja liat speed review joy;;;;;;;
gak khawatir tua kalo udah gabung alexis17 .;1;gak khawatir tua kalo udah gabung alexis17;;;;;;;
Skip; Anies cara kerjanya diluar prediksi BMKG wkwkwk;0;skip anies cara kerja luar prediksi bmkg wkwkwk;;;;;;
Kapan wapres ini dipecat ;?;0;kapan wapres pecat;;;;;;
Halahhhhhhhhhhhh;0;halahhhhhhhhhhhh;;;;;;;
temen gue bilang alexis17 tuh game changer !;1;temen gue bilang alexis17 tuh game changer;;;;;;;
Ya Tuhan; mimpi apa Indonesia..;0;tuhan mimpi apa indonesia;;;;;;
Sans 790an yang ngelike; sisanya 2;7 dislike😂;0;sans 79 an ngelike sisa dislike joy;;;;;
alexis17 ; bikin gue beli rumah cash 3 ; modal 200rb;1;alexis17 bikin gue beli rumah cash modal 2 rb;;;;;
gak cocok di saya bang malah bikin emosi😂;0;gak cocok bang malah bikin emosi joy;;;;;;;
Tidak menjawab apa²;0;jawab apa2;;;;;;;
Jadilah versi terbaik dari dirimu sendiri✪𝗠𝗮𝗻𝘂𝘁𝟴𝟴✪mendoakanmu.;1;jadi versi baik diri sendiri manut88 doa;;;;;;;
yaps; kalo gasalah lbwk rx7 armuh itu 2/2;0;yaps kalo gasalah lbwk rx7 armuh;;;;;;
10:32 LBWK jelasss😋;0;lbwk jelasss yum;;;;;;;
Buset ⭐𝘼𝙇𝙀𝙓𝙄𝙎17 ternyata semudah itu yah.;1;buset star alexis17 nyata mudah yah;;;;;;;
kalo gabut ; 𝘼𝙇𝙀𝙓𝙄𝙎17 juaranya .;1;kalo gabut alexis17 juara;;;;;;
Saya jg nyari; ko g ada;0;jg nyari ko g;;;;;;
Yg ini baru boleh disebut komen; bukan caci maki.;0;yg baru sebut komen bukan caci maki;;;;;;
Kapan lagi main di situs segacor 𝐏𝐑𝐎𝐁𝐄𝐓𝟖𝟓𝟓; asli nagih sih;1;kapan main situs segacor probet855 asli nagih sih;;;;;;
temen gue sampe bilang hidupnya berubah kenal pulauwin ; ya ?;1;temen gue sampe bilang hidup ubah kenal pulauwin;;;;;;
​@gretamarielleni No garantee;0;gretamarielleni no garantee;;;;;;;
seminggu main alexis17 ; gue udah bayar cicilan rumah !;1;minggu main alexis17 gue udah bayar cicil rumah;;;;;;
Saya ngomongin AI doang;0;ngomongin ai doang;;;;;;;
auto aman ; skete​r​ se​r​ing nongol;1;auto aman sketer sering nongol;;;;;;
Lexus gada ya skarang;0;lexus gada skarang;;;;;;;
tumben mau pake mesin teknologi kuno OHV;0;tumben mau pake mesin teknologi kuno ohv;;;;;;;
geloo 𝗪𝗘𝗧𝗢𝗡𝟴𝟴 cair x100;1;geloo weton88 cair x1;;;;;;;
gue sih udah ga move on alexis17 ! ; gacor bikin nagih;1;gue sih udah ga move on alexis17 gacor bikin nagih;;;;;;
lebih menarik komentar netizen dari pada video;0;lebih tarik komentar netizen video;;;;;;;
kenal alexis17 ; gue koneksi bisnis .;1;kenal alexis17 gue koneksi bisnis;;;;;;
Log in dulu dong;0;log in dulu dong;;;;;;;
Sedih mendengar jawabn beliau..mempermalukan diri sendiri;0;sedih dengar jawabn beliau malu diri sendiri;;;;;;;
Anjay keren; di 💞𝘼LEXIS-17💞 bisa main slot sambil traveling.;1;anjay keren revolving hearts alexis revolving hearts main slot traveling;;;;;;
Pbrikan mobil china yg besar apa aja...?;0;pbrikan mobil china yg besar apa aja;;;;;;;
dari komentar2 saya percaya pak probowo gak punya buzzer;0;komentar2 percaya pak probowo gak punya buzzer;;;;;;;
Vibe ni mobil mendiang Kenblock bgt😢😢;0;vibe ni mobil mendiang kenblock bgt cry cry;;;;;;;
Bagaimana cara meludah online ??;0;bagaimana cara ludah online;;;;;;;
sound nya gedein bang ; hedset an naik motor ga kedengeran;0;sound nya gedein bang hedset an naik motor ga kedengeran;;;;;;
ALEXIS-17☯ tuh emang udah jadi penghasilan utama gua sekarang;1;alexis yin tuh emang udah jadi hasil utama gua sekarang;;;;;;;
gue sih ga nyesel gabung alexis17 ! ; nyesel telat gabung;1;gue sih ga nyesel gabung alexis17 nyesel telat gabung;;;;;;
Mending GIBRAN SILVESTER 2029;0;mending gibran silvester;;;;;;;
Mobil ini terasa siap menghantam para pembalap liar🔥🔥🔥🔥🔥🔥;0;mobil asa siap hantam balap liar fire fire fire fire fire fire;;;;;;;
Pak Ahok paling terang benderang ❤❤❤;0;pak ahok paling terang benderang heart heart heart;;;;;;;
Yg dis like kok gak kelihatan jumlah nya?;0;yg dis like kok gak lihat jumlah nya;;;;;;;
Efektif gak sih laporin akun2 yg spam judol; capek sendiri gua;0;efektif gak sih laporin akun2 yg spam judol capek sendiri gua;;;;;;
hahaha setujuuuu;0;hahaha setujuuuu;;;;;;;
capek bgt nemuin alexis17 trs;1;capek bgt nemuin alexis17 trs;;;;;;;
saya nunggu uu prmpasan aset koruptor;0;nunggu uu prmpasan aset koruptor;;;;;;;
cuan tuh mitos ; buktinya pu lau tujuh tujuh tujuh !;1;cuan tuh mitos bukti pu lau tujuh tujuh tujuh;;;;;;
tebak '' buah manggis kali;0;tebak buah manggis kali;;;;;;;
penuh berkah kebahagiaan berkat 𝑺𝑼𝑯𝑼𝟑𝟐𝟖 ; rezeki menghampiri permisi !;1;penuh berkah bahagia berkat suhu328 rezeki hampir permisi;;;;;;
𝗪𝗘𝗧𝗢𝗡𝟴𝟴 maen santai aja ; tetep wedey jutaan;1;weton88 maen santai aja tetep wedey juta;;;;;;
modal mini langsung jepe mantap;1;modal mini langsung jepe mantap;;;;;;;
sih ya alexis17 bocor;1;sih alexis17 bocor;;;;;;;
AHOOKKK CINTAAKUUUU❤❤❤❤;0;ahookkk cintaakuuuu heart heart heart heart;;;;;;;
Kerennn contentnya bang ;cari situs yang benar itu 𝗪𝗘𝗧𝗢𝗡𝟴𝟴;1;kerennn contentnya bang cari situs benar weton88;;;;;;
Terimakasih udah sadar; sekarang buka matam;0;terimakasih udah sadar sekarang buka matam;;;;;;
main cerdas 𝗣 𝗟 𝗨 𝗧 𝗢 𝟴 𝟴 ; hasilnya berbicara;1;main cerdas pluto88 hasil bicara;;;;;;
"Jawabnya ""YNTKTS""...";0;jawab yntkts;;;;;;;
sedikit bicara banyak isi ❌;;;;;;;;;
​@rizqiartsklo dulu jual-beli mobil kecil sekarang merambah ke bus udah kyk SubJay😂;0;rizqiartsklo dulu jual beli mobil kecil sekarang rambah bus udah kyk subjay joy;;;;;;;
Segitu levelnya ya ges yak; siap siap;0;segitu level ges yak siap siap;;;;;;
Panji udah diajarin sama Queen Irene masih lengah aja wkwkwkwk;0;panji udah diajarin sama queen irene lengah aja wkwkwkwk;;;;;;;
Sudah mulai pada pinter ye;0;mulai pinter ye;;;;;;;
2:25 langsung 𝐒𝐆𝐈𝟖𝟖 bang;1;langsung sgi88 bang;;;;;;;
alexis17 ! emang ga duanya ; pelayanan vip member seumur hidup;1;alexis17 emang ga dua layan vip member umur hidup;;;;;;
13:51 Anak macan numpang lewat..;0;anak macan numpang lewat;;;;;;;
Bagian mana?;0;bagi mana;;;;;;;
rezeki melimpah alexis'17 ; makasih !;1;rezeki limpah alexis makasih;;;;;;
​ @adeirmasari3775 walaupun katanya hanya sekolah SMP ya mas;0;adeirmasari3775 walaupun kata sekolah smp mas;;;;;;;
Pasti muak editor nya😂;0;muak editor nya joy;;;;;;;
Mobil nya papah racing team wajar aja pol abis;0;mobil nya papah racing team wajar aja pol abis;;;;;;;
Elegan; warna cerah; beeeuh kelasss;0;elegan warna cerah beeeuh kelasss;;;;;
𝗣 𝗟 𝗨 𝗧 𝗢 𝟴 𝟴 emang beda ; main langsung menang gede;1;pluto88 emang beda main langsung menang gede;;;;;;
​ @asyariiiii WTF dedi mulyadi??? 😂😂😂😂;0;asyariiiii wtf dedi mulyadi joy joy joy joy;;;;;;;
hadirr bos;0;hadirr bos;;;;;;;
temen gue bilang alexis17 tuh game changer !;1;temen gue bilang alexis17 tuh game changer;;;;;;;
Jumlah dislike nya disembunyiin yaaahhhhh;0;jumlah dislike nya disembunyiin yaaahhhhh;;;;;;;
Mods rata kanan masih butuh endors?;0;mods rata kanan butuh endors;;;;;;;
Cieee yang pada nungguin costrak 😂;0;cieee nungguin costrak joy;;;;;;;
Keren euyy mandalika77;1;keren euyy mandalika77;;;;;;;
emang gak obatnya sih keseruan main alexis17 .;1;emang gak obat sih seru main alexis17;;;;;;;
tajem2 banget;0;tajem2 banget;;;;;;;
Mobilnya keren yang reviuw berkelas ilmunya keren mas sukses terus 👍;0;mobil keren reviuw kelas ilmu keren mas sukses terus thumbsup;;;;;;;
orang bilang alexis17 tuh bener-bener dipercaya !;1;orang bilang alexis17 tuh bener bener percaya;;;;;;;
Kecuali Bu mega;0;bu mega;;;;;;;
@ They don't get paid enough or not smart enough; easy;0;they don t get paid enough or not smart enough easy;;;;;;
 @JokoJMC  sblm wawancara nyimeng dlu kali;0;jokojmc sblm wawancara nyimeng dlu kali;;;;;;;
Koplaaaakkk 😂;0;koplaaaakkk joy;;;;;;;
konten ! keren banget menjelaskannya ! main bagus bang 𝗪𝗘𝗧𝗢𝗡𝟴𝟴;1;konten keren banget jelas main bagus bang weton88;;;;;;;
terima kasi rezekinya 𝐒𝐆𝐈𝟖𝟖;1;terima kasi rezeki sgi88;;;;;;;
Salah milih presiden;0;salah milih presiden;;;;;;;
Bener wkwkwk males dengerin presiden ngang ngong;0;bener wkwkwk males dengerin presiden ngang ngong;;;;;;;
gw main di mandalika77 sampe bikin 3 akun kirain bakal rungkad salah satu; eh wd mulu wkkwkwk;1;gw main mandalika77 sampe bikin akun kirain bakal rungkad salah satu eh wd mulu wkkwkwk;;;;;;
Itu aja maen slow.. baru opening 3 langkah 😂;0;aja maen slow baru opening langkah joy;;;;;;;
Keren omkuu;0;keren omkuu;;;;;;;
aowkwkwk kocak;0;aowkwkwk kocak;;;;;;;
 @GinahGinah-l2n oh iya ya🫣;0;ginahginah l2n iya face with peeking eye;;;;;;;
9:11 bang jam segitu menang w 𝐒𝐆𝐈𝟖𝟖;1;bang jam segitu menang w sgi88;;;;;;;
BYD; Geely; Chery; ChangAn;0;byd geely chery changan;;;;
serius deh ̠ 𝑨𝑳𝑬𝑿𝑰𝑺17 】 bener gacor ! .;1;serius deh alexis17 bener gacor;;;;;;;
gak gagal ; weton88;1;gak gagal weton88;;;;;;
Berpendidikan pintar; tegas; berani  cocok ni jd wapres;0;didik pintar tegas berani cocok ni jd wapres;;;;;
Kdm - ahok bisa kali;0;kdm ahok kali;;;;;;;
maen Swert Bonanja; sketer terus-terusan;1;maen swert bonanja sketer terus terus;;;;;;
Gas modif motor😋;0;gas modif motor yum;;;;;;;
Suported apa suportif sih yg bener??#seriusnanya;0;suported apa suportif sih yg bener seriusnanya;;;;;;;
@qaisardaulay219  money can buy everything 🤣;0;qaisardaulay219 money can buy everything rofl;;;;;;;
gue rela bolos meeting ikutan event alexis17 .;1;gue rela bolos meeting ikut event alexis17;;;;;;;
temen gue bilang alexis17 tuh bikin kecanduan !;1;temen gue bilang alexis17 tuh bikin candu;;;;;;;
keluarga gue aja gaptek ; ngomongin p͟͟u͟͟l͟͟a͟͟u͟͟w͟͟i͟͟n͟͟ .;1;keluarga gue aja gaptek ngomongin pulauwin;;;;;;
emang gak saingannya sih keuntungan main alexis17 .;1;emang gak saing sih untung main alexis17;;;;;;;
Ini kan anak nya Raja bohong ijazah palsu;0;kan anak nya raja bohong ijazah palsu;;;;;;;
Patut di tunggu yg non Ev sih 😁;0;patut tunggu yg non ev sih grin;;;;;;;
maen siang-siang ; lgsng big win;1;maen siang siang lgsng big win;;;;;;
lancar lancar bang salam jepe λ l e x i s 1 7 ;;1;lancar lancar bang salam jepe llexis17;;;;;;
Modif motor juga boleh bang;0;modif motor bang;;;;;;;
Bang Pandji dulu bukannya gak suka sama BTP?;0;bang pandji dulu bukan gak suka sama btp;;;;;;;
Ooooo..... Numpang Jumbo ternyata;0;ooooo numpang jumbo nyata;;;;;;;
kerennn contentnya bang ; cari situs 𝐒𝐆𝐈𝟖𝟖;1;kerennn contentnya bang cari situs sgi88;;;;;;
gue udah ga bayangin hidup alexis17 ; ; udah sumber nafkah utama;1;gue udah ga bayangin hidup alexis17 udah sumber nafkah utama;;;;;
sebulan main alexis17 ; gue udah liburan lombok !;1;bulan main alexis17 gue udah libur lombok;;;;;;
gak bosan main alexis17 ; menang !;1;gak bosan main alexis17 menang;;;;;;
Abis dari pacinko lanjut sini;0;abis pacinko lanjut sini;;;;;;;
Keren lu bang;0;keren lu bang;;;;;;;
Geloo 𝗪𝗘𝗧𝗢𝗡𝟴𝟴 Cair terus x100;1;geloo weton88 cair terus x1;;;;;;;
Eh lewat jalur busway😂;0;eh lewat jalur busway joy;;;;;;;
gue udah ga bayangin hidup alexis17 ! ; udah mata pencaharian;1;gue udah ga bayangin hidup alexis17 udah mata cahari;;;;;;
Anies ahok the next president and wakil president 🎉;0;anies ahok the next president and wakil president tada;;;;;;;
Baru sebulan main ALEXIS⭐17⭐; gue udah bisa liburan ke Labuan Bajo!;1;baru bulan main alexis star star gue udah libur labu bajo;;;;;;
Persis kayak pendahulunya;0;persis kayak dahulu;;;;;;;
apaan sih; ngomongin siapa? Seberapa banyak?;0;apa sih ngomongin siapa berapa banyak;;;;;;
swert bonanja gacir banget ; mantul;1;swert bonanja gacir banget mantul;;;;;;
 @MrDidifar  cocok hahhaha;0;mrdidifar cocok hahhaha;;;;;;;
menghargai kinerja konsisten ; 𝐷о𝐑𝐀 𝟳𝟩-layak dipertimbangkan .;1;harga kerja konsisten dora layak timbang;;;;;;
sabar bang ngadepin otang fikiran pendek 😂;0;sabar bang ngadepin otang fikiran pendek joy;;;;;;;
Otw dulang emas di pedalaman papua😂😂😂 buat beli hp ini;0;otw dulang emas dalam papua joy joy joy buat beli hp;;;;;;;
modal maxwin ; gila sih gacor abis;1;modal maxwin gila sih gacor abis;;;;;;
25:15 Undo moment🗿🗿;0;undo moment moyai moyai;;;;;;;
Sedang tren bang NDASMU; bikin liverynya dong bang😂;0;sedang tren bang ndasmu bikin liverynya dong bang joy;;;;;;
Savage parah; di 💞𝘼LEXIS-17💞 bonus welcome-nya bikin melongo.;1;savage parah revolving hearts alexis revolving hearts bonus welcome nya bikin longo;;;;;;
video gua pause;0;video gua pause;;;;;;;
Nicetry 👌🏻;0;nicetry hand;;;;;;;
Kalau bisa wapresnya tukeran sama gubernur jabar;0;kalau wapresnya tukeran sama gubernur jabar;;;;;;;
bener bener kek dengerin orng halu yapping;0;bener bener kek dengerin orng halu yapping;;;;;;;
mantap jiwa raga main 𝘼x𝘓 7𝟩𝟽 ; cuan menerus jeda !;1;mantap jiwa raga main axl cuan terus jeda;;;;;;
Eh panji itu trik 2 dua tiga langkah yang suka dipake buat push rank 😂;0;eh panji trik tiga langkah suka dipake buat push rank joy;;;;;;;
Pulau 777: Momen kemenangan tak terlupakan!;1;pulau momen menang tak lupa;;;;;;;
Inpo bodykit di jual gak bang dipo 😮;0;inpo bodykit jual gak bang dipo open mouth;;;;;;;
gimana ndji? keren gk pak Ahok? 😂;0;gimana ndji keren gk pak ahok joy;;;;;;;
Yaaa Ini lahhh; presiden hasil dari ntahhh pilihan siapa;0;yaaa lahhh presiden hasil ntahhh pilih siapa;;;;;;
Raih kebahagiaan sejati di M𝗮𝘯𝐝𝗮𝑙𝗶𝒌𝐚𝟟𝟳;1;raih bahagia sejati mandalika77;;;;;;;
alexis17 ; tuh emang bener-bener beda ; sistemnya transparan;1;alexis17 tuh emang bener bener beda sistem transparan;;;;;
a l e x i s 1 7 emang top dah ; ga bikin kecewa sampe jaman;1;alexis17 emang top dah ga bikin kecewa sampe jaman;;;;;;
tau rahasia sukses ? : alexis 17;1;tau rahasia sukses alexis;;;;;;;
wkwkwkwkwwk lucu banget om;0;wkwkwkwkwwk lucu banget om;;;;;;;
gk bosan nya 𝘼𝙇𝙀𝙓𝙄𝙎17;1;gk bosan nya alexis17;;;;;;;
Betul bang.; ane ngantuk dengerny;0;betul bang ane ngantuk dengerny;;;;;;
menyala wii di ✦✦M𝐚𝐧𝐮𝐭𝟖𝟖✦✦;1;nyala wii manut88;;;;;;;
Ya Alloh...kapan ya sy bisa bawa  pulang unit ini;0;alloh kapan sy bawa pulang unit;;;;;;;
Iya beneran ini 😭;0;iya beneran sob;;;;;;;
Ya gitulah otak kalo udah kena brainrot😂;0;gitulah otak kalo udah kena brainrot joy;;;;;;;
emang gak se-profitable alexis17 .;1;emang gak se profitable alexis17;;;;;;;
Isinya daging semua❤;0;isi daging semua heart;;;;;;;
Bang Pandji; soundnya Bang;0;bang pandji soundnya bang;;;;;;
gak nyangka menang 𝐏 𝐋 𝐔 𝐓 𝐎 𝟖 𝟖 ; serasa mimpi siang bolong;1;gak nyangka menang pluto88 serasa mimpi siang bolong;;;;;;
jp 𝗣 𝗟 𝗨 𝗧 𝗢 𝟴 𝟴 ! terbaik sih situsnya;1;jp pluto88 baik sih situs;;;;;;;
akari awetnya terbaik;1;akar awet baik;;;;;;;
Ga usah bahas yg tinggi lo aaja jadi wapres krena bapak lu;0;ga usah bahas yg tinggi lo aaja jadi wapres krena bapak lu;;;;;;;
𝗞 𝗢 𝗜 𝗦 𝗟 𝗢 𝗧 kasih bukti ; janji ; seminggu langsung dapet !;1;koislot kasih bukti janji minggu langsung dapet;;;;;
Ok min; lanjut 𝐒𝐆𝐈𝟖𝟖;1;min lanjut sgi88;;;;;;
pake karoseri morodadi keren psti body nya kuat kya tank;0;pake karoseri morodadi keren psti body nya kuat kya tank;;;;;;;
Baru seminggu join ALEXIS⭐17⭐; gue udah bisa beliin ortu kulkas dua pintu!;1;baru minggu join alexis star star gue udah beliin ortu kulkas pintu;;;;;;
modal receh makswin ; gg sih;1;modal receh makswin gg sih;;;;;;
wkwkwkwk lucu2;0;wkwkwkwk lucu2;;;;;;;
KDM AHOK 2029 bisa kali;0;kdm ahok kali;;;;;;;
Game-nya gacor banget; lgsng jepek;1;game nya gacor banget lgsng jepek;;;;;;
game-nya gacir ; maen jepe;1;game nya gacir maen jepe;;;;;;
Tetap cintai CKD;0;tetap cinta ckd;;;;;;;
​ @robbyzulhaq_rz6725 nyimak lol dia bilang di chanel pribadi;0;robbyzulhaq rz6725 nyimak lol bilang chanel pribadi;;;;;;;
Di detik 6:24 mas;solutif banget;0;detik mas solutif banget;;;;;;
Beli iphone;0;beli iphone;;;;;;;
menit 20:15 happy banget ; hasil 𝐷оrа𝟩𝟳 bikin hariku ceria !;1;menit happy banget hasil dora77 bikin hari ceria;;;;;;
a l e x i s 1 7 tuh emang bener-bener beda ; sistemnya transparan;1;alexis17 tuh emang bener bener beda sistem transparan;;;;;;
emang gak obatnya sih sensasi main alexis17 .;1;emang gak obat sih sensasi main alexis17;;;;;;;
Semangat bang buat konten nya 😊Salam 𝐒𝐆𝐈𝟖𝟖! gampang Jepe;1;semangat bang buat konten nya blush salam sgi88 gampang jepe;;;;;;;
englishtown sih ?;0;englishtown sih;;;;;;;
Mobil baru beres langsung crash bg;0;mobil baru beres langsung crash bg;;;;;;;
Kini indonesia bukan menuju emas lagi. Sudah menjadi masgibran;0;kini indonesia bukan tuju emas jadi masgibran;;;;;;;
petir 𝐊𝐨𝐢𝐒𝐋𝐎𝐓 dateng pas butuh hiburan !;1;petir koislot dateng pas butuh hibur;;;;;;;
Pajaknya berapa yah klo EV Premium kek gini??;0;pajak berapa yah klo ev premium kek gin;;;;;;;
keren ! meraih kemenangan di𝐏 𝐋 𝐔 𝐓 𝐎 𝟖 𝟖 langsung berlibur negeri !;1;keren raih menang dip luto88 langsung libur negeri;;;;;;;
gabung 𝘼𝙇𝙀𝙓𝙄𝙎17 seminggu ; mobil impian langsung lunas;1;gabung alexis17 minggu mobil impi langsung lunas;;;;;;
the best skakmat; makasih udh ngasih tontonan berkualitas bang pandji;0;the best skakmat makasih udh ngasih tonton kualitas bang pandji;;;;;;
𝒫𝓊𝓁𝒶𝓊777 emang Gacir; jepe hari ini lagi!;1;pulau777 emang gacir jepe hari;;;;;;
maen ; lgsng makswin ; gg banget;1;maen lgsng makswin gg banget;;;;;
d𝑂𝑅𝐴𝟳𝟩 ; auto 𝙢ekswin;1;dora77 auto mekswin;;;;;;
orang bilang alexis17 tuh blessing banget !;1;orang bilang alexis17 tuh blessing banget;;;;;;;
Beli ah..;0;beli ah;;;;;;;
maen swert bonanja ; sketer terus-terusan;1;maen swert bonanja sketer terus terus;;;;;;
✦𝗠𝗮𝗻𝘂𝘁𝟴𝟴✦semoga ada cintanya;1;manut88 moga cinta;;;;;;;
gak khawatir duit kalo udah gabung alexis17 .;1;gak khawatir duit kalo udah gabung alexis17;;;;;;;
Biar lbh quick lg kalo mau gnti ratio 😂;0;biar lbh quick lg kalo mau gnti ratio joy;;;;;;;
Rezeki yang diberikan 𝘈𝘎𝑈𝙎𝘛𝙊𝐓O-sungguh tiada tara; terima kasih Ya Allah!;1;rezeki beri agustoto sungguh tiada tara terima kasih allah;;;;;;
Langsung auto beli di alam mimpi😂;0;langsung auto beli alam mimpi joy;;;;;;;
penasaran deh 𝘼𝙇𝙀𝙓𝙄𝙎17 ; kayaknya seru . sih !;1;penasaran deh alexis17 kayak seru sih;;;;;;
Ｍandalika𝟳𝟳 aku cba; langsung bawa pulang cuan gede;1;mandalika77 aku cba langsung bawa pulang cuan gede;;;;;;
emang gak se-mantep alexis17 deh .;1;emang gak se mantep alexis17 deh;;;;;;;
udah coba 𝘼𝙇𝙀𝙓𝙄𝙎17 ? ? !;1;udah coba alexis17;;;;;;;
Gak mau Ahokers;0;gak mau ahokers;;;;;;;
a.l.e.x.i.s.1.7 emang berbeda;1;a l e x i s emang beda;;;;;;;
anjir mandalika77 situs kesukaan teman gw;1;anjir mandalika77 situs suka teman gw;;;;;;;
Emg jawaban apa yg anda inginkan??;0;emg jawab apa yg ingin;;;;;;;
memang ga salah hanya ✦𝗠𝗮𝗻𝘂𝘁𝟴𝟴✦buat gue gila wede;1;memang ga salah manut88 buat gue gila wede;;;;;;;
d 𝐄 𝘞 𝘼 𝘿 𝘖 𝑅 𝘈 sukses ; penjual keliling pengusaha kopi .;1;dewadora sukses jual keliling usaha kopi;;;;;;
Dia hanya kontenn kreator.. Wapres hanya di bio link nya😅😅😅;0;kontenn kreator wapres bio link nya sweat smile sweat smile sweat smile;;;;;;;
keberuntungan bikin cinta 𝘋𝑂𝑅𝐴𝟽𝟩 ; hasilnya !;1;untung bikin cinta dora77 hasil;;;;;;
Baru sehari join ALEXIS⭐17⭐; gue udah dapet cuan buat DP rumah!;1;baru hari join alexis star star gue udah dapet cuan buat dp rumah;;;;;;
Nyari takjil naik skyline come back kah? 😊;0;nyari takjil naik skyline come back blush;;;;;;;
gue sih yes kalo diajak main alexis17 .;1;gue sih yes kalo ajak main alexis17;;;;;;;
itu teknik menjawab diplomatis;0;teknik jawab diplomatis;;;;;;;
Yg viral menit berapa aja;0;yg viral menit berapa aja;;;;;;;
Kalau Narasi berani; wawancara juga tuh pak Gibran Raka buming;0;kalau narasi berani wawancara tuh pak gibran raka buming;;;;;;
modal alexis17 bermanfaat .;1;modal alexis17 manfaat;;;;;;;
nunggu video bangun BRZ nya farel;0;nunggu video bangun brz nya farel;;;;;;;
udah susah2 rebranding nama BTP; kesini dibalikin Ahok lg dong😅;0;udah susah2 rebranding nama btp kesini dibalikin ahok lg dong sweat smile;;;;;;
main santai ; cuan ! 𝑲𝑰𝑵𝑮𝟑𝟐𝟖 !;1;main santai cuan king328;;;;;;
basmi judol.;0;basmi judol;;;;;;;
02:30 Rezeki datang terus dari ρüℓAυ777; gokil!;1;rezeki datang terus rulay777 gokil;;;;;;
Ga salah nih notif ?;0;ga salah nih notif;;;;;;;
P U L A U 7 7 7 emang seru banget; banyak yang untung disono;1;pulau777 emang seru banget banyak untung sono;;;;;;
Gue rela bolos kuliah demi ikutan event di ALEXIS⭐17⭐.;1;gue rela bolos kuliah ikut event alexis star star;;;;;;;
Grafis 𝘈𝘎𝑈𝙎𝘛𝙊𝐓O keren banget; bikin betah main!;1;grafis agustoto keren banget bikin betah main;;;;;;
Baru maen langsung mekswin di 𝘋𝐄𝘞𝐀𝐃O𝐑𝘈;1;baru maen langsung mekswin dewadora;;;;;;;
maen lgsng jepek ; modal aja;1;maen lgsng jepek modal aja;;;;;;
Ahok feat Anies 2029 yukk❤;0;ahok feat anies yukk heart;;;;;;;
menang berkat pawpaw4d ; hoki mudah .;1;menang berkat pawpaw4d hoki mudah;;;;;;
Cuma di sini; Tempat paling aman dan asik? 🔥⚡ALEXIS17⚡?🔥;1;cuma sini tempat paling aman asik fire zap alexis17 zap fire;;;;;;
Tim yang nonton doang kaga beli; 😂;0;tim nonton doang kaga beli joy;;;;;;
Hp yg membuat pemilik iphone meronta ronta.. hahhah;0;hp yg buat milik iphone ronta ronta hahhah;;;;;;;
Keren banget! Menang banyak di 𝘈𝘎𝑈𝙎𝘛𝙊𝐓O; auto liburan mewah!;1;keren banget menang banyak agustoto auto libur mewah;;;;;;
 @IsmailAdrian-f2e terus? Ga boleh kritik gitu?;0;ismailadrian f2e terus ga kritik gitu;;;;;;;
mandalika77 Kebanggan rakyat;1;mandalika77 banggan rakyat;;;;;;;
kota sejuta bunga hadir;0;kota juta bunga hadir;;;;;;;
member digar-uda-hoki jepey;1;member gar uda hoki jepey;;;;;;;
Kalo ngedislike nanti di penjara gak;;;;;;;;;
Coba bang Pandji sama ayahnya Gibran raka buming;0;coba bang pandji sama ayah gibran raka buming;;;;;;;
@mascar007  konoha bos ; kalo jd buzzer yg teliti;0;mascar 7 konoha bos kalo jd buzzer yg teliti;;;;;;
alexis17 udah deadline mepet belom ya ? gue lapar nih .;1;alexis17 udah deadline mepet bom gue lapar nih;;;;;;;
gua sales emg gokil siga ru da ho ki-gacorr der;1;gua sales emg gokil siga ru da ho ki gacorr der;;;;;;;
Lu yg ga nangkep kali kocak;0;lu yg ga nangkep kali kocak;;;;;;;
semangat bang konten nya salam 𝐒𝐆𝐈𝟖𝟖 ! gampang jepe;1;semangat bang konten nya salam sgi88 gampang jepe;;;;;;;
main aja gicir te​r​us;1;main aja gicir terus;;;;;;;
dialikenya disembunyikan wkwkkwkwkwk;0;dialikenya sembunyi wkwkkwkwkwk;;;;;;;
​ @m.rakhapa jeco sama chery sama mesinnya phev nya?;0;m rakhapa jeco sama chery sama mesin phev nya;;;;;;;
bro sibuk sih ? alexis17 ; bagi-bagi bonus deposit super gede nih;1;bro sibuk sih alexis17 bonus deposit super gede nih;;;;;;
Masya allah made in china luar biasa;0;masya allah made in china luar biasa;;;;;;;
"Pemilih ikut""an..yg penting bisa goyang ok gas";0;pilih ikut an yg penting goyang gas;;;;;;;
Mercy anak gasx gank itu;0;mercy anak gasx gank;;;;;;;
Di bengkel rekanan;0;bengkel rekan;;;;;;;
𝘼𝙇𝙀𝙓𝙄𝙎17 ngertiin kebutuhan gue . beneran .;1;alexis17 ngertiin butuh gue beneran;;;;;;;
​​ @AnggoroDps_9 emang kritik gabisa ya di luar negri bebas orang mau kritik;0;anggorodps 9 emang kritik gabisa luar negri bebas orang mau kritik;;;;;;;
gacir banget 𝘿 e 𝐖 𝘈 𝐃 𝐎 r 𝐀 ; hoki abis;1;gacir banget dewadora hoki abis;;;;;;
Pasti anak abah...wkwkkwk;0;anak abah wkwkkwk;;;;;;;
@faa3457-k9l  apa bedanya dengan ente; sama2 maniak ap;0;faa3457 k9l apa beda ente sama2 maniak ap;;;;;;
temen gue bilang alexis17 tuh bikin nagih abis !;1;temen gue bilang alexis17 tuh bikin nagih abis;;;;;;;
Ya Tuhan. Sedih banget denger jawabannya😭😭😭😭😭😭😭😭😭😭😭😭😭😭😭😭😭😭😭😭;0;tuhan sedih banget denger jawab sob sob sob sob sob sob sob sob sob sob sob sob sob sob sob sob sob sob sob sob;;;;;;;
Presiden terhebat yg dinanti indonesia❤❤❤ 1 usd = rp. 17.000;0;presiden hebat yg nanti indonesia heart heart heart usd rp;;;;;;;
fix ! λ l e x i s 1 7 ; emang beda ; bikin member setia !;1;fix llexis17 emang beda bikin member setia;;;;;
Rusaklah mending mundur aja;; maksain jadi presiden;0;rusak mending mundur aja maksain jadi presiden;;;;;
Whh cocok nih buat bangunin orang sahur😅;0;whh cocok nih buat bangunin orang sahur sweat smile;;;;;;;
HP lipet 2 gasih?;0;hp lipet gasih;;;;;;;
Akhirnya yg di tunggu2😁 𝐒𝐆𝐈𝟖𝟖;1;akhir yg tunggu2 grin sgi88;;;;;;;
GM Irene Sukandar udah nangis dari 18:28;0;gm irene sukandar udah nang;;;;;;;
​ @angeliart_  busett ini komen ada di mana mana sumpah; buzzer kah?;0;angeliart busett komen mana mana sumpah buzzer;;;;;;
hoki gak bohong ; udah pakai pawpaw4d !;1;hoki gak bohong udah pakai pawpaw4d;;;;;;
"1:23:47 ""kok lu ga makan gua? bego banget lu"" 😂😭";0;kok lu ga makan gua bego banget lu joy sob;;;;;;;
kenangan indah pontianak;1;kenang indah pontianak;;;;;;;
 @JokoJMC  dan gw heran kaum 58% tetap muja muja presiden ky gini;0;jokojmc gw heran kaum tetap muja muja presiden ky gin;;;;;;;
Ada yg 50 rbuan gak bro 😂😂😂😂😂;0;yg rbuan gak bro joy joy joy joy joy;;;;;;;
rezeki 𝐒𝐆𝐈𝟖𝟖-bikin hariku bermakna ; terima kasih !;1;rezeki sgi88 bikin hari makna terima kasih;;;;;;
ke 3 bang ;salam jepe 𝐒𝐆𝐈𝟖𝟖;1;bang salam jepe sgi88;;;;;;
Belik cilok depan alfa 5k 🗿👍🏿;0;belik cilok depan alfa 5k moyai thumbsup;;;;;;;
Tempo ngga di ajak duduk nih?;0;tempo ngga ajak duduk nih;;;;;;;
11/100 terlalu banyak;0;terlalu banyak;;;;;;;
Bahas izasah jokowi bang;0;bahas izasah jokowi bang;;;;;;;
seketer se​r​ing mampi​r​ ; wede aman;1;keter sering mampir wede aman;;;;;;
RAJA TERAKHIRRR!!!;0;raja terakhirrr;;;;;;;
haha bowoktok de tok ..;0;haha bowoktok de tok;;;;;;;
Emang harus sih upload seminggu dua kali btw;0;emang sih upload minggu kali btw;;;;;;;
Do you see what i see? 😢;0;do you see what i see cry;;;;;;;
 @keannudandossi7613  aduu sorry chrysler mah jeep ya 😅;0;keannudandossi7613 aduu sorry chrysler mah jeep sweat smile;;;;;;;
alexis'17 gua suka banget main ; mudah menangnya;1;alexis gua suka banget main mudah menang;;;;;;
 @AndhikaSuryaputra413  soalnya prompt ke AI ga ke arah permainan caturnya 😁;0;andhikasuryaputra413 soal prompt ai ga arah main catur grin;;;;;;;
Buat penjara untuk koruptor di gunung anak krakatau pak presiden.;0;buat penjara koruptor gunung anak krakatau pak presiden;;;;;;;
Jika Anda menghargai komunitas yang solid; A𝙂𝑈S𝘛𝘖𝐓𝘖 mungkin cocok.;1;harga komunitas solid agustoto mungkin cocok;;;;;;
gila modal usaha gua bertambah berkat alexis17 .;1;gila modal usaha gua tambah berkat alexis17;;;;;;;
 @alphacraft1386 hehehe tau iri dan dengki darimana mas? Jangan berprasangka buruk!;0;alphacraft1386 hehehe tau iri dengki darimana mas jangan prasangka buruk;;;;;;;
besar hati amat sangat nemu web mandalika77 ini berlega hati amat sangat lah sehabis demikian lama bermain  baru kali ini selisih gw naik jadi segini brayyy ingin nangis saking senengnya;1;besar hati sangat nemu web mandalika77 lega hati sangat lah habis lama main baru kali selisih gw naik jadi gin brayyy nang saking neng;;;;;;;
Ghacoorr nya kelewatan sumpah-Ga ru da Ho ki😡;1;ghacoorr nya lewat sumpah ga ru da ho ki rage;;;;;;;
Gas bang 🎉🎉🎉;0;gas bang tada tada tada;;;;;;;
Bapalu gay;0;bapalu gay;;;;;;;
𝐷 𝘖 𝙍 𝐴 𝟽 𝟽 menawarkan pengalaman daring yang berbeda. 😁;1;dora77 tawar alam daring beda grin;;;;;;;
​ @angeliart_  memang diundang?;0;angeliart memang undang;;;;;;;
happy banget dapet rezeki 𝐷𝑂𝙍𝐀𝟽𝟩 ; bener-bener puas !;1;happy banget dapet rezeki dora77 bener bener puas;;;;;;
alexis17 gk kalah hki trus maen;1;alexis17 gk kalah hki trus maen;;;;;;;
gacu​r​ banget ; modal seadanya cuy;1;gacur banget modal ada cuy;;;;;;
Modal kecil langsung gacir di 𝐃O𝘙𝐀𝟽𝟩; puas banget main di sini!;1;modal kecil langsung gacir dora77 puas banget main sini;;;;;;
lo diem aja dapet cuan ; tempatnya pu lau tujuh tujuh tujuh .;1;lo diem aja dapet cuan tempat pu lau tujuh tujuh tujuh;;;;;;
𝘈𝙂𝘜s𝘛o𝙏𝙊menawarkan pengalaman daring halus dipoles .;1;agustotomenawarkan alam daring halus poles;;;;;;;
🆄🅻🆄777 ; hadiah !;1;ulu777 hadiah;;;;;;
gue sih percaya aja alexis17 ; gak ngecewain .;1;gue sih percaya aja alexis17 gak ngecewain;;;;;;
Boleh banget tuh konten motor nya;0;banget tuh konten motor nya;;;;;;;
Anak Bapak sama aja;0;anak bapak sama aja;;;;;;;
Best ever!;0;best ever;;;;;;;
iya yoga buzzer; gausah ngespam juga dong 😹;0;iya yoga buzzer gausah ngespam dong joy cat;;;;;;
cuan gak langit ; pu lau tujuh tujuh tujuh !;1;cuan gak langit pu lau tujuh tujuh tujuh;;;;;;
gasss konten motornyaaa;0;gasss konten motornyaaa;;;;;;;
woilah . opening jalan petani . rumah gw;0;woilah opening jalan tani rumah gw;;;;;;;
Planet venus kembar;0;planet venus kembar;;;;;;;
ini grassroot nonton ini gak ya?;0;grassroot nonton gak;;;;;;;
Yng ditunggu tunggu damnnnn 💥🙌;0;yng tunggu tunggu damnnnn boom raised hands;;;;;;;
jepe ; wede lancar banget;1;jepe wede lancar banget;;;;;;
Gue rela ninggalin nonton bola demi fokus di ALEXIS⭐17⭐.;1;gue rela ninggalin nonton bola fokus alexis star star;;;;;;;
buset suara nya gileee supercar lewat..;0;buset suara nya gileee supercar lewat;;;;;;;
seminggu main alexis17 ; gue udah ganti smart tv !;1;minggu main alexis17 gue udah ganti smart tv;;;;;;
Main lagi di 𝐀𝙓𝐋77𝟽; siapa tau rezeki datang lagi!;1;main axl777 siapa tau rezeki datang;;;;;;
Terimakasih bang;0;terimakasih bang;;;;;;;
temen-temen gue pindah 𝙋𝙐𝙇𝘼𝙐𝙒𝙄𝙉 ; gue ngerti kenapanya .;1;temen temen gue pindah pulauwin gue ngerti kenapa;;;;;;
Di iya iyain biar cpet kelar 😂😂;0;iya iyain biar cpet kelar joy joy;;;;;;;
 @rizkyanihidayat7110  ngga baiknya seolah2 tau;;0;rizkyanihidayat711 ngga baik seolah2 tau;;;;;;
bused mewah banget;0;bused mewah banget;;;;;;;
50 juta aja bree 😂;0;juta aja bree joy;;;;;;;
kok ngeri2 sedap yaa;0;kok ngeri2 sedap yaa;;;;;;;
sukaaa bangettt 𝗪𝗘𝗧𝗢𝗡𝟴𝟴;1;sukaaa bangettt weton88;;;;;;;
SKAKMAT TERBAIK; TERKOCAK; TERNGAKAK 🤣🤣🤣;0;skakmat baik kocak terngakak rofl rofl rofl;;;;;
Modif mio sporty bang ziko😍🤩;0;modif mio sporty bang ziko heart eyes star struck;;;;;;;
𝗦𝗚𝗜𝟴𝟴 is the best;1;sgi88 is the best;;;;;;;
Bro beliau tidak memiliki jenggot; wkwk(canda);0;bro beliau milik jenggot wkwk canda;;;;;;
ᗩᗷGᗯIᑎ Lunas utang; auto kaya cok;1;bokuggooiti lunas utang auto kaya cok;;;;;;
yg tunggu2 𝐒𝐆𝐈𝟖𝟖;1;yg tunggu2 sgi88;;;;;;;
gak modal gede alexis17 .;1;gak modal gede alexis17;;;;;;;
​@MrSomyaputrakebenaran yang mana gw tanya? 😂😂;0;mrsomyaputrakebenaran mana gw tanya joy joy;;;;;;;
Gatau juga kak;0;gatau kak;;;;;;;
Habis kesamber petirnya kakek main di  mandalika77  ; scatternya gilagilaan..putarannya bagus terus; mantap kali main disini bang.;1;habis kesamber petir kakek main mandalika77 scatternya gilagilaan putar bagus terus mantap kali main sini bang;;;;;
malam makswin ; modal receh;1;malam makswin modal receh;;;;;;
Belum nemu bro. Nanti di part berikutnya kali. Mikir positif aja dlu;0;nemu bro part ikut kali mikir positif aja dlu;;;;;;;
swert bonanja gacir ; modal jepek;1;swert bonanja gacir modal jepek;;;;;;
Ilmu mahal 🔥🔥🔥;0;ilmu mahal fire fire fire;;;;;;;
emang gak se-jujur alexis17 deh .;1;emang gak se jujur alexis17 deh;;;;;;;
Biasalah privilege 🤣🤣;0;biasa privilege rofl rofl;;;;;;;
​ @Riko_Syahputra96  ya justru banyak juara; jadi ada sponsor bro;0;riko syahputra96 justru banyak juara jadi sponsor bro;;;;;;
gа 𝘣oong ; dі 𝘿o𝐑𝐀7𝟳 depo k𝘦cil doan𝐠 bis𝙖 mekswin berκali-kali;1;ga boong dora77 depo kecil doang mekswin kali kali;;;;;;
coba 𝗦𝗚𝗜𝟴𝟴 ; gak ribet ! salam petir x 500;1;coba sgi88 gak ribet salam petir x;;;;;;
Si gw ga kaliatan jumlah dislikenya😅🙏;0;si gw ga kaliatan jumlah dislikenya sweat smile pray;;;;;;;
maen santai big win;1;maen santai big win;;;;;;;
Dislikenya disembunyikan ya mas wapres😅;0;dislikenya sembunyi mas wapres sweat smile;;;;;;;
lebih seru baca komen daripada nonton 3jam wkwkwk;0;lebih seru baca komen nonton 3jam wkwkwk;;;;;;;
super happy berkat а𝘎𝙐𝙎𝐓ot𝑂 ; rezeki melimpah !;1;super happy berkat agustoto rezeki limpah;;;;;;
gak ngeh pak ahok 7x wkwkwkw;0;gak ngeh pak ahok 7x wkwkwkw;;;;;;;
𝘼𝙇𝙀𝙓𝙄𝙎17 bikin hidup gue simpel ; asli .;1;alexis17 bikin hidup gue simpel asli;;;;;;
Dislike aja....wapres ga mutu ..kepilih krn ada ordal;0;dislike aja wapres ga mutu pilih krn ordal;;;;;;;
Emane rek di jual;0;emane rek jual;;;;;;;
Si Safri sama si bima suruh pulang dari cina;bikin malu Indonesia ajA;0;si safri sama si bima suruh pulang cina bikin malu indonesia aja;;;;;;
Ada manfaatnya bang; tidur gue jadi nyenyak 😂.;0;manfaat bang tidur gue jadi nyenyak joy;;;;;;
gue sih udah buktiin kehebatan alexis17 .;1;gue sih udah buktiin hebat alexis17;;;;;;;
Lah..di undo 😂;0;lah undo joy;;;;;;;
The best anjir;0;the best anjir;;;;;;;
Jiwa pedagang memang🔥🔥;0;jiwa dagang memang fire fire;;;;;;;
swert bonanja makswin ; puas banget;1;swert bonanja makswin puas banget;;;;;;
bro alexis 17 event spesial nih rayain ultahnya;1;bro alexis event spesial nih rayain ultahnya;;;;;;;
Kembalikan yang kau curi;;;;;;;;;
AHOK NIH DI HUKUM SAJA MEMPENGARUHI RAKYATNYA INDONESIA;0;ahok nih hukum pengaruh rakyat indonesia;;;;;;;
Langsung beli ah.....;0;langsung beli ah;;;;;;;
ziko agi bintitan kah;0;ziko agi bintit;;;;;;;
15:30 ✩░▒▓▆▅▃▂▁𝐌𝐀𝐍𝐃𝐀𝐋𝐈𝐊𝐀𝟕𝟕▁▂▃▅▆▓▒░✩   – Menang besar; hadiahnya luar biasa!;1;mandalika77 menang besar hadiah luar biasa;;;;;;
suhu cara daftar ALEXIS-17☯ gimana ya?;1;suhu cara daftar alexis yin gimana;;;;;;;
Alhamdulillah🎉;0;alhamdulillah tada;;;;;;;
Salut gk nutup kolom komen;0;salut gk nutup kolom komen;;;;;;;
sketer muncul ; auto jepek;1;sketer muncul auto jepek;;;;;;
Gak malu kah? ;;;;;;;;;
ꗥ𝙈𝘼𝙉𝙐𝙏88ꗥ merubah kehidupanmu menjadi lebih matang;1;hemanut88he rubah hidup jadi lebih matang;;;;;;;
mantap ! bermain 𝗦𝗚𝗜𝟴𝟴 ; rezeki mengalir deras !;1;mantap main sgi88 rezeki alir deras;;;;;;
gw demen gas 𝐒𝐆𝐈𝟖𝟖 wkwkwkww seru . sering2 sih mah;1;gw demen gas sgi88 wkwkwkww seru sering2 sih mah;;;;;;;
Apakah belinya bisa di dealer Chery Mas Ridwan?;0;beli dealer chery mas ridwan;;;;;;;
sketer muncul terus; auto jepek;1;sketer muncul terus auto jepek;;;;;;
Gk abis pikir masa gk ada yang kenal sama 🪐 𝑨𝑳𝑬𝑿𝑰𝑺17 🪐.;1;gk abis pikir masa gk kenal sama ringed planet alexis17 ringed planet;;;;;;;
Santai kebo gua blum laku;0;santai kebo gua blum laku;;;;;;;
Inilah yang di sebut dengan pria punya selera 🔥;0;ini sebut pria punya selera fire;;;;;;;
bro kemana aja nih ? alexis 17 viral tau gak sih;1;bro aja nih alexis viral tau gak sih;;;;;;;
komen terlucu dri buzzer 😂​ @IsmailAdrian-f2e ;0;komen lucu dri buzzer joy ismailadrian f2e;;;;;;;
Kayak nonton matematika Harvard;0;kayak nonton matematika harvard;;;;;;;
18menit 400k 😢;0;18menit 4 k cry;;;;;;;
Setuju. (butuh meme baru nih);0;tuju butuh meme baru nih;;;;;;;
180 Sx pake mesin v8;0;sx pake mesin v8;;;;;;;
3 bang ; salam jepe 𝗦𝗚𝗜𝟴𝟴;1;bang salam jepe sgi88;;;;;;
Wkwkwkwk mobil paling mahal juara 3 ; amandio dong;0;wkwkwkwk mobil paling mahal juara amandio dong;;;;;;
Lanjutin yaa bang gua dukung;0;lanjutin yaa bang gua dukung;;;;;;;
ASC = Ahmad Sahroni Center 😂;0;asc ahmad sahroni center joy;;;;;;;
0:03 keren coba bang gas 𝐒𝐆𝐈𝟖𝟖;1;keren coba bang gas sgi88;;;;;;;
Gila ini 𝗣 𝗨 𝗟 𝗔 𝗨 𝗪 𝗜 𝗡 beneran legit 😭;1;gila pulauwin beneran legit sob;;;;;;;
Lek jersi njaluk sitok wong ngawi 😩😩😩😩😩🙏😭😭😭😭;0;lek jersi njaluk sitok wong ngawi weary weary weary weary weary pray sob sob sob sob;;;;;;;
Auuuuuuuuu;0;auuuuuuuuu;;;;;;;
Bener-bener situs terpercaya; recommended;1;bener bener situs percaya recommended;;;;;;
Ahok gas; anis skip;0;ahok gas anis skip;;;;;;
aktivitas ; ｐｕｌａｕｗｉｎ pelarian asik .;1;aktivitas pulauwin lari asik;;;;;;
26:15:00;;;;;;;;;
sebulan main alexis17 ; gue udah dp mobil mewah !;1;bulan main alexis17 gue udah dp mobil mewah;;;;;;
Apa nama link mandalika77 nya bossku;1;apa nama link mandalika77 nya bossku;;;;;;;
Pendukungnya Anis ya;0;dukung anis;;;;;;;
Dapet motor 2.😂;0;dapet motor joy;;;;;;;
Kenapa bukan Ahok-Anis😅;0;bukan ahok anis sweat smile;;;;;;;
Makin makmur dapet dari ꜱQᴜᴀᴅ777;1;makin makmur dapet squad777;;;;;;;
Emang gak ada yang se-mantep ALEXIS⭐17⭐ deh.;1;emang gak se mantep alexis star star deh;;;;;;;
Memang paling bisa nih wapres kita; tau banget ngolah algoritma;0;memang paling nih wapres tau banget ngolah algoritma;;;;;;
Maino dewe;0;maino dewe;;;;;;;
gak salah pilih deh pake 𝘼𝙇𝙀𝙓𝙄𝙎17 . banget .;1;gak salah pilih deh pake alexis17 banget;;;;;;;
gak pusing mikirin kalo udah join alexis17 .;1;gak pusing mikirin kalo udah join alexis17;;;;;;;
Terkutuk untuk semua bandar jga yg menyesatkan kecuali mandalika77 karna cm dia yg gacir haha;1;kutuk semua bandar jga yg sesat mandalika77 karna cm yg gacir haha;;;;;;;
coba buy spin 20k maxwin kwkwkkw makasih weton88 nyata emng;1;coba buy spin 2 k maxwin kwkwkkw makasih weton88 nyata emng;;;;;;;
Itulah kritik membangun ;;lanjutkan;0;kritik bangun lanjut;;;;;
Hiburan ku😊; ngemil sambil nonton; nikmat sekali; Alhamdulillah.;0;hibur ku blush ngemil nonton nikmat sekali alhamdulillah;;;;
Ada yang mau beli ginjal?;0;mau beli ginjal;;;;;;;
Lah emg udah proper bg🗿🗿;0;lah emg udah proper bg moyai moyai;;;;;;;
Garis ijo : assalamualaikum;0;garis ijo assalamualaikum;;;;;;;
Ngerti gak apa yg diomongin?;0;ngerti gak apa yg diomongin;;;;;;;
njir ; gue sih yes 𝘼𝙇𝙀𝙓𝙄𝙎17 . parah .;1;njir gue sih yes alexis17 parah;;;;;;
bandar 𝐒𝐆𝐈𝟖𝟖 auto ; sultan gacur;1;bandar sgi88 auto sultan gacur;;;;;;
Gimana cara minta bapaknya😅;0;gimana cara minta bapak sweat smile;;;;;;;
Apasih.. org bahas Jersey timnas malah judi.. gak menghormati.;0;apasih org bahas jersey timnas malah judi gak hormat;;;;;;;
Apa jadi dunia ; bisa kiamat; Ahok yess Anies no jualan agama;0;apa jadi dunia kiamat ahok yess anies no jual agama;;;;;
Gas modif xmax 😅;0;gas modif xmax sweat smile;;;;;;;
Bang.. Hp Nubia v70 cb review.. Hp d bwh 2 jt;0;bang hp nubia v7 cb review hp d bwh jt;;;;;;;
Baru cadi langsung crash😭;0;baru cadi langsung crash sob;;;;;;;
rezeki alexis17 ; makasih keberuntungannya !;1;rezeki alexis17 makasih untung;;;;;;
 @arifhidayat4149  oh kamu tiba tiba buta ya; ada apa;0;arifhidayat4149 kamu tiba tiba buta apa;;;;;;
ahok aja no anies;0;ahok aja no anies;;;;;;;
serius deh cuman 𝑨𝑳𝑬𝑿𝑰𝑺17 terbaik ! .;1;serius deh cuman alexis17 baik;;;;;;;
09:55 𝐏𝐔𝐋𝐀𝐔𝟕𝟕𝟕  Waktu bermain; waktu menang!;1;pulau777 waktu main waktu menang;;;;;;
bagus banget emang kaca filem wincos❤❤❤❤;0;bagus banget emang kaca filem wincos heart heart heart heart;;;;;;;
skill ulti keren parah ! alexis17 terpukau .;1;skill ulti keren parah alexis17 pukau;;;;;;;
Semua temen kantor gue pada kepo sama penghasilan dari ALEXIS⭐17⭐.;1;semua temen kantor gue kepo sama hasil alexis star star;;;;;;;
beli KAPAL API SPECIAL MIX;0;beli kapal api special mix;;;;;;;
bukan main di sini ʙ𝘜KꀤT 888 selalu jepeee;1;bukan main sini bukbuopt selalu jepeee;;;;;;;
Mobil suami Irish Bella;0;mobil suami irish bella;;;;;;;
aku nonton sampe akhir kok bang; dan tekan tombol dislike xixixixi;0;aku nonton sampe akhir kok bang tekan tombol dislike xixixixi;;;;;;
Sy  ntn krn BTP aja ....;0;sy ntn krn btp aja;;;;;;;
Fiktif; presiden kok ngasal bicara tanpa data😅;0;fiktif presiden kok ngasal bicara data sweat smile;;;;;;
04:20 Rezeki gak ada putusnya; makasi ＰⓤＬＡＵ777.;1;rezeki gak putus makas pulau777;;;;;;
𝘋𝐄𝘞𝐀𝐃O𝐑𝘈 member bru pasti jepe;1;dewadora member bru jepe;;;;;;;
pingin beli  lah buat timnas;0;pingin beli lah buat timnas;;;;;;;
𝘼𝙇𝙀𝙓𝙄𝙎17 emang beda . bet !;1;alexis17 emang beda bet;;;;;;;
orang bilang alexis17 tuh bener-bener bikin nagih .;1;orang bilang alexis17 tuh bener bener bikin nagih;;;;;;;
Waswiswus yg penting ngomong;0;waswiswus yg penting ngomong;;;;;;;
fix k aceh aja om; gas;0;fix k aceh aja om gas;;;;;;
25:05 dr awal pak Ahok udh bilang 2 ronde 😂;0;dr awal pak ahok udh bilang ronde joy;;;;;;;
24:47 EPISODE SELESAI;0;episode selesai;;;;;;;
OS nya gmn?;0;os nya gmn;;;;;;;
kayak gw lagi ngobrol sama kakek persis jawaban nya ngelantur!!;0;kayak gw ngobrol sama kakek persis jawab nya ngelantur;;;;;;;
ragu 𝘼𝙇𝙀𝙓𝙄𝙎17 ; eh taunya nagih . .;1;ragu alexis17 eh tau nagih;;;;;;
Lgsg otw MIMPI;0;lgsg otw mimpi;;;;;;;
gue sih ga ragu rekomendasiin 𝘼𝙇𝙀𝙓𝙄𝙎17 temen-temen gue;1;gue sih ga ragu rekomendasiin alexis17 temen temen gue;;;;;;;
Need money for porsche; nempel di lamborghini 🗿;0;need money for porsche nempel lamborghini moyai;;;;;;
✨ 𝗪𝗘𝗧𝗢𝗡𝟴𝟴 ✨;1;sparkles weton88 sparkles;;;;;;;
BENAR2 KERENN🤟;0;benar2 kerenn love you gesture;;;;;;;
keberuntungan bikin cinta а𝘎𝙐𝙎𝐓ot𝑂 ; hasilnya !;1;untung bikin cinta agustoto hasil;;;;;;
Review Supra MKVnya banggg;0;review supra mkvnya banggg;;;;;;;
bro ; lo udah cobain alexis17 ? dijamin nagih abis !;1;bro lo udah cobain alexis17 jamin nagih abis;;;;;;
gile ye  ; racing ye;0;gile ye racing ye;;;;;;
emang gak se-terpercaya alexis17 sih .;1;emang gak se percaya alexis17 sih;;;;;;;
3 JAM SIA SIAAA!!!;0;jam sia siaaa;;;;;;;
Bagusan NOKIA 3310 BANG!!😅😅;0;bagus nokia bang sweat smile sweat smile;;;;;;;
Kita ngotot ahok jadi presidenpun ga bakal bisa ya?;0;ngotot ahok jadi presiden ga bakal;;;;;;;
Rasa ferry+remond 😂;0;rasa ferry remond joy;;;;;;;
akhirrrnyaaa bagus konten abang ! ! coba main 𝐒𝐆𝐈𝟖𝟖;1;akhirrrnyaaa bagus konten abang coba main sgi88;;;;;;;
GOKILLL !!!!;0;gokilll;;;;;;;
udah paling ciuuaan deh main di  mandalika77 ga mau pindah ke situs lain lagi;karena ini situs uadah kksih aku kmenangan jadi memang beneran udah nyaman bangetttttttt;1;udah paling ciuuaan deh main mandalika77 ga mau pindah situs situs uadah kksih aku kmenangan jadi memang beneran udah nyaman bangetttttttt;;;;;;
Akan masa 2jz GD beralih ke Ls hehe;0;masa 2jz gd alih ls hehe;;;;;;;
𝓟𝓤𝓛𝓐𝓤𝓦𝓘𝓝 sih sebenernya ? segitunya nyebar ?;1;pulauwin sih sebenernya segitunya nyebar;;;;;;;
udah di jelasin di awal vidio;0;udah jelasin awal vidio;;;;;;;
mending beli mie ayam;0;mending beli mie ayam;;;;;;;
sehari join alexis17 ; gue udah dapet cuan beli laptop !;1;hari join alexis17 gue udah dapet cuan beli laptop;;;;;;
Gass modif motor;0;gass modif motor;;;;;;;
Ubur2 Ikan lele; rawan kebakar lee;0;ubur2 ikan lele rawan bakar lee;;;;;;
Manipulasi keputusan MK ❌;;;;;;;;;
gue rela gak hangout temen nabung alexis17 .;1;gue rela gak hangout temen nabung alexis17;;;;;;;
kok ga muncul dislike nya;0;kok ga muncul dislike nya;;;;;;;
keberuntungan bikin semangat main alexis17;1;untung bikin semangat main alexis17;;;;;;;
🗣️: dengan harga lima puluh jutaan AJAAA🗿;0;speaking head harga lima puluh juta ajaaa moyai;;;;;;;
! bang video ! ! 𝐒𝐆𝐈𝟖𝟖 terpercaya 5k 1jt;1;bang video sgi88 percaya 5k 1jt;;;;;;;
30 menit kelar wkwk😂;0;menit kelar wkwk joy;;;;;;;
Capek banget jadi warga KONOHA;0;capek banget jadi warga konoha;;;;;;;
yea..ga berani tuh ngundang Tempo 😜;0;yea ga berani tuh ngundang tempo stuck out tongue winking eye;;;;;;;
Bismillah prof.mahfud-ahok;0;bismillah prof mahfud ahok;;;;;;;
gilaaaa ahok respect ❤❤❤;0;gilaaaa ahok respect heart heart heart;;;;;;;
hahahahhaha;0;hahahahhaha;;;;;;;
semoga alexis17 sukses amin;1;moga alexis17 sukses amin;;;;;;;
gacu​r​ ha​r​i ; modal seadanya;1;gacur hari modal ada;;;;;;
Bandar 𝐒𝐆𝐈𝟖𝟖☀ auto; sultan gacur;1;bandar sgi88 sunny auto sultan gacur;;;;;;
Tetep nonton; walaupun ga ngerti mobil;0;tetep nonton walaupun ga ngerti mobil;;;;;;
cuma𝐏 𝐋 𝐔 𝐓 𝐎 𝟖 𝟖 nih langsung ngasih jp . mantap bro;1;cumap luto88 nih langsung ngasih jp mantap bro;;;;;;;
iklan judul benar-benar bikin darah .;1;iklan judul benar benar bikin darah;;;;;;;
Emang kamu sama gak nyambungnya​ @Andi.Maulana ;0;emang kamu sama gak nyambungnya andi maulana;;;;;;;
ini bisa dijadikan tabungan untuk apapun di masa depan;0;jadi tabung apa masa depan;;;;;;;
 @VINCENT-zs7oy  gitu juga boleee 😂;0;vincent zs7oy gitu boleee joy;;;;;;;
gak pusing mikirin biaya sekolah anak kalo udah join alexis17 .;1;gak pusing mikirin biaya sekolah anak kalo udah join alexis17;;;;;;;
pantes rame alexis17 wkwkwkwkwk;1;pantes rame alexis17 wkwkwkwkwk;;;;;;;
Lcd+flexible rawan bang; fix bukan buat kaum mendang mending;0;lcd flexible rawan bang fix bukan buat kaum dang mending;;;;;;
patung gasss hayu;0;patung gasss hayu;;;;;;;
11% dari 100%;0;;;;;;;;
pesan mah gk takut ; 𝐏 𝐋 𝐔 𝐓 𝐎 𝟖 𝟖 terbaik ragu coba;1;pesan mah gk takut pluto88 baik ragu coba;;;;;;
Nunggu yang lipet 4 aja deh;0;nunggu lipet aja deh;;;;;;;
𝘈𝘎𝑈𝙎𝘛𝙊𝐓O gua maen santai; saldo lngsung naik gede;1;agustoto gua maen santai saldo lngsung naik gede;;;;;;
9:43 bangun motor ninja aja bang😂;0;bangun motor ninja aja bang joy;;;;;;;
Wkwkwkwkwkwk 😂;0;wkwkwkwkwkwk joy;;;;;;;
menteri ny banyak orang mulyono;0;menteri ny banyak orang mulyono;;;;;;;
Modal sedikit langsung melimpah hasilnya! Main di DОЯ𝐀7𝟩bikin makin semangat!;1;modal sedikit langsung limpah hasil main doyaa77bikin makin semangat;;;;;;;
keberhasilan а𝘎𝙐𝙎𝐓ot𝑂 meningkatkan modal usaha signifikan .;1;hasil agustoto tingkat modal usaha signifikan;;;;;;;
 @benywijaya5521  ngomen diri sendiri;0;benywijaya5521 ngomen diri sendiri;;;;;;;
🅿️🆄🅻🅰️🆄777 punya fitur paling lengkap;1;pulau777 punya fitur paling lengkap;;;;;;;
gue rela ninggalin nonton bola fokus alexis17 .;1;gue rela ninggalin nonton bola fokus alexis17;;;;;;;
pantes rame alexis17 wkwkwkwkwk;1;pantes rame alexis17 wkwkwkwkwk;;;;;;;
Kayaknya belum ada mobil E-pick up?;0;kayak mobil e pick up;;;;;;;
kepo alexis17 ; beruntung !;1;kepo alexis17 untung;;;;;;
episode paling lucu hahha;0;episode paling lucu hahha;;;;;;;
cuman ini orang yg gw percaya bakal bikin indonesia lebih baik;0;cuman orang yg gw percaya bakal bikin indonesia lebih baik;;;;;;;
gak pusing mikirin biaya sekolah kalo udah join alexis17 .;1;gak pusing mikirin biaya sekolah kalo udah join alexis17;;;;;;;
Emang gak ada yang se-seru ALEXIS⭐17⭐ deh.;1;emang gak se seru alexis star star deh;;;;;;;
Mahfud MD & Ahok 2029;0;mahfud md ahok;;;;;;;
Mana crosstrack kami bng. . . Dh nungguin nih;0;mana crosstrack bng dh nungguin nih;;;;;;;
crosstrack beso jumat kan?😢;0;crosstrack beso jumat kan cry;;;;;;;
Dimana mang pabrik erspo di bandung ? Bocoranna atuh;0;mang pabrik erspo bandung bocoranna atuh;;;;;;;
saya kumpulkan beberapa pakar termasuk pakar korupsi alias koruptor 😂;0;kumpul beberapa pakar masuk pakar korupsi alias koruptor joy;;;;;;;
Lbwk lagi bang? Lambonya;0;lbwk bang lambo;;;;;;;
Gue sih yes terus kalo diajak main ALEXIS⭐17⭐.;1;gue sih yes terus kalo ajak main alexis star star;;;;;;;
Presiden Prabowo Bercerita;0;presiden prabowo cerita;;;;;;;
Suaranya mirip lightning McQueen 😂;0;suara mirip lightning mcqueen joy;;;;;;;
18:30 pak ahok bisa menyudahkan wawancara ini 😂;0;pak ahok sudah wawancara joy;;;;;;;
Pelayanan di pułαυ777 sangat cepat dan memuaskan.;1;layan pulay777 sangat cepat muas;;;;;;;
seru main а𝐺𝑈s𝑇𝑂𝐓𝑂-bareng teman-teman ; asyik !;1;seru main agustoto bareng teman teman asyik;;;;;;
Redi dijual mesin 2jzgte. 108 biar bisa kyk garasidrift man.;0;redi jual mesin 2jzgte biar kyk garasidrift man;;;;;;;
Konsisten menjadi jari tengah untuk lingkungan; tetep boros walau EV;0;konsisten jadi jari tengah lingkung tetep boros ev;;;;;;
Intinya ya itu....... ........;0;inti;;;;;;;
Om Fitra sama lainya bikin film  mobil seru 😂;0;om fitra sama lai bikin film mobil seru joy;;;;;;;
Ini sihh lebih cocok untuk mobil sprint rally sihh😎;0;sihh lebih cocok mobil sprint rally sihh sunglasses;;;;;;;
Ziko kemaren gak ikut event ya;0;ziko kemaren gak ikut event;;;;;;;
gak ngebosenin sih ; gue tetep stay 𝓟𝓤𝓛𝓐𝓤𝓦𝓘𝓝 .;1;gak ngebosenin sih gue tetep stay pulauwin;;;;;;
NEW ARMADA R22 CAKEP🎉;0;new armada r22 cakep tada;;;;;;;
sketer muncul ; maen jepek;1;sketer muncul maen jepek;;;;;;
seminggu join alexis17 ; gue udah beliin ortu hp !;1;minggu join alexis17 gue udah beliin ortu hp;;;;;;
Coba diskusi dengan wakil presidenya😂😂😂 jangan lama lama 1 jam ajah😂😂😂;0;coba diskusi wakil presidenya joy joy joy jangan lama lama jam ajah joy joy joy;;;;;;;
ＭΛＮDALIKΛ𝟟 jekpot terus; pokoknya gk bikin kecewa;1;mlndalikl7 jekpot terus pokok gk bikin kecewa;;;;;;
Bisa dibilang😂;0;bilang joy;;;;;;;
"GM Irene nonton Pandji be like: ""Oon""";0;gm irene nonton pandji be like oon;;;;;;;
njir ; 𝘼𝙇𝙀𝙓𝙄𝙎17 emang daun banget ; gila sih .;1;njir alexis17 emang daun banget gila sih;;;;;
game-nya gacor banget ; lgsng jepek;1;game nya gacor banget lgsng jepek;;;;;;
nyimak abang ; weton88 cair mulu;1;nyimak abang weton88 cair mulu;;;;;;
Nyuruh orang produktif...dia aja kerja di cariin bapak.;0;nyuruh orang produktif aja kerja cariin bapak;;;;;;;
Makasih ko rub 🙏;0;makasih ko rub pray;;;;;;;
𝘈𝘎𝑈𝙎𝘛𝙊𝐓O bru join lngsg WD; gokil banget!;1;agustoto bru join lngsg wd gokil banget;;;;;;
yaelah ini lagi 04:20 P U L A U W I N muncul;1;yaelah pulauwin muncul;;;;;;;
​ @rahadiarum7448 menit itu gk bahas transparansi juga bang;0;rahadiarum7448 menit gk bahas transparansi bang;;;;;;;
Muakkk....;0;muakkk;;;;;;;
Pengetahuan minim?????;;;;;;;;;
alexis17 ; emang top dah ; ga bikin kecewa sampe jaman;1;alexis17 emang top dah ga bikin kecewa sampe jaman;;;;;
26:36 ─═ 𝗕 𝗘 𝗥 𝗞 𝗔 𝗛 𝟵 𝟵 ═─ terus abang abangkuu;1;berkah99 terus abang abangkuu;;;;;;;
kenal alexis17 ; gue koneksi bisnis .;1;kenal alexis17 gue koneksi bisnis;;;;;;
Hadir Bang;0;hadir bang;;;;;;;
𝘼𝙇𝙀𝙓𝙄𝙎17 tuh emang bener-bener beda ; sistemnya adil;1;alexis17 tuh emang bener bener beda sistem adil;;;;;;
Bagi link untuk beli jersey ori bang;0;link beli jersey ori bang;;;;;;;
Kerennn contentnya bang ;cari situs yang benar itu 𝐏𝐑𝐎𝐁𝐄𝐓𝟖𝟓𝟓;1;kerennn contentnya bang cari situs benar probet855;;;;;;
Aura moreno konga nya kuat bngett;0;aura moreno konga nya kuat bngett;;;;;;;
semoga p1 mas umbu;0;moga p1 mas umbu;;;;;;;
cara bikin timestamp begini gimana sih;0;cara bikin timestamp begini gimana sih;;;;;;;
Bau bau piala dunia. Kemarin aja di bantai ama iran 3-0;0;bau bau piala dunia kemarin aja bantai ama iran;;;;;;;
bro alexis17 ; ngadain giveaway nih ; hadiahnya liburan keliling dunia;1;bro alexis17 ngadain giveaway nih hadiah libur keliling dunia;;;;;
terbaik kak ; salam weton88;1;baik kak salam weton88;;;;;;
50jt dapat hp 3.  soalnya 3 lipat 😅;0;5 jt hp soal lipat sweat smile;;;;;;;
Gila sih; Rasanya gak lengkap sehari tanpa 🔥⚡ALEXIS17⚡?🔥;1;gila sih rasa gak lengkap hari fire zap alexis17 zap fire;;;;;;
Aura gicir nya nampak banget guys 𝐁𝐔𝐊𝐈𝐓𝟖𝟖𝟖;1;aura gicir nya nampak banget guys bukit888;;;;;;;
λ l e x i s 1 7 ; bikin maxwin gampang;1;llexis17 bikin maxwin gampang;;;;;;
Gpp kak; jogetin aja oke gas oke gas wkoakwoaw;0;gpp kak jogetin aja oke gas oke gas wkoakwoaw;;;;;;
makasi P U L A U W I N udh ngasih rejeki banyak hari ini;1;makas pulauwin udh ngasih rejeki banyak hari;;;;;;;
outstanding sekali; kasih keras terus pokoknya buat team GD;0;outstanding sekali kasih keras terus pokok buat team gd;;;;;;
 @mascar007  mas asep mas asep 🙂‍↔;0;mascar 7 mas asep mas asep slight smile left right arrow;;;;;;;
gue udah buktiin alexis 17 tuh kaleng-kaleng;1;gue udah buktiin alexis tuh kaleng kaleng;;;;;;;
lancar lancar bang salam jepe 𝗦𝗚𝗜𝟴𝟴;1;lancar lancar bang salam jepe sgi88;;;;;;;
А𝐗𝐿𝟳7𝟽 tiap maen pasti ada aja jackpot; luar biasa;1;axl777 tiap maen aja jackpot luar biasa;;;;;;
bang review pick up lbwk dong awoakwoakw;0;bang review pick up lbwk dong awoakwoakw;;;;;;;
emang gak se-reliable alexis17 .;1;emang gak se reliable alexis17;;;;;;;
Gak perlu pendidikan tinggi buat menang di ALEXIS⭐17⭐.;1;gak perlu didik tinggi buat menang alexis star star;;;;;;;
Cuma di sini; ⚡ALEXIS17⚡ emang gak pernah ngecewain!;1;cuma sini zap alexis17 zap emang gak pernah ngecewain;;;;;;
tau aja lu bang kalo gua lagi otw beli hp ini;0;tau aja lu bang kalo gua otw beli hp;;;;;;;
pengen cepet sukses ? alexis17 solusinya !;1;ken cepet sukses alexis17 solusi;;;;;;;
Undang bu Susi menarik baang;0;undang bu sus tarik baang;;;;;;;
0:01 ngidam ngidam ngidam;0;ngidam ngidam ngidam;;;;;;;
nyimak abang ; weton88 cair mulu;1;nyimak abang weton88 cair mulu;;;;;;
setia aja ̠ 𝑨𝑳𝑬𝑿𝑰𝑺17 .;1;setia aja alexis17;;;;;;;
menantang diri sendiri untuk tidak tertawa membaca komen 🙏;0;tantang diri sendiri tertawa baca komen pray;;;;;;;
а𝘎𝙐𝙎𝐓ot𝑂 emang top notch ; highly recommended kalangan !;1;agustoto emang top notch highly recommended kalang;;;;;;
Tim yang beli doang; nonton kagak ☝️;0;tim beli doang nonton kagak point up;;;;;;
langsung beli poco x7 pro;0;langsung beli poco x7 pro;;;;;;;
boleh tu bang ziko modif motor 9:26;0;tu bang ziko modif motor;;;;;;;
Baru sadar mas dipo ada kumisnya hehe 🤣🤣;0;baru sadar mas dipo kumis hehe rofl rofl;;;;;;;
mekswin mahjong ; seru banget;1;mekswin mahjong seru banget;;;;;;
jaka sembung bawa golok kok gak nyambung wo 😂;0;jaka sembung bawa golok kok gak nyambung wo joy;;;;;;;
Gass modifikasi motor bang 🙌;0;gass modifikasi motor bang raised hands;;;;;;;
cuy ; serius nanya ; 𝘼𝙇𝙀𝙓𝙄𝙎17 beneran sebagus ?;1;cuy serius nanya alexis17 beneran bagus;;;;;
​ @hydraplus510 bukti kualitas masyarakat kita; seperti ini; sangat memprihatinkan;0;hydraplus51 bukti kualitas masyarakat sangat prihatin;;;;;
ALEXIS-17☯ emang ga main-main soal keamanan data member;1;alexis yin emang ga main main soal aman data member;;;;;;;
makasih mandalika77 seumur umur baru kali ini lihat perkalian merah. wd 3 juta modal 60k;;1;makasih mandalika77 umur umur baru kali lihat kali merah wd juta modal 6 k;;;;;;
rezeki d𝐄𝘞𝐀𝘿o𝑅𝘈-bikin senyum lebar . terima kasih !;1;rezeki dewadora bikin senyum lebar terima kasih;;;;;;;
semangat bang konten nya salam 𝗪𝗘𝗧𝗢𝗡𝟴𝟴 ! gampang jepe;1;semangat bang konten nya salam weton88 gampang jepe;;;;;;;
BETUL88 siap berikan m4x w1n 25 +25;1;betul88 siap ikan m4x w1n;;;;;;;
𝘋𝐄𝘞𝐀𝐃O𝐑𝘈; auto mekswin tiap hari;1;dewadora auto mekswin tiap hari;;;;;;
Mimpi apa rakyat kumolonimbus..;0;mimpi apa rakyat kumolonimbus;;;;;;;
Isi kontennya asyik;;;;;;;;;
gacur parah ; modal receh makswin;1;gacur parah modal receh makswin;;;;;;
apple punya usa di cina cuman rakit karena biaya produksi murah;0;apple punya usa cina cuman rakit biaya produksi murah;;;;;;;
Sekali sekali bikin motor balap mas;0;sekali sekali bikin motor balap mas;;;;;;;
11/100 itu terlalu tinggi ternyata.;0;terlalu tinggi nyata;;;;;;;
keren sih 𝐒𝐆𝐈𝟖𝟖 ; main bentar auto jepe .;1;keren sih sgi88 main bentar auto jepe;;;;;;
Wwhhyyyy... So awesome.. ❤❤❤❤;0;wwhhyyyy so awesome heart heart heart heart;;;;;;;
namanya 𝘼𝙇𝙀𝙓𝙄𝙎17 ? unik banget .;1;nama alexis17 unik banget;;;;;;;
Berkah rezeki hari ini berkat ⭐𝐒𝐆𝐈𝟖𝟖;puji syukur!;1;berkah rezeki hari berkat star sgi88 puji syukur;;;;;;
mantap baru main udah dikasih menang aja di 𝙈𝗮𝘯𝐝𝘼LIK𝘼7𝟟 modal receh pun wd haha;1;mantap baru main udah kasih menang aja mandalika77 modal receh wd haha;;;;;;;
Mas lauknya apa buat besok; lusa dan seterusnya???;0;mas lauk apa buat besok lusa;;;;;;
Kalo sama Snapdragon;0;kalo sama snapdragon;;;;;;;
Ditanya a jawabnya b😭👊;0;tanya a jawab b sob punch;;;;;;;
gas main mio bng;0;gas main mio bng;;;;;;;
Pasang TG nya gimana tuh ?;0;pasang tg nya gimana tuh;;;;;;;
gw kalah taruhan dan dipaksa nonton ini sampai habis😔;0;gw kalah taruh paksa nonton habis pensive;;;;;;;
Terbaik ❤ memang kak ; salam 𝐒𝐆𝐈𝟖𝟖;1;baik heart memang kak salam sgi88;;;;;;
SUPER SEKALI mandalika77 MANTAP;1;super sekali mandalika77 mantap;;;;;;;
Let's Goooo!!!!;0;let s goooo;;;;;;;
mandalika77 ramai nih tmn gw pada maen situ skrg;1;mandalika77 ramai nih tmn gw maen situ skrg;;;;;;;
iseng-iseng main a l e x i s 1 7 ; hobi ; cuan !;1;iseng iseng main alexis17 hobi cuan;;;;;
modal receh ; gacor banget sampe makswin;1;modal receh gacor banget sampe makswin;;;;;;
Lexus ada kok cuman dia ikut di booth Toyota;0;lexus kok cuman ikut booth toyota;;;;;;;
spin ; rezeki ! 𝑲𝑰𝑵𝑮𝟑𝟐𝟖 !;1;spin rezeki king328;;;;;;
Wapres : .....;0;wapres;;;;;;;
ada 1 yg GK kesebut tuh bang 15:30 🐙🐙;0;yg gk sebut tuh bang octopus octopus;;;;;;;
Ngomongnya muter² terus;...tak berbobot😢;0;ngomongnya muter2 terus tak bobot cry;;;;;;
harusnya acara selesai itu hihihihi;0;harus acara selesai hihihihi;;;;;;;
Yeah segmen paporit;0;yeah segmen paporit;;;;;;;
Ahok Panutanku 👍👍👍;0;ahok panutan thumbsup thumbsup thumbsup;;;;;;;
Kalo Ahok jadi presiden itu keren kayaknya;0;kalo ahok jadi presiden keren kayak;;;;;;;
15:30 ada yg nyelip satu biji...🤔🤔😅;0;yg nyelip satu biji thinking thinking sweat smile;;;;;;;
​ @mascar007 ya beliau pundak nya pemerintahan ya mikir lah solusinya..😅;0;mascar 7 beliau pundak nya perintah mikir lah solusi sweat smile;;;;;;;
kali ini saya sangat mengapresiasi orang2 yang ngedislike video ini 🙏;0;kali sangat apresiasi orang2 ngedislike video pray;;;;;;;
jepe ; emang p͓̽u͓̽l͓̽a͓̽u͓̽7͓̽7͓̽7͓̽ terbaik !;1;jepe emang pulau777 baik;;;;;;
░M░░A░░N░░U░░T░░8░░8░  terbaik pokoknya;1;m a n u t baik pokok;;;;;;;
Emang gak ada yang se-recommended ALEXIS⭐17⭐ deh.;1;emang gak se recommended alexis star star deh;;;;;;;
terpercaya banget ; menang berkat prediksi pawpaw4d .;1;percaya banget menang berkat prediksi pawpaw4d;;;;;;
Retorika yg tak tau arah nya mau ngapa....dn mengapa;;0;retorika yg tak tau arah nya mau ngapa dn;;;;;;
beli iphone ajee;0;beli iphone ajee;;;;;;;
24:25 wkwkwk skak:_LOL:;0;wkwkwk skak lol;;;;;;;
Presiden Prabowo menjawab ❌;;;;;;;;;
65inch aja udah gede bener ; jir;1;65inch aja udah gede bener jir;;;;;;
rejeki nambah ; nggak nyesel nyobain;1;rejeki nambah nyesel nyobain;;;;;;
sukaaa bangettt 𝐒𝐆𝐈𝟖𝟖;1;sukaaa bangettt sgi88;;;;;;;
gokil si mobilnya...;0;gokil si mobil;;;;;;;
Ketua sedang menantang kuota kami;0;ketua sedang tantang kuota;;;;;;;
udah gk bosan semenjak mengenal 𝐏 𝐋 𝐔 𝐓 𝐎 𝟖 𝟖 .;1;udah gk bosan semenjak kenal pluto88;;;;;;;
alexis'17 gak boong ; dsini hoki mulu;1;alexis gak boong dsini hoki mulu;;;;;;
Emang gak ada yang se-menguntungkan ALEXIS⭐17⭐.;1;emang gak se untung alexis star star;;;;;;;
Rezeki nomplok hari ini datang dari D𝐎RА7𝟽; bener-bener puas banget!;1;rezeki nomplok hari datang dora77 bener bener puas banget;;;;;;
 @KaonimeCrack1945  langsung punchline jir wkwkw;0;kaonimecrack1945 langsung punchline jir wkwkw;;;;;;;
Bertahan di samsung a6+ ram 4/32 layar retak;0;tahan samsung a6 ram layar retak;;;;;;;
berkah rezeki berkat 𝗪𝗘𝗧𝗢𝗡𝟴𝟴 ; puji syukur !;1;berkah rezeki berkat weton88 puji syukur;;;;;;
Masukkkk pa muchlis😂;0;masukkkk pa muchlis joy;;;;;;;
lancar lancar bang salam jepe 𝗪𝗘𝗧𝗢𝗡𝟴𝟴;1;lancar lancar bang salam jepe weton88;;;;;;;
Sukses slalu mandalika77;1;sukses slalu mandalika77;;;;;;;
Masih 1jam upload nih;0;1jam upload nih;;;;;;;
Fufufafa cuma hapalan; Fufufafa gak paham yang keluar dari mulutnya;0;fufufafa cuma hapalan fufufafa gak paham keluar mulut;;;;;;
Harusnya bisa; tapi kan sudah ada yang ngatur 🗿 jadi susah;0;harus kan ngatur moyai jadi susah;;;;;;
Bagus dipakai talenan portable😅;0;bagus pakai talenan portable sweat smile;;;;;;;
Ga upload hari Jumat sore tuh Kya ada yang aneh😂;0;ga upload hari jumat sore tuh kya aneh joy;;;;;;;
petir merah gates bikin mekswin;1;petir merah gates bikin mekswin;;;;;;;
Petani di Bali udah bisa  cepat sukses Pk; ngga butuh kerja keras;0;tani bal udah cepat sukses pk ngga butuh kerja keras;;;;;;
@ siap salah bg ;mungkin bahan s15 blum nemu wkwkwk ;papa masih sibuk;0;siap salah bg mungkin bahan s15 blum nemu wkwkwk papa sibuk;;;;;
Ziko maen vario aja 👍🦅;0;ziko maen vario aja thumbsup eagle;;;;;;;
✯𝙈𝘼𝙉𝙐𝙏88✯ jadi yang paling top lah untuk saat ini;1;manut88 jadi paling top lah;;;;;;;
make nih orang;0;make nih orang;;;;;;;
Ke sini cuma kasih dislike wkwk;0;sini cuma kasih dislike wkwk;;;;;;;
gila modal usaha gua bertambah berkat alexis17 .;1;gila modal usaha gua tambah berkat alexis17;;;;;;;
3langkah di depan GD;0;3langkah depan gd;;;;;;;
Baru sebulan main ALEXIS⭐17⭐; hidup gue berubah 180 derajat!;1;baru bulan main alexis star star hidup gue ubah derajat;;;;;;
 @hanifalii23  saya cuma asal tag bang;kflgy;0;hanifalii23 cuma asal tag bang kflgy;;;;;;
Terus saya harus ngapain ini pak wapres? 😂;0;terus ngapain pak wapres joy;;;;;;;
gak bosan main alexis17 ; menang !;1;gak bosan main alexis17 menang;;;;;;
jangan mas kasian nanti keringet dingin;0;jangan mas kasi keringet dingin;;;;;;;
Sponsornya bisa ngalahin TV tuu;0;sponsor ngalahin tv tuu;;;;;;;
Komen judolnya om tolong di kondisikan;0;komen judolnya om kondisi;;;;;;;
gue rela ninggalin platform fokus alexis17 .;1;gue rela ninggalin platform fokus alexis17;;;;;;;
Jangan lupa sedekah nya bro;0;jangan lupa sedekah nya bro;;;;;;;
​ @adangman baru keluar goa atau gmn sih ? Sampe ga tau informasi yg bener. 🤦;0;adangman baru keluar goa gmn sih sampe ga tau informasi yg bener person facepalming;;;;;;;
emang gak se-keren alexis17 sih .;1;emang gak se keren alexis17 sih;;;;;;;
bayangkan ivan motors masukin aston martin one 77 ; gokil;1;bayang ivan motors masukin aston martin one gokil;;;;;;
Macan Sirkus...:cat-orange-whistling:;0;macan sirkus cat orange whistling;;;;;;;
Kayanya bakal fokus ke mobil dipo sama farrel dulu gk sih?;0;kaya bakal fokus mobil dipo sama farrel dulu gk sih;;;;;;;
Ahok membuat komen judol pada kaga ngaer 😂;0;ahok buat komen judol kaga ngaer joy;;;;;;;
hadiah 𝘼𝙇𝙀𝙓𝙄𝙎17 gokil2 .;1;hadiah alexis17 gokil2;;;;;;;
alexis17 ; tuh emang bener-bener ngasih peluang orang sultan dadakan;1;alexis17 tuh emang bener bener ngasih peluang orang sultan dada;;;;;;
Kenyang banget ilmu nya 👍👍👍;0;kenyang banget ilmu nya thumbsup thumbsup thumbsup;;;;;;;
Baby chair????😮😮😮 😅😅😅😅 itu....;0;baby chair open mouth open mouth open mouth sweat smile sweat smile sweat smile sweat smile;;;;;;;
kerjaan numpuk bikin mager ; butuh semangat alexis17 .;1;kerja numpuk bikin mager butuh semangat alexis17;;;;;;
gue sih udah ga heran kalo 𝘼𝙇𝙀𝙓𝙄𝙎17 trending instagram;1;gue sih udah ga heran kalo alexis17 trending instagram;;;;;;;
Jagan modif motor bang ga seru masa langsung tamat 🗿;0;jagan modif motor bang ga seru masa langsung tamat moyai;;;;;;;
 @DailyInsporation pertanyaan gua sbnrnya lu mau siapa si presidennya?;0;dailyinsporation tanya gua sbnrnya lu mau siapa si presiden;;;;;;;
tim gercep alexis17 nih !;1;tim gercep alexis17 nih;;;;;;;
Puas Jepiy nya disini-Ga Ruda Ho ki🔥🥰;1;puas jepiy nya sini ga ruda ho ki fire smiling face with 3 hearts;;;;;;;
bro alexis17 ! update sistem nih ; gacor anti kalah;1;bro alexis17 update sistem nih gacor anti kalah;;;;;;
main bareng temen p͓̽u͓̽l͓̽a͓̽u͓̽w͓̽i͓̽n͓̽ emang seru .;1;main bareng temen pulauwin emang seru;;;;;;;
Titipan tapi ga ada kapabilitas 😂😂;0;titip ga kapabilitas joy joy;;;;;;;
HP cepet rusak di china sendiri 😂;0;hp cepet rusak china sendiri joy;;;;;;;
emang gak se-reliable alexis17 .;1;emang gak se reliable alexis17;;;;;;;
Beli hikmahnya;0;beli hikmah;;;;;;;
Fix masuk Indonesia....karna perang dagang yg lagi memanas😅;0;fix masuk indonesia karna perang dagang yg panas sweat smile;;;;;;;
15:30 kok ngga disebutin juga itu mas ziko👀;0;kok ngga disebutin mas ziko eyes;;;;;;;
Lengkap sudah penderitaan rakyat;0;lengkap derita rakyat;;;;;;;
Ini siapa ya?;0;siapa;;;;;;;
𝐌𝐢𝐘𝐚𝟖𝟖 bikin gue nunggu petir !;1;miya88 bikin gue nunggu petir;;;;;;;
░M░░A░░N░░U░░T░░8░░8░  modal receh aja gampaang bangeet jeepe;1;m a n u t modal receh aja gampaang bangeet jeepe;;;;;;;
Jepe terus tiap hari; situs terbaik;1;jepe terus tiap hari situs baik;;;;;;
kemenangan hoki ; insting . 𝗣 𝗟 𝗨 𝗧 𝗢 𝟴 𝟴 terbaik;1;menang hoki insting pluto88 baik;;;;;;
busett cerahh banget 𝗦𝗚𝗜𝟴𝟴 encess koinya ngasih mulu;1;busett cerahh banget sgi88 encess koinya ngasih mulu;;;;;;;
1:14:00 jadi wapress gak ada kerjaan?;0;jadi wapress gak kerja;;;;;;;
bro kemana aja nih ? alexis 17 viral tau gak sih;1;bro aja nih alexis viral tau gak sih;;;;;;;
Coba waktu jaman pak jokowi ada acara seperti ini pasti bagus;0;coba waktu jaman pak jokowi acara bagus;;;;;;;
Ditanya apa jawabanya apa😢. Nggak nyambung 😢;0;tanya apa jawabanya apa cry nyambung cry;;;;;;;
menang 𝘿 𝑂 𝘙 𝘈 7 7 ; denger cerita sukses orang !;1;menang dora77 denger cerita sukses orang;;;;;;
2029 insya Alloh punya anak 1 + istri 1 bang kalok gua mah;0;insya alloh punya anak istri bang kalok gua mah;;;;;;;
menghargai peningkatan berkelanjutan ; 𝐷𝘖я𝐀𝟳𝟳 pilihan .;1;harga tingkat lanjut doyaa77 pilih;;;;;;
udah cinta mati kali aku ini ama mandalika77;1;udah cinta mati kali aku ama mandalika77;;;;;;;
bermain teman-teman 𝐒𝐆𝐈𝟖𝟖 seru asyik ; rezekinya !;1;main teman teman sgi88 seru asyik rezeki;;;;;;
Jum'at sore gada video GD baru rasanya ada yg aneh aja gitu 😅;0;jum at sore gada video gd baru rasa yg aneh aja gitu sweat smile;;;;;;;
Ganjar gausa ikut si;0;ganjar gausa ikut si;;;;;;;
seminggu main alexis17 ; gue udah ganti kulkas pintu !;1;minggu main alexis17 gue udah ganti kulkas pintu;;;;;;
ancrit jauh lebih ganteng ni mobil daripada brziko wkwkwk;0;ancrit jauh lebih ganteng ni mobil brziko wkwkwk;;;;;;;
gak khawatir duit kalo udah gabung alexis17 .;1;gak khawatir duit kalo udah gabung alexis17;;;;;;;
seminggu join alexis17 ; gue udah beliin ortu kulkas pintu !;1;minggu join alexis17 gue udah beliin ortu kulkas pintu;;;;;;
semoga berkah99 nomor !;1;moga berkah99 nomor;;;;;;;
@KingPizzaSuper  apa nya yg ngak paham?;0;kingpizzasuper apa nya yg ngak paham;;;;;;;
terus what should you do pak?;0;terus what should you do pak;;;;;;;
Gak perlu pusing mikirin biaya sekolah kalo udah join ALEXIS⭐17⭐.;1;gak perlu pusing mikirin biaya sekolah kalo udah join alexis star star;;;;;;;
bermain 𝐷𝘖𝑅𝐀 77 membuka jalan ; tukang bakso pemilik restoran .;1;main dora buka jalan tukang bakso milik restoran;;;;;;
tergantung konsumen.;0;gantung konsumen;;;;;;;
Gass modif motor kek den dimas;0;gass modif motor kek den mas;;;;;;;
@pisaulipekstikerbatam  jelas gua pinter; lu pinter ga?;0;pisaulipekstikerbatam jelas gua pinter lu pinter ga;;;;;;
Terima kasih 𝘈𝘎𝑈𝙎𝘛𝙊𝐓O! Hari ini menang besar dan bisa buat kebutuhan keluarga.;1;terima kasih agustoto hari menang besar buat butuh keluarga;;;;;;;
Sponsornya cukup ahmad syahroni;0;sponsor cukup ahmad syahroni;;;;;;;
Saya suka bagaimana semuanya di pųłąų777 berjalan lancar.;1;suka bagaimana semua pulau777 jalan lancar;;;;;;;
asik banget subaru; jadi pengen wrx wagon;0;asik banget subaru jadi ken wrx wagon;;;;;;
Sempet ga percaya; eh bener gua maxwin diGa ru da Ho-ki😎🔥;1;sempet ga percaya eh bener gua maxwin diga ru da ho ki sunglasses fire;;;;;;
sebulan main alexis17 ; gue udah liburan amerika !;1;bulan main alexis17 gue udah libur amerika;;;;;;
ertepe-nya banget ; nggak nyesel maen;1;ertepe nya banget nyesel maen;;;;;;
But apa selamatin Garuda weh;0;but apa selamatin garuda weh;;;;;;;
JURNALIS TEMPO SAMA METRO TV KEMANA? KOK GAK ADA DI AJAK?;0;jurnalis tempo sama metro tv kok gak ajak;;;;;;;
1:27:01.. AHOK RI 1 ..;0;ahok ri;;;;;;;
senang banget dapet rezeki 𝘼h𝘔𝘈𝘋𝘛𝙊𝐓𝐎 !;1;senang banget dapet rezeki ahmadtoto;;;;;;;
Mirip mobil ralli jir;0;mirip mobil ralli jir;;;;;;;
Tadi malam makswin; modal cuma receh;1;tadi malam makswin modal cuma receh;;;;;;
Lah ternyata di banjaran kab bandung;0;lah nyata banjaran kab bandung;;;;;;;
muncul medsos alexis17 !;1;muncul medsos alexis17;;;;;;;
udah daftar sih 𝘼𝙇𝙀𝙓𝙄𝙎17 ramah banget csnya .;1;udah daftar sih alexis17 ramah banget csnya;;;;;;;
𝘼 𝑋 𝐿 𝟩 𝟽 𝟳menawarkan pendekatan berbeda interaksi daring .;1;axl77 7menawarkan dekat beda interaksi daring;;;;;;;
temen gue bilang alexis17 tuh bikin nagih parah !;1;temen gue bilang alexis17 tuh bikin nagih parah;;;;;;;
next mobil nya farel kali ya👀👀;0;next mobil nya farel kali eyes eyes;;;;;;;
𝘈𝘎𝑈𝙎𝘛𝙊𝐓Obikin hari-hari makin berwarna; rezeki tak pernah ingkar janji!;1;agustotobikin hari hari makin warna rezeki tak pernah ingkar janji;;;;;;
Kesini cuma kasih dislike 😂;0;kesini cuma kasih dislike joy;;;;;;;
alexis'17 gua maen bentar aja ; lngsg wedey gede;1;alexis gua maen bentar aja lngsg wedey gede;;;;;;
gak pusing mikirin biaya kuliah anak kalo udah join alexis17 .;1;gak pusing mikirin biaya kuliah anak kalo udah join alexis17;;;;;;;
Yah udah kena damage aja😭;0;yah udah kena damage aja sob;;;;;;;
proses cepat ? ? ? 𝑨𝑳𝑬𝑿𝑰𝑺17 jagonya say .;1;proses cepat alexis17 jago say;;;;;;;
Itu mobil Mitsubishi apa ya pas yg di parkiran luar lewat?;0;mobil mitsubishi apa pas yg parkir luar lewat;;;;;;;
semangat bosqu ; terbaik 𝗪𝗘𝗧𝗢𝗡𝟴𝟴;1;semangat bosqu baik weton88;;;;;;
gates gacur banget ; auto wede;1;gates gacur banget auto wede;;;;;;
capek bgt nemuin alexis17 trs;1;capek bgt nemuin alexis17 trs;;;;;;;
Ayolah jangan didislike;;;;;;;;;
gila ; ngomongin 𝘼𝙇𝙀𝙓𝙄𝙎17 ; ikutan kepo .;1;gila ngomongin alexis17 ikut kepo;;;;;
Gua nonton pengen dapet jawaban malah dengerin orang ngelantur;0;gua nonton ken dapet jawab malah dengerin orang ngelantur;;;;;;;
sih ya alexis17 bocor;1;sih alexis17 bocor;;;;;;;
pantes rame alexis17 bnrn jp;1;pantes rame alexis17 bnrn jp;;;;;;;
Lo tau gk arti nipotisme;0;lo tau gk arti nipotisme;;;;;;;
Cuma di sini; Setia banget sama ⚡ALEXIS17⚡ sejak awal!;1;cuma sini setia banget sama zap alexis17 zap sejak awal;;;;;;
epic moment 𝐒𝐆𝐈𝟖𝟖;1;epic moment sgi88;;;;;;;
Apalagi yg UU perampasan aset; malah tidak dijawab dengan beliau😅;0;yg uu ampas aset malah jawab beliau sweat smile;;;;;;
Garus beli sih ini wajiiiibbb;0;garus beli sih wajiiiibbb;;;;;;;
Bro 💞𝘼LEXIS-17💞 lagi ada turnamen gede nih; hadiahnya mobil sport;1;bro revolving hearts alexis revolving hearts turnamen gede nih hadiah mobil sport;;;;;;
kalau pasang antigoresnya gimana bg;0;kalau pasang antigoresnya gimana bg;;;;;;;
 @OvanFebrian-f1f  sejauh ini gw gak pernah milih anies ya; jadi gw bukan anak abah;0;ovanfebrian f1f jauh gw gak pernah milih anies jadi gw bukan anak abah;;;;;;
gila ya alexis 17 dimana ashu terpercaya kagak nih;1;gila alexis ashu percaya kagak nih;;;;;;;
presiden Prabowo layak 2 periode justru Gibran yang jadi pro kontra;0;presiden prabowo layak periode justru gibran jadi pro kontra;;;;;;;
Amazing bro komen anda yg paling menyala;0;amazing bro komen yg paling nyala;;;;;;;
Komentar mengocok perut nih😂;0;komentar kocok perut nih joy;;;;;;;
Sukses apanya 😂;0;sukses apa joy;;;;;;;
sungguh sebuah punchline;0;sungguh buah punchline;;;;;;;
jepey gmpng banget 𝗪𝗘𝗧𝗢𝗡𝟴𝟴;1;jepey gmpng banget weton88;;;;;;;
kenal alexis17 ; hidup gue colorful .;1;kenal alexis17 hidup gue colorful;;;;;;
orang bilang alexis17 tuh bener-bener legit .;1;orang bilang alexis17 tuh bener bener legit;;;;;;;
nggak sabar main 𝐴g𝑈s𝐓𝘖𝘛о ; rezeki aja !;1;sabar main agustoto rezeki aja;;;;;;
alexis17 makasih bnrn asik jp aja;1;alexis17 makasih bnrn asik jp aja;;;;;;;
Tim harga 1&2 jutaan 🙋;0;tim harga juta person raising hand;;;;;;;
Oalaa ini hp yg diborong speed kemaren tuh;0;oalaa hp yg borong speed kemaren tuh;;;;;;;
Kan ahok yang bikin anies gajadi diusung PDI;0;kan ahok bikin anies gajadi usung pdi;;;;;;;
gokil lu bg; sumpah kreen;;0;gokil lu bg sumpah kreen;;;;;
seneng banget nontonnya; lucu banget wkwkwk;0;neng banget nontonnya lucu banget wkwkwk;;;;;;
konten ! keren banget menjelaskannya ! main bagus bang 𝐒𝐆𝐈𝟖𝟖;1;konten keren banget jelas main bagus bang sgi88;;;;;;;
Tiap hari kayak ada aja keseruan baru di 𝙋𝙐𝙇𝘼𝙐𝙒𝙄𝙉.;1;tiap hari kayak aja seru baru pulauwin;;;;;;;
24:16 vibesnya bapak bapak dipangkalan ojek;0;vibesnya bapak bapak pangkal ojek;;;;;;;
emang gak se-terpercaya alexis17 sih .;1;emang gak se percaya alexis17 sih;;;;;;;
𝘈𝘎𝑈𝙎𝘛𝙊𝐓O gua maen bentar; lngsg jekpot gede;1;agustoto gua maen bentar lngsg jekpot gede;;;;;;
Om d sana ada mobil asemka kah???;0;om d sana mobil asemka;;;;;;;
Pretty much xd;0;pretty much xd;;;;;;;
bnyk yg puas alexis17 emg bnrn gacor ya slotnya ya;1;bnyk yg puas alexis17 emg bnrn gacor slotnya;;;;;;;
Liat dislike gimana.. sy vote😂;0;liat dislike gimana sy vote joy;;;;;;;
Now playing; Slank - Tong Kosong.;0;now playing slank tong kosong;;;;;;
gak nyesel deh udah kenal alexis17 .;1;gak nyesel deh udah kenal alexis17;;;;;;;
mantap masbro.. saya ada dibelakang anda utk mendukung..;0;mantap masbro belakang utk dukung;;;;;;;
gua sih udah anggep ALEXIS-17☯ kaya second home aja;1;gua sih udah anggep alexis yin kaya second home aja;;;;;;;
Duet ex ESPN FC; mantengin Justin dan Edwin berantem mulu 😭;0;duet ex espn fc mantengin justin edwin antem mulu sob;;;;;;
Akhirnyaa🎉🎉🎉 Salam ⭐𝐒𝐆𝐈𝟖𝟖! gampang Jepe;1;akhirnyaa tada tada tada salam star sgi88 gampang jepe;;;;;;;
emang gak se-gampang alexis17 kalo dapetin cuan .;1;emang gak se gampang alexis17 kalo dapetin cuan;;;;;;;
Suara knalpot motor masuk pas ziko nge review :v;0;suara knalpot motor masuk pas ziko nge review v;;;;;;;
Boleh zik bikin konten modif motor xmax soalnya banyak yang pake;0;zik bikin konten modif motor xmax soal banyak pake;;;;;;;
orang bilang alexis17 tuh blessing banget !;1;orang bilang alexis17 tuh blessing banget;;;;;;;
Mode merakyat 😂😂😂;0;mode rakyat joy joy joy;;;;;;;
 @arjunbaihaqy1744  kalo boleh tau poin apa yang bikin lo milih 02 bro;0;arjunbaihaqy1744 kalo tau poin apa bikin lo milih bro;;;;;;;
bro ; denger-denger 𝘼𝙇𝙀𝙓𝙄𝙎17 promo ; bener gak sih ?;1;bro denger denger alexis17 promo bener gak sih;;;;;
keinget Rx-7 4 Rotor yang pernah di review;0;keinget rx rotor pernah review;;;;;;;
bandar 𝗦𝗚𝗜𝟴𝟴 auto ; sultan gacur;1;bandar sgi88 auto sultan gacur;;;;;;
Ditunggu versi mini gt nya mas dipo;0;tunggu versi mini gt nya mas dipo;;;;;;;
 @AdeJua-j4l padahal ngak ngomongin anis looh;0;adejua j4l padahal ngak ngomongin anis looh;;;;;;;
Jangan lupa hilirisasi ; sama belajar dan patuh sama kiyai’;0;jangan lupa hilir sama ajar patuh sama kiyai;;;;;;
𝐌𝐢𝐘𝐚𝟖𝟖 gacir parah ; kali main langsung langsung sukses !;1;miya88 gacir parah kali main langsung langsung sukses;;;;;;
orang bilang alexis17 tuh bener-bener dipercaya .;1;orang bilang alexis17 tuh bener bener percaya;;;;;;;
𝘈𝘎𝑈𝙎𝘛𝙊𝐓O tiap maen pasti ada aja jepe-nya;1;agustoto tiap maen aja jepe nya;;;;;;;
modal lgsng jepek gates;1;modal lgsng jepek gates;;;;;;;
auto jepey ! 𝗪𝗘𝗧𝗢𝗡𝟴𝟴;1;auto jepey weton88;;;;;;;
suka aston martin sd kali lihat db8 graz;1;suka aston martin sd kali lihat db8 graz;;;;;;;
emang gak se-transparan alexis17 deh .;1;emang gak se transparan alexis17 deh;;;;;;;
Done; Dislike 😊;0;done dislike blush;;;;;;
Hp sampah..Coba az cr review di internet;0;hp sampah coba az cr review internet;;;;;;;
gue sih udah anggep 𝘼𝙇𝙀𝙓𝙄𝙎17 kaya rumah aja ; betah banget atmosfernya;1;gue sih udah anggep alexis17 kaya rumah aja betah banget atmosfer;;;;;;
Baru pakai zfold 6 4bln langsung gigit jari liat ini;.;;;;;;;;
P𝘂𝗹𝗮𝘂777 selalu bikin penasaran;1;pulau777 selalu bikin penasaran;;;;;;;
apalagi ini 20:01 ᗩᗷGᗯIᑎ;1;bokuggooiti;;;;;;;
cs ramah ; proses gampang ; pokoknya oke;1;cs ramah proses gampang pokok oke;;;;;
Tontonan tiap tahun;0;tonton tiap tahun;;;;;;;
alexis17 ! tuh emang bener-bener ngasih peluang orang milyarder;1;alexis17 tuh emang bener bener ngasih peluang orang milyarder;;;;;;;
happy banget dapet rezeki 𝐷𝘖я𝐀𝟳𝟳 ; bener-bener puas !;1;happy banget dapet rezeki doyaa77 bener bener puas;;;;;;
Otw beli! Apa itu iphone samsung?;0;otw beli apa iphone samsung;;;;;;;
Judule sm dg youtube nya si ferry Irwandi;0;judule sm dg youtube nya si ferry irwandi;;;;;;;
 @AnggoroDps_9 ga capek balesin komen; bro hahaha;0;anggorodps 9 ga capek balesin komen bro hahaha;;;;;;
maaf yah typo nya dan terima kasih koreksinya🙏;0;maaf yah typo nya terima kasih koreksi pray;;;;;;;
modal aja untung 𝐏 𝐋 𝐔 𝐓 𝐎 𝟖 𝟖 ;;1;modal aja untung pluto88;;;;;;
gak gagal ; weton88;1;gak gagal weton88;;;;;;
SPG nya Denza cakep buangett! 😘;0;spg nya denza cakep buangett kissing heart;;;;;;;
ngebantu banget bang poin2 yg dijabarkan👍;0;ngebantu banget bang poin2 yg jabar thumbsup;;;;;;;
semoga rezeki 𝐀g𝙐𝐒𝐓o𝘛o-membawa berkah manfaat umat manusia !;1;moga rezeki agustoto bawa berkah manfaat umat manusia;;;;;;;
seminggu main alexis17 ; gue udah ganti elektronik rumah !;1;minggu main alexis17 gue udah ganti elektronik rumah;;;;;;
Kalau jatu habis cerita;0;kalau jatu habis cerita;;;;;;;
Semoga 02 ga masuk daftar jual.;0;moga ga masuk daftar jual;;;;;;;
Seriusan ni promo?;0;serius ni promo;;;;;;;
Rezeki gak ada putusnya; makasi ＰⓤＬＡＵ777.;1;rezeki gak putus makas pulau777;;;;;;
Jepe pertama kali maen; auto betah;1;jepe pertama kali maen auto betah;;;;;;
Iphone aja dibuat dicina; 😂😂 tesla juga dibuat dicina;0;iphone aja buat cina joy joy tesla buat cina;;;;;;
hasil alexis17 ; bangga ; beralih tukang koran bos warung .;1;hasil alexis17 bangga alih tukang koran bos warung;;;;;
Saya yakin terang;0;yakin terang;;;;;;;
0:32 minggir lu miskin 😂;0;minggir lu miskin joy;;;;;;;
mamanya juga mobil kompetitif Broo klo gamau ancur maen kontes aja;0;mama mobil kompetitif broo klo gamau ancur maen kontes aja;;;;;;;
Apaan sih caper😂;0;apa sih caper joy;;;;;;;
modal receh ; lgsng mekswin gg;1;modal receh lgsng mekswin gg;;;;;;
Ini Wapres yang asli ya..😂😂😂;0;wapres asli joy joy joy;;;;;;;
kapan yaa punya mobil;0;kapan yaa punya mobil;;;;;;;
Ahok terbaik;0;ahok baik;;;;;;;
Kudu kasih jempol buat ⭐ A L E X I S 1 7 ⭐; top markotop!;1;kudu kasih jempol buat star alexis17 star top markotop;;;;;;
𝗕𝗘𝗥𝗞𝗔𝗛𝟵𝟵 emang cuan!;1;berkah99 emang cuan;;;;;;;
kak ireneeeeeeeeee;0;kak ireneeeeeeeeee;;;;;;;
ADA KOBO COY;0;kobo coy;;;;;;;
bener-bener situs terpercaya ; recommended;1;bener bener situs percaya recommended;;;;;;
Point nya harus anis yg suci dan sempurna harus jadi presiden begitu?;0;point nya anis yg suci sempurna jadi presiden;;;;;;;
Hadiah berlipat ganda cuman di ⭐𝘼𝙇𝙀𝙓𝙄𝙎17 aja lee.;1;hadiah lipat ganda cuman star alexis17 aja lee;;;;;;;
ASLI MERINDING PAS BAGIAN REVEAL MOBIL NYA 😭;0;asli merinding pas bagi reveal mobil nya sob;;;;;;;
ᗩᗷGᗯIᑎ the best; menang terus;1;bokuggooiti the best menang terus;;;;;;
sisa livery ajasi ni mobil;0;sisa livery ajasi ni mobil;;;;;;;
Gua nyoba Judol maen diGa rudaho-ki gajian gua jdi nambah🙀🔥;1;gua nyoba judol maen diga rudaho ki gaji gua jdi nambah scream cat fire;;;;;;;
Babi yapping😂;0;babi yapping joy;;;;;;;
Mas atenx akhir² ini jadi king rivewer motor ngabers😂;0;mas atenx akhir2 jadi king rivewer motor ngabers joy;;;;;;;
kalau tidak salah ini mobil sam (captain wakanda) 😂;0;kalau salah mobil sam captain wakanda joy;;;;;;;
Prabowo makin pea;0;prabowo makin pea;;;;;;;
Ditanya apa jawabnya apa… miss the point;0;tanya apa jawab apa miss the point;;;;;;;
Si asep ga diajak;0;si asep ga ajak;;;;;;;
Habis nonton fery irwandi terus nonton ini..hadehhh;0;habis nonton fery irwandi terus nonton hadehhh;;;;;;;
Gila keren banget velgnya😍;0;gila keren banget velgnya heart eyes;;;;;;;
Ya gak bisa lah; yang bisa kondisiin kita; jgn bahas hal itu solusinya;0;gak lah kondisiin jgn bahas solusi;;;;;
Biar keren lah makanya langsung build di US mesinnya;0;biar keren lah makanya langsung build us mesin;;;;;;;
sebulan main alexis17 ; hidup gue berubah 180 derajat !;1;bulan main alexis17 hidup gue ubah derajat;;;;;;
Nanti dlu bang 😂;0;dlu bang joy;;;;;;;
46:42 peak;0;peak;;;;;;;
Andai huawei pake android; produsen hp lain pasti terguncang;0;andai huawei pake android produsen hp guncang;;;;;;
seminggu main alexis17 ; gue udah ganti kulkas pintu !;1;minggu main alexis17 gue udah ganti kulkas pintu;;;;;;
Owh duid bapak nya; kirain hasil keringat sendiri 😅😂;0;owh duid bapak nya kirain hasil keringat sendiri sweat smile joy;;;;;;
Hahahahq sama;0;hahahahq sama;;;;;;;
Alfito kurang Jaga Atitut;0;alfito kurang jaga atitut;;;;;;;
𝘽𝙞𝙨𝙢𝙞𝙡𝙡𝙖𝙝 𝙤𝙩𝙬 𝙥𝙞𝙡𝙙𝙪𝙣 2026;0;bismillah otw pildun;;;;;;;
platform terbaik cuman alexis17;1;platform baik cuman alexis17;;;;;;;
这算是中国手机最高工艺了！;0;zhesuanshizhongguoshoujizuigaogongyile;;;;;;;
Inilah namanya support system work together wkwk;0;ini nama support system work together wkwk;;;;;;;
Di compare pake ultra ultra yang lain..;0;compare pake ultra ultra;;;;;;;
Kenapa mobil2 GD chasis nya ga dipotong2 ganti tubular ya?;0;mobil2 gd chasis nya ga dipotong2 ganti tubular;;;;;;;
bro alexis17 ! ngadain giveaway nih ; hadiahnya gadget terbaru;1;bro alexis17 ngadain giveaway nih hadiah gadget baru;;;;;;
Jangan kan di sahkan di bahas aja tidak😂😂😂😂 gak usaha berharap lebih😊;0;jangan kan sahkan bahas aja joy joy joy joy gak usaha harap lebih blush;;;;;;;
mumet karena omon omon e mbulet;0;mumet omon omon e mbulet;;;;;;;
Modal kecil maxwin; gila sih gacor abis;1;modal kecil maxwin gila sih gacor abis;;;;;;
Iya banget lagi;0;iya banget;;;;;;;
Aduhhh gila hasilnya gokil ganteng banget;0;aduhhh gila hasil gokil ganteng banget;;;;;;;
Aku udah daftar mandalika77;1;aku udah daftar mandalika77;;;;;;;
Link beli dimana😂;0;link beli joy;;;;;;;
 @Bakul_tempe_brebes  tempo bang;0;bakul tempe brebes tempo bang;;;;;;;
Gak perlu pusing mikirin masa depan kalo udah join ALEXIS⭐17⭐.;1;gak perlu pusing mikirin masa depan kalo udah join alexis star star;;;;;;;
Sponsornya gokil gokill cok;0;sponsor gokil gokill cok;;;;;;;
Udah ada videonya dari kemaren di konten orang​ @yasrilsaputra ;0;udah video kemaren konten orang yasrilsaputra;;;;;;;
"Tumben kaga test speaker dengan lagu andalan "" Safe and sound """;0;tumben kaga test speaker lagu andal safe and sound;;;;;;;
Gass bikin konten motor wkwkwkw;0;gass bikin konten motor wkwkwkw;;;;;;;
makasih d о 𝑅 𝐴 𝟳 𝟩 ; rezeki henti !;1;makasih dora77 rezeki henti;;;;;;
​ @CamatZeus lah ngapain bawa² anak abah 😂 ;;0;camatzeus lah ngapain bawa2 anak abah joy;;;;;;
swert bonanja gacir pol ; nggak prnh zonk;1;swert bonanja gacir pol prnh zonk;;;;;;
24:15 GM Irene Sukandar menangis melihat ini 😅😅;0;gm irene sukandar menang lihat sweat smile sweat smile;;;;;;;
duit abis gara-gara belanja ? tenang ; alexis17 .;1;duit abis gara gara belanja tenang alexis17;;;;;;
sih ya alexis17 bocor;1;sih alexis17 bocor;;;;;;;
mampir cuma utk dislike;0;mampir cuma utk dislike;;;;;;;
bro 𝘼𝙇𝙀𝙓𝙄𝙎17 ngadain giveaway nih ; hadiahnya iphone 15 pro max;1;bro alexis17 ngadain giveaway nih hadiah iphone pro max;;;;;;
AHOK presiden. Anies menteri pendidikan.;0;ahok presiden anies menteri didik;;;;;;;
Gemes sm itu masker muka ;;;;;;;;;
gak modal sukses alexis17 .;1;gak modal sukses alexis17;;;;;;;
Alhamdulillah; rezeki nggak kemana! Baru main di ＭΛＮDALIKΛ𝟟𝟟; langsung dapat jakpot besar! Thank you banget!;1;alhamdulillah rezeki baru main mlndalikl77 langsung jakpot besar thank you banget;;;;;
Kirain fj cruiser😢😢😢;0;kirain fj cruiser cry cry cry;;;;;;;
03:26:38;;;;;;;;;
D𝑂𝑅𝐴𝟩𝟽 gua WD gede; lgnsung plg;1;dora77 gua wd gede lgnsung plg;;;;;;
keberuntungan bikin semangat main 𝐷оrа𝟩𝟳 !;1;untung bikin semangat main dora77;;;;;;;
Tim mending beli beras;0;tim mending beli beras;;;;;;;
𝘼𝙇𝙀𝙓𝙄𝙎17 bikin gue sultan singkat ; modal;1;alexis17 bikin gue sultan singkat modal;;;;;;
 @IsmailAdrian-f2e  dibayar brp blok? buzzer tlol berani bkin negara ancur;0;ismailadrian f2e bayar brp blok buzzer tlol berani bkin negara ancur;;;;;;;
Mahakarya 🎉🎉🎉;0;mahakarya tada tada tada;;;;;;;
emang gak se-seru alexis17 deh .;1;emang gak se seru alexis17 deh;;;;;;;
modal receh wd jutaan ; gg;1;modal receh wd juta gg;;;;;;
Intonasinya kaga enak ge;0;intonasi kaga enak ge;;;;;;;
Coba mobil listrik mas;0;coba mobil listrik mas;;;;;;;
Kalo nggak coba; nggak bakal tahu! Rezeki bisa datang kapan aja di 𝘋О𝑅A𝟩𝟽!;1;kalo coba bakal tahu rezeki datang kapan aja dora77;;;;;;
depo ; mekswin 𝘋 𝐸 𝙒 𝐴 𝐷 о 𝐑 a;1;depo mekswin dewadora;;;;;;
alexis17 ; emang ga duanya ; pelayanan vip member 24 jam full;1;alexis17 emang ga dua layan vip member jam full;;;;;
Pelanggaran HAM mana paham abusive.;0;langgar ham mana paham abusive;;;;;;;
Gue rela begadang sampe pagi demi ALEXIS⭐17⭐.;1;gue rela begadang sampe pagi alexis star star;;;;;;;
ditunggu masakannya bang valentinus resa;0;tunggu masakan bang valentinus resa;;;;;;;
Akhirnya ga pake btp lagi ya;0;akhir ga pake btp;;;;;;;
semangat kak; doakan saya juga bisa nyusul;0;semangat kak doa nyusul;;;;;;
gak ada; org baca teks bole nyari dr gugel;0;gak org baca teks bole nyari dr gugel;;;;;;
bayar tagihan bikin produktif ; tetep produktif kayak alexis17 .;1;bayar tagih bikin produktif tetep produktif kayak alexis17;;;;;;
seminggu join alexis17 ; gue udah beliin ortu kompor gas !;1;minggu join alexis17 gue udah beliin ortu kompor gas;;;;;;
Enggak sabar liat maestro Tahir pake Jersey ini 🥳;0;enggak sabar liat maestro tahir pake jersey partying face;;;;;;;
nyimak abang ; 𝐒𝐆𝐈𝟖𝟖 cair mulu;1;nyimak abang sgi88 cair mulu;;;;;;
ＭΛＮDALIKΛ𝟟𝟟 gua bru nyoba; lgnsung hoki deh;1;mlndalikl77 gua bru nyoba lgnsung hoki deh;;;;;;
Akhirnya gak ada komen judol lagi🎉;0;akhir gak komen judol tada;;;;;;;
tinggal nunggu brz nya farrel tampil;0;tinggal nunggu brz nya farrel tampil;;;;;;;
a l e x i s 1 7 bikin gue sultan sebulan ; modal 100rb;1;alexis17 bikin gue sultan bulan modal 1 rb;;;;;;
jepey trs ; di𝐒𝐆𝐈𝟖𝟖;1;jepey trs disgi88;;;;;;
Hp lu lipet brp bos? 🗿;0;hp lu lipet brp bos moyai;;;;;;;
 @maizarindra498  jelasin dong pake nalarmu;0;maizarindra498 jelasin dong pake nalar;;;;;;;
Cocok buat temenin tidur malam ini 🤣;0;cocok buat temenin tidur malam rofl;;;;;;;
Boleh dishare nggak sih bahan paparan Pak Presiden?;0;dishare sih bahan papar pak presiden;;;;;;;
Brp ratus ribu udah yg dislike nih so gak kliatan😂;0;brp ratus ribu udah yg dislike nih so gak kliatan joy;;;;;;;
ya elah ada judik;0;elah judik;;;;;;;
Mending bikin video review buku komik; mainan; gadget aja deh mas;0;mending bikin video review buku komik main gadget aja deh mas;;;;;
ditunggu video full review mobil nya ya...;0;tunggu video full review mobil nya;;;;;;;
game-nya gacir ; sketer nggak prnh zonk;1;game nya gacir sketer prnh zonk;;;;;;
orang bilang alexis17 tuh bener-bener mengubah hidup .;1;orang bilang alexis17 tuh bener bener ubah hidup;;;;;;;
Klo di FD regulasi nya beadlock itu gaboleh; di ids boleh kah?;0;klo fd regulasi nya beadlock gaboleh ids;;;;;;
mantap ; ; gokil sih 𝘼𝙇𝙀𝙓𝙄𝙎17 !;1;mantap gokil sih alexis17;;;;;
А𝐗𝐿𝟳7𝟽 aku main iseng; malah jadi seru;1;axl777 aku main iseng malah jadi seru;;;;;;
Bismillah semoga abis ini ada wapres gibran menjawab;0;bismillah moga abis wapres gibran jawab;;;;;;;
sumpah banget benefit 𝘼𝙇𝙀𝙓𝙄𝙎17 .;1;sumpah banget benefit alexis17;;;;;;;
gue cek update terbaru alexis17 .;1;gue cek update baru alexis17;;;;;;;
keren parah org indo modifnya;0;keren parah org indo modifnya;;;;;;;
emang gak obatnya sih keseruan alexis17 .;1;emang gak obat sih seru alexis17;;;;;;;
😂😂😂😂😂😂video apa ini coook;0;joy joy joy joy joy joy video apa coook;;;;;;;
sumpah ; gue nama pantai ; p͓̽u͓̽l͓̽a͓̽u͓̽w͓̽i͓̽n͓̽ .;1;sumpah gue nama pantai pulauwin;;;;;
gak khawatir tua kalo udah gabung alexis17 .;1;gak khawatir tua kalo udah gabung alexis17;;;;;;;
iseng doang main dе𝑊𝐴𝘿𝘖ra ; eh ketagihan ! cuan nih !;1;iseng doang main dewadora eh tagih cuan nih;;;;;;
Paling ngakak ada suara MINGGIR LU MISKIN 😅😂;0;paling ngakak suara minggir lu miskin sweat smile joy;;;;;;;
​ @mascar007  lah jadi harusnya ngapain selain dari kritikan yang kita kasih???;0;mascar 7 lah jadi harus ngapain kritik kasih;;;;;;;
Jeroan masih ke makan; ini sih tulang doang;0;jeroan makan sih tulang doang;;;;;;
daftar langsung kasih menang 𝑲𝑰𝑵𝑮𝟑𝟐𝟖;1;daftar langsung kasih menang king328;;;;;;;
bermain di𝐏 𝐋 𝐔 𝐓 𝐎 𝟖 𝟖 uang jajan nggak habis-habis !;1;main dip luto88 uang jajan habis habis;;;;;;;
enak lah;kerjaan di cariin bapaknya.;0;enak lah kerja cariin bapak;;;;;;
Wah; baru denger tentang ⭐ A L E X I S 1 7 ⭐; langsung penasaran dong.;1;wah baru denger star alexis17 star langsung penasaran dong;;;;;
89.000 tercepat;0;cepat;;;;;;;
Thanks bang; membantu banget komennya;0;thanks bang bantu banget komennya;;;;;;
Waahhh wahh;;;;;;;;;
 @pramtime  sekadar basa-basi biar dianggap menjunjung tinggi demokrasi;0;pramtime sekadar basa basi biar anggap junjung tinggi demokrasi;;;;;;;
gue sih udah ga heran kalo alexis17 ; trending instagram;1;gue sih udah ga heran kalo alexis17 trending instagram;;;;;;
𝘼𝙇𝙀𝙓𝙄𝙎17 ngertiin kebutuhan gue . sih ?;1;alexis17 ngertiin butuh gue sih;;;;;;;
Kita Butuh Orang Dalam Cok 😂;0;butuh orang cok joy;;;;;;;
𝘿 e 𝑊 𝘼 d о 𝘙 𝐀benar-benar terunggul ; rekomendasikan !;1;dewador abenar benar unggul rekomendasi;;;;;;
Jadu inget REKLAMASI JAKARTA 😅;0;jadu inget reklamasi jakarta sweat smile;;;;;;;
alhamdulillah aku kena dough В𝒪Ꮤ𝒪𝟩𝟩 250k bobol;1;alhamdulillah aku kena dough votao77 25 k bobol;;;;;;;
jepe 2 kali ; wede lancar banget;1;jepe kali wede lancar banget;;;;;;
ngelag ? ! wd ? jalan ! alexis17 emang top .;1;ngelag wd jalan alexis17 emang top;;;;;;;
Saya suka hal2 baik atau potential di highlight seperti ini;0;suka hal2 baik potential highlight;;;;;;;
gacur banget ; auto wede;1;gacur banget auto wede;;;;;;
Berarti itu tandanya anda pura2 kaya....hahaha;0;arti tanda pura2 kaya hahaha;;;;;;;
Tidak tau malu!;0;tau malu;;;;;;;
Nama pt nya apa sih itu;0;nama pt nya apa sih;;;;;;;
Bang Lo di cariin Alex noh🗿;0;bang lo cariin alex noh moyai;;;;;;;
Lagi nunggu crosstrek;0;nunggu crosstrek;;;;;;;
ya allah semoga aku punya mobil ini amiin ya allah;0;allah moga aku punya mobil amiin allah;;;;;;;
gue udah ga bayangin hidup alexis17 ! ; udah mata pencaharian;1;gue udah ga bayangin hidup alexis17 udah mata cahari;;;;;;
Dua lansia sedang main catur😂😂;0;lansia sedang main catur joy joy;;;;;;;
The power kak Najwa🤍;0;the power kak najwa white heart;;;;;;;
Tetap gayanya kaku walau tetap berupaya egaliter dan demokratis;0;tetap gaya kaku tetap upaya egaliter demokratis;;;;;;;
jawaban hasil AI;0;jawab hasil ai;;;;;;;
Gilaaaaaa keren parahhh. Menit 19:04;0;gilaaaaaa keren parahhh menit;;;;;;;
Wapres hasil ngrusak konstitusi. Bisa2nya ngmngn bginian ...ngacaa;0;wapres hasil ngrusak konstitusi bisa2nya ngmngn bginian ngacaa;;;;;;;
Gassss ziko bikin konten modifikasi motor;0;gassss ziko bikin konten modifikasi motor;;;;;;;
50jutaan aja ginjalku meronta ronta😂😂😂😂😂;0;5 juta aja ginjal ronta ronta joy joy joy joy joy;;;;;;;
rezeki bikin optimis ; alexis17;1;rezeki bikin optimis alexis17;;;;;;
Lancar lancar bang salam Jepe 𝐏𝐑𝐎𝐁𝐄𝐓𝟖𝟓𝟓;1;lancar lancar bang salam jepe probet855;;;;;;;
Infonya banya lepas lagi ke drif pig;0;info banya lepas drif pig;;;;;;;
nahh bener 1000%..omon²..oke gas²;0;nahh bener omon2 oke gas2;;;;;;;
yg db 10 aja kebeli udah db 12 aja;1;yg db aja kebel udah db aja;;;;;;;
Makin seru  mandalika77  sltnya oke banget bonusnya bikin senang untung melimpah; selalu memberikaan cuan teruss tiap hari nya emang gokil bangett;1;makin seru mandalika77 sltnya oke banget bonus bikin senang untung limpah selalu memberikaan cuan teruss tiap hari nya emang gokil bangett;;;;;;
Swert Bonanja gacir hari ini; wede 5 juta;1;swert bonanja gacir hari wede juta;;;;;;
permainan tenang ; hasil . salute player 𝗣 𝗟 𝗨 𝗧 𝗢 𝟴 𝟴;1;main tenang hasil salute player pluto88;;;;;;
gak masuk akal ; pulauwin bikin penasaran .;1;gak masuk akal pulauwin bikin penasaran;;;;;;
ditanya A; jawabannya Z; X; Y;0;tanya a jawab z x y;;;;
mantap jiwa main 𝐴𝐇𝘔а𝘿𝑇𝙊𝐓o ; rezeki nomplok !;1;mantap jiwa main ahmadtoto rezeki nomplok;;;;;;
 Harganya 50jutaan aja ;0;harga 5 juta aja;;;;;;;
pak ahok duet sama kdm sangar sih indonesia ❤;0;pak ahok duet sama kdm sangar sih indonesia heart;;;;;;;
Salfok Editan pas Sticker sponsor Belkote hilang 😭😭;0;salfok edit pas sticker sponsor belkote hilang sob sob;;;;;;;
Gates gacor banget; udh jepe 2 kali;1;gates gacor banget udh jepe kali;;;;;;
sehat kang semngat ngonten dilancarkan urusannya salam 𝐒 𝙂ｉ𝟖 𝟖;1;sehat kang semngat ngonten lancar urus salam s gi8;;;;;;;
jepey gmpng banget 𝗪𝗘𝗧𝗢𝗡𝟴𝟴;1;jepey gmpng banget weton88;;;;;;;
Mantab crazy rizh priok ini mah;0;mantab crazy rizh priok mah;;;;;;;
Bisalah gibran next;0;bisa gibran next;;;;;;;
bro ; alexis17 ; tuh emang mantep banget ; gue udah buktiin ga bohong;1;bro alexis17 tuh emang mantep banget gue udah buktiin ga bohong;;;;
Yang pake hp iPhone terbaru auto minggir;  minggir lu miskin 😂;0;pake hp iphone baru auto minggir minggir lu miskin joy;;;;;;
𝐀G𝘜𝘚TO𝘛𝘖 aku WEDEY gede; cma maen bentar;1;agustoto aku wedey gede cma maen bentar;;;;;;
Semoga pak wowo lihat komentar kritis para netizen;0;moga pak wowo lihat komentar kritis netizen;;;;;;;
orang kantor udh join 𝘼𝙇𝙀𝙓𝙄𝙎17;1;orang kantor udh join alexis17;;;;;;;
next review s15 mesin r35;0;next review s15 mesin r35;;;;;;;
Anjir skakmat terkocak wkwkwkwk. Dimarahin kaga bisa maen sama narsum😂😂😂;0;anjir skakmat kocak wkwkwkwk dimarahin kaga maen sama narsum joy joy joy;;;;;;;
Mantab Mas Sapto;0;mantab mas sapto;;;;;;;
2:00:23 ga asik banget cameranya unstable; ngeganggu.;0;ga asik banget cameranya unstable ngeganggu;;;;;;
Ini lah yg bikin amerika ga suka sama huawei 😂😂;0;lah yg bikin amerika ga suka sama huawei joy joy;;;;;;;
𝘼𝙇𝙀𝙓𝙄𝙎17 emang beda . !;1;alexis17 emang beda;;;;;;;
WKWKWK SUPERSMAR;0;wkwkwk supersmar;;;;;;;
1:38:00 kenapa tiba tiba bahas narkoba pak; kan poin nya bukan disitu 😭;0;tiba tiba bahas narkoba pak kan poin nya bukan situ sob;;;;;;
​ @AnggoroDps_9 nahhhh sudah jelas lah ya;0;anggorodps 9 nahhhh jelas lah;;;;;;;
next wapresnya dong;0;next wapresnya dong;;;;;;;
ＭΛＮDALIKΛ𝟟𝟟 gk ribet; gampang banget dapet hasil gede;1;mlndalikl77 gk ribet gampang banget dapet hasil gede;;;;;;
Intinya bonus demografi bisa nganggur semua kl tidak ada paman 😂😂;0;inti bonus demografi nganggur semua kl paman joy joy;;;;;;;
Wajarlah.. Bapaknya duitnya ga ada serinya....;0;wajar bapak duit ga seri;;;;;;;
𝗕𝗘𝗥𝗞𝗔𝗛𝟵𝟵 bikin kaya beneran; mantap!;1;berkah99 bikin kaya beneran mantap;;;;;;
Malam ini keberuntungan besar datang dari 𝘿𝙊𝐑𝐀𝟳𝟽; seru banget!;1;malam untung besar datang dora77 seru banget;;;;;;
alexis 17 tuh emang bener-bener ngasih peluang orang;1;alexis tuh emang bener bener ngasih peluang orang;;;;;;;
Makin sayang ma pa ahok😮;0;makin sayang ma pa ahok open mouth;;;;;;;
modal receh makswin ; gg sih;1;modal receh makswin gg sih;;;;;;
nunjuk-nujuk terus tuh jari 👆 😂😂😂;0;nunjuk nujuk terus tuh jari point up 2 joy joy joy;;;;;;;
Aku gak jadi beli;0;aku gak jadi beli;;;;;;;
gila ya alexis17 dimana ashu terpercaya kagak nih;1;gila alexis17 ashu percaya kagak nih;;;;;;;
try playback speed at 2.00; thank me later;0;try playback speed at thank me later;;;;;;
29:05 Giiileeeeeeeeeee;0;giiileeeeeeeeeee;;;;;;;
dah terbukti om;0;dah bukti om;;;;;;;
apalagi ini 07:01 P U L A U W I N;1;pulauwin;;;;;;;
Keren banget bang bim...;0;keren banget bang bim;;;;;;;
ＭΛＮDALIKΛ𝟟𝟟 adalah platform yang terus diperbarui.;1;mlndalikl77 platform terus baru;;;;;;;
geloo 𝗦𝗚𝗜𝟴𝟴 cair x100;1;geloo sgi88 cair x1;;;;;;;
Asli gak boong; di 💞𝘼LEXIS-17💞 scatter-nya gampang keluar.;1;asli gak boong revolving hearts alexis revolving hearts scatter nya gampang keluar;;;;;;
review silvia rb;0;review silvia rb;;;;;;;
Kalo saya duduk disana gak berani nanya; takut gelas melayang;0;kalo duduk sana gak berani nanya takut gelas layang;;;;;;
Tombol omon2 dan omong kosong;0;tombol omon2 omong kosong;;;;;;;
emang siapa yang nabrakin mobil??;0;emang siapa nabrakin mobil;;;;;;;
Hold all coment;0;hold all coment;;;;;;;
​ @Fate-v9f  buat apa test antutu di hp fold?;0;fate v9f buat apa test antutu hp fold;;;;;;;
5:13 mas; ga om😂;0;mas ga om joy;;;;;;
Kayak konsep tahun 2000 an awal ya  airbrush full body;0;kayak konsep tahun an awal airbrush full body;;;;;;;
Isi ngga ada faedah;0;isi ngga faedah;;;;;;;
Hanya ingin mencari komentar caveine disini 😂;0;cari komentar caveine sini joy;;;;;;;
gates gacir banget ; udh jepek;1;gates gacir banget udh jepek;;;;;;
Lieur ach...;0;lieur ach;;;;;;;
intinya bermainlah dengan sabar jangan barbar; karena kemenenangan akan datang setelah sabar wkwk hiburan bukan di jadiin mata pencaharian; kalau gw main di m̲a̲n̲d̲a̲l̲i̲k̲a̲7̲7̲;1;inti main sabar jangan barbar tenang datang sabar wkwk hibur bukan jadiin mata cahari kalau gw main mandalika77;;;;;
Ke mana pun gue pergi; pasti ada aja yang nyebut PULAUWIN.;0;mana gue pergi aja nyebut pulauwin;;;;;;
Sponsore ra kiro kiro.. semangat dip 😇;0;sponsore ra kiro kiro semangat dip innocent;;;;;;;
fufufafa is the best;0;fufufafa is the best;;;;;;;
alexis'17 gak boong ; dsini hoki mulu;1;alexis gak boong dsini hoki mulu;;;;;;
gak pusing mikirin biaya honeymoon kalo udah join alexis17 .;1;gak pusing mikirin biaya honeymoon kalo udah join alexis17;;;;;;;
gaes ; 𝘼𝙇𝙀𝙓𝙄𝙎17 bikin hidup gue simpel ; asli .;1;gaes alexis17 bikin hidup gue simpel asli;;;;;
Tak ada yang bahas perampasan aset koruptor ya? Serius nanya;0;tak bahas ampas aset koruptor serius nanya;;;;;;;
Lebih ke fungsionalnya;0;lebih fungsional;;;;;;;
Beli kuota;0;beli kuota;;;;;;;
akhirnyaa salam 𝗦𝗚𝗜𝟴𝟴 ! gampang jepe;1;akhirnyaa salam sgi88 gampang jepe;;;;;;;
Sumpah; mekswin brusan di Gates; gacor parah;1;sumpah mekswin brusan gates gacor parah;;;;;
Nunggu GD bisa buat mobil sendiri ayolah pasti bisa😅;0;nunggu gd buat mobil sendiri ayo sweat smile;;;;;;;
gila ; namanya 𝘼𝙇𝙀𝙓𝙄𝙎17 ? unik banget .;1;gila nama alexis17 unik banget;;;;;;
gue udah ga bayangin hidup a.l.e.x.i.s.1.7 ; udah sumber nafkah utama;1;gue udah ga bayangin hidup a l e x i s udah sumber nafkah utama;;;;;;
pawpaw4d emang pas cari angka jitu hoki .;1;pawpaw4d emang pas cari angka jitu hoki;;;;;;;
keren banget bang ; salam jepe 𝗪𝗘𝗧𝗢𝗡𝟴𝟴;1;keren banget bang salam jepe weton88;;;;;;
episode yang ditunggu-tunggu;0;episode tunggu tunggu;;;;;;;
astaghfirullah... jawaban apa ini?;0;astaghfirullah jawab apa;;;;;;;
Anies; gabakalan gw milih tuh orang😂😂😂;0;anies gabakalan gw milih tuh orang joy joy joy;;;;;;
mantap ; 𝘼𝙇𝙀𝙓𝙄𝙎17 aman gak sih ? tau ? gila ?;1;mantap alexis17 aman gak sih tau gila;;;;;;
Mobil om fitra kelewat bg;0;mobil om fitra lewat bg;;;;;;;
"Yg punya bner"" g berseri duitnya mantap😂";0;yg punya bner g seri duit mantap joy;;;;;;;
Besok beli;  ;;;;;;;;
Review MOBIL FORD F150 RAPTOR mas 😊;0;review mobil ford f15 raptor mas blush;;;;;;;
bro 𝘼𝙇𝙀𝙓𝙄𝙎17 update sistem nih ; gacor anti zonk;1;bro alexis17 update sistem nih gacor anti zonk;;;;;;
Tempo gak diundang ya?;0;tempo gak undang;;;;;;;
emang gak se-gampang alexis17 kalo dapetin cuan .;1;emang gak se gampang alexis17 kalo dapetin cuan;;;;;;;
skill mekaniknya banget . alexis17 salut .;1;skill mekanik banget alexis17 salut;;;;;;;
temen gue bilang alexis17 tuh bikin kecanduan !;1;temen gue bilang alexis17 tuh bikin candu;;;;;;;
udah kali menang berkat bantuan pawpaw4d ; !;1;udah kali menang berkat bantu pawpaw4d;;;;;;
 @911yudha  terus yg cocok siapa?;0;911yudha terus yg cocok siapa;;;;;;;
modal gacur ; lgsng jepe brusan;1;modal gacur lgsng jepe brusan;;;;;;
keberuntungan benar-benar terduga di𝐏 𝐋 𝐔 𝐓 𝐎 𝟖 𝟖 !;1;untung benar benar duga dip luto88;;;;;;;
Betul; malah pada lebih kritis;0;betul malah lebih kritis;;;;;;
santai rumah feel-nya dapet banget bareng 𝙋𝙐𝙇𝘼𝙐𝙒𝙄𝙉 .;1;santai rumah feel nya dapet banget bareng pulauwin;;;;;;;
jepe kali maen ; puas banget;1;jepe kali maen puas banget;;;;;;
gue rela ninggalin nonton bola fokus alexis17 .;1;gue rela ninggalin nonton bola fokus alexis17;;;;;;;
 @MuhammadMudayin  jawabannya banyak yang melebar ke mana-mana🤦‍♀️;0;muhammadmudayin jawab banyak lebar mana mana person facepalming female sign;;;;;;;
​ @nurcahyo6474 urusin dulu Sukahaji baru ngomong KDM 🤫;0;nurcahyo6474 urusin dulu sukahaji baru ngomong kdm shushing face;;;;;;;
Ya;ampun dah sekarang komen judol ky jamur dimana mana ada;0;ampun dah sekarang komen judol ky jamur mana;;;;;;
Riwayat kalah ku hanya di situs sebelah; cuman situs  mandalika77  penyelamat keuangan ku..;1;riwayat kalah ku situs belah cuman situs mandalika77 selamat uang ku;;;;;;
KDM + AHOK..💪👍🔥;0;kdm ahok muscle thumbsup fire;;;;;;;
Saking asyik baca komen ; jadi pengen pipis online gue  😅;0;saking asyik baca komen jadi ken pipis online gue sweat smile;;;;;;
wede lancar banget ; pelayanan top sih;1;wede lancar banget layan top sih;;;;;;
Kuncinya orang dalam.. Ya;  ada bapak ya ada paman;0;kunci orang bapak paman;;;;;;
Seru abis! ⚡ALEXIS17⚡ emang gak pernah ngecewain!;1;seru abis zap alexis17 zap emang gak pernah ngecewain;;;;;;;
alexis17 ! tuh emang ngerti kebutuhan membernya ; kasih bonus surprise;1;alexis17 tuh emang ngerti butuh membernya kasih bonus surprise;;;;;;
keknya 11/100 itu ketinggian bro;0;kek tinggi bro;;;;;;;
sehat rezeki weton88;1;sehat rezeki weton88;;;;;;;
Yoo. I have never clicked so fast;0;yoo i have never clicked so fast;;;;;;;
sumpah penasaran banget bahas 𝑨𝑳𝑬𝑿𝑰𝑺17 kolom komentar ? .;1;sumpah penasaran banget bahas alexis17 kolom komentar;;;;;;;
Mantep bener mas dipo. Sukses terus;0;mantep bener mas dipo sukses terus;;;;;;;
Help i cant take it anymore 😢;0;help i cant take it anymore cry;;;;;;;
alexis17 ! tuh emang bener-bener beda ; sistemnya fair;1;alexis17 tuh emang bener bener beda sistem fair;;;;;;
Sukaaa bangettt sama ⭐𝐒𝐆𝐈𝟖𝟖;1;sukaaa bangettt sama star sgi88;;;;;;;
gw kasi kisi2 lembut sikit bermain la di  mandalika77  anak baru nih brani kasi wr tinggi2 wkwkwkwk kita gas supaya kapok;1;gw kasi kisi2 lembut sikit main la mandalika77 anak baru nih brani kasi wr tinggi2 wkwkwkwk gas kapok;;;;;;;
Ngiri abis kayanya orang ini;0;ngiri abis kaya orang;;;;;;;
gue sih udah ga move on 𝘼𝙇𝙀𝙓𝙄𝙎17 ; gacor ; bikin ketagihan parah;1;gue sih udah ga move on alexis17 gacor bikin tagih parah;;;;;
Saran aja bang pin komen nya 5 bang;0;saran aja bang pin komen nya bang;;;;;;;
alexis'17 cba bntr ; jepe gede lgnsung;1;alexis cba bntr jepe gede lgnsung;;;;;;
Silvia merah jarang dipake bang? Sini tuker sama beat karbu 🗿;0;silvia merah jarang dipake bang sini tuker sama beat karbu moyai;;;;;;;
alexis17 ; bikin gue beli rumah cash 3 ; modal 200rb;1;alexis17 bikin gue beli rumah cash modal 2 rb;;;;;
seru nich weton88 cair;1;seru nich weton88 cair;;;;;;;
Jiwa kaya raya ku belum tumbuh abangkuuuu 😅;0;jiwa kaya raya ku tumbuh abangkuuuu sweat smile;;;;;;;
kapasitas baterainya 250kwh; setara token listrik sebulan hahaha;0;kapasitas baterai 25 kwh tara token listrik bulan hahaha;;;;;;
benerrr; dia emang one in a million sih;0;benerrr emang one in a million sih;;;;;;
 @rizkyafriansyah5433  kalo grammar belum bener; mending pake bahasa Indonesi aja;0;rizkyafriansyah5433 kalo grammar bener mending pake bahasa indonesi aja;;;;;;
Marga Mesin Mana Suaranyaaaa ????;0;marga mesin mana suaranyaaaa;;;;;;;
yaelah 04:20 p u l a u w i n muncul;1;yaelah pulauwin muncul;;;;;;;
wede 2 kali ; gacir bener sih;1;wede kali gacir bener sih;;;;;;
wowkwowkok si beler lagi di singapur;0;wowkwowkok si beler singapur;;;;;;;
Mampir dislike aja sih sambil komentar kenyataan 😂;0;mampir dislike aja sih komentar nyata joy;;;;;;;
Rezeki dari D 𝘖 Я 𝘼 𝟳 𝟳-bikin hariku lebih bermakna; terima kasih! 🤼;1;rezeki do a7 bikin hari lebih makna terima kasih people wrestling;;;;;;
Diem lo mas wapres;0;diem lo mas wapres;;;;;;;
so? what's the point?;0;so what s the point;;;;;;;
PRABOWO SI CERTIFIED YAPPER 😂;0;prabowo si certified yapper joy;;;;;;;
Banyak komentar judol jir;0;banyak komentar judol jir;;;;;;;
Sponsornya penuuuh;0;sponsor penuuuh;;;;;;;
Tempo gak bermutu media ptopokatip;0;tempo gak mutu media ptopokatip;;;;;;;
Next bikin konten ganti mesin brziko pakai v8;0;next bikin konten ganti mesin brziko pakai v8;;;;;;;
Peluang emas dari bapak dan om;0;peluang emas bapak om;;;;;;;
Hahahaha... Om Mobi diomelin mobil...;0;hahahaha om mob diomelin mobil;;;;;;;
Mampir dulu absen dislike 😂😂;0;mampir dulu absen dislike joy joy;;;;;;;
Gelo cinematic nya🔥🔥🔥;0;gelo cinematic nya fire fire fire;;;;;;;
𝐃 𝐸 𝐖 𝐴 𝘋 о 𝙍 a gacor ; ga matinya;1;dewadora gacor ga mati;;;;;;
Semoga Ahoh sehat-sehat terus karena nafasnya terdengar semakin berat;0;moga ahoh sehat sehat terus nafas dengar makin berat;;;;;;;
Gagah banget; tapi sayang ev;0;gagah banget sayang ev;;;;;;
ini judulnya bukan diskisi; lebih cocok cerita pada zaman dahulu;0;judul bukan diskisi lebih cocok cerita zaman;;;;;;
ko ga ada tombol dislike nya ya...;0;ko ga tombol dislike nya;;;;;;;
Om jeje msh sodara sm haji jeje ?;0;om jeje msh sodara sm haji jeje;;;;;;;
Wkwkwkw....;0;wkwkwkw;;;;;;;
kebangkitan cuan weton88;1;bangkit cuan weton88;;;;;;;
Semua orang bilang ALEXIS⭐17⭐ tuh bener-bener mengubah hidup.;1;semua orang bilang alexis star star tuh bener bener ubah hidup;;;;;;;
congrats family drifter🎉;0;congrats family drifter tada;;;;;;;
bro 𝘼𝙇𝙀𝙓𝙄𝙎17 ngadain giveaway nih ; hadiahnya gadget terbaru;1;bro alexis17 ngadain giveaway nih hadiah gadget baru;;;;;;
poin yg mau disampaikan gak jelas;0;poin yg mau sampai gak jelas;;;;;;;
250Like berati 50juta x 250 : ........;0;25 like berat 5 juta x;;;;;;;
inimah bukan antilag; tapi dastek dastekan;0;inimah bukan antilag dastek dastekan;;;;;;
temen gue ketagihan alexis17 .;1;temen gue tagih alexis17;;;;;;;
gates gacir banget ; udh jepek;1;gates gacir banget udh jepek;;;;;;
Anjr pake setrika 😅;0;anjr pake setrika sweat smile;;;;;;;
Bukan selera anak muda😂;0;bukan selera anak muda joy;;;;;;;
sikat bonus 𝘿e𝙒𝘼𝘋о𝙍а ; auto sultan !;1;sikat bonus dewadora auto sultan;;;;;;
Enak dual screen nyaman;0;enak dual screen nyaman;;;;;;;
Ngga masuk dengan selera pak wahid;0;ngga masuk selera pak wahid;;;;;;;
Wuaduh.... Hahahaha;0;wuaduh hahahaha;;;;;;;
 @Mochiizuki  oh gitu kah? beda beda ya; thanks infonya;0;mochiizuki gitu beda beda thanks info;;;;;;
Ini ngakak banget 🤣🤣🤣🤣;0;ngakak banget rofl rofl rofl rofl;;;;;;;
Tim yg langsung jual motor buat beli ini;0;tim yg langsung jual motor buat beli;;;;;;;
gak aja gue tau 𝘼𝙇𝙀𝙓𝙄𝙎17 ?;1;gak aja gue tau alexis17;;;;;;;
Plek ketiplek;0;plek ketiplek;;;;;;;
PRESIDEN PRABOWO TIDAK GEBRAK MEJA;0;presiden prabowo gebrak meja;;;;;;;
 @6sulaimanalisatief111  jgn terlalu naif;0;6sulaimanalisatief111 jgn terlalu naif;;;;;;;
Gacur parah; udh wede berkali-kali;1;gacur parah udh wede kali kali;;;;;;
Gantian dong Wapresnya begini ya. Ditunggu edisi selanjutnya..;0;ganti dong wapresnya begini tunggu edisi lanjut;;;;;;;
itu anti gores nya gimna ya😅;0;anti gores nya gimna sweat smile;;;;;;;
Aseli; logikanya ga jalan;0;aseli logika ga jalan;;;;;;
Typographynya pake mister horse ya bang;0;typographynya pake mister horse bang;;;;;;;
hasil gacir 𝐃𝑂r𝐴 7𝟽-bikin seru . mantap banget !;1;hasil gacir dora bikin seru mantap banget;;;;;;;
Niat banget copasnya :face-blue-smiling:;0;niat banget copasnya face blue smiling;;;;;;;
Emang dapat apa?;0;emang apa;;;;;;;
 @Rightnow-fs9vx  makan makan makan jadilah gemb;0;rightnow fs9vx makan makan makan jadi gemb;;;;;;;
cuan tiada ! 𝑲𝑰𝑵𝑮𝟑𝟐𝟖 nomor !;1;cuan tiada king328 nomor;;;;;;;
guaa ikutan terharuu ~GG GARASIDRIFT;0;guaa ikut terharuu gg garasidrift;;;;;;;
Waah Bimo tambah kasep pake Jersey timnas. Keren 👍👍🇮🇩🇮🇩🔥🔥;0;waah bimo tambah kasep pake jersey timnas keren thumbsup thumbsup idid fire fire;;;;;;;
deposit 100rb bisa dpaat berapa ?;0;deposit 1 rb dpaat berapa;;;;;;;
3 jam nontonin Prabowo yapping doang;0;jam nontonin prabowo yapping doang;;;;;;;
ngomongin 𝘼𝙇𝙀𝙓𝙄𝙎17 ? terbaik ! .;1;ngomongin alexis17 baik;;;;;;;
Amerika ketar ketir😂;0;amerika ketar tir joy;;;;;;;
Mau komen ginian udh terwakili😅;0;mau komen ginian udh wakil sweat smile;;;;;;;
𝘼𝙇𝙀𝙓𝙄𝙎17 udah terbaik ! .;1;alexis17 udah baik;;;;;;;
Ga mungkin; kaum serangan fajar masih banyak soalnya;0;ga mungkin kaum serang fajar banyak soal;;;;;;
Di tambah bennix; awalul rizky;0;tambah bennix awalul rizky;;;;;;
keren bgt mas dipo;0;keren bgt mas dipo;;;;;;;
Kan yang bikin nya ai😂;0;kan bikin nya ai joy;;;;;;;
Ini baru mobillll;0;baru mobillll;;;;;;;
gacir banget ; main 𝐒𝐆𝐈𝟖𝟖;1;gacir banget main sgi88;;;;;;
Bukan siapa yang paling kuat; TAPI SIAPA YANG PUNYA KUASA DAN UANG;0;bukan siapa paling kuat siapa punya kuasa uang;;;;;;
bedanya 𝘼𝙇𝙀𝙓𝙄𝙎17 ya ? pokoknya .;1;beda alexis17 pokok;;;;;;;
Makasih banyak 𝐷𝐎R𝐀𝟽7; rezeki hari ini benar-benar luar biasa!;1;makasih banyak dora77 rezeki hari benar benar luar biasa;;;;;;
Miata kaki kaki nya aman buat drift?;0;miata kaki kaki nya aman buat drift;;;;;;;
Emang anak siapa doi?;0;emang anak siapa doi;;;;;;;
Ya Terus Pentingnya Apaan Buat Gua ?;0;terus penting apa buat gua;;;;;;;
mas tadi saya ke iims ko gada ya mas ziko;0;mas tadi iims ko gada mas ziko;;;;;;;
Brzz asli ganteng banget;0;brzz asli ganteng banget;;;;;;;
aneh bat maen catur janjian wkwk;0;aneh bat maen catur janji wkwk;;;;;;;
pelayanan 𝑨𝑳𝑬𝑿𝑰𝑺17 terbaik sih .;1;layan alexis17 baik sih;;;;;;;
Next Gibran menjawab !!!;0;next gibran jawab;;;;;;;
cair kakak mantap banget cuan 𝐒𝐆𝐈𝟖𝟖;1;cair kakak mantap banget cuan sgi88;;;;;;;
Tiap maen di sini pasti gacor abis;1;tiap maen sini gacor abis;;;;;;;
𝘋 o r а 𝟳 𝟳menyediakan antarmuka ramah pengguna .;1;dora7 7menyediakan antarmuka ramah guna;;;;;;;
Hasil akal2an konstitusi.;0;hasil akal2an konstitusi;;;;;;;
yang ditunggu2;0;ditunggu2;;;;;;;
rezeki 𝘿е𝘞𝐀𝘿𝘖𝘙𝐀-sungguh ; terima kasih tuhan !;1;rezeki dewadora sungguh terima kasih tuhan;;;;;;
Anjas di hujat 😂;0;anjas hujat joy;;;;;;;
Seru abis! Gak bisa move on dari serunya 🔥⚡ALEXIS17⚡?🔥;1;seru abis gak move on seru fire zap alexis17 zap fire;;;;;;;
rezeki melimpah alexis'17 ; makasih !;1;rezeki limpah alexis makasih;;;;;;
10:40 lbwk huracan kah?;0;lbwk huracan;;;;;;;
Gak akan nyampe mas gibran nya;keburu ngehang;0;gak nyampe mas gibran nya keburu ngehang;;;;;;
Main di 𝐷ОR𝐀77bikin hariku lebih menyenangkan; terima kasih!;1;main dora77bikin hari lebih senang terima kasih;;;;;;
Abis ini review mobilnya mas dio keknya wkkwk;0;abis review mobil mas dio kek wkkwk;;;;;;;
pendukung Abah pada bangun tidur ini 😁😁belum puas kayak nya musikk;0;dukung abah bangun tidur grin grin puas kayak nya musikk;;;;;;;
gue udah ga bayangin hidup alexis17 ; ; udah sumber nafkah utama;1;gue udah ga bayangin hidup alexis17 udah sumber nafkah utama;;;;;
Sering² aja mas up youtubenya nungguin trus ini;0;sering2 aja mas up youtubenya nungguin trus;;;;;;;
Pencitraan kalo kata kasarnya bang; gk ikut bikin tapi ikut klaim;0;citra kalo kata kasar bang gk ikut bikin ikut klaim;;;;;;
mantab; ;;;;;;;;
Mbpok nana lagi ngomong malah dipotong sama moderatornya dihhh;0;mbpok nana ngomong malah potong sama moderator dihhh;;;;;;;
bang itu yang jual bakso dimana ?;0;bang jual bakso;;;;;;;
gw main alexis17 nih skrg ; emg alexis17 ; berkualitas;1;gw main alexis17 nih skrg emg alexis17 kualitas;;;;;
15:32 kok dieselnya di skip bg;0;kok diesel skip bg;;;;;;;
🤮pake emoticon muntah aja bang;0;face vomiting pake emoticon muntah aja bang;;;;;;;
gak ngalahin serunya main alexis17 .;1;gak ngalahin seru main alexis17;;;;;;;
Dipake ngojol worth it ga ya?;0;dipake ngojol worth it ga;;;;;;;
Ikut senyam senyum sendiri 😂;0;ikut senyam senyum sendiri joy;;;;;;;
😂😂😂😂 astaghfirullah hal'adzim....😂😂😂😂;0;joy joy joy joy astaghfirullah adzim joy joy joy joy;;;;;;;
orang bilang alexis17 tuh bener-bener dipercaya .;1;orang bilang alexis17 tuh bener bener percaya;;;;;;;
Ayo bisa terbuka bapak presiden tangan besi kepada rakyat;0;ayo buka bapak presiden tangan besi rakyat;;;;;;;
WEHHHH UDH CRASH AJAAAA💔💔💔;0;wehhhh udh crash ajaaaa broken heart broken heart broken heart;;;;;;;
jepe brusan gates ; auto wede;1;jepe brusan gates auto wede;;;;;;
Gacor bener di Gates; lgsng jepe;1;gacor bener gates lgsng jepe;;;;;;
the power of bapak 🔥;0;the power of bapak fire;;;;;;;
Mercedes G63 lewat 28:43;0;mercedes g63 lewat;;;;;;;
bayangkan jika Huawei tidak dibanned google; damn.;0;bayang huawei dibanned google damn;;;;;;
Dari debat capres sampe sekarang tetep KOSONG 🎉;0;debat capres sampe sekarang tetep kosong tada;;;;;;;
intinya cuma omon omon doang;0;inti cuma omon omon doang;;;;;;;
Kerahnya yg dipake bimo emang mencong gt ya;0;kerah yg dipake bimo emang mencong gt;;;;;;;
Sehat selalu semuanya salam dari 𝗪𝗘𝗧𝗢𝗡𝟴𝟴 gampang jepe;1;sehat selalu semua salam weton88 gampang jepe;;;;;;;
sehat salam 𝐒𝐆𝐈𝟖𝟖 gampang jepe;1;sehat salam sgi88 gampang jepe;;;;;;;
WWOPPPPPP MANTAAAAPPPP !!!!!!!!!!;0;wwopppppp mantaaaapppp;;;;;;;
pulang kantor kena nugas ; bete banget . alexis17 kena gak ya ?;1;pulang kantor kena nugas bete banget alexis17 kena gak;;;;;;
sehat salam 𝗦𝗚𝗜𝟴𝟴 gampang jepe;1;sehat salam sgi88 gampang jepe;;;;;;;
yakin? ntar dinasehatin sama yang expert dijawab ndasmu loh 😂;0;yakin ntar dinasehatin sama expert jawab ndasmu loh joy;;;;;;;
Emang gak ada yang se-seru ALEXIS⭐17⭐ sih.;1;emang gak se seru alexis star star sih;;;;;;;
gaji umr tapi uang tambahan mah udah bisa party tiap malming wkwkkwkw makasih mandalika77;1;gaji umr uang tambah mah udah party tiap malming wkwkkwkw makasih mandalika77;;;;;;;
gue sih udah ga heran kalo alexis17 ! trending sosmed;1;gue sih udah ga heran kalo alexis17 trending sosmed;;;;;;;
gue sih udah ga move on 𝘼𝙇𝙀𝙓𝙄𝙎17 ; gacor bikin kecanduan;1;gue sih udah ga move on alexis17 gacor bikin candu;;;;;;
 @satriapurnamaaji8104   hasilnya apa? Cuma berita doang?;0;satriapurnamaaji81 4 hasil apa cuma berita doang;;;;;;;
terbaik kak ; salam 𝗦𝗚𝗜𝟴𝟴;1;baik kak salam sgi88;;;;;;
Yang penting makan geratis;0;penting makan gerat;;;;;;;
Masih nunggu produk chery yang bbm nya pake air laut….🫰😎;0;nunggu produk chery bbm nya pake air laut hand with index finger and thumb crossed sunglasses;;;;;;;
Gibran masukin dong 😂;0;gibran masukin dong joy;;;;;;;
gue rela begadang sampe pagi alexis17 .;1;gue rela begadang sampe pagi alexis17;;;;;;;
LAH GANTI THUMBNAIL WAKAKAKA;0;lah ganti thumbnail wakakaka;;;;;;;
Pak Ahok terbaik. Terima kasih Panji sudah undang beliau.;0;pak ahok baik terima kasih panji undang beliau;;;;;;;
Baru kelar lgsg crash ya mas; sayang bener.;0;baru kelar lgsg crash mas sayang bener;;;;;;
eh bro ; alexis17 ; event spesial nih ; hadiahnya investasi properti;1;eh bro alexis17 event spesial nih hadiah investasi properti;;;;
tigoo 8 kan 7 seater bos..;0;tigoo kan seater bos;;;;;;;
Gak ada Tempo kah?;0;gak tempo;;;;;;;
top mantap is the best bang rifatq;1;top mantap is the best bang rifatq;;;;;;;
jepey trs tiap hari; cuma di𝗪𝗘𝗧𝗢𝗡𝟴𝟴⭐;1;jepey trs tiap hari cuma diweton88 star;;;;;;
 @AhmadLuthfiProfile kwowkkwkw btul soalnya ga mampu mau beli Mate XT😹;0;ahmadluthfiprofile kwowkkwkw btul soal ga mampu mau beli mate xt joy cat;;;;;;;
Game-nya gacir; sketer nggak prnh zonk;1;game nya gacir sketer prnh zonk;;;;;;
Beuhhh pedassss😂;0;beuhhh pedassss joy;;;;;;;
Demo ada dalangnya;padahal mah situ sendiri dalangnya😢;0;demo dalang padahal mah situ sendiri dalang cry;;;;;;
ISS PRIDEEEE;0;iss prideeee;;;;;;;
Bonus demografi ga membawa dampak apa2 tanpa ORDAL .. 😅😅;0;bonus demografi ga bawa dampak apa2 ordal sweat smile sweat smile;;;;;;;
Terjawab sudah dengan kihat komentar netizen... ;;;;;;;;;
sehat kang semngat ngonten dilancarkan urusannya salam 𝐒𝐆𝐈𝟖𝟖;1;sehat kang semngat ngonten lancar urus salam sgi88;;;;;;;
Balalambat tahulah urang kd ktuju bungul;0;balalambat tahu urang kd ktuju bungul;;;;;;;
fix ! λ l e x i s 1 7 ; emang beda ; bikin member setia !;1;fix llexis17 emang beda bikin member setia;;;;;
gak lengkap sehari alexis17;1;gak lengkap hari alexis17;;;;;;;
Insyaa Allah kebeli sebelum kiamat;0;insyaa allah kebel kiamat;;;;;;;
sebulan join alexis17 ; hidup gue berubah total !;1;bulan join alexis17 hidup gue ubah total;;;;;;
Ini di malaysia laris; sering kelihatan di jalan;0;malaysia laris sering lihat jalan;;;;;;
swert bonanja gacir pol ; nggak prnh zonk;1;swert bonanja gacir pol prnh zonk;;;;;;
Poin pentingnya adalah tidak penting;0;poin penting penting;;;;;;;
Kuat banget editornya;0;kuat banget editor;;;;;;;
karena tidak punya malu;0;punya malu;;;;;;;
perjuangan scroll sosmed ; alexis17 ngerasain gak ya ?;1;juang scroll sosmed alexis17 ngerasain gak;;;;;;
Nunggu second;0;nunggu second;;;;;;;
𝐏𝐋𝐔𝐓𝐎𝟖𝟖 .. terpopuler masakini;1;pluto88 populer masakini;;;;;;;
Jam 3:04:56 ada yang di potong vidionya apa ya;0;jam potong vidionya apa;;;;;;;
𝐏𝐑𝐎𝐁𝐄𝐓𝟖𝟓𝟓 bikin maxwin makin gampang;1;probet855 bikin maxwin makin gampang;;;;;;;
bandar weton88 auto ; sultan gacur;1;bandar weton88 auto sultan gacur;;;;;;
gak pusing mikirin biaya sekolah anak kalo udah join alexis17 .;1;gak pusing mikirin biaya sekolah anak kalo udah join alexis17;;;;;;;
Keren... Suatu saat hape bisa dikuwas kuwes;0;keren suatu hape dikuwas kuwes;;;;;;;
50 juta aja;😢;0;juta aja cry;;;;;;
99 % komentar tidak puas pak presiden;0;komentar puas pak presiden;;;;;;;
Hidup lebih bermakna di M𝗮𝘯𝐝𝗮𝑙𝗶𝒌𝐚𝟟𝟳;1;hidup lebih makna mandalika77;;;;;;;
ASC punya nih 😊;0;asc punya nih blush;;;;;;;
ALL FOR ENJOYMENT AND PEACE OF MIND 🔥;0;all for enjoyment and peace of mind fire;;;;;;;
Dislike nya di hide😂;0;dislike nya hide joy;;;;;;;
9:46 finnaly dibahas wkwkkw;0;finnaly bahas wkwkkw;;;;;;;
Baru maen; lgsng makswin; GG banget;1;baru maen lgsng makswin gg banget;;;;;
! bang video ! ! 𝗪𝗘𝗧𝗢𝗡𝟴𝟴 terpercaya 5k 1jt;1;bang video weton88 percaya 5k 1jt;;;;;;;
Mantap ne ahok dan pandji menyatukan pemikiran ketawa bareng😂😅;0;mantap ne ahok pandji satu pikir ketawa bareng joy sweat smile;;;;;;;
​ @teamshare7558  Herannya banyak yg milih 🤯🤯🤯;0;teamshare7558 heran banyak yg milih exploding head exploding head exploding head;;;;;;;
bro tau ga alexis17 ; udah support bank e-wallet potongan;1;bro tau ga alexis17 udah support bank e wallet potong;;;;;;
Keren bangun mobil cuman 4 bulan 👍👍👍;0;keren bangun mobil cuman bulan thumbsup thumbsup thumbsup;;;;;;;
Langsung cekot sopi😂;0;langsung cekot sopi joy;;;;;;;
Gue juga spontan nyeletuk gituu coyyy;0;gue spontan nyeletuk gituu coyyy;;;;;;;
Tinggal metro & tempo yg msih bs diharapkan netralitasnya.;0;tinggal metro tempo yg msih bs harap netralitas;;;;;;;
bng coba game zeus x 1000  di 𝐒𝐆𝐈𝟖𝟖 gampang bet pecah;1;bng coba game zeus x sgi88 gampang bet pecah;;;;;;;
bro alexis17 ! ngadain giveaway nih ; hadiahnya gadget terbaru;1;bro alexis17 ngadain giveaway nih hadiah gadget baru;;;;;;
semoga rezeki berasal 𝘿𝐸𝘞a𝐃о𝙍a membawa manfaat !;1;moga rezeki asal dewadora bawa manfaat;;;;;;;
Sedih orang sepintar pak ahok gajadi pemimpin;0;sedih orang pintar pak ahok gajadi pimpin;;;;;;;
menyenangkan berkat𝐏 𝐋 𝐔 𝐓 𝐎 𝟖 𝟖 ! rezeki menghampiri !;1;senang berkatp luto88 rezeki hampir;;;;;;;
maaf gua udah percaya-gar uda hoki;1;maaf gua udah percaya gar uda hoki;;;;;;;
semangat bosqu ; terbaik 𝗪𝗘𝗧𝗢𝗡𝟴𝟴;1;semangat bosqu baik weton88;;;;;;
rezeki 𝑺𝑼𝑯𝑼𝟑𝟐𝟖 sungguh ; terima kasih tuhan !;1;rezeki suhu328 sungguh terima kasih tuhan;;;;;;
udah yapping nya?;0;udah yapping nya;;;;;;;
yakali gak coba main di PULAUWIN;1;yakali gak coba main pulauwin;;;;;;;
cair kakak mantap banget cuan 𝗦𝗚𝗜𝟴𝟴;1;cair kakak mantap banget cuan sgi88;;;;;;;
taunya db9 game nfs;0;tau db9 game nfs;;;;;;;
seru nich 𝐒𝐆𝐈𝟖𝟖 cair;1;seru nich sgi88 cair;;;;;;;
KIA; Korean International Automotive;0;kia korean international automotive;;;;;;
Jawab pertanyaan ini bagaimana bisa gibran menjadi wapres ?;0;jawab tanya bagaimana gibran jadi wapres;;;;;;;
modal 50k lgsng makswin ; gg parah;1;modal 5 k lgsng makswin gg parah;;;;;;
tpi jujur gua main alexis17 sih emg gg lgsg wede;1;tpi jujur gua main alexis17 sih emg gg lgsg wede;;;;;;;
Terima kasih video ini tanpa sensor;0;terima kasih video sensor;;;;;;;
orang mah gampang ; pratek langsung tau bedanta;1;orang mah gampang pratek langsung tau bedanta;;;;;;
keren banget bang ; salam jepe 𝐒𝐆𝐈𝟖𝟖;1;keren banget bang salam jepe sgi88;;;;;;
punya presiden gini amat 😂;0;punya presiden gin joy;;;;;;;
𝘿 𝐎 𝘙 𝐴 𝟳 𝟩 emang top notch ; highly recommended kalangan !;1;dora77 emang top notch highly recommended kalang;;;;;;
tampilan ? fitur lengkap ? 𝘼𝙇𝙀𝙓𝙄𝙎17;1;tampil fitur lengkap alexis17;;;;;;;
Bang zik bangun mio full rata kanan donk😆;0;bang zik bangun mio full rata kanan donk laughing;;;;;;;
Asli keren bgt ini mobil 🔥🔥🔥🔥🔥🔥;0;asli keren bgt mobil fire fire fire fire fire fire;;;;;;;
anj keren bet;0;anj keren bet;;;;;;;
bro alexis17 ! turnamen gede nih ; hadiahnya mobil sport;1;bro alexis17 turnamen gede nih hadiah mobil sport;;;;;;
Isi kosong; bikin bingung;0;isi kosong bikin bingung;;;;;;
eee...eee😂;0;eee eee joy;;;;;;;
 @AnggoroDps_9 bla bla bla kalau kosong mah memang kosong aja;0;anggorodps 9 bla bla bla kalau kosong mah memang kosong aja;;;;;;;
Gas mas kontenin x maxnya🔥🔥;0;gas mas kontenin x maxnya fire fire;;;;;;;
seru main 𝐷𝑂𝐑𝘼 7𝟩 -bareng teman-teman ; asyik !;1;seru main dora bareng teman teman asyik;;;;;;
Udah di bawa naugan HMC skrang to;0;udah bawa naugan hmc skrang to;;;;;;;
07:41 kok Mirip Marsha VOB ya. Apa emg dia? 😂;0;kok mirip marsha vob apa emg joy;;;;;;;
Ngga ada yg percaya gni;0;ngga yg percaya gni;;;;;;;
Mana konten gd hari ini;0;mana konten gd hari;;;;;;;
Kaki si ridwan knp tu;0;kaki si ridwan knp tu;;;;;;;
aja gw coba λ l e x i s 1 7 ; semalam ; lumayan dpt 2jt;1;aja gw coba llexis17 malam lumayan dpt 2jt;;;;;
Gass modif motor🔥🔥;0;gass modif motor fire fire;;;;;;;
Ada dari mitsubishi canter ev;0;mitsubishi canter ev;;;;;;;
ertepe-nya banget ; nggak nyesel maen;1;ertepe nya banget nyesel maen;;;;;;
maen siang-siang ; lgsng big win;1;maen siang siang lgsng big win;;;;;;
Bang s15 nya bang kontenin lgi;0;bang s15 nya bang kontenin lgi;;;;;;;
Pas rilis 3 detik sold out bang; semoga gua kebagian yg LS 😅;0;pas rilis detik sold out bang moga gua bagi yg ls sweat smile;;;;;;
Wartawannya hebat; kuat nahan supaya nggak ngantuk.;0;wartawannya hebat kuat nahan ngantuk;;;;;;
Xmax oming @welcomluster;0;xmax oming welcomluster;;;;;;;
aja surprise 𝘋о𝙍a𝟩𝟩 ; bikin penasaran !;1;aja surprise dora77 bikin penasaran;;;;;;
𝐒𝐆𝐈𝟖𝟖 uhuy !;1;sgi88 uhuy;;;;;;;
Pantesan mamarika ketar ketir sama brand satu ini😂;0;pantesan mamarika ketar tir sama brand satu joy;;;;;;;
gas mas modif motor; xmax new atau aerox turbo;0;gas mas modif motor xmax new aerox turbo;;;;;;
Gass.✦𝗠𝗮𝗻𝘂𝘁𝟴𝟴✦;1;gass manut88;;;;;;;
kesempatan gak dilewatkan ! main 𝐏 𝐋 𝐔 𝐓 𝐎 𝟖 𝟖;1;sempat gak lewat main pluto88;;;;;;;
Baca komen lebih seru yah😂;0;baca komen lebih seru yah joy;;;;;;;
Seru nich  𝐒𝐆𝐈𝟖𝟖 cair terus 😊;1;seru nich sgi88 cair terus blush;;;;;;;
MAKASIII BANYAKKKK;0;makasiii banyakkkk;;;;;;;
nungguin buzzer yg bisa lawan;0;nungguin buzzer yg lawan;;;;;;;
seminggu main alexis17 ; gue udah ganti laptop !;1;minggu main alexis17 gue udah ganti laptop;;;;;;
keenakan main pulau kapuk indah;1;enak main pulau kapuk indah;;;;;;;
emang gak obatnya sih keseruan main alexis17 .;1;emang gak obat sih seru main alexis17;;;;;;;
keren maksimal ! menang 𝐏 𝐋 𝐔 𝐓 𝐎 𝟖 𝟖 auto sultan dadakan;1;keren maksimal menang pluto88 auto sultan dada;;;;;;;
swert bonanja gacir ; mntp;1;swert bonanja gacir mntp;;;;;;
gue rela ninggalin platform fokus alexis17 .;1;gue rela ninggalin platform fokus alexis17;;;;;;;
mantap ! bermain 𝐒𝐆𝐈𝟖𝟖 ; rezeki mengalir deras !;1;mantap main sgi88 rezeki alir deras;;;;;;
terbaik kak ; salam weton88;1;baik kak salam weton88;;;;;;
​​ @faa3457-k9l  yg dibahas apa komentarnya apa. Kan KOCAK...;0;faa3457 k9l yg bahas apa komentar apa kan kocak;;;;;;;
Tanjung priok punya nih bosss 😎😎😎;0;tanjung priok punya nih bosss sunglasses sunglasses sunglasses;;;;;;;
kenblock “ almarhum “ 😅😅;0;kenblock almarhum sweat smile sweat smile;;;;;;;
Kuliner mikir makan aja gk usah politik;0;kuliner mikir makan aja gk usah politik;;;;;;;
jepe mulu ; nggak prnh zonk;1;jepe mulu prnh zonk;;;;;;
𝘼𝙇𝙀𝙓𝙄𝙎17 ngertiin kebutuhan gue . tenan .;1;alexis17 ngertiin butuh gue tenan;;;;;;;
seminggu main alexis17 ; gue udah ganti perabotan rumah !;1;minggu main alexis17 gue udah ganti perabot rumah;;;;;;
jepe kali maen ; puas banget;1;jepe kali maen puas banget;;;;;;
smooth banget;0;smooth banget;;;;;;;
Kesini ga nonton videonya;; cuma mau dislike ✌️;0;kesini ga nonton video cuma mau dislike v;;;;;
Hp ini yg di unboxing speet;0;hp yg unboxing speet;;;;;;;
KDM ahok 2029 bagi tugas gebrakan dalam Dan luar negeri;0;kdm ahok tugas gebrak luar negeri;;;;;;;
swert bonanja gacir ; modal jepek;1;swert bonanja gacir modal jepek;;;;;;
seminggu main alexis17 ; gue udah bayar biaya wisuda !;1;minggu main alexis17 gue udah bayar biaya wisuda;;;;;;
𝗪𝗘𝗧𝗢𝗡𝟴𝟴 bikin ketagihan !;1;weton88 bikin tagih;;;;;;;
ga ada 'daging'nya. normatif;0;ga daging nya normatif;;;;;;;
makswin ; mntp sih situsnya;1;makswin mntp sih situs;;;;;;
keuntungan bikin semangat main 𝐴𝐇𝙈𝐴𝐷𝐓𝑂𝐓о !;1;untung bikin semangat main ahmadtoto;;;;;;;
Cuma biar keliatan keren; kosong; video jiplak pula; tak malu kah?;0;cuma biar liat keren kosong video jiplak tak malu;;;;
ꗥ𝙈𝘼𝙉𝙐𝙏88ꗥrasakan sensasi jeepe bertubi tubi;1;hemanut88herasakan sensasi jeepe tubi tubi;;;;;;;
Rezeki datang begitu cepat; main di 𝘈𝘎𝑈𝙎𝘛𝙊𝐓O langsung gacir!;1;rezeki datang cepat main agustoto langsung gacir;;;;;;
sebulan main alexis17 ; gue udah beli furniture !;1;bulan main alexis17 gue udah beli furniture;;;;;;
rezeki weton88-bikin hariku bermakna ; terima kasih !;1;rezeki weton88 bikin hari makna terima kasih;;;;;;
Setia pakai Huawei P30 pro;0;setia pakai huawei p3 pro;;;;;;;
lo yg ga paham kali​ @narasikok ;0;lo yg ga paham kali narasikok;;;;;;;
gak nyangka iseng doang ; eh ketagihan ｐｕｌａｕｗｉｎ .;1;gak nyangka iseng doang eh tagih pulauwin;;;;;;
User ayla cuman bisa like aja..;0;user ayla cuman like aja;;;;;;;
11:35;★𝗠𝗮𝗻𝘂𝘁𝟴𝟴★11:43;★𝗠𝗮𝗻𝘂𝘁𝟴𝟴★;1;manut88 manut88;;;;;
Bang suara nya kecil;0;bang suara nya kecil;;;;;;;
Si paling petarung tangguh..cihh.;0;si paling tarung tangguh cihh;;;;;;;
Bang dipo knpa nomer 12 di atap nya?;0;bang dipo knpa nomer atap nya;;;;;;;
"Komen rage bait ""mana Crosstrek nya 😤😡""";0;komen rage bait mana crosstrek nya triumph rage;;;;;;;
Anies Ahok siap melawan gemoy 2029;0;anies ahok siap lawan gemoy;;;;;;;
nvm;you can skip it; the good part start here 19:40;0;nvm you can skip it the good part start here;;;;;
Ubur ubur ikan lele ngelantur pak lek 😅😅😅😅;0;ubur ubur ikan lele ngelantur pak lek sweat smile sweat smile sweat smile sweat smile;;;;;;;
alexis'17 cba maen ; jekpot gede;1;alexis cba maen jekpot gede;;;;;;
Wakilnya kemana ya?;0;wakil;;;;;;;
GW pernah sampe meledak nih dipulau jd 45jt 💫💫;1;gw pernah sampe ledak nih pulau jd 45jt dizzy dizzy;;;;;;;
𝘼𝙇𝙀𝙓𝙄𝙎17 emang ga duanya ; pelayanan super cepet ; wd lancar jaya;1;alexis17 emang ga dua layan super cepet wd lancar jaya;;;;;
Poin mana yg lw gasuka dr jawabannya coba? Sampein;0;poin mana yg lw gasuka dr jawab coba sampein;;;;;;;
auto jepey ! 𝗪𝗘𝗧𝗢𝗡𝟴𝟴;1;auto jepey weton88;;;;;;;
mayoritas masyarakat kecewa dengan kebijakan bapak terimakasih;0;mayoritas masyarakat kecewa bijak bapak terimakasih;;;;;;;
gacir banget di 𝘋𝐄𝘞𝐀𝐃O𝐑𝘈; langsung jepe;1;gacir banget dewadora langsung jepe;;;;;;
jepey gmpng banget 𝗦𝗚𝗜𝟴𝟴;1;jepey gmpng banget sgi88;;;;;;;
uda ngatain orang pake emot minta maaf lagi gada mental kah?;0;uda ngatain orang pake emot minta maaf gada mental;;;;;;;
Wede aman; nggak prnh ada masalah;1;wede aman prnh masalah;;;;;;
 @AnggoroDps_9  oon jangan dipelihara brooo😀😀;0;anggorodps 9 oon jangan pelihara brooo grinning grinning;;;;;;;
gass bangg next modifikasi motorr;0;gass bangg next modifikasi motorr;;;;;;;
Tapi kebobolan juga waktu di Pertamina.;0;bobol waktu pertamina;;;;;;;
Gampang patah kalo gak hati hati tipis bet liat aja deh 😅;0;gampang patah kalo gak hati hati tipis bet liat aja deh sweat smile;;;;;;;
Mata Najwa dengan tatapan curiga dan tidak bersahabat;0;mata najwa tatap curiga sahabat;;;;;;;
maen swert bonanja ; sketer terus-terusan;1;maen swert bonanja sketer terus terus;;;;;;
𝘈𝘎𝑈𝙎𝘛𝙊𝐓O gua gk pernah nemu tempat segacor ini sebelumnya;1;agustoto gua gk pernah nemu tempat segacor belum;;;;;;;
cakep kali 𝗦𝗚𝗜𝟴𝟴 ; bravo ..;1;cakep kali sgi88 bravo;;;;;;
 @siXtop-n1y wihh trs yg pantes yg mana bro jadi presiden ?;0;sixtop n1y wihh trs yg pantes yg mana bro jadi presiden;;;;;;;
sipaling mana2 cok alexis17 hduh;1;sipaling mana2 cok alexis17 hduh;;;;;;;
Semoga aja ga kaya u20 gagal ke piala Dunia;0;moga aja ga kaya u2 gagal piala dunia;;;;;;;
Update crosstrek;0;update crosstrek;;;;;;;
Si paling paham 😂​ @IsmailAdrian-f2e ;0;si paling paham joy ismailadrian f2e;;;;;;;
1% pas ditanya soal anaknya doang 🤣;0;pas tanya soal anak doang rofl;;;;;;;
seminggu join alexis17 ; gue udah beliin ortu smartphone !;1;minggu join alexis17 gue udah beliin ortu smartphone;;;;;;
Baru daftar; maen sebentar; lgsng jepe;1;baru daftar maen sebentar lgsng jepe;;;;;
rezeki nggak kemana ; makasih alexis17 !;1;rezeki makasih alexis17;;;;;;
Ngomong2 mirip mobil rally; bisa kali yah ikutan rally ni mobil.;0;ngomong2 mirip mobil rally kali yah ikut rally ni mobil;;;;;;
Kasih duit;0;kasih duit;;;;;;;
Keren banget modifikasi mobilnya;0;keren banget modifikasi mobil;;;;;;;
iseng depo 25k alexis17 ; dapet mantap ; rejeki nomplok !;1;iseng depo 25k alexis17 dapet mantap rejeki nomplok;;;;;
Modif Mio karbu aja bang 🔥;0;modif mio karbu aja bang fire;;;;;;;
 @Andi.Maulana  hahaha makasih; jadi notice;0;andi maulana hahaha makasih jadi notice;;;;;;
Mantap mas Vi tera Eri ❤❤❤❤;0;mantap mas vi tera eri heart heart heart heart;;;;;;;
tetangga gue kepo penghasilan alexis17 .;1;tetangga gue kepo hasil alexis17;;;;;;;
Loh kok bisa2nya kita ada di sini😂;0;loh kok bisa2nya sini joy;;;;;;;
Tawarin ke dewi masyitoh mas.....karena dia mau merintis parwis;0;tawarin dewi masyitoh mas mau rintis parwis;;;;;;;
terima kasi rezekinya 𝗪𝗘𝗧𝗢𝗡𝟴𝟴;1;terima kasi rezeki weton88;;;;;;;
gas lah pasang antilag mas ziko 😂;0;gas lah pasang antilag mas ziko joy;;;;;;;
beli main magic chess gogo;0;beli main magic chess gogo;;;;;;;
Pada ngeri;0;ngeri;;;;;;;
Sayang banget ini upload tapi udah crash😢;0;sayang banget upload udah crash cry;;;;;;;
tida terlihat sedikitpun cumi cumi bau asep;0;tida lihat sedikit cumi cumi bau asep;;;;;;;
Kenapa metro dan tempo ga diajak? 🫡;0;metro tempo ga ajak saluting face;;;;;;;
𝗣 𝗟 𝗨 𝗧 𝗢 𝟴 𝟴 bener-bener mesin uang pribadi . auto cuan;1;pluto88 bener bener mesin uang pribadi auto cuan;;;;;;;
iya lagi;practically emang seperti ini sieh;0;iya practically emang sieh;;;;;;
jakpot kali main 𝘋𝘖я𝘈𝟽𝟽 ; bikin semangat !;1;jakpot kali main doyaa77 bikin semangat;;;;;;
gue sih udah buktiin kehebatan alexis17 .;1;gue sih udah buktiin hebat alexis17;;;;;;;
renooooooooooooo;0;renooooooooooooo;;;;;;;
wd gampang banget ; nggak pake ribet;1;wd gampang banget pake ribet;;;;;;
gue rela gak jajan sebulan nabung alexis17 .;1;gue rela gak jajan bulan nabung alexis17;;;;;;;
gasss bikin konten motor biar jadi ngaberssssss;0;gasss bikin konten motor biar jadi ngaberssssss;;;;;;;
emng bener kemarin udah coba di probet hari ini mau gas lagi ahh 🚩𝗪𝗘𝗧𝗢𝗡𝟴𝟴🚩 kawan berbuah manis;1;emng bener kemarin udah coba probet hari mau gas ahh triangular flag on post weton88 triangular flag on post kawan buah manis;;;;;;;
Gue nemu obat tidur baru... mana debat intelektualnya ini....;0;gue nemu obat tidur baru mana debat intelektual;;;;;;;
Makasih bro.;0;makasih bro;;;;;;;
Pas ngedengerin; gue jg bergumam begitu; sumpah!;0;pas ngedengerin gue jg gumam sumpah;;;;;
Ahahahah jokes bapak” sekali om 🤣;0;ahahahah jokes bapak sekali om rofl;;;;;;;
kelihatan ngasbunnya;0;lihat ngasbunnya;;;;;;;
Ya intinya kalau ada spam judol langsung report aja.;0;inti kalau spam judol langsung report aja;;;;;;;
udah main 𝐊𝐨𝐢𝐒𝐋𝐎𝐓 ? sensasinya bikin penasaran !;1;udah main koislot sensasi bikin penasaran;;;;;;;
Tim yg kerja keras buat keluarga 😤;0;tim yg kerja keras buat keluarga triumph;;;;;;;
Tempo kok ngga diajak ya😢;0;tempo kok ngga ajak cry;;;;;;;
! bang video ! ! 𝗦𝗚𝗜𝟴𝟴 terpercaya 5k 1jt;1;bang video sgi88 percaya 5k 1jt;;;;;;;
Kalau ahok anis baru saya setuju😂;0;kalau ahok anis baru tuju joy;;;;;;;
Orang nomor 2 minta walikota Gibran rakabuming anak nya jokowi;0;orang nomor minta walikota gibran rakabuming anak nya jokowi;;;;;;;
Kasihan korbang traficking di kamboja.. kaya kagak mati iya;0;kasihan korbang traficking kamboja kaya kagak mati iya;;;;;;;
Langsung gas beli nasi;0;langsung gas beli nasi;;;;;;;
Rezeki dari 𝐴 𝐸 R О 𝟪 𝟴emang gak terduga! Terima kasih ya Tuhan!;1;rezeki aero8 8emang gak duga terima kasih tuhan;;;;;;;
betul yang dikatakan pak anis!;0;betul kata pak anis;;;;;;;
Menjawab ❌;;;;;;;;;
alexis17 ; tuh emang bener-bener beda ; sistemnya transparan;1;alexis17 tuh emang bener bener beda sistem transparan;;;;;
gak khawatir duit kalo udah gabung alexis17 .;1;gak khawatir duit kalo udah gabung alexis17;;;;;;;
gak mikir ; 𝘋𝐄𝘞𝐴𝐷𝐎𝑅𝘼 untung !;1;gak mikir dewadora untung;;;;;;
naikin gaji editorr;0;naikin gaji editorr;;;;;;;
mas kalo boleh tau harganya 1 unit itu berapa yaa?;0;mas kalo tau harga unit berapa yaa;;;;;;;
Siapa lah yg ngasih konsep podcast sambil main catur ini??;0;siapa lah yg ngasih konsep podcast main catur;;;;;;;
Gw paling demen gas di 🚩𝗪𝗘𝗧𝗢𝗡𝟴𝟴🚩 wkwkwkww seru. Harus sering2 sih ini mah;1;gw paling demen gas triangular flag on post weton88 triangular flag on post wkwkwkww seru sering2 sih mah;;;;;;;
 @ariefsesar14  dihina tidak tumbang; buruan turun bang🤣;0;ariefsesar14 hina tumbang buru turun bang rofl;;;;;;
 @karomatullaily6755  maklum;dia udah mentok;0;karomatullaily6755 maklum udah mentok;;;;;;
Gila yg komen hampir 99% kontra semua.;0;gila yg komen hampir kontra semua;;;;;;;
gue udah ga bayangin hidup alexis17 ; ; udah sumber nafkah utama;1;gue udah ga bayangin hidup alexis17 udah sumber nafkah utama;;;;;
gue udah nemu jalan ninja gue : alexis17;1;gue udah nemu jalan ninja gue alexis17;;;;;;;
alexis17 ; emang ga matinya ; rame promo;1;alexis17 emang ga mati rame promo;;;;;
ini sarkas apa serius 😂 ​ @biliksukma ;0;sarkas apa serius joy biliksukma;;;;;;;
auto jepey ! 𝗦𝗚𝗜𝟴𝟴;1;auto jepey sgi88;;;;;;;
kenal alexis17 ; hidup gue warna .;1;kenal alexis17 hidup gue warna;;;;;;
Tau conceptmotor; methodwhells dari sini 😅 top banget GD;0;tau conceptmotor methodwhells sini sweat smile top banget gd;;;;;;
Mobil terganteng di 2025 😍;0;mobil ganteng heart eyes;;;;;;;
𝐀 𝙀 Я 𝙊 𝟪 𝟾; cuan gmpng mulu;1;ae o8 cuan gmpng mulu;;;;;;
gak khawatir tua kalo udah gabung alexis17 .;1;gak khawatir tua kalo udah gabung alexis17;;;;;;;
bro alexis17 ! turnamen gede nih ; hadiahnya mobil sport;1;bro alexis17 turnamen gede nih hadiah mobil sport;;;;;;
​ @rizkyaja.3810 La prestasimu untuk negeri ini apa bro????;0;rizkyaja la prestasi negeri apa bro;;;;;;;
Iya bang coba proyek modif motor; pasti seru juga;0;iya bang coba proyek modif motor seru;;;;;;
​ @ruangkarsa lha harmony jg android...😂;0;ruangkarsa lha harmony jg android joy;;;;;;;
 @AnggoroDps_9  buzzer tau apa sih;0;anggorodps 9 buzzer tau apa sih;;;;;;;
6:04 tapi bapak sendiri merusak konstitusi demi ikut kompetisi;0;bapak sendiri rusak konstitusi ikut kompetisi;;;;;;;
limitless budget;0;limitless budget;;;;;;;
Kok denger pak presiden ngomong ngilu ya?;0;kok denger pak presiden ngomong ngilu;;;;;;;
congratulation bg Dipo kecee abiezz crostrek nya bg;0;congratulation bg dipo kecee abiezz crostrek nya bg;;;;;;;
50 jt mending beli motor boss😅;0;jt mending beli motor boss sweat smile;;;;;;;
Enakan dipo emang yang jelasin;0;enak dipo emang jelasin;;;;;;;
𝐒𝐆𝐈𝟖𝟖 is the best;1;sgi88 is the best;;;;;;;
maen lgsng jepe ; sketer;1;maen lgsng jepe sketer;;;;;;
sempet ga percaya ; eh bener gua maxwin diga ru da ho-ki;1;sempet ga percaya eh bener gua maxwin diga ru da ho ki;;;;;;
main situs segacor 𝐒𝐆𝐈𝟖𝟖 ; asli nagih sih;1;main situs segacor sgi88 asli nagih sih;;;;;;
parah ; 𝘼𝙇𝙀𝙓𝙄𝙎17 keren banget ! .;1;parah alexis17 keren banget;;;;;;
Hidup lebih seru di 1:08 M𝗮𝘯𝐝𝗮𝑙𝗶𝒌𝐚𝟟𝟳;1;hidup lebih seru mandalika77;;;;;;;
Mobil fitra eri ngga dicolek bro?;0;mobil fitra eri ngga colek bro;;;;;;;
Kesini gara² liat reels ig karena banyak yg dislike;0;kesini gara2 liat reels ig banyak yg dislike;;;;;;;
Saya suka suara mobil/motor yg berisik;0;suka suara mobil motor yg berisik;;;;;;;
review supra plisss;0;review supra plisss;;;;;;;
klo wapres. nanti jawabnya pake AI aja :);0;klo wapres jawab pake ai aja;;;;;;;
hidupku hanya begantung padamu✦𝗠𝗮𝗻𝘂𝘁𝟴𝟴✦ wede 10juta mendarat mulus;1;hidup begantung pada manut88 wede 1 juta darat mulus;;;;;;;
alexis belajar nggk web jelak;1;alexis ajar nggk web jelak;;;;;;;
●𝗠𝗮𝗻𝘂𝘁𝟴𝟴●memang ok sllu brbgi kbhgiaan n cintanya;1;manut88 memang sllu brbgi kbhgiaan n cinta;;;;;;;
Punya laki iris bela dan gus idham sama g om;0;punya laki iris bela gus idham sama g om;;;;;;;
s15 kmna bang?;0;s15 kmna bang;;;;;;;
bandar 𝗦𝗚𝗜𝟴𝟴 auto ; sultan gacur;1;bandar sgi88 auto sultan gacur;;;;;;
Haha kamera arah ke pandji pasti mati😂;0;haha kamera arah pandji mati joy;;;;;;;
hiburan bikin relax ; gue ｐｕｌａｕｗｉｎ .;1;hibur bikin relax gue pulauwin;;;;;;
Kan ada mayor teddy;0;kan mayor teddy;;;;;;;
orang bilang alexis17 tuh bener-bener asli .;1;orang bilang alexis17 tuh bener bener asli;;;;;;;
WOW Amazing; canggih proper banget bet ngedrift;0;wow amazing canggih proper banget bet ngedrift;;;;;;
pagi-pagi udah dapet notif wd alexis17 ; ; mood langsung minggu;1;pagi pagi udah dapet notif wd alexis17 mood langsung minggu;;;;;
Maaf bang gk suka ama model velg nya😢;0;maaf bang gk suka ama model velg nya cry;;;;;;;
Generasi rusak..;0;generasi rusak;;;;;;;
0:02 keren 𝐒𝐆𝐈𝟖𝟖 terbaik menang mudah;1;keren sgi88 baik menang mudah;;;;;;;
alexis17 emang berbeda;1;alexis17 emang beda;;;;;;;
Penerapan Test Karakteristik Kepribadian CPNS;0;terap test karakteristik pribadi cpns;;;;;;;
mantap ; ; gokil sih 𝘼𝙇𝙀𝙓𝙄𝙎17 !;1;mantap gokil sih alexis17;;;;;
Bolehh tuhh modif motor;0;bolehh tuhh modif motor;;;;;;;
Kemampuan dalam menjadi presiden menjadi pertanyaan;0;mampu jadi presiden jadi tanya;;;;;;;
Tiap maen di sini pasti gacor abis;1;tiap maen sini gacor abis;;;;;;;
emang gak se-menguntungkan alexis17 deh .;1;emang gak se untung alexis17 deh;;;;;;;
Keberuntungan besar bikin aku makin cinta sama 𝘼𝙃𝑀А𝘿𝘛𝙊𝐓О; hasilnya luar biasa!;1;untung besar bikin aku makin cinta sama ahmadtoto hasil luar biasa;;;;;;
gw kita cuma gw sering jp di mandalika77 ternyata sekebon ni manusia;1;gw cuma gw sering jp mandalika77 nyata kebon ni manusia;;;;;;;
server luar negri ini ga bisa di tandingin sama server lokal;Gak usah banyak mikir guys; langsung coba aja main slot di 𝓜𝓐𝓝𝓓𝓐𝓛𝓘𝓚𝓐77 jangan kaget kalau perkaliannya turun terus cari aja linknya di google 𝓜𝓐𝓝𝓓𝓐𝓛𝓘𝓚𝓐77;1;server luar negri ga tandingin sama server lokal gak usah banyak mikir guys langsung coba aja main slot mandalika77 jangan kaget kalau kali turun terus cari aja linknya google mandalika77;;;;;
Wede brusan lancar; mntp banget sih;1;wede brusan lancar mntp banget sih;;;;;;
Berikan kami info ordal agar bisa berkarir di pemerintahan;0;ikan info ordal berkarir perintah;;;;;;;
bang sattt lah-Ga ru da-Ho ki Gacoor bgt jadi candu gua😤;1;bang sattt lah ga ru da ho ki gacoor bgt jadi candu gua triumph;;;;;;;
Giliran mobil farel yang di modif;0;gilir mobil farel modif;;;;;;;
Faktanya aku emang gak sengaja ketiduran pas nonton ini;0;fakta aku emang gak sengaja tidur pas nonton;;;;;;;
 @johanmaulana5558  maka.a sekolah yg benar bg salam akal sehat;0;johanmaulana5558 a sekolah yg benar bg salam akal sehat;;;;;;;
✦𝗠𝗮𝗻𝘂𝘁𝟴𝟴✦salam jempol kejepit;1;manut88 salam jempol jepit;;;;;;;
Omon omon doank ni gak ada loker apa?;0;omon omon doank ni gak loker apa;;;;;;;
Baru sebulan main ALEXIS⭐17⭐; hidup gue berubah total!;1;baru bulan main alexis star star hidup gue ubah total;;;;;;
gue udah ga bayangin hidup a.l.e.x.i.s.1.7 ; udah sumber nafkah utama;1;gue udah ga bayangin hidup a l e x i s udah sumber nafkah utama;;;;;;
 @asepudin7156  jangan terlalu jujur bro🤭;0;asepudin7156 jangan terlalu jujur bro face with hand over mouth;;;;;;;
gak nyesel bgt bonus nyaga ruda hoki;1;gak nyesel bgt bonus nyaga ruda hoki;;;;;;;
emang presiden lu ga kompeten aja;0;emang presiden lu ga kompeten aja;;;;;;;
masa murid GM irene sukandar kaya gini bang :);0;masa murid gm irene sukandar kaya gin bang;;;;;;;
Main di D𝑂𝑅𝐴𝟩𝟽 auto happy; rezeki emang sudah diatur!;1;main dora77 auto happy rezeki emang atur;;;;;;
speedrun-nya gila ! alexis17 nggak percaya secepat .;1;speedrun nya gila alexis17 percaya cepat;;;;;;;
Gileee beda dari yang lain suv pake drift;0;gileee beda suv pake drift;;;;;;;
Ngvlog aja dia pake hp 😂;0;ngvlog aja pake hp joy;;;;;;;
nya ragu coba main ; nya coba coba modal receh tau nya kasi wd;1;nya ragu coba main nya coba coba modal receh tau nya kasi wd;;;;;;
mending poco x3;0;mending poco x3;;;;;;;
13:54 Ada kucing😂;0;kucing joy;;;;;;;
iseng-iseng main a l e x i s 1 7 ; hobi ; cuan !;1;iseng iseng main alexis17 hobi cuan;;;;;
​ @anakenosiss  jangan lupakan dancing😅;0;anakenosiss jangan lupa dancing sweat smile;;;;;;;
BCT Fufu FAfa;0;bct fufu fafa;;;;;;;
ok min ; weton88;1;min weton88;;;;;;
𝐀G𝘜𝘚TO𝘛𝘖 jackpot terus; gk paham lagi sehokinya;1;agustoto jackpot terus gk paham hoki;;;;;;
wd lancar banget ; nggak pake ribet;1;wd lancar banget pake ribet;;;;;;
Gacur banget; wede tiap hari auto seneng;1;gacur banget wede tiap hari auto neng;;;;;;
udah ga ada harapan lagi sama si wowo dan fufufafa;0;udah ga harap sama si wowo fufufafa;;;;;;;
gak pusing mikirin tagihan kalo udah join alexis17 .;1;gak pusing mikirin tagih kalo udah join alexis17;;;;;;;
gue udah ga bayangin hidup alexis17 ; ; udah sumber penghasilan;1;gue udah ga bayangin hidup alexis17 udah sumber hasil;;;;;
Episode paling keren; lucu dan menghibur;0;episode paling keren lucu hibur;;;;;;
pawpaw4d bener-bener main ; beruntung !;1;pawpaw4d bener bener main untung;;;;;;
mandalika77 Yg bnr gacirr;1;mandalika77 yg bnr gacirr;;;;;;;
Why am I laughing? It’s not even supposed to be funny.;0;why am i laughing it s not even supposed to be funny;;;;;;;
Maklum sudah pikun. 😂😂;0;maklum pikun joy joy;;;;;;;
kamar cocok banget sih;0;kamar cocok banget sih;;;;;;;
; gokil sih 𝘼𝙇𝙀𝙓𝙄𝙎17 !;1;gokil sih alexis17;;;;;;
emang gak se-worth it alexis17 sih .;1;emang gak se worth it alexis17 sih;;;;;;;
sebulan main alexis17 ; hidup gue berubah total !;1;bulan main alexis17 hidup gue ubah total;;;;;;
Butuh pemimpin ug kinerjanya ga jompo please lah😢;0;butuh pimpin ug kerja ga jompo please lah cry;;;;;;;
Yg ditanya apa yg di jwb apa😢;0;yg tanya apa yg jwb apa cry;;;;;;;
@ nahan berak;0;nahan berak;;;;;;;
"Bangun motor bang kali""😂";0;bangun motor bang kali joy;;;;;;;
kespill sendiri;0;kespill sendiri;;;;;;;
Kembaran BRZIKO?;0;kembar brziko;;;;;;;
Gak sabar liat mobil anak om fitra 😂;0;gak sabar liat mobil anak om fitra joy;;;;;;;
Ya Gmc ya Gmc bàng;0;gmc gmc bang;;;;;;;
orang bilang alexis17 tuh bener-bener ngebantu ekonomi .;1;orang bilang alexis17 tuh bener bener ngebantu ekonomi;;;;;;;
Lepas ban 💀;0;lepas ban skull;;;;;;;
Kapan vw id buzz nya datang om;0;kapan vw id buzz nya datang om;;;;;;;
░𝑴 𝑨 𝑵 𝑼 𝑻88..emang terkenal gak pernah nanggung kalau turunin petiirr;1;m t88 emang kenal gak pernah nanggung kalau turunin petiirr;;;;;;;
Berkah rezeki hari ini berkat 𝗪𝗘𝗧𝗢𝗡𝟴𝟴;puji syukur!;1;berkah rezeki hari berkat weton88 puji syukur;;;;;;
Ahok - KDM 2029 kayanya cocok 🔥;0;ahok kdm kaya cocok fire;;;;;;;
Menyala 🔥🔥🔥;0;nyala fire fire fire;;;;;;;
Tim yang nonton doang tapi ga punya mobil;0;tim nonton doang ga punya mobil;;;;;;;
Tu penyiar TVRI kok takut x mbak Nana Nayak????????;0;tu siar tvri kok takut x mbak nana nayak;;;;;;;
Lagi macet di jalan jadi putar balik 😢;0;macet jalan jadi putar balik cry;;;;;;;
 @aemerth  emang nya di tanya apa dan jawab nya apa ?;;;;;;;;;
Lo ngeliat efek PULAUWIN ini gak sih? Kayak lagi tren TikTok.;0;lo ngeliat efek pulauwin gak sih kayak tren tiktok;;;;;;;
D𝑂𝑅𝐴𝟩𝟽 aku cba; jepe gede lngsg;1;dora77 aku cba jepe gede lngsg;;;;;;
episode yang menyenangkan;0;episode senang;;;;;;;
gue sih ga nyesel gabung alexis17 ; ; nyesel tau;1;gue sih ga nyesel gabung alexis17 nyesel tau;;;;;
mantap mandalika77;1;mantap mandalika77;;;;;;;
Betul sekali; gak ada usaha; di tolong bpk dan paman;0;betul sekali gak usaha bpk paman;;;;;
Yang beli biasanya para artis dan pejabat;0;beli biasa artis jabat;;;;;;;
Huawei luar biasa;0;huawei luar biasa;;;;;;;
Jangan semangat tetap menyerah mas wapres;0;jangan semangat tetap serah mas wapres;;;;;;;
Bang spil Redmi note 14 pro+ 5G;0;bang spil redmi note pro 5g;;;;;;;
SKAK MAT; beneran 🎉;0;skak mat beneran tada;;;;;;
a x 𝐋 𝟩 𝟽 7menyediakan pengalaman daring mudah repot .;1;axl77 7menyediakan alam daring mudah repot;;;;;;;
Keren 🇮🇩👍🏼. gas di mari kak 𝐒𝐆𝐈𝟖𝟖;1;keren id thumbsup gas kak sgi88;;;;;;;
19 jt mana ??;0;jt mana;;;;;;;
Bilal astaga bilal. Makin gede aja 😂;0;bilal astaga bilal makin gede aja joy;;;;;;;
Saya depo barusan 3x dan wdnya sudah 7 kali di mandalika77;1;depo barusan 3x wdnya kali mandalika77;;;;;;;
keberuntungan bener-bener gacir 𝘋о𝙍a𝟩𝟩 ; nggak nyangka !;1;untung bener bener gacir dora77 nyangka;;;;;;
semangat bang konten nya salam 𝐒𝐆𝐈𝟖𝟖 ! gampang jepe;1;semangat bang konten nya salam sgi88 gampang jepe;;;;;;;
tes parkir bang;;;;;;;;;
Bagus beli mobil;0;bagus beli mobil;;;;;;;
1:24:29 ekonomi menengah gimana pa.;0;ekonomi tengah gimana pa;;;;;;;
wede 50jt cepet banget prosesnya ; 𝘼𝙇𝙀𝙓𝙄𝙎17;1;wede 5 jt cepet banget proses alexis17;;;;;;
3:13:46 pak jokowi sudah mulai bekerja🤨;0;pak jokowi mulai kerja face with raised eyebrow;;;;;;;
😂hp yg di beli ishowspeed kmren ;hp lipat canggih china;0;joy hp yg beli ishowspeed kmren hp lipat canggih china;;;;;;
Saatnya bersinar bersama M𝗮𝘯𝐝𝗮𝑙𝗶𝒌𝐚𝟟𝟳 1:16;1;saat sinar sama mandalika77;;;;;;;
Ini yg komen banyak buzzer gk ya?;0;yg komen banyak buzzer gk;;;;;;;
gak pusing mikirin biaya nikah kalo udah join alexis17 .;1;gak pusing mikirin biaya nikah kalo udah join alexis17;;;;;;;
heran komenan alexis17 dah;1;heran komenan alexis17 dah;;;;;;;
emg nol kapasitas nya bang;0;emg nol kapasitas nya bang;;;;;;;
alexis17 emang top ; gak ngecewain .;1;alexis17 emang top gak ngecewain;;;;;;
salam 𝗪𝗘𝗧𝗢𝗡𝟴𝟴 ! gampang jepe ; sehat;1;salam weton88 gampang jepe sehat;;;;;;
Wapres taek;0;wapres taek;;;;;;;
Mantap Gasss 😂;0;mantap gasss joy;;;;;;;
a l e x i s 1 7 bikin ketagihan ; pengen main pastinya menang !;1;alexis17 bikin tagih ken main pasti menang;;;;;;
0:02 keren weton88 terbaik menang mudah;1;keren weton88 baik menang mudah;;;;;;;
Road noise mengganggu di Video;0;road noise ganggu video;;;;;;;
hasil positif 𝐷𝐎яa𝟳𝟽 membantu menyelesaikan kewajiban finansial .;1;hasil positif doyaa77 bantu selesai wajib finansial;;;;;;;
Mending samsung young atau gk Samsung champ;0;mending samsung young gk samsung champ;;;;;;;
Dipo Gymkhana MODE 🔥;0;dipo gymkhana mode fire;;;;;;;
modal tambahan 𝐷оrа𝟩𝟳 membantu usaha .;1;modal tambah dora77 bantu usaha;;;;;;;
alexis'17 maen hoki;1;alexis maen hoki;;;;;;;
Saya salut juga sama anda yg paling mengerti dgn persoalan bangsa;0;salut sama yg paling erti dgn soal bangsa;;;;;;;
10:12 masa pada ngga tau ─═𝗕𝗘𝗥𝗞𝗔𝗛𝟵𝟵 ═─ ?? gas ngga sih;1;masa ngga tau berkah99 gas ngga sih;;;;;;;
happy banget main d𝙊яa 𝟩𝟽 ; menangnya !;1;happy banget main doyaa menang;;;;;;
Langsung ke 𝙿 𝚄 𝙻 𝙰 𝚄 𝚆 𝙸 𝙽 🎮;1;langsung pulauwin video game;;;;;;;
Baru sebulan main ALEXIS⭐17⭐; gue udah bisa DP apartemen!;1;baru bulan main alexis star star gue udah dp apartemen;;;;;;
Login dislek keluar😂;0;login dislek keluar joy;;;;;;;
Dukungan pelanggan di ᴘᴜʟᴀᴜ𝟽𝟽𝟽 sangat membantu.;1;dukung langgan pulau777 sangat bantu;;;;;;;
Ngebayangin punya aja belum😂 apalagi punya real ny😂;0;ngebayangin punya aja joy punya real ny joy;;;;;;;
alexis'17 wedey gede ; cma maen bentar;1;alexis wedey gede cma maen bentar;;;;;;
alexis17 ; emang ga duanya ; pelayanan vip member;1;alexis17 emang ga dua layan vip member;;;;;
bro ALEXIS-17☯ lagi ada event gede nih; buruan gabung sebelum keabisan slot;1;bro alexis yin event gede nih buru gabung abis slot;;;;;;
"Hitung berapa banyak Pororo ngomong ""Antek Asing""?";0;hitung berapa banyak pororo ngomong antek asing;;;;;;;
akhirnyaa salam 𝗪𝗘𝗧𝗢𝗡𝟴𝟴 ! gampang jepe;1;akhirnyaa salam weton88 gampang jepe;;;;;;;
Keren banget coyyyy;0;keren banget coyyyy;;;;;;;
Tiap malam gue selalu nungguin update dari ALEXIS⭐17⭐.;1;tiap malam gue selalu nungguin update alexis star star;;;;;;;
ya kok gk ke adiputro 😀;0;kok gk adiputro grinning;;;;;;;
Nungguin banget mas wapres mau datang ke acara SKAKMAT ini.;0;nungguin banget mas wapres mau datang acara skakmat;;;;;;;
Najjisss; jadi wapres jalur nabrak konstitusi;0;najjisss jadi wapres jalur nabrak konstitusi;;;;;;
Jangan lupakan celetukan uni lubis 'supersemar' di 1:48:02 wokwokwok;0;jangan lupa celetuk uni lubis supersemar wokwokwok;;;;;;;
Engsel ny seketen ituu;0;engsel ny keten ituu;;;;;;;
Karena kalo ada salah salah ngomong bisa dicut;0;kalo salah salah ngomong cut;;;;;;;
Maaf terlambat bang semangat ya Salam 𝐒𝐆𝐈𝟖𝟖! gampang Jepe;1;maaf lambat bang semangat salam sgi88 gampang jepe;;;;;;;
sudah biasa di abusive mungkin; jadi maklum nyahahaha;0;biasa abusive mungkin jadi maklum nyahahaha;;;;;;
Kok cuma 1 jam anying;0;kok cuma jam anying;;;;;;;
sudah naik haji ken block...;0;naik haji ken block;;;;;;;
6:27 bang jam segitu menang w alexis17;1;bang jam segitu menang w alexis17;;;;;;;
nyari2 uang rokok malah dikasih uang jajan seminggu hahaha emng terbaik nih 🅼🅰🅽🅳🅰🅻🅸🅺🅰77;1;nyari2 uang rokok malah kasih uang jajan minggu hahaha emng baik nih mandalika77;;;;;;;
Semangat mas dipo; rebuild lagi. Kemaren crash di test;0;semangat mas dipo rebuild kemaren crash test;;;;;;
Bang review hq Nubia neo 3 5g  plsssssssssssssssss;0;bang review hq nubia neo 5g plsssssssssssssssss;;;;;;;
Asli keren enak buat di jengat jengatin..;0;asli keren enak buat jengat jengatin;;;;;;;
cintai lah produk2 indonesia 😂;0;cinta lah produk2 indonesia joy;;;;;;;
modal bansos & hidup mulyono;0;modal bansos hidup mulyono;;;;;;;
pulauwin kaleng-kaleng sih ; beneran meledak .;1;pulauwin kaleng kaleng sih beneran ledak;;;;;;
​ @asyariiiii masuk ini;0;asyariiiii masuk;;;;;;;
Ini yg di tunggu tunggu;0;yg tunggu tunggu;;;;;;;
w*wo macan sirkus :face-orange-raised-eyebrow:;0;w wo macan sirkus face orange raised eyebrow;;;;;;;
​ @bgking7995  lah editan lu percaya 😂;0;bgking7995 lah edit lu percaya joy;;;;;;;
; setia banget alexis17;1;setia banget alexis17;;;;;;
Jangan lupa sedekah nya.. biar tambah gacor kak;0;jangan lupa sedekah nya biar tambah gacor kak;;;;;;;
Sehat selalu abangkuhhhh💕👏🏻😎🤗❤;0;sehat selalu abangkuhhhh two hearts clap sunglasses hugging heart;;;;;;;
alexis'17 main dikit ; saldo langsung byk;1;alexis main dikit saldo langsung byk;;;;;;
alexis'17 gua maen bentar aja ; lngsg wedey gede;1;alexis gua maen bentar aja lngsg wedey gede;;;;;;
uda jadi orang ga ngerti situasi? wibu.;0;uda jadi orang ga ngerti situasi wibu;;;;;;;
Senang sekali melihat pak prabowo begini❤ the best presiden RI;0;senang sekali lihat pak prabowo begini heart the best presiden ri;;;;;;;
Semoga rezeki yang berasal dari 𝘈𝑋𝘓𝟽𝟩𝟳membawa manfaat bagi sesama!;1;moga rezeki asal axl777membawa manfaat sama;;;;;;;
Respect pak ahok❤;0;respect pak ahok heart;;;;;;;
𝘈𝘎𝑈𝙎𝘛𝙊𝐓O modal tipis doang; gua lngsg WEDEY gede;1;agustoto modal tipis doang gua lngsg wedey gede;;;;;;
gue rela begadang sampe pagi alexis17 .;1;gue rela begadang sampe pagi alexis17;;;;;;;
Setiap kali aku menang besar di mandalika77;1;kali aku menang besar mandalika77;;;;;;;
𝘋 𝙊 r 𝘈 𝟳 𝟩 bikin hoki ga lawan;1;dora77 bikin hoki ga lawan;;;;;;;
US kalah tekhnologi nya nnti 😅;0;us kalah tekhnologi nya nnti sweat smile;;;;;;;
Lagi otw ngayal;0;otw ngayal;;;;;;;
mayan kecil kecil tapi terus terusan di mandalika77;1;mayan kecil kecil terus terus mandalika77;;;;;;;
sungguh pengalaman menyenangkan ; hasil d𝘌𝙒a𝐷𝘖𝑅𝐀-nggak lawan !;1;sungguh alam senang hasil dewadora lawan;;;;;;
Solo hadir;0;solo hadir;;;;;;;
geloo 𝐒𝐆𝐈𝟖𝟖 cair x100;1;geloo sgi88 cair x1;;;;;;;
ASC.. achmad shahroni club 😅;0;asc achmad shahroni club sweat smile;;;;;;;
Taikk ayam;0;taikk ayam;;;;;;;
wede ; gacir banget sih;1;wede gacir banget sih;;;;;;
Tidak ada yang mengecewakan dari p͟͟u͟͟l͟͟a͟͟u͟͟777; semuanya sesuai harapan.;1;kecewa pulau777 semua sesuai harap;;;;;;
The best Skat mat deh ini.. menemani pagi hari yg produktif;0;the best skat mat deh tani pagi hari yg produktif;;;;;;;
28:10 lancer wagon wakk;basic mobil apa tuh yg di swap?;0;lancer wagon wakk basic mobil apa tuh yg swap;;;;;;
Setuju.... Aceh bertiga;0;tuju aceh tiga;;;;;;;
Diliriklah; secara anak Presiden 😊;0;lirik anak presiden blush;;;;;;
gue sih udah ga move on 𝘼𝙇𝙀𝙓𝙄𝙎17 ; gacor ; bikin nagih;1;gue sih udah ga move on alexis17 gacor bikin nagih;;;;;
Wihhhh🎉🎉🎉🎉🎉;0;wihhhh tada tada tada tada tada;;;;;;;
emang gak se-profitable alexis17 deh .;1;emang gak se profitable alexis17 deh;;;;;;;
Ini jersey di tahun mendatang pasti bnyak di buru kolektor;0;jersey tahun datang bnyak buru kolektor;;;;;;;
Si pandji nahan ketawa terus anjir 😂;0;si pandji nahan ketawa terus anjir joy;;;;;;;
udah pada tau ᗩᗷGᗯIᑎ belum lu orang?;1;udah tau bokuggooiti lu orang;;;;;;;
keberuntungan bikin semangat main alexis17;1;untung bikin semangat main alexis17;;;;;;;
Laa aku iyoo;0;laa aku iyoo;;;;;;;
Presiden prabowo ngelantur !!!;0;presiden prabowo ngelantur;;;;;;;
terima kasi rezekinya 𝗦𝗚𝗜𝟴𝟴;1;terima kasi rezeki sgi88;;;;;;;
Buzzer nongol 😂 ​ @mascar007 ;0;buzzer nongol joy mascar 7;;;;;;;
oke gas oke gas;0;oke gas oke gas;;;;;;;
Swert Bonanja gacir hari ini; mntp;1;swert bonanja gacir hari mntp;;;;;;
Bang gua ikut WAR PI sampe detik ini pesanan gua belum dikirim😢;0;bang gua ikut war pi sampe detik pesan gua kirim cry;;;;;;;
p͎u͎l͎a͎u͎w͎i͎n͎ tuh kayak udah lifestyle ya ?;1;pulauwin tuh kayak udah lifestyle;;;;;;;
enaknya ini kalau abang nrima web gacir  mandalika77  itu bermukim nunggu jam melambung nya aja ngab;1;enak kalau abang nrima web gacir mandalika77 mukim nunggu jam lambung nya aja ngab;;;;;;;
2 jz suara kurang gahar si;0;jz suara kurang gahar si;;;;;;;
orang bilang alexis17 tuh bener-bener ngebantu finansial .;1;orang bilang alexis17 tuh bener bener ngebantu finansial;;;;;;;
seminggu main alexis17 ; gue udah bayar cicilan rumah !;1;minggu main alexis17 gue udah bayar cicil rumah;;;;;;
orang bilang alexis17 tuh bener-bener bikin nagih .;1;orang bilang alexis17 tuh bener bener bikin nagih;;;;;;;
TOBAT WOYYYY;0;tobat woyyyy;;;;;;;
MAKE AHOK GREAT AGAIN  :trophy-yellow-smiling::trophy-yellow-smiling::trophy-yellow-smiling::trophy-yellow-smiling::trophy-yellow-smiling:;0;make ahok great again trophy yellow smiling trophy yellow smiling trophy yellow smiling trophy yellow smiling trophy yellow smiling;;;;;;;
Hp apa lg inii?😂😂😂;;;;;;;;;
Maklumin ges; memang  segitu kapasitas beliau.;0;maklumin ges memang segitu kapasitas beliau;;;;;;
𝘼𝙇𝙀𝙓𝙄𝙎17 dapet motor say .;1;alexis17 dapet motor say;;;;;;;
bete rumah ? langsung gas alexis17 aja deh .;1;bete rumah langsung gas alexis17 aja deh;;;;;;;
WHAHAHAHHA.... AKHIRNYA.............. MONTHLY BOS.....;0;whahahahha akhir monthly bos;;;;;;;
emang gak se-reliable alexis17 .;1;emang gak se reliable alexis17;;;;;;;
jepe mulu ; nggak prnh zonk;1;jepe mulu prnh zonk;;;;;;
Otw pildun nihhh❤❤;0;otw pildun nihhh heart heart;;;;;;;
Garing euy...;0;garing euy;;;;;;;
29:07 Gokil Banget Cinematik Nya 💥🔥💯🌟✨🎉🎉🎉;0;gokil banget cinematik nya boom fire star2 sparkles tada tada tada;;;;;;;
kalo λ l e x i s 1 7 ; yg kasih duit;1;kalo llexis17 yg kasih duit;;;;;;
hal-hal menarik 𝐷оrа𝟩𝟳 ; bikin penasaran terjaga !;1;tarik dora77 bikin penasaran jaga;;;;;;
sehat kang semngat ngonten dilancarkan urusannya salam 𝗪𝗘𝗧𝗢𝗡𝟴𝟴;1;sehat kang semngat ngonten lancar urus salam weton88;;;;;;;
sketer muncul terus; auto jepek;1;sketer muncul terus auto jepek;;;;;;
alhamdulillah ; rezeki lancar jaya berkat а𝘎𝙐𝙎𝐓ot𝑂 !;1;alhamdulillah rezeki lancar jaya berkat agustoto;;;;;;
48:13 buyar;0;buyar;;;;;;;
Sama Done.dislike;0;sama done dislike;;;;;;;
bermain 𝐃e𝐖аdоя𝘼 otomatis bahagia ; rezeki jalannya !;1;main dewadoyaa otomatis bahagia rezeki jalan;;;;;;
Best episode !! 😂;0;best episode joy;;;;;;;
3 bang ; salam jepe weton88;1;bang salam jepe weton88;;;;;;
Sya nyesal nyoblos orang ini;0;sya nyesal nyoblos orang;;;;;;;
Beli yg ngga KW dimana;?;;;;;;;;
Emang gak ada yang se-asik ALEXIS⭐17⭐ sih.;1;emang gak se asik alexis star star sih;;;;;;;
tengkiu bosku sudah kasi teman2 setongkrongan traktiran makan minum enak; semoga makin jaya mandalika77;1;tengkiu bos kasi teman2 tongkrong traktir makan minum enak moga makin jaya mandalika77;;;;;;
Gw tuh 😂 beli casingnya doang;0;gw tuh joy beli casingnya doang;;;;;;;
Menit 29:06 gak template capcut kan mas?;0;menit gak template capcut kan mas;;;;;;;
president of yapping;0;president of yapping;;;;;;;
Anies Ahok the next presiden and wakil presiden🎉;0;anies ahok the next presiden and wakil presiden tada;;;;;;;
sibuk kerja ; sibuk cuan pu lau tujuh tujuh tujuh .;1;sibuk kerja sibuk cuan pu lau tujuh tujuh tujuh;;;;;;
Bang review realme GT 7 pro; bagus apa tidak buat jangka panjang bang 😅🙏🙏;0;bang review realme gt pro bagus apa buat jangka panjang bang sweat smile pray pray;;;;;;
Ngerii bgt handlingnya 34:02;0;ngeri bgt handlingnya;;;;;;;
gw barusan maen garudahoki reaal cuy jepiii;1;gw barusan maen garudahoki reaal cuy jepiii;;;;;;;
Lebih bagus komentar netizen dari pada omongan bapak satu ini;0;lebih bagus komentar netizen omong bapak satu;;;;;;;
pengen hidup makmur ? alexis17 jawabannya !;1;ken hidup makmur alexis17 jawab;;;;;;;
Mana tempo? 😢;;;;;;;;;
Bngst keren parah cuk🔥🔥🔥;0;bngst keren parah cuk fire fire fire;;;;;;;
it's alright; atleast you're conscious now kak;0;it s alright atleast you re conscious now kak;;;;;;
Duhhh gue duit nya cukup buat beli iphone 16 pro wkwkwk;0;duhhh gue duit nya cukup buat beli iphone pro wkwkwk;;;;;;;
abis baca review 𝐒𝐆𝐈𝟖𝟖 .;1;abis baca review sgi88;;;;;;;
9:11  bang tadi jam segitu menang besar w di 🚩𝗪𝗘𝗧𝗢𝗡𝟴𝟴🚩;1;bang tadi jam segitu menang besar w triangular flag on post weton88 triangular flag on post;;;;;;;
Ibarat kata pepatah gak kenal maka gak sayang jadi silahkan coba sendiri bro main di  mandalika77 ;kalau sudah rasakan main di  mandalika77  bagaimana rasanya MAXWIN bro;1;ibarat kata pepatah gak kenal gak sayang jadi silah coba sendiri bro main mandalika77 kalau rasa main mandalika77 bagaimana rasa maxwin bro;;;;;;
berkah99 emang juara ; rezeki gak abisnya !;1;berkah99 emang juara rezeki gak abis;;;;;;
keberuntungan bikin cinta 𝘿𝑂𝐑𝘼 𝟩𝟽 ; thank you !;1;untung bikin cinta dora thank you;;;;;;
𝘼𝙇𝙀𝙓𝙄𝙎17 sih ? heboh banget ? pokoknya ?;1;alexis17 sih heboh banget pokok;;;;;;;
ngomongin 𝘼𝙇𝙀𝙓𝙄𝙎17 ; ikutan kepo .;1;ngomongin alexis17 ikut kepo;;;;;;
apanya yg stabil??? kemaren saya ke pasar harga daging naikkkk;0;apa yg stabil kemaren pasar harga daging naikkkk;;;;;;;
berasa didongengin ya wkwk;0;asa didongengin wkwk;;;;;;;
56:54 omong kosong ah 😂;0;omong kosong ah joy;;;;;;;
gaspol ; cuan melimpah 𝑲𝑰𝑵𝑮𝟑𝟐𝟖 !;1;gaspol cuan limpah king328;;;;;;
gue udah ga bayangin hidup alexis17 ! ; udah mata pencaharian;1;gue udah ga bayangin hidup alexis17 udah mata cahari;;;;;;
Ngisin ngisini wae koe  Doel😂;0;ngisin ngisini wae koe doel joy;;;;;;;
gak pusing mikirin kalo udah join alexis17 .;1;gak pusing mikirin kalo udah join alexis17;;;;;;;
Anti Kaum mendang mending 😂;0;anti kaum dang mending joy;;;;;;;
Semoga sukses selalu tim GD👍;0;moga sukses selalu tim gd thumbsup;;;;;;;
Dia anaknya jokowi. Makanya bisa jadi wapres;0;anak jokowi makanya jadi wapres;;;;;;;
best alexis17 beneran gampang menang sl0t nya;1;best alexis17 beneran gampang menang sl t nya;;;;;;;
masih setia sama huawei nova 5T; saking awetnya 🥰;0;setia sama huawei nova 5t saking awet smiling face with 3 hearts;;;;;;
ini masukannya bapak ahok keren sekali;0;masuk bapak ahok keren sekali;;;;;;;
Sedih denger dongeng 11 dari 100 indukSia😢;0;sedih denger dongeng induksia cry;;;;;;;
Ｍandalika𝟳𝟳 aku cba bntr; jepe gede lgnsung;1;mandalika77 aku cba bntr jepe gede lgnsung;;;;;;
P U L A U 7 7 7 emang Gacir; WD setiap hari!;1;pulau777 emang gacir wd hari;;;;;;
10:40 kira kira make yg lb works apa lb silhouette ya?😂😂😂;0;kira kira make yg lb works apa lb silhouette joy joy joy;;;;;;;
 @azriel_alrifqyazriel6815  coba jelasin maksudnya ga ada mental gimana bro 😂;0;azriel alrifqyazriel6815 coba jelasin maksud ga mental gimana bro joy;;;;;;;
bro tau ga alexis17 ; udah support bank e-wallet potongan;1;bro tau ga alexis17 udah support bank e wallet potong;;;;;;
temen gue bilang alexis17 tuh bikin nagih parah !;1;temen gue bilang alexis17 tuh bikin nagih parah;;;;;;;
Dua kata lucu itu;0;kata lucu;;;;;;;
tim yang berangan-angan;0;tim berangan angan;;;;;;;
gokil abis alexis17 ; modal dikit hasil gede;1;gokil abis alexis17 modal dikit hasil gede;;;;;;
Ahok-anies baru oke;0;ahok anies baru oke;;;;;;;
Om Mobi terlihat jadi sixpack skrg.. hehee. diet apa beliau ya.. hehe;0;om mob lihat jadi sixpack skrg hehee diet apa beliau hehe;;;;;;;
Lexus nggak ada yaa om..?;0;lexus yaa om;;;;;;;
Bahas apa ini?;0;bahas apa;;;;;;;
 @KAIZENTEAM7  respect! ini nih;0;kaizenteam7 respect nih;;;;;;;
Kayak asal jadi doang;0;kayak asal jadi doang;;;;;;;
Joget dulu gak sihhhh;0;joget dulu gak sihhhh;;;;;;;
Pertanyaanya gak kejawab semua;0;pertanyaanya gak jawab semua;;;;;;;
ꗥ𝙈 𝘼 𝙉 𝙐 𝙏 8 8ꗥselalu ada barokah main disini jepee mulu;1;hem anut8 8heselalu barokah main sini jepee mulu;;;;;;;
Presiden Prabowo menjawab dengan bantahan. 😂;0;presiden prabowo jawab bantah joy;;;;;;;
1:36:42 the road is still long :face-blue-wide-eyes:;0;the road is still long face blue wide eyes;;;;;;;
 @ekowaryono8099  saking luasnya ga ada isinya;0;ekowaryono8 99 saking luas ga isi;;;;;;;
Males kalo listrik;0;males kalo listrik;;;;;;;
mantap ! bermain 𝐒𝐆𝐈𝟖𝟖 ; rezeki mengalir deras !;1;mantap main sgi88 rezeki alir deras;;;;;;
"Ketik aja ""omon-omon""😂";0;ketik aja omon omon joy;;;;;;;
𝘼𝙇𝙀𝙓𝙄𝙎17 emang top dah ; ga bikin kecewa sampe;1;alexis17 emang top dah ga bikin kecewa sampe;;;;;;
Terima kasih. Saya memilih dislike video ini.;0;terima kasih pilih dislike video;;;;;;;
konten sampah....kata fufufafa...hehehe;0;konten sampah kata fufufafa hehehe;;;;;;;
sebulan main alexis17 ; hidup gue berubah drastis !;1;bulan main alexis17 hidup gue ubah drastis;;;;;;
Makanya dislikee wkwk;0;makanya dislikee wkwk;;;;;;;
gue rela gak upgrade hp nabung alexis17 .;1;gue rela gak upgrade hp nabung alexis17;;;;;;;
 @Riickk8888  Ok makasih atas info ny;0;riickk8888 makasih atas info ny;;;;;;;
Keren sekali! Berhasil meraih kemenangan yang sangat besar di 𝘈𝐺𝐔𝑆𝐓𝑂𝙏𝘖; saatnya untuk berlibur mewah ke tempat impian!;1;keren sekali hasil raih menang sangat besar agustoto saat libur mewah tempat impi;;;;;;
kebangkitan cuan weton88;1;bangkit cuan weton88;;;;;;;
Masterpiece;0;masterpiece;;;;;;;
Ngatur bgt yg penting gak di cut ini ribet lu;0;ngatur bgt yg penting gak cut ribet lu;;;;;;;
Mantap! Bangga banget jadi bagian dari 🔥⚡ALEXIS17⚡?🔥;1;mantap bangga banget jadi bagi fire zap alexis17 zap fire;;;;;;;
​ @mariamavi6769 kentara banget ni AI nya bang;0;mariamavi6769 kentara banget ni ai nya bang;;;;;;;
Vlog gd terbaikkkk;0;vlog gd terbaikkkk;;;;;;;
bro sibuk sih ? alexis17 ; bagi-bagi bonus deposit jumbo nih;1;bro sibuk sih alexis17 bonus deposit jumbo nih;;;;;;
jepe ; wede gampang banget;1;jepe wede gampang banget;;;;;;
keren ! meraih kemenangan 𝐏𝐋𝐔𝐓𝐎𝟖𝟖 langsung berlibur negeri !;1;keren raih menang pluto88 langsung libur negeri;;;;;;;
gacor bener ; sketer nggak berhenti muncul;1;gacor bener sketer henti muncul;;;;;;
swert bonanja gacir ; wede 5 juta;1;swert bonanja gacir wede juta;;;;;;
pidato tidak bermutu....;0;pidato mutu;;;;;;;
Gokil banget sih ⭐𝘼𝙇𝙀𝙓𝙄𝙎17;selalu bagi bagi hadiah!.;1;gokil banget sih star alexis17 selalu hadiah;;;;;;
Baju yg kyak di ple dipo ud di jual blom;0;baju yg kyak ple dipo ud jual blom;;;;;;;
MNA TAU PAS DENGERIN INI JADI MUAK TRUS NGANTUK YAH WKKWKWKW;0;mna tau pas dengerin jadi muak trus ngantuk yah wkkwkwkw;;;;;;;
manaa vlog seads kamiii;0;manaa vlog seads kamiii;;;;;;;
Berbenah pa;0;benah pa;;;;;;;
@inigabutchannel9054  dimana bang;0;inigabutchannel9 54 bang;;;;;;;
jadi ikut wrc Indonesia gk dip?;0;jadi ikut wrc indonesia gk dip;;;;;;;
ubur ubur ikan lele; 【✌ 𝑨𝑳𝑬𝑿𝑰𝑺17  ✌】 nih lee!.;1;ubur ubur ikan lele v alexis17 v nih lee;;;;;;
​ @angeliart_  Menit berapa yah dijelaskan tempo diundang?;0;angeliart menit berapa yah jelas tempo undang;;;;;;;
lancar lancar bang salam jepe 𝐒𝐆𝐈𝟖𝟖;1;lancar lancar bang salam jepe sgi88;;;;;;;
Beli posternya saja biar tambah besar😅😅😅😅;0;beli poster biar tambah besar sweat smile sweat smile sweat smile sweat smile;;;;;;;
Iya iya bener ;🤣🤣🤣;0;iya iya bener rofl rofl rofl;;;;;;
Pusing nonton nya😢; pak Prabowo ngehindar muluu;0;pusing nonton nya cry pak prabowo ngehindar muluu;;;;;;
 @angeliart_ buzzer copas copas ni tiati;0;angeliart buzzer copas copas ni tiati;;;;;;;
𝘼𝙇𝙀𝙓𝙄𝙎17 tuh emang beda ; customer servicenya ramah-ramah banget;1;alexis17 tuh emang beda customer servicenya ramah ramah banget;;;;;;
Udah pernah di setrum dek? 😅;0;udah pernah setrum dek sweat smile;;;;;;;
keren sih 𝐒𝐆𝐈𝟖𝟖 ; main bentar auto jepe .;1;keren sih sgi88 main bentar auto jepe;;;;;;
rejeki lancar nyobain;1;rejeki lancar nyobain;;;;;;;
Mau sukses harus punya orang dekat dan orang dalam;0;mau sukses punya orang dekat orang;;;;;;;
bro alexis17 ; ngadain giveaway nih ; hadiahnya liburan keliling dunia;1;bro alexis17 ngadain giveaway nih hadiah libur keliling dunia;;;;;
cair kakak mantap banget cuan 𝐒 𝙂ｉ𝟖 𝟖;1;cair kakak mantap banget cuan s gi8;;;;;;;
gabung alexis17 seminggu ; udah ganti motor !;1;gabung alexis17 minggu udah ganti motor;;;;;;
Seru abis! ⚡ALEXIS17⚡ bikin hariku lebih berwarna!;1;seru abis zap alexis17 zap bikin hari lebih warna;;;;;;;
yg tunggu2 𝐒𝐆𝐈𝟖𝟖;1;yg tunggu2 sgi88;;;;;;;
lo diem aja dapet cuan ; tempatnya pu lau tujuh tujuh tujuh .;1;lo diem aja dapet cuan tempat pu lau tujuh tujuh tujuh;;;;;;
p͟͟u͟͟l͟͟a͟͟u͟͟777 emang juara; rezeki gak ada abisnya!;1;pulau777 emang juara rezeki gak abis;;;;;;
 @SamsulKhoir-w5t akun baru buzeer lo ya😂;0;samsulkhoir w5t akun baru buzeer lo joy;;;;;;;
Pas di kickdown sampe ngangkat gitu depannya; mengerikan;0;pas kickdown sampe ngangkat gitu depan keri;;;;;;
sipaling mana2 cok alexis17 hduh;1;sipaling mana2 cok alexis17 hduh;;;;;;;
Wkwkwk riil 😂;0;wkwkwk riil joy;;;;;;;
Technologia🔥🔥;0;technologia fire fire;;;;;;;
tempat yang buat ku bahagia di ✦𝗠𝗮𝗻𝘂𝘁𝟴𝟴✦;1;tempat buat ku bahagia manut88;;;;;;;
Ngakak ini😂;0;ngakak joy;;;;;;;
𝘼𝙇𝙀𝙓𝙄𝙎17 .;1;alexis17;;;;;;;
begini doang mah kagak menarik;0;begini doang mah kagak tarik;;;;;;;
cuan tuh gak serius-serius ; tau pu lau tujuh tujuh tujuh .;1;cuan tuh gak serius serius tau pu lau tujuh tujuh tujuh;;;;;;
promo depositnya bikin hoki;1;promo deposit bikin hoki;;;;;;;
 @Bulepapuanugini  wlaakkkkhh👌👌👌;0;bulepapuanugini wlaakkkkhh hand hand hand;;;;;;;
gelokk 23 sponsor😮;0;gelokk sponsor open mouth;;;;;;;
gak pusing mikirin biaya pendidikan kalo udah join alexis17 .;1;gak pusing mikirin biaya didik kalo udah join alexis17;;;;;;;
mandalika77 tetap terbaik dah;1;mandalika77 tetap baik dah;;;;;;;
Mobil drift tmpilan rally 🥰;0;mobil drift tmpilan rally smiling face with 3 hearts;;;;;;;
sukses 𝑺𝑼𝑯𝑼𝟑𝟐𝟖 !;1;sukses suhu328;;;;;;;
Tapi anaknya dapet makan siang gratis ga?;0;anak dapet makan siang gratis ga;;;;;;;
TIM YANG JUAL DIRI;0;tim jual diri;;;;;;;
Tiap pagi gue selalu cek notifikasi dari ALEXIS⭐17⭐ dulu.;1;tiap pagi gue selalu cek notifikasi alexis star star dulu;;;;;;;
MemPesona dan MeLaksanakan;;;;;;;;;
Setuju kak..   modif motor pake airsus rbwt gd😂;0;tuju kak modif motor pake airsus rbwt gd joy;;;;;;;
jago dia bang kan ada AI wkk;0;jago bang kan ai wkk;;;;;;;
ipone semakin jauh ketinggalan...😂;0;ipone makin jauh tinggal joy;;;;;;;
Asam Sulfat;0;asam sulfat;;;;;;;
Nyari video aslinya; ilang... Sehina itu kah manusia gak punya malu 🤮;0;nyari video asli ilang hina manusia gak punya malu face vomiting;;;;;;
panji akui ahok keren;0;panji aku ahok keren;;;;;;;
Bisaan keiu nyarios na 😂;0;bisa keiu nyarios na joy;;;;;;;
Masukin Amazon biar bisa beli dluar;0;masukin amazon biar beli dluar;;;;;;;
seminggu join alexis17 ; gue udah beliin ortu kulkas !;1;minggu join alexis17 gue udah beliin ortu kulkas;;;;;;
pagi-pagi udah dapet notif wd alexis17 ! ; mood langsung seharian;1;pagi pagi udah dapet notif wd alexis17 mood langsung hari;;;;;;
Sekali kali undang dong di podcast masalah ekonomi politik;0;sekali kali undang dong podcast masalah ekonomi politik;;;;;;;
ntar lama2 Hp kayak wafer; berapa lapisss?;0;ntar lama2 hp kayak wafer berapa lapisss;;;;;;
alexis 17 bikin gue ketagihan ; udah kaya candu aja nih;1;alexis bikin gue tagih udah kaya candu aja nih;;;;;;
mandalika77 pelunas utang gw cok WKWKWKWK;1;mandalika77 lunas utang gw cok wkwkwkwk;;;;;;;
daftar ; maen sebentar ; lgsng jepe;1;daftar maen sebentar lgsng jepe;;;;;
479 Like VS 4;5 rb Disklike .....waw. bntar lagi bakal dihapus ini;0;like vs rb disklike waw bntar bakal hapus;;;;;;
buseettt bener;1;buseettt bener;;;;;;;
Seru abis! ⚡ALEXIS17⚡ itu andalan gue sekarang!;1;seru abis zap alexis17 zap andal gue sekarang;;;;;;;
Zenix jadi keliatan kecil banget dibelakang Hev wkwk;0;zenix jadi liat kecil banget belakang hev wkwk;;;;;;;
Dialog dong pak...jangan monolog..;0;dialog dong pak jangan monolog;;;;;;;
Tinggal nunggu mobilnya farell;0;tinggal nunggu mobil farell;;;;;;;
Jepe tiap hari; ga boong di A𝘟𝘓𝟽𝟽7;1;jepe tiap hari ga boong axl777;;;;;;
bro ; lo udah cobain alexis17 ? dijamin nagih abis !;1;bro lo udah cobain alexis17 jamin nagih abis;;;;;;
nostalgia banget game . alexis17 inget .;1;nostalgia banget game alexis17 inget;;;;;;;
gokil abis alexis 17 ; modal dikit hasil gede;1;gokil abis alexis modal dikit hasil gede;;;;;;
Otw Beli mie ayam bang;0;otw beli mie ayam bang;;;;;;;
24:20 GANTI JUDUL AJA BANG “SKAKMAT DALAM 7 LANGKAH” 😭😭😭😭;0;ganti judul aja bang skakmat langkah sob sob sob sob;;;;;;;
mana mau si dewiii beli legacy...;0;mana mau si dewiii beli legacy;;;;;;;
gue sih ga nyesel gabung alexis17 ! ; nyesel ga lahir;1;gue sih ga nyesel gabung alexis17 nyesel ga lahir;;;;;;
gue cek update terbaru alexis17 .;1;gue cek update baru alexis17;;;;;;;
drama ; lo cuan . bedanya ? lo pu lau tujuh tujuh tujuh !;1;drama lo cuan beda lo pu lau tujuh tujuh tujuh;;;;;;
busyet ; asli ; 𝘼𝙇𝙀𝙓𝙄𝙎17 gak obat ! pokoknya .;1;busyet asli alexis17 gak obat pokok;;;;;
gacir bener ; maen udh jepe;1;gacir bener maen udh jepe;;;;;;
emang gak obatnya sih keseruan main alexis17 .;1;emang gak obat sih seru main alexis17;;;;;;;
Gokillllll ❤❤;0;gokillllll heart heart;;;;;;;
kalo 𝐏𝐋𝐔𝐓𝐎𝟖𝟖 yg kasih duit;1;kalo pluto88 yg kasih duit;;;;;;;
Beli motor;0;beli motor;;;;;;;
jepe tipis ; gacu​r​ pa​r​ah bos;1;jepe tipis gacur parah bos;;;;;;
Dipo yg bangun mobilnya; gua yg bangga;0;dipo yg bangun mobil gua yg bangga;;;;;;
pulauwinlisensi web terbaik;1;pulauwinlisensi web baik;;;;;;;
Kerenn.... 🔥🔥🔥;0;kerenn fire fire fire;;;;;;;
iseng-iseng main a l e x i s 1 7 ; hobi ; cuan !;1;iseng iseng main alexis17 hobi cuan;;;;;
Pak rt dan tetangga langsung dateng 😂😂😂;0;pak rt tetangga langsung dateng joy joy joy;;;;;;;
Mobil dipo ancur lagi;0;mobil dipo ancur;;;;;;;
temen gue ketagihan main alexis17 .;1;temen gue tagih main alexis17;;;;;;;
@yuriahgunadi6119  emang kamu ngeh?;0;yuriahgunadi6119 emang kamu ngeh;;;;;;;
Tapi pada saat pemilihan caleg; nyoblos juga kan ente...😂😂😂;0;pilih caleg nyoblos kan ente joy joy joy;;;;;;
Akhirnya yg di tunggu2😁 𝐏𝐑𝐎𝐁𝐄𝐓𝟖𝟓𝟓;1;akhir yg tunggu2 grin probet855;;;;;;;
parah sih ; 𝙋𝙐𝙇𝘼𝙐𝙒𝙄𝙉 udah kayak budaya pop .;1;parah sih pulauwin udah kayak budaya pop;;;;;;
Sadly; yes. I think so;0;sadly yes i think so;;;;;;
Solusi nya pie pak ???;0;solusi nya pie pak;;;;;;;
Modif xmax bro ..;0;modif xmax bro;;;;;;;
Ｐｕｌａｕ７７７ selalu jadi favorit;1;pulau777 selalu jadi favorit;;;;;;;
sehat kang semngat ngonten dilancarkan urusannya salam 𝗪𝗘𝗧𝗢𝗡𝟴𝟴;1;sehat kang semngat ngonten lancar urus salam weton88;;;;;;;
semangat terus bg dipo😁;0;semangat terus bg dipo grin;;;;;;;
jangan langsung di ulti pak..?? wkwkwkwkwkwkwkwk;0;jangan langsung ulti pak wkwkwkwkwkwkwkwk;;;;;;;
Ah mas ini kayak burung ngajak ikan untuk berenang...;0;ah mas kayak burung ngajak ikan renang;;;;;;;
Komenan emak2 pesbuk;0;komenan emak2 pesbuk;;;;;;;
Rezeki nomplok di 𝐁𝐔𝐊𝐈𝐓𝟖𝟖𝟖;1;rezeki nomplok bukit888;;;;;;;
pengguna menemukan d𝐸𝑊𝐴𝘋о𝘙𝐴-sebagai sumber daya berharga .;1;guna temu dewadora sumber daya harga;;;;;;;
sehat kang semngat ngonten dilancarkan urusannya salam 𝗪𝗘𝗧𝗢𝗡𝟴𝟴;1;sehat kang semngat ngonten lancar urus salam weton88;;;;;;;
wede cepat ; pelayanan ramah banget;1;wede cepat layan ramah banget;;;;;;
intinya muter2 cari penumpang;0;inti muter2 cari tumpang;;;;;;;
Lagi fly bang?;0;fly bang;;;;;;;
weton88 keren banget;1;weton88 keren banget;;;;;;;
seminggu join alexis17 ; gue udah beliin ortu tiket umroh !;1;minggu join alexis17 gue udah beliin ortu tiket umroh;;;;;;
Yg pirang gak di review bro😅;0;yg pirang gak review bro sweat smile;;;;;;;
Di parwis belum bayak pakai skylander; masih dominan sr3 jb5;0;parwis bayak pakai skylander dominan sr3 jb5;;;;;;
Saya juga sangat heran ama kelakuan orang model begitu; om;0;sangat heran ama laku orang model om;;;;;;
hapuslah itu komen P U L A U W I N;1;hapus komen pulauwin;;;;;;;
Gue rela gak hangout sama temen demi nabung di ALEXIS⭐17⭐.;1;gue rela gak hangout sama temen nabung alexis star star;;;;;;;
Kegedean modalnya & sparepart susah; mungkin 😅;0;gede modal sparepart susah mungkin sweat smile;;;;;;
Seru abis! Setia banget sama ⚡ALEXIS17⚡ sejak awal!;1;seru abis setia banget sama zap alexis17 zap sejak awal;;;;;;;
yesss and so so self centered ; so sad;0;yesss and so so self centered so sad;;;;;;
coba buy spin 20k maxwin kwkwkkw makasih 𝐒𝐆𝐈𝟖𝟖 nyata emng;1;coba buy spin 2 k maxwin kwkwkkw makasih sgi88 nyata emng;;;;;;;
Dislike nya di sembunyikan gyusss;0;dislike nya sembunyi gyusss;;;;;;;
aduh lucu banget sattt 😂;0;aduh lucu banget sattt joy;;;;;;;
Prettttttt;0;prettttttt;;;;;;;
Streamer favorit ❤ dan selalu menunggu update terbarunya 😁😁 semangat terus bang 💪💪 salam Jepe 𝐒𝐆𝐈𝟖𝟖;1;streamer favorit heart selalu tunggu update baru grin grin semangat terus bang muscle muscle salam jepe sgi88;;;;;;;
Sama..!!!;0;sama;;;;;;;
1:28 gak sync mas;0;gak sync mas;;;;;;;
temen gue rekomendasiin 𝘼𝙇𝙀𝙓𝙄𝙎17 ; mantap . tenan !;1;temen gue rekomendasiin alexis17 mantap tenan;;;;;;
Baru maen lgsng jepe; sketer terus;1;baru maen lgsng jepe sketer terus;;;;;;
Emang gak ada yang se-worth it ALEXIS⭐17⭐ sih.;1;emang gak se worth it alexis star star sih;;;;;;;
GAASSS XMAX BANG;0;gaasss xmax bang;;;;;;;
Di iso speeed;0;iso speeed;;;;;;;
tetangga gue kepo penghasilan alexis17 .;1;tetangga gue kepo hasil alexis17;;;;;;;
tipikal orang jaman dulu yg suka mendongeng; persis mbahku;0;tipikal orang jaman dulu yg suka dongeng persis mbah;;;;;;
orang bilang alexis17 tuh bener-bener terpercaya .;1;orang bilang alexis17 tuh bener bener percaya;;;;;;;
Gak pake anti gores;tapi pake skotlet;0;gak pake anti gores pake skotlet;;;;;;
A L E X I S 1 7 Udah kayak rumah sendiri. Kapan lagi coba?;1;alexis17 udah kayak rumah sendiri kapan coba;;;;;;;
Mana 19jt lapangan kerja bang?;0;mana 19jt lapang kerja bang;;;;;;;
Paling ditunggutunggu;0;paling ditunggutunggu;;;;;;;
penuh kejutan kemenangan ; pawpaw4d terbaik !;1;penuh kejut menang pawpaw4d baik;;;;;;
Jurnalis tempo tidak diundang?;0;jurnalis tempo undang;;;;;;;
 @mascar007  gw bayar pajak; mereka lah yang mikir punya kuasa juga;0;mascar 7 gw bayar pajak lah mikir punya kuasa;;;;;;
Valentinus resa gak diajak bang?;0;valentinus resa gak ajak bang;;;;;;;
bang ziko gak rievew dodge charger punya dom?;0;bang ziko gak rievew dodge charger punya dom;;;;;;;
Pak prabowo emang layak jadi Presiden;;0;pak prabowo emang layak jadi presiden;;;;;;
ngelag ? ! wd ? jalan ! alexis17 emang top .;1;ngelag wd jalan alexis17 emang top;;;;;;;
BRO LIFE SAVER;0;bro life saver;;;;;;;
ngomong apa jir;0;ngomong apa jir;;;;;;;
modal 50 ribu jepe lgsng wede;1;modal ribu jepe lgsng wede;;;;;;;
Keren mass ❤🔥🔥🔥🔥;0;keren mass heart fire fire fire fire;;;;;;;
rezeki ; berkat 𝘿𝙀𝘞𝐴𝘿о𝘙𝐀 mudah !;1;rezeki berkat dewadora mudah;;;;;;
Baru maen udh JP; mntp banget situsnya;1;baru maen udh jp mntp banget situs;;;;;;
Kurang berani apa coba. Ipk 2; jadi wapres.;0;kurang berani apa coba ipk jadi wapres;;;;;;
jokes sea lion gak pernah gagal sih wkwk;0;jokes sea lion gak pernah gagal sih wkwk;;;;;;;
bener-bener gacir banget main d𝑂я𝐴𝟽𝟳 . modal ; hasilnya !;1;bener bener gacir banget main doyaa77 modal hasil;;;;;;
gass truss brooo...;0;gass truss brooo;;;;;;;
Mesin ls nya beda seri;0;mesin ls nya beda seri;;;;;;;
Manusia paling sabar; sabar dari hinaan yg sbenarx benar..;0;manusia paling sabar sabar hina yg sbenarx benar;;;;;;
seminggu join alexis17 ; gue udah beliin ortu ac !;1;minggu join alexis17 gue udah beliin ortu ac;;;;;;
alexis17 ; tuh emang bener-bener ngubah hidup gue ; miskin sultan;1;alexis17 tuh emang bener bener ngubah hidup gue miskin sultan;;;;;
gue udah nemu jalan ninja gue : alexis17;1;gue udah nemu jalan ninja gue alexis17;;;;;;;
Siaaapp cil😅😅;0;siaaapp cil sweat smile sweat smile;;;;;;;
gacur banget ; auto wede;1;gacur banget auto wede;;;;;;
Jadi intinya apa fungsi anda jd wapres?;0;jadi inti apa fungsi jd wapres;;;;;;;
Gas bang main motor juga;0;gas bang main motor;;;;;;;
DAMKAR paling di percaya rakyat pak;0;damkar paling percaya rakyat pak;;;;;;;
Mending j2 prime gak sih😅😅😅;0;mending j2 prime gak sih sweat smile sweat smile sweat smile;;;;;;;
gila keren banget dipake bimo jerseynya;0;gila keren banget dipake bimo jerseynya;;;;;;;
mantap banget ; rejeki ngalir;1;mantap banget rejeki ngalir;;;;;;
Anak muda harus berani dan tumbuh. Wkwkwkwkwkwkwkwkwkwk 😂😂😂😂😂;0;anak muda berani tumbuh wkwkwkwkwkwkwkwkwkwk joy joy joy joy joy;;;;;;;
Haha cuih ga tu😂;0;haha cuih ga tu joy;;;;;;;
😂 lapor mas wapers;0;joy lapor mas wapers;;;;;;;
minggir Lu misquen😂😂;0;minggir lu misquen joy joy;;;;;;;
Info loker bangg;0;info loker bangg;;;;;;;
𝗠 𝗜 𝗬 𝗔 𝟴 𝟴 bikin main puas cuan !;1;miya88 bikin main puas cuan;;;;;;;
seminggu main alexis17 ; gue udah bayar asuransi kesehatan !;1;minggu main alexis17 gue udah bayar asuransi sehat;;;;;;
𝐒𝐆𝐈𝟖𝟖 bikin ketagihan !;1;sgi88 bikin tagih;;;;;;;
alexis17 ; tuh emang bener-bener ngubah hidup gue ; susah makmur;1;alexis17 tuh emang bener bener ngubah hidup gue susah makmur;;;;;
 @AlsimKebunsayur  hp lipet jadul 🗿;0;alsimkebunsayur hp lipet jadul moyai;;;;;;;
Bosnya aja jawab ngalor ngidul; gimana anak buahnya;0;bos aja jawab ngalor ngidul gimana anak buah;;;;;;
Nah bener; buat keuangan timnas juga ini;0;nah bener buat uang timnas;;;;;;
hadeew keluar lagi hp;0;hadeew keluar hp;;;;;;;
lama2 bangkrut juga ni bossnya 𝓂𝒶𝓃𝒹𝒶𝓁𝒾𝓀𝒶𝟩𝟩 soalnya profit trus aku main dari kemaren wkkwkw;1;lama2 bangkrut ni bossnya mandalika77 soal profit trus aku main kemaren wkkwkw;;;;;;;
Pulau 777: Lebih banyak bermain; lebih banyak menang!;1;pulau lebih banyak main lebih banyak menang;;;;;;
Baru kali ini gw tertarik nonton komen ketimbang isi videonya 🤣;0;baru kali gw tarik nonton komen ketimbang isi video rofl;;;;;;;
karaoke lagi bang; request lagu oke gas 😁😁;0;karaoke bang request lagu oke gas grin grin;;;;;;
fitra eri udah nyoba jalan jauh;0;fitra eri udah nyoba jalan jauh;;;;;;;
Bonas bonus..eh baca berita ratusan siswa smp gak bisa baca tulis😂;0;bonas bonus eh baca berita ratus siswa smp gak baca tulis joy;;;;;;;
lebih bagus komen2 nya;0;lebih bagus komen2 nya;;;;;;;
class bos 𝗪𝗘𝗧𝗢𝗡𝟴𝟴 gak ribet depo cepat wd lancar;1;class bos weton88 gak ribet depo cepat wd lancar;;;;;;;
kenapa cupra tidak masuk indonesia;0;cupra masuk indonesia;;;;;;;
; ragu 𝘼𝙇𝙀𝙓𝙄𝙎17 ; eh taunya nagih . serius .;1;ragu alexis17 eh tau nagih serius;;;;;
Ini aerox sering bgt muncul di sosmed; ganteng polll;0;aerox sering bgt muncul sosmed ganteng polll;;;;;;
buset serius skketer zeus 𝘼𝙇𝙀𝙓𝙄𝙎17 5 ? ? ? .;1;buset serius skketer zeus alexis17;;;;;;;
main situs segacor 𝗪𝗘𝗧𝗢𝗡𝟴𝟴 ; asli nagih sih;1;main situs segacor weton88 asli nagih sih;;;;;;
pengen dapat kerja pakai orang dalem.. ada ngga ya;0;ken kerja pakai orang dalem ngga;;;;;;;
he talk the talk;0;he talk the talk;;;;;;;
Saran mas nanti kalau ada yg unit sold bikin vlog ny lg mas;0;saran mas kalau yg unit sold bikin vlog ny lg mas;;;;;;;
𝐀G𝘜𝘚TO𝘛𝘖 gua suka banget main disini; mudah menangnya;1;agustoto gua suka banget main sini mudah menang;;;;;;
kebangkitan cuan weton88;1;bangkit cuan weton88;;;;;;;
Koenigsegg jesko attack udh masuk di indo nih;0;koenigsegg jesko attack udh masuk indo nih;;;;;;;
Best episode; makasih bang Panji!✊;0;best episode makasih bang panji fist;;;;;;
06:54; bini gue;0;bini gue;;;;;;
Ke bengkel bg; mereka bukan montir atau jasa konsultasi.;0;bengkel bg bukan montir jasa konsultasi;;;;;;
Konten modif motor boleh d channel pribadinya mas ziko 👍🏾;0;konten modif motor d channel pribadi mas ziko thumbsup;;;;;;;
cerita seru gue 𝓟𝓤𝓛𝓐𝓤𝓦𝓘𝓝 .;1;cerita seru gue pulauwin;;;;;;;
2029 wajib kolab mereka;0;wajib kolab;;;;;;;
Beli dong xixixi;0;beli dong xixixi;;;;;;;
MANAA CROSSTREK KAMIIIIIIII??!!!;0;manaa crosstrek kamiiiiiiii;;;;;;;
Emang gak ada yang se-transparan ALEXIS⭐17⭐ deh.;1;emang gak se transparan alexis star star deh;;;;;;;
situs kasih sketer;1;situs kasih sketer;;;;;;;
Semoga rezeki dari 𝐴𝐇𝙈𝘈𝐷T𝑂T𝙊membawa berkah dan manfaat bagi sesama umat manusia!;1;moga rezeki ahmadtotomembawa berkah manfaat sama umat manusia;;;;;;;
Semua tetangga gue pada kepo sama penghasilan dari ALEXIS⭐17⭐.;1;semua tetangga gue kepo sama hasil alexis star star;;;;;;;
24:27  asli bodo banget pandji maen catur 🤧🤧🤧;0;asli bodo banget pandji maen catur sneezing face sneezing face sneezing face;;;;;;;
gacor banget 𝗣 𝗟 𝗨 𝗧 𝗢 𝟴 𝟴 ! rezeki anak soleh;1;gacor banget pluto88 rezeki anak soleh;;;;;;;
 @tot8858  eh tot; bedain jawaban diplomatis sama normatif.;0;tot8858 eh tot bedain jawab diplomatis sama normatif;;;;;;
benerga ru da ho ki gacoor gua nyampah doang;1;benerga ru da ho ki gacoor gua nyampah doang;;;;;;;
Jejak dijitalmu gak akan hilang brow;0;jejak dijitalmu gak hilang brow;;;;;;;
pengen hidup makmur ? alexis17 jawabannya !;1;ken hidup makmur alexis17 jawab;;;;;;;
alexis17 pelunas utang gw cok wkwkwkwk;1;alexis17 lunas utang gw cok wkwkwkwk;;;;;;;
Wkwkwkwk mobil listrik;0;wkwkwkwk mobil listrik;;;;;;;
 @rdess-k4e  literally 'Trump at Home';0;rdess k4e literally trump at home;;;;;;;
orang bilang alexis17 tuh game changer banget !;1;orang bilang alexis17 tuh game changer banget;;;;;;;
zetsu putih ketar ketir;0;zetsu putih ketar tir;;;;;;;
𝐒𝐆𝐈𝟖𝟖 bikin ketagihan !;1;sgi88 bikin tagih;;;;;;;
emang gak se-fair alexis17 deh .;1;emang gak se fair alexis17 deh;;;;;;;
modal wede ; gacir abis;1;modal wede gacir abis;;;;;;
Sdh check out 3🎉🎉buat kk;;;istri dan bokap...cman gak gw bayar aj;0;sdh check out tada tada buat kk istri bokap cman gak gw bayar aj;;;;
TIM YANG KEPENGEN BELI;0;tim ken beli;;;;;;;
Kabar crosstrek gmna bang?;0;kabar crosstrek gmna bang;;;;;;;
berkah99 bikin senyum gak berhenti ; mantap pol !;1;berkah99 bikin senyum gak henti mantap pol;;;;;;
maaf terlambat bang semangat ya salam 𝐒𝐆𝐈𝟖𝟖 ! gampang jepe;1;maaf lambat bang semangat salam sgi88 gampang jepe;;;;;;;
sehat rezeki weton88;1;sehat rezeki weton88;;;;;;;
"Komemtar disini penuh dengan orang omon""";0;komemtar sini penuh orang omon;;;;;;;
his name is chaos; his hobby is sip the tea like an angel;0;his name is chaos his hobby is sip the tea like an angel;;;;;;
Yg penting gemoy lah kata penyefonk nya mah😂;0;yg penting gemoy lah kata penyefonk nya mah joy;;;;;;;
03.10 P𝘂𝗹𝗮𝘂777 selalu jadi pilihan utama;1;pulau777 selalu jadi pilih utama;;;;;;;
alexis17 tuh penuh kejutan ; udah coba ?;1;alexis17 tuh penuh kejut udah coba;;;;;;
gue rela ninggalin platform fokus alexis17 .;1;gue rela ninggalin platform fokus alexis17;;;;;;;
Kenapa Dislike disembuyiin tong?;0;dislike disembuyiin tong;;;;;;;
alexis'17 gak boong ; dsini hoki mulu;1;alexis gak boong dsini hoki mulu;;;;;;
Lu ngerti gk apa yg lu omongin itu?;0;lu ngerti gk apa yg lu omongin;;;;;;;
Berkah rezeki hari ini berkat ⭐𝗪𝗘𝗧𝗢𝗡𝟴𝟴;puji syukur!;1;berkah rezeki hari berkat star weton88 puji syukur;;;;;;
beres2 rumah sambil nyepin;; pas dengar suaranya behhhhhh garang kaliii suara petirnya hahaha;; makasih y 𝙈𝘼𝙉𝘿𝘼𝙇𝙄𝙆𝘼77;1;beres2 rumah nyepin pas dengar suara behhhhhh garang kaliii suara petir hahaha makasih y mandalika77;;;
Gila gahar gini suara v8;0;gila gahar gin suara v8;;;;;;;
Dulu milih siapa bang?;0;dulu milih siapa bang;;;;;;;
Yook.. bareng2 bro;0;yook bareng2 bro;;;;;;;
Presiden CURANG !;0;presiden curang;;;;;;;
3 bang ; salam jepe 𝐒𝐆𝐈𝟖𝟖;1;bang salam jepe sgi88;;;;;;
Nih P͎U͎L͎A͎U͎W͎I͎N͎ kayak punya sihir tersendiri ya?;1;nih pulauwin kayak punya sihir sendiri;;;;;;;
😂😂 suruh ngaca dulu x ya sebelum omon2..;0;joy joy suruh ngaca dulu x omon2;;;;;;;
Cakep....;0;cakep;;;;;;;
bro ; 𝘼𝙇𝙀𝙓𝙄𝙎17 tuh emang mantep banget ; gue udah buktiin ga bohong;1;bro alexis17 tuh emang mantep banget gue udah buktiin ga bohong;;;;;
gokil banget dah 𝘼𝙇𝙀𝙓𝙄𝙎17 .;1;gokil banget dah alexis17;;;;;;;
the best 𝗪𝗘𝗧𝗢𝗡𝟴𝟴 byar !;1;the best weton88 byar;;;;;;;
jepe ̠ 𝑨𝑳𝑬𝑿𝑰𝑺17 】 .;1;jepe alexis17;;;;;;;
pantes kwn nyaman main alexis17;1;pantes kwn nyaman main alexis17;;;;;;;
Ｐｕｌａｕ７７７ tampilan keren; fitur lengkap;1;pulau777 tampil keren fitur lengkap;;;;;;
Jepe pertama kali maen; puas banget;1;jepe pertama kali maen puas banget;;;;;;
А𝐗𝐿𝟳7𝟽 menyediakan ruang untuk kompetisi yang sehat.;1;axl777 sedia ruang kompetisi sehat;;;;;;;
daftar ; maen sebentar ; lgsng jepe;1;daftar maen sebentar lgsng jepe;;;;;
indonesia modus obta stop 🤙✋🏻✋🏻👍🏻👍🏻👍🏻👍🏻👏👏👏👏😃😁😅😂;0;indonesia modus obta stop call me raised hand raised hand thumbsup thumbsup thumbsup thumbsup clap clap clap clap smiley grin sweat smile joy;;;;;;;
terakhir gw main ᗩᗷGᗯIᑎ sih dikasih menang ya;1;akhir gw main bokuggooiti sih kasih menang;;;;;;;
report ajah mending e😂;0;report ajah mending e joy;;;;;;;
 @KingPizzaSuper  ;ko bisa ya?;0;kingpizzasuper ko;;;;;;
Mereka perang njir huwawei bisa google ancur tuh amerika;0;perang njir huwawei google ancur tuh amerika;;;;;;;
bang review garasi baru;0;bang review garasi baru;;;;;;;
udah yapping nya wo?;0;udah yapping nya wo;;;;;;;
pin komen2 orang bang biar gk kena spam judol;0;pin komen2 orang bang biar gk kena spam judol;;;;;;;
Saya yakin P𝘂𝗹𝗮𝘂777 gak akan mengecewakan;1;yakin pulau777 gak kecewa;;;;;;;
1:00:57 itu no 2 maksudnya siapa yah?;0;no maksud siapa yah;;;;;;;
Obell siapa dah bbangg ..;0;obell siapa dah bbangg;;;;;;;
edan ; 𝘼𝙇𝙀𝙓𝙄𝙎17 ? oh ; viral ? pokoknya .;1;edan alexis17 viral pokok;;;;;
​ @mhhaekal Biasa; mereka ini tom & jerry 😂;0;mhhaekal biasa tom jerry joy;;;;;;
wow dan salam dari saya;0;wow salam;;;;;;;
bro ; pokoknya kalo butuh cepet ; 𝘼𝙇𝙀𝙓𝙄𝙎17 solusinya .;1;bro pokok kalo butuh cepet alexis17 solusi;;;;;
punya prof dipo juga pnp semua 😂😂;0;punya prof dipo pnp semua joy joy;;;;;;;
gacir parah di 𝐴𝑋𝐋77𝟳;1;gacir parah axl777;;;;;;;
Lha ini lu komen bang;0;lha lu komen bang;;;;;;;
Seru sama pak ahok; detail bgt rencana2nya 👍;0;seru sama pak ahok detail bgt rencana2nya thumbsup;;;;;;
yaa Allah presiden to iki 😢;0;yaa allah presiden to iki cry;;;;;;;
kalo p͓̽u͓̽l͓̽a͓̽u͓̽w͓̽i͓̽n͓̽ bikin film ; laris sih .;1;kalo pulauwin bikin film laris sih;;;;;;
Ini layaknya bapak yang mengajari dan anak anaknya .;0;layak bapak ajar anak anak;;;;;;;
gua udah ga bisa tidur nyenyak kalo belum main ALEXIS-17☯ sehari;1;gua udah ga tidur nyenyak kalo main alexis yin hari;;;;;;;
lucu seru menghibur informatif; ubur2 ikan lele;0;lucu seru hibur informatif ubur2 ikan lele;;;;;;
@ maksud lo apa;0;maksud lo apa;;;;;;;
Fufufafa ketawa melihat ini;0;fufufafa ketawa lihat;;;;;;;
Mantap om😢;0;mantap om cry;;;;;;;
tanyain ke CHAT GPT atau GROK aza mas;0;tanyain chat gpt grok aza mas;;;;;;;
Solusinya adalahh.....?;0;solusi adalahh;;;;;;;
nice link bagus alexis17;1;nice link bagus alexis17;;;;;;;
Presiden Prabowo Tidak Menjawab;0;presiden prabowo jawab;;;;;;;
modal receh ; lgsng mekswin gg;1;modal receh lgsng mekswin gg;;;;;;
1.5x malah wkwk;0;5x malah wkwk;;;;;;;
Kwkw ia lg eeeeeeee mulu 😂;0;kwkw lg eeeeeeee mulu joy;;;;;;;
jersey kipernya berkerah ga bang?;0;jersey kiper kerah ga bang;;;;;;;
Ganteng pol;0;ganteng pol;;;;;;;
A L E X I S 1 7 Jadi tempat pelarian paling asik. Gak bakal nyesel deh!;1;alexis17 jadi tempat lari paling asik gak bakal nyesel deh;;;;;;;
Sepemikiran;0;pikir;;;;;;;
Ngomong apa si🫤;0;ngomong apa si face with diagonal mouth;;;;;;;
emng bener kemarin udah coba probet gas ahh 𝗦𝗚𝗜𝟴𝟴 kawan berbuah manis;1;emng bener kemarin udah coba probet gas ahh sgi88 kawan buah manis;;;;;;;
Wong saya ni kerja;0;wong ni kerja;;;;;;;
bilang ; 𝘼𝙇𝙀𝙓𝙄𝙎17 top markotop ! pol .;1;bilang alexis17 top markotop pol;;;;;;
 @AnggoroDps_9  sehat tapi yg iq 130 .???;0;anggorodps 9 sehat yg iq;;;;;;;
Klo ada uang sisa bnyak baru beli. 😅;0;klo uang sisa bnyak baru beli sweat smile;;;;;;;
Bapak lu kaya ; lu aman;0;bapak lu kaya lu aman;;;;;;
alexis17 ; tuh emang bener-bener ngasih peluang orang sultan dadakan;1;alexis17 tuh emang bener bener ngasih peluang orang sultan dada;;;;;;
Emang gak ada yang se-adil ALEXIS⭐17⭐ deh.;1;emang gak se adil alexis star star deh;;;;;;;
Santai di rumah tapi feel-nya dapet banget bareng 𝙋𝙐𝙇𝘼𝙐𝙒𝙄𝙉.;1;santai rumah feel nya dapet banget bareng pulauwin;;;;;;;
berkat а𝘎𝙐𝙎𝐓ot𝑂 melesat ; buruh tani bos agribisnis .;1;berkat agustoto lesat buruh tani bos agribisnis;;;;;;
emang gak obatnya sih keseruan main alexis17 .;1;emang gak obat sih seru main alexis17;;;;;;;
Wede cepat; pelayanan ramah banget;1;wede cepat layan ramah banget;;;;;;
china live in cyberpunk 2077 ((:;0;china live in cyberpunk;;;;;;;
Jepe terus tiap maen; nggak prnh gagal;1;jepe terus tiap maen prnh gagal;;;;;;
pagi gue cek notifikasi alexis17 .;1;pagi gue cek notifikasi alexis17;;;;;;;
Numpang tanya dealer nya gabung ngak sama dealer Cherry om;0;numpang tanya dealer nya gabung ngak sama dealer cherry om;;;;;;;
kece poll🔥;0;kece poll fire;;;;;;;
Awal kebangkitan cuan pasti di 𝐒𝐆𝐈𝟖𝟖;1;awal bangkit cuan sgi88;;;;;;;
link nya mandalika77 apa boss? mau juga donk;1;link nya mandalika77 apa boss mau donk;;;;;;;
gue rela begadang malem main alexis17 .;1;gue rela begadang malem main alexis17;;;;;;;
Tolong infoin; point Solutifnya di detik keberapa?????;0;infoin point solutifnya detik berapa;;;;;;
Jadi mobil captain america yg baru  😊;0;jadi mobil captain america yg baru blush;;;;;;;
Astaghfirullah. Ampuni dosa kami Ya Allah.;0;astaghfirullah ampun dosa allah;;;;;;;
Kevin De Mruyne?;0;kevin de mruyne;;;;;;;
emang gak se-gampang alexis17 kalo dapetin cuan .;1;emang gak se gampang alexis17 kalo dapetin cuan;;;;;;;
awowkwwkwk;0;awowkwwkwk;;;;;;;
Bg je;coba review truck colt diesel 4x4 kebun sawit dong 😅;0;bg je coba review truck colt diesel 4x4 kebun sawit dong sweat smile;;;;;;
Idola guaaaahhh ❤❤❤❤;0;idola guaaaahhh heart heart heart heart;;;;;;;
Bukan inovasi.. . Hanya pembaharuan..;0;bukan inovasi baharu;;;;;;;
Esemka ada ngak om;0;esemka ngak om;;;;;;;
kaya aki aki diajak ngomong; muter muter 😂;0;kaya aki aki ajak ngomong muter muter joy;;;;;;
Merdeka; Prestasinya Ghaib;0;merdeka prestasi ghaib;;;;;;
Liat harganya langsung pengen beli😁;0;liat harga langsung ken beli grin;;;;;;;
Sering banget dapet sketer di sini;1;sering banget dapet sketer sini;;;;;;;
gue 𝘼𝙇𝙀𝙓𝙄𝙎17 aja ; . banget .;1;gue alexis17 aja banget;;;;;;
mobil2 yg diluar fortunernya ko ga di tunjuk bang :p;0;mobil2 yg luar fortunernya ko ga tunjuk bang p;;;;;;;
Sama dong. 😂😂😂;0;sama dong joy joy joy;;;;;;;
Swert Bonanja gacir pol; auto wede;1;swert bonanja gacir pol auto wede;;;;;;
gue rela ninggalin bisnis fokus alexis17 .;1;gue rela ninggalin bisnis fokus alexis17;;;;;;;
aku yg ini aja-h a u s w i n 138🔥;1;aku yg aja h auswin fire;;;;;;;
cuy ; gak nyangka 𝘼𝙇𝙀𝙓𝙄𝙎17 se-booming ; keren abis !;1;cuy gak nyangka alexis17 se booming keren abis;;;;;
Bikin baju bagus emang harus dibandung ya 😂;0;bikin baju bagus emang bandung joy;;;;;;;
Bonus dari bapak misalnya;0;bonus bapak misal;;;;;;;
ada vocalisnya VOB kah itu di menit 7:30;0;vocalisnya vob menit;;;;;;;
Asik juga dengerin dongeng ngalor ngidul bikin ngantuk 🥱;0;asik dengerin dongeng ngalor ngidul bikin ngantuk yawning face;;;;;;;
gatau harus komen apa !! semua sudah terwakilkan dibawah sama netizen 😊;0;gatau komen apa semua wakil bawah sama netizen blush;;;;;;;
Jika Anda menghargai platform daring yang didesain dengan baik; A𝙃𝑀А𝘋𝐓𝙊𝑇Оpatut dipertimbangkan.;1;harga platform daring desain baik ahmadtotopatut timbang;;;;;;
9:11 bang jam segitu menang w 𝗪𝗘𝗧𝗢𝗡𝟴𝟴;1;bang jam segitu menang w weton88;;;;;;;
elegan banget si;0;elegan banget si;;;;;;;
6:03 apabila mim mati bertemu huruf mim; maka dibaca mendengung 😂;0;apabila mim mati temu huruf mim baca dengung joy;;;;;;
Menuju sampah demografi;0;tuju sampah demografi;;;;;;;
Wede gampang banget; nggak nyangka;1;wede gampang banget nyangka;;;;;;
gue sih udah buktiin keajaiban alexis17 .;1;gue sih udah buktiin ajaib alexis17;;;;;;;
Hari yang penuh kebahagiaan bersama ＭΛＮDALIKΛ𝟟𝟟; rezeki datang menghampiri dengan sendirinya!;1;hari penuh bahagia sama mlndalikl77 rezeki datang hampir sendiri;;;;;;
Di tokped kok 900 juta ya😮;0;tokped kok juta open mouth;;;;;;;
Mantap sponsor makin banyakk;0;mantap sponsor makin banyakk;;;;;;;
mobil akbar rais awalnya; ke btx; ke obel ya?;0;mobil akbar rais awal btx obel;;;;;
𝘿 o 𝘙 а 7 𝟩 menemukan peluang ; karyawan bos perusahaan .;1;dora77 temu peluang karyawan bos usaha;;;;;;
"Ahok said ""ANIS SANGAT TIDAK NEGARAWAN""";0;ahok said anis sangat negarawan;;;;;;;
2:25  langsung di 𝐒𝐆𝐈𝟖𝟖 bang 😹😹;1;langsung sgi88 bang joy cat joy cat;;;;;;;
aura anaknya bung fitra gak sih 😅;0;aura anak bung fitra gak sih sweat smile;;;;;;;
Gini amat cuman jadi penonton doang😂;0;gin cuman jadi tonton doang joy;;;;;;;
Kalok punya malu harusnya mundur sih;0;kalok punya malu harus mundur sih;;;;;;;
Huawei yang esia ngoceh?? Emang masih ada?;0;huawei esia ngoceh emang;;;;;;;
emang gak se-fair alexis17 deh .;1;emang gak se fair alexis17 deh;;;;;;;
ishow speed borong 3;0;ishow speed borong;;;;;;;
𝗦𝗚𝗜𝟴𝟴 bikin ketagihan !;1;sgi88 bikin tagih;;;;;;;
28:44 G63 nya boleh tuhhhh;0;g63 nya tuhhhh;;;;;;;
beres2 rumah sambil nyepin;; pas dengar suaranya behhhhhh garang kaliii suara petirnya hahaha;; makasih ya ＭＡＮＤＡＬＩＫＡ７７;1;beres2 rumah nyepin pas dengar suara behhhhhh garang kaliii suara petir hahaha makasih mandalika77;;;
emang gak se-menguntungkan alexis17 .;1;emang gak se untung alexis17;;;;;;;
Semoga selalu diberi kemudahan main di mandalika77;1;moga selalu beri mudah main mandalika77;;;;;;;
Ayo bang ziko  sesekali main ke sency;0;ayo bang ziko sekal main sency;;;;;;;
Goxxx!! Mau dong bang jerseynya;0;goxxx mau dong bang jerseynya;;;;;;;
𝐀G𝘜𝘚TO𝘛𝘖 aku cba bntr; jepe gede lgnsung;1;agustoto aku cba bntr jepe gede lgnsung;;;;;;
iWasir... I was hereeeee;0;iwasir i was hereeeee;;;;;;;
derry new energy auto membeli saham mab ?;0;derry new energy auto beli saham mab;;;;;;;
untuk kang anis sorry deh; mendingan kang dedi mulyadi dan Ahok.;0;kang anis sorry deh mending kang dedi mulyadi ahok;;;;;;
hampir aja jadi episode skakmat terpendek wkwk;0;hampir aja jadi episode skakmat pendek wkwk;;;;;;;
@kkuchanel1083  siapa yg sedikit bicara banyak bertindak?🤣;0;kkuchanel1 83 siapa yg sedikit bicara banyak tindak rofl;;;;;;;
34:04 gila itu depan nya ngangkat..;0;gila depan nya ngangkat;;;;;;;
bro pada kemana aja sih? ALEXIS-17☯ lagi bagi-bagi mobil nih buat member setia;1;bro aja sih alexis yin mobil nih buat member setia;;;;;;;
Bikin emosi dari detik pertama.;0;bikin emosi detik pertama;;;;;;;
Jika Anda menghargai komunitas yang solid; 𝘈𝐺𝐔𝑆𝐓𝑂𝙏𝘖mungkin cocok.;1;harga komunitas solid agustotomungkin cocok;;;;;;
Ngerii kali antilag nya🔥🔥;0;ngeri kali antilag nya fire fire;;;;;;;
Main aman; untung maksimal; cuma di M𝗮𝘯𝐝𝗮𝑙𝗶𝒌𝐚𝟟𝟳!;1;main aman untung maksimal cuma mandalika77;;;;;
Prabowo tidak menjawab 😢;0;prabowo jawab cry;;;;;;;
lapar banget ; pengen bangun pagi kayak alexis17 .;1;lapar banget ken bangun pagi kayak alexis17;;;;;;
ubur ubur ikan lele berkah99 udah tayang lee;1;ubur ubur ikan lele berkah99 udah tayang lee;;;;;;;
bedanya 𝘼𝙇𝙀𝙓𝙄𝙎17 ya ? tenan .;1;beda alexis17 tenan;;;;;;;
kenal alexis17 ; gue tabungan .;1;kenal alexis17 gue tabung;;;;;;
Sumpah; gue gak nyangka bisa menang sebanyak ini di mandalika77 . Tempat ini luar biasa!;1;sumpah gue gak nyangka menang banyak mandalika77 tempat luar biasa;;;;;;
Gila sih; ❤A L E X I S 1 7❤ emang paling top!;1;gila sih heart a lexis1 heart emang paling top;;;;;;
gd bikin v8 lahh; pasti lebih manjanjikan di kompetisi;0;gd bikin v8 lahh lebih manjanjikan kompetisi;;;;;;
Nabung beli yang ori bukan yang kw;0;nabung beli ori bukan kw;;;;;;;
jumlah dislike nya gak muncul ya… apa udah kelewat kebanyaken 🤭;0;jumlah dislike nya gak muncul apa udah lewat kebanyaken face with hand over mouth;;;;;;;
Menit 2:20 salah; jaguar sudah dibeli 100 persen oleh chery;0;menit salah jaguar beli persen chery;;;;;;
Banh gimana mobil mas dipo sehabis crash di pertandingan;0;banh gimana mobil mas dipo habis crash tanding;;;;;;;
seminggu join alexis17 ; gue udah beliin ortu tiket umroh !;1;minggu join alexis17 gue udah beliin ortu tiket umroh;;;;;;
Penisirin.. yg bikin skripnya orangnya ky gmn ya.. 😅;0;penisirin yg bikin skrip orang ky gmn sweat smile;;;;;;;
Kapan GD pake mesin LS;0;kapan gd pake mesin ls;;;;;;;
woyyy mana ini?? ko komenan ga ada yg pro pa wowo ?? 😂😂😂;0;woyyy mana ko komenan ga yg pro pa wowo joy joy joy;;;;;;;
Keberuntungan besar bikin aku makin cinta sama 𝘼𝘏𝐌𝘼𝐷𝐓𝐎𝑇𝘖; thank you!;1;untung besar bikin aku makin cinta sama ahmadtoto thank you;;;;;;
seminggu join alexis17 ; gue udah beliin ortu smartphone !;1;minggu join alexis17 gue udah beliin ortu smartphone;;;;;;
Close enough;0;close enough;;;;;;;
Apa sih kemeja biru risih gua 🙂;0;apa sih kemeja biru risih gua slight smile;;;;;;;
𝘼𝙇𝙀𝙓𝙄𝙎17 bikin gue auto sultan seminggu ; gokil banget;1;alexis17 bikin gue auto sultan minggu gokil banget;;;;;;
ALEXIS-17☯ tuh emang bener-bener ngasih peluang ke semua orang;1;alexis yin tuh emang bener bener ngasih peluang semua orang;;;;;;;
𝘋oя𝐴 𝟽𝟽 menyediakan antarmuka ramah pengguna .;1;doyaa sedia antarmuka ramah guna;;;;;;;
Wkwkwkwk kena schoolar mate😂😂😂;0;wkwkwkwk kena schoolar mate joy joy joy;;;;;;;
SUPER MANTAP mandalika77 TERBAIK PALING MANTAP DENGAN RTP DI ATAS 98% BAGUS BANGET SEMOGA HOKI SEMOGA BISA NULAR SAMA PELAYER LAIN;1;super mantap mandalika77 baik paling mantap rtp atas bagus banget moga hoki moga nular sama layer;;;;;;;
1 d trending gatuh🎉 ★Mandalika77★;1;1d trending gatuh tada mandalika77;;;;;;;
untuk GM irene sukandar; tlong omelin dikit 24:47 🥲;0;gm irene sukandar tlong omelin dikit smiling face with tear;;;;;;
orang bilang alexis17 tuh bener-bener ngebantu keuangan .;1;orang bilang alexis17 tuh bener bener ngebantu uang;;;;;;;
Masa iy berziko kalah proper ma ini😂;0;masa iy berziko kalah proper ma joy;;;;;;;
luar biasa; ringkasan dan aspirasi yang mewakili.... mantaap ...;0;luar biasa ringkas aspirasi wakil mantaap;;;;;;
Astaghfirullah; kok gini presiden terpilih Indonesia . 😢;0;astaghfirullah kok gin presiden pilih indonesia cry;;;;;;
setuju bro gw jg main alexis17 gac0r;1;tuju bro gw jg main alexis17 gac r;;;;;;;
strategi matang keberanian eksekusi respek main ; 𝗣 𝗟 𝗨 𝗧 𝗢 𝟴 𝟴;1;strategi matang berani eksekusi respek main pluto88;;;;;;
mekswin mahjong ; seru banget;1;mekswin mahjong seru banget;;;;;;
Beli indomie topping nasi 🥲;0;beli indomie topping nasi smiling face with tear;;;;;;;
Ngakak bgt denger Pak Ahok ngomong gak bisa dihentikan;0;ngakak bgt denger pak ahok ngomong gak henti;;;;;;;
menghargai dukungan pelanggan ; 𝑺𝑼𝑯𝑼𝟑𝟐𝟖mungkin pilihan .;1;harga dukung langgan suhu328mungkin pilih;;;;;;
Baut roda nya ada 8; bener2 mobil palu;0;baut roda nya bener2 mobil palu;;;;;;
penuh kebahagiaan 𝘋𝘌𝙒a𝘋оя𝐴 ; rezeki menghampiri !;1;penuh bahagia dewadoyaa rezeki hampir;;;;;;
gue trend ; 𝙋𝙐𝙇𝘼𝙐𝙒𝙄𝙉 menggila .;1;gue trend pulauwin gila;;;;;;
semoga mandalika77 semakin sukses amin;1;moga mandalika77 makin sukses amin;;;;;;;
Auuuuuu mania;0;auuuuuu mania;;;;;;;
modal gacur ; lgsng jepe brusan;1;modal gacur lgsng jepe brusan;;;;;;
𝐌𝐢𝐘𝐚𝟖𝟖 ! main sebentar langsung kejutan ! keseruannya bikin nagih !;1;miya88 main sebentar langsung kejut seru bikin nagih;;;;;;;
🆄🅻🆄777 fitur lengkap;1;ulu777 fitur lengkap;;;;;;;
gue udah ga bayangin hidup alexis17 ! sih ; udah sumber rezeki utama;1;gue udah ga bayangin hidup alexis17 sih udah sumber rezeki utama;;;;;;
13:51    🐈 : misi bang yaaa...;0;cat2 misi bang yaaa;;;;;;;
knpa gak ada  sesi. testing ? . 🤔😄;0;knpa gak sesi testing thinking smile;;;;;;;
Baru sehari join ALEXIS⭐17⭐; gue udah dapet cuan buat beli motor!;1;baru hari join alexis star star gue udah dapet cuan buat beli motor;;;;;;
Kalo di itung dr nat nya gril ttp 7 strip mas jeje;0;kalo itung dr nat nya gril ttp strip mas jeje;;;;;;;
gak bosan main alexis17 ; menang !;1;gak bosan main alexis17 menang;;;;;;
Om knapa skarang kurua banget.. kaya bukan om mobi.. 😢;0;om knapa skarang rua banget kaya bukan om mob cry;;;;;;;
Huawei kepada tim mendang mending : 0:33;0;huawei tim dang mending;;;;;;;
​ @noviaarinjany122 wakilnya lagi bagi2 skincare di sekolahan kak 😢;0;noviaarinjany122 wakil bagi2 skincare sekolah kak cry;;;;;;;
Moderator nya di briefing;0;moderator nya briefing;;;;;;;
Ayo dong modif motor mas ziko;0;ayo dong modif motor mas ziko;;;;;;;
siapa yang kemarin coblos dia hah? brainless;0;siapa kemarin coblos hah brainless;;;;;;;
AHOOKKK CINTAKUUUU ❤❤❤❤;0;ahookkk cintakuuuu heart heart heart heart;;;;;;;
Pasti lambonya mau make bodykit lbwk wkwk;0;lambo mau make bodykit lbwk wkwk;;;;;;;
𝘼𝙇𝙀𝙓𝙄𝙎17 emang beda .;1;alexis17 emang beda;;;;;;;
anis nikke okesih;0;anis nikke okesih;;;;;;;
kpn punya pemimpin seperti ini begitu banyak solusi;0;kpn punya pimpin banyak solusi;;;;;;;
Ngerangkum sendiri atau pake AI nih bang?;0;ngerangkum sendiri pake ai nih bang;;;;;;;
terima kasih min alexis17 wede 8.000.000 masuk;1;terima kasih min alexis17 wede masuk;;;;;;;
Benar lagi 😂😂😂;0;benar joy joy joy;;;;;;;
 @ctgctg9921  baru tau ya?;0;ctgctg9921 baru tau;;;;;;;
Bru tau aku😅;0;bru tau aku sweat smile;;;;;;;
18:30 udah skakmat tuh padahal; Pandji blunder wkwkwk;0;udah skakmat tuh padahal pandji blunder wkwkwk;;;;;;
gak ngalahin keseruan main alexis17 .;1;gak ngalahin seru main alexis17;;;;;;;
Malu nya ketinggalan di MaKa;0;malu nya tinggal;;;;;;;
𝐷оrа𝟩𝟳 bikin hidup berwarna ; cuan gak berhenti !;1;dora77 bikin hidup warna cuan gak henti;;;;;;
Karna penta prima sponsor elite;0;karna penta prima sponsor elite;;;;;;;
Wow! Main ⚡ALEXIS17⚡ bikin nagih banget!;1;wow main zap alexis17 zap bikin nagih banget;;;;;;;
Tetangga be like : hadeeh ngapain lagi tuh si ziko? wkwkwk;0;tetangga be like hadeeh ngapain tuh si ziko wkwkwk;;;;;;;
Ahok mahfud ok lah. Yg lain jgn gegabah;0;ahok mahfud lah yg jgn gegabah;;;;;;;
gass modifikasi motor;0;gass modifikasi motor;;;;;;;
hidup cakep ? biarin cuan pu lau tujuh tujuh tujuh bantuin .;1;hidup cakep biarin cuan pu lau tujuh tujuh tujuh bantuin;;;;;;;
3 1/2 jam yapping doank ni orang; gmn gak ngeselin;0;jam yapping doank ni orang gmn gak ngeselin;;;;;;
bandar judol ya bang;0;bandar judol bang;;;;;;;
RIL CUY (beli kerupuk sih);0;ril cuy beli kerupuk sih;;;;;;;
 @caaneedsleep  apa itu boomer?;0;caaneedsleep apa boomer;;;;;;;
Langsung belibur ke kamp boja;0;langsung belibur kamp boja;;;;;;;
D tunggu konten modifikasi motornya bang;0;d tunggu konten modifikasi motor bang;;;;;;;
Ini modifikasi yg selera nya mas atenk😂;0;modifikasi yg selera nya mas atenk joy;;;;;;;
25:19 pak ahok menyelamatkan durasi video kali ini supaya jadi panjang 🤣🤣🤣;0;pak ahok selamat durasi video kali jadi panjang rofl rofl rofl;;;;;;;
 @BujangPamenan-w9i  INTELEKTUAL?;0;bujangpamenan w9i intelektual;;;;;;;
Gila sih; Main bareng ⚡ALEXIS17⚡ selalu seru!;1;gila sih main bareng zap alexis17 zap selalu seru;;;;;;
Mau tau rahasia sukses anak muda jaman now? Ya ALEXIS⭐17⭐ lah!;1;mau tau rahasia sukses anak muda jaman now alexis star star lah;;;;;;;
Ngelag? Enggak! WD? JALAN TERUS! p u I a u 7 7 7 emang top.;1;ngelag enggak wd jalan terus puiau777 emang top;;;;;;;
emang gak se-jujur alexis17 deh .;1;emang gak se jujur alexis17 deh;;;;;;;
Gas bg ziko modif aerox turbo;0;gas bg ziko modif aerox turbo;;;;;;;
Pulau 777 – Setiap kemenangan semakin dekat!;1;pulau menang makin dekat;;;;;;;
​ @asyariiiii Dukung sosoknya tapi benci kebijakannya. Kan kocak;0;asyariiiii dukung sosok benci bijak kan kocak;;;;;;;
komunitas nang mandalika77 iki sangat apik silih bawa amat sangat;1;komunitas nang mandalika77 iki sangat apik silih bawa sangat;;;;;;;
Hahahaha hahahaa😅;0;hahahaha hahahaa sweat smile;;;;;;;
best coach sih;1;best coach sih;;;;;;;
gak pusing mikirin biaya berobat kalo udah join alexis17 .;1;gak pusing mikirin biaya obat kalo udah join alexis17;;;;;;;
Zetzu putih = FPI kan? 😂​ @undead6868 ;0;zetzu putih fpi kan joy undead6868;;;;;;;
temen gue bilang alexis17 tuh game changer !;1;temen gue bilang alexis17 tuh game changer;;;;;;;
eh bro ; alexis17 ; event spesial nih ; hadiahnya liburan negeri;1;eh bro alexis17 event spesial nih hadiah libur negeri;;;;
jakpot bikin seru ; 𝘿𝘖я𝐀𝟳𝟽 !;1;jakpot bikin seru doyaa77;;;;;;
Best banget ini sumpahh;0;best banget sumpahh;;;;;;;
Makasih bro;0;makasih bro;;;;;;;
teriak hidup jokowi😂;0;teriak hidup jokowi joy;;;;;;;
SONY brand besar tp ga bisa bikin hp begituan;0;sony brand besar tp ga bikin hp begitu;;;;;;;
jepe kali maen ; auto betah;1;jepe kali maen auto betah;;;;;;
Bang boleh tau merk sepatu yang abang pakek apa ya ?;0;bang tau merk sepatu abang pakek apa;;;;;;;
Nunggu harga 3jt wifi only;0;nunggu harga 3jt wifi only;;;;;;;
bermain di𝐏 𝐋 𝐔 𝐓 𝐎 𝟖 𝟖 uang jajan nggak habis-habis !;1;main dip luto88 uang jajan habis habis;;;;;;;
wah bsa 2 alam neh tinggal ganti suspensi bisa ikut rally juga;0;wah bsa alam neh tinggal ganti suspensi ikut rally;;;;;;;
GAUSAH DI TONTON BUANG BUANG WAKTU;0;gausah tonton buang buang waktu;;;;;;;
hpnya ishowspeed;0;hpnya ishowspeed;;;;;;;
rezeki а𝘎𝙐𝙎𝐓ot𝑂 ; nggak nyangka !;1;rezeki agustoto nyangka;;;;;;
server2 luar emang lebih royal mesin nya daripada lokal; semalem gw maen di ｍ𝐀ⓝ𝓭𝐀𝕃Ꭵᵏ𝐀❼❼ menang banyak gua wkkw google sendiri bro;1;server2 luar emang lebih royal mesin nya lokal semalem gw maen mandalvka77 menang banyak gua wkkw google sendiri bro;;;;;;
wede aman ; sketer banget;1;wede aman sketer banget;;;;;;
Xmax GD style 😊;0;xmax gd style blush;;;;;;;
𝗪𝗘𝗧𝗢𝗡𝟴𝟴 bikin maxwin gampang;1;weton88 bikin maxwin gampang;;;;;;;
yang tidak di sukai itu auranya negative om;0;suka aura negative om;;;;;;;
berkah99 bikin kaya beneran ; mantap nya coba coba nagih !;1;berkah99 bikin kaya beneran mantap nya coba coba nagih;;;;;;
Angka dislike nya di non aktifkan? Kena mental keknya;0;angka dislike nya non aktif kena mental kek;;;;;;;
Gan hasil wede cair pula bermain dis3rver  mandalika77  angan- angan member; gua kelepek saking cakapnya  mandalika77  nyarik cuan.;1;gan hasil wede cair main dis3rver mandalika77 angan angan member gua kelepek saking cakap mandalika77 nyarik cuan;;;;;;
masha Allah; semoga ini menjadi amal jariah mas nya aamiin..;0;masha allah moga jadi amal jariah mas nya aamiin;;;;;;
"satu kata sih buat lu mas ""GOKIL"" keren bgt sih love it ❤";0;satu kata sih buat lu mas gokil keren bgt sih love it heart;;;;;;;
judulnta detail bgt;0;judulnta detail bgt;;;;;;;
Sy lebih tertarik pada merek HORNI.yg mirip mini Alphard.😂;0;sy lebih tarik merek horni yg mirip mini alphard joy;;;;;;;
Ngomong apa sih? GK jelas bjirrr🤔;0;ngomong apa sih gk jelas bjirrr thinking;;;;;;;
Maunya apa sih;0;mau apa sih;;;;;;;
Di Tasik masih liat beberapa charmant;0;tasik liat beberapa charmant;;;;;;;
Baru daftar; maen sebentar; lgsng jepe;1;baru daftar maen sebentar lgsng jepe;;;;;
rezeki 𝐒𝐆𝐈𝟖𝟖-bikin hariku bermakna ; terima kasih !;1;rezeki sgi88 bikin hari makna terima kasih;;;;;;
Bensin menggunakan aftur;0;bensin guna aftur;;;;;;;
6:08 itu porche baru kah 4X4😭;0;porche baru 4x4 sob;;;;;;;
@standardissue15  ngga mungkin selupanya;0;standardissue15 ngga mungkin lupa;;;;;;;
baru aja gw coba mandalika77 semalam ; lumayan lah dpt 2jt;1;baru aja gw coba mandalika77 malam lumayan lah dpt 2jt;;;;;;
alexis17 ; emang ga duanya ; pelayanan super royal ; wd lancar jaya;1;alexis17 emang ga dua layan super royal wd lancar jaya;;;;
selalu mantep broooo;0;selalu mantep broooo;;;;;;;
Pak ngejabat lagi pak;;;;;;;;;
yang saya tunggu tunggu;0;tunggu tunggu;;;;;;;
buset videonya sih gokil ; 𝘼𝙇𝙀𝙓𝙄𝙎17;1;buset video sih gokil alexis17;;;;;;
Mobil farel mana;0;mobil farel mana;;;;;;;
buset 𝘼𝙇𝙀𝙓𝙄𝙎17 dimana ; gokil abis ! .;1;buset alexis17 gokil abis;;;;;;
Bener bener nyeleweng jawabannya; pas dicecar malah habis waktunya 🤣;0;bener bener nyeleweng jawab pas cecar malah habis waktu rofl;;;;;;
Apakah bakalan Reborn?;0;bakal reborn;;;;;;;
Mobil Hammer EV paling keren sekali;0;mobil hammer ev paling keren sekali;;;;;;;
semangat bosqu ; terbaik 𝐒𝐆𝐈𝟖𝟖;1;semangat bosqu baik sgi88;;;;;;
otw belii bismillah awet;0;otw beli bismillah awet;;;;;;;
8:01 Ken Block almarhum 😂😂;0;ken block almarhum joy joy;;;;;;;
My idola...;0;my idola;;;;;;;
​​ @feeling_flat  harmony next yg terbaru sudah benar-benar tidak berbasis Android.;0;feeling flat harmony next yg baru benar benar bas android;;;;;;;
gokil abis;0;gokil abis;;;;;;;
Marsya.. Mirip apa emang dia ya?;0;marsya mirip apa emang;;;;;;;
Enak ya tinggal klaim keberhasilan anak muda indonesia;0;enak tinggal klaim hasil anak muda indonesia;;;;;;;
Hasil gacir dari 𝘈𝘎𝙐𝙎T𝙊T𝐎bikin hari makin seru. Mantap banget!;1;hasil gacir agustotobikin hari makin seru mantap banget;;;;;;;
𝘈𝘎𝑈𝙎𝘛𝙊𝐓O cuma modal receh; tapi hasilnya wow banget!;1;agustoto cuma modal receh hasil wow banget;;;;;;
Jalanin aja seperti kamu menjalani kebahagiaan di 【✌ 𝑨𝑳𝑬𝑿𝑰𝑺17  ✌】.;1;jalanin aja kamu jalan bahagia v alexis17 v;;;;;;;
keren abis 🎉;0;keren abis tada;;;;;;;
cuan jalan ; kerja senyum pu lau tujuh tujuh tujuh .;1;cuan jalan kerja senyum pu lau tujuh tujuh tujuh;;;;;;
Bener kaum pelangi;0;bener kaum pelangi;;;;;;;
Hahaha dahitsu gak ada yg di pilih😅;0;hahaha dahitsu gak yg pilih sweat smile;;;;;;;
menit 18 kayaknya sudah bisa skakmat itu;0;menit kayak skakmat;;;;;;;
Bravo TEMPO !!!!!;0;bravo tempo;;;;;;;
Yng penting ga pakek uang rakyat aja bang hehehe;0;yng penting ga pakek uang rakyat aja bang hehehe;;;;;;;
main aе𝙍𝘖𝟾8-bikin hariku menyenangkan ; terima kasih !;1;main aero88 bikin hari senang terima kasih;;;;;;
Mobil balap yang di biayai rakyat;0;mobil balap biaya rakyat;;;;;;;
Ganteng banget sih 💯!;0;ganteng banget sih;;;;;;;
Beneran apa gak sih. soalna ane udah sering dpt jp di mandalika77;1;beneran apa gak sih soalna ane udah sering dpt jp mandalika77;;;;;;;
lebih tepatnya nahan ketawa pas jawabannya mulai ngelantur;0;lebih tepat nahan ketawa pas jawab mulai ngelantur;;;;;;;
i love you;0;i love you;;;;;;;
Auto tajir di 𝗣 𝗨 𝗟 𝗔 𝗨 𝗪 𝗜 𝗡 🤑;1;auto tajir pulauwin money mouth;;;;;;;
Wkwkwkw tau deh nyindir siapa yg nabrak😂;0;wkwkwkw tau deh nyindir siapa yg nabrak joy;;;;;;;
alexis17 ! tuh emang bener-bener ngasih peluang orang sultan sejati;1;alexis17 tuh emang bener bener ngasih peluang orang sultan sejati;;;;;;;
Langsung struk presiden di tanyai mereka 😂;0;langsung struk presiden tanya joy;;;;;;;
Grafis D 𝘖 Я 𝘼 𝟳 𝟳 keren banget; bikin betah main! 🔅;1;grafis do a77 keren banget bikin betah main low brightness;;;;;;
@Entitas111  kebalik fernando.. bjimane si;0;entitas111 balik fernando bjimane si;;;;;;;
Jagan khawtir Siap Beli;kata Mas Dafid Cuma Harga 50 juta Aja;0;jagan khawtir siap beli kata mas dafid cuma harga juta aja;;;;;;
anjay di 5000 view nih gw;0;anjay view nih gw;;;;;;;
; bilang ; 𝘼𝙇𝙀𝙓𝙄𝙎17 top markotop ! abis .;1;bilang alexis17 top markotop abis;;;;;
bruntung banget woee yang bisa taxi driftt;0;bruntung banget woee taxi driftt;;;;;;;
happy banget dapet rezeki 𝐁𝐓𝐕❶❻❽ ; bener-bener puas !;1;happy banget dapet rezeki btv168 bener bener puas;;;;;;
​ @rahadiarum7448 dah nonton om?; itu wowo ditanya apa jawabnya apa kocak2;0;rahadiarum7448 dah nonton om wowo tanya apa jawab apa kocak2;;;;;;
edan ; 𝘼𝙇𝙀𝙓𝙄𝙎17 tuh kayak cheat code urusan ginian . parah .;1;edan alexis17 tuh kayak cheat code urus ginian parah;;;;;;
lancar lancar bang salam jepe 𝐒𝐆𝐈𝟖𝟖;1;lancar lancar bang salam jepe sgi88;;;;;;;
Ini cuma buat buang waktu;0;cuma buat buang waktu;;;;;;;
44:39 kirain ibu2nya ikutan pindah😊;0;kirain ibu2nya ikut pindah blush;;;;;;;
Seh dah ada Bae akun judol 🗿;0;seh dah bae akun judol moyai;;;;;;;
bisa pula saya rasanya maxwinn itu gimana; memanglah asian bngt hari ini kakak sekaligus harus coba bermain di sini 🤑 𝐖𝐄𝐓𝐎𝐍𝟖𝟖 🤑;1;rasa maxwinn gimana memang asi bngt hari kakak sekaligus coba main sini money mouth weton88 money mouth;;;;;;
Sya besok beli yg bisa lipat sepuluh;0;sya besok beli yg lipat puluh;;;;;;;
🅼🅰🅽🅳🅰🅻🅸🅺🅰77..Terpopuler masakini❤;1;mandalika77 populer masakini heart;;;;;;;
gue sih yes 𝘼𝙇𝙀𝙓𝙄𝙎17 . .;1;gue sih yes alexis17;;;;;;;
Bang coba hp tecno spark go 1 bg ripyu;0;bang coba hp tecno spark go bg ripyu;;;;;;;
temen gue bilang alexis17 tuh bikin nagih abis !;1;temen gue bilang alexis17 tuh bikin nagih abis;;;;;;;
alexis17 ; emang top dah ; ga bikin kecewa sampe jaman;1;alexis17 emang top dah ga bikin kecewa sampe jaman;;;;;
gokill gw maxwin digaruda-hoki modal 100doang;1;gokill gw maxwin garuda hoki modal 1 doang;;;;;;;
kuereen dwipo; menyala;0;kuereen dwipo nyala;;;;;;
dimana mulu heran gue;0;mulu heran gue;;;;;;;
CROSSTREK JUMAT YE;0;crosstrek jumat ye;;;;;;;
Mencari tantangan baru? А𝐗𝐿𝟳7𝟽 bisa menjadi jawabannya.;1;cari tantang baru axl777 jadi jawab;;;;;;;
Gausah spoiler cil;0;gausah spoiler cil;;;;;;;
salahnya dimana ya?;0;salah;;;;;;;
gue udah ga bayangin hidup alexis17 ; ; udah sumber penghasilan;1;gue udah ga bayangin hidup alexis17 udah sumber hasil;;;;;
Masih menunggu lanjutan project crosstrack;0;tunggu lanjut project crosstrack;;;;;;;
Episode paling lucu;0;episode paling lucu;;;;;;;
Ada yang tau beliau ini ngapain?;0;tau beliau ngapain;;;;;;;
02:42 kok bsa gtu wkwkwkw . 🅼🅰🅽🅳🅰🅻🅸🅺🅰77;1;kok bsa gtu wkwkwkw mandalika77;;;;;;;
Selamat bang semoga semakin berjaya🎉🎉;0;selamat bang moga makin jaya tada tada;;;;;;;
"Modif motor auto rata kanann ini mh hehe gass modif"" motor bang😁";0;modif motor auto rata kanann mh hehe gass modif motor bang grin;;;;;;;
ngeh kalo 𝘼𝙇𝙀𝙓𝙄𝙎17 sekeren . serius ?;1;ngeh kalo alexis17 keren serius;;;;;;;
nanya kebengkel bg 😭😭😭;0;nanya bengkel bg sob sob sob;;;;;;;
24:23 wkaokwaokwoaow SEKAK;0;wkaokwaokwoaow sekak;;;;;;;
Dari era jokowi selalu bertanya kapan ada gerakan revolusi yaa😌;0;era jokowi selalu tanya kapan gera revolusi yaa relieved;;;;;;;
sebulan main alexis17 ; gue udah liburan eropa !;1;bulan main alexis17 gue udah libur eropa;;;;;;
Emang ada presiden sebelum ini yang pernah diwawancara???;0;emang presiden pernah wawancara;;;;;;;
muncul medsos alexis17 !;1;muncul medsos alexis17;;;;;;;
Mantep bener nii 🎉;0;mantep bener nii tada;;;;;;;
semangat bosqu ; terbaik 𝐒𝐆𝐈𝟖𝟖;1;semangat bosqu baik sgi88;;;;;;
gue sih udah ga move on alexis17 ; ; gacor bikin kecanduan;1;gue sih udah ga move on alexis17 gacor bikin candu;;;;;
Gasss bikin konten modif motor matic;kalau bisa rata kanan😂;0;gasss bikin konten modif motor matic kalau rata kanan joy;;;;;;
bang spiker nya lupa di tes;0;bang spiker nya lupa tes;;;;;;;
gak gelar sarjana menang alexis17 .;1;gak gelar sarjana menang alexis17;;;;;;;
makswin brusan gates ; gg banget;1;makswin brusan gates gg banget;;;;;;
ok min ; weton88;1;min weton88;;;;;;
Jadi pengen beli hp ini semoga ada rejeki nya aamiin🎉;0;jadi ken beli hp moga rejeki nya aamiin tada;;;;;;;
Velg-nya jadul amat😂;0;velg nya jadul joy;;;;;;;
fix ! λlexis17 ; emang beda ; bikin member setia !;1;fix llexis17 emang beda bikin member setia;;;;;
sukaaa bangettt 𝐒𝐆𝐈𝟖𝟖;1;sukaaa bangettt sgi88;;;;;;;
namanya 𝘼𝙇𝙀𝙓𝙄𝙎17 ? unik banget .;1;nama alexis17 unik banget;;;;;;;
gue rela ninggalin nonton bola fokus alexis17 .;1;gue rela ninggalin nonton bola fokus alexis17;;;;;;;
​ @ZOE-TW  layar dia 4K; layar loe 720p... 🤣;0;zoe tw layar 4k layar loe 72 p rofl;;;;;;
Salut bang keren kontennya ; salam Jepe DI 𝐏𝐑𝐎𝐁𝐄𝐓𝟖𝟓𝟓;1;salut bang keren konten salam jepe probet855;;;;;;
𝐃 𝙀 W 𝘼 𝐃 O 𝐑 𝐴 gacir abis; sekali main langsung pengen lagi;1;dewadora gacir abis sekali main langsung ken;;;;;;
Jangan sampai ketinggalan; main di 𝘈𝐺𝐔𝑆𝐓𝑂𝙏𝘖dan rasakan sendiri!;1;jangan tinggal main agustotodan rasa sendiri;;;;;;
udah top markotop cuman 𝘼𝙇𝙀𝙓𝙄𝙎17;1;udah top markotop cuman alexis17;;;;;;;
Emang rx7 nya masih punya armuh?;0;emang rx7 nya punya armuh;;;;;;;
𝘈𝘎𝑈𝙎𝘛𝙊𝐓O tiap maen pasti ada aja jekpot; luar biasa;1;agustoto tiap maen aja jekpot luar biasa;;;;;;
Logis pak penghematan versi pak ahok;0;logis pak hemat versi pak ahok;;;;;;;
mending buat beli mi ayam;0;mending buat beli mi ayam;;;;;;;
setuju bang ✊🏽✊🏽;0;tuju bang fist fist;;;;;;;
salam 𝗪𝗘𝗧𝗢𝗡𝟴𝟴 ! gampang jepe ; sehat;1;salam weton88 gampang jepe sehat;;;;;;
alexis'17 cba ; langsung bawa pulang cuan gede;1;alexis cba langsung bawa pulang cuan gede;;;;;;
edaaaann gada yang suport semoga wapresnya nyadar dan tau malu wokwok;0;edaaaann gada suport moga wapresnya nyadar tau malu wokwok;;;;;;;
Makanya kerja yg giat biar bisa beli kayak sy;0;makanya kerja yg giat biar beli kayak sy;;;;;;;
Besok semoga;0;besok moga;;;;;;;
Syutingnya kaya yg gm irene dulu baru yg ini;0;syuting kaya yg gm irene dulu baru yg;;;;;;;
lomgsleeve nya cakep parahhh anjiir;0;lomgsleeve nya cakep parahhh anjiir;;;;;;;
tim gercep alexis17 nih !;1;tim gercep alexis17 nih;;;;;;;
Sebelum yg komen 100;0;yg komen;;;;;;;
emang gak se-profitable alexis17 deh .;1;emang gak se profitable alexis17 deh;;;;;;;
audionya kekecilan; pas iklan kaget gua gede bgt;0;audio kecil pas iklan kaget gua gede bgt;;;;;;
besok bkal lihat iphone made in vietnam;0;besok bkal lihat iphone made in vietnam;;;;;;;
Honda maestro juga bisa belok juga roda blakang nya;0;honda maestro belok roda blakang nya;;;;;;;
Ternyata benerGa ru da ho ki gacoor gua kira nyampah doang😍;1;nyata benerga ru da ho ki gacoor gua kira nyampah doang heart eyes;;;;;;;
bukti layar . 𝗣 𝗟 𝗨 𝗧 𝗢 𝟴 𝟴 tempatnya;1;bukti layar pluto88 tempat;;;;;;;
keren banget bang ; salam jepe 𝗪𝗘𝗧𝗢𝗡𝟴𝟴;1;keren banget bang salam jepe weton88;;;;;;
pawpaw4d bikin beruntung !;1;pawpaw4d bikin untung;;;;;;;
mager rumah ? rumah aja bareng ｐｕｌａｕｗｉｎ tetep asik .;1;mager rumah rumah aja bareng pulauwin tetep asik;;;;;;;
9:36 9:41 gas bang;0;gas bang;;;;;;;
anjir alexis17 situs kesukaan teman gw;1;anjir alexis17 situs suka teman gw;;;;;;;
dihina terlalu hina; dipuji ternyata namanya bukan puji...;0;hina terlalu hina puji nyata nama bukan puji;;;;;;
triton cakep banget;0;triton cakep banget;;;;;;;
sebulan gabung alexis17 ; gue udah beli tanah kavling !;1;bulan gabung alexis17 gue udah beli tanah kavling;;;;;;
Komen nyaa banyak yang negatif... ;;;;;;;;;
Setelah ku beli;biasa aja;0;ku beli biasa aja;;;;;;
Tiap saat gue selalu cek notif dari ALEXIS⭐17⭐.;1;tiap gue selalu cek notif alexis star star;;;;;;;
Editor kelasnya udah editor TV besar.;0;editor kelas udah editor tv besar;;;;;;;
gue rela ninggalin kerjaan fokus alexis17 .;1;gue rela ninggalin kerja fokus alexis17;;;;;;;
Nabrak bang 🤣;0;nabrak bang rofl;;;;;;;
Jangan sok edukasi kalai kerja masih dibantuin orang tua;0;jangan sok edukasi kalai kerja dibantuin orang tua;;;;;;;
Semua temen kampus gue pada heran liat gue sukses gara-gara ALEXIS⭐17⭐.;1;semua temen kampus gue heran liat gue sukses gara gara alexis star star;;;;;;;
menang sampah ya ?;0;menang sampah;;;;;;;
Lu bener sih kalo ini;0;lu bener sih kalo;;;;;;;
𝔾 Ã ل Ã ℍ 𝟭 𝟯 𝟴 ..Terpopuler masakini❤️;1;galah138 populer masakini heart;;;;;;;
menang pawpaw4d ; gak membanggakan !;1;menang pawpaw4d gak bangga;;;;;;
𝐃𝙊𝘙𝐴𝟽7bikin hidup lebih berwarna; rezeki datang silih berganti!;1;dora77bikin hidup lebih warna rezeki datang silih ganti;;;;;;
Kenal Huawei dari thn 2007 emang luar biasa gebrakan nya gak tanggung;0;kenal huawei thn emang luar biasa gebrak nya gak tanggung;;;;;;;
Wajib coba! ❤A L E X I S 1 7❤ emang paling top!;1;wajib coba heart a lexis1 heart emang paling top;;;;;;;
akhirnya woiii;0;akhir woiii;;;;;;;
Menit 56 ​ @aturduit_id ;0;menit aturduit id;;;;;;;
kan di undng undang ga bisa wak;0;kan undng undang ga wak;;;;;;;
Sehat selalu maa Gibran;0;sehat selalu maa gibran;;;;;;;
𝗺𝗮𝗶𝗻 𝘀𝗮𝗷𝗮 𝗱𝗶 M𝗮𝘯𝐝𝗮𝑙𝗶𝒌𝐚𝟟𝟳!  Jarang2 dapat ling bagus baru kali ini merasakan petir merah si kakek; senang x hati ini hahaha ;;1;main mandalika77 jarang2 ling bagus baru kali rasa petir merah si kakek senang x hati hahaha;;;;;
Yg shs itu fwd atau awd?;0;yg shs fwd awd;;;;;;;
gw sampe meledak nih alexis17 jd 45jt;1;gw sampe ledak nih alexis17 jd 45jt;;;;;;;
lagi co di toko oren;0;co toko oren;;;;;;;
swert bonanja gacir pol ; nggak prnh zonk;1;swert bonanja gacir pol prnh zonk;;;;;;
gak bosan main alexis17 ; menang !;1;gak bosan main alexis17 menang;;;;;;
Speed pertama;0;speed pertama;;;;;;;
Pertimbangkan untuk menjelajahi 1:24 ＭΛＮDALIKΛ𝟟𝟟-jika Anda menghargai inovasi dan kreativitas.;1;timbang jajah mlndalikl77 harga inovasi kreativitas;;;;;;;
auto jepey ! 𝗪𝗘𝗧𝗢𝗡𝟴𝟴;1;auto jepey weton88;;;;;;;
lebih menarik baca commentnya;0;lebih tarik baca commentnya;;;;;;;
​ @fishybrad  wkwk terserah lu aja lah wahai antek soros wkwk;0;fishybrad wkwk serah lu aja lah wahai antek soros wkwk;;;;;;;
orang bilang alexis17 tuh bener-bener bikin nagih .;1;orang bilang alexis17 tuh bener bener bikin nagih;;;;;;;
HP yang di borong Ishowspeed 3 biji di cina wkwk;0;hp borong ishowspeed biji cina wkwk;;;;;;;
rog ally x ; gacor bg;0;rog ally x gacor bg;;;;;;
orang bilang alexis17 tuh blessing banget !;1;orang bilang alexis17 tuh blessing banget;;;;;;;
sehat kang semngat ngonten dilancarkan urusannya salam 𝐒𝐆𝐈𝟖𝟖;1;sehat kang semngat ngonten lancar urus salam sgi88;;;;;;;
gue udah buktiin 𝘼𝙇𝙀𝙓𝙄𝙎17 tuh scam ; udah wd puluhan juta lancar;1;gue udah buktiin alexis17 tuh scam udah wd puluh juta lancar;;;;;;
Lama banget main caturnya;0;lama banget main catur;;;;;;;
mumpung gacornya gaskan aja bos alexis'17;1;mumpung gacornya gas aja bos alexis;;;;;;;
pamer u17; nol konsep;0;pamer u17 nol konsep;;;;;;
lah lu tuli ya? jelas jelas uda dijawab tu;kasian dah wibu ni;0;lah lu tuli jelas jelas uda jawab tu kasi dah wibu ni;;;;;;
ubur ubur ikan lele 𝑷𝑶𝑲𝑬𝑹𝑩𝑶𝑳𝑨 mantap le !;1;ubur ubur ikan lele pokerbola mantap le;;;;;;;
Tombol dislike ud non aktif ya hehe;0;tombol dislike ud non aktif hehe;;;;;;;
Yeaayyyy akhirnya;0;yeaayyyy akhir;;;;;;;
Menerapkan wong liyo ngerti opo 🤣;0;terap wong liyo ngerti opo rofl;;;;;;;
Inget tetangga bang zik khilaf ya😅😅😅;0;inget tetangga bang zik khilaf sweat smile sweat smile sweat smile;;;;;;;
jepe ; wede gampang banget;1;jepe wede gampang banget;;;;;;
gue udah ga bayangin hidup 𝘼𝙇𝙀𝙓𝙄𝙎17 ; udah sumber penghasilan;1;gue udah ga bayangin hidup alexis17 udah sumber hasil;;;;;;
Main di MANDALIKA-77- langsung bikin hari jadi lebih cerah! 😩 🥺;1;main mandalika langsung bikin hari jadi lebih cerah weary pleading face;;;;;;;
terima kasi rezekinya 𝗪𝗘𝗧𝗢𝗡𝟴𝟴;1;terima kasi rezeki weton88;;;;;;;
kakek hehehe join 𝐁𝐔𝐊𝐈𝐓𝟖𝟖𝟖;1;kakek hehehe join bukit888;;;;;;;
gak nyangka menang 𝘿 𝑂 𝑅 𝐴 𝟳 𝟳 ; serasa mimpi siang bolong !;1;gak nyangka menang dora77 serasa mimpi siang bolong;;;;;;
banjir cuan ! 𝑲𝑰𝑵𝑮𝟑𝟐𝟖 gak lawan !;1;banjir cuan king328 gak lawan;;;;;;;
Best SKAKMAT so far;0;best skakmat so far;;;;;;;
pantes rame ini mandalika77 wkwkwkwkwk;1;pantes rame mandalika77 wkwkwkwkwk;;;;;;;
yg tunggu2 𝗪𝗘𝗧𝗢𝗡𝟴𝟴;1;yg tunggu2 weton88;;;;;;;
Eh kenapa itu Mas Gubernur?;0;eh mas gubernur;;;;;;;
Isi konten Tulang Semua; lebih Daging Komennya ahahahahhah😅;0;isi konten tulang semua lebih daging komennya ahahahahhah sweat smile;;;;;;
Baru sehari join ALEXIS⭐17⭐; gue udah dapet cuan ratusan juta!;1;baru hari join alexis star star gue udah dapet cuan ratus juta;;;;;;
Slalu keren kalau bikin mobilll 👍👍👍👍;0;slalu keren kalau bikin mobilll thumbsup thumbsup thumbsup thumbsup;;;;;;;
Sama Ka.. 😂;0;sama ka joy;;;;;;;
buzzerRp lagi kurang bayarannya jadi dislike ya... Parah Ndak setia;0;buzzerrp kurang bayar jadi dislike parah ndak setia;;;;;;;
Gw udh Pre-Order 2 biji;0;gw udh pre order biji;;;;;;;
24:48 SKAKMAT PANDJI 😂;0;skakmat pandji joy;;;;;;;
orang bilang alexis17 tuh bener-bener ngebantu ekonomi .;1;orang bilang alexis17 tuh bener bener ngebantu ekonomi;;;;;;;
langsung beli mie ayam;0;langsung beli mie ayam;;;;;;;
gw demen gas 𝗦𝗚𝗜𝟴𝟴 wkwkwkww seru . sering2 sih mah;1;gw demen gas sgi88 wkwkwkww seru sering2 sih mah;;;;;;;
pulau wisatanya jg ; pulau randayan ; lemukutan;1;pulau wisata jg pulau randayan lukut;;;;;
"3 jam menjadi sia"" tak ads yg berbobot dari jawaban";0;jam jadi sia tak ads yg bobot jawab;;;;;;;
Isi ngga pantes upload;0;isi ngga pantes upload;;;;;;;
cuma disini yg bikin nonton betah sampek akhir wkwkkw;0;cuma sini yg bikin nonton betah sampek akhir wkwkkw;;;;;;;
ᗩᗷG ᗯIᑎ terpopuler di Indonesia🦅;1;bokug gooiti populer indonesia eagle;;;;;;;
Gakan berani ngundang tempo;0;gakan berani ngundang tempo;;;;;;;
​ @maizarindra498  ok coba jabarin 1 per 1;0;maizarindra498 coba jabarin per;;;;;;;
trending yokkkkkkk;0;trending yokkkkkkk;;;;;;;
ketawain gak sih itu  yang spam2 jud ol di kira bakl tertarik;0;ketawain gak sih spam2 jud ol kira bakl tarik;;;;;;;
Mobil oke tapi kurang di interior tombol fisiknya minim;0;mobil oke kurang interior tombol fisik minim;;;;;;;
the best 𝐒𝐆𝐈𝟖𝟖 byar !;1;the best sgi88 byar;;;;;;;
maacihhh abang bos gw ngerasain namanya wede serta cuannn gedek banyak ini memang terbaik bermain di web mandalika77;1;maacihhh abang bos gw ngerasain nama wede cuannn gedek banyak memang baik main web mandalika77;;;;;;;
Kalau di luar sana sering kok dipakai Offroad;0;kalau luar sana sering kok pakai offroad;;;;;;;
ditunggu wawancara serupa dengan wakil presiden🙏🏽;0;tunggu wawancara rupa wakil presiden pray;;;;;;;
modal receh ; lgsng mekswin gg;1;modal receh lgsng mekswin gg;;;;;;
"Mau di poles bagaimana pun..kalo ""kosong"" mah.. kelihatan";0;mau poles bagaimana kalo kosong mah lihat;;;;;;;
Otw buat modifan  serupa di game;0;otw buat modifan rupa game;;;;;;;
alexis17 emang berbeda;1;alexis17 emang beda;;;;;;;
swert bonanja gacir ; modal jepek;1;swert bonanja gacir modal jepek;;;;;;
sumpah apapun alexis17 tuh bener-bener ngebantu banget pas bokek;1;sumpah apa alexis17 tuh bener bener ngebantu banget pas bokek;;;;;;;
gue udah coba main jam-jam ; alexis17 ; emang gacor jam 1 pagi;1;gue udah coba main jam jam alexis17 emang gacor jam pagi;;;;;
sabar dipimpin pemerintah ga kompeten sampe 2029? gua sih gamau 😸😸;0;sabar pimpin perintah ga kompeten sampe gua sih gamau smile cat smile cat;;;;;;;
50jt an aja😅;0;5 jt an aja sweat smile;;;;;;;
Crossbar nya ko ga di buka sih jadi kurang kece;0;crossbar nya ko ga buka sih jadi kurang kece;;;;;;;
Tantangan terberat bangsa indonesia adalah punya wapres dirimu;0;tantang berat bangsa indonesia punya wapres diri;;;;;;;
Gw udah PO bang;0;gw udah po bang;;;;;;;
Om di pin aja salah satu komen biar komen judol ga papling atas;0;om pin aja salah satu komen biar komen judol ga papling atas;;;;;;;
а𝘎𝙐𝙎𝐓ot𝑂menawarkan pendekatan berbeda keterlibatan daring .;1;agustotomenawarkan dekat beda libat daring;;;;;;;
tarik hasil kemenangan а𝐸𝑅𝙊𝟴𝟴 ; mewujudkan impian !;1;tarik hasil menang aero88 wujud impi;;;;;;
the best pokoknya 𝘼𝙇𝙀𝙓𝙄𝙎17 ! tenan ?;1;the best pokok alexis17 tenan;;;;;;;
seminggu main alexis17 ; gue udah ganti kamera dslr !;1;minggu main alexis17 gue udah ganti kamera dslr;;;;;;
bener pak jangan sampe jadi macan sirkus atau malah jadi kucing;0;bener pak jangan sampe jadi macan sirkus malah jadi kucing;;;;;;;
orang bilang alexis17 tuh miracle banget !;1;orang bilang alexis17 tuh miracle banget;;;;;;;
Sama broooo mauuu ke store;0;sama broooo mauuu store;;;;;;;
orang bilang alexis17 tuh game changer banget !;1;orang bilang alexis17 tuh game changer banget;;;;;;;
Belum ada di oren😢;0;oren cry;;;;;;;
​​→ＰＵＬＡＵ７７７🔥 – Dimana setiap kemenangan jadi kenyataan! 11:21;1;pulau777 fire menang jadi nyata;;;;;;;
Berkali-kali main Olympus di mandalika77 hasilnya mantapp wee; semoga kalian yang ikutin saran aku dapat Hokinya juga ya.;1;kali kali main olympus mandalika77 hasil mantapp wee moga kalian ikutin saran aku hoki;;;;;;
Mending sugeng menjawab 😅;0;mending sugeng jawab sweat smile;;;;;;;
ALEXIS-17☯ tuh emang bener-bener ngebantu banget pas gua lagi butuh;1;alexis yin tuh emang bener bener ngebantu banget pas gua butuh;;;;;;;
hapuslah komen 𝓟 𝓤 𝓛 4 𝓤 𝓦 𝓘 𝓝;1;hapus komen pul4uwin;;;;;;;
episode paling gilak!!! AHOK 2029 yok bisa yok;0;episode paling gilak ahok yok yok;;;;;;;
jelajahi dunia 𝘿ew𝘼𝐷𝑂𝐑a lihat ditawarkannya .;1;jelajah dunia dewadora lihat tawar;;;;;;;
temen gue bilang alexis17 tuh bikin kecanduan !;1;temen gue bilang alexis17 tuh bikin candu;;;;;;;
Mas Ridwan Hilang;; 😅;0;mas ridwan hilang sweat smile;;;;;
Kok blm nge review chery tiggo 8 PHEV om..😅;0;kok blm nge review chery tiggo phev om sweat smile;;;;;;;
sebulan main alexis17 ; gue udah dp mobil mewah !;1;bulan main alexis17 gue udah dp mobil mewah;;;;;;
Yang ngarang itu jawaban dari anda pak prabowo;0;ngarang jawab pak prabowo;;;;;;;
main 1 x lagsung boncos ga untung mending app;1;main 1x lagsung boncos ga untung mending app;;;;;;;
Udh bg. Gw beli kopi;0;udh bg gw beli kopi;;;;;;;
DP 5juta berapa tahun cicilan ya;0;dp 5juta berapa tahun cicil;;;;;;;
gak pusing mikirin duit kalo udah gabung alexis17 .;1;gak pusing mikirin duit kalo udah gabung alexis17;;;;;;;
𝘋𝐄𝘞𝐀𝐃O𝐑𝘈; pecah terus mekswin;1;dewadora pecah terus mekswin;;;;;;
Gak percaya bisa menang sebanyak ini di ＭΛＮDALIKΛ𝟟𝟟; mimpi jadi realita!;1;gak percaya menang banyak mlndalikl77 mimpi jadi realita;;;;;;
gak gagal ; weton88;1;gak gagal weton88;;;;;;
Salut buat subaru.. masuk indo langsung full drifting...;0;salut buat subaru masuk indo langsung full drifting;;;;;;;
Hiburan bgt baca komen2 nya .. setidaknya merasa terwakilkan 😂;0;hibur bgt baca komen2 nya rasa wakil joy;;;;;;;
Makasih udah mengaku salah kak. Itu hal perlu di apresiasi;0;makasih udah aku salah kak perlu apresiasi;;;;;;;
Ngomong opo ae😂...ngomong tapi nggak Tau maknanya cuma ngomong😂;0;ngomong opo ae joy ngomong tau makna cuma ngomong joy;;;;;;;
alexis17 ; tuh emang bener-bener ngubah hidup gue ; miskin sultan;1;alexis17 tuh emang bener bener ngubah hidup gue miskin sultan;;;;;
Anis dan ganjar juga bgitu; dikelilingi oligarki jadi sama aja;0;anis ganjar bgitu keliling oligarki jadi sama aja;;;;;;
hidup lo vibes cobain pu lau tujuh tujuh tujuh .;1;hidup lo vibes cobain pu lau tujuh tujuh tujuh;;;;;;;
keren kieuu mang Bimooo!;0;keren kieuu mang bimooo;;;;;;;
tongkrongan cerita ; iseng-iseng kenal pulauwin aktif .;1;tongkrong cerita iseng iseng kenal pulauwin aktif;;;;;;
modal alexis17 bermanfaat .;1;modal alexis17 manfaat;;;;;;;
03:25 p u l a u w i n bikin penasaran;1;pulauwin bikin penasaran;;;;;;;
Redi dijual mesin 2jzgte. 108;0;redi jual mesin 2jzgte;;;;;;;
Memang paling tepat main di 𝙈𝘼𝙉𝘿𝘼𝙇𝙄𝙆𝘼77.. untung dapat saran dari teman yang baru menang juga...;1;memang paling tepat main mandalika77 untung saran teman baru menang;;;;;;;
48:32 paling seneng kalau om mobi udah ngomong hyendeeeeiii🤣;0;paling neng kalau om mob udah ngomong hyendeeeeiii rofl;;;;;;;
otw nyungsep;0;otw nyungsep;;;;;;;
ngomongin 𝘼𝙇𝙀𝙓𝙄𝙎17 ; ikutan kepo . abis .;1;ngomongin alexis17 ikut kepo abis;;;;;;
Tapi ada om mobi lebih seru;0;om mob lebih seru;;;;;;;
temen arisan gue kepo penghasilan alexis17 .;1;temen arisan gue kepo hasil alexis17;;;;;;;
berkembang arhan semangattt ! ! ! ! ! salam alexis17 ! gampang jepe;1;kembang arhan semangattt salam alexis17 gampang jepe;;;;;;;
Ke 100🎉😂❤😢😮😅😊;0;tada joy heart cry open mouth sweat smile blush;;;;;;;
Naikin gaji editor;0;naikin gaji editor;;;;;;;
Gila sih; Bangga banget jadi bagian dari 🔥⚡ALEXIS17⚡?🔥;1;gila sih bangga banget jadi bagi fire zap alexis17 zap fire;;;;;;
𝓶𝓪𝓷𝓭𝓪𝓵𝓲𝓴𝓪77 bro ; gw main disini gak pakai janji palsu bro cuman disini gw sering menang;1;mandalika77 bro gw main sini gak pakai janji palsu bro cuman sini gw sering menang;;;;;;
Samsung : tungguin aja ntar...;;;;;;;;;
Otw beli buat mbak art di rumah;0;otw beli buat mbak art rumah;;;;;;;
orang bilang alexis17 tuh bener-bener ngebantu ekonomi .;1;orang bilang alexis17 tuh bener bener ngebantu ekonomi;;;;;;;
Main di 𝘈𝐺𝐔𝑆𝐓𝑂𝙏𝘖rasanya kayak mimpi! Hasilnya langsung melimpah!;1;main agustotorasanya kayak mimpi hasil langsung limpah;;;;;;;
Pengen nangis mobilnya hancur😢😢😢😢;0;ken nang mobil hancur cry cry cry cry;;;;;;;
lebih baik tanya ke yt dokter mobil indonesia aja;0;lebih baik tanya yt dokter mobil indonesia aja;;;;;;;
gw coba alexis17 yg lg viral 100rb 3jt sampe sejam;1;gw coba alexis17 yg lg viral 1 rb 3jt sampe jam;;;;;;;
seminggu main alexis17 ; gue udah ganti perabotan rumah !;1;minggu main alexis17 gue udah ganti perabot rumah;;;;;;
Is this ai???;0;is this ai;;;;;;;
Makasih ya clipper tara arts dan gema show;0;makasih clipper tara arts gema show;;;;;;;
35:06 menyala bang ziko😂;0;nyala bang ziko joy;;;;;;;
Semangat trs mas umbu;0;semangat trs mas umbu;;;;;;;
preeeet ; emang percaya ?;1;preeeet emang percaya;;;;;;
Semangat Bosqu ; Terbaik ⭐𝐒𝐆𝐈𝟖𝟖;1;semangat bosqu baik star sgi88;;;;;;
gak modal jutaan sukses alexis17 .;1;gak modal juta sukses alexis17;;;;;;;
Pantesan lama reviewnya;;;;;;;;;
KDM ngga dulu deh; masih perlu pembuktian;0;kdm ngga dulu deh perlu bukti;;;;;;
Serasa liat joe biden yang bicara nya ngelantur;0;serasa liat joe biden bicara nya ngelantur;;;;;;;
Di Hina Tidak Tumbang; Di Puji Tidak Pantas;0;hina tumbang puji pantas;;;;;;
emang gak se-mantep alexis17 deh .;1;emang gak se mantep alexis17 deh;;;;;;;
Beli nokia N gage..;0;beli nokia n gage;;;;;;;
Hidup lebih seru di 1:08🅱️UK𝐼𝑇 ８8𝟴;1;hidup lebih seru 8bukit;;;;;;;
gw demen gas 𝗪𝗘𝗧𝗢𝗡𝟴𝟴 wkwkwkww seru . sering2 sih mah;1;gw demen gas weton88 wkwkwkww seru sering2 sih mah;;;;;;;
Gacir bener; baru maen udh jepe;1;gacir bener baru maen udh jepe;;;;;;
Ahok- mahfud RI 1 & 2 langsung jadi negara kita;0;ahok mahfud ri langsung jadi negara;;;;;;;
Gw nunggu yg lipet 5😂;0;gw nunggu yg lipet joy;;;;;;;
50 orang tercepat😋;0;orang cepat yum;;;;;;;
dikasih keuntungan serupa𝐏 𝐋 𝐔 𝐓 𝐎 𝟖 𝟖 wd aman;1;kasih untung serupap luto88 wd aman;;;;;;;
50 juta aja bukan buat kaum mendang mending ya 😅;0;juta aja bukan buat kaum dang mending sweat smile;;;;;;;
yang kaya pasti akan selalu diganggu 25:06;0;kaya selalu ganggu;;;;;;;
Fortuner kaga dianggap bang 😂😂😂; 🔥🔥🔥;0;fortuner kaga anggap bang joy joy joy fire fire fire;;;;;;
23:10 M4 Hobibarbar 🔥;0;m4 hobibarbar fire;;;;;;;
 @rizkyaja.3810  mending lu aja sono yg jd pleciden;0;rizkyaja mending lu aja sono yg jd pleciden;;;;;;;
Isi klaim prestasi orang lain😂;0;isi klaim prestasi orang joy;;;;;;;
emang gak se-menguntungkan alexis17 .;1;emang gak se untung alexis17;;;;;;;
Kenapa Narasi isinya buzzer semua?;0;narasi isi buzzer semua;;;;;;;
China emg ga ad obat inovasinya. 🔥;0;china emg ga ad obat inovasi fire;;;;;;;
Is the best GD Subaru;0;is the best gd subaru;;;;;;;
Dari waktu debat capres jg begitu di tanya apa di jawab apa;0;waktu debat capres jg tanya apa jawab apa;;;;;;;
𝘼𝙇𝙀𝙓𝙄𝙎17 bikin mood bagus ; anjay . fix !;1;alexis17 bikin mood bagus anjay fix;;;;;;
modal 50k lgsng makswin ; gg parah;1;modal 5 k lgsng makswin gg parah;;;;;;
Seru abis! Main bareng ⚡ALEXIS17⚡ selalu seru!;1;seru abis main bareng zap alexis17 zap selalu seru;;;;;;;
interaksi tak terduga lucunya panji sama ahok;0;interaksi tak duga lucu panji sama ahok;;;;;;;
sumpah alexis17 ! tuh bener-bener ngebantu banget pas butuh duit cepet;1;sumpah alexis17 tuh bener bener ngebantu banget pas butuh duit cepet;;;;;;;
Saya nonton langsung skip 320 detik;0;nonton langsung skip detik;;;;;;;
Thumbnainya diganti ya?;0;thumbnainya ganti;;;;;;;
Gokil sih; buat gulingkan clan mulyono😂;0;gokil sih buat guling clan mulyono joy;;;;;;
Bahaya kadrun;0;bahaya kadrun;;;;;;;
Bapak sama anak kok satu keluarga wkwkwk eeehh;0;bapak sama anak kok satu keluarga wkwkwk eeehh;;;;;;;
ok min ; weton88;1;min weton88;;;;;;
Prabowo Membantah;0;prabowo ban;;;;;;;
Ada mobil si tampans semua wanita dpt dimiliki dan fokus karir;0;mobil si tampans semua wanita dpt milik fokus karir;;;;;;;
Swert Bonanja makswin; puas banget;1;swert bonanja makswin puas banget;;;;;;
promo depositnya bikin hoki;1;promo deposit bikin hoki;;;;;;;
0:02 Wah keren probet855 terbaik menang mudah;1;wah keren probet855 baik menang mudah;;;;;;;
Wede gampang; situsnya terpercaya banget;1;wede gampang situs percaya banget;;;;;;
yapping yapping yapping;0;yapping yapping yapping;;;;;;;
𝐃O𝘙𝐴𝟳𝟩 gachor abis; baru coba langsung mekswin;1;dora77 gachor abis baru coba langsung mekswin;;;;;;
Kena banned malah op 👍🏻;0;kena banned malah op thumbsup;;;;;;;
seminggu join alexis17 ; gue udah beliin ortu tiket umroh !;1;minggu join alexis17 gue udah beliin ortu tiket umroh;;;;;;
​ @asyariiiii  pikiran macam apa ini; 🙏😭;0;asyariiiii pikir macam apa pray sob;;;;;;
Setelah pak presiden; next wakilnya boleh yaaa.;0;pak presiden next wakil yaaa;;;;;;
hp ishowspeed;0;hp ishowspeed;;;;;;;
sukses terimakasih wd besarnya λlexis17 ;;1;sukses terimakasih wd besar llexis17;;;;;;
Tetap Konsisten Pak Prabowo 💪🏼;;;;;;;;;
𝐊𝐨𝐢𝐒𝐋𝐎𝐓 bikin pemula langsung pede !;1;koislot bikin mula langsung pede;;;;;;;
Bermanfaat sekali kak;0;manfaat sekali kak;;;;;;;
😂😂😂😂 wanjaaay; quotes nya brillant bgt;0;joy joy joy joy wanjaaay quotes nya brillant bgt;;;;;;
beda kan logat sama cari muka paham lo;0;beda kan logat sama cari muka paham lo;;;;;;;
9:26 langsung tamat kek nya kalo modif motor🤣;0;langsung tamat kek nya kalo modif motor rofl;;;;;;;
░M𝑨 N 𝑼 𝑻88░ selalu jadi alternatif yang pas untuk menghidupi keluargaku;1;ma nu t88 selalu jadi alternatif pas hidup keluarga;;;;;;;
ga ru da ho ki .. member jepe;1;ga ru da ho ki member jepe;;;;;;;
sehat kang semngat ngonten dilancarkan urusannya salam 𝗦𝗚𝗜𝟴𝟴;1;sehat kang semngat ngonten lancar urus salam sgi88;;;;;;;
makswin brusan gates ; seneng banget;1;makswin brusan gates neng banget;;;;;;
Baru gabung ALEXIS⭐17⭐ seminggu; udah bisa ganti motor!;1;baru gabung alexis star star minggu udah ganti motor;;;;;;
89.180 orang tercepat;0;orang cepat;;;;;;;
Kalo udah main di 𝘋𝐄𝘞𝐀𝐃O𝐑𝘈; ketagihan pasti soalnya gachor bgt;1;kalo udah main dewadora tagih soal gachor bgt;;;;;;
jepey 𝗪𝗘𝗧𝗢𝗡𝟴𝟴 ; beneran !;1;jepey weton88 beneran;;;;;;
24:58 bang aing masuk tv bang 🙏;0;bang aing masuk tv bang pray;;;;;;;
kerennn contentnya bang ; cari situs 𝐒𝐆𝐈𝟖𝟖;1;kerennn contentnya bang cari situs sgi88;;;;;;
Ada apa dengan roda belakang kiri🤔;0;apa roda belakang kiri thinking;;;;;;;
gak pusing mikirin biaya nikah kalo udah join alexis17 .;1;gak pusing mikirin biaya nikah kalo udah join alexis17;;;;;;;
Auto sultan bareng ρüℓAυ777; cuaan mulu!;1;auto sultan bareng rulay777 cua mulu;;;;;;
Pertama nonton 😂;0;pertama nonton joy;;;;;;;
Bisa OPO iki orang kaya gini😂😂😂;0;opo iki orang kaya gin joy joy joy;;;;;;;
Kurang seru ga ada tempo😅;0;kurang seru ga tempo sweat smile;;;;;;;
rejeki nambah ; nggak nyesel nyobain;1;rejeki nambah nyesel nyobain;;;;;;
hormat pak Ahok;0;hormat pak ahok;;;;;;;
Otw beli creamy latte;0;otw beli creamy latte;;;;;;;
Zenix jadi keliatan mungil wkwk;0;zenix jadi liat mungil wkwk;;;;;;;
Lah gimana ini 😂​ @asyariiiii ;0;lah gimana joy asyariiiii;;;;;;;
Brand lain cuma ganti posisi kamera aj ...huawei mantB;0;brand cuma ganti posisi kamera aj huawei mantb;;;;;;;
gas coba modif xmax nya;0;gas coba modif xmax nya;;;;;;;
alhamdulillah udah ... techno;0;alhamdulillah udah techno;;;;;;;
Ban nya kok bisa lepas lagi mas😂;0;ban nya kok lepas mas joy;;;;;;;
udah abis di indo bang udah gw borong;0;udah abis indo bang udah gw borong;;;;;;;
temen gue bilang alexis17 tuh bikin ketagihan !;1;temen gue bilang alexis17 tuh bikin tagih;;;;;;;
Ini siapa sih pembisik pak presiden??? Kenapa jadi begini??;0;siapa sih bisik pak presiden jadi begini;;;;;;;
Mungkin kita harus pake buzzer sekarang'  hehehe..;0;mungkin pake buzzer sekarang hehehe;;;;;;;
AHOKER HADIR;0;ahoker hadir;;;;;;;
Se pendapat;0;se dapat;;;;;;;
Kok kemaren gk up?;0;kok kemaren gk up;;;;;;;
kang semir lagi jam gacirr nihh22:25 BЦKIƬ888;1;kang semir jam gacirr nihh22 btskit888;;;;;;;
Jual ginjal;0;jual ginjal;;;;;;;
temen gue bilang alexis17 tuh bikin nagih abis !;1;temen gue bilang alexis17 tuh bikin nagih abis;;;;;;;
Info loker pak 😌;0;info loker pak relieved;;;;;;;
​ @mamamia6512 kaga basi karena para buzzer masih pakai isu ini;0;mamamia6512 kaga basi buzzer pakai isu;;;;;;;
Cara liat dislike gmn brader?;0;cara liat dislike gmn brader;;;;;;;
alexis17 ; emang ga matinya ; rame promo;1;alexis17 emang ga mati rame promo;;;;;
𝘋е𝐖𝘼d𝐎𝑅a benar-benar nomor ; rekomendasikan orang !;1;dewadora benar benar nomor rekomendasi orang;;;;;;
top up wd super cepat ; puas banget;1;top up wd super cepat puas banget;;;;;;
ngopi santai rumah ; favorit 𝐀𝐋𝐄𝐗𝐈𝐒17 nih .;1;ngopi santai rumah favorit alexis17 nih;;;;;;
sehari join alexis17 ; gue udah dapet cuan beli motor !;1;hari join alexis17 gue udah dapet cuan beli motor;;;;;;
walau ga punya mobil tp sk bgt liat2 mobil2 sport ...;0;ga punya mobil tp sk bgt liat2 mobil2 sport;;;;;;;
Hati hati Bang. 😁;0;hati hati bang grin;;;;;;;
alexis 17 gk kalah hki trus maen;1;alexis gk kalah hki trus maen;;;;;;;
bro alexis17 ; ngadain giveaway nih ; hadiahnya motor sport terbaru;1;bro alexis17 ngadain giveaway nih hadiah motor sport baru;;;;;
Bang bahas hp merk baru dari eropa INOI;0;bang bahas hp merk baru eropa inoi;;;;;;;
LC kabupaten starter pack;;;;;;;;;
jangan mulai nangis2 kaya 11/100. dibawa happy aja;0;jangan mulai nangis2 kaya bawa happy aja;;;;;;;
bro sibuk sih ? alexis17 ; bagi-bagi bonus deposit gede banget nih;1;bro sibuk sih alexis17 bonus deposit gede banget nih;;;;;;
Ngomong apa sih;0;ngomong apa sih;;;;;;;
Sayang langsung nabrak😢;0;sayang langsung nabrak cry;;;;;;;
kalo 300 hari masih ga ada hasil apaga mending pecat;0;kalo hari ga hasil apaga mending pecat;;;;;;;
Ho oh lhoo;;;;;;;;;
Pas lipatnya kebuka terus jatuh udah tamat itu hpnya 😂;0;pas lipat buka terus jatuh udah tamat hpnya joy;;;;;;;
Cuan no ribet 𝙋 𝙐 𝙇 𝘼 𝙐 𝙒 𝙄 𝙉 💵;1;cuan no ribet pulauwin dollar;;;;;;;
ga sabar liat brziko vs brz obel nnti;0;ga sabar liat brziko vs brz obel nnti;;;;;;;
game-nya seru ; hadiahnya gede ! 𝘼𝙃𝙈а𝘿to𝘛𝙊 emang juara !;1;game nya seru hadiah gede ahmadtoto emang juara;;;;;;
Itu aerox apa xmax bang 😅;0;aerox apa xmax bang sweat smile;;;;;;;
Keren banget! Gak bisa move on dari serunya 🔥⚡ALEXIS17⚡?🔥;1;keren banget gak move on seru fire zap alexis17 zap fire;;;;;;;
Isi kosong; bikin bete;0;isi kosong bikin bete;;;;;;
@ abang pro siapa? Ahok atau anies?;0;abang pro siapa ahok anies;;;;;;;
Koreksi dikit yg milih itu MPR; bukan DPR.;0;koreksi dikit yg milih mpr bukan dpr;;;;;;
sih serius udah menang 𝘼𝙇𝙀𝙓𝙄𝙎17;1;sih serius udah menang alexis17;;;;;;;
Hebat tetangganya GK ada yg ngelapor karena keberisikan😂;0;hebat tetangga gk yg ngelapor isi joy;;;;;;;
Kocakk amat yaa; JD pelawak aja😂;0;kocakk yaa jd lawak aja joy;;;;;;
Kaga bisa bang; dua duanya udah pernah jadi gubernur;0;kaga bang dua udah pernah jadi gubernur;;;;;;
Fufu fafa ndadmu;0;fufu fafa ndadmu;;;;;;;
emang gak se-trusted alexis17 sih .;1;emang gak se trusted alexis17 sih;;;;;;;
​ @bukanpemudaormas1340  now we know why is he losing the 2 elections before🫠;0;bukanpemudaormas134 now we know why is he losing the elections before melting face;;;;;;;
apa gebrakannya? RUU TNI?;0;apa gebrak ruu tni;;;;;;;
gacu​r​ ha​r​i ; auto sukses;1;gacur hari auto sukses;;;;;;
norak kayak nggak ide;0;norak kayak ide;;;;;;;
Saya selalu merasakan keberuntungan di mandalika77 ; boleh gabung bro;1;selalu rasa untung mandalika77 gabung bro;;;;;;
pemuja RK ngumpet di gorong2 😂;0;puja rk ngumpet gorong2 joy;;;;;;;
Percuma gm irene ngajarin lu bang😅;0;percuma gm irene ngajarin lu bang sweat smile;;;;;;;
david jajal = dajjal 🗿;0;david jajal dajjal moyai;;;;;;;
Ketika kerja nya hasil bonus bapak ngomongin bonus demografi;0;kerja nya hasil bonus bapak ngomongin bonus demografi;;;;;;;
Episode paling seru so far; baik dari obrolannya maupun main caturnya;0;episode paling seru so far baik obrol maupun main catur;;;;;;
Modifikasi motor! Siap kawal bang Ziko 🫡;0;modifikasi motor siap kawal bang ziko saluting face;;;;;;;
gak mikir kali join alexis17 .;1;gak mikir kali join alexis17;;;;;;;
motor xmax nya oss dete welcome luster itu bang zik;0;motor xmax nya oss dete welcome luster bang zik;;;;;;;
gue rela gak tidur ngikutin update terbaru alexis17 .;1;gue rela gak tidur ngikutin update baru alexis17;;;;;;;
Gila ampe merinding gua nontonnya😅;0;gila ampe merinding gua nontonnya sweat smile;;;;;;;
maen auto jepe ; gg banget;1;maen auto jepe gg banget;;;;;;
Itu orang korea siapa ya;0;orang korea siapa;;;;;;;
Ajak akang mv buat modip motor😅;0;ajak akang mv buat modip motor sweat smile;;;;;;;
Best defender i've ever seen;0;best defender i ve ever seen;;;;;;;
Makasih banyak bro.;0;makasih banyak bro;;;;;;;
Jumat sore wajib; selasa cuma sampingan;0;jumat sore wajib selasa cuma samping;;;;;;
Tapi GK di liput karena kurang menarik 😂;0;gk liput kurang tarik joy;;;;;;;
This dude has diploma in yappology;0;this dude has diploma in yappology;;;;;;;
Jakpot besar bikin hari ini makin seru; cuma di А𝘎𝐔𝑆𝙏𝑂𝘛𝑂!;1;jakpot besar bikin hari makin seru cuma agustoto;;;;;;
Mantap Betul ahh kalau gini gak sia sia deh gua main di mandalika77 keren pokonya;1;mantap betul ahh kalau gin gak sia sia deh gua main mandalika77 keren poko;;;;;;;
Udh bang; udh pesen 100 unit dalam mimpi tapi 😂;0;udh bang udh sen unit mimpi joy;;;;;;
Harusnya obrolan ini cuma 25 menit gegara kena skak 😂;0;harus obrol cuma menit gegara kena skak joy;;;;;;;
bang;" gk mampir the elite kah ? banyak motor"" tuh";0;bang gk mampir the elite banyak motor tuh;;;;;;
Walaupun udah nonton dari awal eps tetap nungguin full review;0;walaupun udah nonton awal eps tetap nungguin full review;;;;;;;
rezeki 𝐴ея𝙊𝟪8-bikin hariku menyenangkan ; thank you !;1;rezeki aeyao88 bikin hari senang thank you;;;;;;
Emang gak ada yang se-worth it ALEXIS⭐17⭐ deh.;1;emang gak se worth it alexis star star deh;;;;;;;
bro alexis17 ; turnamen gede nih ; hadiahnya bisnis franchise;1;bro alexis17 turnamen gede nih hadiah bisnis franchise;;;;;
Asa di dongengken bagoy ah;0;asa dongengken bagoy ah;;;;;;;
berkembang arhan semangattt ! ! ! ! ! salam λlexis17 ; ! gampang jepe;1;kembang arhan semangattt salam llexis17 gampang jepe;;;;;;
keren . gas mari kak 𝗦𝗚𝗜𝟴𝟴;1;keren gas kak sgi88;;;;;;;
3 jam full yapping jirrr;0;jam full yapping jirrr;;;;;;;
"coba kapan"" GD bangun mobil pake v8";0;coba kapan gd bangun mobil pake v8;;;;;;;
"speed said ""move aside you poor"" 😭";0;speed said move aside you poor sob;;;;;;;
Ziko sudah; Dipo sudah; tinggal nunggu reveal mobil farel;0;ziko dipo tinggal nunggu reveal mobil farel;;;;;
Gilee proyek candi yang ke 2 kelar mantap mantapp 👍🏻👍🏻;0;gilee proyek candi kelar mantap mantapp thumbsup thumbsup;;;;;;;
 @korneliahae  jadi bagian orng2 skeptis aja bangga bener mbak;0;korneliahae jadi bagi orng2 skeptis aja bangga bener mbak;;;;;;;
GD kalo modif mobil gak pernah gagal. Mantaap 👍🏼;0;gd kalo modif mobil gak pernah gagal mantaap thumbsup;;;;;;;
15.30 si hitam marga mesin ga di sebut😂;0;si hitam marga mesin ga sebut joy;;;;;;;
Mobil vavorite GTR R35 and GTR R32;0;mobil vavorite gtr r35 and gtr r32;;;;;;;
@bonepriambodo4077  pertama kali; dari dulu nonton doang; respect aja sama dipo;0;bonepriambodo4 77 pertama kali dulu nonton doang respect aja sama dipo;;;;;
Bersama M𝗮𝘯𝐝𝗮𝑙𝗶𝒌𝐚𝟟𝟳; setiap hari penuh warna;1;sama mandalika77 hari penuh warna;;;;;;
28:54 harus direview sih ini;0;direview sih;;;;;;;
𝘼𝙇𝙀𝙓𝙄𝙎17 emang ga duanya ; pelayanan super ramah ; wd lancar;1;alexis17 emang ga dua layan super ramah wd lancar;;;;;
Makasih bang; point2 sudah di jabarkan;0;makasih bang point2 jabar;;;;;;
Cocok buat penghantar tidur karena isi nya bualan belaka 😊;0;cocok buat hantar tidur isi nya bual belaka blush;;;;;;;
jangan dong; tapi klo bgini bisa gelappp💀;0;jangan dong klo bgini gelappp skull;;;;;;
cobain aja ; hasilnya bikin seneng;1;cobain aja hasil bikin neng;;;;;;
Auuuuu!!!!;0;auuuuu;;;;;;;
alexis17 ; emang ga duanya ; pelayanan super royal ; wd lancar jaya;1;alexis17 emang ga dua layan super royal wd lancar jaya;;;;
FOYA-FOYA juga seru banget gara-gara P U L A U 7 7 7;1;foya foya seru banget gara gara pulau777;;;;;;;
Bisa tantrum 10 taun dia;0;tantrum taun;;;;;;;
sukaaa bangettt 𝗪𝗘𝗧𝗢𝗡𝟴𝟴;1;sukaaa bangettt weton88;;;;;;;
Ga ada lawan sih; 𝘋𝐄𝘞𝐀𝐃O𝐑𝘈 maxwin;1;ga lawan sih dewadora maxwin;;;;;;
Rekomen bgt ＰＵＬＡＵＷＩＮ✅;1;rekomen bgt pulauwin white check mark;;;;;;;
48:35 😅😅 Malu Ndjie...;0;sweat smile sweat smile malu ndjie;;;;;;;
Gimana gak rata kanan😂bapak nya aja udah di atas rata²😂;0;gimana gak rata kanan joy bapak nya aja udah atas rata2 joy;;;;;;;
Tidak pernah merasa jenuh bermain D 𝘖 Я 𝘼 𝟳 𝟳; selalu ada inovasi! 🆒;0;pernah rasa jenuh main do a7 selalu inovasi cool;;;;;;
█▓▒▒░░░PU LAU 777░░░▒▒▓█ bikin hari-hari makin cuaan; mantap banget.;1;pu lau bikin hari hari makin cua mantap banget;;;;;;
SEKUT✦𝗠𝗮𝗻𝘂𝘁𝟴𝟴✦;1;sekut manut88;;;;;;;
Dipo selalu problem mulu dahh;0;dipo selalu problem mulu dahh;;;;;;;
wede 𝑨𝑳𝑬𝑿𝑰𝑺17 cepet banget ! .;1;wede alexis17 cepet banget;;;;;;;
Yah cupu berani nya spem komen doank gk donasi;0;yah cupu berani nya spem komen doank gk donasi;;;;;;;
Nunggu second aja nyari yg tuker tambah sama J2prime;0;nunggu second aja nyari yg tuker tambah sama j2prime;;;;;;;
@ mana ada yang benar broh wkwk .. kocak;0;mana benar broh wkwk kocak;;;;;;;
jawab yang penting ❎;;;;;;;;;
BBBUUUAAAAJIIIGAAN ..... ..;0;bbbuuuaaaajiiigaan;;;;;;;
alexis17 ! tuh emang ngerti kebutuhan membernya ; kasih bonus surprise;1;alexis17 tuh emang ngerti butuh membernya kasih bonus surprise;;;;;;
Emang kamu bonusnya ; bonus Indonesia sengsara;0;emang kamu bonus bonus indonesia sengsara;;;;;;
Rezeki datang terus dari ρüℓAυ777; gokil!;1;rezeki datang terus rulay777 gokil;;;;;;
Ditunggu review s15 pakai mesin r35 mas;0;tunggu review s15 pakai mesin r35 mas;;;;;;;
Saya punya hammer H1 mas tapi versi remot control😂😂😂;0;punya hammer h1 mas versi remot control joy joy joy;;;;;;;
Mending lu tidur; besok mulung;0;mending lu tidur besok mulung;;;;;;
a l e x i s 1 7 emang top dah ; ga bikin kecewa jaman batu sampe;1;alexis17 emang top dah ga bikin kecewa jaman batu sampe;;;;;;
Baru kali ini maxwin 5 kali berturut turut di-Ga ru da Ho ki🥳;1;baru kali maxwin kali turut turut ga ru da ho ki partying face;;;;;;;
𝘋 о 𝘙 𝐴 7 𝟩 menawarkan lingkungan dinamis menarik .;1;dora77 tawar lingkung dinamis tarik;;;;;;;
1:44 matic gede juga? Video Ini di sponsori yamaha bang?;0;matic gede video sponsor yamaha bang;;;;;;;
@galaxco9669  owh kirain saya yg di tambahin 😬😬;0;galaxco9669 owh kirain yg tambahin grimacing grimacing;;;;;;;
𝗠 𝗜 𝗬 𝗔 𝟴 𝟴 emang candu… sald𝙤 gue korban pertamanya;1;miya88 emang candu saldo gue korban pertama;;;;;;;
Membosankan..;0;bosan;;;;;;;
d 𝘌 𝐖 𝘈 𝐷 o 𝙍 𝐀bikin hidup asyik ; rezeki henti !;1;dewador abikin hidup asyik rezeki henti;;;;;;
alexis17 mantap termantap yg gw coba;1;alexis17 mantap mantap yg gw coba;;;;;;;
 @randomplace2296  ok coba solusi yang realistis lo ini kek gmn?;0;randomplace2296 coba solusi realistis lo kek gmn;;;;;;;
07:00 koq mirip cerita nya siapa yah.. wkwkwk;0;koq mirip cerita nya siapa yah wkwkwk;;;;;;;
"Boleh tuh gue siap milih beliau""";0;tuh gue siap milih beliau;;;;;;;
thanks bang bisa makin kebuka pandangan lainnya. good job.;0;thanks bang makin buka pandang lain good job;;;;;;;
GILAK CAKEP BANGET;0;gilak cakep banget;;;;;;;
malam gue nungguin update alexis17 .;1;malam gue nungguin update alexis17;;;;;;;
Sangu turu;0;sangu turu;;;;;;;
Nanti jawab nya pake chat gpt lagi. Kan yg di banggakan dia AI 😅;0;jawab nya pake chat gpt kan yg bangga ai sweat smile;;;;;;;
45:02 merinding gess;0;merinding gess;;;;;;;
seminggu main alexis17 ; gue udah bayar biaya wisuda !;1;minggu main alexis17 gue udah bayar biaya wisuda;;;;;;
ini yg beberapa kali kalah lawan farel dan akhirnya ganti mobil toh;0;yg beberapa kali kalah lawan farel akhir ganti mobil;;;;;;;
Nang reno nih;;;;;;;;;
​ @APurnama ooo gua kira kepanjanganya Anak Syahroni Coy enggakya ternyata;0;apurnama ooo gua kira kepanjanganya anak syahroni coy enggakya nyata;;;;;;;
d 𝘌 w 𝘼 𝘿 o 𝘙 𝐀menawarkan pendekatan berbeda keterlibatan daring .;1;dewador amenawarkan dekat beda libat daring;;;;;;;
seminggu main alexis17 ; gue udah ganti pc gaming !;1;minggu main alexis17 gue udah ganti pc gaming;;;;;;
Kamu cocok jadi menteri sekretaris negara atau sekretaris kabinet.;0;kamu cocok jadi menteri sekretaris negara sekretaris kabinet;;;;;;;
tadi pagi kena duit Β 𝐎 𝐖 𝕆 𝟩 𝟕 20k keturahan;1;tadi pagi kena duit vowo77 2 k keturahan;;;;;;;
​ @lamontree5877  Faktanya boomingan SR 3 😂;0;lamontree5877 fakta boomingan sr joy;;;;;;;
jepey trs ga putusnya ; a e я 𝑂 𝟾 𝟪;1;jepey trs ga putus ae o88;;;;;;
Bahaya buat orang ketagihan 𝐁𝐔𝐊𝐈𝐓𝟖𝟖𝟖;1;bahaya buat orang tagih bukit888;;;;;;;
momen epik ! nggak nyangka sekeren . salam alexis17 .;1;momen epik nyangka keren salam alexis17;;;;;;;
 @Muhammadihsan-ur7jm emang iyaa;0;muhammadihsan ur7jm emang iyaa;;;;;;;
Patut dicoba 🎉;0;patut coba tada;;;;;;;
Bilal wajib diet!!;0;bilal wajib diet;;;;;;;
keluarga gue aja gaptek ; ngomongin p͟͟u͟͟l͟͟a͟͟u͟͟w͟͟i͟͟n͟͟ .;1;keluarga gue aja gaptek ngomongin pulauwin;;;;;;
Si paling tercepat 😂;0;si paling cepat joy;;;;;;;
tolong psikolog bedah percakapan ini;0;psikolog bedah cakap;;;;;;;
wkwkwkwkwk viral ni situs mandalika77;1;wkwkwkwkwk viral ni situs mandalika77;;;;;;;
penuh kebahagiaan 𝐷оrа𝟩𝟳 ; rezeki menghampiri !;1;penuh bahagia dora77 rezeki hampir;;;;;;
emang gak se-fair alexis17 deh .;1;emang gak se fair alexis17 deh;;;;;;;
2029 Prabowo - Ahok...Prok Prok Prok 😀;0;prabowo ahok prok prok prok grinning;;;;;;;
jangan salah pilih guys tetap ✿MANUT88✿ yang terbaik;1;jangan salah pilih guys tetap manut88 baik;;;;;;;
Kambing siapa yg lepas ini;0;kambing siapa yg lepas;;;;;;;
Aku dibeliin sama papi ku di Singapura;buat main pubg 😂;0;aku dibeliin sama papi ku singapura buat main pubg joy;;;;;;
Mantap mobilnya;0;mantap mobil;;;;;;;
Saya tidak pernah kecewa dengan apa yang diberikan oleh PulΛᴜ𝟽𝟽𝟽.;1;pernah kecewa apa beri pullu777;;;;;;;
2029. Bukan dr prabowo dan antek anteknya .. nyesel gua golput;0;bukan dr prabowo antek antek nyesel gua golput;;;;;;;
udah coba game ; pawpaw4d bikin betah !;1;udah coba game pawpaw4d bikin betah;;;;;;
3 jam 26 menit buang2 waktu 🥲;0;jam menit buang2 waktu smiling face with tear;;;;;;;
In sha Allah;0;in sha allah;;;;;;;
Penasaran pengen beli..semoga;0;penasaran ken beli moga;;;;;;;
gak main 𝗣 𝗟 𝗨 𝗧 𝗢 𝟴 𝟴 ? rugi ! tempatnya jp bersarang;1;gak main pluto88 rugi tempat jp sarang;;;;;;;
rezeki gak putusnya makasi alexis17;1;rezeki gak putus makas alexis17;;;;;;;
Saya bisa nemu pointnya mas; mau sukses harus punya orang dalam;0;nemu point mas mau sukses punya orang;;;;;;
explore pulau papua ..;1;explore pulau papua;;;;;;;
paling keren supra si❤; review dong detail nya;0;paling keren supra si heart review dong detail nya;;;;;;
ampe basi gw baca beginian; tiap konten huawei ada aje;0;ampe basi gw baca begini tiap konten huawei aje;;;;;;
coba jelasin qpa yg kamu ngerti dari jawaban bapak presiden itu ​ @MuhammadMudayin ;0;coba jelasin qpa yg kamu ngerti jawab bapak presiden muhammadmudayin;;;;;;;
Keren polll;0;keren polll;;;;;;;
iseng-iseng aku ajak doi main di mandalika77; kaget dia ngeliat petirnya kek wkwk;1;iseng iseng aku ajak doi main mandalika77 kaget ngeliat petir kek wkwk;;;;;;
emng bener kemarin udah coba probet gas ahh 𝐒𝐆𝐈𝟖𝟖 kawan berbuah manis;1;emng bener kemarin udah coba probet gas ahh sgi88 kawan buah manis;;;;;;;
 @AnggoroDps_9 anggoro dibayar brp anggoro;0;anggorodps 9 anggoro bayar brp anggoro;;;;;;;
alexis17 ! tuh emang ngerti kebutuhan membernya ; kasih hadiah;1;alexis17 tuh emang ngerti butuh membernya kasih hadiah;;;;;;
salut bang keren kontennya ; salam jepe 𝗪𝗘𝗧𝗢𝗡𝟴𝟴;1;salut bang keren konten salam jepe weton88;;;;;;
nyari healing digital ? gue sih pilih 𝙋𝙐𝙇𝘼𝙐𝙒𝙄𝙉 .;1;nyari healing digital gue sih pilih pulauwin;;;;;;;
boleh boleh nih jam segini sudah dikasih sama mandalika77;1;nih jam gin kasih sama mandalika77;;;;;;;
uda ga paham situasi mala maen fisik pula;0;uda ga paham situasi mala maen fisik;;;;;;;
gak pusing mikirin duit kalo udah gabung alexis17 .;1;gak pusing mikirin duit kalo udah gabung alexis17;;;;;;;
Kabarnya iphone juga mau ikut ikutan buat hp fold wkwk;0;kabar iphone mau ikut ikut buat hp fold wkwk;;;;;;;
Velg ceser keren abiss😂;0;velg ceser keren abiss joy;;;;;;;
jam segini main kakek di 𝙈@𝘯𝐝𝘼LIK𝘼7𝟟 bikin nagih lurr scatter nya gampang turun sketer dan perkalian nya juga konek terus;1;jam gin main kakek m ndalika77 bikin nagih lurr scatter nya gampang turun sketer kali nya konek terus;;;;;;;
pengen hidup makmur ? alexis17 jawabannya !;1;ken hidup makmur alexis17 jawab;;;;;;;
gila sih 𝑨𝑳𝑬𝑿𝑰𝑺17 pelayanan nya gokil ! .;1;gila sih alexis17 layan nya gokil;;;;;;;
Lucu banget ini 2 bapak-bapak;0;lucu banget bapak bapak;;;;;;;
Ahok for president 2029❤;0;ahok for president heart;;;;;;;
Peluang emas hanya bisa kalau punya paman di MK;0;peluang emas kalau punya paman mk;;;;;;;
KITA BUTUH WAPRES BARU !!!;0;butuh wapres baru;;;;;;;
 @AnggoroDps_9  ini akun baru dimana mana nongol terus ngebelain Om Prabski ckck;0;anggorodps 9 akun baru mana nongol terus ngebelain om prabski ckck;;;;;;;
@ anda benar;0;benar;;;;;;;
jumat depan gamungkin dong ziko lagi yg inframe 😅;0;jumat depan gamungkin dong ziko yg inframe sweat smile;;;;;;;
maen santai big win;1;maen santai big win;;;;;;;
Pak wakil cobain deh live d BIGO cakep tuh ....biar gen Z banget;0;pak wakil cobain deh live d bigo cakep tuh biar gen z banget;;;;;;;
gue rela begadang sampe pagi alexis17 .;1;gue rela begadang sampe pagi alexis17;;;;;;;
Om garasi drift jga buat yg pake mesin v8;0;om garasi drift jga buat yg pake mesin v8;;;;;;;
@ gaji guru naik kan emang udah dari jmn sby bkn jokowi dan prabowo;0;gaji guru naik kan emang udah jmn sby bkn jokowi prabowo;;;;;;;
gak salah emang kata sodara gw; maen ❚█══MANDALIKA77══█❚ hari ini; hasilnya mantep bgt brooo; kapan lagi maen bntaran doang udah dikasi narik banyak gini kwkwkw; makasih ❚█══MANDALIKA77══█❚ paling mantep kamu;1;gak salah emang kata sodara gw maen mandalika77 hari hasil mantep bgt brooo kapan maen bntaran doang udah kasi narik banyak gin kwkwkw makasih mandalika77 paling mantep kamu;;;
WRC cocoknya bang🌿;0;wrc cocok bang herb;;;;;;;
NAKODA YG TANGGUH LAHIR DARI SERINGNYA MENDAPAT HANTAMAN BADAI..;0;nakoda yg tangguh lahir sering dapat hantam badai;;;;;;;
Tebak anggaran ini berapa M?;0;tebak anggar berapa m;;;;;;;
mager rumah ? rumah aja bareng ｐｕｌａｕｗｉｎ tetep asik .;1;mager rumah rumah aja bareng pulauwin tetep asik;;;;;;;
Tungguin bg; gw mau jemur nasi basi dlu yak;0;tungguin bg gw mau jemur nasi basi dlu yak;;;;;;
nyari ngantuk disini;0;nyari ngantuk sini;;;;;;;
gila sih 𝑨𝑳𝑬𝑿𝑰𝑺17 benefitnya ngak abis2 .;1;gila sih alexis17 benefitnya ngak abis2;;;;;;;
Nggak nyangka hasilnya bisa sebesar ini di MANDALIKA-77-; luar biasa!;1;nyangka hasil besar mandalika luar biasa;;;;;;
alexis17 ! emang ga bikin kecewa ; withdraw dibayar tapi-tapi;1;alexis17 emang ga bikin kecewa withdraw bayar;;;;;;
petir merah muncul ; auto makswin;1;petir merah muncul auto makswin;;;;;;
habis ini wawancara wapresnya; pengen tau lebih ngepantur mana;0;habis wawancara wapresnya ken tau lebih ngepantur mana;;;;;;
Gibran - Bahlil siap mengguncang dunia;0;gibran bahlil siap guncang dunia;;;;;;;
Menuju indonesa emas;0;tuju indonesa emas;;;;;;;
Sehat selalu semuanya salam dari 𝐒𝐆𝐈𝟖𝟖 gampang jepe;1;sehat selalu semua salam sgi88 gampang jepe;;;;;;;
alhamdulillah di kasih wd terus sama mandalika77 ; modal receh doang tiap main;1;alhamdulillah kasih wd terus sama mandalika77 modal receh doang tiap main;;;;;;
seminggu main alexis17 ; gue udah bayar asuransi kesehatan !;1;minggu main alexis17 gue udah bayar asuransi sehat;;;;;;
hearing without listening taking without speaking.;0;hearing without listening taking without speaking;;;;;;;
Konten yang paling ditunggu;0;konten paling tunggu;;;;;;;
𝘋𝐄𝘞𝐀𝐃O𝐑𝘈; beneran gacor;1;dewadora beneran gacor;;;;;;
belik cilok alfa 5k;1;belik cilok alfa 5k;;;;;;;
semangat bosqu ; terbaik 𝗪𝗘𝗧𝗢𝗡𝟴𝟴;1;semangat bosqu baik weton88;;;;;;
Tempo ga diajak nih??? hemm;0;tempo ga ajak nih hemm;;;;;;;
gw demen gas 𝗪𝗘𝗧𝗢𝗡𝟴𝟴 wkwkwkww seru . sering2 sih mah;1;gw demen gas weton88 wkwkwkww seru sering2 sih mah;;;;;;;
Beneran deh; Main bareng ⚡ALEXIS17⚡ selalu seru!;1;beneran deh main bareng zap alexis17 zap selalu seru;;;;;;
rezeki 𝐷 𝑂 𝑅 a 𝟩 𝟽 bikin senyum lebar . terima kasih !;1;rezeki dora77 bikin senyum lebar terima kasih;;;;;;;
Menuju Indonesia bubar 😭 ; kasihan para pendahulu kita 🥀;0;tuju indonesia bubar sob kasihan dahulu wilted rose;;;;;;
rezeki 𝐷𝘖я𝐀𝟳𝟳 bikin senyum lebar . terima kasih !;1;rezeki doyaa77 bikin senyum lebar terima kasih;;;;;;;
game-nya gacir ; sketer nggak prnh zonk;1;game nya gacir sketer prnh zonk;;;;;;
 @denishenritowoliu5367  gk usah kasian sama w; emang w knp?;0;denishenritowoliu5367 gk usah kasi sama w emang w knp;;;;;;
main situs segacor 𝐒𝐆𝐈𝟖𝟖 ; asli nagih sih;1;main situs segacor sgi88 asli nagih sih;;;;;;
gak percaya menang 𝐃ew𝐴𝐃𝑂𝘙𝐴 ; mimpi realita !;1;gak percaya menang dewadora mimpi realita;;;;;;
Kosong  orang orang pintar belajar serius  mendengarkan dongeng;0;kosong orang orang pintar ajar serius dengar dongeng;;;;;;;
Wowowoooooww..;;;;;;;;;
Sukses trus buat all team...🙏🏻🙏🏻💪🏻💪🏻;0;sukses trus buat all team pray pray muscle muscle;;;;;;;
Begitu mantap dan memuaskan! Bermain di MANDALIKA𝟩7 selalu lancar tanpa hambatan; rezeki pun mengalir dengan sangat deras!;1;mantap muas main mandalika77 selalu lancar hambat rezeki alir sangat deras;;;;;;
norak amat kayak nggak ada ide lain;0;norak kayak ide;;;;;;;
Itulah the power of cuan 🙈🤸‍♂️;0;the power of cuan see no evil person doing cartwheel male sign;;;;;;;
@WawarZha  bocah bocahnya jurnalis.. wokwowkwok;0;wawarzha bocah bocah jurnalis wokwowkwok;;;;;;;
Ntar ada brand lain yg bisa lipat 4; ditambah lipat atas dan bawah.;0;ntar brand yg lipat tambah lipat atas bawah;;;;;;
Semoga beliau faham dengan apa yang dibaca😊;0;moga beliau faham apa baca blush;;;;;;;
Bener-bener gacir! Main pertama kali langsung menang besar di 𝗠𝑨𝑵𝐃𝐀𝑳𝗜𝗞𝐀𝟕7! 😚 😙;1;bener bener gacir main pertama kali langsung menang besar mandalika77 kissing closed eyes kissing smiling eyes;;;;;;;
Spil Mobil drift Farel;0;spil mobil drift farel;;;;;;;
rezeki nggak kemana ; makasih alexis17 !;1;rezeki makasih alexis17;;;;;;
gue sih udah anggep alexis 17 kaya second home aja;1;gue sih udah anggep alexis kaya second home aja;;;;;;;
Mari rayakan momen unik di M𝗮𝘯𝐝𝗮𝑙𝗶𝒌𝐚𝟟𝟳;1;raya momen unik mandalika77;;;;;;;
Rezeki lancar jaya hari ini berkat 𝘈𝐇𝑀𝐀𝐷𝙏О𝐓𝘖; alhamdulillahirobbil'alamin!;1;rezeki lancar jaya hari berkat ahmadtoto alhamdulillahirobbil alamin;;;;;;
Penasaran sama cerita orang-orang yang menang besar di M𝗮𝘯𝐝𝗮𝑙𝗶𝒌𝐚𝟟𝟳; akhirnya coba dan langsung dapet rezeki besar!;1;penasaran sama cerita orang orang menang besar mandalika77 akhir coba langsung dapet rezeki besar;;;;;;
Tempo ini seperti rocy gerung😅;0;tempo rocy gerung sweat smile;;;;;;;
Lexus? Mercy?;0;lexus mercy;;;;;;;
​ @JagurDuk-xb7pb  bang udah bang 😭😭😭;0;jagurduk xb7pb bang udah bang sob sob sob;;;;;;;
Pas bgt upload ini menjelang Pemilu di Aussie next month..;0;pas bgt upload jelang milu aussie next month;;;;;;;
lagi toko nya;0;toko nya;;;;;;;
INI SIH NIAT BGT JIRRRR KEREN!;0;sih niat bgt jirrrr keren;;;;;;;
Lu polos amat; atau lu buzzer robot juga ya? 😂;0;lu polos lu buzzer robot joy;;;;;;
Ada agenda lain! Jadi maaf lain kali aja ya😂😂;0;agenda jadi maaf kali aja joy joy;;;;;;;
gak ngabisin ; langsung gacir a𝐆𝙐𝑆𝐓𝙊𝑇𝘖 ! bener-bener rezeki !;1;gak ngabisin langsung gacir agustoto bener bener rezeki;;;;;;
Kalau hanya begini aja gue jg bisa 😂;0;kalau begini aja gue jg joy;;;;;;;
Kenapa ya baca komennya buat aku ngakak;0;baca komennya buat aku ngakak;;;;;;;
Update subaru farel anaknya fitra eri;0;update subaru farel anak fitra eri;;;;;;;
superrr wadidawaaa🎉;0;superrr wadidawaaa tada;;;;;;;
ini convert dari stir kiri ke kanan yak;0;convert stir kiri kanan yak;;;;;;;
Semua komen buruk mayoritas anak abah 😂;0;semua komen buruk mayoritas anak abah joy;;;;;;;
Tong kosong nyaring bunyinya fufa;0;tong kosong nyaring bunyi fufa;;;;;;;
Bikin film bagus kayaknya. Menginspirasi sekali😂;0;bikin film bagus kayak inspirasi sekali joy;;;;;;;
Undang Pak Jokowi bang;0;undang pak jokowi bang;;;;;;;
gue sih udah buktiin kekuatan alexis17 .;1;gue sih udah buktiin kuat alexis17;;;;;;;
​ @mascar007 dibayar berapa bg sama prabowo jawabin semua nya dikomen wkwkwk;0;mascar 7 bayar berapa bg sama prabowo jawabin semua nya dikomen wkwkwk;;;;;;;
swert bonanja gacir ; modal jepek;1;swert bonanja gacir modal jepek;;;;;;
gak khawatir pensiun kalo udah gabung alexis17 .;1;gak khawatir pensiun kalo udah gabung alexis17;;;;;;;
parah ! 𝘼g𝑈s𝑇𝘖𝑇𝐎-bikin nagih banget ; susah berhenti !;1;parah agustoto bikin nagih banget susah henti;;;;;;
Genius banget cok; makin gak nyesel gua gak milih 02👏👏👏👏👏👏👏👏👏👏👏👏👏👏👏👏👏👏👏👏👏👏;0;genius banget cok makin gak nyesel gua gak milih clap clap clap clap clap clap clap clap clap clap clap clap clap clap clap clap clap clap clap clap clap clap;;;;;;
Rezeki hari ini datang tanpa henti; makasih banyak АX𝐋𝟩𝟽𝟳!;1;rezeki hari datang henti makasih banyak axl777;;;;;;
beli kopi kapal api nya kawan kawan;0;beli kopi kapal api nya kawan kawan;;;;;;;
Ye cuz it's electric bruh;0;ye cuz it s electric bruh;;;;;;;
NGGA ENGEHHH PAK AHOKK😂;0;ngga engehhh pak ahokk joy;;;;;;;
Absen dlu ah;0;absen dlu ah;;;;;;;
dapet jakpot 10 juta ; lgsng cair;1;dapet jakpot juta lgsng cair;;;;;;
gue rela begadang main alexis17 .;1;gue rela begadang main alexis17;;;;;;;
suka land cruiser vx80;0;suka land cruiser vx8;;;;;;;
Puyeng banget gw bussseeeet;0;puyeng banget gw bussseeeet;;;;;;;
sekrang gk perlu menyeludupan pak kan impornya unlimitid ga dibatasin;0;sekrang gk perlu seludup pak kan impor unlimitid ga dibatasin;;;;;;;
Wartawan nya narik nafas dalam dalam😂;0;wartawan nya narik nafas joy;;;;;;;
cuy ; namanya 𝘼𝙇𝙀𝙓𝙄𝙎17 ? unik banget .;1;cuy nama alexis17 unik banget;;;;;;
emang gak se-menguntungkan alexis17 .;1;emang gak se untung alexis17;;;;;;;
15:31 terskip🗿🗿;0;skip moyai moyai;;;;;;;
Baru sadar kenapa tidak ada pemred tempo ya?;0;baru sadar pemred tempo;;;;;;;
liat aja anjir wkwkwk;0;liat aja anjir wkwkwk;;;;;;;
Terbaek ini orang; sayang banget gak jadi presiden;0;terbaek orang sayang banget gak jadi presiden;;;;;;
GA NYAMBUNG LAH;0;ga nyambung lah;;;;;;;
​ @feeling_flat  beda haormony belom bisa lepas dr android tp lebih berat;0;feeling flat beda haormony bom lepas dr android tp lebih berat;;;;;;;
Ternak abah pandai menilai;0;ternak abah pandai nilai;;;;;;;
𝐷 𝘖 𝙍 𝐀 𝟩 𝟳bikin hidup berwarna ; cuan gak berhenti !;1;dora7 7bikin hidup warna cuan gak henti;;;;;;
Langsung gas sih harga nya gak mahal amat juga bang wkwk;0;langsung gas sih harga nya gak mahal bang wkwk;;;;;;;
 @SulisTyowati-el8kl dibayar brp?;0;sulistyowati el8kl bayar brp;;;;;;;
Benci sama kesalahan nya yg dulu; kagum sama perubahan nya sekarang;0;benci sama salah nya yg dulu kagum sama ubah nya sekarang;;;;;;
Calon MTI BOY;0;calon mti boy;;;;;;;
kalah sama anak d1 yg pinter pidato;0;kalah sama anak d1 yg pinter pidato;;;;;;;
Setuju kalau ahok-pak mahfud tak coblos;0;tuju kalau ahok pak mahfud tak coblos;;;;;;;
diplomatis apa emang ngga ngerti pak? wkwk;0;diplomatis apa emang ngga ngerti pak wkwk;;;;;;;
Kerahnya kalo putih asik kyknya;0;kerah kalo putih asik kyknya;;;;;;;
Gak seru..;0;gak seru;;;;;;;
Ngeri amat kameranya;0;ngeri kamera;;;;;;;
𝘈𝘎𝑈𝙎𝘛𝙊𝐓O menawarkan lingkungan yang mendukung dan mendorong.;1;agustoto tawar lingkung dukung dorong;;;;;;;
gak masuk akal ; pulauwin bikin penasaran .;1;gak masuk akal pulauwin bikin penasaran;;;;;;
Gue rela begadang tiap malem demi main ALEXIS⭐17⭐.;1;gue rela begadang tiap malem main alexis star star;;;;;;;
Rekomen hape android dong; budget 4-6 jt;0;rekomen hape android dong budget jt;;;;;;
𝐒𝐆𝐈𝟖𝟖 is the best ❤❤❤;1;sgi88 is the best heart heart heart;;;;;;;
Di tanya draft RUU TNI jawabnya mencla mencle Wkwkw;0;tanya draft ruu tni jawab mencla mencle wkwkw;;;;;;;
a l e x i s 1 7 bikin ketagihan ; pengen main pastinya menang !;1;alexis17 bikin tagih ken main pasti menang;;;;;;
Beli motor scoopy 2 😂;0;beli motor scoopy joy;;;;;;;
12:21 kameramen mula tidak fokus bung;0;kameramen mula fokus bung;;;;;;;
Peran Wapres yang mana??;0;peran wapres mana;;;;;;;
Kesini hanya untuk dislike saja;0;kesini dislike;;;;;;;
seketer se​r​ing mampi​r​ ; wede aman;1;keter sering mampir wede aman;;;;;;
oke gas oke gas oke gas wkwk;0;oke gas oke gas oke gas wkwk;;;;;;;
main ; langsung dapet menang . 𝐷оrа𝟩𝟳-bener-bener gacir !;1;main langsung dapet menang dora77 bener bener gacir;;;;;;
KLO ada banyak tuh dislike gw pencet yg banyak;0;klo banyak tuh dislike gw pencet yg banyak;;;;;;;
Sumpah; mekswin brusan di Gates; gacor parah;1;sumpah mekswin brusan gates gacor parah;;;;;
Bang 50jt++ bisa bikin tugu biawak di Wonosobo 😅;0;bang 5 jt bikin tugu biawak wonosobo sweat smile;;;;;;;
Jadi inget bro ferry irwandy;0;jadi inget bro ferry irwandy;;;;;;;
Mencari pengalaman daring yang lancar? A𝘎𝘜𝑆𝐓𝑂𝑇𝘖mungkin solusinya.;1;cari alam daring lancar agustotomungkin solusi;;;;;;;
G mungkin pdi mau jadi wakil 😂😂😂;0;g mungkin pdi mau jadi wakil joy joy joy;;;;;;;
Apa ini durasi nyaa😢;0;apa durasi nyaa cry;;;;;;;
Ini HP yang IShowSpeed beli 3;0;hp ishowspeed beli;;;;;;;
Wkwk seru ya;0;wkwk seru;;;;;;;
Unboxing Poco m7pro 5g bg;0;unboxing poco m7pro 5g bg;;;;;;;
alexis17 ; bikin gue lunasi utang seminggu ; modal 100rb;1;alexis17 bikin gue lunas utang minggu modal 1 rb;;;;;
makan siang kantor bareng alexis17 kayaknya seru .;1;makan siang kantor bareng alexis17 kayak seru;;;;;;;
jekp𝙤t k o i s l o t bikin ketagihan !;1;jekpot koislot bikin tagih;;;;;;;
Aya mobil akang euy;0;aya mobil akang euy;;;;;;;
Gaya sesuaikan dompet;0;gaya sesuai dompet;;;;;;;
 @adityagunawan9001  wkwkwkwk mana iya lagi;0;adityagunawan9 1 wkwkwkwk mana iya;;;;;;;
main elegan ; cuan maksimal . 𝗣 𝗟 𝗨 𝗧 𝗢 𝟴 𝟴 emang kelasnya beda;1;main elegan cuan maksimal pluto88 emang kelas beda;;;;;;
Harusnya elu jadi model nya om;0;harus elu jadi model nya om;;;;;;;
Sekilas info doang ini mah l; dh gtu ja 🤣;0;kilas info doang mah l dh gtu ja rofl;;;;;;
​ @asyariiiii hadeh wowo lagi wowo lagi 🤣🫵🏼🤣;0;asyariiiii hadeh wowo wowo rofl index pointing at the viewer rofl;;;;;;;
HP SEHARGA 25 GR LM;0;hp harga gr lm;;;;;;;
Modal receh jadi makswin; GG sih ini;1;modal receh jadi makswin gg sih;;;;;;
@anam1431  ;;;;;;;;;
gak bosenin udah buka ｐｕｌａｕｗｉｎ .;1;gak bosenin udah buka pulauwin;;;;;;;
20:18 kelass;0;kelass;;;;;;;
gue rela begadang malem alexis17 .;1;gue rela begadang malem alexis17;;;;;;;
Kirain Crostrax 😞;;;;;;;;;
harusnya 11/1000;0;harus;;;;;;;
iya kenapa ya?;0;iya;;;;;;;
Naskah chat gpt;0;naskah chat gpt;;;;;;;
Langsung skip;0;langsung skip;;;;;;;
Lanjut vivo v50 lite mungpung masih hagat;0;lanjut vivo v5 lite mungpung hagat;;;;;;;
dibeliin papi ku singapura ; main pubg;1;dibeliin papi ku singapura main pubg;;;;;;
Mundur aja bro..;0;mundur aja bro;;;;;;;
jauh lebih bermanfaat baca komen darim pada nonton videonya;0;jauh lebih manfaat baca komen darim nonton video;;;;;;;
main di  mandalika77 sudah saya coba berkali kali main di situs ; itu tapi hanya di  mandalika77  terbukti bisa W3De3 akun ku benar deh ga nyedot situsnya;1;main mandalika77 coba kali kali main situs mandalika77 bukti w3de3 akun ku benar deh ga nyedot situs;;;;;;
guncangan guncangan FAKTA;0;guncang guncang fakta;;;;;;;
NSX:bang aku bang 😁;0;nsx bang aku bang grin;;;;;;;
ok min ; 𝐒𝐆𝐈𝟖𝟖;1;min sgi88;;;;;;
𝐀G𝘜𝘚TO𝘛𝘖 tiap maen pasti hoki;1;agustoto tiap maen hoki;;;;;;;
3:17 STOP JUDI ONLINE;0;stop judi online;;;;;;;
bermain 𝘋о𝙍a𝟩𝟩 membuka jalan ; penjaja nasi goreng pengusaha sukses .;1;main dora77 buka jalan jaja nasi goreng usaha sukses;;;;;;
sholawatin ajaaa ; tau ngasih;1;sholawatin ajaaa tau ngasih;;;;;;
2:12 bedehhh body nya gaada lawan; semoga BERKAH 99 terus ya ka channel nya;1;bedehhh body nya gaada lawan moga berkah terus ka channel nya;;;;;;
gw coba alexis17 yg lg viral 100rb 3jt sampe sejam;1;gw coba alexis17 yg lg viral 1 rb 3jt sampe jam;;;;;;;
Anjay mantep; di 💞𝘼LEXIS-17💞 bisa main sambil rebahan di kasur.;1;anjay mantep revolving hearts alexis revolving hearts main rebah kasur;;;;;;
jelajahi dunia 𝐃𝘖яa 7𝟽 lihat ditawarkannya .;1;jelajah dunia doyaa lihat tawar;;;;;;;
Mau ikut dislikenya tapi ko ga ada ya;0;mau ikut dislikenya ko ga;;;;;;;
asyik banget;0;asyik banget;;;;;;;
Gw baru beli tadi ; emang gila ni hp;0;gw baru beli tadi emang gila ni hp;;;;;;
terbaik kak ; salam weton88;1;baik kak salam weton88;;;;;;
coba buy spin 20k maxwin kwkwkkw makasih 𝐒𝐆𝐈𝟖𝟖 nyata emng;1;coba buy spin 2 k maxwin kwkwkkw makasih sgi88 nyata emng;;;;;;;
𝘿Е𝐖𝘈D𝘖𝑅𝘈 mungkin yang Anda cari dalam hiburan daring. 🥵 🥶;1;dewadora mungkin cari hibur daring hot face cold face;;;;;;;
Ditunggu review supra nya;0;tunggu review supra nya;;;;;;;
Hebat bgt bisa bertahan sejauh itu😂;0;hebat bgt tahan jauh joy;;;;;;;
pagi-pagi udah senyum ? ya iyalah ; cuan pu lau tujuh tujuh tujuh !;1;pagi pagi udah senyum iya cuan pu lau tujuh tujuh tujuh;;;;;;
cuan pu lau tujuh tujuh tujuh tuh semudah update status .;1;cuan pu lau tujuh tujuh tujuh tuh mudah update status;;;;;;;
berkembang arhan semangattt ! ! ! ! ! salam 𝗪𝗘𝗧𝗢𝗡𝟴𝟴 ! gampang jepe;1;kembang arhan semangattt salam weton88 gampang jepe;;;;;;;
Knalpot nya udh banyak bang atenk; di bali dulu banyak yg makek;0;knalpot nya udh banyak bang atenk bal dulu banyak yg makek;;;;;;
asik pindah sana pindah sini aja;terus temenku nyaranin main disitus mandalika77 ini eh ternyata beneran gacir dong;1;asik pindah sana pindah sini aja terus temenku nyaranin main situs mandalika77 eh nyata beneran gacir dong;;;;;;
Raja Terakhir 😅 ASC👍;0;raja akhir sweat smile asc thumbsup;;;;;;;
Hp lu lipet berapa bos?? 😅😅😂;0;hp lu lipet berapa bos sweat smile sweat smile joy;;;;;;;
Mau beli;tp kpn do Indonesia timur;0;mau beli tp kpn do indonesia timur;;;;;;
ini mah buah jatoh nyangkut di pohonnya😂;;0;mah buah jatoh nyangkut pohon joy;;;;;;
Ada kawan saya katanya di Samarinda Ampe skrg blom dpt;0;kawan kata samarinda ampe skrg blom dpt;;;;;;;
Yakin Indonesia bisa berkembang pesat;0;yakin indonesia kembang pesat;;;;;;;
menang 𝘼𝐆𝐔𝐒𝘛𝑂𝙏𝐎-bikin mimpi kenyataan !;1;menang agustoto bikin mimpi nyata;;;;;;;
Jadi penasaran bapaknya siapa..;0;jadi penasaran bapak siapa;;;;;;;
GARASI DRIFT ON TOP🔥;0;garasi drift on top fire;;;;;;;
Ubur2 ikan lele offer terus buat pak tony sumber alam le.😁;0;ubur2 ikan lele offer terus buat pak tony sumber alam le grin;;;;;;;
gue udah cobain platform ; alexis17 ; gampang jackpotnya;1;gue udah cobain platform alexis17 gampang jackpotnya;;;;;
... apakah demo demo itu murni atau ada yg bayar...? NDASMU;0;demo demo murni yg bayar ndasmu;;;;;;;
Menjawab aja gk bisa; trs kerjany gmn😂;0;jawab aja gk trs kerjany gmn joy;;;;;;
semangat bosqu ; terbaik 𝐏𝐋𝐔𝐓𝐎𝟖𝟖;1;semangat bosqu baik pluto88;;;;;;
ngang ngong ngang ngong doang.;;;;;;;;;
Jadi hmmmm..... Kapan mau lengserin pemerintahannya?😅;0;jadi hmmmm kapan mau lengserin perintah sweat smile;;;;;;;
Kata kunci: MACAN SIRKUS 😂😂;0;kata kunci macan sirkus joy joy;;;;;;;
baru beli ip 16 nongol lagi hp baru;0;baru beli ip nongol hp baru;;;;;;;
Bang davit kasian iPhone..Wak Wak ilang harga diri;0;bang davit kasi iphone wak wak ilang harga diri;;;;;;;
Siluet desainnya; FJ Cruiser sekali 😅😅;0;siluet desain fj cruiser sekali sweat smile sweat smile;;;;;;
gue sih udah ga move on alexis17 ! ; gacor ; bikin nagih parah;1;gue sih udah ga move on alexis17 gacor bikin nagih parah;;;;;
Saya sering balik lagi ke 🅿️🆄🅻🅰️🆄777;1;sering balik pulau777;;;;;;;
Keren saya suka diskusi ini;0;keren suka diskusi;;;;;;;
Jadi ingat lagi jalur pintas dan rekayasa paman MK untuk jadi wapres 😅;0;jadi ingat jalur pintas rekayasa paman mk jadi wapres sweat smile;;;;;;;
proses nya cpt bgt gile alexis17;1;proses nya cpt bgt gile alexis17;;;;;;;
0:33 apa iyyaaa yg misqueeennn gak usah lanjut nonton????  😂;0;apa iyyaaa yg misqueeennn gak usah lanjut nonton joy;;;;;;;
Aslinya ada suaranya;meskipun itu suara Palsu;0;asli suara meski suara palsu;;;;;;
alexis'17 jackpot gampang banget ; gk percaya ..;1;alexis jackpot gampang banget gk percaya;;;;;;
rebahan tidur cepet liat update-an alexis17 ; aja pol .;1;rebah tidur cepet liat update an alexis17 aja pol;;;;;;
Thank you Ko;0;thank you ko;;;;;;;
rata² jalanan jawe semua; tdk ada jalanan nusantra🤔🤟🙏;0;rata2 jalan jawe semua tdk jalan nusantra thinking love you gesture pray;;;;;;
Video OFF CUMA MAU DISLIKE;0;video off cuma mau dislike;;;;;;;
gak ngerti ; circle temen gue tau p͎u͎l͎a͎u͎w͎i͎n͎ .;1;gak ngerti circle temen gue tau pulauwin;;;;;;
tau rahasia sukses ? : alexis 17;1;tau rahasia sukses alexis;;;;;;;
Pengen cepat kaya? Langsung coba di 𝐴𝐗𝐿𝟳𝟳𝟩dan rasain jakpotnya!;1;ken cepat kaya langsung coba axl777dan rasain jakpotnya;;;;;;;
Ahok; Fery Irwandy lebih OK;0;ahok fery irwandy lebih;;;;;;
terbaik kak ; salam weton88;1;baik kak salam weton88;;;;;;
banget dapet sketer;1;banget dapet sketer;;;;;;;
Ridwan Kamil sih kalo saya.;0;ridwan kamil sih kalo;;;;;;;
terima kasi rezekinya 𝗪𝗘𝗧𝗢𝗡𝟴𝟴;1;terima kasi rezeki weton88;;;;;;;
Omon-omon sang RI1;0;omon omon sang ri1;;;;;;;
al maidah nya dipake lg gak? 😂😂😂;0;al maidah nya dipake lg gak joy joy joy;;;;;;;
menang nya ga banyak;yang penting ga bikin aku rungkad;"naik sikit&quot; lama lama menjadi bukit";ini buktinya aku udah menang di ▀▄▀▄▀▄MANDALIKA77▄▀▄▀▄▀;di sambar sama kake zeusss wkkwkw;1;menang nya ga banyak penting ga bikin aku rungkad naik sikit quot lama lama jadi bukit bukti aku udah menang mandalika77 sambar sama kake zeusss wkkwkw;;;
Undang wapres juga donkkkkk;0;undang wapres donkkkkk;;;;;;;
terbaik kak ; salam 𝗦𝗚𝗜𝟴𝟴;1;baik kak salam sgi88;;;;;;
 @fiqri880  hahahaha emang fakta;gak BECUSS;0;fiqri88 hahahaha emang fakta gak becuss;;;;;;
SIAPALAH SAYA?;0;siapa;;;;;;;
Hp lipet 2 aj sering ambrol;;;;;;;;;
Oil colerny pake gsx bisa ngga min😂;0;oil colerny pake gsx ngga min joy;;;;;;;
kok di tempat sy lebaran harga berubah semua ya pak;0;kok tempat sy lebaran harga ubah semua pak;;;;;;;
12:07 janda menarik;0;janda tarik;;;;;;;
Ahmad syahroni bg;0;ahmad syahroni bg;;;;;;;
Bisa kali jadi BA nya erspo😁;0;kali jadi ba nya erspo grin;;;;;;;
Asli sih.. gak nyangkaaa;0;asli sih gak nyangkaaa;;;;;;;
Ziko... Gimana kabar bang dipo dan mobil nya 😭;0;ziko gimana kabar bang dipo mobil nya sob;;;;;;;
9:28 boleh juga tuh GD modif motor pasti menarik👍;0;tuh gd modif motor tarik thumbsup;;;;;;;
tolong gua kejebak depo dialexis17 jd candu bgt kbnykan menang .;1;gua jebak depo dialexis17 jd candu bgt kbnykan menang;;;;;;;
seneng hari ini; bangun2 kumpulin nyawa main di 𝓂𝒶𝓃𝒹𝒶𝓁𝒾𝓀𝒶𝟩𝟩; langsung dikasi pula wekwekwek;1;neng hari bangun2 kumpulin nyawa main mandalika77 langsung kasi wekwekwek;;;;;
Pengalaman luar biasa tiap main di 𝘈𝘏M𝐴𝘋𝐓O𝘛𝐎; bener-bener gacir!;1;alam luar biasa tiap main ahmadtoto bener bener gacir;;;;;;
Mobil yang mewakili karakter om Jeje💪👍;0;mobil wakil karakter om jeje muscle thumbsup;;;;;;;
?𝘒𝘢𝘭𝘰 𝘣𝘥𝘢𝘴𝘢𝘳𝘳𝘬𝘢𝘯 𝘦𝘮𝘰𝘵𝘦 𝘥𝘪 𝘩𝘱 𝘴𝘪𝘩 :🤪;0;kalo bdasarrkan emote hp sih zany face;;;;;;;
Beneran deh; ⚡ALEXIS17⚡ itu andalan gue sekarang!;1;beneran deh zap alexis17 zap andal gue sekarang;;;;;;
makswin brusan gates ; seneng banget;1;makswin brusan gates neng banget;;;;;;
gak modal sukses alexis17 .;1;gak modal sukses alexis17;;;;;;;
maen lgsng jepek ; modal aja;1;maen lgsng jepek modal aja;;;;;;
Kalem dikit lah 😂;0;kalem dikit lah joy;;;;;;;
a l e x i s 1 7 bikin ketagihan ; pengen main pastinya menang !;1;alexis17 bikin tagih ken main pasti menang;;;;;;
18:01 poin yang menarik banget dari pandji;0;poin tarik banget pandji;;;;;;;
keren abis alexis17;1;keren abis alexis17;;;;;;;
Hp lu lipet berapa bos;0;hp lu lipet berapa bos;;;;;;;
Bagus hpnya jir;0;bagus hpnya jir;;;;;;;
beli siomay 😋;0;beli siomay yum;;;;;;;
gue takut ketinggalan tren pulauwin ; orang udah ikutan !;1;gue takut tinggal tren pulauwin orang udah ikut;;;;;;
bandar weton88 auto ; sultan gacur;1;bandar weton88 auto sultan gacur;;;;;;
Langsung cod di Facebook 😅;0;langsung cod facebook sweat smile;;;;;;;
​ @Dehanfin 11/100 ketinggian kek nya;0;dehanfin tinggi kek nya;;;;;;;
𝐴𝘎𝘜ST𝘖T𝑂memang daebak! JP-nya bikin speechless!;1;agustotomemang daebak jp nya bikin speechless;;;;;;;
udah selesai yappingnya?;0;udah selesai yappingnya;;;;;;;
Apa Mas Ockis nggak pengen suara kaya gitu di Brziko😂;0;apa mas ockis ken suara kaya gitu brziko joy;;;;;;;
Hats off sir!;0;hats off sir;;;;;;;
𝘼𝙇𝙀𝙓𝙄𝙎17 ; penyelamat genting . beneran ?;1;alexis17 selamat genting beneran;;;;;;
gua sih udah pasang alarm khusus buat jam gacor ALEXIS-17☯;1;gua sih udah pasang alarm khusus buat jam gacor alexis yin;;;;;;;
ok min ; 𝐒𝐆𝐈𝟖𝟖;1;min sgi88;;;;;;
duo bapak bapak duta persahabatan otomotif;0;duo bapak bapak duta sahabat otomotif;;;;;;;
Lebih rendah dari pada gelandangan😂;0;lebih rendah gelandang joy;;;;;;;
nih pulauwin kayaknya udah hidup orang-orang deh .;1;nih pulauwin kayak udah hidup orang orang deh;;;;;;;
gak skill marketing sukses alexis17 .;1;gak skill marketing sukses alexis17;;;;;;;
gue rela bolos kelas ikutan event alexis17 .;1;gue rela bolos kelas ikut event alexis17;;;;;;;
05:11 𝘼𝙇𝙀𝙓𝙄𝙎17;1;alexis17;;;;;;;
suaranya enak banget ni ki daus ; kayak vo iklan jadul .;1;suara enak banget ni ki daus kayak vo iklan jadul;;;;;;
Simbah mendongeng 😞;0;simbah dongeng disappointed;;;;;;;
Sabar netizen ketikannya ditahan😂😂;0;sabar netizen keti tahan joy joy;;;;;;;
Udah engga dong;0;udah engga dong;;;;;;;
kacau banget dah main 𝘼𝙇𝙀𝙓𝙄𝙎17 ; terbaik ! ! .;1;kacau banget dah main alexis17 baik;;;;;;
15:07 keren sih ini velgnya; beda dari drifter lain di indo;0;keren sih velgnya beda drifter indo;;;;;;
jepey gmpng banget 𝗪𝗘𝗧𝗢𝗡𝟴𝟴;1;jepey gmpng banget weton88;;;;;;;
YANG KOMEN ANAK ABAH SAMA RT 16 %😅😅😅😅;0;komen anak abah sama rt sweat smile sweat smile sweat smile sweat smile;;;;;;;
ADA MOBIL AKANG MV;0;mobil akang mv;;;;;;;
Satu lagi...Feri Amsari.;0;satu feri amsari;;;;;;;
@ honda accord warna item;0;honda accord warna item;;;;;;;
Kandel pisan.eweh kabecus ge;0;kandel pis eweh kabecus ge;;;;;;;
Waktu fun drift show di pasangi roofbox yg tipis lucu sepertinya;0;waktu fun drift show pasang roofbox yg tipis lucu seperti;;;;;;;
Gas lah bang ziko; siapa tau muncul culture motor GD 🔥🔥🔥;0;gas lah bang ziko siapa tau muncul culture motor gd fire fire fire;;;;;;
Gaada konteks pembahasan kosong;0;gaada konteks bahas kosong;;;;;;;
Yg penting takut tuhan mas🤭;0;yg penting takut tuhan mas face with hand over mouth;;;;;;;
Minggir lu miskin! Ya ampun ngakak bgt;0;minggir lu miskin ampun ngakak bgt;;;;;;;
tanpa dihina pun memang sudah hina;0;hina memang hina;;;;;;;
coba deh alexis17 dijamin makmur wkwk;1;coba deh alexis17 jamin makmur wkwk;;;;;;;
Di ban gimana maksudnya? W masih bisa pake google;0;ban gimana maksud w pake google;;;;;;;
slotnya bikin nagih ; cuannya bikin kaya . 𝗣 𝗟 𝗨 𝗧 𝗢 𝟴 𝟴 the best;1;slotnya bikin nagih cuannya bikin kaya pluto88 the best;;;;;;
Presiden ko kaya gini ya;; hadeuh;0;presiden ko kaya gin hadeuh;;;;;
𝗪𝗘𝗧𝗢𝗡𝟴𝟴 uhuy !;1;weton88 uhuy;;;;;;;
emang gak duanya sih alexis17 .;1;emang gak dua sih alexis17;;;;;;;
fanboy nya iphone sembunyi di pojokan meja dapur;0;fanboy nya iphone sembunyi pojok meja dapur;;;;;;;
😂😂 kocak kalian;0;joy joy kocak kalian;;;;;;;
​ @jen1ce  yg gantiin si gibran dong 😨😨 ogah juga... Kalo ga gibran; luhut 😭;0;jen1ce yg gantiin si gibran dong fearful fearful ogah kalo ga gibran luhut sob;;;;;;
 @JokoJMC  Ditanya pencapaian 150 hari menjabat  malah cerita plan ke depan 🤣;0;jokojmc tanya capai hari jabat malah cerita plan depan rofl;;;;;;;
rezeki nggak kemana ; makasih alexis17 !;1;rezeki makasih alexis17;;;;;;
P U L A U 7 7 7 bikin untung tiap hari; WD jalan terus!;1;pulau777 bikin untung tiap hari wd jalan terus;;;;;;
riview semua mobil GD dong bang;0;riview semua mobil gd dong bang;;;;;;;
Dipo nabrak kok gaada vlog nya?;0;dipo nabrak kok gaada vlog nya;;;;;;;
semoga pak ahok sehat selaluu. hormat!!;0;moga pak ahok sehat selaluu hormat;;;;;;;
kali maxwin 5 kali di-ga ru da ho ki;1;kali maxwin kali ga ru da ho ki;;;;;;;
Giliran komen kek gini aja buzzer2 gak bisa jawab.. sepi;0;gilir komen kek gin aja buzzer2 gak jawab sepi;;;;;;;
Lo itu bukan bang Ferry Irwandi;0;lo bukan bang ferry irwandi;;;;;;;
"sedang menunggu orang komen ""Nonton pake hp tersebut..""";0;sedang tunggu orang komen nonton pake hp sebut;;;;;;;
Omon Omon doang;0;omon omon doang;;;;;;;
Beli ini cuman buat telpon dan wa 😅;0;beli cuman buat telpon wa sweat smile;;;;;;;
alexis'17 cba ; jepe gede lngsg;1;alexis cba jepe gede lngsg;;;;;;
hasil gacir main 𝐷оrа𝟩𝟳 ; nggak mengecewakan !;1;hasil gacir main dora77 kecewa;;;;;;
Anjay mantep; di 💞𝘼LEXIS-17💞 bisa main SL🅞T sambil nge-Unity.;1;anjay mantep revolving hearts alexis revolving hearts main slot nge unity;;;;;;
mas wahid jual beli mobil dari dulu 😂;0;mas wahid jual beli mobil dulu joy;;;;;;;
9:36 setuju banget lahhhhh;0;tuju banget lahhhhh;;;;;;;
menyala betul;0;nyala betul;;;;;;;
Jual channel malah bisa beli 3🎉;0;jual channel malah beli tada;;;;;;;
Boleh ga beli 3 sekaligus?  Klo ga boleh ga jadi nih 🗿;0;ga beli sekaligus klo ga ga jadi nih moyai;;;;;;;
modal receh lgsng jepe brusan;1;modal receh lgsng jepe brusan;;;;;;;
edan ; gue tau 𝘼𝙇𝙀𝙓𝙄𝙎17 ; oke ya .;1;edan gue tau alexis17 oke;;;;;
pepekpepek lah semua iklan pokonya mandalika77 paling gacir;1;pepekpepek lah semua iklan poko mandalika77 paling gacir;;;;;;;
Tdk bermakna karena bukn pergumulan otentik dirinya.;0;tdk makna bukn gumul otentik diri;;;;;;;
𝘼𝙇𝙀𝙓𝙄𝙎17 tuh emang bener-bener ngasih peluang orang sultan mendadak;1;alexis17 tuh emang bener bener ngasih peluang orang sultan dadak;;;;;;;
00:48 50 juta an AJA cenah 😩😩;0;juta an aja cenah weary weary;;;;;;;
kalau punya uang lebih banyak pengen sih beli baic bj40😊;0;kalau punya uang lebih banyak ken sih beli baic bj4 blush;;;;;;;
emang gak obatnya sih sensasi main alexis17 .;1;emang gak obat sih sensasi main alexis17;;;;;;;
alexis'17 cba bntr ; jepe gede lgnsung;1;alexis cba bntr jepe gede lgnsung;;;;;;
Untuk menghemat waktu kalian; percepat vidio menjadi 1;5x;0;hemat waktu kalian cepat vidio jadi 5x;;;;;
tecno lipet 3 juga;0;tecno lipet;;;;;;;
sepertinya begitu yakali kan gatau kalo itu forza;0;seperti yakali kan gatau kalo forza;;;;;;;
😂 mas wo wo mas wo wo😅;0;joy mas wo wo mas wo wo sweat smile;;;;;;;
Duet Anies-Ahok adalah impian....;0;duet anies ahok impi;;;;;;;
Gacur banget; wede tiap hari auto seneng;1;gacur banget wede tiap hari auto neng;;;;;;
main pawpaw4d ; beruntung senang .;1;main pawpaw4d untung senang;;;;;;
Waow sangat berbobot sekali komen dari teman2 daripada videonya 😂😂😂😂;0;waow sangat bobot sekali komen teman2 video joy joy joy joy;;;;;;;
2 milyar habis mungkin ini biaya modif nya;0;milyar habis mungkin biaya modif nya;;;;;;;
Summun bukmun umyun;0;summun bukmun umyun;;;;;;;
 @vonia1047  sudah tidak sejalan haha;0;vonia1 47 jalan haha;;;;;;;
 @DikaYH-px5wl bang udh ga usah di jelasin;ga ngerti juga itu🤣;0;dikayh px5wl bang udh ga usah jelasin ga ngerti rofl;;;;;;
Menuju ahok x dedy mulyadi 2029;0;tuju ahok x dedy mulyadi;;;;;;;
Itu yang lagi viral;0;viral;;;;;;;
Ubur ubur makan terasi;;;;;;;;;
Heran sih; ini 𝙋𝙐𝙇𝘼𝙐𝙒𝙄𝙉 kenapa bisa nyentuh semua kalangan gitu?;1;heran sih pulauwin nyentuh semua kalang gitu;;;;;;
Dasbornya bikin mas biar ga ngopong bet;0;dasbor bikin mas biar ga ngopong bet;;;;;;;
Makasih narasi jadi yakin kalo nilai 11/100 itu lebih dari layak 😢;0;makasih narasi jadi yakin kalo nilai lebih layak cry;;;;;;;
gacir banget ; main 𝗪𝗘𝗧𝗢𝗡𝟴𝟴;1;gacir banget main weton88;;;;;;
Sangat tidak menginspirasi 🔥;0;sangat inspirasi fire;;;;;;;
Iya kyknya keren tuhh lintasannya banyak tampalan;0;iya kyknya keren tuhh lintas banyak tampal;;;;;;;
hasil alexis17 ; bangga ; beralih tukang koran bos warung .;1;hasil alexis17 bangga alih tukang koran bos warung;;;;;
𝘼𝙇𝙀𝙓𝙄𝙎17 engga pelit petir ! .;1;alexis17 engga pelit petir;;;;;;;
Setiap momen berkilau di M𝗮𝘯𝐝𝗮𝑙𝗶𝒌𝐚𝟟𝟳;1;momen kilau mandalika77;;;;;;;
dapetin info 𝘼𝙇𝙀𝙓𝙄𝙎17 ?;1;dapetin info alexis17;;;;;;;
Kasian sama anak koruptornya katanya 😂;0;kasi sama anak koruptor kata joy;;;;;;;
rejeki lancar nyobain;1;rejeki lancar nyobain;;;;;;;
produk korean utara apa korea selatan?;0;produk korean utara apa korea selatan;;;;;;;
Wkwkkwkwkw.. iya lucu banget;0;wkwkkwkwkw iya lucu banget;;;;;;;
Dedi Mulyadi dong mas panji;0;dedi mulyadi dong mas panji;;;;;;;
kali skete​r​ ; asli mantul banget;1;kali sketer asli mantul banget;;;;;;
happy banget dapet rezeki а𝘎𝙐𝙎𝐓ot𝑂 ; bener-bener puas !;1;happy banget dapet rezeki agustoto bener bener puas;;;;;;
Semangat Bosqu ; Terbaik 𝐏𝐑𝐎𝐁𝐄𝐓𝟖𝟓𝟓;1;semangat bosqu baik probet855;;;;;;
Sebentar ini 2045 Hijriah; ratusan tahun lagi emas nya😂;0;sebentar hijriah ratus tahun emas nya joy;;;;;;
berasa maxwin habis𝐏 𝐋 𝐔 𝐓 𝐎 𝟖 𝟖 gacor habis;1;asa maxwin habisp luto88 gacor habis;;;;;;;
kencengan mana sama 2gd;0;kenceng mana sama 2gd;;;;;;;
situs mantap 𝐏 𝐋 𝐔 𝐓 𝐎 𝟖 𝟖 gampang menangnya;1;situs mantap pluto88 gampang menang;;;;;;;
Ide menarik;0;ide tarik;;;;;;;
Terima kasih sarannya 😂;0;terima kasih saran joy;;;;;;;
Beli j2 prime;0;beli j2 prime;;;;;;;
2:41 real flex...;0;real flex;;;;;;;
sumpah ; mekswin brusan gates ; gacor parah;1;sumpah mekswin brusan gates gacor parah;;;;;
Main sebentar aja langsung dapet rezeki besar; keren banget A𝐆U𝘚T𝙊𝑇𝙊!;1;main sebentar aja langsung dapet rezeki besar keren banget agustoto;;;;;;
Indonesia butuh ahok;0;indonesia butuh ahok;;;;;;;
nilai 11 dari 100 ternyata terlalu banyak;0;nilai nyata terlalu banyak;;;;;;;
emang gak se-profitable alexis17 .;1;emang gak se profitable alexis17;;;;;;;
Presiden Prabowo Menjawab ❌;;;;;;;;;
UU Perampasan aset koruptor tak terjawabkan 😢;0;uu ampas aset koruptor tak jawab cry;;;;;;;
Padhal paling bagus dan cocok velg nya.  Yg komen seleranya kere fix;0;padhal paling bagus cocok velg nya yg komen selera kere fix;;;;;;;
Thanks timestamp nya bro 👍;0;thanks timestamp nya bro thumbsup;;;;;;;
Wah; di channel lain juga banyak yang sebut ⭐ A L E X I S 1 7 ⭐.;1;wah channel banyak sebut star alexis17 star;;;;;;
tiada tanding uda main alexis17;1;tiada tanding uda main alexis17;;;;;;;
keren bet hasil akhirnya;0;keren bet hasil akhir;;;;;;;
saya salah 1 org yg dislike dr puluhan ribu lain.a masssssss 😅;0;salah org yg dislike dr puluh ribu a masssssss sweat smile;;;;;;;
beneran dah nggak masuk akal promosi begini;0;beneran dah masuk akal promosi begini;;;;;;;
9:36 gas bang gua tunggu video kontennya;0;gas bang gua tunggu video konten;;;;;;;
Banting HP solusinya;0;banting hp solusi;;;;;;;
𝑨𝑳𝑬𝑿𝑰𝑺17 bahas .;1;alexis17 bahas;;;;;;;
Our economy is doing well mohon maaf tapi di dunia mana ya pak?;0;our economy is doing well mohon maaf dunia mana pak;;;;;;;
wede 2 kali ; sketer;1;wede kali sketer;;;;;;
Pulau 777: Tempat para pemenang berkumpul!;1;pulau tempat menang kumpul;;;;;;;
Menunggu yang second ny saja hingga menyentuh harga Rp 2;5 juta😮😢😮;0;tunggu second ny hingga sentuh harga rp juta open mouth cry open mouth;;;;;;
pawpaw4d permainan ; wadah kebersamaan digital .;1;pawpaw4d main wadah sama digital;;;;;;
swert bonanja gacir ; mntp;1;swert bonanja gacir mntp;;;;;;
Sangat uwow;0;sangat uwow;;;;;;;
bro berpikir bro adalah ferry irwandi;0;bro pikir bro ferry irwandi;;;;;;;
𝗦𝗚𝗜𝟴𝟴 maen santai aja ; tetep wedey jutaan;1;sgi88 maen santai aja tetep wedey juta;;;;;;
Cakep menurutmu... ;;;;;;;;;
malu.... sekelas chanel wapres kok gini ya... sedih bgt...😢😢😢;0;malu kelas chanel wapres kok gin sedih bgt cry cry cry;;;;;;;
Diskusi sama rakyat dr semua sisi juga perlu; pak;0;diskusi sama rakyat dr semua sisi perlu pak;;;;;;
Berapa Lapis???...RATUSAANNN 🤣🤣;0;berapa lapis ratusaannn rofl rofl;;;;;;;
mimpi lo dibiayai pu lau tujuh tujuh tujuh—asal lo coba .;1;mimpi lo biaya pu lau tujuh tujuh tujuh asal lo coba;;;;;;;
Yahh udah di-hide dislikenya. Info terakhir dislike nya berapa?;0;yahh udah hide dislikenya info akhir dislike nya berapa;;;;;;;
oke liverynya keren sih; mantep;0;oke liverynya keren sih mantep;;;;;;
Prompter ini. 😂;0;prompter joy;;;;;;;
✦𝗠𝗮𝗻𝘂𝘁𝟴𝟴✦Pengalaman bermain yang fantastis;1;manut88 alam main fantastis;;;;;;;
Emang kamu tau?;0;emang kamu tau;;;;;;;
wih ; bilang ; 𝘼𝙇𝙀𝙓𝙄𝙎17 top markotop !;1;wih bilang alexis17 top markotop;;;;;
M𝗮𝘯𝐝𝗮𝑙𝗶𝒌𝐚-tujuhtujuh bro ; gw main disini gak pakai janji palsu bro cuman disini gw sering menang;1;mandalika tujuhtujuh bro gw main sini gak pakai janji palsu bro cuman sini gw sering menang;;;;;;
gak bermutu;0;gak mutu;;;;;;;
Jgn kayak buzzer 02;0;jgn kayak buzzer;;;;;;;
Ngga jelas bgt isinya;0;ngga jelas bgt isi;;;;;;;
fix beli kouta dlu;0;fix beli kouta dlu;;;;;;;
ALEXIS-17☯ bikin hidup gua berubah 180 derajat; dari tukang ojek jadi bos;1;alexis yin bikin hidup gua ubah derajat tukang ojek jadi bos;;;;;;
gacir banget ; main 𝐒𝐆𝐈𝟖𝟖;1;gacir banget main sgi88;;;;;;
Jumlah Dislike nya ilang😂😂;0;jumlah dislike nya ilang joy joy;;;;;;;
Nunggu versi china yg 1/3 harga ada gak ya😄;0;nunggu versi china yg harga gak smile;;;;;;;
𝗪𝗘𝗧𝗢𝗡𝟴𝟴 maen santai aja ; tetep wedey jutaan;1;weton88 maen santai aja tetep wedey juta;;;;;;
ko mainnya janjian dulu om wkwkkw;0;ko main janji dulu om wkwkkw;;;;;;;
Baper banget lu ama komentar doang. Kasian 😭🤣🤣​ @lockysigarlaki163 ;0;baper banget lu ama komentar doang kasi sob rofl rofl lockysigarlaki163;;;;;;;
serius nanya deh alexis17 ?;1;serius nanya deh alexis17;;;;;;;
Makswin brusan di Gates; seneng banget;1;makswin brusan gates neng banget;;;;;;
Speakernya saja dengar bose udah kena syok harganya apalagi mobilnya😀;0;speakernya dengar bose udah kena syok harga mobil grinning;;;;;;;
kalo aku yg jadi jurnalis; udah pati banyak keceplosan: MAATTA NEE!;0;kalo aku yg jadi jurnalis udah pati banyak ceplos maatta nee;;;;;;
kalo λ l e x i s 1 7 ; yg kasih duit;1;kalo llexis17 yg kasih duit;;;;;;
Hummer EV😍👏🏻😎💪🏻💕🤗;0;hummer ev heart eyes clap sunglasses muscle two hearts hugging;;;;;;;
besar hati amat sangat nemu web M𝗮𝘯𝐝𝗮𝑙𝗶𝒌𝐚𝟟𝟳! ini berlega hati amat sangat lah sehabis demikian lama bermain  baru kali ini selisih gw naik jadi segini brayyy ingin nangis saking senengnya;1;besar hati sangat nemu web mandalika77 lega hati sangat lah habis lama main baru kali selisih gw naik jadi gin brayyy nang saking neng;;;;;;;
Akankah v8 juga 😲;0;akan v8 astonished;;;;;;;
maen santai big win;1;maen santai big win;;;;;;;
Bang ke rumah akang mv ♥️;0;bang rumah akang mv hearts;;;;;;;
gue sih yes 𝘼𝙇𝙀𝙓𝙄𝙎17 . ?;1;gue sih yes alexis17;;;;;;;
Banyak pengguna yang menemukan 𝕊𝕀𝕄𝔹𝔸𝟞𝟡sebagai sumber daya yang berharga.;1;banyak guna temu simba69sebagai sumber daya harga;;;;;;;
Jangan lewatkan kesempatan menang besar di Pulau 777! 09:40;1;jangan lewat sempat menang besar pulau;;;;;;;
Terima kasih Mbak Najwa Shihab baru saya tahu siapa itu Prabowo;0;terima kasih mbak najwa shihab baru tahu siapa prabowo;;;;;;;
orang bilang alexis17 tuh bener-bener ngebantu keuangan .;1;orang bilang alexis17 tuh bener bener ngebantu uang;;;;;;;
main alexis17 suaranya;1;main alexis17 suara;;;;;;;
𝘼𝙇𝙀𝙓𝙄𝙎17 sih ? heboh banget ? gila ?;1;alexis17 sih heboh banget gila;;;;;;;
 @ElainayMafay  ngacapruk kata orang sunda;0;elainaymafay ngacapruk kata orang sunda;;;;;;;
Ya allah semoga yang komentar promosi dora77 di panggil oleh mu secepat . Amin;1;allah moga komentar promosi dora77 panggil mu cepat amin;;;;;;;
alexis'17 main dikit ; saldo langsung byk;1;alexis main dikit saldo langsung byk;;;;;;
Cair terus ini kakak mantap banget cuan di 𝐒𝐆𝐈𝟖𝟖;1;cair terus kakak mantap banget cuan sgi88;;;;;;;
orang bilang alexis17 tuh game changer banget !;1;orang bilang alexis17 tuh game changer banget;;;;;;;
Amazing😮😮😮;0;amazing open mouth open mouth open mouth;;;;;;;
Yg saya tunggu2..review dr gadgetin;0;yg tunggu2 review dr gadgetin;;;;;;;
Paman sehat kah pak wapres?? titip salam ya;0;paman sehat pak wapres titip salam;;;;;;;
а𝐺𝐔𝙎𝙏𝐎𝐓𝘖adalah platform dirancang mempertimbangkan pengguna .;1;agustotoadalah platform rancang timbang guna;;;;;;;
Gimana y bukan nya paham tapi malah ngantuk;0;gimana y bukan nya paham malah ngantuk;;;;;;;
Si anyiinngg ngoceh 😂;0;si anyiinngg ngoceh joy;;;;;;;
BELI KUOTA BUAT NONTON VIDEO INI😅;0;beli kuota buat nonton video sweat smile;;;;;;;
KESINI CUMAN BUAT LIAT KOMEN; DAN DISKLIKE VIDEO;0;kesini cuman buat liat komen disklike video;;;;;;
gak pusing mikirin biaya sekolah anak kalo udah join alexis17 .;1;gak pusing mikirin biaya sekolah anak kalo udah join alexis17;;;;;;;
Gas main motor juga hehe;0;gas main motor hehe;;;;;;;
BANG TOLONG REVIEW HP REALME GT 7 PRO DONG BANG;0;bang review hp realme gt pro dong bang;;;;;;;
"Harusnya judul ""presiden Prabowo dongeng """;0;harus judul presiden prabowo dongeng;;;;;;;
 @Manusia_Biasa_D emang jawaban nya melantur. Dasar buzzer dibayar berapa lu?😂;0;manusia biasa d emang jawab nya lantur dasar buzzer bayar berapa lu joy;;;;;;;
Bawa pulang senyum dari M𝗮𝘯𝐝𝗮𝑙𝗶𝒌𝐚𝟟𝟳;1;bawa pulang senyum mandalika77;;;;;;;
Keren banget! Rasanya gak lengkap sehari tanpa 🔥⚡ALEXIS17⚡?🔥;1;keren banget rasa gak lengkap hari fire zap alexis17 zap fire;;;;;;;
 @SamsulKhoir-w5t  samsul dibayar brp;0;samsulkhoir w5t samsul bayar brp;;;;;;;
ALEXIS-17☯ tuh emang jadi andalan gua kalo lagi butuh dana cepet;1;alexis yin tuh emang jadi andal gua kalo butuh dana cepet;;;;;;;
Kasihan mas dipo mobil baru nya sudah crash tadi di ajang turnamen;0;kasihan mas dipo mobil baru nya crash tadi ajang turnamen;;;;;;;
Bangsa ini telah menyia nyiakan berlian lebih memilih batu akik.;0;bangsa sia nyiakan berlian lebih pilih batu akik;;;;;;;
Infinix zero flip bang🗿;0;infinix zero flip bang moyai;;;;;;;
keren banget bang ; salam jepe 𝐒𝐆𝐈𝟖𝟖;1;keren banget bang salam jepe sgi88;;;;;;
Gk ada bosan nya aku sama ⭐𝘼𝙇𝙀𝙓𝙄𝙎17;1;gk bosan nya aku sama star alexis17;;;;;;;
3 jam yapping;0;jam yapping;;;;;;;
rivyou mobil nya BG Bimo dong bg;0;rivyou mobil nya bg bimo dong bg;;;;;;;
Kayak apa hasilnya; drag race GMC H-EV vs Jimny?;0;kayak apa hasil drag race gmc h ev vs jimny;;;;;;
3 jam juga betah ini;0;jam betah;;;;;;;
Langsung gass 😎;0;langsung gass sunglasses;;;;;;;
mantep langsung ke sorot smua motornya bang dete kwkwk;0;mantep langsung sorot smua motor bang dete kwkwk;;;;;;;
SALUT EDITORNYA NGEDIT 3;5 JAM!!!;0;salut editor ngedit jam;;;;;;
gw demen gas 𝐒𝐆𝐈𝟖𝟖 wkwkwkww seru . sering2 sih mah;1;gw demen gas sgi88 wkwkwkww seru sering2 sih mah;;;;;;;
Baca text itu bang; kelihatan kok;0;baca text bang lihat kok;;;;;;
Wallahi we doomed;0;wallahi we doomed;;;;;;;
emang gak se-recommended alexis17 deh .;1;emang gak se recommended alexis17 deh;;;;;;;
Hp jual gengsi sampai semahal itu..;0;hp jual gengsi mahal;;;;;;;
jepey trs ; di𝗪𝗘𝗧𝗢𝗡𝟴𝟴;1;jepey trs diweton88;;;;;;
Tebak gg nulis script?;0;tebak gg nulis script;;;;;;;
Merinding siih pas reveal😊;0;merinding siih pas reveal blush;;;;;;;
Solusi buat ortu yg anaknya 3;0;solusi buat ortu yg anak;;;;;;;
jackpot terus-terusan ; bikin happy ! 𝑲𝑰𝑵𝑮𝟑𝟐𝟖 terbaik !;1;jackpot terus terus bikin happy king328 baik;;;;;;
Di bawah 600jt gokil si;0;bawah 6 jt gokil si;;;;;;;
🤣🤣🤣;"rasanya pen bilang ""ndasmu"" gak sih?😭😭";0;rofl rofl rofl rasa pen bilang ndasmu gak sih sob sob;;;;;;
The sickman from wakanda;0;the sickman from wakanda;;;;;;;
kerjaan numpuk bikin stress ; butuh semangat alexis17 .;1;kerja numpuk bikin stress butuh semangat alexis17;;;;;;
obell (support duit bpk) vs farell (support jalur bpk);0;obell support duit bpk vs farell support jalur bpk;;;;;;;
MENUJU INDONESIA CEMAS!!!;0;tuju indonesia cemas;;;;;;;
Kukira nakal wkwk;0;kira nakal wkwk;;;;;;;
Utang sit oleh ra ki😂;0;utang sit ra ki joy;;;;;;;
Jawaban nya ya ngelntur;0;jawab nya ngelntur;;;;;;;
banyak2 istigfar nonton iniii 😂😂😂;0;banyak2 istigfar nonton iniii joy joy joy;;;;;;;
Ngomong opo to pak;0;ngomong opo to pak;;;;;;;
rame banget nih 𝘼𝙇𝙀𝙓𝙄𝙎17 tongkrongan . sih !;1;rame banget nih alexis17 tongkrong sih;;;;;;;
wede gampang banget ; nggak nyangka;1;wede gampang banget nyangka;;;;;;
game-nya gacir ; maen jepe;1;game nya gacir maen jepe;;;;;;
Haadiir selalu Mas ★𝗠𝗮𝗻dalika77★;1;haadiir selalu mas mandalika77;;;;;;;
27:16 sayang ga dijual...;0;sayang ga jual;;;;;;;
1 kata buat lu bang ; Ganteng 😎😎😎😎;0;kata buat lu bang ganteng sunglasses sunglasses sunglasses sunglasses;;;;;;
gak pusing mikirin biaya persalinan kalo udah join alexis17 .;1;gak pusing mikirin biaya salin kalo udah join alexis17;;;;;;;
Temen gue dari luar negeri aja tau ＰＵＬＡＵＷＩＮ; gokil!;1;temen gue luar negeri aja tau pulauwin gokil;;;;;;
Cuma bikin rugi orang lain; malu banget;0;cuma bikin rugi orang malu banget;;;;;;
2029 anis ahok;0;anis ahok;;;;;;;
kebahagiaan hakiki;0;bahagia hakiki;;;;;;;
Mas Panji ...main catur koq bisa di atur sich ?😂😂😂;0;mas panji main catur koq atur sich joy joy joy;;;;;;;
Mobilnya langsung crash😢😢;0;mobil langsung crash cry cry;;;;;;;
bang review mobil umbu gilberthh;0;bang review mobil umbu gilberthh;;;;;;;
anak abah diem aja;0;anak abah diem aja;;;;;;;
Beneran rebahan dong buat ngolong;0;beneran rebah dong buat ngolong;;;;;;;
Bapak sama Pamannya gak diajak bikin video mas..;0;bapak sama paman gak ajak bikin video mas;;;;;;;
Kebanyakan;0;banyak;;;;;;;
𝘋𝐄𝘞𝐀𝐃O𝐑𝘈 gacir bener; tiap main pasti aja jepe; bikin nagih;1;dewadora gacir bener tiap main aja jepe bikin nagih;;;;;
gak skill khusus sukses alexis17 .;1;gak skill khusus sukses alexis17;;;;;;;
Ahok Mahfud sih;0;ahok mahfud sih;;;;;;;
Klo bisa btp;mahfud md;0;klo btp mahfud md;;;;;;
gue pikir hype ; 𝓟𝓤𝓛𝓐𝓤𝓦𝓘𝓝 rame .;1;gue pikir hype pulauwin rame;;;;;;
Butuh kesabaran ekstra untuk menyimak video ini;0;butuh sabar ekstra simak video;;;;;;;
Lah kakinya ridwan knpa itu?;0;lah kaki ridwan knpa;;;;;;;
Ziko modif motor auto langsung rata kanan😅;0;ziko modif motor auto langsung rata kanan sweat smile;;;;;;;
salfok sama bagian krah depan nya gak presisi 👀;0;salfok sama bagi krah depan nya gak presisi eyes;;;;;;;
emang gak se-worth it alexis17 sih .;1;emang gak se worth it alexis17 sih;;;;;;;
​ @Andi.Maulana woilah;0;andi maulana woilah;;;;;;;
Tapi saya kurang suka dibelakang ada kutilnya;0;kurang suka belakang kutil;;;;;;;
asli ; 𝘼𝙇𝙀𝙓𝙄𝙎17 bikin hidup gue simpel ; asli .;1;asli alexis17 bikin hidup gue simpel asli;;;;;
Iya;dpat duit dr ngibulin umatnya😂😅;0;iya dpat duit dr ngibulin umat joy sweat smile;;;;;;
7:39 Marsha VOB bukan sih ?;0;marsha vob bukan sih;;;;;;;
Kau pikir hidup ini hanya makan kata kaupikir rakyatmu tak butuh susu 🤣;0;kau pikir hidup makan kata pikir rakyat tak butuh susu rofl;;;;;;;
sehari join alexis17 ; gue udah dapet cuan dp rumah !;1;hari join alexis17 gue udah dapet cuan dp rumah;;;;;;
Gas motor nya Bang;0;gas motor nya bang;;;;;;;
Gila; dapet petir merah brusan di Gates;1;gila dapet petir merah brusan gates;;;;;;
kayaknya ini yutuber di sponsorin P U L A U W I N deh;1;kayak yutuber sponsorin pulauwin deh;;;;;;;
Ya intinya lu komen kocak 😅;0;inti lu komen kocak sweat smile;;;;;;;
𝘼𝙇𝙀𝙓𝙄𝙎17 hiburan tergokil ! .;1;alexis17 hibur tergokil;;;;;;;
bandar weton88 auto ; sultan gacur;1;bandar weton88 auto sultan gacur;;;;;;
gue sih udah ga heran kalo alexis17 ; trending instagram;1;gue sih udah ga heran kalo alexis17 trending instagram;;;;;;
gila ; dapet petir merah brusan gates;1;gila dapet petir merah brusan gates;;;;;;
Ishowspeed $3000 (Rp 50.000.000) 😂 box gift ok YouTube 🔥🖐🏻😏🖐🏻;0;ishowspeed rp joy box gift youtube fire hand splayed smirk hand splayed;;;;;;;
makswin brusan starlight ; nggak nyangka;1;makswin brusan starlight nyangka;;;;;;
semangat bosqu ; terbaik 𝗪𝗘𝗧𝗢𝗡𝟴𝟴;1;semangat bosqu baik weton88;;;;;;
; 𝑲𝑰𝑵𝑮𝟑𝟐𝟖 terbaik !;1;king328 baik;;;;;;
Kalau ga yapping; ga jumping bro 😅;0;kalau ga yapping ga jumping bro sweat smile;;;;;;
main ps5 keknya josss;0;main ps5 kek josss;;;;;;;
Lu baca ya bang.?😮;0;lu baca bang open mouth;;;;;;;
Kirin wehhh gg;0;kirin wehhh gg;;;;;;;
Jersey replika yg dipake bang Bimo kerahnya agak beda ya tingginya? 😅;0;jersey replika yg dipake bang bimo kerah beda tinggi sweat smile;;;;;;;
Masih sakit hati sama pidato anies dulu;0;sakit hati sama pidato anies dulu;;;;;;;
Jawabnya pakai ChatGPT;0;jawab pakai chatgpt;;;;;;;
bro tau ga alexis17 ; udah support bank e-wallet minimal;1;bro tau ga alexis17 udah support bank e wallet minimal;;;;;;
Gates gacir banget; udh jepek lagi;1;gates gacir banget udh jepek;;;;;;
Agus selain berulah didunia nyata juga berulah dijudi slot😅👏🏻;0;agus ulah dunia nyata ulah judi slot sweat smile clap;;;;;;;
Yang kemari buat dislike doang ==>;0;kemari buat dislike doang;;;;;;;
Ga liat komplotan mobil2 bermarga kode mesin.;0;ga liat komplot mobil2 marga kode mesin;;;;;;;
Promo depositnya bikin tambah hoki;1;promo deposit bikin tambah hoki;;;;;;;
alus pisan alexis17 wkwkwkw;1;alus pis alexis17 wkwkwkw;;;;;;;
coocaa best sih;1;coocaa best sih;;;;;;;
02:30 gak senyum main p͓̽u͓̽l͓̽a͓̽u͓̽7͓̽7͓̽7͓̽ ; cuaan .;1;gak senyum main pulau777 cua;;;;;;
Nunggu ada yg seluas tiker; baru beli;0;nunggu yg luas tiker baru beli;;;;;;
Cakep Kali 🚩𝗪𝗘𝗧𝗢𝗡𝟴𝟴🚩; Bravo..;1;cakep kali triangular flag on post weton88 triangular flag on post bravo;;;;;;
byd bukannya dari china ya?;0;byd bukan china;;;;;;;
Memang ga jahat sii hny g kompeten aj❤️‍🩹💔;0;memang ga jahat sii hny g kompeten aj heart adhesive bandage broken heart;;;;;;;
menang alexis'17 ; dengar cerita orng !;1;menang alexis dengar cerita orng;;;;;;
2029 KDM & BTP;0;kdm btp;;;;;;;
Njirrrr murah bgt😂;0;njirrrr murah bgt joy;;;;;;;
the best 𝗦𝗚𝗜𝟴𝟴 byar !;1;the best sgi88 byar;;;;;;;
Kapan nih bisa review hp mahal di channel sendiri awowkk😂;0;kapan nih review hp mahal channel sendiri awowkk joy;;;;;;;
Bersatu kita teguh sendiri bawa orang dalam;0;satu teguh sendiri bawa orang;;;;;;;
Tolong kasih tau letak jurnalis bengongnya ?;0;kasih tau letak jurnalis bengong;;;;;;;
alexis17 emang berbeda;1;alexis17 emang beda;;;;;;;
Gas bikin konten motor;0;gas bikin konten motor;;;;;;;
Aerox baru keluar udh tamat modifannya. gokil;0;aerox baru keluar udh tamat modifannya gokil;;;;;;;
50jt dpt vario125 2 biji;0;5 jt dpt vario125 biji;;;;;;;
Anjay mantep; di 💞𝘼LEXIS-17💞 bisa main SL🅞T sambil nge-Apple Music.;1;anjay mantep revolving hearts alexis revolving hearts main slot nge apple music;;;;;;
apalagi klo tambah stiker merah.. plus 100 HP itu..;0;klo tambah stiker merah plus hp;;;;;;;
Yang ntn ulang abis ntn yang abis tabrakan siapa ni😢;0;ntn ulang abis ntn abis tabrak siapa ni cry;;;;;;;
mandalika77 emang juara dalam memberikan kepuasan bermain. Cuan terus mengalir;1;mandalika77 emang juara beri puas main cuan terus alir;;;;;;;
cakep kali 𝗪𝗘𝗧𝗢𝗡𝟴𝟴 ; bravo ..;1;cakep kali weton88 bravo;;;;;;
Penadaran sama mobil nya farel;0;penadaran sama mobil nya farel;;;;;;;
terbaik kak ; salam weton88;1;baik kak salam weton88;;;;;;
Beli teh jumbo;0;beli teh jumbo;;;;;;;
𝘋о𝐑𝘼 𝟳7 bikin ketagihan ; pengen main !;1;dora bikin tagih ken main;;;;;;
Nonton siang pun jadi ngantuk😅;0;nonton siang jadi ngantuk sweat smile;;;;;;;
realitanya yang penting mesin awet saat balapan dia akan menang😅;0;realitanya penting mesin awet balap menang sweat smile;;;;;;;
gue sih udah ga move on 𝘼𝙇𝙀𝙓𝙄𝙎17 ; gacor bikin nagih;1;gue sih udah ga move on alexis17 gacor bikin nagih;;;;;;
Sudah susah di bilangin nih kakek  blunder semua 😅;0;susah bilangin nih kakek blunder semua sweat smile;;;;;;;
Buzzernya banyak kali ya 🤣🤣🤣🐷🐷🐷;0;buzzernya banyak kali rofl rofl rofl pig pig pig;;;;;;;
Waoooo huwai keren;0;waoooo huwai keren;;;;;;;
Motor ny buat mentok kanan ko.;0;motor ny buat mentok kanan ko;;;;;;;
Akhirnya vidio yang gua tunggu-tunggu tayang 🎉🎉;0;akhir vidio gua tunggu tunggu tayang tada tada;;;;;;;
asli ; the best pokoknya 𝘼𝙇𝙀𝙓𝙄𝙎17 !;1;asli the best pokok alexis17;;;;;;
Semua temen kantor gue pada kepo sama ALEXIS⭐17⭐.;1;semua temen kantor gue kepo sama alexis star star;;;;;;;
gak sultan tajir ; pu lau tujuh tujuh tujuh .;1;gak sultan tajir pu lau tujuh tujuh tujuh;;;;;;
Halah nyocot;0;halah nyocot;;;;;;;
Semua temen gue pada bilang ALEXIS⭐17⭐ tuh bikin ketagihan!;1;semua temen gue bilang alexis star star tuh bikin tagih;;;;;;;
Kayak chart meme coin aja;0;kayak chart meme coin aja;;;;;;;
Mantappp. Makasih sangat detil... Kerennn;0;mantappp makasih sangat detil kerennn;;;;;;;
Jakpot besar bikin aku makin percaya sama keberuntungan di 𝐷𝘖𝘙𝐴𝟽7! 😷 🤒;1;jakpot besar bikin aku makin percaya sama untung dora77 mask thermometer face;;;;;;;
gacir abis ; udh wede;1;gacir abis udh wede;;;;;;
gacu​r​ dikit ; langsung jepe wede;1;gacur dikit langsung jepe wede;;;;;;
update 𝑨𝑳𝑬𝑿𝑰𝑺17 gokil banget sih .;1;update alexis17 gokil banget sih;;;;;;;
best lah mandalika77;1;best lah mandalika77;;;;;;;
Salting bang;0;salting bang;;;;;;;
Saya juga kaget;0;kaget;;;;;;;
 @AkmalAttareyhan  lhoo...masa sih 🤭;0;akmalattareyhan lhoo masa sih face with hand over mouth;;;;;;;
geloo 𝐒 𝙂ｉ𝟖 𝟖 cair x100;1;geloo s gi8 cair x1;;;;;;;
keberuntungan bikin semangat main alexis17;1;untung bikin semangat main alexis17;;;;;;;
Mantepp bener kkaa aihyss😊;0;mantepp bener kkaa aihyss blush;;;;;;;
KAMERA NYA GELOOOOOOOO;0;kamera nya geloooooooo;;;;;;;
Aura rally nyA kuat banget😊;0;aura rally nya kuat banget blush;;;;;;;
Disembunyiin biar gak terlihat yg dislike banyak banget;0;disembunyiin biar gak lihat yg dislike banyak banget;;;;;;;
Kaya yang ga tau TEMPO aja bg wwkwkk;0;kaya ga tau tempo aja bg wwkwkk;;;;;;;
Sekolah aja udah ada ko sekolah drifter;0;sekolah aja udah ko sekolah drifter;;;;;;;
pajak tahunannya brp ya?;0;pajak tahun brp;;;;;;;
gak pusing mikirin biaya sekolah kalo udah join alexis17 .;1;gak pusing mikirin biaya sekolah kalo udah join alexis17;;;;;;;
Bang bahas mobil baru Farel dong....;0;bang bahas mobil baru farel dong;;;;;;;
Mobil anak Lord FreeYork ;;;;;;;;;
Turbonya di mana bang ???;;;;;;;;;
alexis'17 gua coba bentar ; saldo langsung 2x lipat;1;alexis gua coba bentar saldo langsung 2x lipat;;;;;;
gua dengernya headset berasa suara mesin 4 rotor;0;gua dengernya headset asa suara mesin rotor;;;;;;;
swert bonanja bener-bener gacir banget;1;swert bonanja bener bener gacir banget;;;;;;;
anak mulyono kakak.. yg punya paman di mk..;0;anak mulyono kakak yg punya paman mk;;;;;;;
Pencapaian rakyat itu mah bukan situ😂; kocak emang;0;capai rakyat mah bukan situ joy kocak emang;;;;;;
ubur-ubur ikan Lele;;;;;;;;;
Keren tapi over price om…kemahalan sejak ad mobcin;0;keren over price om mahal sejak ad mobcin;;;;;;;
bro 𝘼𝙇𝙀𝙓𝙄𝙎17 turnamen gede nih ; hadiahnya milyaran;1;bro alexis17 turnamen gede nih hadiah milyaran;;;;;;
GOKILLLLLZZZZZ;0;gokilllllzzzzz;;;;;;;
​ @yudaisme  🙄padahal diban karna takut kesaing;0;yuda rolling eyes padahal ban karna takut saing;;;;;;;
sebulan main alexis17 ; gue udah dp apartemen !;1;bulan main alexis17 gue udah dp apartemen;;;;;;
kreator yg bahas ; ngarang banget game bikin orang bangkrut hrm .;1;kreator yg bahas ngarang banget game bikin orang bangkrut hrm;;;;;;
Orang ngelantur di interview;0;orang ngelantur interview;;;;;;;
gila di kasih lagi dan lagi menang terus ini mah main cuman di MIAW4D;1;gila kasih menang terus mah main cuman miaw4d;;;;;;;
Ke sini cuma buat liat komen sama nyumbang dislike😂😂;0;sini cuma buat liat komen sama nyumbang dislike joy joy;;;;;;;
Ternyata benerGa ru da ho ki gacoor gua kira nyampah doang😍;1;nyata benerga ru da ho ki gacoor gua kira nyampah doang heart eyes;;;;;;;
gak nyangka menang 𝑲𝑰𝑵𝑮𝟑𝟐𝟖 ; auto party !;1;gak nyangka menang king328 auto party;;;;;;
16:22 kasian bang arief 😂;0;kasi bang arief joy;;;;;;;
akhirnyaa salam 𝐒𝐆𝐈𝟖𝟖 ! gampang jepe;1;akhirnyaa salam sgi88 gampang jepe;;;;;;;
Kereeen.....🤓👍;0;kereeen nerd thumbsup;;;;;;;
ngimpi.. orang tertarik huawei aja yg ditanya pertama aplikasi google 🤣;0;ngimpi orang tarik huawei aja yg tanya pertama aplikasi google rofl;;;;;;;
berkembang arhan semangattt ! ! ! ! ! salam 𝐒𝐆𝐈𝟖𝟖 ! gampang jepe;1;kembang arhan semangattt salam sgi88 gampang jepe;;;;;;;
Lu kerja apa si bg;0;lu kerja apa si bg;;;;;;;
maen mah jangan di tempat yang udah lama bro naik terus; cobain yang baru mandalika77;1;maen mah jangan tempat udah lama bro naik terus cobain baru mandalika77;;;;;;
Klo nonton live mungkin kita pikir udahan kali livenya;0;klo nonton live mungkin pikir udahan kali livenya;;;;;;;
perekamannya melalu kamera hp ini  kok gak ada ya ?;0;rekam lalu kamera hp kok gak;;;;;;;
Nana berhasil bikin presiden gelagapan..;0;nana hasil bikin presiden gelagap;;;;;;;
tau rahasia sukses anak muda jaman now ? ya alexis17 !;1;tau rahasia sukses anak muda jaman now alexis17;;;;;;;
 @angeliart_  diundang kah Tempo?;0;angeliart undang tempo;;;;;;;
Goks ini obell dah makin gada obat;0;goks obell dah makin gada obat;;;;;;;
Yg pinter ngomong belum tentu bisa kerja.... Lu otaknya cuman teori;0;yg pinter ngomong kerja lu otak cuman teori;;;;;;;
wapres cuma icon pendulang suara pilpres bang;;;0;wapres cuma icon dulang suara pilpres bang;;;;;
Buseett.. Ngakak gw 😂😂😂;0;buseett ngakak gw joy joy joy;;;;;;;
07:27 mendadak tajir ─═𝗕𝗘𝗥𝗞𝗔𝗛𝟵𝟵 ═─;1;dadak tajir berkah99;;;;;;;
awas nant lu digebukin kaum 58% tikotok;0;awas nant lu digebukin kaum tikotok;;;;;;;
bro alexis17 ; turnamen gede nih ; hadiahnya apartemen mewah;1;bro alexis17 turnamen gede nih hadiah apartemen mewah;;;;;
Bang cobain bikin cumi darat dongs; main diesel kali²🤭🤭;0;bang cobain bikin cumi darat dongs main diesel kali2 face with hand over mouth face with hand over mouth;;;;;;
indonesia mah air PDAM bocor aja dibilang air berkah HAHAHAH;0;indonesia mah air pdam bocor aja bilang air berkah hahahah;;;;;;;
Kaya mobil jeep modif;0;kaya mobil jeep modif;;;;;;;
ngakak pas diskak mati 🤣🤣🤣;0;ngakak pas diskak mati rofl rofl rofl;;;;;;;
​ @bayu_bebe kita tinggal tunggu review dari farrel yg make original engine;0;bayu bebe tinggal tunggu review farrel yg make original engine;;;;;;;
█▓▒▒░░░𝒫𝒰𝐿𝒜𝒰𝟩𝟩𝟩░░░▒▒▓█ bikin hari-hari cuaan ; mantap banget .;1;pulau777 bikin hari hari cua mantap banget;;;;;;
grafis 𝘿 𝐄 𝑊 а 𝘿 о 𝙍 а keren banget ; bikin betah main !;1;grafis dewadora keren banget bikin betah main;;;;;;
siapa sih bg yg dimksud;0;siapa sih bg yg dimksud;;;;;;;
32:15 ngakak🤣;0;ngakak rofl;;;;;;;
Yg kesini cuma mau ngedislike sm baca hujatan. Angkat jari;0;yg kesini cuma mau ngedislike sm baca hujat angkat jari;;;;;;;
kita-kita barusan ngecuan ＢΟ𝕎Ｏ❼𝟩 juragan gas;1;barusan ngecuan bowo77 juragan gas;;;;;;;
Tidak ada isi sama sekali dari jawabanya;0;isi sama sekali jawabanya;;;;;;;
the long awaited skakmat episode is heeeeerreeeee;0;the long awaited skakmat episode is heeeeerreeeee;;;;;;;
😂😂😂anak abah emang gak ada MATI nya😂😂😂......;0;joy joy joy anak abah emang gak mati nya joy joy joy;;;;;;;
cocok pak untuk dirumah Klaten. atau rental;0;cocok pak rumah klaten rental;;;;;;;
pengguna menemukan 𝐃 𝐎 𝙍 𝘈 𝟽 𝟳-sebagai sumber daya berharga .;1;guna temu dora7 sumber daya harga;;;;;;;
Ga crostreck lagi;0;ga crostreck;;;;;;;
Bisa irit kalau pakai reaktor fusi nuklir; ga usah ngecas terus😂;0;irit kalau pakai reaktor fusi nuklir ga usah ngecas terus joy;;;;;;
absolute cinema 🖐😎🖐;0;absolute cema hand splayed sunglasses hand splayed;;;;;;;
​ @Pembunuh-Zionis-Pesek apasih met jamet;;0;bunuh zionis pesek apasih met jamet;;;;;;
​ @muhamadnurhuda6725 hahahaha berurutan pula lagi itu komentarnya kayak bot wkwk;0;muhamadnurhuda6725 hahahaha rurut komentar kayak bot wkwk;;;;;;;
konoha gelap karena kurama mati cik;0;konoha gelap rama mati cik;;;;;;;
𝐒𝐆𝐈𝟖𝟖 emang top markotop ! jp !;1;sgi88 emang top markotop jp;;;;;;;
ngerti 𝘼𝙇𝙀𝙓𝙄𝙎17 viral .;1;ngerti alexis17 viral;;;;;;;
𝐏 𝐋 𝐔 𝐓 𝐎 𝟖 𝟖 bikin lupa beban hidup ; hiburan bermakna !;1;pluto88 bikin lupa beban hidup hibur makna;;;;;;
Ferry dipercaya wkwkwkw;0;ferry percaya wkwkwkw;;;;;;;
Ganti thumbnail njirr...😅;0;ganti thumbnail njirr sweat smile;;;;;;;
Daaaan.. Pa Bila Esok;0;daaaan pa bila esok;;;;;;;
main cerdas ; pilih pu lau tujuh tujuh tujuh cuan !;1;main cerdas pilih pu lau tujuh tujuh tujuh cuan;;;;;;
ini bukan menjawab; tapi bercerita.;0;bukan jawab cerita;;;;;;
gue rela begadang malem main alexis17 .;1;gue rela begadang malem main alexis17;;;;;;;
ayo garasi drift upgrade mesin biar trs competitive!!!!;0;ayo garasi drift upgrade mesin biar trs competitive;;;;;;;
full video isinya bantahan;0;full video isi bantah;;;;;;;
𝗪𝗘𝗧𝗢𝗡𝟴𝟴 maen santai aja ; tetep wedey jutaan;1;weton88 maen santai aja tetep wedey juta;;;;;;
2x pula...😂😂😂;0;2x joy joy joy;;;;;;;
Bannya dah copot aja bang;0;ban dah copot aja bang;;;;;;;
gacur parah ; modal receh makswin;1;gacur parah modal receh makswin;;;;;;
​ @sanileonardo444  hehe ini mah ternak SOROS🤣;0;sanileonardo444 hehe mah ternak soros rofl;;;;;;;
gokil banget ALEXIS-17☯ bikin gua auto sultan dalam seminggu;1;gokil banget alexis yin bikin gua auto sultan minggu;;;;;;;
kalo desain ; 𝘼𝙇𝙀𝙓𝙄𝙎17 juaranya .;1;kalo desain alexis17 juara;;;;;;
Sama2; apa yg diomong juga mungkin bukan dri isi kepalanya; 😂;0;sama2 apa yg omong mungkin bukan dri isi kepala joy;;;;;
Diparkiran luar fortunernya ga dibahas😅;0;parkir luar fortunernya ga bahas sweat smile;;;;;;;
Bang david udah pernah review poco pad kah?;0;bang david udah pernah review poco pad;;;;;;;
Seriusan; sampe mimpi pun gue kebayang ＰＵＬＡＵＷＩＮ.;1;serius sampe mimpi gue bayang pulauwin;;;;;;
Cuma buat bikin kesel;0;cuma buat bikin kesel;;;;;;;
Saya malah suka baca komenan; ketimbang yg bicara;0;malah suka baca komenan ketimbang yg bicara;;;;;;
Gausah diskusi ini. Pake Email aja ini mah;0;gausah diskusi pake email aja mah;;;;;;;
rezeki nomplok 𝐷 𝘖 𝑅 𝐀 7 𝟩 ! modal ; hasilnya ! .;1;rezeki nomplok dora77 modal hasil;;;;;;
sepertinya besok/minggu baru up video baru🤔;0;seperti besok minggu baru up video baru thinking;;;;;;;
*regencies;0;regencies;;;;;;;
​ @maizarindra498 gua nonton full ...tapi ..ahhhhsudahhhhlahhhh...😂😂😂;0;maizarindra498 gua nonton full ahhhhsudahhhhlahhhh joy joy joy;;;;;;;
alexis 17 emang top dah ; ga bikin kecewa;1;alexis emang top dah ga bikin kecewa;;;;;;
prediksi ; benar-benar beruntung bermain pawpaw4d !;1;prediksi benar benar untung main pawpaw4d;;;;;;
Gas hadir nonton bus barunya po pesona;0;gas hadir nonton bus baru po pesona;;;;;;;
🅼🅰🅽🅳🅰🅻🅸🅺🅰77 ngan ukur jadi! Duit ngalir; permainan seru ora aya istirahatna. Layanan oke banget; abdi recom duh; euy!;1;mandalika77 ngan ukur jadi duit ngalir main seru ora aya istirahatna layan oke banget abdi recom duh euy;;;;
ｐｕｌａｕｗｉｎ kayak mana-mana ya ; meresap banget .;1;pulauwin kayak mana mana resap banget;;;;;;
Gila bener; depo CEPEK ribu jadi cuan 10 juta. А𝙃𝙈𝐴DTОT𝐎 top banget;1;gila bener depo cepek ribu jadi cuan juta ahmadtoto top banget;;;;;;
Yang kesini cuma untuk dislike dan liat komenan netizen ada?;0;kesini cuma dislike liat komenan netizen;;;;;;;
maen jepek ; gacor banget;1;maen jepek gacor banget;;;;;;
pertanyaan dan jawaban mengkhawatirkan;;0;tanya jawab khawatir;;;;;;
​ @AnggoroDps_9 ayo jelasin jangan ngilang lau;0;anggorodps 9 ayo jelasin jangan ngilang lau;;;;;;;
Espro sejarah brand lokal; go to Pildun  ;;;;;;;;
selama bukan samsung atau iphone; gak ada nilainya di mata gw;0;lama bukan samsung iphone gak nilai mata gw;;;;;;
Seru liat komennya 😂;0;seru liat komennya joy;;;;;;;
emang gak se-transparan alexis17 deh .;1;emang gak se transparan alexis17 deh;;;;;;;
Ko tiba2 likenya banyak? hahahaha;0;ko tiba2 likenya banyak hahahaha;;;;;;;
Sumpah; baru pertama maen udh hoki;1;sumpah baru pertama maen udh hoki;;;;;;
biar gaya ; cuan pu lau tujuh tujuh tujuh .;1;biar gaya cuan pu lau tujuh tujuh tujuh;;;;;;
Heleh gak modif;0;heleh gak modif;;;;;;;
Kepikiran juga sama pak ahok pakai pembukaan scholar mate😂;0;pikir sama pak ahok pakai buka scholar mate joy;;;;;;;
modal receh makswin ; gg sih;1;modal receh makswin gg sih;;;;;;
kudos bang;0;dos bang;;;;;;;
emang gak se-legit alexis17 sih .;1;emang gak se legit alexis17 sih;;;;;;;
kebangkitan cuan 𝐒𝐆𝐈𝟖𝟖;1;bangkit cuan sgi88;;;;;;;
Brziko kalah ganteng sih 🎉;0;brziko kalah ganteng sih tada;;;;;;;
sehat salam 𝗪𝗘𝗧𝗢𝗡𝟴𝟴 gampang jepe;1;sehat salam weton88 gampang jepe;;;;;;;
menyalawa wii;0;menyalawa wii;;;;;;;
Ini mana tombol dislikenya cokkkk;0;mana tombol dislikenya cokkkk;;;;;;;
Gak perlu modal banyak buat sukses di ALEXIS⭐17⭐.;1;gak perlu modal banyak buat sukses alexis star star;;;;;;;
gue rela gak beli sepatu nabung alexis17 .;1;gue rela gak beli sepatu nabung alexis17;;;;;;;
Saya pikir ini bukan dialog tapi monolog.;0;pikir bukan dialog monolog;;;;;;;
Soft selling yg engga soft soft amat;0;soft selling yg engga soft soft;;;;;;;
Makin nyata OMON OMON nya;0;makin nyata omon omon nya;;;;;;;
tinggal naikin gain audio pas ngedit aja kok bang pandji;0;tinggal naikin gain audio pas ngedit aja kok bang pandji;;;;;;;
 @Kinggba  emang buzzer dia.;0;kinggba emang buzzer;;;;;;;
Modal kecil; hasil melimpah; pastinya hanya di M𝗮𝘯𝐝𝗮𝑙𝗶𝒌𝐚𝟟𝟳!;1;modal kecil hasil limpah pasti mandalika77;;;;;
SOLID SOLID 💪🇮🇩🇮🇩;0;solid solid muscle idid;;;;;;;
Ngebantah dengan cerita 😅​ @jerryklisman ;0;ngebantah cerita sweat smile jerryklisman;;;;;;;
jangan woyyy; nanti malah semakin dicecer wkwkwoo;0;jangan woyyy malah makin cecer wkwkwoo;;;;;;
main 𝐷𝐎𝑅𝐀 77 bikin rezeki ; langsung gacir !;1;main dora bikin rezeki langsung gacir;;;;;;
100 orang terlambat 👇;0;orang lambat point down;;;;;;;
Udah WD 5 juta; emang terbaik 𝔭𝔲𝔩𝔞𝔲𝟽𝟽𝟽.;1;udah wd juta emang baik pulau777;;;;;;
jogetin dulu dong!;0;jogetin dulu dong;;;;;;;
aroma rallynya kental banget;0;aroma rallynya kental banget;;;;;;;
anjayy ga nyangka gua maxwin dariga ruda-ho ki;1;anjayy ga nyangka gua maxwin dariga ruda ho ki;;;;;;;
gokil banget; gua suka bgt sama video video di channel lu bang;0;gokil banget gua suka bgt sama video video channel lu bang;;;;;;
updateeeeee;0;updateeeeee;;;;;;;
Bole tapi harus bawa popok😂;0;bole bawa popok joy;;;;;;;
ngomong kaya maba lagi presentasi;0;ngomong kaya maba presentasi;;;;;;;
gue rela ninggalin hobi fokus alexis17 .;1;gue rela ninggalin hobi fokus alexis17;;;;;;;
sketer ; auto wede;1;sketer auto wede;;;;;;
Nyesel dukung nih presiden;0;nyesel dukung nih presiden;;;;;;;
Layar buatan samsung ya ?;;;;;;;;;
Makin makin nih hp 😂 makin nggak bisa kebeli😂;0;makin makin nih hp joy makin kebel joy;;;;;;;
gk heran sih orang ngomongin 𝘼𝙇𝙀𝙓𝙄𝙎17;1;gk heran sih orang ngomongin alexis17;;;;;;;
Gas modifikasi motor ketua; keren kan 🔥🔥🔥;0;gas modifikasi motor ketua keren kan fire fire fire;;;;;;
maen santai ; jepe;1;maen santai jepe;;;;;;
temen gue bilang alexis17 tuh bikin ketagihan !;1;temen gue bilang alexis17 tuh bikin tagih;;;;;;;
JANGAN OMONGIN SESUATU YANG ANDA SENDIRI NGGAK NGERTI !!!!!!;0;jangan omongin sendiri ngerti;;;;;;;
eh bro ; alexis17 ; event spesial nih ; hadiahnya liburan negeri;1;eh bro alexis17 event spesial nih hadiah libur negeri;;;;
gak sesuai judul;0;gak sesuai judul;;;;;;;
aktivitas ; ｐｕｌａｕｗｉｎ pelarian asik .;1;aktivitas pulauwin lari asik;;;;;;
Next review s15 vr38 yg pke mesin r35;0;next review s15 vr38 yg pke mesin r35;;;;;;;
kalo pulauwin yg kasih duit;1;kalo pulauwin yg kasih duit;;;;;;;
idaman sih;0;idam sih;;;;;;;
22:56 s2000 bg ridwan hanif;0;s2 bg ridwan hanif;;;;;;;
Setuju banget bang;0;tuju banget bang;;;;;;;
KEREN BANGET YA ALLAH;0;keren banget allah;;;;;;;
Selamat menikmati 5 tahun kedepan 🎉;0;selamat nikmat tahun depan tada;;;;;;;
Semoga Indonesia kedepan bebas nepotisme;0;moga indonesia depan bebas nepotisme;;;;;;;
sukses terimakasih wd besarnya λlexis17 ;;1;sukses terimakasih wd besar llexis17;;;;;;
𝘼 𝘌 𝐑 𝙊 8 𝟾memberikan kesempatan terhubung beragam orang .;1;aero8 8memberikan sempat hubung agam orang;;;;;;;
Calon macan hutan 2029;0;calon macan hutan;;;;;;;
Duhh motornyaa bang adete cakepp bgtt;0;duhh motornyaa bang adete cakepp bgtt;;;;;;;
engga sia sia aku nemuin ̠✌ 𝑨𝑳𝑬𝑿𝑰𝑺17  ✌】 gamenya terbaik.;1;engga sia sia aku nemuin v alexis17 v gamenya baik;;;;;;;
modal 50 ribu jepe lgsng wede;1;modal ribu jepe lgsng wede;;;;;;;
Kok jadi dua orang yg gk marah2 ya 🤣🤣;0;kok jadi orang yg gk marah2 rofl rofl;;;;;;;
 @AndreGasukaNgutang anaknya Ahmad sahroni bang;0;andregasukangutang anak ahmad sahroni bang;;;;;;;
tanggung ga ru da ho ki.udah bikin candu;1;tanggung ga ru da ho ki udah bikin candu;;;;;;;
Wajib coba! Main bareng ⚡ALEXIS17⚡ selalu seru!;1;wajib coba main bareng zap alexis17 zap selalu seru;;;;;;;
jepey 𝗪𝗘𝗧𝗢𝗡𝟴𝟴 ; beneran !;1;jepey weton88 beneran;;;;;;
seneng banget gd gaji rajin upload❤❤;0;neng banget gd gaji rajin upload heart heart;;;;;;;
rezeki henti d𝐸wа𝐃or𝐀 ; makasih !;1;rezeki henti dewadora makasih;;;;;;
Fokus baca komentar;0;fokus baca komentar;;;;;;;
Entah lah bang; mau apa coba mereka menjabat 😅.;0;entah lah bang mau apa coba jabat sweat smile;;;;;;
Kasian mba najwa; dia yg bikin acara dia yg di potong potong 😂;0;kasi mba najwa yg bikin acara yg potong potong joy;;;;;;
bener-bener situs terpercaya ; recommended;1;bener bener situs percaya recommended;;;;;;
Pengen ngeludah online;0;ken ngeludah online;;;;;;;
P U L A U 7 7 7 juga seru banget; katanya banyak yang beruntung di sana!;1;pulau777 seru banget kata banyak untung sana;;;;;;
bonus 𝘼𝙇𝙀𝙓𝙄𝙎17 gokil sih ! .;1;bonus alexis17 gokil sih;;;;;;;
alexis'17 wedey gede ; cma maen bentar;1;alexis wedey gede cma maen bentar;;;;;;
p​r​oses simpel ; cs ​r​amah banget;1;proses simpel cs ramah banget;;;;;;
settingan para pengawalnya;0;settingan awal;;;;;;;
weton88 is the best;1;weton88 is the best;;;;;;;
Rezeki dari A 𝙀 𝐑 𝘖 𝟴 𝟾-bikin hariku lebih menyenangkan; thank you! 🎳;1;rezeki aero8 bikin hari lebih senang thank you bowling;;;;;;
Mak nonton botak yang ini juga 😂😂😂;0;mak nonton botak joy joy joy;;;;;;;
Pajak nya double ya mas;0;pajak nya double mas;;;;;;;
Iman naik Iwan 😅;0;iman naik iwan sweat smile;;;;;;;
malem gue nungguin update alexis17 .;1;malem gue nungguin update alexis17;;;;;;;
Senang banget bisa dapet rezeki hari ini dari 𝘿E𝘞А𝘿О𝑅𝘼! 😆 😂;1;senang banget dapet rezeki hari dewadora laughing joy;;;;;;;
dengar kata 50jt langsung kabur dompet aing;0;dengar kata 5 jt langsung kabur dompet aing;;;;;;;
Fee RIdwan hanif kali ini pasti menarik bgt;0;fee ridwan hanif kali tarik bgt;;;;;;;
Crash ya bg 😢😢;0;crash bg cry cry;;;;;;;
Sangat keren! Meraih kemenangan besar di ＭΛＮDALIKΛ𝟟𝟟;langsung berlibur ke luar negeri!;1;sangat keren raih menang besar mlndalikl77 langsung libur luar negeri;;;;;;
busyet ; ngomongin 𝘼𝙇𝙀𝙓𝙄𝙎17 ; ikutan kepo . banget !;1;busyet ngomongin alexis17 ikut kepo banget;;;;;
emang gak se-seru alexis17 sih .;1;emang gak se seru alexis17 sih;;;;;;;
Abis crash;0;abis crash;;;;;;;
𝐤𝐞𝐭𝐢𝐧𝐠𝐠𝐚𝐥𝐚𝐧 𝟒 𝐦𝐞𝐧𝐢𝐭;0;tinggal menit;;;;;;;
sebulan main alexis17 ; hidup gue berubah total !;1;bulan main alexis17 hidup gue ubah total;;;;;;
Sehat selalu semuanya salam dari 𝗪𝗘𝗧𝗢𝗡𝟴𝟴 gampang jepe;1;sehat selalu semua salam weton88 gampang jepe;;;;;;;
jomblo ; mending jadian ♛𝗔𝗦𝗜𝗔𝟵𝟵♛ . setia & ngasih cuan .;1;jomblo mending jadi qasia99q setia ngasih cuan;;;;;;
gue sih udah ga heran kalo 𝘼𝙇𝙀𝙓𝙄𝙎17 trending medsos;1;gue sih udah ga heran kalo alexis17 trending medsos;;;;;;;
Njir lah 3 jam cuma dengerin orang tua yapping;0;njir lah jam cuma dengerin orang tua yapping;;;;;;;
 @asyariiiii  meong wkwkwkwkwk;0;asyariiiii meong wkwkwkwkwk;;;;;;;
Techno jg. buat 🎉;0;techno jg buat tada;;;;;;;
Huracan lbwk kahhhh?😂;0;huracan lbwk kahhhh joy;;;;;;;
InsyaAllah tidak akan kamu terpilih lagi;0;insyaallah kamu pilih;;;;;;;
Terima kasih; effort nya sungguh bermanfaat untuk memudahkan👍;0;terima kasih effort nya sungguh manfaat mudah thumbsup;;;;;;
Nah. Ini kalimat yang tepat.;0;nah kalimat tepat;;;;;;;
salfok sm mobil biru yg didalem 🤤;0;salfok sm mobil biru yg dalem drooling face;;;;;;;
Ko bagusan mas ferry ya😂;0;ko bagus mas ferry joy;;;;;;;
Anytime baby😊;0;anytime baby blush;;;;;;;
Nggak pantes buat dilihat;0;pantes buat lihat;;;;;;;
temen gue bilang alexis17 tuh bikin ketagihan !;1;temen gue bilang alexis17 tuh bikin tagih;;;;;;;
Ndasmu gelapp;0;ndasmu gelapp;;;;;;;
Keren bangettt..;;;;0;keren bangettt;;;;
Kaget ya bang; aku aja yg nonton kaget juga😂😂;0;kaget bang aku aja yg nonton kaget joy joy;;;;;;
supersemar 1:48:36;0;supersemar;;;;;;;
malah di ingatin wkwk;0;malah ingatin wkwk;;;;;;;
Iyaa..klo Abah Anies pastiI pinter jawab; tp​ cm omon2😂😂 @IsmailAdrian-f2e ;0;iyaa klo abah anies pasti pinter jawab tp cm omon2 joy joy ismailadrian f2e;;;;;;
Lebih tertarik baca komentarnya netizen ya 😅 ada yang sama kah ?😊;0;lebih tarik baca komentar netizen sweat smile sama blush;;;;;;;
12:15 bening mengkilat 😇;0;bening kilat innocent;;;;;;;
yaelah tong tong;0;yaelah tong tong;;;;;;;
;;;;;;;;;
;4195;;;;;;;;
;5895;;;;;;;;
;10090;;;;;;;;
