clean,label
makin yakin abis baca review v v sgi88,1
paling suka model h2 heart eyes fire,0
mobil udah hancur pleading face,0
manut88 benar2 bikin aku jadi sultan,1
moga lekas recover mobil mas dipo,0
pantes tongkrong maen alexis17,1
gua udah ga bayangin hidup alexis yin sih,1
langsung percaya lihat hasil,1
orang bilang alexis17 tuh miracle banget,1
yapping mulu anjir kagak jawab sistematis realistis,0
gue rela gak upgrade hp nabung alexis17,1
sekarang udah brp dislike thumbsdown thumbsdown thumbsdown thumbsdown thumbsdown thumbsdown,0
keren bngettttt,0
atas gd mas asc monster sweat smile,0
makantuh tengah jam,0
pikir lewat mikir sampe lupa pu lau tujuh tujuh tujuh,1
kocakk emang cara biar komenan judol ga atas izurzuhri,0
rasa dengar orang kampanye sweat smile,0
heart weton88 heart,1
dikit2 iphone lu napa bro xd,0
orang presiden joy joy,0
wah jawab beliau template ndak tau kok tanya,0
kesel gue pas kepala babi malah bahas perang dunia blunder,0
busett cerahh banget triangular flag on post sgi88 triangular flag on post encess sama koinya ngasih mulu,1
bro alexis17 ngadain giveaway nih hadiah motor sport baru,1
menang suhu328 bikin hidup,1
pesona laksana beli jb5 cuma nuruti mania yg koar2 sosmed,0
baru jepe kali wede lancar banget,1
makswin brusan gates gg banget,1
seru abis rasa gak lengkap hari fire zap alexis17 zap fire,1
ahmadtoto bikin lupa masalah hibur hakiki,1
emang gak se percaya alexis17 sih,1
gak pakai proses nya langsung wd,1
sungguh dora77 tagih berat sulit henti,1
semangat garasi drift moga cepat jt,0
banyak kata lumayan,0
aceh donggg,0
buset menit udah kalah aja mas panji rofl,0
astagfirullahaladzim cry cry,0
bangun tidur ku terus ngeslt emang paten kali mandalika77 nih apa2 udah maxwin kirain cuma mimpi doang maxwin,1
velg nya cakeppppp drooling face,0
truck ev blm,0
kasi jp pas modal haha makasip luto88,1
baru tau barusan gue ikut dislike joy,0
cobain langsung tagih puas,1
bangga gua nih kalau tongkrong star alexis17 star top markotop,1
ga tau mau komen apa yg jelas ga bobot nya,0
kocak banget lu nji wkwkwkwkwk,0
fix gak nyesel bangga banget jadi bagi fire zap alexis17 zap fire,1
sis ngeh kalo alexis17 keren gila,1
nonton sila dulu baru kesini sweat smile,0
buset tv gede gitu main pes gawang gawang liat kalih,1
bang coba riview hp blackview,0
mas amba kyny lebih tau realita lapang,0
salfok booth airbft rofl,0
nama parts nama flexibel gampang rusak,0
semua orang bilang alexis star star tuh blessing banget,1
udah cukup joy,0
iya lucu banget joy joy joy joy,0
ishowspeed pernah review,0
nganggur pres wapres,0
beli aja uda neng banget gimana klo uda munyain,0
keren gas kak weton88,1
nama aja the elite emg elite gaada yg norak kek pasar malem,0
main alexis17 suara,1
berkah rezeki hari berkat probet855 puji syukur,1
nice link bagus mandalika77,1
min video lu baguss pilih sgi88,1
capek bgt nemuin alexis17 trs,1
tirta cipeng ahok gas,0
ampe merinding cuyy,0
manusia biasa joy joy joy joy emang,0
tuju bngt,0
emang alexis17 gampang menang,1
jokowi mulu sebut,0
bobrok bawah sama pimpin kupas tuntas,0
gue rela gak tidur ngikutin update baru alexis17,1
mandalika77 mekswin depoin limpul,1
who hurt you sweetie heart,0
cuy serius nanya alexis17 beneran bagus,1
kalo mazda paling suka cx,0
mazda,0
alexis17 superrrrrr bos gac0r layang,1
journeynya video baru mas ridwan,0
jepey gmpng banget sgi88,1
wkwk sama bg linggarprasetyo9804,0
cuy alexis17 lo coba,1
nggambleh thok isone mung omong apik2 wae payahhhhh,0
rezeki alexis17 makasih untung,1
up trending,0
ngga ribet gampang banget dapet tambah,1
pt apa bang,0
main bareng temen pulauwin emang seru,1
penting jadi presiden tada,0
mantap bang jadi lebih paham point up,0
emang gak se asik alexis17 sih,1
sgi88 bikin tagih,1
fix gak nyesel setia banget sama zap alexis17 zap sejak awal,1
tunggu tunggu salam jepe sgi88,1
gilaaaaaaaaaaa,0
mandalika77 makas lah uda ngasih keren pokok mandalika77 sesuai pnya isi nya,1
dapat,0
worst president ever,0
youtube premium,0
pimpin yg sungguh sehat2 pak ahok,0
makasih aeyao88 rezeki bikin hati senang banget,1
bng coba game zeus x sgi88 gampang bet pecah,1
jujur cakep bener livery nya asa tamiya rame cakep,0
kirin nya gila anti panas cuma anget anget doang,0
epic moment sgi88,1
gue udah coba main jam jam alexis17 emang gacor jam pagi,1
bro sibuk sih alexis17 bonus deposit super gede nih,1
samaa wkwk,0
yg tunggu2 weton88,1
asli gd baik sukses terus gd fire fire fire,0
sweat smile yg penting kaya,0
suka banget main dewadora gak nyangka dapet jakpot langsung,1
gue udah ga bayangin hidup alexis17 udah mata cahari,1
senang banget rezeki tak duga mandalika77,1
bg sekal cobain drift 180sx gp sports,0
cuma tonton relieved,0
plango plongo doang yg bikin gereget ken sikut biji mata joy,0
negara kaya kuat membrantas korupsi,0
harga jaecoo j7 mirip sama zenix,0
ngakak gua ngab ovanfebrian f1f,0
aduuuh perih liat mobil br jd udh ngantam tembok cry,0
maizarindra498 kata buzzer brain rot guys tepuk tangan in dulu dong clap,0
kece banget cross track nya,0
detail loo,0
only one word that i wanna say yakan relieved,0
alexis17 tuh emang ngerti butuh membernya kasih surprise bonus,1
mahal pernah main piala dunia,0
ges doain gw coba stop maengaruda ho ki candu bgt gacor nya gw,1
gasss sih bikin motor ala jejepangan wkwk,0
dislikenya sembunyi joy,0
lah emang awal memang ga nyambung,0
kmren milih siapa,0
trusted emang berkah99,1
jairo,0
parah alexis17 keren banget,1
anjir menit udah selesai tuh,0
dewadora emang beneran gachor,1
gak nyangka iseng doang eh tagih pulauwin,1
hendrayadi v5h semua partai sama aja semua isi penting pribadi,0
nooo kapal api nya mana cry,0
rezeki limpah datang agustoto makasih banyak,1
juta doang bang pesan unit joy,0
dulu ni orang ngomong mana point sama bapak e,0
wede kali hari sketer terus,1
abis diamukin irene lo bang rofl,0
uang rakyat gk nih joy,0
cakep kali weton88 bravo,1
mbg kak bukan mgb,0
ahmadluthfiprofile pake iphone lgbt,0
tempo wkwkwkwkkwkw,0
konten keren banget jelas main bagus bang weton88,1
yakin bokuggooiti gak kecewa,1
coba weton88 gak ribet salam petir x,1
mobil akang mv gt86,0
heart heart heart prabowo gibran no,0
rezeki nomplok hari berkat dora77 alhamdulillah,1
gak gelar sarjana menang alexis17,1
asc monster tim roadbike nya thumbsup,0
ragu slot gacor pluto88,1
gue sih udah ga heran kalo alexis17 trending tiktok,1
pagi pagi udah dapet notif wd alexis17 mood langsung bulan,1
link spion nya bng,0
kamu pinjam bang,0
hindar tanya kyk ngehindar debt collector aja joy,0
gue sih udah buktiin kalo alexis17 tuh scam,1
kaget,0
eh bro alexis17 event spesial nih hadiah rumah mewah,1
belj miniatur spek bongkar pasang acc aje bre ngak ngaruh grin,0
kalian sadar gak sih kalo jokowi gak pernah podcast mana,0
modal alexis17 manfaat,1
mhhaekal mah emang caper aja akun punya sendiri coy,0
exclusive ny jauh kelas banding iphong gitu2 aja joy,0
main dora buka jalan jual bakso bos restoran,1
ngarang kamu rage,0
udah jawab bos coba liat dgn serius,0
heh yg ditanyain ttg transparansi bukan konten,0
alam pulau777 selalu senang,1
makasih mandalika77 withdraw dah landing cepat kilat gacirnya bukan kaleng kaleng,1
smoga bs punya,0
inspirasi hari mandalika77,1
menang isototopasti bayar lunas gak pake drama,1
kosong mass sweat smile ngga bobot,0
sih alexis17 trending gitu asli,1
nyobain barang aneh eps kapan dih bang,0
emng knpa y tpi skil obel bagus si,0
agustoto aku gak boong dsini hoki mulu,1
serah gw lah mnurut gw aneh dsar manusia manusia bg,0
salut bang keren konten salam jepe star sgi88,1
bang jam segitu menang w sgi88,1
stop judi bang,0
terus kembang arhan semangattt salam weton88 gampang jepe,1
ngeh kalo alexis17 keren,1
wakkaka si usak mobil kan joy,0
emang gak dua sih sensasi main alexis star star,1
jual nga,0
dora7 7menawarkan dekat beda libat daring,1
like dulu aja mudah2an beli iphone promax,0
gue sih percaya aja alexis17 gak ngecewain,1
gin nyantai main pluto88 kasih maxwin,1
lcd nya mahal apa coba sweat smile,0
kasi rakyat indonesia punya wapres kyk gin sweat smile,0
gue rela ninggalin nonton drakor fokus alexis17,1
main teman teman sgi88 seru asyik rezeki,1
ngeri bang gk lepas joy joy,0
ken tertawa tp tak tahan takut,0
dewadora emang bener bener gachor,1
prabowo tu negarawan sejati brow heart heart heart,0
layak like tertinggiii,0
ilhamantariksa2223 coba jelasin semua pinter poin pa yg pngin prabowo joy,0
mana duit,0
kalo alexis17 kuliah online ngapain,1
gua ga fokus sama nya sumpah,0
mekswin tiap maen dewadora,1
nih pulauwin kayak udah hidup orang orang deh,1
aku kasih menang luar prediksi ku kira rungkat nyata malah kasih menang s1tus mandalika77,1
auuuuuuuuuu joy,0
cara daftarx mandalika77 gmn bos,1
sering liat mobil prindavan kebut kebut,0
orang penasaran aja yg beli hp,0
siapa gess wkwkw,0
anjer langkah kalah wkwkwk,0
situs kasih sketer,1
tuju nih modif motor,0
jamin bakal lebih ngaco,0
gak nyesel gabung alexis17,1
berkah99 emang juara rezeki gak abis,1
riko syahputra96 tp merdu si bang,0
super mantap situs mandalika77 gampang menang,1
ahmadjuli8783 kalo bikin video se hebat garasi drift baru bilang biasa aja,0
ngak punya kapasitas,0
buset serius skketer zeus star alexis17,1
salah satu episode skakmat baik,0
jepey gmpng banget s gi8,1
semua jawab ngawur meleset semua,0
kan emang lgi setting ksna sm pdip,0
malu memang jadi budaya bangsa,0
nambah,0
orang mancing bang,0
anak abah pedes2 ngomong nya,0
alexis17 gk kalah hki trus maen,1
bicara demografi demografi endas iku sweat smile sweat smile sweat smile,0
edan alexis17 viral pokok,1
eflfive7329 ngomongin fakta aja sih,0
dislikenya sembunyi,0
rear item diffuser wing apa,0
titip bapak,0
nice banget bang,0
bensin nya banding kaki bang,0
ane master ngecuan bowo77 astagaa,1
kagak usah panjang komennya si fufufafa kagak bakal nyambung,0
gua lebih suka jawa pimpin,0
siapin mental pak buat nyusul kayak mertua presiden korsel,0
lucu banget joy joy,0
nyata espro d bandung produksi,0
udah lama ngga garage vlog,0
pin salah satu komentar blush,0
bang buat perang makan dong bareng pandu winoto,0
dora77 gua cuma maen iseng eh malah jadi jepe,1
keren gas kak sgi88,1
hebat keren sekali manut88,1
kalo pulauwin bikin film laris sih,1
m rakhapa hooh harga suara palsu 60jt,0
dimasseto7248 kamu tau ketawa karir,0
falihrahman9340 ngomong apa njg wkwk,0
muter muter kaga karuaaaan,0
best alexis17 beneran gampang menang sl0t nya,1
auto jepey sgi88,1
lancar lancar bang salam jepe llexis17,1
sempet2 nya diarahin muka dlu kamera lg rebah joy,0
gembira hoki777 baik,1
i phone nang liat harga huawei,0
hasil alexis17 bangga alih tukang koran bos warung,1
apasih buzzer cumi,0
ga bayang gmn ziko kalo ngemodif motor tunggu,0
situs besar banggan gw mandalika77,1
keren pak ahok joy,0
bnyk yg puas alexis17 emg bnrn gacor slotnya,1
subaru crostrek dipo crash formula drift dipo kalah,0
ga pasang lampu rgb bang rofl,0
takut salah lipet sih,0
gila sih zap alexis17 zap andal gue sekarang,1
sad but trueeee,0
modal gacur lgsng jepe brusan,1
kawan terlalu sedikit lawan banyak joy joy,0
gue udah ga bayangin hidup alexis sih,1
mau bikin mem,0
henti ngehalu,1
viewerpositif6850 moga jelas biar gk salah pikir,0
moga rezeki berkah99 bawa untung,1
langsung gak beli cuma nonton,0
likenya kok langsung cuat tinggi gitu mas thinking,0
trendingkan fire fire fire fire fire,0
bagus komentar kak video stop aja,0
apa upgrade brziko,0
aku malam klaim bowo77 master rezeki,1
the best skakmat sip,0
tunggu konten modif motor,0
mobil kayak gin dipake buat pro obel langsung masuk pro,0
semua temen gue bilang alexis star star tuh bikin candu,1
untung aku golput main aman,0
ngecasnya minggu penuh sweat smile,0
jatoh nya gak ngerti konteks gak sih kalo begini mah,0
benar benar kaget,0
kemaren baru beli mantap banget sih,0
gak usah,0
gak ribet semenjak alexis17,1
omon2 ngalor ngidul nglindur,0
banget dapet sketer,1
kalau sama zenix hybrid mending mana bang,0
ku coba pluto88 langsung senyum hahahah,1
wereng coklat betul kok jawab kurang muas,0
sipaling proses,0
kerennn contentnya bang cari situs weton88,1
gokilllllll,0
langsung beli redmi 4a,0
beli iphone samsung lah,0
kasihan wapres ngga malu jg,0
gokill rata kanan,0
bro alexis17 turnamen gede nih hadiah apartemen mewah,1
do a7 7bikin tagih ken main terus terus sob,1
enk bgt omong orng duit cry,0
jebe tak ambil mas joy joy joy,0
wkwkwkwkwkwkw,0
yok d dis like,0
gak perlu khawatir soal duit kalo udah gabung alexis star star,1
mantap main weton88 rezeki alir deras,1
juta mp,0
iphone ketar tir liat sweat smile,0
mending diem kali,0
semangat bosqu baik llexis17,1
thanks alot thumbsup,0
kalo besok2 sulittt,0
jangan ngehate mas gibran,0
kesini cuma buat mau bacain komentar nya sweat smile maaf,0
we love you btp,0
cakep kali sgi88 bravo,1
ini presiden yg kalian pilih gess,0
gua kira cuman pertama kali main doang kasih bagus eh nyata mau main tiap hari kasih bagus sama mandalika77 baru kali gua nemu s1tus bagus kek begini langka bener jumpa s1tus kasih wd terus,1
mantap pol main agustoto cuan terus hari,1
tim esia hidayah,0
nyata main axl777itu gacir beneran hasil langsung lihat,1
gokil bangga banget jadi bagi fire zap alexis17 zap fire,1
anies gak usah ngelawak,0
bayar berapa,0
wow heart a lexis1 heart emang paling top,1
ffffaaaaakkkkk iyaaa please,0
menit berapa,0
sumpah serius nanya alexis17 beneran bagus serius,1
class bos triangular flag on post sgi88 triangular flag on post gak ribet depo cepat wd lancar,1
malu2in jadi presiden joy kagak nyambung rofl rofl,0
arief muhammad,0
wede malam makswin starlight,1
selamat moga saji entertain epik,0
gokil main zap alexis17 zap bikin nagih banget,1
wah bakal jalan strobo nih wkwkkw,0
waw thank you ko ruby,0
ga bayang bakal sekerenapa kalau brz v8 nya obel tandem sama br ziko,0
bawangg bawangg face holding back tears face holding back tears sneezing face sneezing face rofl rofl rofl rofl,0
epic moment sih gokliisss,0
x max nya gila gila om motor impi sejak lama,0
ternak mulyono gaji pake uang pajak cuman buat video tipu tipu,0
banyak slot mati lu gantung,0
semangat bang konten nya salam weton88 gampang jepe,1
suruh bapak mah,0
wkwkw kosong semua jawab,0
rezeki weton88 bikin hari makna terima kasih,1
ngomong kayak kumur kumur gk manfaat,0
pinkgangsta6157 sumpah bagi kyk ga masuk otak aku dlu,0
broom 404 yaah generasi gk guna move on doong rofl,0
nyari krja susah smpe orang tua bantu nyariin kerja joy joy,0
jadi bagi ceria mlndalikl77,1
kalimat kayak pkia ai sesuai lah yg gaung,0
gak pusing mikirin biaya nikah kalo udah join alexis17,1
buzzer pak bayar berapa,0
alexis tuh emang andal gue kalo butuh dana cepet,1
mlndalikl77 gachor bgt menang terus,1
keluarga jadi beban negara,0
sehat salam weton88 gampang jepe,1
abis pandji langsung pachinko,0
pandji malu joy hahaha catur nya lmgsung kalah dimenit2 awa,0
emang gak se adil alexis17 deh,1
cuan gampang tuh pu lau tujuh tujuh tujuh angan angan,1
komennya langsung serang buzzer nya,0
gibran nya gak berani oom,0
gue udah ga bayangin hidup alexis17 udah sumber hasil,1
s15 mesin r35 heart samaa gtr r35 emasss damn,0
cumi2 g bang,0
gas tu gan mandalika77 zeusnya nya galak tu mau aja tu ngasi gw baru kasi maxwin,1
moga alexis17 sukses amin,1
sukaaa bangettt sgi88,1
tim yg udah punya sblm riview,0
no tempo no party,0
main aero88 beri alam senang,1
nyimak abang sgi88 cair mulu,1
cuan ngucur deras cuma rulau777 bro,1
akhir jago masuk indo selamat jalan samsung iphone joy joy,0
kocak banget main catur joy,0
ilhamsaputra6599 tau pilih anis,0
mercedes tetap konsisten ga ikut iims sweat smile,0
pajak tahunanny brp trims,0
llexis17 bikin maxwin gampang,1
dora77menawarkan alam visual tarik,1
weton88 uhuy,1
suara gokil dah dash dash dash dash dash,0
kesini cuma mau tekan tombol dislike,0
gak gagal sgi88,1
gak takut tipu kalo main alexis17,1
geloo weton88 cair x100,1
kata kata andal ziko yg guaa lumayan kerenn moyai,0
robbyzulhaq rz6725 postingnya channel pribadi ziko bukan chanel garasi drift,0
manaaa crosstrek nyaaaa,0
tugas kelompok sweat smile,0
minimal nyimak kalo mau buat bakal up chanel pribadi,0
fix coba bentar langsung menang miya88,1
ga siap gan,0
lo aja kerja hasil titip bapak lo hhahahahaa,0
jadi top mantap is the best face blue smiling,0
real ahahahhaah,0
kritik realistis dong om,0
moga makin banyak orang yg turut bantu sepertimanut88,1
hidup jgn pesimis bro semangat tetap optimis,0
chudoriagung65 anis pdip lu nglantur ngab,0
accord rasa audi sweat smile,0
jaka sembung bawa golok,0
gak beli walaupun dana,0
gak pusing mikirin biaya sekolah anak kalo udah join alexis17,1
aku timur barat,0
moga rezeki mandalika berkah manfaat rofl sweat smile,1
gak ditest gaming rasa kaya yg ganjel person shrugging male sign,0
alexis17 emang top dah ga bikin kecewa jaman batu sampe,1
cuma bikin risih org,0
antusias kalau modifikasi motor mas tinggal modal sweat smile,0
mandalika77 real tuh dah gw coba bnrn gacir,1
lucu lawak,0
pulang tinggal nama,0
sgi88 uhuy,1
warna pink,0
main mlndalikl77 bikin happy banget hasil gacir abis,1
udah yaa main ksatria ksatria smile cat smile cat,0
we are so fcked up fr joy,0
jasa skip,0
semua orang bilang alexis star star tuh bener bener ngubah nasib,1
power trainnya sama memang,0
wede cepat proses gampang recommended,1
menit ahok udah skakmat kan terus udahan aja acara sweat smile,0
hoki lipat ganda ikut pawpaw4d rekomendasi banget,1
ohhh jadi jersey kiper warna ijoo wkwk oke siip,0
salfook sama ae86 joy,0
gak nyangka alexis17 se booming keren abis beneran,1
serius deh dapet cuan gampang tuh pu lau tujuh tujuh tujuh,1
cek saldo,0
ridwan ngmg om mob lu lu woi tua om mob lho,0
tetangga gue kepo hasil alexis17,1
budaya nonton habis paham,0
gak perlu pusing mikirin biaya nikah kalo udah join alexis star star,1
hahaha gak punya chrome joy,0
swert bonanja makswin puas banget,1
sejak awal bro ngelantur,0
jauh lebih banyak dislikenya,0
bro tau ga alexis17 udah support e wallet potong,1
jarak rumah jauh mungkin alas,0
auto lancar langsung,1
lol moga versi gibran wkwkw rofl rofl,0
hape terooss,0
baik kak salam weton88,1
max 33thukkhnekhylmehlwmakon,1
tunggu2,0
kosong kosong cry,0
minggu main alexis17 gue udah ganti drone,1
kapan wehde juta modal 50k star alexis17 star doang kayak nya wkwkwk,1
jawab ttg bab1 masak,0
sore sore gin nyantai main mandalika77 tambah kasih maxwin hahaa mudah maxwin,1
simpen guys video nya guys jangan sampe ilang guys,0
alexis gua bru maen bentar lngsg jepe,1
ls for dipo tada,0
gue udah ga tidur nyenyak kalo main alexis17 hari kaya hilang,1
yapping terusss,0
absen like nya udah beli hape thumbsup,0
anak muda beking ayah takut tantang blush,0
kakk ireneeee liat langkah brilian bro pandjiiiiiii,0
joy kayak arah sama deh mas ziko laughing kurang briping nih sweat smile,0
seingetku hp 3lipat kagi gk masuk indo tecno lah,0
gokilll sii,0
jepey gmpng bgt maen alexis17,1
coba deh pulauwin heart eyes,1
alamak huwawei jt lipat,0
endorse bapak sweat smile sweat smile,0
orang bilang alexis17 tuh bener bener ngubah financial,1
wohhhh yg ditunggu2 lama bulan bulan akhir,0
incess skketernya keluar mulu say star alexis17,1
marahin editor bang openingnya jd kocak wkwkw,0
yng tunggu,0
menit bicara nama pak jokowi sebut wkw,0
munggu depan,0
tuju lanjut dialog wakil,0
thanks koo,0
uu tni dukung demokrasi indonesia maju,0
sketer jepek,1
gilak proper banget mobil obell,0
2x bahkan blush,0
pro aja bang sgi88,1
prabowo bilo,0
buka yutup kesini trus dislike tutup yutup,0
terimakasih bang bantu sekali,0
crosstrek relly cosplay,0
jujur klo main mending sgi88 bang,1
berkah rezeki berkat sgi88 puji syukur,1
joy joy ksni cmn dislike,0
hidup jadi tenang shomabot auto jepee pahala,1
gue buka koislot langsung sambut petir,1
kerah sengaja pemasanganya aga miring,0
gameplay keren banget skill dewa nih alexis17 bangga,1
kalo tukar tambah sama nexian brapaan tambah bg,0
ragu menang sah pluto88 baik,1
udah tua bukan mati malah joget,0
si rijal doyan banget main pulauwin sampe kebel motor,1
new armada keren padahal jarang lirik,0
hayo ngaku siapa sesal joy joy,0
lu nabung bro minimal buat beli suporter version,0
keren tada thumbsup thumbsup thumbsup thumbsup,0
jawab sangat jawab sob why pak why,0
episode paling gw suka heart eyes heart eyes heart eyes heart eyes heart eyes heart eyes,0
skor performa gak sampe juta joy joy pake snapdragon joy joy,0
class bos weton88 gak ribet depo cepat wd lancar,1
yakali gak coba main pulauwin,1
tt j2 prime berapa,0
furina focalor deret bgg kek joy,0
pulau777 selalu kasih alam baru,1
ngaco banget gileeeee,0
bang video weton88 percaya 5k 1jt,1
rasain ajar sana bg sweat smile,0
sgi88 is the best,1
sini lihat yg pure jurnalis,0
main pluto88 tuh kayak peluang emas,1
alexis jackpot gk paham hoki,1
jelas ko jawab pak presiden kau ga nangkep,0
pagi tadi coba main mlndalikl77 siang nikmat jakpot besar,1
nyambung wo wo bisa cuma ndasmu ndasmu doang,0
gak mikir kali join alexis17,1
jadi kesini nih sweat smile sweat smile sweat smile,0
pulau enggano sja pak presiden,0
gila alexis17 ashu percaya kagak nih,1
konten luar biasa keren banget cara kamu jelas main bagus sini bang star sgi88,1
aturduit id sempat dimention sama uni lubis,0
semua temen gue tagih sama alexis star star,1
ahok the best,0
main situs segacor weton88 asli nagih sih,1
makswin brusan starlight nyangka,1
mandalika77 gampang menang,1
gua member ga ruda ho ki jepee sumpah,1
baju banyak kantong saku rofl,0
dewadora emang gachor,1
salam star sgi88 gampang jepe sehat selalu buat semua,1
alexis17 gk pelit bonus,1
comeeee on smiling face with tear,0
maen santai jepe,1
mustahil karna ahok skck,0
gua lipat 2x,0
gak pusing mikirin biaya obat kalo udah join alexis17,1
kalo gue lbh suka aston martin,1
gw coba alexis17 yg lg viral 100rb 3jt sampe jam,1
agustoto gua gmpang bgt dapet jekpot sini,1
buat yg bingung anak bpk ahmad sahroni,0
hari main alexis17 gue langsung tagih,1
sangat fiktif banget ide,0
akhir jepe bukbuopt,1
keren g63,0
hapus link w,0
komen paling akurat champagne glass,0
eko satrio it s satire,0
swert bonanja gacir modal jepek,1
gue buka youtube direkomendasiin isi pulauwin semua,1
main sekarang bawa pulang untung besar bareng mandalika77,1
review rx arif muhammad bang,0
sukses mulai sini mandalika77 tempat,1
ziko mau ngonten modif motor,0
cmn main mandalika77 gw dpt ria mantap ayaaaaaang,1
keren sih weton88 main bentar auto jepe,1
rezeki dora77 tinggal,1
konten luar biasa keren banget cara kamu jelas main bagus sini bang weton88,1
maen swert bonanja sketer terus terus,1
status kirim sedang kemas,0
paraaahmeeeennn,0
otw beli kopi kapal api,0
om mob ridwan tuju hidup sehat joy tada tada tada,0
modal kecil makswin wede gampang,1
temen temen,0
asshalihah awoawokawokw padahal udh jelas yak soft hard,0
kl liat video jgn smbil mkn ntar mual shushing face face with hand over mouth face with hand over mouth,0
wkwkwk cepet udh korban citra kdm,0
tatap kosong mlompong,0
gaak pernah gagal kleen punya project bro thumbsup,0
sedih wajib kir gue,0
motor aja setinggi headlamp depan bayang besar sob,0
pagi pagi dah dapet kejut fire,0
layan axl777juga oke banget gak masalah sama sekali,1
varionya dnmotorshop in frame sunglasses,0
emang gak se hits alexis17 sih,1
team selalu nonton jarang komen joy,0
let s gooooo heart fire,0
dimasseto7248 woh manggut manggut arti tuju yak wkwk gokil pikir lu,0
wakil anies baswedan,0
nyata,0
valentinus resa sana biar vibesnya jadi beda,0
kali nemu platform fair kayak alexis17,1
jepe wede gampang banget,1
moments nya asa fd heart heart heart,0
alhamdulillah dislike,0
suruh bikin akun linkedin bu sekarang,0
coba pikirin bener gak,1
jangan judol judol buat loe miskin,0
gue rela bolos kelas ikut event alexis17,1
mantap main bareng zap alexis17 zap selalu seru,1
omke gas omke gas,0
gua alexis17 nggk pelit main,1
memang cakep sih fire,0
gokil sih alexis17 bonus nya gk henti,1
mulai hari sempat baru mandalika77,1
gue rela begadang malem main alexis17,1
batal multifungsi tni polri,0
us banget nyata us pakek sni ta joy,0
gila updatean alexis17 keren gokil banget,1
fix byd sealion jadi mobil dinas sheila on wkwkwkwk,0
hebat mantap mandalika77,1
sampe warung pecel deket rumah pasang spanduk pulauwin lo bayangin,1
jadi gejala awal bagaimana,0
modal receh lgsng mekswin gg,1
galak banget unit nya,0
komen judi moga manfaat akhirat blush,0
orang bilang alexis17 tuh bener bener percaya,1
gd ter best heart,0
gak perlu khawatir soal pensiun kalo udah gabung alexis star star,1
nyimak abang weton88 cair mulu,1
akhir temu,0
lockysigarlaki163 banyak bobrok coba sebut,0
pak prabowo nyebut deret presiden pak gusdur ga sebut cry,0
bang jahit kerah miring,0
fix pluto88emang beda bikin member setia,1
meuni gacoor pis iyeu hemanut88he,1
gue rela ninggalin bisnis fokus alexis17,1
bang bahas oppo a5 pro a5 pro 5g apa,0
kdm ahok,0
omon2 angkat elektabilitas joy joy,0
bro tau ga alexis17 udah support bank e wallet,1
kdm ahok baru okee,0
gas modikasi motor,0
mau tanya abang2 danantara fungsi buat apa pray,0
untung baca komen lu joy,0
keren sih llexis17 main bentar auto jepe,1
dah ah tobat gk maengaruda hoki lg abis maxwin,1
tombol dislike mana ni udh berapa ribu ko ga kliatan wkwk,0
suka bener kalo ngomong joy joy joy joy,0
klo lolos piala dunia laris manis nie jersey,0
tim nonton pake xiaomi relieved,0
alexis17 bikin gue beli rumah cash modal 200rb,1
otw lang beli biji,0
coba dengerin orang ngegas,1
alexis17 bikin mood bagus anjay,1
ez clean bawa b o w o bos 25k,1
ki daus daus,1
berisik iri previlege tp prestasi inter why not,0
next ust felix om pandji,0
lu diem kagak ha ndak usah nyepam lu,0
ahok kdm,0
lebih lebar,0
untung bikin sayang btv168 hasil,1
tunggu tunggu akhir nya naikin gaji editor vidio hahaah,0
ev yg ban serep,0
bang update kembang garasi baru nya dong,0
keren banget heart a lexis1 heart emang paling top,1
ga ru da ho ki pernah ngasih gua jepe 8jt grin,1
heran lihat postingan kok pda jp semua jdi penasaran aku coba main receha ehh rupa beneran jp neng banget dooonggg slt gacir gampang maxwin pragmatic play mandalika77 nama situs bro,1
cocok pajak mahal blush,0
tunggu,0
llexis17 maen santai aja tetep wedey juta,1
temen temen gue pindah pulauwin gue ngerti kenapa,1
kayak kalo lo kenal pulauwin lo hidup,1
kelas david gadgetin heran heran rofl,0
gila bang dipo keren bgt mobil,0
tanya paling keren seru tektokan nya mba nana kelas emang,0
orang bilang alexis17 tuh bener bener bikin nagih,1
weton88 is the best,1
laju batas joy,0
kalo coba bakal tahu rezeki datang kapan aja dora77,1
gpp pilih rakyat negara bubar,0
yg aku tungggu2 heart heart heart,0
makasih agustoto rezeki hari bikin hati senang banget,1
duit mana ngab,0
yapping mulu bisa kerja lo udah ganti ama ai,0
masa depan in tablet sekaligus hp,0
weton88 bikin maxwin gampang,1
hasil dewadora mudah modal usaha tambah,1
ngeri suara nya,0
hendrayadi v5h buser rendah,0
mascar007 yg harus mikir lo asep,0
modal receh makswin gg sih,1
kalo gak juara kalah sama farell si malu2in,0
kecewa dengar jawab ruu ampas aset,0
pecah banget dewadora jepey,1
umur pengaruh pak joy,0
rezeki beri mandalika77 sungguh tiada tara nilai terima kasih allah atas berkat mu,1
apa yg punya erigo,0
pencapaianya apa rofl rofl rofl,0
latih baca pak wapres ku alhamdulillah lancaarr,0
ga diesel,0
keren bnget,0
air liur nya keluar om sweat smile,0
alexis17 emang ga dua layan vip member jam full,1
gak nyangka alexis17 se booming keren abis sumpah,1
1rb orang cepat yum,0
mandalika bikin lupa masalah hibur hakiki,1
gass bikin konten motor,0
kalo tau bensin ap yg pke ethanol,0
pimpin lee kuan yew diri ahok,0
rezeki hari datang agustoto nyangka,1
gas coookkkkk,0
pulau777 bikin hari hari cua mantap banget,1
beneran deh heart a lexis1 heart emang paling top,1
gokil banget sih alexis17 hadiah,1
modal 50k lgsng makswin gg parah,1
top markotop dah layan alexis17,1
kirain bakal lebih baik jokowi nyata lebih buruk sweat smile sweat smile sweat smile,0
ga kyknya ferry mah too far to copied joy joy,0
gak nyangka menang agustoto auto party,1
nice banget,0
alexis emang ga main main aman data member,1
juta kali bapa presiden jawab yakan,0
motor oss dete sikat bang ziko modif motor jadi ngabers joy,0
class bos triangular flag on post weton88 triangular flag on post gak ribet depo cepat wd lancar,1
duh gimana yah,0
ga mercy iims,0
kia korean international automotive,0
indonesia siap,0
bela diri terooossss omonganya ngelantur,0
menteri tinggal maju raja wkwk,0
axl777 tawar dekat beda libat daring,1
sukses terus sehat selalu om fitra eri om mob,0
gimana pakai si alexis17 fix,1
emang gak se seru alexis17 deh,1
mending nonton tiktok sweat smile sweat smile,0
edwardwibowo6788 yg demo nurunin ahok kan elu bang rofl rofl,0
sabar lh dngn pilhan mu joy joy,0
wahhhh lord akhir btp joy joy joy joy,0
suka strada old,1
sangat inspirasi jalur cepat jadi wapres,0
nunggu bang david review honor pro,0
faa3457 k9l santai wae kok koe sewot,0
lmao how much they paid you,0
layan do a77 super ramah puas banget high brightness,1
untung pas ga pilih prabowo ga punya dosa aku negara sweat smile sweat smile,0
biar kutub masyarakat pilih,0
akhir yg tunggu2 grin weton88,1
semua orang bilang alexis star star tuh bener bener ngebantu finansial,1
obrol sangat senang bagi kalang sweat smile,0
ngelag wd jalan alexis emang top,1
mamang bim maen sport centernya dewa united mang,0
alexis yin emang ga mati tiap hari makin rame aja,1
seru banget hasil duga,1
moga rezeki dora77membawa berkah manfaat sama umat manusia,1
pebriyandwip5830 apa contoh nya,0
petir merah gates bikin mekswin,1
tim langsung ngimpi point up,0
angeliart hehehe mah buzzer rofl,0
ubur ubur ikan lele mas wahid dadi bakul bus,0
pulauwin bahaya buat orang tagih,1
emang paham pak joy joy,0
poin solutifnya sembunyi dislike,0
mantap nih mas,0
mobil ngebul ga sono joy cat,0
hikaru ngeliat magnus blunderrr wkwk,0
fufufafa pride heart joy,0
kayaknyq mqs ismail terlalu lebih dah,0
mode ngeri huawei,0
mantap bener bg main thumbsup weton88 hand dini sampe kala luang rungkad main sini mau main game apa aja kasih naik saldo pokok mantap lah,1
lah naif kau pilih partai dukung nya,0
pleciden omon omon sweat smile,0
maen auto jepe gg banget,1
gubernur baik yg pernah,0
fokus nonton video x fokus baca komentar white check mark,0
jalan2 keluar negeri ga bahasa inggris rofl,0
subaru nya mana,0
alexis17 tuh emang ngerti butuh membernya kasih hadiah,1
stuck jaman orba bgst,0
duh jam nonton nyata kosong level presiden loh,0
kan emang anggar baik jalan rupiah tahun joy,0
yg belah organ kamboja kaburrr yok bisaaa,0
alexis17 bikin gue sultan bulan modal 100rb,1
buzzer jokowi hkumis,0
tim yg beli doang gak nonton,0
untung besar bikin aku makin semangat main dora77,1
untung bikin semangat main alexis17,1
bingung mau komen apa engak sabar nunggu tahun,0
wih g63 tuh menit keren,0
update mobil s15 mu mana bang udh kangen kagak liat,0
jangan khawatir apa orang pikir arti ialah apa kamu pikir diri sendiri mandalika77 mula gk percaya sih cocok buktiin memang luar umum website gacirnya,1
velg nya pakai semua jadi nya copot dulu brz joy,0
temen gue bilang alexis17 tuh bikin nagih parah,1
selera dipo mah emang g pernah salah,0
crashh noooo,0
narkoba presiden sih oknum2,0
masa sih yum,0
mlndalikl77 aku cba jepe gede lngsg,1
gilaa ubah drat cok main,1
baru coba lgsng makswin,1
ji pernah ngak e nyesel pernah bela pihak yg eng ing eng,0
gasss and goodluck mas dipo,0
main aman hasil jawab pluto88,1
makanya bikin pertanyan to the point joy,0
dah pesona memang jodoh laksana hand,0
sekitar tangerang raya outlet resmi erspo ga tau yg disenayan,0
sayang chipset ampas,0
lebih doang bang biji joy,0
sgi88 bikin maxwin gampang,1
emang pak wapres ngerti cara pola pikir,0
ka wkwk,0
weton88 ngadu nasib wkwkw,1
jangan ngimpi beli dong,0
youtube indonesia serang bot judol,0
alexis17 tuh emang bener bener beda sih rtpnya tinggi pasar,1
mnding main balap tamiya bran,0
retnowulandari1737 dah,0
bang wilayah mu kencingin bang,0
bang pandji kacau bener main catur wkwkwk,0
ruangkarsa sektor mana nanding android jumlah apps sweat smile,0
mah bukan mobil moowwwwbiiiiilllll,0
gak kecewa main llexis17 slt on fire,1
main pola alexis17 keren abis,1
maaf lambat bang semangat salam sgi88 gampang jepe,1
pulauwin orang sih,1
pernah pakai huawei zaman huawei jiplak blackberry blush blush,0
wajib review supra sih gua keren banget soal,0
dora77 gacor auto win,1
min sgi88,1
avatar the way of water 3jam bro jelas arah nya,0
si rian doyan banget main bokuggooiti sampe kebel motor,1
alexis17 emang ga dua layan super kilat wd lancar,1
wuling confero cortez udh hilang rolling eyes rolling eyes,0
wakakakkkkkkkk joy,0
ga m,0
anjir udh serius asik tiba2 skakmat wkwkwkkw anjer wkwkkw joy joy joy joy,0
nonton pake huawei nova 5t sweat smile sweat smile,0
garing banget promosi,1
nyala abangkuuhhh tada tada tada tada,0
gin contoh sdm rendah ngerti isi bicara presiden,0
kaga sebut tuh,0
mulu heran gue,0
duaratus jeder metrowin88 sultan gacur,1
mobil nya keren spek mantap buat drifting,0
gak pusing mikirin biaya didik kalo udah join alexis17,1
terima kasih nonton mas,0
nade bang mbois ilakes,0
dosen baik jakarta keren,0
org dang mending mikir 100x,0
wah seru banget nih main mandalika77 modal menang banyak gac0rnya luar duga,1
alhamdulillah,0
si zaki wedey koislot beli rumah tanah hasil wedey,1
juta ajaa,0
gila asli mentok kanan banget mobil beuh,0
how to purchase in india help please,0
ngeri senggol jatuh pas lg buka patah gmna rasa y,0
alexis jackpot gampang banget gk percaya,1
salfok sama kerah tinggi belah,0
orang bilang alexis17 tuh bener bener ngubah nasib,1
swert bonanja gacir mntp,1
alexis17 udah denger bikin penasaran,1
moga beliau beri jalan yg atas,0
belakang jaecoo j8 yg seater,0
alexis cba maen jekpot gede,1
ngejostenan thumbsup thumbsup thumbsup,0
main santai agustoto eh malah dapet jakpot besar gak mau tinggal,1
haduhhhh mending jangan,0
bener benar gelapppppp,0
om mob s epic moment,0
mas coba ngerivil mobil along fazreen,0
adnansaputra f1c emang omon2 gak tindak nyata joy,0
promo deposit bikin hoki,1
gachor banget dewadora,1
up up up aku baru coba bang gacir sltnya mandalika77 pantes rame kali comment hahaha,1
buru buru soal jumat mau up crosstrek,0
fire alexis17 fire tempat hoki terus gaskeun,1
pluto88 modal hasil maksimal,1
ingat ken block,0
dapet perek uzbek biji,0
ken banget liat honda cs1 modif adventure ala ala atenxkatros,0
beli langsung joy,0
nya kayak kenal punya akang mv kan bang,0
gak sabar liat mobil brziko tandem sama mobil,0
tau bgt nih panji jgn malu2in lah bang pandji,0
promosi apa sih ni,0
oo punya mobil anak ahmad syahroni,0
buset alexis17 mudah yah,1
knp ban google bang,0
dora77 cuan gampang mulu,1
kapan akhir ikut pak,0
radityasans iya lg sweat smile muter muter,0
emang kamu tahu apa yg kamu omongin wapres zonk,0
alexis17 aman gak sih tau,1
mlndalikl77 emang is the best jp nya bikin mata belalak tired face triumph,1
cuan tuh gak serius serius tau pu lau tujuh tujuh tujuh,1
hari join alexis17 gue udah dapet cuan dp rumah,1
jepe kali maen lgsng suka,1
pluto88 sukses bawa alam main kelas,1
alahh udah kayak paling dunia ajaa,0
kesini cuma mau baca komen netijeenn,0
apa perlu petik,0
luar biasa orang baik berkah selalu buat kalian moga rejekix lipat ganda slalu ikan sehat mandalika77 emang top,1
quickster max sama qualcomm snapdragon jauh,0
nathankirt376 waduh extratime kaya ka,0
sih liat,0
jadi paling lucu pas skak mati rofl rofl rofl,0
kalau kasih masuk ngetik dulu yg bener,0
gue udah cobain platform alexis17 gampang maxwinnya,1
gak lama lama langsung gacir agustoto rezeki duga,1
wow pantas hitung,0
wkwkw aneh yak liat,0
wkwkkwwkk emang bener,0
alexis17 sih heboh banget,1
alexis17 tuh emang bener bener beda sih rtpnya super,1
hari jumat gada video nih,0
gue ken asisten bilal asmek,0
esia hidayah nyimak,0
jepe brusan gates auto wede,1
gak ngalahin benefit main alexis17,1
lanjut si fufufafa yg ajak diskusi,0
gassskaaan bang ziko ngaber joy,0
hahahahaha joy joy joy joy wkwkwk ketawa in mas wapresss yum yum face with open eyes and hand over mouth,0
ijin like x ijin dislike white check mark,0
test dong isi full bensin listrik tempuh brp km aktual,0
baik kak salam sgi88,1
mulai hari sempat baru bukit,1
cinematic gd emang paling gokil abis anjir fire fire fire,0
alexis17 lunas utang gw cok wkwkwkwk,1
terimakasih upload bg sibukweton88,1
apa an tu moyai moyai moyai,0
layan alexis17 cepet banget sih,1
dora77 cuan banget,1
gokil 2466 lah trus manggut2 raut muka gitu tanda apa,0
ngopi muter garuda hoki manteeb bat,1
you spit fire bro fire fire fire,0
harus pake backsound eeeeeee aeeee aaaaaa,0
wd gampang banget pake ribet,1
tinggal cuan gaskeun pu lau tujuh tujuh tujuh,1
lambo lbwk,0
akhir gw main pulauwin sih kasih menang,1
game nya gacir sketer prnh zonk,1
deg degan banget nunggu jp mandalika akhir pecah,1
jt views jt calon beli,0
izin nanya alas kaum pilih pak prabowo apa cry,0
bulan main alexis17 hidup gue ubah derajat,1
info kak gua mau kabur dulu wkwk,0
hari auto gicir happy,1
fire alexis17 fire jadi tempat lari paling asik beneran asik banget,1
kereen sumpah ikut bangga,0
nyambung ngga sih joy,0
gak skill khusus sukses alexis17,1
beli mas jeje langsung siksa jalur offroad hehe,0
alexis perhati lihat tawar,1
akhirnyaaaaaa tada,0
alexis17 emang daun banget gila sih sih,1
tugas kuliah,0
keren banget bang dipo scream lebih keren bumper depan sangarin,0
garasi drift keren bnget,0
untung aja kasih menang sama pulauwin jadi bayar kontra,1
aero8 8menawarkan dekat kolaboratif bas komunitas peanuts,1
ber tele tele,0
haru denger pak ahok thank you bang pandji buat sesinyaa,0
tempo gak,0
bau bau pildun wkwk joy sweat smile mimpi joy sweat smile,0
ismailadrian f2e tahu apa tahu bulat,0
keren banget bang,0
dukung anies suka pak ahok,0
ga rubah turun jabat,0
ga mungkin si joy aja banyak cut,0
susah bro banyak kadrun ga tuju,0
alexis17 tergacor,1
minggu main alexis17 gue udah bayar cicil rumah,1
adnansaputra f1c sdm rendah bgini jngan buzeer,0
yg punya gus,0
replika aja keren bang apa original nya bang joy joy joy,0
waktu yapping,0
omong opo bran gibran,0
krn jubir presiden ga fungsi komunikasi buruk,0
hahahahahahahahahahahaha,0
lah iya yah biasa jumat sore,0
kurang satu nih personilnya,0
ser lakon yg ngaco lhu,0
beda level huawei jauh atas brand comfortzone yg,0
udah langsung main mandalika77 bang udah jamin gacir banget zeusnya wkwkkwwk,1
ini penting biasa baca buku bukan baca teks joy,0
wede aman sketer sering keluar banget,1
bulan main alexis17 gue udah libur raja ampat,1
gk bakal ilang si kiamat,0
juta cuman bilang aja joy joy,0
kaya denger kake gw cerita pas lebaran hand orange covering eyes,0
bonus paman bapak,0
tempo kaga ajak anjayyy joy,0
mainset apa dah zer buzzer sibuk jawabin satu2 wkwk,0
siapa rangkumin aku nyerah nontonnya,0
mandalika77 tempat jago judi jadi lu cuma main ajar pro,1
mio sih seru,0
salut bang keren konten salam jepe weton88,1
alexis17 tuh emang bener bener beda sistem adil,1
anggorodps 9 lucu bgt plis argumen lu,0
gue rela ninggalin platform fokus alexis star star,1
gila sketer aktif banget hari,1
mana sih video asli,0
semua orang bilang alexis star star tuh bener bener bikin tagih,1
star alexis17 on fire parah,1
gass mas bikin modifikasi motor bosan mobil terus joy,0
bro tau ga alexis17 udah support bank e wallet minimal,1
bang review king finix note pro 5g,0
ayo gess biar gak dpt bonus,0
wajib coba zap alexis17 zap emang gak pernah ngecewain,1
paling kasih orang bahagia s1tus mandalika77 padahal main baru udah kasih menang banyak,1
triangular flag on post weton88 tempat paling uhuy,1
kan kmren dah soul out mas mario marlin p,0
salut banget alexis17,1
salfok sama rollroyce yg belah nya sob,0
hibur bikin happy untung cuma agustoto begini,1
bang review samsung note ultra murah banget olshop,0
lebih keren brz wkkwkwk,0
full sponsor joy,0
seru banget main dewadora hibur seru menang gacir,1
keren natural banget o on nya,0
gue sih udah ga heran kalo alexis17 trending instagram,1
jersey kiper warna kuning udh bnyak sebar jg kyknya,0
bang coba bahas hp smangsum s edge,0
pura pura ga liat joy,0
kepo alexis17 untung,1
sandymartono7029 kek i fakta g trimo wkwk buzzer2,0
tumben banget sweat smile,0
keren alexis17 gampang kasih maxwin,1
modal untung dora77 mantap banget,1
kosong bener,0
min weton88,1
udah coba validasi data blm pak yakin gada gap,0
orng2 yg beli nih hp udh ga mandang servis nya rusak ganti baru,0
baru aerox ngorok gokill mr atenk,0
torsi nya mas pray,0
ishowspeed beli kemarin pas china cry cry cry,0
aman alexis17 udah ram,1
bukan mobil koh william,0
sekali2 coba berkah99 kasih sensa,1
no hp nya keren maju maju bos bos tada,0
gue rela begadang sampe pagi alexis17,1
epic moment weton88,1
salam kuku ireng,1
sama,0
sya liat peluang raut wajah bapak,0
krennnnnnnni tada tada tada tada tada,0
si paling tau lo ye ebonykkk x7u,0
tau gitu aja main alexis17,1
manut88 lari kejar bahagia,1
belimbing sayur ngerti apa,0
aduuuh pandji pandji tengah jam udah mau skak mat sweat smile,0
dora77 tawar alam daring beda,1
bang coba beli hp ip toko pstore riview,0
tahu bilang dora gacir banget,1
bro you tell too many facts and realities,0
om review mobil koenigseg jesko yg baru datang tda dong sweat smile,0
angeliart buzzer hoam bgt jangan obvious bgt lah,0
ngelantur otak gak nangkep,0
seperti edit jawab sama tanya ga sesuai rofl,0
wapres ganti ai aja,0
tonton,0
jangan tunggu lama modal kecil jadi besar bareng mandalika77,1
kek jt daun aja negara uda kere,0
masa iya na pake intercooler smirk,0
bulan main alexis17 gue udah beli furniture,1
temen kantor sampe penasaran gue happy pulauwin,1
ayoo jadi ngabers lah sweat smile,0
suatu gw mau beli,0
gox bang karbida,0
komen basi gin,0
ganteng banget mobil mass sparkles,0
meded pis bro mantaaaaaapppp love you gesture love you gesture love you gesture love you gesture,0
arcturus1893 biasa orang tua emang gitu tanya apa jawab apa,0
nyala wiiii fire fire fire,0
bang ziko modif motor langsung rata kanan joy joy,0
kurang tidur banyak main ps doang,0
bosen rame gara gara pulauwin,1
najwa sihab the real mvp tanya bobot jawabanya narkoba sweat smile kasihan,0
orang bilang alexis17 tuh bener bener asli,1
berkah rezeki berkat ahmadtoto puji syukur,1
gua udah beli tadi,0
terimakasih rekomendasi link gacirnya kakak mandalika77,1
crosstrek mana bang,0
swert bonanja gacir pol puas banget,1
alexis17 tuh emang bener bener ngubah hidup gue susah makmur,1
aakhirnya david jajal huaweiiii smiling face with 3 hearts heart eyes,0
gas modif motor channel ziko,0
cara ngelihat angka dislike gmn,0
sakit mobil emnga elu joy joy joy wan wan,0
buahaha mampir baca koment video pause joy,0
dora77 sedia bentuk hibur unik suka,1
alexis cba langsung bawa pulang cuan gede,1
tengah nyindir,0
alexis17 tuh emang bener bener beda sih rtpnya gila gila,1
thumbsup probet855 hand,1
rezeki hari datang terus agustoto senang banget rasa,1
jual ginjal sana kebel rofl rofl,0
usia produktif lapang kerja suram joy joy joy,0
ga sia sia maen dialexis17 beneran gua wd,1
ribet bngtt sii konsep,0
anggorodps 9 joget dulu dong boy,0
joe biden versi lokal,0
om blh tau knp hummer jarang g yg pake off road,0
anwarproyek3899 jadi mau presiden jago ngibul om anies baswedan,0
fix abis gua bklan beli seblak relieved,0
lambo lbwk nih,0
gw paling demen gas triangular flag on post sgi88 triangular flag on post wkwkwkww seru sering2 sih mah,1
oke mandalika77 gas gas gas,1
buset jud0lnya banyak bgy,0
pluto88 emang beda,1
cs ramah proses gampang pokok oke,1
baru minggu join alexis star star gue udah beliin ortu tiket umroh,1
ertepe nya tinggi banget nyesel maen,1
orang marah marah lol lol lol lol lol,0
buseh komen nye udh wakil semua sweat smile sweat smile sweat smile sweat smile joy joy joy joy,0
hello lelaki sejati bro sedikit bicara banyak tindak,0
modal untung suhu328 mantap banget,1
orang bilang alexis17 tuh bener bener ngebantu ekonomi,1
alexis17 tuh emang bener bener ngasih peluang orang sultan sejati,1
the best tahun probet855 byar,1
salut bgt jurnalis nahan diri buat ga gebrak meja,0
gimana gua skat lu mati joy joy joy,0
larchy1324 iyaa emang laksana paling top karoseri mah ecek ecek,0
prabowo stress,0
bikin pusing pala,0
over fender kiri gap mas kanan rapat,0
bang salam jepe sgi88,1
cuan ni buzzer2,0
kesini cuma buat dislike doang,0
best gokil banget sih fire thumbsup,0
bang kalo geber geber mobil gitu tetangga gk komplain,0
jepe mulu prnh zonk,1
kayak nya kalo tanya masalah joged oke gas bakal lebih nyambung,0
undang kok mas blush,0
rasa seru hadiah besar ggwp88,1
lancar lancar bang salam jepe sgi88,1
minggu main alexis17 gue udah ganti kulkas pintu,1
lebar panjang gagah kuadrat lah poko,0
bang jam segitu menang w weton88,1
mah cuma omon omon ndusma,0
jelas detail mudah erti alexis17 paham,1
bulan main alexis17 hidup gue ubah total,1
mobil dipo gimna tuh,0
omon2 isi kosong,0
anjay pagi2 notif skakmat ahok,0
kristiansutanto rakyat mau milih kan ga tau jg depan gimana,0
wkwkwkwkkwkwwk,0
gabisa nyetir,0
emang gak se mantep alexis17 deh,1
kata yg warna hitam lbh tenaga arogan ala2,0
kingpizzasuper paham tp buat apa mas,0
mr a still the best,0
percuma danain kampanye nya kan,0
ngeri2 gabisa nerima kritik soeharto v2,0
gak cocok buat jadi mobil mobil sweat smile joy,0
menang berkat pawpaw4d pilih,1
main skakmat malaka project lah pak tada,0
menit kelar episode joy joy,0
setia samsul hadir,0
kayak aja seru pulauwin,1
rame banget nih alexis17 tongkrong,1
laahh seri satu tp nya ntah brp smiley face with hand over mouth face with hand over mouth,0
bang ajarin cara nge drift dongg grin,0
napoleon pakai kenalpot modif,0
vidio pause lihat komen,0
swap engine ayla turbo,0
gue rela ninggalin nongkrong fokus alexis17,1
ikut jamaah dislike joy joy joy,0
gak skill marketing sukses alexis17,1
adipatijoyokarto kasi akal sehat lo,0
baru minggu join alexis star star gue udah beliin ortu kulkas baru,1
out of topic kamera yg nge shoot arah pandji ngga nge record,0
ziko pngen jadi ngabres joy,0
agustotomemberikan sempat coba baru,1
bonus demografi x bonus nepotisme white check mark,0
emang gak se worth it alexis17 sih,1
anggorodps 9 sudut pandang keluarga koruptor yg maksud,0
untung agustoto beli rumah mudah,1
jangan beli bakso bulan depan brooo,0
wih subaru brz driftng suara paling gokil v8 dash dash dash dash fire fire fire,0
ken liat konten crostrack mas dipo crash,0
aja beli indonesia joy,0
bener bener situs percaya recommended,1
benar sekali yg nyinyir cuman kelompok yg hati nya jahat,0
persiden prabowo negarawan sejati brow heart heart heart,0
gw demen gas sgi88 wkwkwkww seru sering2 sih mah,1
gasss bikin konten motor,0
bg tecno common pro yg layar lengkung,0
masyaallah,0
dapet cuan ngopi tuh goals pu lau tujuh tujuh tujuh wujudin,1
swert bonanja gacir wede juta,1
kok nama pulauwin mana mana,1
combine gmc ganteng,0
realme 5g bang heart heart heart,0
mulai hari semangat positif mlndalikl77,1
sering banget dapet sketer sini,1
baru kemaren upload udah crash berat,0
kaget dikit minggir lu miskin joy joy,0
nyari2 uang rokok malah kasih uang jajan minggu hahaha emng baik nih mandalika77,1
jepe hari wede gampang banget,1
apa pak rukun mulai kalian hey face red droopy eyes,0
kereennn bageetttt bang boom boom boom boom boom boom boom boom boom boom boom boom boom boom boom boom boom boom boom boom boom,0
mc nya paid actor ajg glazing parah nge mc mah mc aja bro,0
menit langsung skakmat,0
muadah mudah manfaat aku kan coba mandalika77 real asik main,1
gue sih udah ga heran kalo alexis17 trending sosmed,1
opo seh cok rai,0
tau rahasia sukses anak muda jaman now alexis17,1
kalo alexis17 pusing,1
moh gua kalau anis bacot doang kerja kgak,0
mungkin om ziko ga ngeliat moyai,0
gak ngalahin seru main alexis17,1
inti,0
ndak tau ko tanya sama,0
ahok anis kaya nya cocok,0
fachrezaa1764 wkwkwk hilang bang,0
review barang aneh bang up,0
wede aman petir merah bikin mekswin,1
mana episode crostrek,0
tolongggg kamera sama layar cakep bgt gilakk heart heart sob sob,0
berkah rezeki berkat weton88 puji syukur,1
yaelah 4thn lg cry cry,0
wih closinganya video pake mesin v8 fire fire fire fire,0
emang gak obat sih tagih main alexis17,1
inflasi rendah sweat smile tuh apa,0
modal kecil ubah jadi untung besar agustoto amazing banget,1
luar biasa,0
mesti udah kelar menit rofl rofl,0
revolusi jadi indonesia bubar bawah perintah,0
tiramusi info daftar nya bang joy,0
naik gaji damkar,0
salam jwaselatan,0
menang aero8 bikin mimpi nyata,1
gue yakin anies ganjar jadi lebih ngejawab bapak2,0
anggorodps 9 coba jelasin wir apa yg lu tangkep prabowo,0
anak kecil sampe orang tua semua ngomongin pulauwin,1
swert bonanja gacir modal kecil jepek,1
quick change bulldognya hilang mur,0
gacur banget auto wede,1
orang menang alexis17 gak peduli background lo,1
ayo mas bangun motor blush blush blush,0
bela walaupun tau salah,0
kapan review vivo x200 ultra bang penasaran bang cry,0
gacir gitu loh dewadora,1
gg lu bang joy fire,0
parah forza nali,0
mba nana paling greget tpi sayang jawab tdak sesuai harap,0
kaki ridwan knp,0
besok beli ahhh smiley,0
heart weton88 heart,0
hp hp lipet tipis gin jadi ken iseng matahin sweat smile sweat smile sweat smile sweat smile sweat smile sweat smile sweat smile sweat smile sweat smile,0
solusi lah kok tanya joy joy,0
gampang urus cs nya santai,1
modal dikit lsg makswin cuy,1
soal makan gratis ntt pas bapak udah selesai masa jabat joy joy joy joy,0
kali gak ngehh pak ahok joy joy,0
pertama dapet apa om,0
mantap fufufafa,0
malem gue nungguin update alexis17,1
gak nyangka gin axl777 auto traktir keluarga,1
buset ring kamera nya aj make bahan baja open mouth,0
wede gacir banget sih,1
berkat ntn jd dpt nick name baru utk pak wowo macan sirkus joy,0
pinter cari uang kalah pinter hemat uang,0
realisasi,0
hp lu lipet berapa bosss,0
gema 17 buzzer nyuruh ajar guys tepuk tangan in dulu yuk clap,0
mantap gak nyangka alexis17 se booming keren abis,1
akhir tunggu tunggu fire fire fire,0
mang eak,0
satire kedok berita fire moga awet acara,0
sama nyesel gw pilih si wowo,0
mimpi,0
gue udah nemu jalan ninja gue a l e x i s,1
angeliart heheh yakinnn eh kepala babi apakar upps rofl,0
ribu dislike pirsa hahaha,0
akhir keluar episode ditunggu2 tada blush,0
dislike sembunyi,0
main halma aja tiga sekaligus joy joy joy,0
minggu join alexis17 gue udah beliin ortu smartphone,1
thankyou bang,0
dewadora maxwin pecah terus,1
hasil gacir main agustoto kecewa,1
harga nya brapah om insyaallah tahun depan beli,0
gue sih ga nyesel gabung alexis17 nyesel ga lahir,1
kox lebih fokus kekomen video joy joy joy,0
youtube napa jdi promosi judol,0
nasib driftpig gmn,0
gw demen gas alexis17 wkwkwkww seru sering2 sih mah auto jepey,1
gue nyari resep mie goreng keluar malah iklan pulauwin,1
baru episode skakmat sini seru main catur nya wkwkwkwk,0
gak pernah kecewa main mandalika77 slt selalu on fire,1
betul lo papap,0
lo gacor wkakakakakakak,1
makin cinta deh sama ringed planet alexis17 ringed planet,1
magnum pride,0
remuk kaya kmaren bang,0
boikot gibran,0
solusi kagak,0
judi online sekarang spam youtube face with symbols over mouth,0
rezaardiansyah69 lah emang ngapa bapak bapak wkwk,0
info sppi real mba,0
tim langsung beli,0
fire alexis17 fire selalu kasih vibe positif beneran asik banget,1
bulan main alexis17 hidup gue ubah drastis,1
komen seru2,0
temen gue tagih alexis17,1
motor sport era an bang,0
seru bang mandalika77 alhamdulillah rasa pensaran ku jawab mampir disni mandalika77 jamin bakal h0k1,1
klo sdh sakit hati memeng sulit,0
dapet jakpot juta lgsng cair,1
50juta an aja sweat smile sweat smile sweat smile sweat smile,0
happy banget hasil pluto88 bikin hari ceria,1
coba hitung brp kali om mob om fitra nyanyi lagu ali on,0
gue rela ninggalin game fokus alexis17,1
main dewadora bikin kantong tebal rezeki limpah ruah,1
gak ngalahin sensasi main alexis star star,1
apa iphone,0
busett cerahh banget sgi88 encess koinya ngasih mulu,1
langsung tarik semua menang agustoto buat libur,1
baru wede juta proses gampang banget,1
serah luu ae person facepalming,0
mulai langkah baru mandalika77,1
terima kasi rezeki star weton88,1
lihat jelas waktu debat capres kemarin kualitas,0
gak pusing mikirin biaya kuliah anak kalo udah join alexis17,1
ambil hp nya langsung ludahin bang joy joy,0
alexis17 emang ga mati rame jackpot,1
tanya dong pajak phev mahal nda awat ribet nda,0
rezaardiansyah69 loh yt emng gk ngehasilin duit bro,0
cuman bukit888 sihh no debat tmenku smua main dsini jossss,1
ga seru ah ga nyerang perintah sm jkowi,0
ganggu banget mobil tot tot nyepil,0
apa tanya ai jawab,0
puas mandangin ganteng,0
macan udah ompong pak,0
mah ngehina,0
minggir lu miskin joy,0
rezeki limpah alexis makasih,1
makasiiiii ko saluting face,0
pulau777 tampil desain modern,1
gacur hari bikin semangat,1
baru maen lgsng gacor parah,1
gk gk bukan v alexis17 v selalu bahas,1
normal gak sih nton vdeo gni langsung pen mkn,0
gak perlu pusing mikirin biaya wedding kalo udah join alexis star star,1
nonton ny huawei matepad smile,0
the king of aerox,0
uni lubis nyeletuk supersemar sweat smile sweat smile sweat smile,0
lancar lancar bang salam jepe weton88,1
benci komentar,0
alexis gua coba bentar saldo langsung 2x lipat,1
djarum super kan,0
sadar gak sih kalau tuh wapres harus ngasih solusi,0
apa mobil yg mirip film captain amerika joy,0
jd inget judul lagu the idiot are taking over nofx,0
velgnya goksss gilaa,0
gelooooo mas dipooo,0
sangat ksatria heart vs juta,0
akhir menang besar dora77 jangan cuma denger cerita sukses orang,1
semua temen gue bilang alexis star star tuh bikin nagih,1
jgn nekat mas joy joy joy,0
nice content,0
bro alexis17 tuh emang mantep banget gue udah buktiin,1
gas mas heart eyes heart eyes,0
bnyk yg komentar mandalika apa si jujur gua nanya,1
yuhuu salam kalbar,0
menit kata abang ojol bang udh bang gw bkn lawan lu joy,0
mantap ga sih paling bocor maen dipulau77,1
hasil kamera mantep sih pas daylight cakeeeppp,0
bagi nyimak doang,0
durasi kurang lama,0
terima kasi rezeki sgi88,1
rezeki a l e x i s makasih untung,1
tambahin dikit dapet mobil joy,0
feri amsari heart,0
alexis17 tuh emang bener bener ngubah hidup gue miskin sultan,1
mntap poll panutann,0
kerja malah kampanye,0
support sama m pencil ndak,0
agustoto gua maen bentar aja lngsg wedey gede,1
ken banget kesana,1
one of the kind ahok brainy honest kind heart pray,0
dpt salam dr alex joy,0
anggorodps 9 jawab banyak lebar mana person facepalming female sign,0
juju3907 udah kapan zer,0
wajib coba sih coba mantep banget,1
ahok batak haha,0
tahi sekali,0
tuju kingfinix sunglasses,0
lucu banget diomelinn wkwkwkwkw,0
mungkin hp android mahal dunia,0
moga rezeki agustoto berkah manfaat,1
spill mobil dipo dong,0
nonton video malah punchline nya komentar joy joy joy joy,0
dislike,0
lu kagak cape nyinyir abadi,0
puma speedcat bikin ngiler,0
fokus sabar main pluto88,1
pulau77 terbaikk jepe terus bro,1
keren banget zap j m zap selalu kasih kejut seru,1
presiden pantas pernah pilih konoha,0
bonus bapak luuu,0
exploding head luar by china,0
hari main alexis17 udah dapet cuan juta,1
konten luar biasa keren banget cara kamu jelas main bagus sini bang star weton88,1
tanding selesai menit,0
alhamdulillah mantap lanjut id blue heart,0
keren banget bang salam jepe sgi88,1
halah kerja minta cari sama bapak,0
gabisa jatuh dicurangin doang wkwkwkwk,0
tunggu pak ahok jdi presiden tunggu pray,0
bulan main alexis17 gue udah beli sepeda gunung,1
daaaaaaannnnn,0
gak lama lama langsung gacir dewadora rezeki duga,1
alexis17 selamat genting pol,1
responsible keren,0
adesendyfirmansyah8647 betuuuul jdi yg omon2 sebenernya siapaa yaa,0
achievement unlocked selamat alexis17 bangga,1
gak perlu skill khusus buat sukses alexis star star,1
auto tajir bareng pulau77 keren banget,1
pantes tongkrong maen mandalika77,1
semua orang bilang alexis star star tuh bener bener percaya,1
pak prabowo mohon jgn kecewa,0
udah tamat nih modifnya sweat smile,0
asa gk rupiah doang yg lemah,0
beres2 rumah nyepin pas dengar suara behhhhhh garang kaliii suara petir hahaha makasih y mandalika77,1
gue rela begadang malem alexis17,1
yo ndak tau kok tanya joy,0
alexis17,1
aku tarik kaki robotik drpd mobil joy joy joy joy,0
luar biasa bpk presiden,0
orang gue kenal ngomongin pulauwin,1
mantul sketer gak abis,1
alexis17 bikin tagih ken main pasti menang,1
susah joy saing gibran joy,0
aliass joy sweat smile,0
lihat banya gak mutu,0
emot apiiii,0
temen gue ngomongin pulauwin sih,1
otw beli harga hp gila joy joy joy joy joy joy,0
kemarin mobil bang dipo habis nabrak mana baru jadi cry,0
maen jepek gacor banget,1
mantap gd thumbsup thumbsup thumbsup selalu jadi panutan driftter indonesia heart eyes heart eyes heart eyes,0
hari join alexis17 gue udah dapet cuan beli laptop,1
mampir sini cm mau nitip jempol balik,0
ahok anis baru,0
serius nanya deh alexis,1
sehat rezeki sgi88,1
sayang bgt velgnya takut face velgnya nabrak pas tandem wkwkwk,0
wahyuningsih4156 terimakasih jokowi hidup jokowi,0
yapping,0
laku lebih makna omong,0
gas aja ziko modif motor nya,0
w jual yg kw harga jangkau,0
presiden keren kok yg nyinyir,0
alexis17 selalu kasih vibe positif jangan tinggal,1
nonton cuman seru baca komentar joy joy,0
velg bagus dikomen ngantuk sama org2 yg gapunya taste kacaaaww sweat smile,0
allahumma sholli alla sayidina muhammad waala alli sayidina muhammad,0
anis ahok kata lucu,0
kagak mutu sama sekali apa nih,0
sesuai budget,0
tampil alexis17 sih ga main main gokil parah,1
ngesahin prabowo gimana mau batal asyariiiii,0
kang aibon ngapain,0
emang gak se jujur alexis17 deh,1
axl77 7bikin lupa beban hidup hibur makna,1
alexis bikin hidup gue ubah derajat tukang ojek bos,1
ikut spaa tau dpt kaos,0
manteb banget banyak carbon wide body keren abis,0
busyet sih alexis17 trending gitu,1
lo ngopi gue cuan beda gue main pu lau tujuh tujuh tujuh,1
dewador amenawarkan sempat bagi alam,1
anjing kampung lebih milik hargadiri banding macan sirkus,0
wede brusan sketer henti muncul,1
pulau777 udah paling gacor,1
nyesek bgt ngeliat kondisi mobil sekarang cry,0
mana crosstrek moyai,0
cakep kali triangular flag on post sgi88 triangular flag on post bravo,1
hari join alexis17 gue udah dapet cuan beli motor,1
nungguin unboxing realme 5g,0
sama dong baca2 komen yg frekuensi,0
tanya serius kok menu dislike nya hide yah,0
ikutin alexis17 hadiah mobil coyy,1
axl777 the best menang terus,1
mobil raksasa hummer memang mobil mobil buas banget,0
emang gak se legit alexis star star sih,1
inti kerja kerja kerja joy,0
coba buy spin 20k maxwin kwkwkkw makasih sgi88 nyata emng,1
wede cepat layan ramah banget,1
coba buy spin 20k maxwin kwkwkkw makasih weton88 nyata emng,1
nmax lipat tiga coyyy,0
malah bagus arogan arogan koruptor pantes tuh,0
gak usah banyak bicara le kau bilang kata salah,0
aku beli kemarin 55jt an,0
gw lg toko hp bang lgi milih warna mau beli,0
bang riview hp vivo y19s pliss neutral face neutral face neutral face neutral face neutral face neutral face neutral face neutral face neutral face,0
fortuner speaking head aku ga sebut bang cry,0
apik apik komen e joy,0
the best udah alexis17,1
untung jadi diri mas mas,0
global ndasmu zany face zany face zany face,0
hadir tonton setia manut88,1
main agustoto bikin lupa waktu hibur pas banget,1
luar biasa presiden jam jawab tanya duduk non stop smile,0
180sx nya lebih keren gapake wing,0
pusing bgt allah,0
komen pertama kali padahal sering nonton sweat smile,0
maaf lambat bang semangat salam weton88 gampang jepe,1
motor luster wak masuk vlogg wkwkwk gokill,0
iye bang gw minggir cry,0
gw demen gas weton88 wkwkwkww seru sering2 sih mah,1
manut88 beri nyaman,1
berantas korupsi pertamina jadi tanda tanya,0
masa depan loe aja kali yg gelap indonesia mah kaga joy joy joy,0
jepey sgi88 beneran,1
gw coba alexis17 beneran jp,1
keren pulau777 baik emang udah kasih wd,1
pantes kwn nyaman main alexis17,1
kapan main situs segacor weton88 asli nagih sih,1
gw tau mandalika77 komen asli bnrn gacir,1
undang gibran sis mestine joy joy,0
bang review tws ep73x,0
gass modif motor bang wkwo,0
stop judol,0
si kocak nonggol mu ni p u l a u w i n,1
kalo yg bilang gacor pulauwin jangan percaya,1
ga ru da ho ki member baru jepe yellow heart,1
kalo bukan islam ga jadi presiden wakil presiden mungkin,0
udh daptar cara dapetin skater hitam gimana mandalika77,1
mah baca tex,0
tunggu video driftnya,0
proses praktis csnya oke banget,1
kak awas bilang pasu sakit hati wkwk,0
emg co itu orgnya joy,0
cakep bener,0
kalian moyai,0
makin keren aja pesona bareng laksana,0
nemunya titik gelap cry,0
kayak tugas kuliah aku joy joy joy,0
rezeki makasih alexis17,1
ngantuk yg sama,0
iya bgt yg menang alexis17,1
abis liat ishow speed muncul joy,0
satir sadis agan wkwkwk,0
garasi drift punya mobil stance livery rame,0
kdm jangan masukin jabar butuh sosok beliau sweat smile,0
bikin ken main alexis17,1
siapa emang,0
apa tuh sosok hitam,0
dora77 gua cba lngsg jepe gede,1
busett cerahh banget weton88 encess koinya ngasih mulu,1
backsound lama kembali fire,0
bg next review lexus lfa bg,0
apv emang gokils om fitra,0
anak syahroni gk salah lu ngerrr,0
perlu pin,0
kok yng komen banyak yng sinis yaaa,0
panutan emang garasi drift black heart,0
cuma ngimpi joy joy joy,0
siuuuuuuuu,0
mantap bang bobon selau cuan bokuggooiti,1
agustotobikin hidup warna rezeki silih ganti,1
joy joy joy hahahha wakil,0
modal kecil hasil limpah pasti mandalika77,1
ikut bangga mas dip,0
tiggo phev lebih murah dong,0
temen gue tagih seru main alexis17,1
umrohhhh gua harga segitu sweat smile,0
gua beli iphone pakai untung kripto,0
team dislike handshake,0
bang yg pake motor sama temen,0
kesini cuma ken baca komen aja tp video gak tak lihat muak,0
trending sih ini gua,0
lah kok gin gk nyambung,0
fate v9f salah tempatt bang,0
kunjung bengkel papnmam mas,0
kira genang air tadi moyai,0
agustoto jekpot gampang banget gk ribet sama sekali,1
episode paling senang tonton dr yg sip,0
gacur pol maen jepe,1
aku gilaa pilih b o w o kali wild,1
gates gacur banget auto wede,1
ga liat jawab,0
hadir tada tada heart heart,0
emang gak se transparan alexis17 deh,1
rezeki gak putus makas alexis17,1
gak khawatir kalo udah gabung alexis17,1
salfok sama oren lewat belakang joy,0
crostrek nyaa baaaaaang,0
omke gams omke gams bicara jelas clown clown clown,0
bang bahas mobil lawas aja bang udah bosen sama ev ev,0
manut88 banyak respons positif netizens,1
awkwkk fix gua gada bakat jadi jurnalis hebat respek joy,0
hahahaha artificial sukses nepotisme joy blush,0
tuju emg jelas sih buka lowker buzzer wkwkw,0
ga build impreza aja sih,0
beranta,0
wahh pantes anak ahmad sahroni sweat smile,0
sama model joget2 oke gas oke gas,0
sp12er trending no tonton orang yg mau ndk punya,0
gila sih keren bener,0
bro alexis17 turnamen gede nih hadiah mobil sport,1
dennger tuh stafsus ga perlu logika aja kerja ngapain koplak,0
bulan main alexis17 gue udah libur australia,1
tuju banget tada,0
wi wort de tok not onli tok detok,0
mandalika77 populer masakini eagle,1
pabrik kahatex,0
baru realis udh cres cry,0
aero tawar dekat beda libat daring,1
bukan hp kaum dang mending fire,0
pak kalo ngomong tegap lurus biar asa tegas,0
akhirnyaa salam weton88 gampang jepe,1
memang gila neh hp,0
kapal api,0
bro lo udah cobain alexis17 jamin nagih abis,1
mending nonton boboboi moyai,0
main dora77 ubah hidup pegawai hari milik usaha,1
gilaaaa seruu bangetttt,0
air ev hitam good thumbsup,0
50jt an aj,0
sayang harga 50jt blom support 5g,0
super genius,0
scroll yuk scroll cuan pu lau tujuh tujuh tujuh,1
wah seru banget gue gabung mandalika77 langsung gas ling main sana enak banget cuan terus,1
modal aja untung pluto88,1
gaada banyak sponsor kelassss,0
pasu gohib ayo gabung bukit888,1
gak modal sukses alexis17,1
main sama teman teman sgi88 makin seru asyik makin banyak rezeki,1
apple salip sama huawei,0
mandalika77 makasih bnrn asik jp aja,1
tukang shotingnya kbanyakan review orang drpd mobil joy,0
dewadora tawar sempat hubung main,1
harus lipat sih biar sekali jadi monitor,0
jepe situs baik,1
ngomong apa jawab apa joy joy joy,0
yaelah jii jii menit harus tuh wkwkwkkwkwkw,0
keren banget bang salam jepe s gi8,1
baru nonton menit dah lah cry,0
kemresek awal,0
lanjut oneplus 13t bng,0
wajib nonton klu pak ahok,0
klau buat keluar kota mobil gkk,0
ibu uni lubis gokil nyeletuk supersemar wkwkwkwkw,0
the best pokok alexis17 parah,1
koq mati skak pakai apa,0
gak pusing mikirin biaya sekolah kalo udah join alexis17,1
yg jadi ancam iphone bang soal produk,0
jual beras dulu ni,0
tuju sekal modif motor,0
harus sekali coba masuk parkir pim nih hahaha,0
bicara bukan presiden,0
the best tada tada tada,0
mandi dulu lah,0
wede sketer kali coy,1
gass bg ziko,0
bjir kerja wapres sekarang bikin konten,0
gue rela gak beli sepatu nabung alexis17,1
udahlah balik aja nokia n97,0
wapres gak mutu,0
bonus asam sulfat paman mk,0
tambah lampu neon pink mas dipo mobil,0
najwa is cooking fire fire,0
bukan jawab yg penting tp yg penting jawab,0
gua bukan sales emg gokil siga ru da ho ki gacorr der fire heart eyes,1
pusing gak tuh punya presiden kaya gitu,0
mau bikin hp 5pintu lebih canggih lg sweat smile sweat smile,0
serius nanya alexis17 beneran bagus fix,1
sumpah parah alexis17 keren banget,1
rahadiarum7448 prabowo pikir global apa pikir diri perwira tni,0
skakmat gibran bang biar durasi menit,0
parwis dominan jb5 sr3 akap mual banyak skyleder,0
cuan ga pernah abis dewadora,1
kok sini gak mobik diesel,0
pfffttttt,0
ka pikir,0
spill mbak e moyai,0
sx gpsport mesin buat serapih s15 vr38 bang,0
terima kasih min alexis wede masuk,1
massuhada5461 makan tuh bbm oplos ngga naik bbm oplos wkwkkw,0
mobil baru jadi rusak cry semangat terus bang buat final lanjut nya muscle,0
minggu main alexis17 gue udah lunas hutang,1
temen kampus gue heran liat gue sukses gara gara alexis17,1
alexis17 tuh emang bener bener ngasih peluang orang sultan dada,1
rumah akang mv bang heart,0
alexis17 emang top dah ga bikin kecewa jaman purba sampe kiamat,1
produk cina thumbsup,0
nepobaby sweat smile,0
segar hari mandalika77,1
gw kira parah bapak lebih parah joy,0
coba drift kelok sumatra barat bang,0
minggu join alexis17 gue udah beliin ortu ac,1
ahok malah kamera pandji mati kocak,0
prediksi pawpaw4d akurat bikin senang,1
alexis17 mantap mantap yg gw coba,1
ladang nya parah cari cuan bukit888,1
main rapi strategi jalan pluto88 panggung,1
gak yg jelek,0
bawa powerbank bang joy,0
iri bos bapak nya situ ga kaya kasihan miskin wkwkwk,0
anies ngucapin bela sungkawa pope francis aja kaga joy,0
langsung panas dingin tada,0
kaum dang mending mending pilih byd jaecoo mas,0
kalo buzzer msh pelihara susah kak dpt pimpin yg bagus face with hand over mouth face with peeking eye,0
pulauwin bukan kaleng kaleng sih beneran ledak,1
iya anjer gk nyambung bgttt jd kesel sndiri gw dngerinnya sob face with symbols over mouth,0
pernah pake daily huwawei ko,0
demikian lama nyari2 link mantul kali ni gw tuju mandalika77 gacir,1
sumpah alexis17 ngebantu banget gak boong,1
mimpi apa punya wapres kayak gin,0
besar hati sangat nemu web mandalika77 lega hati sangat lah habis lama main slot baru kali selisih gw naik jadi gin brayyy nang saking neng,1
tmn gw alexis17 rame bgt tuh situs bre gila,1
wajar kelas gak saing jadi semua gak masukin,0
only talk but no action joy joy joy,0
nontonnya cepat berapa,0
makasih info kwnkwn alexis17 ane dh daftar jg moga amanah,1
dilann9 gw jawa tengah blm,0
kecewa hasil dewadora,1
seleraa lu banggg bang,0
ganteng proper parah si bang demen liat nya looks nya nice,0
langsung beli infinix bang face with hand over mouth face with hand over mouth,0
moga rezeki asal mandalika77 bawa manfaat sama,1
sandymartono7029 ajar dulu met blush biar faham melek politik blush,0
sedih sekali gak rela pimpin,0
menit doank pandji kalah catur ama ahok joy joy,0
kerennn contentnya bang cari situs sgi88,1
sumpah alexis17 tuh bener bener ngebantu banget pas butuh duit darurat,1
da kebel sempak baru joy joy,0
request tanya jawab wapress,0
kagak ngejawab apa apa dah sob,0
pisaulipekstikerbatam emang pinter gak milih prabowo,0
kalo suara koh ahok kagak serak udah jadi presiden kek,0
maen siang siang lgsng big win,1
clap clap clap clap clap tepuk tangaaaan tada,0
semua temen arisan gue kepo sama hasil alexis star star,1
main santai bikin nagih pulauwin,1
mascar007 lahhh gaji buat nyari solusi,0
diesel yg parkir depan apa spesial yaa,0
pokok hilir,0
langsung beli kapal api fire,0
mantep banget nih tanjung puting,1
bener bener merinding sangat haru atas besar manut88,1
sukaaa bangettt s gi8,1
anjay keren revolving hearts alexis revolving hearts main slot nge corona renderer,1
wowo liat bgt kolot ga jawab,0
wadidaw kren bgt yak depo doan jd 2jt wwk dizzy dizzy,1
kenal alexis17 hidup gue colorful,1
udah nyobain alexis17 bom recommended pokok,1
gue rela begadang sampe subuh alexis17,1
merinding liat harga joy,0
m a n d a l i k a 7 7 selalu tampil fitur baru,1
main doyaa beri alam senang,1
gw sampe ledak nih alexis17 jd 45jt,1
keren banget mobil drift nya bro heart heart,0
insane build open mouth,0
emang gak se profitable alexis star star,1
nah bener kan kurang gede ga sih cuma opening doang gede,0
jepe kali maen puas banget,1
waw waw wawwww tada,0
jepey trs tiap hari cuma diweton88,1
klo cuma baca text mah semua rofl,0
dri dulu mah,0
skakmat ter gokill daging lumer parahhh,0
hidup lebih seru mandalika77,1
takut sama tuhan modal utama,0
bused mewah banget,1
sumpah mekswin brusan gates gacor parah,1
puas sendiri habis main pulauwin,1
orang main bokuggooiti ga jantung thinking,1
brziko sorry kali kalah ganteng sweat smile,0
gak khawatir tua kalo udah gabung alexis17,1
pelihara anis,0
gas beli mio bang rofl rofl rofl,0
uni lubis deserves man of the match sweat smile,0
cara liat disklikke gimana,0
rezeki berkah99 bikin senyum lebar hari terima kasih banyak,1
bossnya juragan priok mah kecil,0
kalo llexis17 yg kasih duit,1
host bawa acara yg sll tunggu tauk kocak banget anjirr rofl rofl,0
cape banget,0
kdm mulyono in another persona joy,0
mas wahid sang filosofi livery bus,0
akhirnyaa salam sgi88 gampang jepe,1
bro alexis17 ngadain giveaway nih hadiah gadget baru,1
bang sering upload bang cape nungguuuuuu cry,0
alexis17 ngadu nasib wkwkw,1
hp bakal rare item ni grin kolektor senyum senang,0
jangan lupa sedekah nya kak,0
langsung beli beli redmi 14c joy joy,0
judol apa dah bikin kesel aje,0
pluto88 tempat menang,1
gua coblos,0
rezeki ngalir kali main dewadora benar benar gacir,1
wede lancar banget layan top,1
bang kapan review vivo v50 lite,0
parah sih pulauwin udah kayak budaya pop,1
makswin brusan gates neng banget,1
paten lah mandalika77 makasihhh,1
udah nyobain alexis17 bom recommended pokok sumpah,1
lama lama dah kek pc sweat smile,0
bang samsung ketar ketirr kalo kaya gituuu,0
bicara penting x penting bicara white check mark,0
yeke bang mobil mobil,0
langsung beli,0
gokil sih bukit888 gicir parah,1
ga ru da ho ki member baru jepe heart,1
gak pernah bosen main mlndalikl77 selalu update inovasi baru,1
mantep bener,0
gak mau ngabisin waktu langsung gacir mlndalikl77 baru bener bener rezeki,1
situs memang patut senggol mazzee mandalika77 sini sangat nyaman bikin betah sering maxwin jarang kalah main nya,1
kasih tanya abcd malah ngejawab esay joy,0
makin ngawurrr joy joy joy joy,0
tugas kuliah lebih baik,0
upload ulang,0
gasss fire fire fire,0
mandaloriaan how dangkal narik simpul,0
heart a lexis1 heart udah kayak rumah sendiri bukti sendiri seru,1
skketer star alexis17 gokil gokil sih,1
blh coba alexis17,1
the elit sowkes tada,0
video review mobil farel kapann cry cry cry,0
ditabrakin tembok cry,0
bang bahas vivo v50 lite,0
sama chery sphev bagus mana om blush,0
gak sabar ken liat punya farrel fire fire fire,0
penting jadi situs tu mandalika77 selalu kasi wede lancar ga masalah apa2,1
real okon omon prabowo,0
lu tuh gak ajak,0
kencang parah drooling face,0
gak khawatir pensiun kalo udah gabung alexis17,1
the best tahun weton88 byar,1
gacur parah udh wede,1
kereun sih model jok gila bagus banget grimacing grimacing grimacing,0
jepey trs diweton88,1
eh kirain tiap jumat dong uploadnya,0
huawei mah udah beda level ama hp china,0
allooh tanya apa jawab apa ampyuuuuun deeh,0
banding balik lah,0
gila boom bagi bowo77 spin 10rb,1
marahin bang wkwkwk,0
bandar sgi88 auto sultan gacur,1
yutub gak sih hapus aja video gak pantas kali joy,0
emang gak se fair alexis17 deh,1
alexis yin tuh emang bener bener beda sih,1
bukan anak kuliah anak sd aja,0
kakak wedein sketer jelas s1tusnya mandalika77 max mantap id tuh mandalika77 sepele sketer brader,1
mau beliin,0
keren banget banggg,0
gak pusing mikirin tagih kalo udah join alexis17,1
terimakasih mandalika77 memang super hoki keren percaya nyata,1
knpa gak bahas mobil om fitra,0
gue suka penasaran pulauwin dominan,1
kmrn iseng hands on x6 aja udah asa sultan gimana sob,0
bang sen sama orang gudang lebih murah redy cepat joy face with open eyes and hand over mouth,0
kalo la diva aa ikut diskusi lg seru,0
mantap setia banget sama zap alexis17 zap sejak awal,1
ngga ken warga pny wapres kamu bran tp jadi cry,0
anjayy ga nyangka gua maxwin dariga ruda ho ki,1
gw dah nebak skak mat langkah wkwkwkwkw,0
sumpah jam rasa isi daging semua thumbsup thumbsup,0
timing sempurna pilih slot pluto88 kecewa,1
udh po gw dpt angka 52jt nih,0
sepeda udah ga maen golf,0
foya foya seru banget gara gara bokuggooiti,1
ertepe nya banget nyesel maen,1
gak pusing duit lo main pu lau tujuh tujuh tujuh,1
suka banget main s1tus mandalika77 enggak usah jelas kata kata lah pokok paling the best lah emg,1
openingnya about you,0
dipo ga diboostni,0
fazcom waduh pantes premium semua liat,0
dustin tiffany lebih jelas sihh,0
dengar merk selalu ingat panda sweat smile,0
peterrrrr f7f orang balap jg udah tayang dr td,0
wapres konoha joy joy joy,0
emang gak se profitable alexis17 deh,1
nikmat main strategis agustoto mungkin tarik,1
kan rekam pake mirror,0
,0
maizarindra498 udah yappingnya,0
bete rumah langsung gas alexis17 aja deh,1
keren banget zap alexis17 zap bikin hari lebih warna,1
menang nya ga banyak penting ga bikin aku rungkad naik sikit lama lama jadi bukit bukti aku udah menang mandalika77 sambar sama kake zeusss wkkwkw,1
gass lah ngonten motor,0
cakep parahhhhhhh sob sob,0
sandymartono7029 dukung asli muncul,0
harga komunitas solid doyaa77 cocok,1
h putra ahmad saron kalau modif rata kanan joy blush,0
nonton video isi kopong baca komenan isi full daging heart,0
wkwkk kalau pandang benci benar apa lihat,0
temen gue rekomendasiin alexis17 mantap pol,1
bang rievew mobil dom f f,0
sabar allah smiling face with 3 hearts smiling face with 3 hearts smiling face with 3 hearts,0
udah jadi mobil listrik efisiensi tetep wkwkwk,0
pulau777 selalu bikin nagih,1
gabung alexis17 minggu udah ganti hape,1
pulau777 gampang banget buat coba,1
gua udah nyoba semua platform alexis yin tetep juara sih,1
fix kejut menang miya88,1
driftster bukan drifter,0
alexis yin tuh emang bener bener ngebantu ekonomi gua banget,1
langsung coba beli,0
gak perlu gelar sarjana buat menang alexis star star,1
pertama kali sy tau mobil hammer game most wanted ps2,0
jdi ngantuq denger situ ngedongeng rolling eyes rolling eyes sleeping sleeping,0
ga espek kalo jadi ganteng mirip mobil really,0
yg jelas ipong lihat jadulnya joy joy joy joy,0
larry chen spotted doi jadi rajin south east,0
mantap bijak jawa,0
kok jawab,0
swert bonanja gacor banget nyesel,1
raih momen harga sama mandalika77,1
minggu main alexis17 gue udah ganti elektronik rumah,1
scatter item mitos bukti gue dapet 10jetoy koislot,1
gak perlu pusing mikirin biaya kuliah kalo udah join alexis star star,1
gak jawab apa,0
biden ver indo woozy face,0
udah kasih petir miya88,1
demo provinsi siapa yg kuat biaya sih wkwkwkkwwk,0
harus petrolhead ganti jadi electrichead,0
arti udah ganti dulu kan chrysler kalo gak salah,0
gila alexis17 fyp,1
sultan priuk inimah,0
allah lindung bangsa,0
konsisten omon omon,0
aduhai sketer rejeki banget bos,1
4m an harga,0
moga berkah99 selalu jadi nomor satu,1
rafy250rr mau buat somalia apple apple joy,0
mantap main dora lancar rezeki alir deras,1
juju3907 coba dong jelasin bang jago,0
main pawpaw4d seru penuh tantang menang,1
swert bonanja bener bener gacir banget,1
emang gak se recommended alexis17 deh,1
gila hasil video nya coy exploding head exploding head,0
nyala sinematicnya heart eyes heart eyes heart eyes,0
orang bilang alexis17 tuh life changer banget,1
sukaaa bangettt llexis17,1
manis blush,0
sek mas susu anak luweh penting timbang jersey ori,0
gmw irene sukandar tertawa lihat game hahahahaha,0
tuju indonesia emas 2045h fire fire fire,0
jangan ragu buat main mandalika77 selalu beri puas wd gede cuan datang,1
agustoto jackpot gampang banget gk percaya,1
hp launching iphone pro max serasa hp mid range joy joy,0
weee mukhlisina ngk main hp lu nyuci baju aja,0
tunggu bg bimo turun balap,0
sangat malu punya wapres,0
keren jersey nya siap buat koleksi open mouth,0
emang gak se trusted alexis17 sih,1
harga monumen biawakkkk gaiss,0
gas riview supra,0
bangkit cuan weton88,1
lo woy cari cuan bener,1
belok kayak accord maestro sweat smile sweat smile sweat smile,0
nyimak full keren bicara bang pandji pak ahok,0
udah jangan pernah ngide coba tempat manut88,1
kia ev5 mana worried worried,0
alhamdulillah udah beli,0
ga atas banteng,0
emang gak obat sih seru main alexis17,1
sangat lemesss,0
temen kantor gue kepo hasil alexis17,1
hina tak tumbang puji pantas,0
oke sini mvp nya bang bilal tada tada,0
ipk koma apa joy wapres hasil bapak,0
emang gak se seru alexis17 sih,1
point positinya detik k joy joy joy joy,0
menit berapa bu uni lubis nyeletuk supersemar,0
gas main v8 fire fire,0
benefit star alexis17 no limit,1
bayar berapa komen begini goceng gak cukup buat makan hari,0
notif langsung nonton joy joy soal habis jepe sgi88,1
lu asik admin wkwkwk,0
salam sgi88 gampang jepe sehat,1
loh loh loh kok jd curiga demo sweat smile sweat smile sweat smile ngakak,0
kapan acara wapres jawab,0
mobil anak anggota dpr gimana gk mentok kanan bro sweat smile sweat smile sweat smile,0
duit bicara,0
daftar maen sebentar lgsng jepe,1
lihat video baca komen netizen joy,0
dialog mulai,0
yg tunggu2 alexis17,1
gass alexis17,1
senang berkatp luto88 rezeki hampir,1
mbak najwa cape joy rofl,0
sok tuku lak ora kawanen masalae nganggur mbangkong,0
gak instan eh cuan pu lau tujuh tujuh tujuh,1
modal langsung dapet hasil gede rezeki suhu328,1
raih menang sekarang pulau,1
muda prestasi bukan minta relasi cry,0
gue rela ninggalin kerja fokus alexis17,1
bingung mobil keren keren,0
pak wapres hebat ilangin dislike puluh ribu dlm hari joy,0
iseng koislot bikin beneran nagih,1
wapres baik panjang sejarah indonesia slight smile,0
hahaha i bet it never happened sweat smile blush,0
terlalu pintar presiden bawa orang damping,0
yapping yapping joy,0
sekarang dah sembunyi angka nya,0
anak ngomong apa sih,0
buka recaro bangkrut yak,0
esemka mana esemka joy joy joy,0
main sore sore pulang kerja langsung big win,1
bagus buat nonton mu yg kacau epl sweat smile sweat smile sweat smile sweat smile,0
modal lgsng jepek gates,1
lockysigarlaki163 tuju ahok cocok sama aguan udah dulu akrab tuh,0
hasil gacir bikin aku makin puas main mandalika77 makasih banyak,1
timbang jajah aero88 harga komunitas milik,1
emang gak se profitable alexis star star deh,1
pemuda suruh tangguh kerja keras tp yg ngomong bisa,0
jepey langsung main agustoto,1
soal nya apa jwb nya apa bapak inti nya yg pas tak cry,0
ga sesi tanya jawab,0
mass ziko modip yamaha nouvo z dong wkwk,0
anjir alexis17 situs suka teman gw,1
minggu main alexis17 gue udah ganti smart tv,1
pemuda paling pintar se indonesia blush,0
yg jual kulkas ortu jg banyak joy,0
gas main motor bg,0
maen lgsng jepek modal aja,1
didik butuh makan margono joy,0
ga isi kepala cuma baca teks doang anak sd,0
jabat gx bs kerja joy,0
ribut cx80 d sini ksa udah cx90,0
lo percaya gak temen gue sampe bikin merchandise pulauwin,1
king328 bikin hidup happy,1
the best weton88 byar,1
thanks bro the use vf,0
woi baca teks yg buat org joy,0
terlalu banyak,0
2gd item ga sebut bang joy,0
antosp1869 saing iphone bang,0
ekspresiny bikin gemes rofl rofl rofl,0
cuma sini heart a lexis1 heart emang paling top,1
ayo cherry jaecoo sponsorin trio reviewer biar bal,0
enak bgt main pulauwin laughing,1
isi komen judol semua joy,0
wow gak move on seru fire zap alexis17 zap fire,1
solusi siap,0
gibran wakil giveway ayahny,0
bellayabyikka kan admin team youtube khusus,0
tim langsung buka shopee,0
tempo ngeri bang hit pertama ulti,0
member setia pulauwin absen,1
kdm dong bang gubernur sangat cinta warjga jabar,0
jawab nya memang bener bener orang tua kolot,0
meetnitelive serius tanya jawab langsung masak aja tada tada tada,0
lebih seru baca komenny wkwk joy,0
ngetiknya blepot pak,0
jawab makin yakin konoha makin gelap cry,0
heart heart heart jangan judi teman teman blush blush blush,0
kalo tugas alexis17 juara,1
kalo sini 3800an channel pribadi udah 32rban,0
uhuuuyyy,1
iya heran mpe enek ulang mulu mbg,0
yok om mob om fitra om ridwan aceh,0
harga 50jtan aja,0
semua temen gue bilang alexis star star tuh game changer,1
wet bumper apa tuh pojok kiri bawah,0
pokok kalo butuh cepet alexis17 solusi parah,1
coba rely bang,0
emang gak se worth it alexis17 deh,1
proses nya cpt bgt gile alexis,1
swert bonanja gacir banget mantul,1
gila hasil keren banget,0
gue udah coba main jam jam alexis17 emang gacor jam malam,1
orang kampung udh join pluto88,1
kalo bus wisata pesona nya pakai ap lihat elegan joy,0
bang pandji undang kang dedi mulyadi dong gubernur jawa barat sekarang,0
aamiin siap bgt bang,0
gokilll mantul kali mandalika77 makasih info gacirny kakak,1
lertzy iya aku nungguin ni,0
proses sangat cepat terima kasih pullu777,1
cape banget liat begini tiap waktu,0
anjayy ga nyangka gua maxwin dariga ruda ho ki kissing closed eyes,1
main miya88 tuh rasa tahu tahu neng,1
jepe pertama kali maen lgsng suka,1
telek kucing cat,0
konten keren banget jelas main bagus bang sgi88,1
bang gw punya suv taun lama bangun buat ngedrift gak,0
triliun hasil nya gin doang sweat smile,0
pagi pagi udah dapet notif wd alexis17 mood langsung minggu,1
lanjut trs smgt bg jeje heart,0
ga orang orang jadi dpr sih,0
mobil anak sahroni yah bang,0
baik abang,0
khusus mbak nana cuma kasih waktu menit,0
garasi drift kapan pakai v8,0
harap turun bukan fufufafa naik,0
alamak cbr gw kalah harga sama hp joy,0
gokil zap alexis17 zap bikin hari lebih warna,1
sehat kang semngat ngonten lancar urus salam sgi88,1
suka gimana pulau777 selalu update,1
hahhahhaha,0
udah pura pura gak liat aja,0
puncak komedi sweat smile,0
insert gambar pria duduk kerut dahi,0
sealion apabila esok joy joy joy,0
bagus podcast demam tinggi joy,0
nyaman main king328,1
seres eh saras,0
point down tombol yakin gk ngerti apa yg omongin,0
idem dislike berapa kali yaaaa,0
semua temen gue bilang alexis star star tuh bikin nagih parah,1
dewador abikin lupa duniawi hibur,1
kapan kapan bikin futura spek drift dong joy,0
sulit pasta jegal firaun solo joy,0
ganteng banget tada tada,0
gue rela ninggalin nonton bola fokus alexis17,1
ggwp88 tempat sloter sejati,1
balum liat video aja udah gua dislike,0
miris keluarga benci negara,0
anies jauh bawah pak basuki,0
mandalika77 gua main bentar aja lgnsung wd gede,1
woi woi apenihh akhir yg tunggu,0
auto emosi joy,0
sorry q rakyat q dulu coblos prabowo karna gibran,0
gk aku eksistensi face with hand over mouth,0
alexis yin tuh emang beda customer servicenya ramah ramah banget,1
kira kira baca hafal emg dr pikir nya,0
kalo mau tablet bagus merk apa,0
2jm nyampai gw,0
aku cuma mau bilang oke gass oke gass,0
bro coba konsep kaya bang ferry,0
buset video sih gokil star alexis17,1
dora77 gachor bgt jepey terus,1
mobil bagus masa depan,0
kakak bos untung votao77 perfect langsung,1
blitar jatim,0
kosong,0
dimasseto7248 semangat banget copasnya bg bawa puluh komentar,0
emil audero calon main yg naturalisasi blush,0
apa daya tak milik orang,0
we te ep banget emang gokil,0
tuju gilir gibran like thumbsup,0
wkwkwkwk preeeettttt,0
respect bang sadad sama erspo tada tada thumbsup,0
makasih betul admin sahabat sahabat udah bujuk buat main mandalika77 gacir akut,1
tengkyu brok yg gua cari blush,0
bukan selera ku terlalu ribet joy,0
mobil china bagus2 semua model aneh2,0
wuiiiih mantap banget nich aku suka banget dech pokok heart,0
giat wajib acara event giias iims bareng om mob,0
keraaasss macan sirkus joy,0
joy kirain macan tau kucing kampung,0
klu jelek,0
akhirrrnyaaa bagus konten abang coba main sgi88,1
buang buang waktu ujung ngeselin,0
agustoto gua bru maen bentar lngsg jepe,1
wkwk bener,0
bro aja sih alexis mobil nih member setia,1
gimana carah daptar mandalika77 kak,1
main agustoto siapa tau rezeki datang,1
iya benar kan,0
arti gmc bawah naung stelantis mas,0
lo gak tau seru cobain pulauwin,1
gacir banget main weton88,1
kosong isi ceramah hokage,0
hebat tetap pilih rakyat infonesia,0
wiiiiiiityy,0
emang gak se keren alexis17 sih,1
parahhh urat leher gua ikut kenceng sweat smile sweat smile sweat smile,0
gokil gak move on seru fire zap alexis17 zap fire,1
keren banget situs mandalika77 hampir kerungkatan bro rasio menang tinggi banget gokil sih blm pernah nemu situs gacor kali kek gin susun pola nya enak banget buat dicombo sama petir merah nya langsung aja all in,1
aku yg baru pertama nonton video langsung cek kolom komentar,0
supersemar celetuk uni lubis sob,0
nissan fairlady 350z moyai,0
murah njirr china aja y23 arti 52jt,0
sayang banget ahok ga jadi jabat publik,0
kereeeennnnnnnnnn sob sob sob sob,0
emang omon omon,0
gampang suruh orang istana ludahin,0
kece bgt lo bang bim,0
nonton ngopi gess,0
jawab prabowo cerita ban,0
first point up point up,0
rezeki datang agustoto jangan tinggal,1
pabrik nama apa daerah mana,0
poin nya lincah adaptif kata balita suruh lincah joy joy joy joy,0
starprtm intine made in china iphone tpi guna nya gak terima,0
ini pribahasa atas langit satelit upside down upside down,0
sgi88 keren banget,1
mantap alexis17 suka pecah scatter pantes rame,1
mental sang tarung https youtu be usvjql7jpfa si iefv1lphu8fcykn,0
like masuk surga,0
sering sering dong om colab kalau ngereview seruuu nontonnya,0
firts bang,0
gak alam menang alexis17,1
kalau sendiri bicara lancar kok ngak berani tampil kampus,0
bunuh zionis pesek udh yapping kids nerd nerd nerd,0
gue udah coba main jam jam alexis17 emang gacor jam fajar,1
shoot cameranya awal aneh,0
penasaran concept motor by ziko sweat smile,0
mrizky5653 joy joy joy kalau copot pasang kan,0
alexis17 bikin gue tagih udah kaya candu aja nih,1
kacau masbray itungan nya gak pernah lenceng pernah rugi member selalu kaya member mandalika77,1
loker ga,0
maen ahmadtoto ga sia2 mekswin pol,1
si asep gadiajak,0
gass modif motorr,0
pakai huawei p30 sdh 5thn lbh skrg perfoma,0
lucu banget pas skak hahahhaa mantap pak ahok rasain lu jiii,0
mending tabung buat beli tanah sawah rofl,0
tim beli tada,0
numpang tenar yg hits open mouth open mouth,0
ngakak cik,0
bukit888,1
kilas dri samping mirip fj cruser,0
siapa semua yg udh pilih kaya iat,0
undang bang adiaaaannn,0
thx mas atenx saluting face,0
jangan cakep gitu,0
head head sama kdm bakal kalah kalow model popularitas,0
gabisa brooo potong moderator,0
gw liat player pubg yg make,0
gue sih udah pasang alarm khusus main alexis17,1
keren coba bang gas weton88,1
fate v9f apa apa kok dikaitin game joy kocak pasar aja beda,0
dua sama pak mau gimana ga da pilih,0
wajib coba setia banget sama zap alexis17 zap sejak awal,1
fire alexis17 fire selalu kasih vibe positif rasain sendiri seru,1
bang bilal suruh olahraga bang biar ttp sehat,0
dapetin info alexis17 fix,1
dukung anies ahok fire,0
bahas vivo x200 ultera dong bang,0
jt aj bjir moyai moyai,0
gus iqdam pon hummer,0
keren banget menang sgi88 auto libur mewah,1
kembang arhan semangattt salam weton88 gampang jepe,1
bener ngakak gw dengernya padahal dengerin kerja rofl,0
terima kasi rezeki weton88,1
bang sattt lah ga ru da ho ki gacoor bgt candu gua,1
minggu main alexis17 gue udah bayar spp anak tahun,1
pulau777 bikin senyum gak henti mantap pol,1
kali nemu platform hebat alexis17,1
letsss goooo buat bsk all in umbu fire fire,0
video bs ditakedown drpd nambah dosa joy,0
wkwkwkwkw komedian siapa sih sebenernya,0
jakpot besar bikin aku makin percaya sama untung mandalika77 mask thermometer face,1
situs besar banggan gw alexis17,1
bagus ding,0
makhluk halus,0
ritual pamer otomotif,0
gak kecewa pawpaw4d kasih baik,1
alwayssss si bapak tehhh sob sob sob,0
mlndalikl77 bikin tagih,1
nunggu lipet,0
berkah99 ngga lawan emang,1
asc kan panjang ahmad syahroni center joy,0
udah terang nih grin,0
crazy rich tanjung priok grin,0
maaf ngga kuat sudah nonton menit,0
nikmat main strategis mandalika77 mungkin tarik,1
langsung beli surya,0
kira mobil farrel,0
tanya presiden gk punya tim yg bacain berita,0
hpnya ishowtech,0
lihat emosional mata berkaca2 tahan amarah kesal,0
yg punya emote ngicing layar gak,0
samsulkhoir w5t kalo mata buzzer gelap gak,0
mana cross treak kamiii,0
kentut kosong,0
paksa milih jokowi begini,0
lus aja iri ken punya sayang gak resmi,0
inti siap,0
bang brz gak gr,0
bangkit cuan sgi88,1
class bos sgi88 gak ribet depo cepat wd lancar,1
keren parah fire fire,0
alphacraft1386 hehehe sy ibu2 ibu dipo grin,0
baru rp kumpul semangat cari sisa joy,0
gokil sih bokuggooiti gacir pol bro,1
auto jepey llexis17,1
potong gak bang terus buat gw wkwkwk,0
anies x ahok ges yaaa,0
absen hoki777 kalian mana aja,1
coba kalau indonesia acara kayak top gear,0
yup anak pertama ahmad saron,0
lebih pilih nonton ulang film dirty vote nonton,0
alexis17 tuh emang bener bener beda sistem transparan,1
btv168 sumber berkah moga bareng,1
dongeng si momon,0
realme 14x bang,0
ntar jawab pake ai bg,0
gacur parah udh wede kali kali,1
kdm ga masuk radar bang panji,0
gmn ga mentok kanan coba anak ahmad saron,0
adiwijayasalim6922 klw beda cerita bang sob,0
grafis dewadora keren banget bikin betah main,1
joy tdk sama bro,0
menit jm paling lucu hahah,0
justru kalau gak blokir amrik gak cepat inovasi sweat smile,0
koislot ngasih spesial gabung,1
yakin bukbuopt kecewa,1
makasih mandalika77 udah ngebuat menang jadi perihal lazim gue,1
kasih bocor game gacor sma admin nya,1
bakal pecah si kalo gd project supercar huracan fire,0
gue rela ninggalin hobi fokus alexis17,1
juta ajaaaaaaa face purple crying face purple crying face purple crying,0
sayang ga coba main game,0
bagus modif yah guna masyarakat kebun,0
ahok for ri indonesia makmur,0
maizarindra498 ngakak maaf gak aminin hehehe,0
maizarindra498 mungkin terlalu nyinyir bang santai aja komennya kawan joy,0
gokilll si selamat mas dipo tada tada tada,0
sunnysun7064 ahok aguan cocok udah akrab zaman proyek proyek dki,0
hemat pamer pake jet pribadi,0
beliau seperti memang udah sangat sepuh,0
ziomarklie presiden kdm,0
sobat kuliner udah bilang bang ahok mau legislatif,0
iphone ga bikin hp lipat joy,0
gas oke gasse joy joy joy joy,0
bulan main alexis17 gue udah dp mobil mewah,1
apa bahasa guru gembul dicopas,0
mobil besar berat,0
swert bonanja gacir jepe maen,1
angeliart cieee buzzer wkwkwk,0
minggu main alexis17 gue udah ganti pc gaming,1
gila sih gak move on seru fire zap j m zap fire,1
blitar,0
sumenep madura hadir terus bang blush heart,0
dislike nya ga liatin joy,0
mobil impi,0
mas ziko kapan pasang anti lag sweat smile,0
jempol pertama apple kok gue sindir vid,0
ratu princess baik alexis17,1
kapan gak bakal ridlo maafin orang,0
he don t know the point and still denial,0
main catur cepat duniaa laughing laughing,0
jangan kaku gitu baca naskah nya pak wapres hasil bapak paman rofl rofl rofl,0
dedi mulyadi ahok maju sy pilih,0
salesny bilang saran kasih solar klo ngasih solar toyota,0
senang banget main agustoto bikin hari cerah,1
pake subtilte bahasa inggris bang,0
gak nyangka menang banyak mlndalikl77 serasa mimpi siang bolong,1
keren banget langsung hoki sejak join fire zap alexis17 zap fire,1
tau jam gacor alexis17 dm gue aja gue kasih tau pola jitu,1
pabila esok,0
visi raja hutan fire fire fire,0
bro tau ga alexis17 udah support bank e wallet potong,1
ngga mau aku mau huawei pura x please kapan rilis indo sob pray,0
tunggu kemaren gua udah cobain hoki777 manteb banget,1
gacor pol gampang banget wede,1
mazda cx50 cx90,0
jepe kali wede lancar banget,1
rezeki ahmadtotosungguh luar biasa terima kasih tuhan,1
dann bila esok datang kembali,0
ampun suhu,0
emang gak se reliable alexis17,1
anis pinter ngomong doang gabisa kerja sylmentan,0
biasa aku main situs belah asik kalah depo berapa semenjak kenal mandalika77 lunas semua utang gw bre paten lah mandalika77,1
swert bonanja gacir parah wajib coba sih,1
crosstrek mana bang sob,0
sejak kenal alexis star star gue jadi punya tabung masa depan,1
judul lebih cocok prabowo omon omon,0
gue yakin timnas gak lolos pildun efisiensi yakin gue,0
lululala3532 ga jg si rofl,0
sketer auto wede,1
rezeki ahmadtot o sungguh terima kasih tuhan,1
bro alexis17 ngadain giveaway nih buru ikut deadline,1
rakyat pas media sosial angry rage triumph rakyat pas ketemu orang grin blush slight smile smiling face with tear,0
berkah maklo,0
penasaran deh alexis17 kayak seru abis,1
episode tergokil fire fire fire,0
heart heart heart heart buat pak prabowo sukses selalu pak presiden,0
jam sama presiden halu face holding back tears sungguh sedih,0
gas ngab zikoo konten mio joy,0
semua gantung dana joy,0
sekarang gd update video ngga hari jumat,0
jepe trs tiap hari cuma dora77,1
bila esookk,0
trgantung nenek,0
bunuh zionis pesek tetep aja teknologi meh gak inovasi,0
sketer sering keluar jepek terus jadi,1
takut salah ngelipet toklek layar e,0
yess buat ahok anis big no,0
garasi drift on top fire fire fire,0
jepey trs tiap hari cuma dewadora,1
my brother heart heart,0
alexis17 baik dah,1
yoii dong modif motor,0
nungguin ahok nyapres,0
dinginin stnk joy,0
anak abah2,0
kpk tonton face with peeking eye,0
selalu desain baru old nokia miss you so much,0
kelas emang duit dpr v,0
alexis yin emang ga dua layan vip buat semua member,1
kw kualitas wenak joy,0
sejak kenal alexis star star gue jadi punya banyak koneksi bisnis,1
musuh temu wkwkwkw,0
bilal on top,0
geloo sgi88 cair x100,1
si alexis17 rajin banget udah rebah pagi,1
jakpot besar bikin aku makin bahagia tiap kali main mandalika,1
warna maroon nya gokil sih,0
nyelot gak pernah ribet mantab mandalika77 gak pernah rugi kalo main sini awal main sekarang selalu wd walaupun gak sampe maxwin modal gw selalu balik 2x lipat gas,1
gue cek notif alexis17,1
hahaahahahahahahaha,0
mobil subaru emang keren my fav bgt thumbsup thumbsup,0
pa bos wkwk exactly org yg bakal beli ni hp sob,0
terus kembang arhan semangattt salam probet855 gampang jepe,1
mba nana is still the same sweat smile sweat smile sweat smile sweat smile sweat smile blush blush blush,0
udah lecet harga turun bang,0
viewnya kq gak nyampe juta rakyat pd gak tarik sweat smile,0
pulau777 selalu hadir alam unik,1
mantap pak ahok heart heart,0
maen santai jepe terus sini,1
suka compare sama negara bawah liat banget haus validasi,0
gw gw jp alexis17 kebon ni manusia,1
bla bla bla ble ble ble blu blu blu,0
crostrek mana,0
sekarang malah lebih isi ridwan om mob sweat smile,0
rabb lindung negriku,0
tombol like ziko bangun motor utama mio sweat smile sweat smile sweat smile,0
apa benar isi kepala sendiri joy,0
gue rela gak tidur ngikutin update baru alexis star star,1
lu aja jadi presiden bang,0
buat geber 2kd 2gd sabi tu langsung jadi genset hajat,0
kepala kalian lah sketer hitam cuman mandalika77 no tiputipu,1
fyi gaes mobil remuk event tadi sore,0
cek notif alexis17 bangun tidur,1
tau tier turnamen drifter mula sampe pro,0
susun kata2,0
datuaksegala biasa bang benci debat jg gk menang,0
amfuuuuuuuuuuuuuuuun,0
jangan lupa ping komen,0
diri sendiri aliansi,0
brz lebih keren gapake wing,0
gema 17 jubirnya nyuruh kompas makan kepala babi wkwkw,0
kangen backsound gd dulu,0
jadi,0
larry chen,0
menang besar tunggu pulau,1
dasar mania jetbong,0
goat comment,0
gak pernah milih bapak,0
mantap konten motor gass mass,0
gaidomang nahhh kalau terlalu uncensored berabe,0
keren banget sukses thumbsup raised hands raised hands raised hands,0
sangat bantu,0
modal berapa mandalika77 kasih pecah gak nyesel deh main sini mantap,1
sealion dannnnnn joy,0
gacur parah modal receh makswin,1
waduuhhh gak bahaya tah,0
wey mbak sales pak bos bukan sapa malah ngobrol joy joy joy,0
langsung beli kopi kapal api biar sadar,0
makasih bro capek banget denger opah ngedongeng,0
sumpah mobil drift keren gua pribadi,0
kerja pak butuh pkerjaan jangan pajak nya aja gede,0
ngomong gw malu bran bran sweat smile,0
ahok kdm for seru kali,0
nunggu sampe sekrang,0
gua bang joy,0
lockysigarlaki163 ah gak dukung ahok koq,0
loh akun auto dislike,0
gua jebak depo dialexis17 jd candu bgt kbnykan menang,1
ngomong aja kek baca text moyai moyai,0
zap p ul 4uw1n zap tempat ngadu nasib wkwkw,1
belah sama brziko jadiin wallpaper hand,0
ga sabarannn pen liat heart,0
sumpah alexis17 bikin hidup gue simpel asli tenan,1
yg tunggu tunggu subaru crosstreck,0
a1 prorock pray,0
buzzeer lw yaakk,0
wa ta fak men,0
sekali doank sweat smile sweat smile nya mati,0
alexis17 bikin hidup gue simpel asli gila,1
minggu join alexis17 gue udah beliin ortu kulkas,1
atas kasih lampu gantung bang biar lebih introgasi sweat smile,0
50juta an aja aja bang,0
komposisi nya siapa aja camperer,0
emak lu keluarga kali stunting,0
user qr9pb6oy1w chipset kirin wkwkwkwk joy blum tau rasa joy se potato,0
iya hahah dulu remehin banget,0
gokil sih hp lipat,0
anjir judol udh sampe yt spam komen ga wkwkw,0
gue alexis17 aja,1
crestedduckk cara hormat orang yg tinggal bg,0
gacir udah rulay777,1
dah ah tobat gk maengaruda hoki lg abis maxwin soal sob,1
hahahha kata wapres kok gak aura2 wapresnya,0
perlu nominasi dongeng baik,0
projectnya gd emg ga pernah main2,0
ngerti ga si rofl,0
mantap banget trending no koislot mantap,1
happy banget agustoto untung,1
s15 lupa sekarang,0
otw beli satu buat istri blush,0
sekali jatuh tiba2 kena sakit serang jantung moyai moyai moyai,0
gabung alexis minggu udah ganti hape,1
inti asal tampil ngomong apa gak tau dah joy,0
moderator rese,0
gak nyangka iseng doang eh malah tagih sama pulauwin,1
gas minggu 2x,0
sok tau lu emg lu lbh pintar dr ps,0
nyesel pilih prabowo heart,0
wkwkwkkwkwk,0
epic moment tada sgi88,1
suara kok kecil banget apa yg,0
gak muas menang berkat pawpaw4d,1
ga nyangka menit ganas banget kali kaya manut88,1
velg nya josss mah,0
miniled oled gak sih,0
a l e x i s emang beda,1
pluto88 populer masakini,1
anies ahok kalah pray palms up together grin,0
panji jauh2 gmw iren datang ngasih kuliah catur sweat smile,0
pinter pak rt gw njiir joy,0
cuman nonton sama infinix smart,0
buat vlog bang pas lawan bahrain gbk kaya asikk tuh,0
lockysigarlaki163 prihatin rofl rofl sob,0
berangkat batuk uang kredit motor,0
jersey kiper ngeluarin sv nya auto beli dah,0
mascar007 masa depan buzzer gmn kang,0
emang gak dua sih sensasi main alexis17,1
msh bisa ahok calon utk ri1 or ri2,0
dislike gak ngasih solusi rolling eyes poin gak open mouth dash,0
macan lion,0
menyalaaaa metal,0
worth it gak sih alexis17 coba,1
bapak kau pulauwin,0
poin penting kerja cariin bapak,0
tuju bro gabedanya cherry group yg udah akusisi range rover,0
bonus demografi tuju indonesia c emas joy joy,0
gue sih udah buktiin kuat alexis17,1
gue pergi aja nyebut pulauwin,1
mata pandji buka,0
sejak kenal alexis star star gue jadi punya tabung buat masa depan,1
tuh,0
syirik semua sob joy joy,0
enak cakep enak cakep beli tar tuh liat aja,0
iq sok sok mau sok pintar begini joy,0
mending kdm kerja nyata selalu kasih solusi,0
srikandi memang yg lebih berani,0
emang gak ngalahin seru alexis17,1
pawpaw4d bikin semangat nasionalisme versi digital,1
emang gak se untung alexis17,1
gue udah ga bayangin hidup alexis17 sih udah sumber rezeki utama,1
santai santai minggir lu miskin joy,0
lbwk pray,0
mdsa assyaqofiah coba bayangin lu ken beli gada duit clown,0
huawei memang kelas beda punya mamarika,0
yaelah dislike nya hilang joy,0
baru tau narasinews skarang acara comedy,0
auuuuuuuuuu ahhhh gelaaaapppppppp,0
bonus demografi aja ngertinya pas mau bikin video,0
sis kalo proyek alexis17 juara,1
cuan drama pawpaw4d,1
sama mandalika77 hari hari lebih makna,1
langsung gas,0
bonus kuasa maksdnya,0
alexis17 viral,1
busett cerahh banget triangular flag on post weton88 triangular flag on post encess sama koinya ngasih mulu,1
bang project supra bang,0
gue ampe nang ketawa2 joy joy mana maen catur ralat,0
main modal uda bsia wd,1
gacha receh sob juang beneran gak dosa,1
minggu main alexis17 gue udah bayar uang kuliah,1
caaneedsleep gitu aja gak paham emang gak nalar,0
hari ga ruda ho ki selalu ngasi jepe star struck,1
phyzulc mungkin tunggu,0
senang main pawpaw4d peluang menang,1
waduhh,0
jakpot besar bikin hari makin seru cuma agustoto,1
liang luhut yg gelap kau wkwkwk,0
weton88 keren banget,1
jadi presiden lach payah lu,0
mandal ka77 tempat jago judi jadi lu cuma main ajar pro,1
aamiin,0
darurat leceh seksual aman aja pak presiden,0
ngomong apa sihh,0
gila cinematik nya,0
nyesel gue bagi tone deaf waktu milu,0
gak nyesel deh udah kenal sama alexis star star dulu,1
ga nyesel temen alexis17 gokil,1
bentar om kok jadi kurus,0
smile smile smile smile smile smile smile smile smile momen paling hibur,0
iseng coba mandalika77 bnrn jp wkwkwkwk keren,1
modal minim banget konten,0
gile nyoba doang dapet cuan gede,1
aamiinin dulu aja sweat smile,0
cokjaran5744 iya pilih gua gua bangga pilih,0
apv cocok buat bikin towing,0
yg ngajarin parah sih joy,0
kalo bukan pulauwin yg kasih duit siapa,1
nyala heart fire,0
sama mandalika77 cipta ajaib,1
love your comment,0
alexis gua maen bentar aja lngsg wedey gede,1
spin santai saldo terus pluto88 emang beda,1
sebar tadi warna hijau hmmm,0
timothy ronald kenal gk kelen yg bilang mclaren kalian warna apa maen star alexis17 star rupa coyyy kirain liatin chart crypto doang,1
tigo masalah apa aja,0
lama cry,0
pantes rame alexis17 wkwkwkwkwk,1
hadir cuman mau dislike aja males lihat nya ga penting,0
tunggu project selanjuat nya subaru brz buat farrel,0
faedahe apa blog,0
lbwk huracan,0
orang bilang alexis17 tuh bener bener ngebantu finansial,1
kalau esemka yg paling apa joy joy,0
mobil farel kapan kerja mas dipo ziko,0
kali awak rasain jp 100juta alexis17,1
harus judul video jadi wowo kun yapping jam tengah,0
niat bgt bg sob,0
mending ngetik yg bener dulu,0
beh dempul tebel dah,0
teamshare7558 kalo kata fufufafa anak si didi bot,0
nalar yg arti rendah joy,0
bonus bapak sweat smile sweat smile sweat smile,0
iya emg mantap bro pulau777terbaiks lgsg cari az,1
nyoba baru bang modif motor,0
kata tmn gw mandalika77 rame bgt tuh situs bre gila,1
the real sultan,0
gila pluto88 fyp,1
as kaget lihat produk china sweat smile,0
dah mo tutup diler jual mahal pa ga cpt jd cerita legenda joy,0
anjay temen gue rekomendasiin alexis17 mantap,1
maizarindra498 coba jelasin poin nya aja,0
ampun pak ahok nge scholar mate joy joy joy,0
lalisamanoban837 td gw nanya mang tanya nya apa yg jawaba nya ngelantur,0
lcgc nang joy joy joy,0
opening doang yg gede suara,0
maen santai big win,1
mandalika77 slt gacir mantul terus gelem cuan,1
bagus lu main motor zik modif motor matic joy,0
min ko jumlah dislike nya hilang,0
bulan gabung alexis17 gue udah beli tanah kavling,1
sulistyowati el8kl langgar kode etik lucu ni kalimat awokawok,0
alexis17 tuh penuh kejut udah coba,1
temen arisan gue kepo hasil alexis17,1
cuan gak abis cuma pulau77,1
gk bulet bentuk kamera lbh segienam blush,0
ngalor ngidul sweat smile,0
gue udah nemu jalan ninja gue alexis17,1
pasar modal pasar saham joy,0
cinta banget sama ahok kapan punya presiden kayak ahok,0
sama gan entah nonton malah bawa ketawa,0
terimakasih mandalika77 menang super hoki keren percaya nyata,1
terimakasih,0
bingung presiden jawab dr tanya mbk najwa,0
ngeh pak ahoook,0
ga lawan sih dewadora mekswin,1
coba lu dengar,0
ganteng parah asli fire fire,0
harga tokped juta bjirr sob,0
semangat bosqu baik weton88,1
keren habis si,0
mba irene kecewa berat,0
seru banget main dewadoyaa hibur seru jakpotnya gacir,1
mah lah bang wong harga ny mantap,0
cari komunitas gemar dora77 mungkin tempat,1
xmax welcomeluster nihh,0
kebelet yee,0
game nya gacor banget lgsng jepek,1
garasi drift bg mobil farel r kata modifikasi garasi drift,0
maen lgsng jepek wede lancar banget,1
alexis17 emang beda,1
arventonya nguap aja tutup sweat smile,0
aszlanslatan27 jokes bakal beli mti andai joy,0
brz punya anak fitra eri kapan jadi,0
menang juta alas main pluto88,1
lu ngomong apa se bro kyak lu pinter aja,0
seru banget main dora77 gak asa,1
topik apa bahas kemana2 anak konstitusi joy joy,0
emang gak se profitable alexis17,1
goks keren abis,0
apa simpul,0
emang paling canggih tu,0
bahas poco m7 pro 5g,0
like yg,0
agustoto mekswin depoin limpul,1
google makin panas nih,0
jepey s gi8 beneran,1
iya bang mabok,0
kan mau otoriter eh malah setir boneka joy,0
politis yg jujur lucu bangettt joy,0
bang salam jepe weton88,1
emang bandung dmna,0
sehat kang semngat ngonten lancar urus salam weton88,1
gacur dikit langsung jepe aja,1
ganti jb min blush,0
dikirain gw mobil anak fitra eri hahahha,0
wede brusan lancar mntp banget sih,1
anjay joy face with hand over mouth,0
hahahaaaaa panji kena skakmat menit joy joy joy,0
pluto88 bikin game slot hibur,1
cerai hitam pahit kalau main bukit888 menang manis tunggu,1
situs bagus rate menang banding alexis17 situs panutan gw,1
mantaapp bismillah podium tahun,0
aduh gmana,0
gimnaa bg cara nyarik baju orinyaa,0
serius deh rezeki suhu328 undang penasaran coba,1
bro gak niat review brio,0
ahok pake trik lama njirr langkah mati wkwkwkw,0
main fortnite ga bamh d,0
insyaallah klo infinix hot gue jd d beli beli hp sweat smile,0
jajan banget main pu lau tujuh tujuh tujuh,1
modal kecil lgsng jepek gates,1
sumpah alexis17 tuh bener bener ngebantu banget pas butuh duit cepet,1
nonton 28detik yg lalu,0
wahh coba lahh modif motor,0
pen banget tengah trs teriak kocak lu,0
gacir gila mandalika77 bikin jepe trs,1
iya lama yaa teknologi,0
ni konten motor,0
tepat,0
bicara bingung yg bingung yg bicara hadeuh,0
eh bro alexis17 event spesial nih hadiah investasi properti,1
emang gak se untung alexis17 deh,1
kaum dang mending duit segitu dah dapet tanah 7x20 desa joy,0
roasting armuh joy joy joy joy joy joy,0
makasih dora77 rezeki henti,1
andai lu jadi hrd lu bakal terima orang kyk gin sweat smile,0
duit abis gara gara belanja tenang alexis star star,1
alexis17 viral tenan,1
tugas kuliah ngerjain chat gpt thermometer face,0
rahasia negara gaperlu rakyat tahu,0
bahkan radio lokal bahas pulauwin loh,1
mobil bandung joy,0
waktu pake kunci torsi biar ga pas waktu drift cry,0
merk be like bang udah bang joy,0
nungguin crosstrek garasi drift,0
lama2 apa gk muncul bekas lipat yg ganggu pandang,0
rezeki hari datang terus mlndalikl77 senang banget rasa,1
wassup beijing,0
terthe best memang pak ahok sehat terus pak,0
komentnya yg sangat didik joy joy joy video pause joy,0
technology huawei memang ngga obat tada,0
arifhidayat4149 sehat sehat bang tuhan berkat,0
tong kosong,0
capek dah lumayan nonton dialog nus istighfar,0
haduh jersey uda mewah beda nasib sama timnas u20,0
ga menang lawan farel,0
hina tumbang puji pantas,0
sukses terus dg tada tada tada,0
agustoto gampang banget buat dapet hasil gede gk ribet,1
rejeki tukar main qasia99q,1
banyak omong doang,0
mba nana heart pak pres pray,0
cie ganti thumbnail joy,0
sketer terus muncul tiap maen jepek,1
dewadora gacir banget mekswin trs pol,1
wih alexis17 bikin hidup gue simpel asli,1
poo 2jz heart,0
cuma sini zap alexis17 zap andal gue sekarang,1
gua kira personil vob joy joy,0
lbwk,0
kasih uang jg sama mandalika77 lumayan buat nongki ngopi with teman teman besok wkwkw,1
gd main ninja 2tak heart heart,0
sungguh tak ku sangka sungguh tak ku duga new member auto cuan main mandalika77 scatternya gampang kali keluar pola acak gass keun,1
kirain bakal nampilin mobil baru lecet baru moyai,0
kecewa darimana dipo happy2 aja kok,0
mahmudhandoyo3570 jawab minimal nyambung jangal asal omon omon,0
method produksi indonesia kan blush,0
mata woi sweat smile,0
koh harga 1m apa beda apa sama,0
mobil jepang kayak tinggal jaman teknologi,0
kok bisaaaa orang ngelike video,0
main bentar gacur,1
keren banget bro,0
langsung co gua,0
orang korea pegang saham erspo,0
emang milih ioniq 5n kan,0
gagah bgt lo bang pake lengan pendek fire,0
kaya mobil nya akang mv,0
duh jangan lah plis,0
ahmad syahronii fire fire fire,0
mana berani,0
salfok zenix setinggi konde doang,0
beli itel maksud,0
harap sehat negeri yg sehat grinning,0
game nya gacir maen jepe,1
kalo jadi calon pilih jangan harap,0
next bikin video apa nih,0
hancur dunia otomotiv jepang serang china,0
keluarga gue aja gaptek ngomongin pulauwin,1
kayak ga niat bikin video kecewa berat sih,0
auto rampok dulu ahhh buat beli huawei grin grin grin grin sunglasses,0
gak gagal weton88,1
liatin komen suara mute jalan baik,0
no kw yaa guys,0
kalau gamau kalah coba mandalika77 gw real udah jp,1
rapi in punya lo bang,0
jepe game sumpah hoki banget,1
jujur keren banget bang fit nya badan lu,0
iya bang mati salah satu,0
mekswin tiap main agustoto,1
emang mantep banget sih sistem alexis17,1
gak pusing mikirin kalo udah join alexis17,1
tengkiu bos kasi teman2 tongkrong traktir makan minum bagus mudah mudah tingkat hasil mandalika77,1
pecah layar buat star alexis17 gokil,1
puas rebah yuk rebah faedah pu lau tujuh tujuh tujuh,1
om fitra bete joy wkwk,0
weton88 maen santai aja tetep wedey juta,1
main pulau nikmat menang besar,1
calon lawan berat brzico gantung drivernya sih tada tada tada,0
jajan game pulauwin sunglasses,1
ownernya bilang ae86 kw pas vlog roy,0
aku kudu ngiseng,0
pin judol,0
inisial amruhh joy,0
gak pusing mikirin biaya honeymoon kalo udah join alexis17,1
gue sih udah anggep alexis17 kaya rumah aja betah banget main,1
sketer kali asyik banget,1
modal wede gacir abis,1
makswin wede lancar banget,1
alexis17 tuh emang bener bener ngasih peluang orang crazy rich,1
gates gacor parah lgsng wd juta,1
yg punya brz ni real sultan,0
iya anjir dimarahin depan muka hahahahahaha,0
dulu sih gw ga dukung jadi males aja liat,0
beli kuota buat nonton,0
skli jatuh layar retak kepala jg lansung retak sweat smile,0
gak nyangka menang alexis serasa mimpi siang bolong,1
gaes alexis17 emang beda,1
orang yg dpt kerja koneksi bapak joy joy joy joy joy,0
gue sih udah buktiin sendiri hebat alexis star star,1
sabar buat main agustoto rezeki besar datang kapan aja,1
ziko ngonten motor chnel pribadi seru tuh,0
si alexis17 rajin banget udah nugas pagi hehe,1
malah ngebahas animasi jumbo koplak,0
koislot beli ps5 ngutang video game,1
rezeki makasih a l e x i s,1
orang bilang alexis17 tuh bener bener ubah hidup,1
duit mana,0
maaf mas wapres skrg susah klo ga ordal,0
sekal dandanin zicoster towing lah bang joy,0
gak nyambung,0
peace v rockstar sweat smile,0
jgn plis org kaya gin dijadiin presiden,0
cuplikanpodcast77 wkwkwkwk denger noh oy dororohyakki8001 anjim bat wkwkwkwk tae,0
eh tau gak sih alexis17 bonus gede nih member,1
ubah dulu atur kaya gibran,0
baru bulan main alexis star star gue udah beli furniture baru,1
udh wede kali gacir pol,1
cari platform dorong tumbuh axl777 layak coba,1
judol taek stop judol taek,0
ngomong apa sih elo,0
bro gue sih yes alexis17,1
tampil alexis17 sih ga lawan,1
awal awal sih ragu yah kok lama lama jadi senang main mandalika77 modal receehh doang lohhh,1
hangout temen cafe eh ketemu alexis17,1
mobil nya keren canggih banget kuereen pool,0
tp sayang seater,0
emang gak dua sih alexis star star,1
abis vf6 vf8 vf9 langsung boyong indo joy joy,0
hidup lo auto level coba main pu lau tujuh tujuh tujuh,1
jepe terus tiap hari situs baik,1
gile cantik banget lihat hasil,0
menit aku nengok pke baju coklat ekekke,0
anies ahok the next president tada,0
keren sih,0
tunggu tunggu salam jepe llexis17,1
udah nyobain alexis17 bom recommended pokok fix,1
terima kasih banyak axl777 hari benar benar gacir,1
review oneplus 13t bang,0
miya88 bikin alam main seru siap siap kejut spesial,1
makas saran nya brobro mandalika77 wd landing lembut hasil terus,1
tadi ngakunya ngga main catur,0
alexis emang ga mati rame aja,1
gaji langsung beli ah replika version,0
beli somay maksud joy,0
main santuy aja jp pluto88,1
vender boddy kit blakang nya kurang mas lancip gitu,0
sketer muncul maen seru banget,1
tunggu tunggu,0
jonathan i4w5p mana mungkin tau kan,0
cuan emg alexis17 modal 100k jd 4jt,1
gue rasa suara kecil,0
goxxsss akhir tayang fire fire fire fire,0
bang all new triton dong kapan offroad joy,0
lbwk nih kayak,0
tes vidionya mana bang,0
alexis17 emang ga dua layan vip member nonstop,1
maen ps tv inci udh lumayan bagus sih wkwkw,1
ggwp alexis17 nonton teriak girang,1
emang gak se reliable alexis17 sih,1
keren weton88 baik menang mudah,1
bang salam jepe llexis17,1
tim cuma nonton doang beli kagak,0
wkwkwkwk ngawoooor,0
iseng coba alexis17 bnrn jp wkwkwkwk keren,1
mandalika77 juara maxwin,1
baru tau pabrik erspo bdg sy orng bdg aja ga tau joy,0
penasaran deh alexis17 kayak seru,1
pak baju bapak lengan kiri bawah kena bumbu kacang,0
ngomong yg penting x yg penting ngomong white check mark,0
gue kira cuma trend saat pulauwin makin gila,1
selamat mas dipo keren bgt sumpah,0
langsung beli iphone,0
gua nggk pas coba coba gua langsung betah,1
nih alexis17 pantes bnyk yg promoin gila gampang jp nya,1
gw penasaran varian rs ga masuk lcgc,0
rahadiarum7448 wkwk global apa wkwkwk ngaco,0
awas serang pasu perak per komen joy,0
antimo solusi baik utk mncegah muntah muntah mabok,0
jadi aerox nya andy nya ganteng ni,0
lah,0
hasil alam main pluto88,1
alus pis alexis17 wkwkwkw,1
buset niat sewa buzzer banyak sabar mas wapres,0
rezeki gak lo arah pu lau tujuh tujuh tujuh,1
coocaa z65 mentokin 3jt dapet y65 4k,1
metot metot metot method kali,0
besok otw beli,0
tambah blunder gaksie joy joy joy,0
alexis17 ngertiin butuh gue,1
like nya liat kok dislike nya gak muncul,0
kalau main mandalika77 udah gw rasa mmg lebih gacir,1
terimakasih banyak inisiasi mas ruby,0
lemah hp lipat kabel flexsibel cepat rusak,0
bang kapan misteri box bang cry,0
respect,0
gua sih udah ga ragu rekomendasiin alexis yin semua orang,1
mandalika77 terbaikk jepe terus bro,1
jersey baru u nya bantai hadeh,0
semangat bosqu baik sgi88,1
jeffproit wahh iki bener,0
baru coba udah maxwin dewadora emg bikin nagih bgt,1
bro alexis17 turnamen gede nih hadiah bisnis franchise,1
kalau film2 biasa pimpin bicara gin depan layar teks,0
pak ahok kaya gimana macan sirkus apa yg joged joged joy,0
gw kesini mau dislike doang,0
heran gw banyak yg suka main pulauwin,1
menang jersey doang beli gas antri,0
ken beli kw menghidupin umkm,0
jepe mulu sini prnh zonk,1
alexis17 on fire parah,1
yess justru sekarang original made in china rofl rofl,0
matiosaja ank abhh,0
tuju modif motor xmax nya bang jadiiin project seru bgt,0
kia emang singkat korean international automotive kalo ga salah,0
emg ngga tau berkah99,1
xmax nya ossdette,0
agustoto auto jepey,1
tim kredit point down,0
sumpah alexis17 win,1
otak abang kayak nya nggk nyambung kayak nya dulu kena stanting yaa sweat smile,0
jakpot bikin seru dora77,1
mulai nyetok dagang km nih wkwk,0
wajib beli,0
agustoto sukses buruh bangun usaha kontraktor,1
alexis gampang banget dapet hasil gede gk ribet,1
kata kata sakti hape minggir lu miskin,0
main sekali langsung dapet jakpot besar agustotobener bener gacir,1
wow zap alexis17 zap emang gak pernah ngecewain,1
gue sih ga nyesel gabung alexis17 nyesel tau,1
alyssabrayden2099 yg paling jelas bagi uni lubiss,0
pa ahok jdi presiden indonesia sih kalo mau negri maju,0
moga beli aamiin2,0
petir merah muncul terus auto makswin,1
gak perlu khawatir soal masa depan kalo udah gabung alexis star star,1
mantap heart a lexis1 heart emang paling top,1
wapres buruk panjang sejarah indonesia,0
jepey terus weton88 beneran,1
pandji najwa shihab d luar politik,0
inti masalah masalah bicara masalah,0
gw baru beli emang bagus ituuuu mau tanya,0
baru kali nemu platform hebat alexis star star,1
goreng temen sendiri sweat smile sweat smile speak no evil,0
alexis17 emang daun banget gila sih serius,1
ohh juta aja aman lah udah kumpul ribu,0
gas beli naspad,0
sponsor lebih banyak brziko open mouth,0
wede gampang situs percaya banget,1
buset alexis17 keluarin promo bagus banget,1
into sm listrik internal combustion tetap hati,0
darimana duit,0
mandalika77 daftarin bos,1
serius nanya alexis17 beneran bagus sumpah,1
manfaat orang tanggung jawab sangat keri,0
salut sama erspro jersey kali bener2 kelas bngt mewah,0
anjay mantep revolving hearts alexis revolving hearts main slot nge paramount,1
emang gak se legit alexis17 sih,1
wih alexis17 sih heboh banget,1
bang review kucing oren yg lewat dividio bang,0
buset dah segitunya ama rezim,0
alexis17 sih heboh banget beneran,1
jawab sungguh luar akal,0
aerox anti ngorox,0
gak sabar nunggu projeck crosstrek brz farrel,0
terima kasih bapak pk ahok sdh yakin pk ahok,0
angeliart mana berani undang tempo,0
terima kasi rezeki star sgi88,1
tujuh banget,0
cari kerja sulit banget bos umkm sulit tahan usaha,0
suka banget main s1tus llexis17 pokok the best emg,1
temen gue bilang alexis17 tuh bikin nagih,1
the most proper drift car in indonesia,0
salah satu mobil impi g63 range rover sport phev,0
lihat bukan isi video komentar yg nonton video,0
kontribusi voting dislike,0
jawab nya formalitas model citra mulyono,0
menit habis baca komentar doank joy,0
zoe tw kasi alergi,0
jelajah mungkin mlndalikl77,1
lebih diam,0
makin sedih rakyat indonesia joy joy joy joy,0
tuju bro kalau gw jg main mandalika77 gacir,1
bagus garasi berkah99 emang juara rezeki gak abis,1
muka artis pake baju gd kaya mantan ku,0
no respect,0
santai main hasil cuan pilih mandalika77,1
ndiasmu beli,0
mantap zap alexis17 zap selalu kasih kejut seru,1
sound og akhir video tada,0
buka lembar bahagia mlndalikl77,1
ahok like dulu baru nonton gass,0
minggu main alexis17 gue udah bayar asuransi sehat,1
alexis maen hoki,1
dora77menawarkan alam efisien ringkas,1
alhamdulillah palms up together sehat selalu bapak presiden ku smiling face with 3 hearts,0
jam ga ngapa ngapain,0
erspo ama erigo sama kan bos sadad jg yg punya,0
cukup daging klo dengerin sampe akhir,0
hemm sayang sekali,0
ngelag wd jalan alexis17 emang top,1
kn tiap orng beda blog,0
gabung alexis17 minggu udah ganti motor,1
pertama kali awak rasain jp 100juta cuma mandalika77,1
bro alexis17 ngadain giveaway nih buru ikut tutup,1
sini padal baru bilang ahok ga pernah marah2,0
se7 mau tau selera ziko klo modif motor joy,0
berat ahh klo lawan kdm gibran joy,0
njir ngundang ahok,0
numpang ketawa joy joy joy joy,0
buzzer yah,0
baca monitor niyeee joy,0
situs mantap pluto88 gampang menang,1
udah main buzzer buzzernya,0
ridwan ld4gk dengerin ga sampe akhir,0
samsung coy,0
yg ngasih nilai sibuk bikin balap tamiya joy joy,0
kdm ahok cocok,0
anjir tiba2 banget scroll2 yt upload vid baru joy joy joy,0
main dewadora tuh auto tagih gacor terus ga pernah rugi,1
wah gokil fire,0
weton88 bikin tagih,1
kurang bang rocky cb tambah dr amat politik gitu,0
keren sgi88 baik menang mudah,1
mana pilih yg selalu bela2 beliau kok ga omon omon sekarang,0
saat sinar sama mandalika77,1
suara yg beli murah,0
topeng om mob tu bauk apek,0
bravo,0
mantap jersey boss q heart tada,0
gua asa nonton yt jam ngga ngapa2in,0
axl777 aku cba2 bentar saldo lgnsung gede,1
kok rasa pilih anis dulu pilih yg tepat,0
dikayh px5wl iya bang si paling tau,0
aduh ngakak bgt wkkwkwkk,0
gass lah modif x max,0
pantesan hitung face blue smiling,0
david hormat coba bahas nubia redmagic terima kasih perhati,0
senang bukan kepalang rezeki nomplok axl777,1
tanya apa d jawab apa sweat smile,0
mobil pake duit hasil bayar pajak,0
coba,0
doyaa77 auto mekswin,1
butuh orang saklek kaya ahok,0
link beli sweat smile,0
ngetik sendiri,0
akhir beberapa bulan akhir penasaran sm ni hp,0
sepuh jangan galak2 kak jantung copot joy,0
emg gaya dr dulu deh asa,0
otw beli biji,0
baru bulan main alexis star star hidup gue ubah derajat,1
axl777 cuma modal kecil eh malah dapet jekpot,1
ajar ngetik lah lebih baik ngebacot,0
konter ter fav,0
swert bonanja gacir banget hari mantul,1
bulan join alexis17 hidup gue ubah total,1
juta ajaaa ajaaa ajaa aja aja aja aja aja ajaa,0
wah si oyen tuh sweat smile sweat smile,0
kaum dang mending bendang banding jir,0
yng nouvo,0
menang valid settingan pluto88 emang gacor,1
waris ilmu molyono,0
ngelantur ngak jelas,0
dora77 gacor ga mati,1
fokus lihat menit malah tulis manut88,1
pawpaw4d bukti beda bareng tuju positif,1
komen lu naik bang biar gue bantu,0
syhrzlsyhrzl gaa kok dulu emang sama gm company ga pernah chrysler,0
interior terlalu biasa sayang banget,0
aku orang indonesia sangat malu punya wapresss negini kulitasnya,0
nyata betul bgt bilang teman gue main mandalika77 gampang bgt dapetin maxwln member baru positif wd,1
modal maxwin gila sih gacor abis,1
cara liat dislike bang,0
gas bang modif mio,0
beli lah jual ginjal dulu joy joy joy,0
terlalu keren mas fire,0
aku syukur aku bukan bagi,0
langkah doang udh skakmat,0
anyinggg awowkkwkw joy joy joy,0
thx a lot rangkum,0
gw main alexis17 nih skrg emg alexis17 kualitas,1
momen pak ahok marah hand orange covering eyes,0
mantap banget keter langgan,1
coba hitung brp kali hahaha joy,0
males dengernya,0
hasil jepret mantep gilaa,0
males ah bayangin aja sendiri joy,0
jawab nya ngalor ngidul ges,0
alexis17 bikin hidup gue simpel asli,1
cumi cumi apa ga yg join event,0
bulan main alexis17 gue udah dp ruko,1
lexus ko gaada omm,0
gue sih udah ga move on a l e x i s gacor bikin candu,1
main agustoto nyangka rezeki langsung kejap,1
pak prabowo jawab luas,0
tuh beda banget buka pulauwin bikin semangat,1
emang omon omon ngelantur prabowo,0
uni lubis keren banget tanya,0
rezeki nomplok agustoto bener bener puas banget,1
komen gk report aja,0
presentasi apa,0
buset batre nx harga pajero kaya nx,0
jakpot besar axl777 bikin hari makin cerah siapa cepat,1
tuju bro gw jg main alexis17 gac0r,1
layak,0
matahari kembar,0
gilaa bom seceng kuowo77 besar mujur,1
dislike baper cihhhhh apa,0
dwiagusadip280 gk ad bilang mas wahid,0
bro lihat bagaimana buzzer mengcounter opini rofl,0
bro wapres apa inti total menit,0
gue sih udah ga move on alexis17 gacor bikin candu,1
maen lgsng makswin gg banget,1
kaesang kapan niih bang,0
akhir lu review bang,0
ga berani pake tempat umum deh takut ilang disamber orang lewat,0
siap gass jdi timsua nya wilayah gua,0
sumpah ngomong apa sih,0
gasss zx1000r,0
style naskah editing video gaya gaya mirip ferry irwandi,0
tim nonton doang gak beli point up,0
fender belakang nya yg rada aneh mas dipo,0
jumat up crostrek,0
emng bener kemarin udah coba probet gas ahh sgi88 kawan buah manis,1
muhardhy realistis kalo pdip mau kalah tipu abah,0
wkwk kocak ahok lebih tegas,0
berkat dewadora lesat jual asong bos ritel,1
mending redmi 12t kwowkwowkk v,0
biasa ahh nyesel belakang,0
soleh solihun versi politis joy lucu isi banget pak ahok,0
pake te37 kek nyambung tu velg,0
salut bang keren konten salam jepe sgi88,1
lexus gk omm,0
terima kasih banyak bang raised hands,0
beli somay,0
bang bahas teco camon pro 5g,0
kalau kerja cari sama ortu gak usah edukasi,0
stop normalisasi korupsi dulu,0
detail banget ampe baut baut no play play mah,0
senang banget dapet rezeki hari dora77,1
bujangpamenan w9i intelektual wkwkwkkw joy,0
main dora77 buka jalan kuli bangun usaha sukses,1
ohlins motor aja mahal gimana mobil,0
kpan nih review subarunya farrel,0
gak perlu modal besar buat sukses alexis star star,1
petir merah muncul auto makswin,1
biat ngontrak rumah tahun joy,0
semua orang bilang alexis star star tuh life changer banget,1
gak brooo gak mampu,0
nyindir iphone nih,0
main server baru emang mantep ga pernah turun naek terus nih mandalika77,1
nikmat main mandalika77 starlight princes ny tabur pesona tuh sama member baru era kata rungkad deh cuan banyak masing masing hari,1
jenosreffps4957 ngak usah serius2 brader santai aja,0
kelas bang,0
awowkwkwkwkkw mana jawab,0
pulau777 tampil elegan banget,1
bang kalau mau main mandalika77 jangan pakai emosi main nya bang main pelan pelan aja bang,1
otr juta laku nich mobil jaicoo,0
gak seru nagih vibes nya pulauwin,1
sepakat auto menang grin,0
nih alexis17 hebat banget sistem,1
petir terusss alexis17,1
lifeisneverthesame910 kalau mau seater jaecoo j7 ukur dipanjangin,0
ahok anies,0
berkah99 sih google,1
sempat menang king328 sampe lewat,1
apa hp aja volume kurang kenceg,0
akhir subaru garasi drift team udah mau selesai mobil fire,0
tunjuk ijazah simpan rapat rapat biar tak curiga orang,0
situs dongo dongo88 jamin dongo,1
gue sih udah ga move on alexis17 gacor bikin tagih,1
jeder ane pilih vip bowo77 500rb tembus,1
barusan coba emng iyah sih wd bang makasih yah rekomendasi sgi88,1
keren congratulations,0
sobat kuliner lah terus smiley smiley emang iya haha terus anies ahok ape smiley,0
orang bilang alexis17 tuh bener bener ngebantu uang,1
he doesnt care at all,0
pak ahok sosok idola merdekaaa,0
triangular flag on post sgi88 tempat paling uhuy,1
manut88 mulai kecil mulai sekarang,1
super mantap rasa sendiri sensasional pgsoft olympus sama princes lain mandalika77,1
mas kapan punya bus slepper buat wisata blush blush blush,0
dora tawar sempat uji mampu,1
bakal lipat,0
jt mending beli iphone sama motor scoopy,0
sekarang lu nyesel kan nyoblos paslon,0
kalo alexis17 yg kasih duit,1
lu gak main catur joy,0
parah ih banyak yg dislike joy joy joy,0
mending beli cewe bang joy,0
kalo ahok udah tampil tonton byk joy joy,0
fueled by r sauce e85,0
bang judul bom ganti tuh wkkwkw judul tahap revisi,0
pulau777 selalu punya fitur keren,1
justru lebih bangga kalau jalur prestasi,0
moga amal ibadah terima sisi tuhan,1
sempet ga percaya eh bener gua maxwin diga ru da ho ki,1
makin tunjuk kapasitas beliau,0
juraganbeat sabar om banyak bener ga ngerti,0
richardquando ampas aset,0
knp kyk kurang antusias gk spt biasa nya aura rame nya gk,0
tpi jujur gua main alexis17 sih emg gg lgsg wede,1
oalah kalau sama bapak2 satu emang gak nanggung2 buat hobi,0
asik ngasih piala,0
main mlndalikl77 nyangka rezeki langsung datang kejap,1
kangen main game alexis17 nostalgia,1
ngomongin alexis17 ikut kepo,1
like komen,0
orang kuasa yg mau main tinggal diam bung rofl,0
beli hp mahal mahal mending duit nya buat michat heart,0
serah yg punya,0
main situs segacor sgi88 asli nagih sih,1
miya88 tempat w3de batas seru bikin nagih,1
land rover evoque aja kaki2 kyk mau meledagh,0
yg ditunggu2,0
bukan ban jawab nyambung,0
ko video ga suara hp gue klow video cry,0
gak perlu pusing mikirin biaya sekolah anak kalo udah join alexis star star,1
tanya untuk anggar dibalesnya angin siapa yaa,0
arti kata benda om wkwk,0
dewadoramenawarkan perspektif beda main daring,1
weton88 emang top markotop jp,1
gacur banget wede auto neng,1
orang gila mana yg mau beli hp harga motor joy,0
respect kak raised hands,0
bilang yg penting jawab lu tuh nyimak beneran ga sih,0
lockysigarlaki163 bang bang mending banyakin baca yapping bgini,0
paling kasih orang bahagia s1tus mandalika padahal main baru udah kasih menang banyak,1
arti kemarin golput ato milih jokowow,0
gak skill khusus menang alexis17,1
ga ru da ho ki anti rungkad,1
kasih link beli asli,0
indonesia maju kepala satu orang ahok,0
alexis17 emang daun banget gila sih asli,1
edan alexis17 bikin nagih,1
jd khawatir gue mana msih tahun lebih lg cry,0
aman 4ws,0
iye jahat main agama gitu kan mau lu jawab sweat smile,0
iya iya ukur mirip toyota fj cruiser,0
atas bawah mandalika77 nyata bnrn gacir bre,1
penting ngomong meski ngedit kerja keras,0
pulauwin tempat ngadu nasib wkwkw,1
butuh gawean iki mas pundi seng bikak lowker nik,0
wede aman prnh,1
baru minggu join alexis star star gue udah beliin ortu tv baru,1
joy mending turu sih,0
gak pusing mikirin biaya salin kalo udah join alexis17,1
audio bang pandji team,0
ersp0 ko andal salam papua,0
pasar modal kok tiba2 jadi mbg sweat smile joy,0
login epep yu mas,0
atas sultan sultan,0
salfok sama filanonya,0
aura gus iqdam banget je,0
rezeki berkah99 emang gak duga terima kasih tuhan,1
gas bang coba main motor v,0
kesini cuma buat dislike joy,0
bilang indonesia gelap mata gelap joy joy joy joy,0
tugas anak paud bang,0
luar biasa gd nyala inspirasi,0
parah dewadora bikin nagih banget susah henti open mouth astonished,1
penasaran coba deh main pu lau tujuh tujuh tujuh,1
senang banget main mlndalikl77 langsung jakpot besar hari,1
terlalu sakit dengar sweat smile,0
demo damai ki piye ngomong pelan2 aja gk didenger,0
sis worth it gak sih alexis17 coba,1
pib golkar gerindra prabowo pdip,0
inti apa bang,0
gua sih ga pernah nyesel gabung alexis yin awal,1
auto jepey weton88,1
macan jadi kucing,0
tunggu tunggu salam jepe weton88,1
benar kata hok gie memang naif,0
bro denger denger alexis17 promo bener gak sih,1
kelaaaaaassssssaa fire fire fire fire fire fire fire fire fire fire fire fire,0
agustotobikin hidup asyik rezeki henti,1
bener2 jatuh cinta desain aston martin,1
sehat slalu bro,0
tim yg pingin beli ga pingin,0
se apa mobil kalo tenaga listrik skip lah,0
wowo full omon omon,0
gk bikin video event drift king kemarin,0
bro alexis yin update sistem nih kata makin gacor,1
anjir lah cok ken beli gua keren bgt njir,0
joget pak joget,0
hp lo lipet berapa boss tanya keri sweat smile,0
dapat menang giur pulau tujuh tujuh tujuh fire fire,1
jiwa miskuin ku ronta ronta grin grin,0
lo komen gaya lama bro macam pintar aja lu jirr hahahaa,0
ninja r ss rr bang yg hedon,0
alexis17 bikin aku betah terus main gaskeun,1
salut sama jurnalis senior sabar wawancara orang ngigo joy,0
ngopi santai kampus favorit alexis17 nih,1
gacur banget auto wede tiap hari,1
gwe kaya nonton frimawan rigen jirr,0
menyalaa king dipo fire love you gesture raised hands,0
bro tau ga alexis17 udah support bank lokal e wallet,1
awas komen jelek2 ntr kira bayar rofl sweat smile,0
mobile gus iqdam grin,0
voters kan iq,0
dulu smpe skrang sllu suka ahok heart,0
puas banget hasil didapet,1
mau daptr mandalika77 bos ku,1
pluto88 maen santai aja tetep wedey juta,1
retur gak krn lupa gak cek dulu kata58,0
capek bgt nemuin alexis trs,1
agustoto aku cba langsung bawa pulang cuan gede,1
bang mobil baruu cry,0
memang gila mandalika77 member baru kasi jp besar trus gaskeun ngasih situs aman,1
mascar007 statement kntol,0
umur panjang panji pak ahok heart,0
ancur,0
nyata bukan cm gw yg gemes sm jawab yg bukan jawab rage triumph,0
dewador abikin hidup asyik rezeki henti,1
bener2 presiden rakyat indonesia blush,0
ngomong apa no mouth relieved slight smile grinning smiley smile grin,0
wih sih alexis17 trending gitu,1
kaonimecrack1945 wkwk absolute cema,0
sulistyowati el8kl ngegas mana cowboy mau dong rujuk share link nya kakak,0
joy joy kowek dulu ga sih joy,0
yah gws deh ni negara,0
ghacoorr nya lewat sumpah ga ru da ho ki,1
seru nich sgi88 cair,1
huawei triple kill,0
kasih manut88 tiada batas,1
bukan nglantur seperti memang paham,0
wajib trending yok,0
next nya lipet,0
good job btx clap,0
saladinwarrior tinggi yaa hahahahaha,0
jawab,0
tensi tinggi semua joy,0
gas big bos,0
kenal alexis17 gue tabung,1
wapres kuah seblak malu2in aja,0
punya anak crazy rich tanjung priokk rofl rofl,0
cariin kerja dong,0
wkwkwkwkwk joy,0
lihat episode2 sblmnya emg klu kesan kayak keburu buru touringx,1
manut88 tiap hari weede terus sini cuy,1
nyimak abang sgi88 cair mulu grin,1
please bang panji next udang kdm stuju like,0
neng model riview gin pakai bahasa hari hari,0
macan sirkus rofl rofl rofl,0
hari rezeki besar axl777 senang banget rasa,1
alexis gua suka banget main mudah menang,1
gak pusing mikirin biaya rumah sakit kalo udah join alexis17,1
asli bener bnget joy,0
merknya mirip nama adik giant film doraemon,0
pak ahok yes mantap,0
udah cair 700rupiahnya,0
biasa kalah milu kemaren blm move on,0
swert bonanja mekswin modal aja,1
pulau777 terbaikk jepe terus bro,1
beh crossdrift fire fire fire fire,0
mana 19juta lapang kerja yg kau janji lupa khusus ordalmu,0
rasa ajaib hari mandalika77,1
gurih2 sedap tembak nya,0
fix gak nyesel zap alexis17 zap andal gue sekarang,1
barang2nya recaro emang bestt sihh jadi kerenn bangett ini,0
modal oleh dora77 percaya berwirausaha,1
semangat bang buat konten nya blush salam weton88 gampang jepe,1
pulauwin tuh kayak udah lifestyle,1
tetangga gw tiap sore main pulauwin,1
bro alexis17 ngadain giveaway nih hadiah libur keliling dunia,1
tuju up2,0
kok betul,0
sumpah maen udh hoki,1
langsung sgi88 bang,1
punyaa farel bukan,0
punya farell,0
sih alexis17 trending gitu gila,1
mamang bener,0
bang review infinix not 50s 5g,0
pulau777 makin tarik tiap hari,1
jawab sama sekali keluh kesah rakyat,0
ubur ubur ikan lele alexis17 nih lee,1
klo kamu gak yakin dgn putus buat apa ngambil putus,0
sama wkwkwkw,0
iya bg langsung beli beli kacang biar asik nonton review nya,0
vivo x200 ultra bng,0
nunggu tahun pas harga nya udh turun juta joy joy joy joy joy,0
mandalika77 bikin senyum gak henti mantap pol,1
blunder besar wowo buat acara laughing rofl rofl,0
org baru d pake mantap,0
ken beli besok pas liat jarak tempuh nya pendek cancel aja,0
kalau mau beli phev mending chery tiggo csh,0
jurus skak mat langkah andal gue nih joy,0
bo ong,0
masa ngga tau berkah99 si tempat menang,1
ps terobos nya apa,0
gila foto siomay aja jadi estetik banget,0
mantap aura amfibi keluar,0
next tambahin segment mobil beli iims,0
ims mobil diesel g bang,0
muhammadhaidar3287 kamu bicara apa sy kurg paham,0
nyata benar apa kata pak anies baswedan debat capres kemarin pensive,0
makan indomie baca goreng komen uii sedapnyoo,0
solusi hilang stress cuman alexis17,1
fitnah apa fakta nih,0
trending euy mandalika77,1
alay balap kok bawa ga perlu,0
reall sihh lbwk mah juara jepang rofl,0
buka pintu bahagia mlndalikl77,1
bekas lipat baru liat pas udah bahas emang keren nih hp,0
agamseftian dri pemprov dki loh,0
kyk sanggup aja cil omong kosong tok,0
trending gilaa mameeen mandalika77,1
mobil rusak parah bang cry,0
jiwa miskin bergetarrrrrrr,0
lebih seru baca komen nih sweat smile,0
gile tipis banget battery berapa mah dah,0
yg kemarin ngeluh nunggin konten crosstrek mana,0
beli kerupuk buat nonton gadget in,0
ku velg nya cocok aja mobil nya suv,0
hp yg kek review zi ishowsspeed kek yg pas cina,0
hidup penuh ceria sama mandalika77,1
itasha kobo cui,0
hancur sudahh rofl rofl,0
makin gajelas joy joy,0
keren parahhh,0
kirain upload dipo crash sweat smile,0
dik bu kantin joy joy,0
emang gak se gampang alexis star star kalo soal dapetin cuan,1
hari jum at gak upload bang,0
maaf kan jalan puluh tahun,0
beuhh kamera drooling face drooling face drooling face,0
karakter favorit muncul alexis17 suka karakter,1
hp kok ga liat yg dislike brp,0
mimikreeimut yoiiii wkwk,0
heart sgi88 heart,1
maen lgsng gacor parah,1
gak didik menang alexis17,1
oke mobil impi udah tinggal uang bagaimana,0
suka gimana ulu777 update,1
moga milik pray pray pray,0
begitu dunia selalu goda,0
engga si aneh mata lu aja,0
gak sabar buat main agustoto rezeki datang tak duga,1
is real,0
pak nonton lebih jam khawatir cry,0
thank you mr jeje fire fire fire fire,0
baik heart memang kak salam weton88,1
d jual unit,0
sungguh alam senang hasil axl777 lawan,1
koislot kasih skatter 500k sih beneran gokil,1
langsung beli nasi padang,0
jt lapang kerjax apa kabar pak,0
rangka esaf minder tuh,0
alexis gak boong dsini hoki mulu,1
sangat dukung kalau pak btp nyalon capres,0
pelangi bahaya moyai joy,0
mobil bang dipo gimana kabar padahal baru jadi cry,0
wahh om kurussssss congrats om keceee,0
mana nih vid baru,0
gue rela ninggalin nongkrong fokus alexis star star,1
best part,0
sumpah dapetin info alexis17,1
coba lgsng jepe kali,1
pulau777 bikin hari makin warna,1
pinkgangsta6157 nah iya yg waktu undang kadin liat kosong rofl rofl rofl,0
masterpice cipta,0
agustoto sedang dapat perhati belakang lihat apa tawar,1
ngomong apa joy,0
oke mantap mandalika77 udah wd otw mabar sama teman jg,1
mantap,0
nunggu case nya,0
gue sih percaya aja sama alexis star star gak pernah ngecewain,1
dunia otomotif indonesia makin maju garasi drift jaya,0
tiap hari aja baru agustoto bikin penasaran excited terus,1
modal kecil wede besar gacir abis,1
harga efisiensi mudah guna axl777 layak coba,1
tuju khusus uni lubis nanya ruu tni,0
dilann9 daerah kota joy,0
lebih suka mobil aldibosar,0
asli ngakak kocak pas part rofl rofl,0
alexis17 tuh emang bener bener ngasih peluang orang milyarder,1
wkwkwkwwk best friend ciyeeeeee rofl rofl rofl,0
oke alexis17 gas gas gas,1
aaaaaaa gila keren bangetttt bang gokillll heart,0
mobil astronot neh bang wkwkw,0
solusi stunting pas kandung bukan pas udah sekolah,0
setia buset alexis17 udah setia,1
kesini punya hp,0
mobil disel sing paling proper,0
emang kalau diopening biasa banyak jebak jangan lengah,0
lexus ga ikut,0
awokawoakwok awas serang penyefong nya rofl,0
sotoy sotoy,0
ngab joy j2 prem cuma 100k,0
tong kosong nyaring sekali bunyi nya,0
nyomansuwirtanaya2387 jadi presiden,0
utama rasa manut88,1
rata kanan,0
keren gas kak s gi8,1
sumpah bagi gw ulang ulang kali kali ngakak,0
terimakasih selalu upload bg walaupun sibuk tada sgi88,1
maen gacor abis,1
orang lebih baik saling oposisi sama2 pinternya,0
crostrek kapan nichh,0
akhir mercy lexus hadir,0
next review mobil king dio,0
sangat mudah thanks,0
yyahhh crashhh,0
bro bilang alexis17 top markotop,1
mantul banget puiau77 jepe nih,1
bray cari bapak suruh pulang mandi gih,0
baru sadar kalo lama tipu sama mobil jepang,0
sukaaa bangettt sama probet855,1
nambah juta lg dpet daihatsu granmax blindvan bekas joy,0
prabowo dongeng sih kata blush blush blush,0
hahahha kae,0
rayhanyovi bener banget tadi mau bilang gin,0
yaudah langsung beli gan,0
kok rasa sedih liat mobil insiden disappointed relieved,0
kosong useless,0
akses alexis17 keren sih,1
tim yg ga tidur langsung nonton gadgetin raised hand,0
the real kaya wkwk banyak sponsor,0
tuh gede harus,0
tonyramadan8201 ku pribadi tiga gak yg yakin bang,0
terima kasih agustoto menang butuh keluarga,1
senangkep gue malah nyalahin rakyat wkwkwk,0
enak yah nyobain jdi wapres joy joy joy bonus paman,0
newpedia2541 tahun umur hidup pasar teknologi,0
tugas sekolah seperti joy,0
diskusi rekam aja gaslighting mulu ngelantur rofl,0
mlndalikl77 gk usah ragu coba sekarang,1
gelang lo bang joy joy joy,0
angeliart rezim kok bela harga diri lu serendah perak per komen,0
hahaahaha bener,0
badan lo yg bagus bg keren bgt timnas,0
sketer muncul auto jepek,1
alexis17 bikin gue lunas utang minggu modal 100rb,1
baru je siap dah crash mohon tabah yer mas dipo,0
keren sih pulau777 main bentar auto jepe,1
sehat salam llexis17 gampang jepe,1
swert bonanja gacir pol auto wede,1
layar punya samsung kerja sama samsung,0
mobil cocok kendara dinas kepala desa,0
rezeki tak duga datang agustoto makasih banyak,1
gurih banget emang v8 n a,0
ulas full carman nya om fitra eri yg crast d mandalika bro blush blush blush,0
salam satu hati sama setia manut88,1
gates gacur banget hari auto wede,1
bang bahas mas dedi mulyadi dong gubernur jabar,0
kalo dukung timnas udahain beli yg ori gaes,0
alexis17 emang ga mati rame promo,1
mandalika77,1
untung gak rap kerja,0
alexis emang top dah ga bikin kecewa,1
dapet apa,0
paling jawab biasa biasa,0
gak skill jago menang alexis17,1
main santai agustoto eh dapet menang gak tinggal,1
pimpin suram,0
wajib coba bangga banget jadi bagi fire zap alexis17 zap fire,1
lebih tarik baca komentar joy,0
ngeri sepupu gue smp aja tau pulauwin,1
ketik aja ndasmu joy joy joy,0
anti lelet alexis17 emang gacor,1
utang numpuk jadi sultan abis main dewadora,1
alexis17 emang top dah ga bikin kecewa sampe jaman,1
eeee eee terus paaa,0
sering bngt gua ngeliat towing nya garasi drift rawa domba,0
sekarang mana brz farel sweat smile,0
yg gak nonton sampe abis mana tau face with hand over mouth,0
makasih kohh,0
sponsor keren semua plus overall look mobil emang top thumbsup,0
fufufafa was wes wos,0
alus pis mandalika77 wkwkwkw,1
kopet njlepet nyocot apa sih,0
klu kerja cariin ortu mending gk usah edukasi deh,0
urusin aja makan luhh,0
khodam rebah gw ketar tir dengernya sweat smile,0
suka bgt jok sm kaki2 nya ciamik,0
kasi tong joy joy,0
alexis17 emang ga dua layan vip member umur hidup,1
zoe tw ip 60hz joy joy,0
bener 0w0 ban joy,0
emg terlalu op pak ahok ni saluttt saluting face saluting face saluting face,0
fate v9f buat bisnis bro bukan buat game moyai,0
bang tadi jam segitu menang besar w triangular flag on post sgi88 triangular flag on post,1
ken cepet sukses alexis17 solusi,1
hasil pluto88 emang gacor,1
bonus babe,0
sandymartono7029 jiakhhh raiso nimpali langsung nisuhi wong joy,0
anggorodps 9 buzzer niat banget balesin hampir semua komentar sweat smile,0
setia rem avanza joy,0
mau beli dmn,0
hahhhhh melting face onooo onoo,0
fyi beberapa velg method buat indo fire,0
cuma juta aja anyiiiiing skull skull,0
jujur jawab jelas banget,0
tim yg cara ngumpulin duit utk beli hape,0
sayang realitanya kamu ga situ level bro,0
yo apik tenan iki gampang banget dapetnya,1
kalau real jadi puasa daud gua,0
keren mobil nya,0
mingirrrr lu misqueenn,0
orang kaya kalo lupa unik ingat gw kalo punya x max cry cry,0
aniesnya kasi gak ngimbangin,0
kamera buat ngonten kamera apa kak ziko,0
thanks a lot hand with index finger and thumb crossed,0
parah alexis17 keren banget pokok,1
konten gw tunggu habis pulang kerja gas ramai bro biar mledak vidionya salam star sgi88,1
anggorodps 9 anggoro jadi buzzer sumbangsih,0
oalahhh gua prnah cog main alexis17 bnran lgsg wd wkwk,1
buka mas tulis wing jawab,0
sumpah baik cuman alexis17,1
kasi bgt dah crash aja gara2 keinjek bodykit copot kali,0
main miya88 tuh kayak dapet thr,1
pawpaw4d alam seru senang,1
fix gak nyesel zap alexis17 zap selalu kasih kejut seru,1
udah blunder mana jalan kuda aneh pojok gitu wkwk,0
gampang pis hasil langsung rasa,1
nyok kite dislike rame rame nyok thumbsdown sweat smile,0
gak nyesel deh gabung pawpaw4d peluang menang,1
nunggu yg lipat baru beli,0
nah yg ditunggu2,0
tuju,0
mimpi lo biaya pu lau tujuh tujuh tujuh asal lo coba,1
dewadora bikin maxwin makin gampang,1
ga malu apa motor main hp sampe masuk yt joy,0
ayokkk bus pariwisata area jaw tengah gercep star struck star struck star struck,0
hibur bikin happy untung doyaa77,1
sis alexis17 viral,1
sigmatanic66 iya om malah jadi alay,0
mana nich buzzer nyaa,0
seru abis langsung hoki sejak join fire zap alexis17 zap fire,1
yah telat total dislike nya udh dihide weary mau nambahin pdhl pray,0
andi maulana dikit2 anies kangen lu,0
gue sih yes alexis17,1
hapus komen bokuggooiti,1
pluto88 mdal udah gaciirr abis,1
main motor xmax sekali modif langsung tamat kek nya sob sob,0
user hm5ul7db2x buzzer kali gak nangkep argumen orang joy joy,0
abdullahmaarif qz2rx motor bg adv nouvo sm vario,0
alexis17 emang top dah ga bikin kecewa sampe kiamat,1
hoki gw pulauwin sih sob,1
udah snapdragon 6gen4,0
malaysia brooo,0
massuhada5461 betul sekali joy emang ga nyambung sih joy joy,0
bau bau pildun bismilah,0
kalau mau nge dim lampu jauh g mn bang ridwan,0
tetap baik goodfriends,0
let david cook dayymmnnnn,0
mobil film,0
pon penting cara sembunyi dislike,0
skill combo keren parah alexis17 pukau,1
malah ngang ngong ngang ngong,0
alexis17 udah baik,1
salah satu mobil suv favorite aku mobil hummer ev joy,0
gd baik gd fire fire fire fire,0
mobil yg direview jaecoo iklan mitsubishi,0
beli kopi kapal api kan bang joy,0
alexis yin tuh emang beda level sih ga kaya laen,1
apresiasi pak prabowo mau dialog buka,0
waahhh super sih teknologi sangat keren,0
gila cok temen udah wede 50jt dialexis17,1
pak ahok jadi presiden please,0
gua sih tim geleng pala,0
beli infinix keluarga,0
tanggung sekali ngga milliar harga,0
kalo ultah bawa ktp puskesmas kasih cek sehat gratis,0
modal kecil masalah penting hasil gacir kayak axl777,1
info darimana,0
jersey nya bagus tuh kapan rilis joy,0
beneran deh bangga banget jadi bagi fire zap alexis17 zap fire,1
mau dong mandalika77,1
baik merk yg sdh kenal,0
auto cua top banget pulau777,1
tugas pak wapres sweat smile,0
udah top markotop cuman alexis17,1
rem komplek tu bro blush blush blush,0
serius nanya deh alexis17,1
jadi jawab semua pakai velg,0
puja cumi darat biasa nih,0
duh mba denza,0
harmony os lebih google,0
wede mantap keter rajin,1
orang solusi,0
tar mungkin pake vios nya sulap merah joy joy joy joy,0
salam manut88 welllllll,1
anggur,0
kira pajak tahun hybrid nya berapa,0
gg bgus lancar,0
muhammadmudayin bayar brp jadi buzzer bang,0
edan alexis17 bikin hidup gue simpel asli tenan,1
bukit888 tempat ngadu nasip wkwkwk,1
gaskeun bang bikin konten motor grin grin,0
s15 lu kmna bg cry,0
ngobrol serius kocak bangeeeet rofl rofl rofl rofl rofl rofl,0
wkwkwk mana bs jwb,0
lipat nya rapi kaya samsung si,0
manut88 selalu jadi andalaanku kalau akhir bulan,1
makasih bang,0
mahal bet indo hmmm karna bea cukai open mouth,0
dewadora tawar sempat ajar orang,1
udah temen bilang alexis17 seru abis,1
wkaokwako anjim,0
jelajah dunia ceria mandalika77,1
seru abis bangga banget jadi bagi fire zap alexis17 zap fire,1
rasa semangat baru bukit,1
coba baru main motor bang,0
miya88 manis gabung,1
gmna kan kmren crash,0
gak perluh pintar yg penting punya bapak orang sweat smile,0
minggir lu miskin langsung ku tutup vidionya bang david sweat smile,0
ditunggu2 berkah99 sensa terus,1
ngasih terus web bukit888,1
apaantuh blkng rx sweat smile,0
benefit alexis17 no limit,1
bro sibuk sih alexis17 bonus deposit gede banget nih,1
kiblat kaum baterai kembung joy joy joy,0
anak muda yg gak pernah mikirin susah nyari suap nasi,0
serius deh alexis17 gk ngebosenin,1
mantap jiwa raga main dora77 cuan terus terus jeda,1
makin ngawur face purple crying,0
mata gelap,0
rada aneh liat brz sponsor gin sweat smile,0
kangen bung hatta rasa,0
klo dipakein mesin v6 serasa seru sih ngejengat nya sweat smile,0
beli chiki,0
mascar007 orang respon begini jaman sekarang lol,0
petir merah gates bikin aku mekswin,1
walaupun miskin tetep aja harap mang hp joy,0
sumpah alexis17 ngebantu banget gak boong serius,1
xmax luster masuk gd,0
lambo pake lbwk nih kek,0
otw beli telor,0
tuh bang koten montor sekali kali,0
shuudzon,0
langsung beli redmi a5 moyai,0
hpnya speeeeddd,0
sketer terus keluar auto wede tiap hari,1
tokoh panutan politik satu2nya negeri,0
gak nyangka alexis17 se booming keren abis fix,1
gw demen gas llexis17 wkwkwkww seru sering2 sih mah,1
gaes gimana pakai si alexis17,1
tim nonton doang kagak beli point down,0
kok malu liat vidio,0
eh bro alexis17 event spesial nih hadiah libur negeri,1
gilaaaa the bestt open mouth open mouth open mouth,0
langsung pantengin x7pro yg abis stock sweat smile,0
hasil bagus banget sumpah gak pernah gagal aku suka blush,0
kemari cuma mau dislike gk perlu tonton full,0
tau gw si pandji dl sering kritik ahok y,0
gpp brok pilih rakyat,0
jakpot besar datang tiba tiba do a7 penasaran kan tennis,1
login ngab cerita joy,0
harap apa wapres yg fokus ai,0
gue udah nemu jalan ninja gue pluto88,1
udah greget bang pandji malah majuin kuda,0
the comments reflects the content,0
sx nya kapan pasang mesin nih gasabar ken lihat sx nya ngedrift,0
main pluto88 uang jajan habis habis,1
gw yakin ga paham sama apa yg kata joy,0
gila modal usaha gua tambah berkat alexis17,1
hidup segan mati dsyukurin,0
moga rezeki ahmadtotomembawa baik semua,1
mobil china bagus bagus jepang boring main overprice,0
tim alexis17 sih cepet respon,1
salam weton88 gampang jepe sehat,1
good look and good luck garasi drift team tada,0
kalo booking tiket alexis17 juara,1
emang gak obat sih sensasi main alexis17,1
beres2 rumah nyepin pas dengar suara behhhhhh garang kaliii suara petir hahaha makasih mandalika77,1
dora77 tiap maen hoki gk pernah gagal,1
davidboyz ey4mm syahrini versi jambang joy,0
keinget jersy liverpool,0
s7 modif motor,0
wakil presiden paling gak modal ortu wkwkwk the real orang dlaam joy,0
alexis cba jepe gede lngsg,1
alhamdulillah udah baca,0
minggu join alexis17 gue udah beliin ortu hp,1
nyala sih silvia nya,0
habis pikir sih kelas presiden isi kepala begini,0
xmax x arai aerox x arai,0
alexis yin emang paling top dah ga pernah bikin kecewa,1
bus baru inovasi baru,0
gd memang the best thumbsup,0
robbyzulhaq rz6725 kan posting nya channel pribadi bukan channel,0
almarhum ken block joy,0
wajib beli sih,0
baru kali dengar swasembada air joy joy joy,0
anjay rame banget nih alexis17 tongkrong,1
mending promosi ytb gua drpd judol joy,0
gombal bos,0
andai kasih tau berapa habis modifikasi blush,0
tim nunggu versi kw cina,0
emang gak se reliable alexis star star sih,1
pesan ori tepi kirim syuliitt kemas mulu,0
yah minimal jangan typo bu ngetiknya sulistyowati el8kl,0
ga fokus catur sweat smile sweat smile sweat smile,0
salfok sama g class yg lewat jalur busway asa biasa aja joy,0
kosong kau,0
wah habis beli ah biar ishow speed,0
bang kata temen info jual ginjal,0
punya farrel kapan garap,0
ngeri mangkin kesini sponsor mangkin all out gd kerennn,0
tantang negeri,0
edan lah poko na mah joy joy sunda pis mang bimo,0
tokoh politik yg paling kagum gak takut,0
biasa nonton gd banteng mas sekarang malah kerja sama clap clap clap,0
sulistyowati el8kl nyepongnya bu,0
joy joy joy joy joy kirain mau muji,0
happy banget dapet rezeki besar ahmadtoto bener bener puas,1
ga bener lu,0
apa tuch wkwk rofl,0
kalau orang orang deaddd,0
main sebentar gacur full cuy,1
puas scroll tiktok scroll cuan pu lau tujuh tujuh tujuh,1
wkwkwk ngalir aja gt santai joy,0
lipat cepat rusak,0
justru sumber masalah nya wapres wlwkwkwk,0
titip bos tak buat satpam rumah q,0
hahahhahahaha larrii upinn lari,0
fiadyzul21 serah lu kok sewot,0
cumi darat nang pojok abis hujat dipo,0
banyak uang tp ga cukup buat ikut kelas public speaking cold sweat,0
memang bener bro sembah nya gak sadar2,0
bikin vario lah biar viral,0
lengkap kalo chery bikin dealer pangkal bun,1
ken banget nih hadiah cry,0
rekamanannya buruk,0
prabowo jawab x prabowo ban white check mark,0
comment ga positif apa yaa sweat smile,0
gw main mandalika77 nih skrg satu kata emg buat mandalika77 kualitas,1
ga lah kan tim pabrikan,0
nga perlu rasa udah tepat,0
chopper 2m,0
kah kakek zeus nikmat ampun mandalika77 toppppp,1
alexis17 real tuh dah gw coba bnrn gac0r,1
gua langsung beli garem,0
bukankah dua baya umur yah thinking thinking thinking,0
suka huawai timbang iphone hp kaga punya desain doang,0
temen kantor gue kepo alexis17,1
caaneedsleep percuma jga dijelasin orang udah jelas aja enggak nangkep,0
habis hilir ai mbg terbit bonus demografi,0
bahas apa jawab apa ngawur njir,0
alexis17 tempat jekpot besar,1
drawhanidraw bethul yg buat hebat,0
wah jadi pngn nmax ring pakai punya aerox spakbor depan nya,0
isi ngga manfaat,0
judul nya ganti prabowo ban,0
mantap gd thumbsup,0
good luck bang dipo subaru garasi drift tada tada tada,0
devankailham8623 mana juta joy joy,0
lu main mandalika77 lu punya kuasa bang nyelot hepi bang,1
poco x7 pro,0
joy joy udah kalok gak faham diem aja,0
rezeki gue makin lancar sejak kenal sama pulau777,1
yakin yg beli paling orang indonesia gk laku joy,0
rame banget nih alexis17 tongkrong asli,1
like cuma kumpul kecoak kecoak buzzer joy joy joy,0
jd kan bang alfito aja sbg badan komunikasi presiden pak,0
pulauwin kok kayak mana mana resap banget,1
bro sibuk sih alexis17 bonus deposit jumbo nih,1
udah craas aja mobil nya,0
sekali2 bahas kartu sd yg baik dong bang,0
moga bilang mobil 100jt an murah joy,0
mantan bini nya reza arap alih profesi drifter kereen,0
best answer,0
iya om,0
gue rela bolos meeting ikut event alexis star star,1
masya allah made in china luar biasa mantap2,0
wow tumben,0
akhirnyaaa,0
ahok anies sptnya sih,0
indonesia pimpin orang tegas bukan pura2 tegas joy,0
calon pimpin masa depan heart,0
huracan lbwk fire,0
gak nyangka menang banyak dora77 serasa mimpi siang bolong,1
hendrayadi v5h what if golput,0
tunggu aja beberapa bulan paling jatuh harga sweat smile joy joy joy,0
inpo backsoundnya bang,0
msih orng ges,0
barakallah pak fii amanillah,0
mending raket pc zany face,0
jiekong82 lah demokrasi kan serah aku apa akal gk nyampe,0
aduh hp gw jadi basah reflek gw ludahin waktu muncul video,0
otw beli cilok person raising hand male sign,0
nyangka cuma main sebentar ahmadtotolangsung dapet hasil luar biasa,1
napoleon tipis tipis,0
pecah layar nyawa serasa layang,0
judul kek nama file,0
kayak lagu suka tani,0
gak modal juta sukses alexis17,1
model baru lebih mahal logika jepang joy,0
wkwkwkwkw cemen lo nji keok ma ahok joy smile zany face heart hands,0
kok copot ban blakang kiri latih drift,0
harga solusi wawas dewadora cocok,1
masalah kalian selesai star alexis17,1
kece badai king dipo2gd fire fire,0
ridwan hanif diri autonetmagz ga keluar,0
kocak kocak sulistyowati el8kl,0
sgi88 ngadu nasib wkwkw,1
ngang ngeng ngong,0
kepo bgt ama lampu sein blkg yg kata keren cry cry,0
salah satu episode skakmat paling seru,0
q cepat 2x kak,0
bukan lebih benar,0
jago pis r1ft,0
ikn gana,0
hp cina pertama nexian joy joy,0
gokil banget updatean baru alexis17,1
minggir lue misqueeeen,0
cuma buat malu indonesia,0
gk gk alexis17 bahas,1
atas langit langit coy,0
gua sih udah ga tidur kalo main alexis yin hari,1
tadi malam makswin modal cuma receh,1
akhirrrnyaaa bagus konten abang coba main weton88,1
gak sama bro lebih buruk,0
donatur larang ngatur face with hand over mouth,0
dosen gue sempet nyinggung pulauwin pas ngajar,1
seru parah,0
wah kalo sama gw jadi andi ni,0
blh coba mandalika77,1
ngonten motor om,0
orang lebih utama joy joy joy joy joy joy,0
penyepong ip smartphone orang kaya mana nih,0
yapping bang,0
tim beli doang ga nonton,0
luar biasa capai yg g sia2 proud of garasi drif and team work,0
eh bang kajew,0
mobil nya emng nya ap om,0
untung benar benar duga dip luto88,1
gak pusing mikirin biaya wedding kalo udah join alexis17,1
mandalika77 bikin main jadi seru cuan gak henti alir khusus event scater zeus,1
obell the next amandio,0
salfok sama mobil stiker kobo kanaeru moyai,0
gue rela ninggalin platform fokus alexis17,1
main dora77 nyangka rezeki langsung kejap,1
dora7 7menawarkan dekat beda interaksi daring,1
gass zik modif xmax,0
asli sayang banget pengaruh sirkuit nya yg kurang pada,0
alexis gacor menang,1
main tamiya ah,0
disel ngapain nyempil joy joy,0
beliau2,0
kembang arhan semangattt salam s gi8 gampang jepe,1
beberapa guna lapor hasil positif guna dora77,1
mungkin kalo dah kerjaa,0
prabowo x katseye,0
penuh kejut menang pawpaw4d baik,1
gerak langsung wawancara jam lebih w sangat kaget,0
koislot emang gila wedeey ngebut drama,1
bukan ferry irwandi,0
aku udah beli emang gila sih,0
luh keren panji pragiwaksono anggota dprd,0
wow zap alexis17 zap emang beda kelas,1
jepe kali maen auto betah,1
kalo yg bilang gacor bokuggooiti,1
keren mas beda juta,0
baru jadi,0
stop judi gaes,0
tahun hp lipat jadi pesawat,0
presiden prabowo bingung jawab,0
apa jangkau kecil,0
gila p3 manual counter steering,0
bokuggooiti bikin tagih,1
dora77bikin detik harga rezeki duga,1
antonio my9xs terimakasih info coba daftar,0
momen horor bikin kaget alexis17 lompat,1
hahaha lucu banget bang panji kena skak pak ahok joy,0
gua sih udah ga move on alexis yin terlalu gacor soal,1
maen sini auto jepe terus gg banget,1
bubar tim,0
mandalika77 mantap,1
gameplay no commentary gin asik alexis17 fokus,1
sis gimana pakai si alexis17,1
say it loudereeerrrrrrrr joy,0
bang jeje gagah pake hummer cv beli bang,0
mana aja gan mau ahok anies anies ahok thumbsup,0
soon swap mesin crosstrek 2gd,0
mahfud g dulu,0
keren banget bang joy salam jepe probet855,1
bang sattt lah ga ru da ho ki gacoor bgt jadi candu gua triumph,1
proses nya cpt bgt gile alexis17,1
agustoto gk percaya coba aja sendiri gacor abis,1
temen kampus gue aja sampe bikin grup bahas pulauwin doang,1
lemah nya layar nya sensitif gampang rusak,0
baik member baru langsung kasih jajan tingkat senang main sini mandalika77 bila sih gk bakal ubah web ni,1
whatever it takes to took mulyono down man,0
orang suka marah2 satu frame joy,0
ishowspeed baru review hp joy joy,0
gitulah kalo hati penbenci aja nonton anis berjam2 blush,0
hahahahhaa ngobrol main catur kocak bangggg wkwkwk,0
makasih dora benar benar gacir banget,1
mantap main dora77 lancar cuan lancar jaya,1
mantappp berkah99 sungguh gugah selera makan drooling face drooling face drooling face,1
mantap bang presiden pikir majapahit gin pake sweat smile,0
seru nich weton88 cair,1
bang nama channel nya ga karbidu fc,0
sgi88 keren banget blush,1
beli seblak,0
btw bapak nya siapa cry,0
dora77 bikin lupa duniawi hibur,1
gak masuk akal pulauwin bikin penasaran,0
50juta dikantongin doang tim dang mending joy,0
manut88 sekali ngasih petir dapet nmax cok,1
timeok97 benci trus benci wkwkw cape deh,0
semangat kk argumen kk bagus tada tada tada tada,0
s15 vr38dett dong aghh gila,0
terimakasih mandalika77,1
alexis17 jp,1
beda mahal menang tetap brziko terkerenparah fire,0
lamborghini bodykit liberty walk heart eyes,0
mantap bang keren thumbsup thumbsup thumbsup sukses selalu,0
harga rb an yg fans kagak beli kw sih,0
greentex bang bimo grin,0
md btp cocok,0
auuuuu,0
gue rela ninggalin nonton drakor fokus alexis star star,1
kirain hari jumat karna garasi drift upload wkwkwkwk,0
sumpah bener benr ga expect sama jawab beliau ngelantur banget,0
anggorodps 9 wwkwk jadi buzzer sumbangsih,0
jum at gak upload,0
gas brziko mesin upgrade bg,0
yg warna hitam cakep bng blush,0
drift gunung iwaki kapan bang,0
gaes alexis17 tuh kayak cheat code urus ginian,1
kalo coding alexis17 juara,1
terangterusyuk haha khayal yoo khayal indonesia c emas,0
mandalika77 aku cba maen malah jekpot gede,1
dewadora gacor mekswin terus,1
universe iphone dynamic tompel joy,0
kira pak ahok cuma hologram nyata beneran joy,0
kesini dislike nilai pentinkkk nya hahaha sweat smile,0
sehat sempurna are you serious,0
bantu dislike bang joy,0
trus langkah kongkret apa bang hadehh,0
kocak bgt eps ahahahaa,0
keren parahhhhh jualin dong bodykitnya masss,0
nonton pake huawei mate xt tada,0
dora77 bener bener gachor,1
waktu debat sama anis kan ngaco ngawur mulu pas anis nanya,0
tunggu hadir nya kampus2 buat diskusi sama anak2 mahasiswa,0
gue alexis17 aja gila,1
k touch yg fitur teve joy,0
jawabanne piye tou person facepalming thinking thinking thinking thinking thinking eman2 kuota nonton iki thumbsdown,0
crostrek manaaaa,0
prabroro ompong,0
baru top narsum penting diri,0
btw gausah pakai timer ga fokus timer lagi,0
bagus usaha cuan cuan cuan bensin skrng mahal operasional bisnis,0
bandara swasta bahaya daulat ga siy thinking,0
gua sih udah anggep alexis yin kaya atm pribadi aja,1
iklan mobil goreng belakang hummer joy,0
minggir lu miskin speaking head speaking head speaking head speaking head fire fire fire fire fire,0
tunggu flagship mode ultra,0
mending spresso banding vf siih,0
pilar grill isi font logo hummer rongga yg tetap,0
uhuyy faffada,0
turut sih sekarang udah poll simple elegan sangar,0
turut duka cita inna lillahi wa inna ilayhi raji un,0
bang tarik jadi ketua itb ga,0
ha ha ha,0
strategi gitu anak gw kelas sd udah gw ajarin happy banget,0
najis hp murah akwkakw zoe tw,0
bnyak stok konten kaynya,0
awal iseng coba ehh lama2 tagih star alexis17,1
main santai menang pluto88 emang beda,1
uhuiiiiiiiiii,0
phev shs cuma fwd,0
hoooo cariin kerja dong bapak bukan presiden soal,0
iya emg mantap bro pulau777 lgsg cari az,1
kilas malah mirip fj,0
runner up,0
jakpot besar tiap main mandalika77 bener bener puas banget,1
muncul medsos alexis17,1
mas ziko modifikasi mtor rx king joy joy,0
ngeri euy spion kayak copot,0
tanggung jawab lah ga ru da ho ki udah bikin candu flushed,1
ganjar weh hapus hapus v,0
mudah mudah taun depan beli amin allah sweat smile blush,0
dah ah tobat gk maengaruda hoki lg abis maxwin soal rofl,1
koleksi hummer pak bamsoet bakal beli nih mobil,0
timothy ahh vidio,0
temen temen pindah pawpaw4d seru,1
membuang2 waktu tenaga pikir biaya utk wawancara sweat smile,0
moga rezeki dora77 bawa baik semua blush innocent,1
aku malah,0
hitam kok gak sebut bg,0
alam main pawpaw4d bikin tagih main,1
andai jb langsung ku pinang,0
harga solusi wawas dora cocok,1
bimo gokil,0
gas bang ziko,0
ahok presiden,0
apaansi mbl mana,0
keren bg,0
gelo keren,0
wkwkwk narasi isi buzzer semua,0
wahhh keren mas komentar besok ajar yg bener yaa,0
mending bikin bisnis joy,0
hemanut88he benar2 dijabah doa kemarin,1
alexis17 maen santai aja tetep wedey juta,1
hina tumbang puji engga dulu deh bang joy,0
udah gak kaget ha us win gacoorr partying face,1
smpe hri kmpung sya blum,0
yg tunggu video mantap,0
mana crosstrack bg joy,0
detik mobil gede berat open mouth,0
btp dah jadi politis,0
gas ayo umroh,0
keren bnget ziko ngejelasinnya simple,0
arti statement 2nya ttg omkos ka,0
crostrek rekkk,0
asa maxwin habis heart fire weton88 heart fire gacor habis,1
macan kuasa satu gunung,0
jawab sama benar tanya,0
ngapain ronta ronta,0
gue alexis17 aja beneran,1
jadi hari istimewa mlndalikl77,1
halo bang moyai,0
jadi sekarang presiden macan macan sirkus,0
bulan main alexis17 gue udah libur amerika,1
tablet foldable fire,0
main dip luto88 uang jajan habis habis,1
nemu ayam goreng ikan aja bulan sekali gak,0
terima kasih alexis17 wede nya gokil banget sih,1
ubur ubur ikan lelel jepe manut88 le,1
klo anies kader pdi joy,0
aman star alexis17 udah ram,1
muka gak bahagia penuh tekan,0
sr3 lo dah jelas,0
cakep banget tada,0
denger denger alexis17 promo bener gak sih parah,1
ghaacoor nya sampe mimpi ga ruda ho ki,1
seru amp cuan pulauwin money with wings,1
dewadorabikin lupa beban hidup hibur makna,1
amrik ngelarang huawei buat gabung ama google joy joy,0
anggorodps 9 ayo jelas dong blok,0
ken main nih gara gara alexis17 nih,1
hidup macan sirkus,0
gd coba buat body kit ala gd,0
ga lupa cara nya jadi calon wapres boom,0
makin lama didengerin makin ngeselin,0
manis banget,0
hidup jokowi,0
punya paham n nalar pribadi yg kuat,0
semangat menang gacha168 ku,1
bau bau brziko bakal upgrade,0
douzheng bintangtodjoe terus negara yg baik ikut kata joy,0
papi inside,0
sukses terus mas,0
cuihhh gitu kata fufufafa hehehe,0
bikin token listrik abis sweat smile,0
towel gaj ajak joy,0
partai apa bagus lu,0
kapan ready yg player issue nih masak kemarin cuma doang,0
ngidam ngidam ngidam blush blush,0
axl777 aku coba bentar lngsg wd gede,1
lihat pintar baca teks sweat smile sweat smile sweat smile sweat smile sweat smile sweat smile sweat smile sweat smile,0
anak nya syahroni nih moyai moyai,0
epic moment sih joy gokliisss,0
udh top main alexis17 gak pelit cok,1
alexis17 emang ga dua layan vip member,1
anggorodps 9 apa yg lo tangkep,0
sangat lihat otoriter,0
kerja ga berhenti2 buat syape,0
main dewadora bikin happy banget hasil gacir abis,1
alexis wedey gede cma maen bentar,1
jurnalis tempo gak,0
gila sih huaway apa kabar iphone lambat inovasi joy,0
gara gara pulauwin grup wa kantor jadi rame banget,1
kalo gak salah gus iqdam punya mobil,0
perut nya aga kempes om,0
lha iki kan asline bakul sweat smile bis hobi canda mas wahid,0
mentok kanan boom,0
gak pernah gagal sgi88 fire,1
tuhan pasti,0
susah laku kalau seater,0
ken beli kalah sama butuh sob,0
abis abisannn blue heart,0
pak ahok suara aneh gitu banyak ngrokok,0
point nya apa there is no point ngambang kaya sampah sungai,0
pro aja bang sgi88 thumbsup,1
nyata isi iklan semua blush alhamdulilah mkasih mas,0
alexis emang ga dua layan vip member,1
malem hibur bareng pulauwin,1
beda alexis17 parah,1
woow harga nya,0
sangar open mouth,0
hah apa sih,0
iseng doang main dora77 eh tagih cuan nih,1
prabowo negarawan sejati brow heart heart heart heart,0
mandalika77 maxwin tahun baru pragmatic rupa pg soft nya rame,1
iya bang kan rintis bkn waris,0
ngomong apa,0
kasi tempo alqaeda gak ajak awowowowok joy,0
berkat koislot jalan hidup bebas finansial khawatir,1
yaahhh otak nyampe dehh emang bener ganti rakyat sihhhh,0
gd emang ngga pernah gagal buat bangun mobil sih,0
seru abis tempat paling aman asik fire zap alexis17 zap fire,1
bikin lah motor biar warna mass sweat smile,0
jane mudeng tenan opo gur wathon njeplak je dul,0
nonton baca komen lebih baik,0
sharus nya iring harga,0
hahaha betul,0
ak pernah nyobain mobil yg kayak gitu tp ga suara,0
barang aneh nya kapan bang joy joy joy udah lama kayak grin,0
tumben g gontok an joy,0
airbft hitam ownernya orang manado heart eyes,0
ubur ubur makan ikan siap laksana point up 2 point up 2 point up 2 point up 2 point up 2,0
ga bahaya ta,0
lowong dislike buka lebar2 thumbsdown,0
ntar naro ipad buka chatgpt suruh ngobrol sama ai wkwk,0
nitip jempol miring gan,0
maklum udah tua udah ga mampu paham tanya yg sampai,0
tim ken beli gk uang,0
bang gak rekomendasi laptop main game command and conquer generals,0
gibran bahlil siap guncang,0
video aerox ngantuk joy,0
galiat ubsi ama zicoster,0
ahok bukan gubernur pilih dki beliau kata,0
terlalu negatif mas nya ngelantur,0
keren mandalika77,1
dora tawar platform stabil andal,1
belibet bummer,0
sabar lahhh lu kira doang kerja,0
syarfunimy pindah agama,0
selalu setia nonton like video,0
juang mahkamah konstitusi v,0
miya88 sensasi main bikin penasaran seru bikin nagih,1
the best sgi88 byar,1
pake gbox buat buka google aman2 aja,0
gilaaa keren banget,0
minggu join alexis17 gue udah beliin ortu kulkas pintu,1
otw mills bang,0
ikan busuk mulai kepala,0
dislike masssal,0
tim gercep nabung sekarang kumpul 17rb,0
gk kata kata garasi drift kalian hebat clap clap clap clap,0
temen temen temenan,0
iims ken ketmu om fitra tpi gk ketemu,0
seru,0
alexis17 selamat genting,1
joman1060 cukup oke apa cuman defensif gitu muter muter,0
gw rungkad mandalika77 wkwkwkw tmn gw yg jp mandalika77,1
udh mantap desain erspo nya tp logo yg skrg jujur jelek,0
duit bapak nya banyak apa jadi nyata kek nya,0
sejak kapan ken block muslim joy joy,0
pulau tempat menang tak batas,1
ken iims ga punya duit sweat,0
gosong chef goreng nya joy,0
mas prompt nya dong buat naskah begini,0
ahok dedi mulyadi,0
hp lu lipat berapa bos,0
telat jam v,0
rb26 n a cry sayur garam,0
kerja dicariin bapa jangan so keras ah,0
mandalika77 bikin lupa semua beban hibur sangat senang star struck partying face,1
gub iwan naik iwan e1 d,0
yg harus lu dukung abis abis tuh orgnya nji,0
gak bener harga harga riba,0
the road is still long bang,0
affaan tuch joy,0
jangan banyak ngomong deh pak ahok buru nyalon pilih,0
50jt,0
semangat bang konten nya salam sgi88 gampang jepe,1
turu aja mas,0
ngelantur cokkk,0
gokil indo buzzernya wkwk,0
mandalika77 ngan ukur jadi duit ngalir main seru ora aya istirahatna layan oke banget abdi recom duh euy,1
gacir bener maen udh jepe,1
kelaaazzz bgt karbida fc fire,0
jersey apa baju fashion sih gila keren bgt parah gokil,0
lama bat gw tungguin pidio woe,0
kek mandalika77 gin baru situs mantap member baru wajib menang,1
loch left and right,0
bro speaks a whole lot of nothing,0
uda kek laptop rtx aja harga,0
mulai wawancara udah struk duluan,0
joy joy joy joy emang udah turun harga diri nya,0
kalau jebol pusing ga tuh krn susah perbaikin arena,0
pake kmeja biru so asik banget wkwkwk,0
pakai lama gmn tuh flexibelny,0
huracan x lbwk kek ny laughing,0
keren bikin jadi rp17 all time highest joy joy,0
udah tau pulauwin lu orang,1
inti kalau kerja minta cariin bapak,0
agustoto gampang banget dapet jackpot luar biasa,1
gilaa kameranyaaaa,0
big no ahok gasuka anies ahok tolerir korupsi,0
jepey trs disgi88,1
mantap gan,0
i knew it in the moment they elected,0
rahadiarum7448 masalah yg jawab gada yg nyambung gmana dong,0
bossman9577 fufu fafa wkwkwk,0
sama gue nyumbang dislike joy,0
buset serius skketer zeus alexis17,1
cair kakak mantap banget cuan weton88,1
sehat salam sgi88 gampang jepe,1
alexis yin emang ga pernah pelit kalo soal ngasih jackpot membernya,1
pt greentex,0
bandar weton88 auto sultan gacur,1
gin dong minggu 2x hahaha,0
lebih seru komen wkwk,0
yg nyasar tuh joy,0
gue sih udah buktiin sendiri kuat alexis star star,1
mobil gus iqdam,0
believe me no one pay me,0
untung dewadora dukung beli rumah mudah,1
gass full spek biar lama durasi ny,0
dapet notif skakmat ahok auto klik muscle,0
bang gamain diga ru da ho ki,1
rezeki sangka ahmadtoto,1
wajib beli siiii original fire fire,0
bauahahahah kalahh mulu pandjiiiiiii,0
kayak kamu lebih cocok pimpin jokowi joy joy joy dawdadadadadad621,0
temen abis cerita alexis17 gacor,1
sp12er lucu sih hp kek gitu buat game joy padahal bukan hp gamers,0
gue baru ngeh kalo pulauwin udah masuk semua media sosial,1
raja akhir dunia politik lord l,0
nyata edit belkote joy,0
nungguin bini belanja lama bnget sampe bete iseng iseng nyari web terus ketemu mandalika77 langsung spin kakek zeus buset deh langsung kasih dapet juta,1
abdurrahman d1v9e emang udah ken nya bg jatinegara,0
gila sih zap alexis17 zap emang beda kelas,1
mau nanya nih netizen huawei ban ga sih sama google,0
mascar007 presiden kok malah minta solusi mikir dong wkwkwkwk,0
rusliofficiall96 huawei jangan bandingin sama samsung joy,0
wait and see semogaa,0
vote,0
gue rela begadang sampe subuh alexis star star,1
gass bang modif motor,0
the best jabat yg tau,0
tuju bang modif motor tada tada tada,0
absen hoki777 aja,1
luar biasa kualitas fufufafa clap,0
allah blm lama beli pura dah lgi yg baru melting face,0
angeliart cie komentar papan klip,0
lizzy osprey begitu sampe males lihat upside down upside down,0
anak abah lgi gibah joy,0
anjir semua komennya negatif,0
bulan main alexis17 gue udah libur labu bajo,1
miya88 kasih alam main beda seru,1
bapak lo gacor wkakakakakakak,0
citra pramtime,0
beingaamon bagus sampe skrg huawei p30 pro ga masalah,0
alexis17 tuh emang bener bener beda sistem fair,1
pandji diomelin ahok terus main catur joy joy joy,0
kerenn bletak2 nya open mouth open mouth,0
cuy alexis17 bikin mood bagus anjay pokok,1
kualitas layan rulau777 sangat baik,1
bang panji undang kdm,0
instant spin cuan bowo77 subhanallah langsung,1
keren banget bang joy salam jepe star sgi88,1
jam gw nonton makin gapaham gw ama jawab presiden prabowo,0
liat kali baca text,0
gila bro emang keren ni jersey,0
banggaaaa bangett gwee,0
rasa percuma buat forum sweat smile,0
grafik mandalika77 keren abis gameplaynya seru,1
semangat bosqu baik star weton88,1
iya tinggal,0
iphone mana buat hp lipat huawei,0
bro tau ga alexis17 udah support e wallet proses kilat,1
tahun privater bang ga rekrut tim2 pihak,0
ganas semua slt mandalika77 modal kecil narik juta om,1
mandalika77 tempat ngadu nasib wkwkw,1
gak perlu skill coding buat sukses alexis star star,1
moga bayu murti lambo pasang body kit sama team garasi drift,0
trisigit bantu nyetir malah main hp,0
ganas slt llexis17 modal narik juta om,1
masalah praktek nya kan stap khusus,0
ownernya nongol nih sweat smile open mouth,0
maxwin ulang,1
180sx kapan lanjut oiii,0
hemanut88he beri alam main yg asik,1
storia9126 dah gitu ngomong nya liat promter joy joy,0
mascar007 guoobbblllllooo,0
ford ga buka booth sayang banget,0
gue sih ga nyesel gabung alexis17 nyesel telat gabung,1
modal receh wd juta gg,1
sandymartono7029 lu gatau apa mampu presiden paham konteks blik joy,0
cecar sama mba nana go,0
ulu777 fitur keren,1
keren raih menang dip luto88 langsung libur negeri,1
dilann9 loh bukan kata daerah dalam,0
kwkwkwkw horang kayya tada tada tada sweat smile,0
alexis yin tuh emang paling ngerti butuh membernya,1
preeettt,0
selamat bang,0
konten toyota chaser kapan bang,0
jurnalis paksa sabar,0
ngeriiii langsung beli gk tuh,0
pulauwin tuh kayak udah jadi lifestyle baru,1
notif langsung nonton habis jepe s gi8,1
dewadoramenawarkan mudah hubung orang,1
anak abah bakar jenggot prabowo pilih lagi,0
skketer alexis17 gokil gokil sih,1
ahok g bs maju jd capres ato cawapres krn sdh pernah penjara,0
bagus mobil,0
corsstrek nya manaaaaa,0
ken upgrade hidup step pu lau tujuh tujuh tujuh,1
mantaaaaaaaaaaaf,0
gak pinter paham pu lau tujuh tujuh tujuh,1
selamat mas dipo atas kerja keras tim nonton doang komen kagak point up,0
triangular flag on post sgi88 maen santai aja tetep wedey juta,1
presiden ngmginya kaga yg penting sweat smile,0
gabisa dua pernah jd gubernur jd gabisa salah satu jadi wakil,0
hasil bohong bukti pluto88 baik,1
coba nonton konten mas ferry irwandi mas sweat smile pray,0
gasss xmax nya hedonin sweat smile,0
gas mas ziko modifikasi motor xmax nya hand fire,0
sd anak ku yg tiga gak tuh mbg joy,0
ingat tuju hidup manut88 jadi tawar,1
modal receh gacor banget sampe makswin,1
musuh temu joy joy,0
mending nonton bapau taulany tv sama rans joy sweat smile,0
gak pernah bosen main pulau777,1
mandalika77 emang juara rezeki gak abis,1
enak punya orang tua kaya raya,0
lanjut bang mecah narasi orang joy muhammadmudayin,0
main 10x spin dapet jp cinta banget pluto88,1
coba nyicil 1rb lama ni hp sweat smile,0
emang gak se percaya alexis star star sih,1
berat gua komen ig lu bener kan lu pakai ordal joy joy joy joy joy joy joy,0
suruh nanya ai sih joy,0
review byd yangwang om,0
baru minggu join alexis star star gue udah beliin ortu kompor gas baru,1
rezeki limpah suhu328 makasih,1
suka semua aspek pulau777 mulai layan hingga cepat,1
proses sangat mudah ikut terima kasih pulay777,1
gokil kereeenn broo,0
jelek design nya,0
rally drift,0
nonton full kaga nyinyir iya,0
the goattt goat,0
mandalika77 jekpot terus terus beneran beda tempat,1
rezeki agustotobikin hari lebih makna terima kasih,1
ketemu,0
love you mba uni lubis light blue heart light blue heart light blue heart,0
minimal byar bang kalo komen judi pul au kismin,1
t4i komen gw apus ulah antek2 kalian,0
nunggu ulas crostrek yg kemarin crash,0
gw langsung gas otw beli es teh manis cup harga 3k joy joy joy,0
bang body kasar kasih warna keren tuu,0
wow unexpected guest,0
konten motor mio bang zikoo tada tada tada tada tada,0
aldibayuoka4265 gw gak nyinggung obel nya gw jelas komen yg atas,0
iya benar jangan2 jawab lebih hebat ngelanturnya,0
prasetya iya iya sipaling kocak,0
andil perintah film animasi jumbo,0
fix miya88 trending banget comment nya rajalela,1
kirim uang china,0
ziko jadi anak motor,0
laptop tecno k16s bangg,0
urus petir alexis17 jago,1
realme pro kapan bang,0
kamera ngotak,0
generasi pesimis,0
wajib review garasi drift iniiiii,0
baru presiden yg mau buka mejelaskan,0
cobain aja hasil bikin neng,1
bang kapan crosstrek jadi bang,0
oke mbaik jos sangat,0
thanks gpt,0
ngelantur cok,0
betapa bahagia nya mas dipo wkwk congrattsss,0
gimana fufufafa pak sdh tangkap,0
50jt yakin,0
main dewadora maxwin tiap hari,1
bulan gabung alexis17 gue udah dp rumah,1
beli buat jual ginjal,0
penasaran kira2 jumlah dislike nya brpa,0
gas bang modif xmax,0
spi n pecah mulu alexis17,1
loyo ngopi dulu mas,0
bang review hp satu juta dong,0
real semua yg tentang perintah lawan semangat2 mascar007,0
dora77 aku jadi lebih semangat maen gara gara tempat,1
temen gue negeri aja tau pulauwin gokil,1
cepat sekali wede kilat manut88,1
situs fairplay dora bikin main asik,1
ndasmuuu omon2,0
makasih banyak agustoto hari benar benar gacir banget,1
manusia biasa d bener nih padahal jokojmc sebut salah jd top komen wkwkwkwk,0
kaya karakter soekarno hatta ga sih,0
menang terus terus berkat bantu pawpaw4d untung,1
wajib coba gak move on seru fire zap alexis17 zap fire,1
bismillah moga semua kebel tahun depan aamiinn,0
minggu join alexis17 gue udah beliin ortu tv,1
aduhh sayang sekali mobil baru hancur,0
om mob kok tumben gak ganjen om joy,0
gg gak nyangka bagus,0
design baru wajib koleksi nih heart,0
zamalhd3595 pdhl pak ahok gak berubah2 ahok tetep ahok yg gua kenal,0
bayang kalo gua punya takut salah lipat wkwk joy,0
uda yappingnya,0
seru cuman jamin puas alexis17,1
pentinganya punya rasa malu,0
aszlanslatan27 udh punya brp biji borr kalo mah,0
kilas mirip sweat smile joshua kalau tua,0
ora tolong kie tah ngisin2i wong banyumas,0
iya arogan banget,0
saran baik mundur aja bro gibran,0
sipaling mana2 cok alexis17 hduh,1
ngereview ngeroasting brziko joy,0
tombol wawancara lanjut wakil presiden,0
naskah buat sama ai,0
bang chaser bang,0
nonton cuma buat disslike joy joy,0
gojek moga surga cuma makan iklan mu sangat menganggu,0
apa presentasi mahasiswa uji skripsi siap,0
mlndalikl77 gacor menang trus,1
tantang indonesia dapat wapres mas gibran,0
eh tau ga sih alexis bonus gede nih member,1
ee anuu auah,0
gelokkkkkkkk star struck,0
oke bagus komennya silah lanjut hidup hari hari,0
keren banget,0
inti bonus demografi joy,0
knp speed nya ga buat 2x lbih cepat apa yg katro,0
rezeki sgi88 bikin hari makna terima kasih,1
nungguin review mobil mas dipo yg crass iven drift kmarin,0
amalanmagnetrezeky y karna anak nya bakat jadi suport,0
emang gak se gampang alexis17 kalo dapetin cuan,1
minggu main alexis17 gue udah bayar biaya wisuda,1
kena langkah mat panji rofl rofl rofl rofl,0
thanos sob,0
maksih bre,0
suruh i show speed nonton,0
yaelah main catur aja ngamuk pak,0
farhanmfirdaus3779 makan basi banyak mbg gk jalan karna mandeg biaya biaya sunat,0
inti main sabar jangan barbar tenang datang sabar wkwk hibur bukan jadiin mata cahari kalau gw main mandalika77,1
jawab nya pake chatgpt rofl,0
dora77 sukses tukang sayur bos supermarket,1
kau diam,0
gak ngabisin langsung gacir dora77 bener bener rezeki,1
modal tipis gucur kena jepe,1
wah masak tagih jb5 smpai jual yg ungar sweat smile blush,0
gagah banget,0
irwanchandra9156 sama jir hibur biar gak suntuk y bang hahaha,0
wah keren bang ngundang lord,0
d beli vlog ny ishowspeed,0
akhir gw mainbukit sih kasih menang,1
kasih tau mana bagi buka jelas,0
tarik semua hasil menang mandalika saat wujud impi kissing heart kissing,1
alexis17 tulus banget,1
dah abang wakil,0
pecah layar alexis17 gokil,1
samsung a26 bang kapan review,0
dulu kan udh nomor jegal joy,0
storytelling pak ahok bikin mas panji nyaman dengerinnya,0
gas bang bangun motor,0
top up wd super cepat puas banget,1
agustoto tiap hari gacor terus gk ngerti,1
kelassss pak ahok heart fire fire fire,0
cuanan gak ribet asal tempat pu lau tujuh tujuh tujuh,1
up banget,0
mas anisss mas anissss,0
thanks broo,0
juta aja murah rah joy joy joy joy joy,0
judul yg tepat ppoo,0
tetep pakai lama hp hp lipet nya kena lcd v,0
ngantuk ngajak jurnalis bikin podcast joy,0
kasih pola maxwin rasa maxwin situs mandalika77 memang mantapp gacir banget,1
pak anis malu nonton,0
absen buat dislike doang,0
bokek langsung aja main alexis17,1
alyssabrayden2099 hampir semua,0
cair kakak mantap banget cuan sgi88,1
karna bukan mobil nya gd,0
punya saham mana mungkin keluar autonetmagz,0
mas gibran sekolah lulus apa,0
velg luxury g belang bang selaras ituu muternya sama,0
bilang alexis17 top markotop,1
tau duit kenal alexis17,1
pertama komen bang dapet apa wkwk,0
lha cuma tamat sd smp tahu bansos blt joy,0
bikin roadtrip om tiga pake mobil cepat,0
putus tepat kemaren pilpres ga milih prabowo joget aja pak dancer,0
jokowi punya jasah tinggal hutang indonesia,0
berkah99 emang paling juara nya sih,1
sering buka tutup lipetan ntar nongol garis ijo gak bang,0
gacoorrrr wkwkwk joy joy joy,0
croxell00 jelas,0
kebel kalau kebel gk kepake bg moyai moyai,0
baru tau gua grin,0
a l e x i s tuh emang bener bener ngubah hidup gue susah makmur,1
hendiwijay4 tonton channelnya kok wkwk,0
pas rungkad rungkad nya saranin main sama temen mandalika77 nyata malah kasih gacir,1
lebih baik nonton zaman sob,0
macan bang,0
gw beli redmi note pro aja udah alhamdulillah banget joy,0
udah nyicil baru kumpul 25rb kurang dikit,0
bang bikin konten barisin semua dong mobil yg d gd nya,0
terimakasih dislike blush,0
modifikasi motor drag,0
samar2 denger yg istighfar saking ngelanturnya doi,0
dora77 emang gacir hoki,1
keren bang,0
gue nyari resep mie goreng iklan pulauwin,1
langsung beli pertalite 2lt,0
gue sih udah buktiin ajaib alexis17,1
ziko modif aerox call me cold face,0
gachor gila axl777 bikin jepe trs,1
paling the best one and only berkah99,1
sedih cerita cs alexis17 wkwkwkw,1
jir lu mana moyai,0
notif langsung nonton habis jepe sgi88,1
aroma aroma akap dekat,0
yuk iims,0
kasi lah orang2 yg mabok agama joy joy,0
lu jadi model nya erspo sabi kek nya brokkk joy,0
orang trump menang pilpres,1
muter muter muter,0
astaghfirullah,0
dolar 17k besok selasa ihsg buka jadi ngeri ni joy,0
yg buat naskah ai,0
youtube an pake app apa bro,0
apa kiri belakang,0
wehh set up rem suicid gitu kira inline cry,0
anjay keren revolving hearts alexis revolving hearts main slot nge daz 3d,1
ishow speed nih pernah,0
ilmu bagai langit gorong,0
bonas bonus ntut,0
ngopi bentar udah nyolek lo udah coba pulauwin,1
mlndalikl77 gachor parah depo receh aja mekswin kali kali,1
gue rela ninggalin game fokus alexis star star,1
makasih bg,0
kasi kak joy,0
real jabat yg benci rakyat,0
sangat lucu,0
tumben gk,0
gak live,0
siapa yg bikin teks si gaben,0
pulau777 gak pernah ngecewain jepe gaspol bro,1
gachor mulu ga pernah rugi aero88,1
mantap main sgi88 rezeki alir deras,1
tempo media tua ind undang,0
banjaran pt greentex,0
crosstrex donk,0
cewek cewek gak suka liat gak logo buah grin,0
roxxtarr21 gak oposisi kan semua dukung pemsrintah masuk pdip,0
kalo mobil favorit gua the elite ae86 levin convert tadi tada tada tada,0
kecewa,0
gila dapet petir merah brusan gates,1
sixtop n1y yg jelas ga milih ni org,0
hp cepet rusak,0
sumbang bikin jasa raharja nyala,0
coba lgsng makswin,1
menit brp gan,0
dewipuspitasarip49puspita16 yelah mbak segitu aja udh pusing lawak,0
worth it ga yah upgrade infinix smart hp,0
mkasih saran sweat smile sweat smile sweat smile,0
yg like cuma anak sd kelas,0
siapa yg penjara ahok dulu joy,0
sukaaa bangettt weton88,1
padahal standart banget langkah mati kaga tau wkwkwk,0
bang next coba garap mobil mesin rotary,0
manonthemoon1204 uuuhh sakit banget joy,0
asli ganteng parah,0
fotodekacom kelas presiden dibandingin sama kepala daerah cry cry cry,0
beberapa guna temu dora77 alat harga berjejaring,1
yakin bukan wkwk,0
out off,0
gua sih ga pernah ragu rekomendasiin alexis yin temen temen gua,1
sobat kuliner iya ahok kang dedy mantep tuh,0
rezeki beri bukbuopt sungguh tiada tara nilai terima kasih allah atas berkat mu,1
cuma bikin org risih,0
mending ga usah undang malu joy joy,0
ad komen yg gk didik gin andi maulana,0
rezeki dewadora makasih untung,1
ahok kdm realistis gak sih,0
pasang rumah gan,0
tandem sama brziko mantap nih,0
hahahahahaha,0
mrsomyaputra bagaimana rasa jadi mahluk hina,0
mbak irene bang pandji minta dimarahin,0
sesi ngalor ngidul sangat isi,0
ahh iya dmn tuh apa takut ditanyain kepala babi wkekkw,0
kan create engine langsung jadi,0
orang kantor aku semua udh join star alexis17,1
kereeen bgt poo,0
murah 50jt mah bapak kerja jagung sekali terima suap 2t,0
semua masalah negeri sebab karna tiktok waktu milu,0
ganti aja judul bukan jawab yapping,0
gokilllll fire fire fire,0
ngelantur ngawur beranta gak jelas gak bemutu,0
iya iya pinter lo,0
air minyak ga satu,0
pulau777 gak dua,1
i love bule ice blush mantap mobil obellll om ahmad sharoni,0
jangan asal ngomong,0
jg konten motor gass,0
ahok presiden anies wakil,0
tuju modif motor,0
salah berfikir izurzuhri,0
ganteng lee,0
menang pawpaw4d prediksi benar benar mantap,1
basic cefiro bikin gundam garage,0
a l e x i s tuh emang bener bener beda sistem adil,1
angka dislike hilang malu tahu byk yg dislike joy,0
lebih worth it beli jaecoo j7 innova zenix,0
habis jadi langsung rusak pas race sob sob sob,0
sejarah mulyono joy,0
apa pertnnyaaan nya mbg jwbn nya joy,0
cipta kenang indah mlndalikl77,1
bismillah palms up together palms up together palms up together,0
bim gua mau dong bocor baju marten paez,0
gue sih udah buktiin hebat alexis17,1
beli j2 prime gas aku,0
semua orang bilang alexis star star tuh bener bener bikin nagih,1
keren sih sgi88 main bentar auto jepe,1
sesal jadi salah satu pilih nya sob sob,0
bang dah jumat nih,0
nyata main agustoto bikin rezeki datang langsung gacir,1
mobil nya ancur moyai,0
rasa semangat baru mandalika77,1
kijang lgx biru at yg kata langka joy joy,0
cieee satu kubu sekarang dulu aja hina hina ahok,0
yen ngak kerja,0
pulau menang besar hadiah luar biasa,1
incess skketernya mulu say alexis17,1
maen pubg oke nih moyai,0
wkwkwkwkwkw,0
beda ideologi,0
jakpot besar bikin aku makin percaya sama untung mandalika,1
real macan nih boss,0
mana nih mandalika77 pantes bnyk yg promoin gila gampang jp nya,1
gass bang bikin konten modif motor heart heart heart,0
behh reza arap,1
50jutaan aja cukup buat dp mobil moyai,0
yaaaah fufufafa nongol sweat smile,0
tunjuk macan hutan bukan macan sirkus grin grin grin,0
cortex gak d bahas,0
agustoto tiap main aja jackpot luar biasa,1
keren banget mandalika77 hampir kerungkatan bro rasio menang tinggi banget gokil,1
ngurusnya gampang naaaahhhh sila opini2,0
main sebentar agustoto langsung hoki,1
gile transmisi fire fire fire,0
done dislike,0
dak nyangka dapet gin gampang,1
lebih seru kalo pak wapres belah nya,0
jelajah dunia dora77 lihat apa tawar,1
mulyono dua,0
jam menit jam isi prabowo mikir eeee,0
kereeennn bgtt bang obell tada,0
gamemodification pakai bonceng seru,0
hasil gacir main dewadora kecewa,1
dikayh px5wl lebih org kaya gabut ga si,0
baru minggu join alexis star star gue udah beliin ortu smartphone baru,1
suara keramat joy,0
knalpot sampe nembak dah fire fire fire fire dash dash dash,0
banjir rejeki banget manut88,1
jogetin aja udah dek pilih jawir,0
thank you time stamp nya heart,0
bulan join alexis17 gue udah bantu ortu,1
bu valeria senyam senyum karir,0
review hiace premio batak project,0
pulang kantor kena scroll sosmed aja banget alexis17 kena gak,1
kerennn polll,0
gua aja tahun pindah situs sama aja total kalah 80jt sejak coba mandalika77 perlahan balik harta,1
gua gak ngehh pak ahok gua gak ngeh pak ahok,0
tunggu mobil farel mana nih,0
siapa yak diomongin,0
subaru cras,0
ihh sebel sama pemred nya detik skull skull skull skull fearful cold sweat scream,0
ahok tak kenal tak sayang,0
mandalika77 hoki banget main sedikit udah jepe,1
fortuner cumi2 nya lewatin dong joy,0
pagi pagi udah senyum senyum gara gara semalem main pulauwin,1
anam1431 makan vt kali bang,0
kerenn bett asli,0
sempet ga percaya eh bener gua maxwin diga ru da ho ki sunglasses fire,1
ga ru da ho ki member jepe,1
cocok ni buat dogeng buat nidurin anak sweat smile sweat smile sweat smile,0
berani banget kamu bang heart,0
wede kali gacir bener sih,1
fellexandroruby masukin timestamp biar komen viral wkwk,0
modal receh lgsng jepe brusan,1
gue udah buktiin alexis tuh kaleng kaleng,1
sempat menang miya88 seru bikin nagih,1
ipknya ndlosor omong langit hadeuhhhh,0
gasss mass zikooo kaya jadi hall baruu seruu,0
gaes ragu alexis17 eh tau nagih,1
anjay keren revolving hearts alexis revolving hearts main slot nge sketchup,1
kok malah canda serius lho,0
minggu main alexis17 gue udah ganti laptop,1
dawdadadadadad621 yg milih paham kak cry,0
biar rame ramein cuan bareng pu lau tujuh tujuh tujuh,1
cuma sini zap zap alexis17 zap zap selalu kasih kejut seru,1
ngomong ngak tau apa omongin joy rofl joy rofl joy rofl joy rofl,0
gokil tempat paling aman asik fire zap alexis17 zap fire,1
menang pluto88 tuh gak mati gak nyangka seru se seru,1
obrol bapak2 jam pagi,0
keren parah nie hp sayang bukan market gw aja joy,0
susah ngedislike balik,0
rumah teman malam,0
bro alexis17 update sistem nih gacor anti kalah,1
yok bantu dislike indonesia emas,0
beli j5 prime maksud lu,0
aku langsung beli bakso laughing,0
intro lupa switch kamera sweat smile,0
brziko lebih jauh rapih n enak lihat blush blush,0
moga waktu partai politik yg sekarang bubar semua,0
beneran gampang hasil bikin puas,1
episode kocak,0
idam kan,0
otw ni tempat seluler hp biasa manjain mata kagak beli joy,0
siapa gak senyum kalau main pulau77 cua terus,1
eh g wagon grin,0
bela panjang belit esensi joy,0
beli kopi si gas,0
ziko serang skena motor bersiaplahh sweat smile,0
gass bas modifikasi motor boom,0
bener jawab ngalor ngidul gak jawab tanya mb nana cry sneezing face sleeping,0
gass banget bangg konten modif motorrrr,0
pg soft mandalika77 bikin asa kayak bos besar cuman situs gw pernah dpt scatter hitam asli bro,1
ga pernah bikin aku kecewa kalo main mandalika77 game nya bagusmpuatarannya banyak beri aku bonuss memang mantap betull la,1
tanya konyol,0
kok upload,0
hustt ntar bakso loh blush,0
emang mo libas semua hak cipta joy,0
parah banget agustotobikin candu berat susah banget buat henti,1
makswin mntp sih situs,1
dewador abikin detik harga rezeki duga,1
buat hp lapis legit joy joy joy,0
salah loh harap sama org model kayak gin,0
gawe bis sumber selamat tim purwokerto cocok kih toilet soale,0
otw beli kuota,0
gila hasil fire fire,0
bangun kph jogja style aja mabg moyai joy cat,0
siap sapu oknum asap hitam aragon,0
sheeshhh chart with upwards trend fire fire fire,0
modif ninja mas,0
fitur ngeludah gak youtube,0
main pawpaw4d hoki,1
udah selesai yappingnya,0
baru bulan join alexis star star hidup gue ubah total,1
okay buzzer,0
fellexandroruby tq om effortnya,0
bosen kali sema nya gitu gitu aja joy,0
kaya pondok cabe,0
sama bang wajib langsung gas pokok,0
joy joy joy salah satu,0
rezeki nomplok hari berkat berkah99 alhamdulillah,1
sy sdh dislike malah sembunyi dislike nya joy,0
hours of brainrot,0
selesai tahu deh kualitas pimpin negara,0
njir gue sih yes alexis17 parah,1
pantes,0
gila cinematik nya open mouth,0
ngomong opo to we gak nyambung blass ngomong seng genah to pak,0
ahirnya notif youtube waras manut88,1
gua henti nonton beneran yapping ga inti nya,0
gass konten motorr,0
mantap rame banget nih alexis17 tongkrong,1
banyak cina udh gk pake google,0
makasih yaalah udh d kasih rezeki pulau777,1
jangan baang jadi malu maluin diri sendiri keluarga cry,0
edaan nih coolss,0
editor gd ga pernah gagal clap,0
ragu alexis17 eh tau nagih,1
muhammadzufar7243 emg jawab presiden mu ngawur,0
sama wkwk kena genjutsu bagus sih hasil kamera suka aku,0
arti nyambung,0
v alexis17 v hampa rasa,1
pak ahok lawan elo gin nih jadi,0
gue mampir cuma mau ngucapin sesal pilih beliau,0
mexico presiden beli kartel indo,0
sukses selalu utk po pesona,0
bang kali2 ngonten modif motor bang ngabers,0
tinggal komporin om fitra modif brz nya farrel v12 joy,0
yg tunggu2 sgi88,1
gw langsung otw beli kopi kapal air,0
ngelantur terus pak wowooooo,0
frank o8h jelek lu gak mampu joy joy,0
pulauwin kaleng kaleng sih beneran ledak,1
gw udah coba guys sgi88 cair mulu,1
gacir abis udh wede kali kali,1
lo rebah gue udah cuan pu lau tujuh tujuh tujuh,1
lah ngelantur joy,0
my president heart heart heart,0
maaf pak jawab nya kok mana,0
titip dinasti kakak jauh prestasi nya sih joy joy,0
waduh mon maap bang kdm mah mulyono jilid skull skull,0
kelilip kali lu bang joy,0
hp 50juta apa cari wifi gratis,0
ga bayang rasa cape nya tim gd kejar waktu,0
iya bener gak muncul duh bohong publik,0
kalo type tl udah goreng,0
kenal alexis17 hidup gue warna,1
argaviyatayudha21 baru kali tidur lebh nyenyak dawg presiden jago yapping,0
gue kemaren pasang kuotao77 pro mantul bet,1
rasa beda dora,1
terimakasih orang baik,0
emang iye rofl,0
sumpah cakepp benerr,0
wah bener bener gacir coba main sekarang bakal nyesel dora77,1
obrol atas jam malam,0
bang udah bang,0
ndak tau kok tanya,0
woii buzzer bos lu ga bain joy,0
sepenuh hati tulus ikhlas gw kasih dislike video sweat smile,0
gila sih tempat paling aman asik fire zap alexis17 zap fire,1
temen gue bilang alexis17 tuh game changer,1
spek presiden kalah gara2 agama minoritas,0
antutu aja gak sampe juta joy joy,0
malam untung doyaa77 seru banget,1
sobat ahok si aguan jgn lupa undang,0
muhammadrizkyf151 eeh puja bibib jijieq firza pa kabar,0
pawpaw4d bener bener bantu orang raih untung,1
larchy1324 aman mas pray,0
anak tersesatt bapak nya ni face blue smiling face blue smiling face blue smiling,0
jawab nya bukan kecewa khawatir,0
santun bgt om mob kami,0
asik ngobrol terus dua ngomel soal main catur joy,0
alexis17 tuh emang ngerti butuh membernya kasih bonus surprise,1
pernah rasa bosan sedikit main dora77 selalu inovasi kejut,1
dororohyakki8001 sampe kok kurs tengah joy,0
pandji mate in sini wkwk,0
dora77bikin hidup makin warna cuan gak henti,1
buat insomnia coba dengerin,0
kayak babang david coba nyindir si samsung dah rofl,0
saktipramana128 lu salah sasar orang bro joy,0
gak khawatir duit kalo udah gabung alexis17,1
ngeriiiiii,0
dilann9 ah daerah ku,0
keren banget zap alexis17 zap selalu kasih kejut seru,1
muter muter joy joy joy,0
prittt prittt sob sob,0
ga ngerti dah alexis17 gokil,1
omon2 ksih tanya uud ampas aset mlah ngelantur kmn2 hadeh,0
sx gpsport mesin buat serapih s15 vr38 bokuggooiti,0
grafik kece loading super cepat pawpaw4d,1
s2000 time attack sama m4 ijo favorite gw sih fire,0
bang juragan pecel kapan updet,0
kelassssss mahhhhhhh iniiiiii,0
gokil sih pulau77 gacir pol bro,1
pingping keripik singkong fries,0
aero88benar benar unggul rekomendasi,1
hati2 jgn sampe bang bimo diendorse rumput gbk sweat smile,0
temen kamar aja udah main alexis17,1
mantap jiwa berkah99,1
kek hp masa depan udah sekali jadi tablet,0
mobil keren banget laaah,0
handphonenya bang redmi kan banyak handphone lu heart heart heart,0
boleh anak muda jadi presiden,0
mana gua engeh pak ahok,0
kek mobil rally bang,0
totally mr omon omon,0
body ra payu desaine semua orang suka joy,0
mas umur lebih tuwo teko sampean sek angel golek kerjo,0
serius deh rezeki king328 undang penasaran coba,1
kalo urus chipset china kalah sama usa,0
enggak bukan d berita tp d om dhiar open mouth sweat smile,0
generasi muda bonus konstitusi joy,0
next diesel drift,0
mantul banget pulau77 jepe nih,1
tangga sampe kosong loh cry cry cry,0
serius promosi,0
sunnysun7064 benci sama anies gmn,0
ngelag enggak wd jalan terus pulau777 emang top,1
jual ginjal kamboja,0
cobain aja hasil mantap banget,1
jujur ga pernah kecewa sama orang,0
terlalu op,0
wapress ngantuk,0
anis jadi plesiden joy,0
buat mau boikot produk amrik coba nih grin,0
ko ngga hari jumat,0
fahmi7500 udah bayar berapa bang mau jadi presiden,0
gas 1jt dislike,0
gimana pakai si alexis17 tenan,1
absenn massss,0
musik latar pas banget suasana alexis17 suka playlistnya,1
berkat dora lesat pegawai hari bos usaha,1
kijang kapsul modif hihi joy,0
apa salah milih psikolog pak prabowo,0
review request a90 supra midnight purple s15 hks gtr,0
udh nomor jegal,1
inti muka tebal mas sweat smile,0
gila sih promo nya gk abis2 alexis17,1
sukaaa bangettt sama star weton88,1
duduk dudukk ngopii enak nya mainn slt mandalika77,1
coba pabrik specs bang suport timnas futsal jg,0
gaes gak salah pilih deh pake alexis17,1
oke gas oke gas nomor torang gas sweat smile,0
bisa cuman jt an aja,0
biasa sehat selalu kang semngat ngonten lancar segala urus salam triangular flag on post weton88 heart,1
gacor bener sketer henti muncul,1
jadi rally ap4 kaya mantap keren polll,0
lebih keren byd sx gp sports,0
mimpi menang nyata pluto88,1
wow main bareng zap alexis17 zap selalu seru,1
bulan main alexis17 gue udah dp apartemen,1
mantap yuk69 sketer gampang banget pokok,1
bubar ormas jenis nyaaaaaaa,0
pake paylater beli sweat smile,0
baik sih gak pelit pelit,1
anis ow no,0
sumpah penasaran kok bahas star alexis17 star kolom komentar,1
orang cepat,0
ngapain bayangin susah2 hiduplu,0
sotau wkwkwk user iphone banyak banget china,0
like buzzer bot joy joy joy joy joy,0
neng keren beril tp ngeri ngeri ni pak ahok wkwk,0
lah bukan daging semua isi joy,0
kamu ori,0
wkkwkw gua make samsung j5 buka youtube aja lewat chrom,0
servis fleksibel mampus kalo kena sisi,0
gassss ziko modif motor muscle muscle muscle,0
orang bilang alexis17 tuh blessing banget,1
cakep,0
anis ahok hasirama madara,0
depo wd cepa bangett mandalika77 cs nyaa fast reaksi bangett soal kegacoran gkusah tanya langsung bukti sendiri bang,1
cthnya menit berapa,0
update alexis17 gokil banget sih,1
baru beneran inovasi bukan macam merek us,0
pelek nya keren banget heart,0
tok suara himmer ev spt ngga janji tangguh,0
rambah bisnis jual sasis thumbsup thumbsup thumbsup,0
paradoks indonesia celah pilih sendiri apa kata dunia joy joy,0
alexis17 bikin hidup gue simpel asli sumpah,1
keren banget bang salam jepe weton88,1
sungguh luar biasa mlndalikl77 buat tagih berat sulit henti,1
baru jdi ban udh copot joy,0
maju terus erspro nyala,0
prabowo sama ahok cocok deh,0
gue sih ga nyesel gabung alexis17 nyesel ga,1
nunggu gd family drifting fullteam turun ahh sweat smile,0
tinggal jejak indonesia chaos parah noted,0
dora77 aku cba lngsg jekpot besar,1
gue mikir aplikasi orang ngomongin pulauwin,1
tempo kan ngerasa ga butuh selalu udah dapet info a1 wkwkwk,0
sesuai prediksi bakal review lebih,0
ip apa joy canda bang,0
salah apa negeri,0
pesan mah gk takut pluto88 baik ragu coba,1
salfok sama mobil salfok sama mbak mbak nya joy,0
pak we pesona x laksana,0
gak nyesel hoki777 langsung banyakk boskuuu,1
yapping penting x penting yapping white check mark,0
irene bikin video reaksi tepok jidat sih joy,0
ympun bapak prabowo sayang kocak ngga ngerti,0
sukses mandalika77,1
terimakasih info sangat bantu tonton,0
menit mobil ganteng,0
gua sih udah jadi member vip alexis yin fasilitas gila banget,1
sayang sekali 50jt support 5g,0
info jaket dipo conceptmotorsport gaa,0
apa sih joy joy joy,0
mandalika tawar alam daring beda,1
pikiren rakyat ojo mek omon omon tok,0
bagus bgt,0
mending dr yg ngomongin bonus demografi joy joy,0
gara gara pulauwin grup wa kantor rame banget,1
mobil nissan yg lalu apa mgkin grand livina,0
anggorodps 9 buzzer teriak buzzer,0
bahas miya88 gue ngikut tren aja deh,1
tagih main dewadora gacir terus jepe ga lawan,1
rezeki nomplok doyaa77 terima kasih,1
lebih jelas lebih jelas,0
asa denger suara mobil nascar joy,0
jawab udh tau trimakasih,0
tecno phantom ultimae coba bahas bg,0
aku bukan rakyat milih dislike video,0
emank kau uang buat beli blush blush blush,0
torsi nm face with peeking eye cold face,0
trending gila loooo sob blue heart mandalika77,1
bukan provokasi emag nyata gak mutu episode sweat smile,0
gas sprint rally seru kayak wkw,0
gak perlu alam buat menang alexis star star,1
tvs callisto coba modif bang kalo merk jejepangan udah biasa sweat smile,0
baik kak salam pluto88,1
sedih banget anjir mobil crashhh sob sob sob sob sob sob sob sob sob,0
aku kesal gimana nih smiling face with tear,0
jam wowok yapping ngalor ngidul,0
nyesel bener baru maen mandalika77 depo receh wd berkali2 kalo dr dulu ud kebel tuh vespa matic wekekek hahahhaha,1
epic moment tada weton88,1
abyan266 soal video aja up selasa kemarin,0
omon omon hidup ijazah palsu ayah fufufafa,0
apa kemaren semarang arah grahawahid kog mirip joy,0
terima kasih min alexis17 wede masuk,1
gibran satu satu wapres otak kosong hasil nepotisme cry,0
hadiah alexis17 gokil2,1
gue rela ninggalin hobi lama fokus alexis star star,1
bukan mobil jdm soal,0
asyariiiii kocak lu joy,0
alhamdulillah palms up together proses puluh tahun style,0
mode rally masuk ni concept nya,0
sgi88 maen santai aja tetep wedey juta,1
gak sih ngasih dislike kali kali video sweat smile,0
main cerdas pilih pu lau tujuh tujuh tujuh cuan,1
mantap jiwa emang alexis17,1
bokuggooiti gachor bgt menang terus,1
mnurut gwe gd kenblock a indonesia,0
hidup cakep biarin cuan pu lau tujuh tujuh tujuh bantuin,1
tagih janji 17jt lapang kerja,0
beli shopee bang,0
minggu main alexis17 hidup gue ubah derajat,1
blok lol,0
selesai alexis17,1
plsss jangan banyak since ga langsung inti aja woi,0
thank youuu koh,0
loh pak bukan udah pake buzzer dulu,0
rezaldiaziz1508 ingat bukan kaum dang mending yah kiakakakakakak joy d,0
joy nista agama selingkoh ngembat ajudan sendiri sweat smile,0
dapetin info alexis17,1
dimasseto7248 gila pakar ekspresi datang mangut mangut semua tuju wkwkwkkw,0
ahoookkkkk heart heart heart,0
gak pusing mikirin biaya kuliah kalo udah join alexis17,1
buat video full review crosstreknya dong mas dipo,0
fishybrad tuduh buzzer mulu njir sob,0
cocok tuh buat puasa,0
malam untung banget main dewadora hasil,1
joy joy biar bilang kerja,0
bareng bareng lapor youtube aja yuk,0
coba sgi88 gak ribet salam petir x,1
ipk nya berapa bran,0
rp kumpul semangat cari sisa,0
muka kecuut senyum luh bos,0
ganteng banget heart,0
cinta jz bg ziko,0
gila mandalika77 real gacirnya pantes rame,1
cucok gaspool,0
gw kesini langsung skip video buka kolom komentar joy joy joy joy,0
gw kasi kisi2 halus sikit main la mandalika77 anak baru nih brani kasi wr tinggi2 wkwkwkwk gas biar kapok,1
gasss zikooo main motorrr muscle,0
kecewa berat please turunin kursi presiden,0
percuma pinter joy joy joy joy joy joy joy rofl rofl rofl rofl rofl rofl rofl kata,0
alsimkebunsayur antena nya nich joy,0
enak banget buat antar tidur denger bapak ngedongeng,0
jalan nih mau beli iya beli goreng,0
beli i showw speed bukan sih info dong,0
paling satisfying pas bongkar pasang bodykit pasang livery,0
ajuin anggar dulu boss,0
bapak kalo bahas jangan kemana2,0
mending joget aja pak,0
harga nya 100jt cok bukan 50jt,0
jangan pernah mimpi kau jadi presiden kaya bapak kau,0
ga nyambung apa kamu ga ngerti joy joy joy,0
nooo udahh rusak lagiii cry,0
luar biasa bang video kamu probet855 percaya 5k jadi 1jt,1
anjinggg lucuuu bngtttt ngakaakkkk,0
dapet scatter hitam koislot saldo langsung bengkak,1
city tipe z om review pray grin,0
indonesia makin parah gelap,0
skull,0
jawab gin sweat smile sweat smile,0
qadafialmadani4349 what if kalau golput,0
lagu garasi drift morning jam bukan,0
makasih bang buat info respect pray boom,0
solusi terus mana masalah semua,0
sini sepi buzzer perintah blush,0
lykaqila5244 apa prestasi,0
dapet rekomendasi maen diga ruda hoki ghacoorr bgt,1
haram bg,0
makin paham knp negara memang butuh orang anies,0
aku aja ga berani liat kak udah nebak komen isi gimana sweat smile,0
coba aja velg nya lebih hitam glosy kenya mayan bgus opini aku sweat smile,0
tim gak nonton beli,0
bang panjoooo tiket buat jakarta abis sob,0
awal ragu lama lama jadi percaya maen s10t mandalika77 kasih menang terus terus,1
that is insane nice build,0
sukses selalu mas dipo team blue heart fire,0
tak pernah bosen dengerin cerita koh ahok,0
bukan gak nangkep gak mau jawab joy,0
anak,0
wowo jawab mu tidur jadi nyenyak joy,0
bang salam jepe s gi8,1
mantap bg bimo,0
hidup lo cerah disinarin cuan pu lau tujuh tujuh tujuh,1
hpnya jatuh auto koma,1
baru maen lgsng makswin gg banget,1
admin judol lu joy cat izurzuhri,0
buseettt bener,1
minggu main alexis17 gue udah ganti perabot rumah,1
damkar rofl,0
tanyain apa jawab apa lu mah cry,0
alexis yin tuh emang bener bener ngebantu banget pas gua bokek,1
dewador amenawarkan dekat unik inovatif interaksi daring,1
penasaran liat yg dislek ketimbang yg like sweat smile,0
pertama kali tau hummer nfs underground rental ps tahun,0
ga henti main alexis17,1
kek kaya gin presiden,0
rockygerung nonton gk niiihh,0
allah bebas pak presiden pikun lupa malas,0
sih kagak bakal percaya,0
bonus anggur,0
harga velg nya cry joy cry cry cry,0
gokil mobil drift ter proper,0
bsk lanjut,0
rogerhandoyo3298 lebay stroberi,0
gua bukan sales emg gokil siga ru da ho ki gacorr der fire rofl,1
tinggal mobil nya farel penasaran bakal kyk gimana hasil nya grin,0
neng hari bangun2 kumpulin nyawa main mlndal kl77 langsung kasi wekwekwek,1
terimakasih selalu upload bg walaupun sibuk tada weton88,1
orang dewasa mewancarai orang bayi,0
gas konten motor,0
semangat bang buat konten nya blush salam probet855 gampang jepe,1
halah lambe,0
gajelas ngomongin apa,0
iyain aja dah,0
jiwa miskin getar joy,0
buka rx7 bukan punya armuh,0
review infinix note pro plus min,0
gimana pakai si alexis17,1
allah dosa apa negeri inj cry,0
mobil baru gus iqdam,0
up,0
jepey terus sgi88 beneran,1
arang handal lu wooo,0
pulauwin susah pindah,1
langsung operasi in operator no cut ga edit after nya,0
biasa youtube bnyak koment yg bagus2 dn like yg bnyak balik sweat smile,0
emang gak obat sih seru alexis17,1
nyala king fire fire,0
one of the best episode heart,0
gachor banget main dewadora,1
keren banget lo brow,0
gila king328 bikin tagih parah susah move on,1
terima kasih bang pray,0
modifikasi motor waktu bulan puasa jadi asik tu garasi drift,0
dilann9 daerah ku,0
kok sama joy data dislikenya tdk muncul we,0
bismillah nabung buat beli,0
ngeri spek nya,0
presiden kocak,0
gak ganti mesin konfensional sweat smile,0
dora77menawarkan dekat unik inovatif interaksi daring,1
bukanpemudaormas1340 biggest yapper,0
samsulkhoir w5t negarawan sejati ngelantur brow v,0
tinggal nunggu lsx s14 nya mas dio aja sii,0
sukses selalu mandalika77,1
emang gak obat sih seru main alexis star star,1
ku tunggu sejak tadi malam hehehe terima kasih,0
baru hari main alexis star star gue langsung tagih,1
alkahfzikri7288 dukung bikin partai isi orang orang bener aja,0
kaya s14 amandio bodi brz,0
sipaling mana2 cok alexis hduh,1
patungan tim joy,0
utama paman joy joy,0
maaf lambat bang semangat salam probet855 gampang jepe,1
wede juta proses gampang banget,1
lebih presiden prabowo jawab lantur,0
gabung alexis17 bulan udah beli tanah,1
beli mobil listrik aja asli ntr murah dah,0
axl777 tiap kali maen aja wedey,1
gokil keren cok raised hands raised hands,0
w ngakak jokes bapak bapak sheila on wkwk,0
pingin sumbang like nonton komentar denger monolog joy,0
hipnotis presiden belum buta baik,0
knp abang nya yg lebih dominan ngomong waktu recaro sweat smile,0
mobil gus iqdam mantab,0
njir denger denger alexis17 promo bener gak sih pokok,1
robbyzulhaq rz6725 kurang nyimak lu ngap,0
kacau yaaa hadeuhhh,0
jumlah dislikenya hilangin,0
statement paling gokil ayah pak ahok,0
agustoto aku cba jepe gede lngsg,1
denger denger alexis17 promo bener gak sih,1
anies ahok kali,0
baru denger harga langsung tarik nafas panjang,0
rasa layan rulau777 sangat profesional,1
dislike tp ga muncul angka,0
kabar crosstrek gamana bang,0
judi hama hancur semangat orang orang,0
nmax turbo hedonnn,0
penuh mimpi menang pulau,1
emang gak se jujur alexis star star deh,1
jepe emang pulau777 baik,1
aansaputra3870 iya bner ibarat nya test the water dlu liat sikon,0
ganteng velg belum,0
pertama maen sampe skrg agustoto ga pernah zonk,1
gus idham udah punya keren banget heart heart,0
mending beli maung beli macan joy joy joy,0
faktor tentu ad tangan teman teman gibran wakil presiden,0
anis ahok oke white check mark,0
jeep wagoner tahun 70an baut roda,0
ma nut8 gachoor parah geeeeess,1
bikin konten mtor bg,0
mobil farel blum,0
malam untung agustoto seru banget,1
bang pandji please part two with ahok grin,0
rasain maxwin ga ru da satu tiga delapan jepe heartpulse,1
gibran cari aman,0
gassssss aghhhhh like nya yg like seomga kebel hp lipat thumbsup thumbsup thumbsup jempl dah blush,0
mantap mas wapres heart heart heart,0
cuma mau kasi masuk aja bang aku sering main mandalika77 main sini sportif g selalu rungkad bahkan sering kasi menang,1
adik giant doraemon jaiko,0
makin mantap kawan main manut88,1
hahaha demo nya bayar kata,0
minggu main alexis17 gue udah lunas kpr,1
sini point right mandalika77 buat sanggat senang sekali tada tada,1
mulimuchlis1414 ngomong bahasa elit padahal cari kerja sulit,0
senang banget rezeki tak duga dora77,1
gak rasa waktu cepet banget lewat kalau udah main pulauwin,1
bandar weton88 sunny auto sultan gacur,1
wah koh ruby thank you koh,0
saran ane suara dalem bg biar sukses terus,0
catat asal perintah ikut bantu support pak,0
gokil ko ruby wkwkwk makasih luang waktu sparkles raised hands raised hands raised hands,0
akhirnyaas crosstrekk,0
megarulimega omon2 doang kejar koruptor smpe antartika,0
silap admin ngak minta no akun buat buka yawning face,0
dengki lu lu siapa ka,0
anggorodps 9 menit mna prabowo jawab langsung to the poin,0
dailyinsporation dikit buzzer joy joy rofl,0
presiden yapping wkwkwk,0
bau bau world cup cium fire,0
jadi menang lanjut raih hadiah spektakuler pulauwin point up,1
migrain make indonesia great again joy joy joy,0
dewadora bikin mekswin makin gampang,1
style taktis kayak gin perlu leader indonesia,0
ngebantah bang joy,0
jangan spoiler biar penasaran,0
oi hok ahok lu nyapres dah bakal gua pilih,0
president kurang wkwkwkw,0
gercep banget,0
gokiel loe dip tada tada,0
langsung beli nasi padang joy,0
scholar mate joy,0
yg warna merah jngn sampe lepas sayang ga review cry,0
awas bang komen pp nya ngk akun buzer perintah,0
alexis main dikit saldo langsung byk,1
gila alexis17 cepet banget proses salut pokok,1
temen gue rekomendasiin alexis17 mantap,1
bang bahas legion y700 yg kata spek pc,0
star alexis17 tempat tergacor,1
bang suruh nonton ulang sama buzzer 400perak,0
om mob fit ga banyak lawan joy,0
saat mas ziko 200sx pasang ls hdc 1uz joy joy joy joy,0
tantang sabar nanti ganti wapres joy,0
besok pagi beli ah,0
bwahahahaha,0
sangat sulit temu tempat pulau777 kualitas,1
huawei tkdn nya apa,0
ken block banget asli,0
sangat gokil kawan,0
aura nya reno bnget joy,0
gak nyangka sih se enjoy pulauwin,1
ggwp sih ad in jud ol kek tai dmn2,0
anjay sih alexis17 trending gitu,1
mamamia6512 copast ai,0
obel vs farel harta vs tahta joy joy,0
timbang jajah mlndalikl77 harga inovasi kreativitas,1
gas dah buat modif motor ninja ss vario,0
sketer kali kali hoki limpah bos,1
fate v9f skor atas jt atas 2jt ga bakal lu beli breeee joy joy,0
indonesia ancur pimpin begini,0
poin2 apa yg lw gasuka sampein,0
harga kualitas perhati detail mlndalikl77 mungkin cocok,1
langsung beli samsung a16,0
hyaaa mobil gus gus,0
y kalo dah d kasih motor udh wajib promosiin,0
manfaat,0
anak nya om ombi aktif balap kayak anak e om fitra dong joy biar seru,0
baru kali dengerin dialog capek banget,0
aceh om mob lebih asa test drive nyaa,0
pevs lihat mobil pevs lihat,0
jadi mules guah nauseated face,0
gue takut tinggal tren pulauwin orang udah ikut,1
lebih ganteng mobil nya ziko mas dipo,0
aku nyari komen yg dukung koq gak nemu2 yaa,0
bener enak hp yg udah paten gausah tekuk2 ribet jg,0
semangat bang dipo,0
muhammadmudayin jurnalis sabar bgt pdahal mah gregetan,0
tunggu yg lipat joy,0
harga kualitas sih kalo ngeri banget,0
jangan bohong dosaa,0
duo marah saling jaga biar gak marah marah hahahaha,0
ngga tau berkah99 si tempat menang,1
jangan kesi jatohnye,0
mending mulyono periode kalau jawab gitu haha,0
dipo full senyum tada,0
gue gak peduli apa yakin,0
tim clbk aja cry,0
lancar lancar bang salam jepe star sgi88,1
crosstrex brz farrel cry cry cry,0
mantap ko ruby,0
keinget kenblock,0
jaecoo j7 aja basis tiggo kok j8 yg basis tiggo,0
huawei esia hidayah bagus mana bang,0
hp sultan langsung buang joy,0
coba dah ga jalan mulus nih kang joget,0
jangan lupa basmi ormas tukang parkir mas,0
nyata yg khilaf kasih like,0
coba deh alexis17 jamin makmur wkwk,1
yakaan hebat btt gada yg gebrag meja,0
emang kl demo damai dengar turut inpirasi rakyat joy joy joy,0
gokillll kapan yahh gua punya mobil kaya garasi drift,0
bagaimana cara lihat jumlah dislike,0
biar lihat pinter set begini kok malah lihat goblok joy joy joy joy,0
gila pajak china juta masuk indo jadi juta,0
semua tanya pemred mayoritas jawab on point,0
ngakak gw liat reaksi bang panji face blue smiling,0
kaan kaan sweat smile sweat smile haddeuh ga jelas loe wo,0
tos sepuh kan nu penting joget gemoy dlu joy,0
bantah jg sbg jawab kan drpd hindar,0
kayak honda maestro jaman dulu semua roda belok blush,0
konten macam apa gk jelas fufufafa,0
mahal banget 50jt iphone yg aja gak kebel sob,0
kan sambung jadi ngga mati layar joy,0
gak salah emang kata sodara gw maen mandalika77 hari hasil mantep bgt brooo kapan maen bntaran doang udah kasi narik banyak gin kwkwkw makasih mandalika77 paling mantep kamu,1
angeliart bayar berapa om joy,0
iphone gin gk rofl kaum apple yg suka hina android panik,0
bulan main alexis17 gue udah libur eropa,1
gokilll bang fire fire fire,0
coba bayangin sama kdm,0
bang video sgi88 percaya 5k 1jt,1
minggir miskin jangan nyampah channel orng,0
masterpiece hand,0
kreeeennnnn,0
fufu fafaaa,0
narkoba selundup mantap,0
gak modal gede alexis17,1
emang konsep gitu mas pure natural grimacing,0
jakpot besar bikin aku makin semangat tiap kali main dora77,1
cuma jt aja kok iyaa cuma sob,0
preeeetttt,0
anies baik noooo,0
episode kali ngasih tau kalo bang pandji ga jago main catur joy,0
gacir banget main probet855,1
bagusutoro9547 lah emg si owo gtu doang bsa nya kan buzzer perak,0
pagi pagi udah senyum iya cuan pu lau tujuh tujuh tujuh,1
ikut sedih sama mobil baru gd cry,0
next anies or kdm ubah indonesia id,0
mas kaya mobil reli,0
thumbsup thumbsup thumbsup thumbsup thumbsup fire fire fire mantefff ooommm blush,0
gue rela ninggalin bisnis lama fokus alexis star star,1
bikin video review lengkap volvo xc90,0
agustoto cuan mulu,1
moreno konga,0
yhaaa kaga nyimak video coba tonton ziko bilang apa soal mesin,0
almarhum ken block fire fire fire fire fire,0
ken hidup makmur alexis star star jawab,1
shlevyi7888 eh iya wk,0
istimevvah fire,0
berkat nonton yutub tuan cepat langsung beli besok,0
bagus ketimbang samsung huawei kualitas bagus dulu,0
sketer muncul maen jepek,1
eh kok tiap scroll story ig temen pulauwin,1
huawei emang ga main main soal inovasi,0
gates gacor banget udh jepe kali,1
cuman baca komen g tarik liat isi video nya,0
tanding catur selesai menit sweat smile sweat smile sweat smile,0
uu aja bs rubah bang jumlah like emang parah ni fufufafa,0
awal mula komedi lucu banget reaksi pak ahok joy,0
ku kira david ngatain joy,0
honda mobil motor laku krn harga jual laughing,0
pagi pagi udah dapet notif wd alexis17 mood langsung hari,1
emang gak se fair alexis star star deh,1
main agustoto buka jalan tukang jahit usaha sukses,1
agustoto aku cba maen malah jekpot gede,1
tunggu akhir nya pak ahok,0
duit malaysia rm13000 babi ckup blnja rumah satu tahun,0
udh kali jp hari mantul banget,1
hancur mobil crash hari,0
wew turning radius berapa meter joy,0
goood banget hp nya punya charger bawa tada tada,0
makasih mandalika77 berkah kamu beres pinjol aku sisa ngengngengngeng semangaaat,1
lockysigarlaki163 kalau g percaya silah kroscek bro lu keliru bro,0
mah auto trending,0
iya cuy sama joy,0
gd emng gk pernah salah anjir kalo modif2 mobil keren heart,0
udah banget menang alexis17,1
nafas lu aman bang engap banget nyimak nya,0
judul presiden prabowo jawab,0
sidak jokowi kapan masak ga berani,0
tuju mas ridwan uji sampe aceh om mob brani gak sweat smile,0
kalah menang,0
kembang arhan semangattt salam sgi88 gampang jepe,1
dak nyangka hasil puas banget,1
kapan iphone bikin fold,0
kalo udh jumpa om mob seru joy,0
alam pulau777 selalu kesan,1
udh crf tinggal kebon moyai,0
beli nokia joy,0
duh ngeri2 sedep klo nyenggol mobil battle nya race nya,0
gak nyesel deh udah kenal alexis17,1
dahsyat gd,0
jersey timnas baru gokil banget moga kebel,0
beda alexis17,1
adi tagih kan kamu seemenjak erti main mandalika77 senang sangat main sini memang cuan sangat main daqri,1
judul presiden prabowo yapping,0
mandalika77 auto win terus,1
berkat agustoto ubah bantu rumah milik cleaning service,1
pertama kali dlm sejarah wa pres jadi bahan bullian se indonesia sweat smile,0
enak punya bapak presiden cari kerja susah banyak phk joy,0
otw jual tanah dlu om sweat smile joy joy,0
banned amrik ketar tir masang tarif ampe joy joy joy,0
anak muda ga mau jalan proses benar rusak demokrasi,0
coba maen diga ru da ho ki malah jepe gua wkwk partying face,1
ucing orange lewat,0
gila byd bagus banget jadi,0
oxgen3 iya bener kelam kan,0
lifeisneverthesame910 seater tigo phev pea,0
video yg tunggu tunggu fire fire fire,0
coba langsung ngerti suka,1
santai santai eh dapet rezeki gede dora77 kalian mau tinggal kan,1
ajar ramah sombong bener boxer boy ii,0
kasi rakyat konoha joy,0
yg mencret n call bapak joy joy joy,0
cuci muka jangan lupa pakai sofel,0
murah lah listrik,0
jepe berkah99,1
lsg gicir modal ada bro,1
maen santai sering big win,1
buat gd msin kaya ginih gurih suara blush,0
ngikut jejelogy wktu sering main game joy,0
hujat erspo kini banjir order joy joy,0
sulistyowati el8kl bagus kawan ku berfikir logis bukan sok kritis,0
gak rasa cepet banget udah main pulauwin,1
review m4 nya dong bang,0
bunyi duit duit duit,0
kemudian dua marah marah hahaha lol,0
gila alexis17 cepet banget proses salut,1
hape rumah,0
gokil keren banget mas dipo index pointing at the viewer fire fire fire,0
tyota supra nya platinum bodykit nya mantep bgt,0
bawa showcase car sih,0
lihat buta megang gajah gtu,0
tanya prestasi mlh cerita angan2,0
sungguh edan jp sangat fantastis luar biasa besar dora77 pecah rekor,1
temen gue bilang alexis17 tuh bikin nagih abis,1
udh kolesterol bang joy,0
influencer2 beli bukan nunggu gratis,0
6g0d ucap cermin kualitas diri,0
banyak cerita seru gue mulai pulauwin,1
orang cepat tada tada,0
maju maju bos bos sunglasses,0
kek lebih nyambung ngobrol sama toddler,0
yakin buat capai titik,0
bjir menit skakmat tu pak ahokk,0
jg mas tow hook yg nempelnya pake lem doang,0
polisi luas ngak luas sama mbak nana ku cantik joy joy joy,0
gin wapres gw yaa alloh,0
sangat harga bagaimana rully777 layan guna,1
baru gabung alexis star star bulan udah buka usaha,1
cerdas tangguh banget tuh jawab tanya mba najwa joy joy,0
minggu join alexis17 gue udah beliin ortu kompor gas,1
jersey kiper nya dong bang,0
kali ngga skip nonton iklan nya lebih hibur baca komennya joy,0
hanyanama9308 nice statement sir,0
ratu skak eh bener pa ahok marah2 wkaskwakawk,0
pandji ko sama ahok,0
hm bahas mbg lalu pangan tiba2 bahas yg,0
makswin hari mntp sih situs,1
luar biasa bang video kamu star sgi88 percaya 5k jadi 1jt,1
nyata ramai yg main mandalika77 wkwkwk mmg lebih gampang jp sih,1
utang kelar gara gara maip dora77 asli gacir banget,1
sandar teras rumah sembari ngopi main main nyelot mandalika77 nikmat sekaleh,1
main sebentar aja langsung dapet rezeki keren banget dewadora,1
main santai wd gacir cuma pulau77,1
akhir pak ahok fire fire fire,0
ges doain gw mau coba stop maengaruda ho ki candu bgt gacor nya gw sob,1
owner apa tuh bang,0
kayak br latih buat besok bikin video undur diri nih,0
gue sih percaya aja alexis17 bukti temen gue sultan,1
klo mau liat mobil kostrad cipulir,0
max 33suaihm,1
gas jadi pesona semua maz rofl,0
next inovasi huawei keyboard lipet mouse lipet stylus lipet,0
rutsabatbungaaprilia3585 yg komen ga nonton joy joy emang ken hujat aja joy joy,0
semua orang bilang alexis star star tuh bener bener ngebantu uang,1
drpd iphone promax tb juta joy,0
bisa2nya warga jakarta lebih milih anies waktu pilgub kmaren sweat smile,0
bapak nya obel ahmad sahroni kwwkkw,0
aero88 emang bener bener gacor,1
orang bilang alexis17 tuh bener bener bikin tagih,1
ajar baca baik benar alias kosong rofl rofl,0
mandalika77 superrrrrr bos gacir layang,1
wkwk presiden lo bang joy cat,0
makanya ban gms takut kalah saing,0
anak2 abah gak kasih ijin,0
gak perlu pusing mikirin duit kalo udah gabung alexis star star,1
tempo ngga undang thinking,0
gapercaya garuda hoki gampang menang,1
sedih crash donk,0
kasihan negri moga tuhan selalu lindung negri,0
rakyat mana sih wakilin,0
percaya sama bang panji jangan masuk politik,0
harga rp an aja joy,0
otw beli person gesturing male sign,0
beli ori nya,0
misi pak kemarin faham bapak peran sbg apa,0
gua sales emg gokil siga ru da ho ki gacorr der,1
sobek lgi ga nih jersey kaya lawan arab,0
pulauwin semua orang tahu sih,1
sekali sekali main batam,0
mmmmmmmmmmmmm larang komentar sweat smile,0
arief muhammad omongin wkwkwk,0
hapus komen ki te ma bo te goo i ti,1
auuuuuuuuuu aja joy joy joy,0
sini insomnia kata temenku nnton cepet tidur,0
niat bangettt syg koehhh,0
hina kgk mempan puji kurang pantas sweat smile,0
gue sih yes alexis17 banget,1
serius presiden,0
pabrik tempat kerja sweat smile,0
terlalu banyak oknum pak,0
team yg nunggu versi hdc yg 2jt an,0
dulu banyak yg suka jokowi sekarang,0
volume kecil open mouth,0
fire alexis17 fire bikin auto happy gaskeun,1
judul mesti bonus orang,0
tam tim tam tim,0
beneran deh gak nyangka menang terus fire zap alexis17 zap fire,1
pin komentar om rendem aja soal banyak banget komen judol nihh,0
anis ahok udh solusi bangsa,0
sp12er org yg beli hp mah gw yakin ga bakal buat ngegame bang joy,0
disslike pause vidio liat komen sweat smile joy,0
mandalika77 tiap hari hoki terus gue sampe bingung,1
crosstrek gimana kabar nya stelah crash,0
emang gak dua sih alexis17,1
tau dapetin cuan gampang alexis17,1
bismillah jadi direksi pertamina biar beli ni hp,0
sangat keren,0
akhir nya hasil kebel vas bunga nya,0
2tq brio dulu yg pernah ku kerja blush,0
velg jf luxsuryy the best walaupun gk sebut,0
apa beda hasil kerja vs nepotisme face with hand over mouth,0
tingal mobil farel tada tada,0
gak nyangka bakal nemu tempat segokil pulauwin,1
top markotop selalu hadir nonton mas dipo,0
supersemar sweat smile,0
bro alexis17 turnamen gede nih hadiah milyaran,1
tambahin anies gak bayar design gaun mas didit,0
bang review vivo x ultra udah rilis tada tada tada tada,0
percaya diga ru da hoki gacor bgt boss,1
wow sangat paham ye guys joy cat joy cat joy cat joy cat,0
iya sama gw,0
a marwin raptor nyunda pis euyy haha resep ieu ngadangu na joy,0
kan ga dwifungsi abri iya kan,0
slide fb naik turun naik turun kok isi mandalika77 semua penasaran cobain depo main bentar aja ehhh malah maxwinnn,1
tim gercep alexis17 nih,1
jam ngeyapping,0
ga yakin paham apa yg ucap ikutin teks doang kaya beo zany face,0
si milea apa kabar nya ko blush,0
best so far,0
yg nama gimmick dunia kreator review,0
santai kebo gua blum laku,0
nonton full mas,0
hebat jurnalis gak ngantuk joy,0
jam ga bobot kosong melompong,0
hemanut88hemimpi besar berani gagal bangkit,1
nyata jaecoo adik nya giant blush,0
wajib coba sini bos super gaccooorr baru coba pake server thailand server luar pake rtp nya atas buy petir x100 x250 x500 keluar gassss langsung moga hoki nular abang cari google mandalika77,1
ngomong yg penting penting ngomong joy,0
avanza gak harga diri belakang hummer sweat smile,0
anjay mantep revolving hearts alexis revolving hearts main slot nge houdini,1
sukses mas wapres,0
grafik pukau game emang top alexis17 tuju,1
lihat huawei apple rasa jadi sangat tinggal soal inovasi,0
buat r34 lalu kirim sidrap pls,0
harus dah selesai lu ndjiiiiiiii,0
semua mau handle mumpung jiwa muda wkwwkkw,0
kira suami irish bella om jeje sweat smile,0
kelass mas dip,0
berani nya bicara sendiri dialog dong mas samsul,0
seru banget nih episode,0
rezeki aero8 bikin hari makna terima kasih,1
tinggal ganti kaki jadi mobil relly,0
aja gw coba alexis17 malam lumayan dpt 2jt,1
tim ga pernah skip kalo pak hok joy hand splayed,0
dewadora mekswin ga lawan,1
pawpaw4d coba untung,1
ga ruda ho ki gokil banget pecah ga sia sia anjaay,1
mak banteng lebih percaya puan ahok,0
minggu join alexis17 gue udah beliin ortu tiket umroh,1
masaallah inovasi terus,0
otw buat beli,0
hahahahhah sweat smile sweat smile sweat smile,0
males banget ngeliatnya,0
keren banget menang banyak sgi88 auto libur mewah,1
kalau salah satu baterai habis layar mati,0
emg udah keluar autonetmagz,0
infoin brp dislike nya blush,0
dasar buzzer bayar joy,0
jepey weton88 beneran,1
keren gitu oi,0
editing boom boom boom boom boom,0
murah banget,0
nonton cepat 25x lebih baik,0
bocah gk penting moyai moyai,0
desak emosiii emosiii kwkwkw,0
oke like komen,0
king ahok is back fire,0
kdm mahfud pasang jadi paket komplit qu heart eyes heart eyes,0
dora77 bener bener gacor,1
selalu seru kalo ngobrol sama pak ahok,0
koyo ngene iki presiden pilih,0
abis baca review sgi88,1
emang gak ngalahin seru alexis star star,1
sambut hari antusias mlndalikl77,1
cuman alexis17 bikin nagih,1
kwkwk anyingg,0
akhir vidio nomor mas,0
wede cepet banget sketer terus terus,1
game nya gacir tiap maen jepe,1
gak pusing mikirin cicil kalo udah join alexis17,1
komentar udah kayak paling pinter dunia ajaa,0
terima kasih saran baru engeh,0
luar biasa bang video kamu star weton88 percaya 5k jadi 1jt,1
punya farell mna yaa blm jadi joy,0
lah ngegas joy ga yg ga mungkin politik bang lockysigarlaki163,0
sok langsung aja fire,0
yo apik iki hasil e bikin neng,1
sumpah serius nanya alexis17 beneran bagus,1
cuma sini gak nyangka menang terus fire zap alexis17 zap fire,1
ga nyangka utang lunas maen agustoto gokil banget,1
jadi serasa nonton yaaaaaa,0
seperti ikat sama yamaha,0
anggorodps 9 ga bang cuma warga sipil,0
gw baru aja liat speed review joy,0
skip anies cara kerja luar prediksi bmkg wkwkwk,0
kapan wapres pecat,0
halahhhhhhhhhhhh,0
tuhan mimpi apa indonesia,0
sans 790an ngelike sisa dislike joy,0
gak cocok bang malah bikin emosi joy,0
jawab apa2,0
jadi versi baik diri sendiri manut88 doa,1
yaps kalo gasalah lbwk rx7 armuh,0
lbwk jelasss yum,0
buset star alexis17 nyata mudah yah,1
kalo gabut alexis17 juara,1
jg nyari ko g,0
yg baru sebut komen bukan caci maki,0
kapan main situs segacor probet855 asli nagih sih,1
temen gue sampe bilang hidup ubah kenal pulauwin,1
gretamarielleni no garantee,0
ngomongin ai doang,0
auto aman sketer sering nongol,1
lexus gada skarang,0
tumben mau pake mesin teknologi kuno ohv,0
gue sih udah ga move on alexis17 gacor bikin nagih,1
lebih tarik komentar netizen video,0
kenal alexis17 gue koneksi bisnis,1
log in dulu dong,0
sedih dengar jawabn beliau malu diri sendiri,0
anjay keren revolving hearts alexis revolving hearts main slot traveling,1
pbrikan mobil china yg besar apa aja,0
komentar2 percaya pak probowo gak punya buzzer,0
vibe ni mobil mendiang kenblock bgt cry cry,0
bagaimana cara ludah online,0
sound nya gedein bang hedset an naik motor ga kedengeran,0
alexis yin tuh emang udah jadi hasil utama gua sekarang,1
mending gibran silvester,0
mobil asa siap hantam balap liar fire fire fire fire fire fire,0
pak ahok paling terang benderang heart heart heart,0
yg dis like kok gak lihat jumlah nya,0
efektif gak sih laporin akun2 yg spam judol capek sendiri gua,0
hahaha setujuuuu,0
nunggu uu prmpasan aset koruptor,0
cuan tuh mitos bukti pu lau tujuh tujuh tujuh,1
tebak buah manggis kali,0
penuh berkah bahagia berkat suhu328 rezeki hampir permisi,1
modal mini langsung jepe mantap,1
sih alexis17 bocor,1
ahookkk cintaakuuuu heart heart heart heart,0
kerennn contentnya bang cari situs benar weton88,1
terimakasih udah sadar sekarang buka matam,0
main cerdas pluto88 hasil bicara,1
jawab yntkts,0
sedikit bicara banyak isi x banyak bicara gak isi white check mark,0
rizqiartsklo dulu jual beli mobil kecil sekarang rambah bus udah kyk subjay joy,0
segitu level ges yak siap siap,0
panji udah diajarin sama queen irene lengah aja wkwkwkwk,0
mulai pinter ye,0
anak macan numpang lewat,0
bagi mana,0
adeirmasari3775 walaupun kata sekolah smp mas,0
muak editor nya joy,0
mobil nya papah racing team wajar aja pol abis,0
elegan warna cerah beeeuh kelasss,0
pluto88 emang beda main langsung menang gede,1
asyariiiii wtf dedi mulyadi joy joy joy joy,0
hadirr bos,0
jumlah dislike nya disembunyiin yaaahhhhh,0
mods rata kanan butuh endors,0
cieee nungguin costrak joy,0
keren euyy mandalika77,1
tajem2 banget,0
mobil keren reviuw kelas ilmu keren mas sukses terus thumbsup,0
bu mega,0
they don t get paid enough or not smart enough easy,0
jokojmc sblm wawancara nyimeng dlu kali,0
koplaaaakkk joy,0
salah milih presiden,0
bener wkwkwk males dengerin presiden ngang ngong,0
gw main mandalika77 sampe bikin akun kirain bakal rungkad salah satu eh wd mulu wkkwkwk,1
aja maen slow baru opening langkah joy,0
keren omkuu,0
aowkwkwk kocak,0
ginahginah l2n iya face with peeking eye,0
byd geely chery changan,0
serius deh alexis17 bener gacor,1
didik pintar tegas berani cocok ni jd wapres,0
kdm ahok kali,0
gas modif motor yum,0
suported apa suportif sih yg bener seriusnanya,0
qaisardaulay219 money can buy everything rofl,0
gue rela bolos meeting ikut event alexis17,1
temen gue bilang alexis17 tuh bikin candu,1
emang gak saing sih untung main alexis17,1
kan anak nya raja bohong ijazah palsu,0
patut tunggu yg non ev sih grin,0
modif motor bang,0
bang pandji dulu bukan gak suka sama btp,0
ooooo numpang jumbo nyata,0
gue udah ga bayangin hidup alexis17 udah sumber nafkah utama,1
bulan main alexis17 gue udah libur lombok,1
gak bosan main alexis17 menang,1
abis pacinko lanjut sini,0
keren lu bang,0
geloo weton88 cair terus x100,1
eh lewat jalur busway joy,0
anies ahok the next president and wakil president tada,0
baru bulan main alexis star star gue udah libur labu bajo,1
persis kayak dahulu,0
apa sih ngomongin siapa berapa banyak,0
mrdidifar cocok hahhaha,0
harga kerja konsisten dora layak timbang,1
sabar bang ngadepin otang fikiran pendek joy,0
otw dulang emas dalam papua joy joy joy buat beli hp,0
undo moment moyai moyai,0
sedang tren bang ndasmu bikin liverynya dong bang joy,0
savage parah revolving hearts alexis revolving hearts bonus welcome nya bikin longo,1
video gua pause,0
nicetry hand,0
kalau wapresnya tukeran sama gubernur jabar,0
bener bener kek dengerin orng halu yapping,0
mantap jiwa raga main axl cuan terus jeda,1
eh panji trik tiga langkah suka dipake buat push rank joy,0
pulau momen menang tak lupa,1
inpo bodykit jual gak bang dipo open mouth,0
gimana ndji keren gk pak ahok joy,0
yaaa lahhh presiden hasil ntahhh pilih siapa,0
raih bahagia sejati mandalika77,1
tau rahasia sukses alexis,1
wkwkwkwkwwk lucu banget om,0
gk bosan nya alexis17,1
betul bang ane ngantuk dengerny,0
nyala wii manut88,1
alloh kapan sy bawa pulang unit,0
iya beneran sob,0
gitulah otak kalo udah kena brainrot joy,0
isi daging semua heart,0
bang pandji soundnya bang,0
gak nyangka menang pluto88 serasa mimpi siang bolong,1
jp pluto88 baik sih situs,1
akar awet baik,1
ga usah bahas yg tinggi lo aaja jadi wapres krena bapak lu,0
koislot kasih bukti janji minggu langsung dapet,1
min lanjut sgi88,1
pake karoseri morodadi keren psti body nya kuat kya tank,0
baru minggu join alexis star star gue udah beliin ortu kulkas pintu,1
wkwkwkwk lucu2,0
tetap cinta ckd,0
robbyzulhaq rz6725 nyimak lol bilang chanel pribadi,0
detik mas solutif banget,0
beli iphone,0
menit happy banget hasil dora77 bikin hari ceria,1
semangat bang buat konten nya blush salam sgi88 gampang jepe,1
englishtown sih,0
mobil baru beres langsung crash bg,0
kini indonesia bukan tuju emas jadi masgibran,0
petir koislot dateng pas butuh hibur,1
pajak berapa yah klo ev premium kek gin,0
gabung alexis17 minggu mobil impi langsung lunas,1
the best skakmat makasih udh ngasih tonton kualitas bang pandji,0
pulau777 emang gacir jepe hari,1
dora77 auto mekswin,1
beli ah,0
manut88 moga cinta,1
biar lbh quick lg kalo mau gnti ratio joy,0
rezeki beri agustoto sungguh tiada tara terima kasih allah,1
langsung auto beli alam mimpi joy,0
penasaran deh alexis17 kayak seru sih,1
mandalika77 aku cba langsung bawa pulang cuan gede,1
udah coba alexis17,1
gak mau ahokers,0
anjir mandalika77 situs suka teman gw,1
emg jawab apa yg ingin,0
memang ga salah manut88 buat gue gila wede,1
dewadora sukses jual keliling usaha kopi,1
kontenn kreator wapres bio link nya sweat smile sweat smile sweat smile,0
untung bikin cinta dora77 hasil,1
baru hari join alexis star star gue udah dapet cuan buat dp rumah,1
nyari takjil naik skyline come back blush,0
gue sih yes kalo ajak main alexis17,1
teknik jawab diplomatis,0
yg viral menit berapa aja,0
kalau narasi berani wawancara tuh pak gibran raka buming,0
nunggu video bangun brz nya farel,0
udah susah2 rebranding nama btp kesini dibalikin ahok lg dong sweat smile,0
main santai cuan king328,1
basmi judol,0
rezeki datang terus rulay777 gokil,1
ga salah nih notif,0
pulau777 emang seru banget banyak untung sono,1
gue rela bolos kuliah ikut event alexis star star,1
grafis agustoto keren banget bikin betah main,1
baru maen langsung mekswin dewadora,1
ahok feat anies yukk heart,0
menang berkat pawpaw4d hoki mudah,1
cuma sini tempat paling aman asik fire zap alexis17 zap fire,1
tim nonton doang kaga beli joy,0
hp yg buat milik iphone ronta ronta hahhah,0
keren banget menang banyak agustoto auto libur mewah,1
ismailadrian f2e terus ga kritik gitu,0
mandalika77 banggan rakyat,1
kota juta bunga hadir,0
member gar uda hoki jepey,1
kalo ngedislike penjara gak coba info,0
coba bang pandji sama ayah gibran raka buming,0
mascar007 konoha bos kalo jd buzzer yg teliti,0
alexis17 udah deadline mepet bom gue lapar nih,1
lu yg ga nangkep kali kocak,0
main aja gicir terus,1
dialikenya sembunyi wkwkkwkwkwk,0
m rakhapa jeco sama chery sama mesin phev nya,0
masya allah made in china luar biasa,0
pilih ikut an yg penting goyang gas,0
mercy anak gasx gank,0
bengkel rekan,0
alexis17 ngertiin butuh gue beneran,1
anggorodps 9 emang kritik gabisa luar negri bebas orang mau kritik,0
gacir banget dewadora hoki abis,1
anak abah wkwkkwk,0
faa3457 k9l apa beda ente sama2 maniak ap,0
tuhan sedih banget denger jawab sob sob sob sob sob sob sob sob sob sob sob sob sob sob sob sob sob sob sob sob,0
presiden hebat yg nanti indonesia heart heart heart usd rp,0
fix llexis17 emang beda bikin member setia,1
rusak mending mundur aja maksain jadi presiden,0
whh cocok nih buat bangunin orang sahur sweat smile,0
hp lipet gasih,0
akhir yg tunggu2 grin sgi88,1
gm irene sukandar udah nang,0
angeliart busett komen mana mana sumpah buzzer,0
hoki gak bohong udah pakai pawpaw4d,1
kok lu ga makan gua bego banget lu joy sob,0
kenang indah pontianak,1
jokojmc gw heran kaum tetap muja muja presiden ky gin,0
yg rbuan gak bro joy joy joy joy joy,0
belik cilok depan alfa 5k moyai thumbsup,0
tempo ngga ajak duduk nih,0
bahas izasah jokowi bang,0
keter sering mampir wede aman,1
raja terakhirrr,0
haha bowoktok de tok,0
emang sih upload minggu kali btw,0
do you see what i see cry,0
keannudandossi7613 aduu sorry chrysler mah jeep sweat smile,0
andhikasuryaputra413 soal prompt ai ga arah main catur grin,0
buat penjara koruptor gunung anak krakatau pak presiden,0
harga komunitas solid agustoto mungkin cocok,1
alphacraft1386 hehehe tau iri dengki darimana mas jangan prasangka buruk,0
besar hati sangat nemu web mandalika77 lega hati sangat lah habis lama main baru kali selisih gw naik jadi gin brayyy nang saking neng,1
ghacoorr nya lewat sumpah ga ru da ho ki rage,1
gas bang tada tada tada,0
bapalu gay,0
dora77 tawar alam daring beda grin,1
angeliart memang undang,0
happy banget dapet rezeki dora77 bener bener puas,1
gacur banget modal ada cuy,1
modal kecil langsung gacir dora77 puas banget main sini,1
lo diem aja dapet cuan tempat pu lau tujuh tujuh tujuh,1
agustotomenawarkan alam daring halus poles,1
ulu777 hadiah,1
banget tuh konten motor nya,0
anak bapak sama aja,0
best ever,0
iya yoga buzzer gausah ngespam dong joy cat,0
cuan gak langit pu lau tujuh tujuh tujuh,1
gasss konten motornyaaa,0
woilah opening jalan tani rumah gw,0
planet venus kembar,0
grassroot nonton gak,0
yng tunggu tunggu damnnnn boom raised hands,0
jepe wede lancar banget,1
gue rela ninggalin nonton bola fokus alexis star star,1
buset suara nya gileee supercar lewat,0
main axl777 siapa tau rezeki datang,1
terimakasih bang,0
iya iyain biar cpet kelar joy joy,0
rizkyanihidayat7110 ngga baik seolah2 tau,0
bused mewah banget,0
juta aja bree joy,0
kok ngeri2 sedap yaa,0
skakmat baik kocak terngakak rofl rofl rofl,0
modif mio sporty bang ziko heart eyes star struck,0
bro beliau milik jenggot wkwk canda,0
bokuggooiti lunas utang auto kaya cok,1
mrsomyaputrakebenaran mana gw tanya joy joy,0
gatau kak,0
habis kesamber petir kakek main mandalika77 scatternya gilagilaan putar bagus terus mantap kali main sini bang,1
malam makswin modal receh,1
nemu bro part ikut kali mikir positif aja dlu,0
ilmu mahal fire fire fire,0
biasa privilege rofl rofl,0
riko syahputra96 justru banyak juara jadi sponsor bro,0
ga boong dora77 depo kecil doang mekswin kali kali,1
si gw ga kaliatan jumlah dislikenya sweat smile pray,0
dislikenya sembunyi mas wapres sweat smile,0
lebih seru baca komen nonton 3jam wkwkwk,0
super happy berkat agustoto rezeki limpah,1
gak ngeh pak ahok 7x wkwkwkw,0
dislike aja wapres ga mutu pilih krn ordal,0
emane rek jual,0
si safri sama si bima suruh pulang cina bikin malu indonesia aja,0
manfaat bang tidur gue jadi nyenyak joy,0
lah undo joy,0
the best anjir,0
jiwa dagang memang fire fire,0
bro alexis event spesial nih rayain ultahnya,1
kembali kau curi lah pinjam bunga dong blok joy joy joy,0
ahok nih hukum pengaruh rakyat indonesia,0
langsung beli ah,0
ziko agi bintit,0
mandalika77 menang besar hadiah luar biasa,1
suhu cara daftar alexis yin gimana,1
alhamdulillah tada,0
salut gk nutup kolom komen,0
gak malu gw malu bngt co indonesia dipimipin kaya gin cry,0
hemanut88he rubah hidup jadi lebih matang,1
beli dealer chery mas ridwan,0
sketer muncul terus auto jepek,1
gk abis pikir masa gk kenal sama ringed planet alexis17 ringed planet,1
ini sebut pria punya selera fire,0
bro aja nih alexis viral tau gak sih,1
komen lucu dri buzzer joy ismailadrian f2e,0
kayak nonton matematika harvard,0
18menit 400k cry,0
tuju butuh meme baru nih,0
sx pake mesin v8,0
wkwkwkwk mobil paling mahal juara amandio dong,0
lanjutin yaa bang gua dukung,0
asc ahmad sahroni center joy,0
keren coba bang gas sgi88,1
gila pulauwin beneran legit sob,1
lek jersi njaluk sitok wong ngawi weary weary weary weary weary pray sob sob sob sob,0
auuuuuuuuu,0
ahok gas anis skip,0
aktivitas pulauwin lari asik,1
hebat kan ga hebat joy,0
apa nama link mandalika77 nya bossku,1
dukung anis,0
dapet motor joy,0
bukan ahok anis sweat smile,0
makin makmur dapet squad777,1
emang gak se mantep alexis star star deh,1
memang paling nih wapres tau banget ngolah algoritma,0
maino dewe,0
gak salah pilih deh pake alexis17 banget,1
kutuk semua bandar jga yg sesat mandalika77 karna cm yg gacir haha,1
kritik bangun lanjut,0
hibur ku blush ngemil nonton nikmat sekali alhamdulillah,0
mau beli ginjal,0
lah emg udah proper bg moyai moyai,0
garis ijo assalamualaikum,0
ngerti gak apa yg diomongin,0
gimana cara minta bapak sweat smile,0
apasih org bahas jersey timnas malah judi gak hormat,0
apa jadi dunia kiamat ahok yess anies no jual agama,0
gas modif xmax sweat smile,0
bang hp nubia v70 cb review hp d bwh jt,0
baru cadi langsung crash sob,0
arifhidayat4149 kamu tiba tiba buta apa,0
ahok aja no anies,0
serius deh cuman alexis17 baik,1
pulau777 waktu main waktu menang,1
bagus banget emang kaca filem wincos heart heart heart heart,0
skill ulti keren parah alexis17 pukau,1
semua temen kantor gue kepo sama hasil alexis star star,1
beli kapal api special mix,0
bukan main sini bukbuopt selalu jepeee,1
mobil suami irish bella,0
aku nonton sampe akhir kok bang tekan tombol dislike xixixixi,0
sy ntn krn btp aja,0
fiktif presiden kok ngasal bicara data sweat smile,0
rezeki gak putus makas pulau777,1
dewadora member bru jepe,1
pingin beli lah buat timnas,0
alexis17 emang beda bet,1
waswiswus yg penting ngomong,0
fix k aceh aja om gas,0
dr awal pak ahok udh bilang ronde joy,0
episode selesai,0
os nya gmn,0
kayak gw ngobrol sama kakek persis jawab nya ngelantur,0
lgsg otw mimpi,0
gue sih ga ragu rekomendasiin alexis17 temen temen gue,1
need money for porsche nempel lamborghini moyai,0
sparkles weton88 sparkles,1
benar2 kerenn love you gesture,0
untung bikin cinta agustoto hasil,1
review supra mkvnya banggg,0
gile ye racing ye,0
jam sia siaaa,0
bagus nokia bang sweat smile sweat smile,0
ngotot ahok jadi presiden ga bakal,0
rasa ferry remond joy,0
gokilll,0
udah paling ciuuaan deh main mandalika77 ga mau pindah situs situs uadah kksih aku kmenangan jadi memang beneran udah nyaman bangetttttttt,1
masa 2jz gd alih ls hehe,0
pulauwin sih sebenernya segitunya nyebar,1
udah jelasin awal vidio,0
mending beli mie ayam,0
gass modif motor,0
ubur2 ikan lele rawan bakar lee,0
manipulasi putus mk x manipulasi main catur white check mark,0
gue rela gak hangout temen nabung alexis17,1
kok ga muncul dislike nya,0
speaking head harga lima puluh juta ajaaa moyai,0
menit kelar wkwk joy,0
capek banget jadi warga konoha,0
yea ga berani tuh ngundang tempo stuck out tongue winking eye,0
bismillah prof mahfud ahok,0
gilaaaa ahok respect heart heart heart,0
hahahahhaha,0
gacur hari modal ada,1
bandar sgi88 sunny auto sultan gacur,1
tetep nonton walaupun ga ngerti mobil,0
cumap luto88 nih langsung ngasih jp mantap bro,1
iklan judul benar benar bikin darah,1
emang kamu sama gak nyambungnya andi maulana,0
jadi tabung apa masa depan,0
vincent zs7oy gitu boleee joy,0
lcd flexible rawan bang fix bukan buat kaum dang mending,0
patung gasss hayu,0
nunggu lipet aja deh,0
agustoto gua maen santai saldo lngsung naik gede,1
bangun motor ninja aja bang joy,0
wkwkwkwkwkwk joy,0
menteri ny banyak orang mulyono,0
modal sedikit langsung limpah hasil main doyaa77bikin makin semangat,1
hasil agustoto tingkat modal usaha signifikan,1
benywijaya5521 ngomen diri sendiri,0
pulau777 punya fitur paling lengkap,1
kayak mobil e pick up,0
episode paling lucu hahha,0
cuman orang yg gw percaya bakal bikin indonesia lebih baik,0
emang gak se seru alexis star star deh,1
mahfud md ahok,0
mana crosstrack bng dh nungguin nih,0
crosstrack beso jumat kan cry,0
mang pabrik erspo bandung bocoranna atuh,0
kumpul beberapa pakar masuk pakar korupsi alias koruptor joy,0
lbwk bang lambo,0
gue sih yes terus kalo ajak main alexis star star,1
presiden prabowo cerita,0
suara mirip lightning mcqueen joy,0
pak ahok sudah wawancara joy,0
layan pulay777 sangat cepat muas,1
seru main agustoto bareng teman teman asyik,1
redi jual mesin 2jzgte biar kyk garasidrift man,0
konsisten jadi jari tengah lingkung tetep boros ev,0
om fitra sama lai bikin film mobil seru joy,0
sihh lebih cocok mobil sprint rally sihh sunglasses,0
ziko kemaren gak ikut event,0
gak ngebosenin sih gue tetep stay pulauwin,1
new armada r22 cakep tada,0
coba diskusi wakil presidenya joy joy joy jangan lama lama jam ajah joy joy joy,0
mlndalikl7 jekpot terus pokok gk bikin kecewa,1
bilang joy,0
gm irene nonton pandji be like oon,0
njir alexis17 emang daun banget gila sih,1
nyuruh orang produktif aja kerja cariin bapak,0
makasih ko rub pray,0
agustoto bru join lngsg wd gokil banget,1
yaelah pulauwin muncul,1
rahadiarum7448 menit gk bahas transparansi bang,0
muakkk,0
tahu minim lebih hebat gak om mob,0
berkah99 terus abang abangkuu,1
hadir bang,0
link beli jersey ori bang,0
kerennn contentnya bang cari situs benar probet855,1
aura moreno konga nya kuat bngett,0
moga p1 mas umbu,0
cara bikin timestamp begini gimana sih,0
bau bau piala dunia kemarin aja bantai ama iran,0
50jt hp soal lipat sweat smile,0
gila sih rasa gak lengkap hari fire zap alexis17 zap fire,1
aura gicir nya nampak banget guys bukit888,1
gpp kak jogetin aja oke gas oke gas wkoakwoaw,0
makas pulauwin udh ngasih rejeki banyak hari,1
outstanding sekali kasih keras terus pokok buat team gd,0
mascar007 mas asep mas asep slight smile left right arrow,0
axl777 tiap maen aja jackpot luar biasa,1
bang review pick up lbwk dong awoakwoakw,0
gak perlu didik tinggi buat menang alexis star star,1
cuma sini zap alexis17 zap emang gak pernah ngecewain,1
tau aja lu bang kalo gua otw beli hp,0
undang bu sus tarik baang,0
ngidam ngidam ngidam,0
setia aja alexis17,1
tantang diri sendiri tertawa baca komen pray,0
agustoto emang top notch highly recommended kalang,1
tim beli doang nonton kagak point up,0
langsung beli poco x7 pro,0
tu bang ziko modif motor,0
baru sadar mas dipo kumis hehe rofl rofl,0
mekswin mahjong seru banget,1
jaka sembung bawa golok kok gak nyambung wo joy,0
gass modifikasi motor bang raised hands,0
hydraplus510 bukti kualitas masyarakat sangat prihatin,0
alexis yin emang ga main main soal aman data member,1
makasih mandalika77 umur umur baru kali lihat kali merah wd juta modal 60k,1
rezeki dewadora bikin senyum lebar terima kasih,1
betul88 siap ikan m4x w1n,1
dewadora auto mekswin tiap hari,1
mimpi apa rakyat kumolonimbus,0
isi konten asyik isi komennya buzzer semua wkwkwkk,0
apple punya usa cina cuman rakit biaya produksi murah,0
sekali sekali bikin motor balap mas,0
terlalu tinggi nyata,0
wwhhyyyy so awesome heart heart heart heart,0
nama alexis17 unik banget,1
berkah rezeki hari berkat star sgi88 puji syukur,1
mantap baru main udah kasih menang aja mandalika77 modal receh wd haha,1
mas lauk apa buat besok lusa,0
kalo sama snapdragon,0
tanya a jawab b sob punch,0
gas main mio bng,0
pasang tg nya gimana tuh,0
gw kalah taruh paksa nonton habis pensive,0
baik heart memang kak salam sgi88,1
super sekali mandalika77 mantap,1
let s goooo,0
mandalika77 ramai nih tmn gw maen situ skrg,1
iseng iseng main alexis17 hobi cuan,1
lexus kok cuman ikut booth toyota,0
spin rezeki king328,1
wapres,0
yg gk sebut tuh bang octopus octopus,0
ngomongnya muter2 terus tak bobot cry,0
harus acara selesai hihihihi,0
yeah segmen paporit,0
ahok panutan thumbsup thumbsup thumbsup,0
kalo ahok jadi presiden keren kayak,0
yg nyelip satu biji thinking thinking sweat smile,0
mascar007 beliau pundak nya perintah mikir lah solusi sweat smile,0
kali sangat apresiasi orang2 ngedislike video pray,0
m a n u t baik pokok,1
emang gak se recommended alexis star star deh,1
percaya banget menang berkat prediksi pawpaw4d,1
retorika yg tak tau arah nya mau ngapa dn,0
beli iphone ajee,0
wkwkwk skak lol,0
presiden prabowo jawab x presiden prabowo yapping white check mark,0
65inch aja udah gede bener jir,1
rejeki nambah nyesel nyobain,1
gokil si mobil,0
ketua sedang tantang kuota,0
udah gk bosan semenjak kenal pluto88,1
emang gak se untung alexis star star,1
rezeki nomplok hari datang dora77 bener bener puas banget,1
kaonimecrack1945 langsung punchline jir wkwkw,0
tahan samsung a6 ram layar retak,0
masukkkk pa muchlis joy,0
sukses slalu mandalika77,1
1jam upload nih,0
fufufafa cuma hapalan fufufafa gak paham keluar mulut,0
harus kan ngatur moyai jadi susah,0
bagus pakai talenan portable sweat smile,0
ga upload hari jumat sore tuh kya aneh joy,0
tani bal udah cepat sukses pk ngga butuh kerja keras,0
siap salah bg mungkin bahan s15 blum nemu wkwkwk papa sibuk,0
ziko maen vario aja thumbsup eagle,0
manut88 jadi paling top lah,1
make nih orang,0
sini cuma kasih dislike wkwk,0
3langkah depan gd,0
hanifalii23 cuma asal tag bang kflgy,0
terus ngapain pak wapres joy,0
jangan mas kasi keringet dingin,0
sponsor ngalahin tv tuu,0
komen judolnya om kondisi,0
jangan lupa sedekah nya bro,0
adangman baru keluar goa gmn sih sampe ga tau informasi yg bener person facepalming,0
bayang ivan motors masukin aston martin one gokil,1
macan sirkus cat orange whistling,0
kaya bakal fokus mobil dipo sama farrel dulu gk sih,0
ahok buat komen judol kaga ngaer joy,0
kenyang banget ilmu nya thumbsup thumbsup thumbsup,0
baby chair open mouth open mouth open mouth sweat smile sweat smile sweat smile sweat smile,0
kerja numpuk bikin mager butuh semangat alexis17,1
jagan modif motor bang ga seru masa langsung tamat moyai,0
dailyinsporation tanya gua sbnrnya lu mau siapa si presiden,0
puas jepiy nya sini ga ruda ho ki fire smiling face with 3 hearts,1
titip ga kapabilitas joy joy,0
hp cepet rusak china sendiri joy,0
beli hikmah,0
fix masuk indonesia karna perang dagang yg panas sweat smile,0
kok ngga disebutin mas ziko eyes,0
lengkap derita rakyat,0
siapa,0
miya88 bikin gue nunggu petir,1
m a n u t modal receh aja gampaang bangeet jeepe,1
menang hoki insting pluto88 baik,1
jadi wapress gak kerja,0
coba waktu jaman pak jokowi acara bagus,0
tanya apa jawabanya apa cry nyambung cry,0
menang dora77 denger cerita sukses orang,1
insya alloh punya anak istri bang kalok gua mah,0
harga tingkat lanjut doyaa77 pilih,1
udah cinta mati kali aku ama mandalika77,1
jum at sore gada video gd baru rasa yg aneh aja gitu sweat smile,0
ganjar gausa ikut si,0
ancrit jauh lebih ganteng ni mobil brziko wkwkwk,0
moga berkah99 nomor,1
kingpizzasuper apa nya yg ngak paham,0
terus what should you do pak,0
gak perlu pusing mikirin biaya sekolah kalo udah join alexis star star,1
main dora buka jalan tukang bakso milik restoran,1
gantung konsumen,0
gass modif motor kek den mas,0
pisaulipekstikerbatam jelas gua pinter lu pinter ga,0
terima kasih agustoto hari menang besar buat butuh keluarga,1
sponsor cukup ahmad syahroni,0
suka bagaimana semua pulau777 jalan lancar,1
asik banget subaru jadi ken wrx wagon,0
but apa selamatin garuda weh,0
jurnalis tempo sama metro tv kok gak ajak,0
ahok ri,0
senang banget dapet rezeki ahmadtoto,1
mirip mobil ralli jir,0
lah nyata banjaran kab bandung,0
udah daftar sih alexis17 ramah banget csnya,1
axl77 7menawarkan dekat beda interaksi daring,1
next mobil nya farel kali eyes eyes,0
agustotobikin hari hari makin warna rezeki tak pernah ingkar janji,1
kesini cuma kasih dislike joy,0
yah udah kena damage aja sob,0
proses cepat alexis17 jago say,1
mobil mitsubishi apa pas yg parkir luar lewat,0
ayo jangan didislike kasihan baca aja susah joy,0
gila ngomongin alexis17 ikut kepo,1
gua nonton ken dapet jawab malah dengerin orang ngelantur,0
pantes rame alexis17 bnrn jp,1
lo tau gk arti nipotisme,0
cuma sini setia banget sama zap alexis17 zap sejak awal,1
yg uu ampas aset malah jawab beliau sweat smile,0
garus beli sih wajiiiibbb,0
bro revolving hearts alexis revolving hearts turnamen gede nih hadiah mobil sport,1
kalau pasang antigoresnya gimana bg,0
ovanfebrian f1f jauh gw gak pernah milih anies jadi gw bukan anak abah,0
gila alexis ashu percaya kagak nih,1
presiden prabowo layak periode justru gibran jadi pro kontra,0
amazing bro komen yg paling nyala,0
komentar kocok perut nih joy,0
sukses apa joy,0
sungguh buah punchline,0
jepey gmpng banget weton88,1
orang bilang alexis17 tuh bener bener legit,1
sabar main agustoto rezeki aja,1
alexis17 makasih bnrn asik jp aja,1
tim harga juta person raising hand,0
oalaa hp yg borong speed kemaren tuh,0
kan ahok bikin anies gajadi usung pdi,0
gokil lu bg sumpah kreen,0
neng banget nontonnya lucu banget wkwkwk,0
tiap hari kayak aja seru baru pulauwin,1
vibesnya bapak bapak pangkal ojek,0
agustoto gua maen bentar lngsg jekpot gede,1
om d sana mobil asemka,0
pretty much xd,0
liat dislike gimana sy vote joy,0
now playing slank tong kosong,0
mantap masbro belakang utk dukung,0
gua sih udah anggep alexis yin kaya second home aja,1
duet ex espn fc mantengin justin edwin antem mulu sob,0
akhirnyaa tada tada tada salam star sgi88 gampang jepe,1
suara knalpot motor masuk pas ziko nge review v,0
zik bikin konten modif motor xmax soal banyak pake,0
mode rakyat joy joy joy,0
arjunbaihaqy1744 kalo tau poin apa bikin lo milih bro,0
keinget rx rotor pernah review,0
tunggu versi mini gt nya mas dipo,0
adejua j4l padahal ngak ngomongin anis looh,0
jangan lupa hilir sama ajar patuh sama kiyai,0
miya88 gacir parah kali main langsung langsung sukses,1
agustoto tiap maen aja jepe nya,1
suka aston martin sd kali lihat db8 graz,1
done dislike blush,0
hp sampah coba az cr review internet,0
gue sih udah anggep alexis17 kaya rumah aja betah banget atmosfer,1
baru pakai zfold 4bln langsung gigit jari liat edaaaaannn,0
pulau777 selalu bikin penasaran,1
bokuggooiti,1
tonton tiap tahun,0
happy banget dapet rezeki doyaa77 bener bener puas,1
otw beli apa iphone samsung,0
judule sm dg youtube nya si ferry irwandi,0
anggorodps 9 ga capek balesin komen bro hahaha,0
maaf yah typo nya terima kasih koreksi pray,0
spg nya denza cakep buangett kissing heart,0
ngebantu banget bang poin2 yg jabar thumbsup,0
moga rezeki agustoto bawa berkah manfaat umat manusia,1
kalau jatu habis cerita,0
moga ga masuk daftar jual,0
serius ni promo,0
jepe pertama kali maen auto betah,1
iphone aja buat cina joy joy tesla buat cina,0
yakin terang,0
mama mobil kompetitif broo klo gamau ancur maen kontes aja,0
apa sih caper joy,0
wapres asli joy joy joy,0
kapan yaa punya mobil,0
ahok baik,0
kudu kasih jempol buat star alexis17 star top markotop,1
berkah99 emang cuan,1
kak ireneeeeeeeeee,0
kobo coy,0
point nya anis yg suci sempurna jadi presiden,0
hadiah lipat ganda cuman star alexis17 aja lee,1
asli merinding pas bagi reveal mobil nya sob,0
bokuggooiti the best menang terus,1
sisa livery ajasi ni mobil,0
gua nyoba judol maen diga rudaho ki gaji gua jdi nambah scream cat fire,1
babi yapping joy,0
mas atenx akhir2 jadi king rivewer motor ngabers joy,0
kalau salah mobil sam captain wakanda joy,0
prabowo makin pea,0
tanya apa jawab apa miss the point,0
si asep ga ajak,0
habis nonton fery irwandi terus nonton hadehhh,0
gila keren banget velgnya heart eyes,0
gak lah kondisiin jgn bahas solusi,0
biar keren lah makanya langsung build us mesin,0
dlu bang joy,0
peak,0
andai huawei pake android produsen hp guncang,0
owh duid bapak nya kirain hasil keringat sendiri sweat smile joy,0
hahahahq sama,0
alfito kurang jaga atitut,0
bismillah otw pildun,0
platform baik cuman alexis17,1
zhesuanshizhongguoshoujizuigaogongyile,0
ini nama support system work together wkwk,0
compare pake ultra ultra,0
mobil2 gd chasis nya ga dipotong2 ganti tubular,0
jangan kan sahkan bahas aja joy joy joy joy gak usaha harap lebih blush,0
mumet omon omon e mbulet,0
modal kecil maxwin gila sih gacor abis,1
iya banget,0
aduhhh gila hasil gokil ganteng banget,0
aku udah daftar mandalika77,1
link beli joy,0
bakul tempe brebes tempo bang,0
gak perlu pusing mikirin masa depan kalo udah join alexis star star,1
sponsor gokil gokill cok,0
udah video kemaren konten orang yasrilsaputra,0
tumben kaga test speaker lagu andal safe and sound,0
gass bikin konten motor wkwkwkw,0
camatzeus lah ngapain bawa2 anak abah joy,0
swert bonanja gacir pol prnh zonk,1
gm irene sukandar menang lihat sweat smile sweat smile,0
duit abis gara gara belanja tenang alexis17,1
mampir cuma utk dislike,0
bro alexis17 ngadain giveaway nih hadiah iphone pro max,1
ahok presiden anies menteri didik,0
gemes sm masker muka pngn tek copot sweat smile,0
alhamdulillah rezeki baru main mlndalikl77 langsung jakpot besar thank you banget,1
kirain fj cruiser cry cry cry,0
simpul biar hemat kuota,0
dora77 gua wd gede lgnsung plg,1
untung bikin semangat main dora77,1
tim mending beli beras,0
alexis17 bikin gue sultan singkat modal,1
ismailadrian f2e bayar brp blok buzzer tlol berani bkin negara ancur,0
mahakarya tada tada tada,0
intonasi kaga enak ge,0
coba mobil listrik mas,0
depo mekswin dewadora,1
langgar ham mana paham abusive,0
gue rela begadang sampe pagi alexis star star,1
tunggu masakan bang valentinus resa,0
akhir ga pake btp,0
semangat kak doa nyusul,0
gak org baca teks bole nyari dr gugel,0
bayar tagih bikin produktif tetep produktif kayak alexis17,1
enggak sabar liat maestro tahir pake jersey partying face,0
mlndalikl77 gua bru nyoba lgnsung hoki deh,1
akhir gak komen judol tada,0
tinggal nunggu brz nya farrel tampil,0
hp lu lipet brp bos moyai,0
maizarindra498 jelasin dong pake nalar,0
cocok buat temenin tidur malam rofl,0
dishare sih bahan papar pak presiden,0
brp ratus ribu udah yg dislike nih so gak kliatan joy,0
elah judik,0
mending bikin video review buku komik main gadget aja deh mas,0
tunggu video full review mobil nya,0
klo fd regulasi nya beadlock gaboleh ids,0
mantap gokil sih alexis17,1
axl777 aku main iseng malah jadi seru,1
bismillah moga abis wapres gibran jawab,0
sumpah banget benefit alexis17,1
gue cek update baru alexis17,1
keren parah org indo modifnya,0
joy joy joy joy joy joy video apa coook,0
sumpah gue nama pantai pulauwin,1
iseng doang main dewadora eh tagih cuan nih,1
paling ngakak suara minggir lu miskin sweat smile joy,0
mascar007 lah jadi harus ngapain kritik kasih,0
jeroan makan sih tulang doang,0
daftar langsung kasih menang king328,1
enak lah kerja cariin bapak,0
wah baru denger star alexis17 star langsung penasaran dong,1
cepat,0
thanks bang bantu banget komennya,0
waahhh wahh kudu bawa prestasi mah hahaa fire fire fire,0
pramtime sekadar basa basi biar anggap junjung tinggi demokrasi,0
alexis17 ngertiin butuh gue sih,1
butuh orang cok joy,0
dewador abenar benar unggul rekomendasi,1
jadu inget reklamasi jakarta sweat smile,0
alhamdulillah aku kena dough votao77 250k bobol,1
suka hal2 baik potential highlight,0
arti tanda pura2 kaya hahaha,0
tau malu,0
nama pt nya apa sih,0
bang lo cariin alex noh moyai,0
nunggu crosstrek,0
allah moga aku punya mobil amiin allah,0
lansia sedang main catur joy joy,0
the power kak najwa white heart,0
tetap gaya kaku tetap upaya egaliter demokratis,0
jawab hasil ai,0
gilaaaaaa keren parahhh menit,0
wapres hasil ngrusak konstitusi bisa2nya ngmngn bginian ngacaa,0
gassss ziko bikin konten modifikasi motor,0
50jutaan aja ginjal ronta ronta joy joy joy joy joy,0
rezeki bikin optimis alexis17,1
lancar lancar bang salam jepe probet855,1
info banya lepas drif pig,0
nahh bener omon2 oke gas2,0
yg db aja kebel udah db aja,1
makin seru mandalika77 sltnya oke banget bonus bikin senang untung limpah selalu memberikaan cuan teruss tiap hari nya emang gokil bangett,1
swert bonanja gacir hari wede juta,1
main tenang hasil salute player pluto88,1
gak masuk akal pulauwin bikin penasaran,1
tanya a jawab z x y,0
mantap jiwa main ahmadtoto rezeki nomplok,1
harga 50jutaan aja,0
pak ahok duet sama kdm sangar sih indonesia heart,0
salfok edit pas sticker sponsor belkote hilang sob sob,0
sehat kang semngat ngonten lancar urus salam s gi8,1
mantab crazy rizh priok mah,0
bisa gibran next,0
bro alexis17 tuh emang mantep banget gue udah buktiin ga bohong,1
pake hp iphone baru auto minggir minggir lu miskin joy,0
agustoto aku wedey gede cma maen bentar,1
moga pak wowo lihat komentar kritis netizen,0
orang kantor udh join alexis17,1
next review s15 mesin r35,0
anjir skakmat kocak wkwkwkwk dimarahin kaga maen sama narsum joy joy joy,0
mantab mas sapto,0
ga asik banget cameranya unstable ngeganggu,0
lah yg bikin amerika ga suka sama huawei joy joy,0
wkwkwk supersmar,0
tiba tiba bahas narkoba pak kan poin nya bukan situ sob,0
anggorodps 9 nahhhh jelas lah,0
next wapresnya dong,0
mlndalikl77 gk ribet gampang banget dapet hasil gede,1
inti bonus demografi nganggur semua kl paman joy joy,0
wajar bapak duit ga seri,0
berkah99 bikin kaya beneran mantap,1
malam untung besar datang dora77 seru banget,1
alexis tuh emang bener bener ngasih peluang orang,1
makin sayang ma pa ahok open mouth,0
nunjuk nujuk terus tuh jari point up 2 joy joy joy,0
aku gak jadi beli,0
try playback speed at thank me later,0
giiileeeeeeeeeee,0
dah bukti om,0
pulauwin,1
keren banget bang bim,0
mlndalikl77 platform terus baru,1
asli gak boong revolving hearts alexis revolving hearts scatter nya gampang keluar,1
review silvia rb,0
kalo duduk sana gak berani nanya takut gelas layang,0
tombol omon2 omong kosong,0
emang siapa nabrakin mobil,0
hold all coment,0
fate v9f buat apa test antutu hp fold,0
mas ga om joy,0
kayak konsep tahun an awal airbrush full body,0
isi ngga faedah,0
cari komentar caveine sini joy,0
gates gacir banget udh jepek,1
lieur ach,0
mana gue pergi aja nyebut pulauwin,0
sponsore ra kiro kiro semangat dip innocent,0
fufufafa is the best,0
gaes alexis17 bikin hidup gue simpel asli,1
tak bahas ampas aset koruptor serius nanya,0
lebih fungsional,0
beli kuota,0
nunggu gd buat mobil sendiri ayo sweat smile,0
gila nama alexis17 unik banget,1
gue udah ga bayangin hidup a l e x i s udah sumber nafkah utama,1
pawpaw4d emang pas cari angka jitu hoki,1
episode tunggu tunggu,0
astaghfirullah jawab apa,0
anies gabakalan gw milih tuh orang joy joy joy,0
mantap alexis17 aman gak sih tau gila,1
mobil om fitra lewat bg,0
yg punya bner g seri duit mantap joy,0
besok beli yg penting huawei,0
review mobil ford f150 raptor mas blush,0
bro alexis17 update sistem nih gacor anti zonk,1
tempo gak undang,0
skill mekanik banget alexis17 salut,1
udah kali menang berkat bantu pawpaw4d,1
911yudha terus yg cocok siapa,0
betul malah lebih kritis,0
santai rumah feel nya dapet banget bareng pulauwin,1
muhammadmudayin jawab banyak lebar mana mana person facepalming female sign,0
nurcahyo6474 urusin dulu sukahaji baru ngomong kdm shushing face,0
ampun dah sekarang komen judol ky jamur mana,0
riwayat kalah ku situs belah cuman situs mandalika77 selamat uang ku,1
kdm ahok muscle thumbsup fire,0
saking asyik baca komen jadi ken pipis online gue sweat smile,0
wede lancar banget layan top sih,1
kunci orang bapak paman,0
seru abis zap alexis17 zap emang gak pernah ngecewain,1
kek tinggi bro,0
sehat rezeki weton88,1
yoo i have never clicked so fast,0
sumpah penasaran banget bahas alexis17 kolom komentar,1
mantep bener mas dipo sukses terus,0
help i cant take it anymore cry,0
sukaaa bangettt sama star sgi88,1
gw kasi kisi2 lembut sikit main la mandalika77 anak baru nih brani kasi wr tinggi2 wkwkwkwk gas kapok,1
ngiri abis kaya orang,0
gue sih udah ga move on alexis17 gacor bikin tagih parah,1
saran aja bang pin komen nya bang,0
alexis cba bntr jepe gede lgnsung,1
silvia merah jarang dipake bang sini tuker sama beat karbu moyai,0
jiwa kaya raya ku tumbuh abangkuuuu sweat smile,0
kapasitas baterai 250kwh tara token listrik bulan hahaha,0
benerrr emang one in a million sih,0
rizkyafriansyah5433 kalo grammar bener mending pake bahasa indonesi aja,0
marga mesin mana suaranyaaaa,0
wowkwowkok si beler singapur,0
mampir dislike aja sih komentar nyata joy,0
rezeki do a7 bikin hari lebih makna terima kasih people wrestling,1
diem lo mas wapres,0
so what s the point,0
prabowo si certified yapper joy,0
banyak komentar judol jir,0
sponsor penuuuh,0
tempo gak mutu media ptopokatip,0
next bikin konten ganti mesin brziko pakai v8,0
peluang emas bapak om,0
hahahaha om mob diomelin mobil,0
mampir dulu absen dislike joy joy,0
gelo cinematic nya fire fire fire,0
dewadora gacor ga mati,1
moga ahoh sehat sehat terus nafas dengar makin berat,0
gagah banget sayang ev,0
judul bukan diskisi lebih cocok cerita zaman,0
ko ga tombol dislike nya,0
om jeje msh sodara sm haji jeje,0
wkwkwkw,0
semua orang bilang alexis star star tuh bener bener ubah hidup,1
congrats family drifter tada,0
poin yg mau sampai gak jelas,0
250like berat 50juta x,0
inimah bukan antilag dastek dastekan,0
anjr pake setrika sweat smile,0
bukan selera anak muda joy,0
sikat bonus dewadora auto sultan,1
enak dual screen nyaman,0
ngga masuk selera pak wahid,0
wuaduh hahahaha,0
mochiizuki gitu beda beda thanks info,0
ngakak banget rofl rofl rofl rofl,0
tim yg langsung jual motor buat beli,0
gak aja gue tau alexis17,1
plek ketiplek,0
presiden prabowo gebrak meja,0
6sulaimanalisatief111 jgn terlalu naif,0
ganti dong wapresnya begini tunggu edisi lanjut,0
anti gores nya gimna sweat smile,0
aseli logika ga jalan,0
typographynya pake mister horse bang,0
hasil gacir dora bikin seru mantap banget,1
niat banget copasnya face blue smiling,0
emang apa,0
rightnow fs9vx makan makan makan jadi gemb,0
cuan tiada king328 nomor,1
guaa ikut terharuu gg garasidrift,0
waah bimo tambah kasep pake jersey timnas keren thumbsup thumbsup idid fire fire,0
deposit 100rb dpaat berapa,0
jam nontonin prabowo yapping doang,0
ngomongin alexis17 baik,1
amerika ketar tir joy,0
mau komen ginian udh wakil sweat smile,0
ga mungkin kaum serang fajar banyak soal,0
tambah bennix awalul rizky,0
keren bgt mas dipo,0
kan bikin nya ai joy,0
baru mobillll,0
gacir banget main sgi88,1
bukan siapa paling kuat siapa punya kuasa uang,0
beda alexis17 pokok,1
makasih banyak dora77 rezeki hari benar benar luar biasa,1
miata kaki kaki nya aman buat drift,0
emang anak siapa doi,0
terus penting apa buat gua,0
mas tadi iims ko gada mas ziko,0
brzz asli ganteng banget,0
aneh bat maen catur janji wkwk,0
layan alexis17 baik sih,1
next gibran jawab,0
tiap maen sini gacor abis,1
dora7 7menyediakan antarmuka ramah guna,1
hasil akal2an konstitusi,0
ditunggu2,0
rezeki dewadora sungguh terima kasih tuhan,1
anjas hujat joy,0
seru abis gak move on seru fire zap alexis17 zap fire,1
gak nyampe mas gibran nya keburu ngehang,0
main dora77bikin hari lebih senang terima kasih,1
abis review mobil mas dio kek wkkwk,0
dukung abah bangun tidur grin grin puas kayak nya musikk,0
sering2 aja mas up youtubenya nungguin trus,0
citra kalo kata kasar bang gk ikut bikin ikut klaim,0
mantab ngantuk buat joy,0
mbpok nana ngomong malah potong sama moderator dihhh,0
bang jual bakso,0
kok diesel skip bg,0
face vomiting pake emoticon muntah aja bang,0
dipake ngojol worth it ga,0
ikut senyam senyum sendiri joy,0
joy joy joy joy astaghfirullah adzim joy joy joy joy,0
ayo buka bapak presiden tangan besi rakyat,0
wehhhh udh crash ajaaaa broken heart broken heart broken heart,0
gacor bener gates lgsng jepe,1
the power of bapak fire,0
mercedes g63 lewat,0
bayang huawei dibanned google damn,0
debat capres sampe sekarang tetep kosong tada,0
inti cuma omon omon doang,0
kerah yg dipake bimo emang mencong gt,0
sehat selalu semua salam weton88 gampang jepe,1
wwopppppp mantaaaapppp,0
pulang kantor kena nugas bete banget alexis17 kena gak,1
yakin ntar dinasehatin sama expert jawab ndasmu loh joy,0
emang gak se seru alexis star star sih,1
gaji umr uang tambah mah udah party tiap malming wkwkkwkw makasih mandalika77,1
satriapurnamaaji8104 hasil apa cuma berita doang,0
penting makan gerat,0
nunggu produk chery bbm nya pake air laut hand with index finger and thumb crossed sunglasses,0
gibran masukin dong joy,0
lah ganti thumbnail wakakaka,0
pak ahok baik terima kasih panji undang beliau,0
baru kelar lgsg crash mas sayang bener,0
tigoo kan seater bos,0
gak tempo,0
top mantap is the best bang rifatq,1
jepey trs tiap hari cuma diweton88 star,1
ahmadluthfiprofile kwowkkwkw btul soal ga mampu mau beli mate xt joy cat,0
beuhhh pedassss joy,0
demo dalang padahal mah situ sendiri dalang cry,0
iss prideeee,0
bonus demografi ga bawa dampak apa2 ordal sweat smile sweat smile,0
jawab kihat komentar netizen ngg jadi nonton,0
balalambat tahu urang kd ktuju bungul,0
gak lengkap hari alexis17,1
insyaa allah kebel kiamat,0
malaysia laris sering lihat jalan,0
poin penting penting,0
kuat banget editor,0
punya malu,0
juang scroll sosmed alexis17 ngerasain gak,1
nunggu second,0
jam potong vidionya apa,0
probet855 bikin maxwin makin gampang,1
keren suatu hape dikuwas kuwes,0
juta aja cry,0
komentar puas pak presiden,0
hidup lebih makna mandalika77,1
asc punya nih blush,0
all for enjoyment and peace of mind fire,0
dislike nya hide joy,0
finnaly bahas wkwkkw,0
mantap ne ahok pandji satu pikir ketawa bareng joy sweat smile,0
teamshare7558 heran banyak yg milih exploding head exploding head exploding head,0
keren bangun mobil cuman bulan thumbsup thumbsup thumbsup,0
langsung cekot sopi joy,0
gue spontan nyeletuk gituu coyyy,0
tinggal metro tempo yg msih bs harap netralitas,0
moga rezeki asal dewadora bawa manfaat,1
sedih orang pintar pak ahok gajadi pimpin,0
maaf gua udah percaya gar uda hoki,1
rezeki suhu328 sungguh terima kasih tuhan,1
udah yapping nya,0
tau db9 game nfs,0
jawab tanya bagaimana gibran jadi wapres,0
terima kasih video sensor,0
orang mah gampang pratek langsung tau bedanta,1
punya presiden gin joy,0
dora77 emang top notch highly recommended kalang,1
tampil fitur lengkap alexis17,1
bang zik bangun mio full rata kanan donk laughing,0
asli keren bgt mobil fire fire fire fire fire fire,0
anj keren bet,0
isi kosong bikin bingung,0
eee eee joy,0
anggorodps 9 bla bla bla kalau kosong mah memang kosong aja,0
gas mas kontenin x maxnya fire fire,0
seru main dora bareng teman teman asyik,1
udah bawa naugan hmc skrang to,0
kok mirip marsha vob apa emg joy,0
ngga yg percaya gni,0
mana konten gd hari,0
kaki si ridwan knp tu,0
aja gw coba llexis17 malam lumayan dpt 2jt,1
gass modif motor fire fire,0
mitsubishi canter ev,0
bang s15 nya bang kontenin lgi,0
pas rilis detik sold out bang moga gua bagi yg ls sweat smile,0
wartawannya hebat kuat nahan ngantuk,0
xmax oming welcomluster,0
aja surprise dora77 bikin penasaran,1
pantesan mamarika ketar tir sama brand satu joy,0
gas mas modif motor xmax new aerox turbo,0
gass manut88,1
sempat gak lewat main pluto88,1
baca komen lebih seru yah joy,0
seru nich sgi88 cair terus blush,1
makasiii banyakkkk,0
nungguin buzzer yg lawan,0
enak main pulau kapuk indah,1
keren maksimal menang pluto88 auto sultan dada,1
faa3457 k9l yg bahas apa komentar apa kan kocak,0
tanjung priok punya nih bosss sunglasses sunglasses sunglasses,0
kenblock almarhum sweat smile sweat smile,0
kuliner mikir makan aja gk usah politik,0
alexis17 ngertiin butuh gue tenan,1
smooth banget,0
kesini ga nonton video cuma mau dislike v,0
hp yg unboxing speet,0
kdm ahok tugas gebrak luar negeri,0
ga daging nya normatif,0
untung bikin semangat main ahmadtoto,1
cuma biar liat keren kosong video jiplak tak malu,0
hemanut88herasakan sensasi jeepe tubi tubi,1
rezeki datang cepat main agustoto langsung gacir,1
setia pakai huawei p30 pro,0
lo yg ga paham kali narasikok,0
user ayla cuman like aja,0
manut88 manut88,1
bang suara nya kecil,0
si paling tarung tangguh cihh,0
bang dipo knpa nomer atap nya,0
komen rage bait mana crosstrek nya triumph rage,0
anies ahok siap lawan gemoy,0
nvm you can skip it the good part start here,0
ubur ubur ikan lele ngelantur pak lek sweat smile sweat smile sweat smile sweat smile,0
wakil,0
gw pernah sampe ledak nih pulau jd 45jt dizzy dizzy,1
alexis17 emang ga dua layan super cepet wd lancar jaya,1
poin mana yg lw gasuka dr jawab coba sampein,0
mayoritas masyarakat kecewa bijak bapak terimakasih,0
gacir banget dewadora langsung jepe,1
uda ngatain orang pake emot minta maaf gada mental,0
wede aman prnh masalah,1
anggorodps 9 oon jangan pelihara brooo grinning grinning,0
gass bangg next modifikasi motorr,0
bobol waktu pertamina,0
gampang patah kalo gak hati hati tipis bet liat aja deh sweat smile,0
mata najwa tatap curiga sahabat,0
agustoto gua gk pernah nemu tempat segacor belum,1
sixtop n1y wihh trs yg pantes yg mana bro jadi presiden,0
moga aja ga kaya u20 gagal piala dunia,0
update crosstrek,0
si paling paham joy ismailadrian f2e,0
pas tanya soal anak doang rofl,0
baru daftar maen sebentar lgsng jepe,1
ngomong2 mirip mobil rally kali yah ikut rally ni mobil,0
kasih duit,0
keren banget modifikasi mobil,0
iseng depo 25k alexis17 dapet mantap rejeki nomplok,1
modif mio karbu aja bang fire,0
andi maulana hahaha makasih jadi notice,0
mantap mas vi tera eri heart heart heart heart,0
loh kok bisa2nya sini joy,0
tawarin dewi masyitoh mas mau rintis parwis,0
gas lah pasang antilag mas ziko joy,0
beli main magic chess gogo,0
ngeri,0
sayang banget upload udah crash cry,0
tida lihat sedikit cumi cumi bau asep,0
metro tempo ga ajak saluting face,0
pluto88 bener bener mesin uang pribadi auto cuan,1
iya practically emang sieh,0
jakpot kali main doyaa77 bikin semangat,1
renooooooooooooo,0
gue rela gak jajan bulan nabung alexis17,1
gasss bikin konten motor biar jadi ngaberssssss,0
emng bener kemarin udah coba probet hari mau gas ahh triangular flag on post weton88 triangular flag on post kawan buah manis,1
gue nemu obat tidur baru mana debat intelektual,0
makasih bro,0
pas ngedengerin gue jg gumam sumpah,0
ahahahah jokes bapak sekali om rofl,0
lihat ngasbunnya,0
inti kalau spam judol langsung report aja,0
udah main koislot sensasi bikin penasaran,1
tim yg kerja keras buat keluarga triumph,0
tempo kok ngga ajak cry,0
kalau ahok anis baru tuju joy,0
orang nomor minta walikota gibran rakabuming anak nya jokowi,0
kasihan korbang traficking kamboja kaya kagak mati iya,0
langsung gas beli nasi,0
rezeki aero8 8emang gak duga terima kasih tuhan,1
betul kata pak anis,0
jawab x ban white check mark,0
gak mikir dewadora untung,1
naikin gaji editorr,0
mas kalo tau harga unit berapa yaa,0
siapa lah yg ngasih konsep podcast main catur,0
gw paling demen gas triangular flag on post weton88 triangular flag on post wkwkwkww seru sering2 sih mah,1
ariefsesar14 hina tumbang buru turun bang rofl,0
karomatullaily6755 maklum udah mentok,0
gila yg komen hampir kontra semua,0
sarkas apa serius joy biliksukma,0
tau conceptmotor methodwhells sini sweat smile top banget gd,0
mobil ganteng heart eyes,0
ae o8 cuan gmpng mulu,1
rizkyaja la prestasi negeri apa bro,0
iya bang coba proyek modif motor seru,0
ruangkarsa lha harmony jg android joy,0
anggorodps 9 buzzer tau apa sih,0
bapak sendiri rusak konstitusi ikut kompetisi,0
limitless budget,0
kok denger pak presiden ngomong ngilu,0
congratulation bg dipo kecee abiezz crostrek nya bg,0
jt mending beli motor boss sweat smile,0
enak dipo emang jelasin,0
maen lgsng jepe sketer,1
mobil fitra eri ngga colek bro,0
kesini gara2 liat reels ig banyak yg dislike,0
suka suara mobil motor yg berisik,0
review supra plisss,0
klo wapres jawab pake ai aja,0
hidup begantung pada manut88 wede 10juta darat mulus,1
alexis ajar nggk web jelak,1
manut88 memang sllu brbgi kbhgiaan n cinta,1
punya laki iris bela gus idham sama g om,0
s15 kmna bang,0
haha kamera arah pandji mati joy,0
hibur bikin relax gue pulauwin,1
kan mayor teddy,0
wow amazing canggih proper banget bet ngedrift,0
maaf bang gk suka ama model velg nya cry,0
generasi rusak,0
terap test karakteristik pribadi cpns,0
bolehh tuhh modif motor,0
mampu jadi presiden jadi tanya,0
untung besar bikin aku makin cinta sama ahmadtoto hasil luar biasa,1
gw cuma gw sering jp mandalika77 nyata kebon ni manusia,1
server luar negri ga tandingin sama server lokal gak usah banyak mikir guys langsung coba aja main slot mandalika77 jangan kaget kalau kali turun terus cari aja linknya google mandalika77,1
ikan info ordal berkarir perintah,0
gilir mobil farel modif,0
fakta aku emang gak sengaja tidur pas nonton,0
johanmaulana5558 a sekolah yg benar bg salam akal sehat,0
manut88 salam jempol jepit,1
omon omon doank ni gak loker apa,0
baru bulan main alexis star star hidup gue ubah total,1
asepudin7156 jangan terlalu jujur bro face with hand over mouth,0
gak nyesel bgt bonus nyaga ruda hoki,1
emang presiden lu ga kompeten aja,0
masa murid gm irene sukandar kaya gin bang,0
main dora77 auto happy rezeki emang atur,1
speedrun nya gila alexis17 percaya cepat,1
gileee beda suv pake drift,0
ngvlog aja pake hp joy,0
nya ragu coba main nya coba coba modal receh tau nya kasi wd,1
mending poco x3,0
kucing joy,0
anakenosiss jangan lupa dancing sweat smile,0
bct fufu fafa,0
agustoto jackpot terus gk paham hoki,1
wd lancar banget pake ribet,1
gacur banget wede tiap hari auto neng,1
udah ga harap sama si wowo fufufafa,0
episode paling keren lucu hibur,0
pawpaw4d bener bener main untung,1
mandalika77 yg bnr gacirr,1
why am i laughing it s not even supposed to be funny,0
maklum pikun joy joy,0
kamar cocok banget sih,0
gokil sih alexis17,1
butuh pimpin ug kerja ga jompo please lah cry,0
yg tanya apa yg jwb apa cry,0
nahan berak,0
bangun motor bang kali joy,0
kespill sendiri,0
kembar brziko,0
gak sabar liat mobil anak om fitra joy,0
gmc gmc bang,0
lepas ban skull,0
kapan vw id buzz nya datang om,0
m t88 emang kenal gak pernah nanggung kalau turunin petiirr,1
berkah rezeki hari berkat weton88 puji syukur,1
ahok kdm kaya cocok fire,0
nyala fire fire fire,0
tim nonton doang ga punya mobil,0
tu siar tvri kok takut x mbak nana nayak,0
macet jalan jadi putar balik cry,0
aemerth emang nya tanya apa jawab nya apa nonton full ga,0
lo ngeliat efek pulauwin gak sih kayak tren tiktok,0
dora77 aku cba jepe gede lngsg,1
episode senang,0
mantap mandalika77,1
betul sekali gak usaha bpk paman,0
beli biasa artis jabat,0
huawei luar biasa,0
jangan semangat tetap serah mas wapres,0
bang spil redmi note pro 5g,0
skak mat beneran tada,0
axl77 7menyediakan alam daring mudah repot,1
keren id thumbsup gas kak sgi88,1
jt mana,0
bilal astaga bilal makin gede aja joy,0
depo barusan 3x wdnya kali mandalika77,1
untung bener bener gacir dora77 nyangka,1
tes parkir bang masuk basement,0
bagus beli mobil,0
ekonomi tengah gimana pa,0
wede 50jt cepet banget proses alexis17,1
pak jokowi mulai kerja face with raised eyebrow,0
joy hp yg beli ishowspeed kmren hp lipat canggih china,0
yg komen banyak buzzer gk,0
heran komenan alexis17 dah,1
emg nol kapasitas nya bang,0
alexis17 emang top gak ngecewain,1
wapres taek,0
mantap gasss joy,0
road noise ganggu video,0
hasil positif doyaa77 bantu selesai wajib finansial,1
mending samsung young gk samsung champ,0
dipo gymkhana mode fire,0
modal tambah dora77 bantu usaha,1
salut sama yg paling erti dgn soal bangsa,0
masa ngga tau berkah99 gas ngga sih,1
happy banget main doyaa menang,1
langsung pulauwin video game,1
baru bulan main alexis star star gue udah dp apartemen,1
login dislek keluar joy,0
dukung langgan pulau777 sangat bantu,1
ngebayangin punya aja joy punya real ny joy,0
bro alexis yin event gede nih buru gabung abis slot,1
hitung berapa banyak pororo ngomong antek asing,0
keren banget coyyyy,0
tiap malam gue selalu nungguin update alexis star star,1
kok gk adiputro grinning,0
nungguin banget mas wapres mau datang acara skakmat,0
najjisss jadi wapres jalur nabrak konstitusi,0
jangan lupa celetuk uni lubis supersemar wokwokwok,0
engsel ny keten ituu,0
kalo salah salah ngomong cut,0
biasa abusive mungkin jadi maklum nyahahaha,0
kok cuma jam anying,0
naik haji ken block,0
bang jam segitu menang w alexis17,1
semangat mas dipo rebuild kemaren crash test,0
bang review hq nubia neo 5g plsssssssssssssssss,0
asli keren enak buat jengat jengatin,0
cinta lah produk2 indonesia joy,0
modal bansos hidup mulyono,0
asyariiiii masuk,0
yg tunggu tunggu,0
w wo macan sirkus face orange raised eyebrow,0
bgking7995 lah edit lu percaya joy,0
setia banget alexis17,1
jangan lupa sedekah nya biar tambah gacor kak,0
sehat selalu abangkuhhhh two hearts clap sunglasses hugging heart,0
uda jadi orang ga ngerti situasi wibu,0
senang sekali lihat pak prabowo begini heart the best presiden ri,0
moga rezeki asal axl777membawa manfaat sama,1
respect pak ahok heart,0
agustoto modal tipis doang gua lngsg wedey gede,1
kali aku menang besar mandalika77,1
dora77 bikin hoki ga lawan,1
us kalah tekhnologi nya nnti sweat smile,0
otw ngayal,0
mayan kecil kecil terus terus mandalika77,1
sungguh alam senang hasil dewadora lawan,1
solo hadir,0
asc achmad shahroni club sweat smile,0
taikk ayam,0
kecewa pulau777 semua sesuai harap,1
the best skat mat deh tani pagi hari yg produktif,0
lancer wagon wakk basic mobil apa tuh yg swap,0
tuju aceh tiga,0
lirik anak presiden blush,0
wihhhh tada tada tada tada tada,0
jersey tahun datang bnyak buru kolektor,0
si pandji nahan ketawa terus anjir joy,0
udah tau bokuggooiti lu orang,1
laa aku iyoo,0
presiden prabowo ngelantur,0
buzzer nongol joy mascar007,0
oke gas oke gas,0
swert bonanja gacir hari mntp,1
bang gua ikut war pi sampe detik pesan gua kirim cry,0
enak kalau abang nrima web gacir mandalika77 mukim nunggu jam lambung nya aja ngab,1
jz suara kurang gahar si,0
tobat woyyyy,0
make ahok great again trophy yellow smiling trophy yellow smiling trophy yellow smiling trophy yellow smiling trophy yellow smiling,0
hp apa lg ini joy joy joy gebrak china emang gada obat fire,0
maklumin ges memang segitu kapasitas beliau,0
alexis17 dapet motor say,1
whahahahha akhir monthly bos,0
otw pildun nihhh heart heart,0
garing euy,0
gokil banget cinematik nya boom fire star2 sparkles tada tada tada,0
tarik dora77 bikin penasaran jaga,1
alhamdulillah rezeki lancar jaya berkat agustoto,1
buyar,0
sama done dislike,0
main dewadoyaa otomatis bahagia rezeki jalan,1
best episode joy,0
sya nyesal nyoblos orang,0
beli yg ngga kw kbanyakan kw,0
emang gak se asik alexis star star sih,1
tengkiu bos kasi teman2 tongkrong traktir makan minum enak moga makin jaya mandalika77,1
gw tuh joy beli casingnya doang,0
menit gak template capcut kan mas,0
president of yapping,0
anies ahok the next presiden and wakil presiden tada,0
sibuk kerja sibuk cuan pu lau tujuh tujuh tujuh,1
bang review realme gt pro bagus apa buat jangka panjang bang sweat smile pray pray,0
ngeri bgt handlingnya,0
gw barusan maen garudahoki reaal cuy jepiii,1
lebih bagus komentar netizen omong bapak satu,0
ken hidup makmur alexis17 jawab,1
mana tempo cry ga brani undang yaaaaaa joy,0
bngst keren parah cuk fire fire fire,0
it s alright atleast you re conscious now kak,0
duhhh gue duit nya cukup buat beli iphone pro wkwkwk,0
bang tadi jam segitu menang besar w triangular flag on post weton88 triangular flag on post,1
ibarat kata pepatah gak kenal gak sayang jadi silah coba sendiri bro main mandalika77 kalau rasa main mandalika77 bagaimana rasa maxwin bro,1
untung bikin cinta dora thank you,1
alexis17 sih heboh banget pokok,1
apa yg stabil kemaren pasar harga daging naikkkk,0
asa didongengin wkwk,0
omong kosong ah joy,0
gaspol cuan limpah king328,1
ngisin ngisini wae koe doel joy,0
anti kaum dang mending joy,0
moga sukses selalu tim gd thumbsup,0
anak jokowi makanya jadi wapres,0
setia sama huawei nova 5t saking awet smiling face with 3 hearts,0
masuk bapak ahok keren sekali,0
sedih denger dongeng induksia cry,0
mandalika77 aku cba bntr jepe gede lgnsung,1
pulau777 emang gacir wd hari,1
kira kira make yg lb works apa lb silhouette joy joy joy,0
azriel alrifqyazriel6815 coba jelasin maksud ga mental gimana bro joy,0
kata lucu,0
tim berangan angan,0
gokil abis alexis17 modal dikit hasil gede,1
ahok anies baru oke,0
om mob lihat jadi sixpack skrg hehee diet apa beliau hehe,0
lexus yaa om,0
bahas apa,0
kaizenteam7 respect nih,0
kayak asal jadi doang,0
joget dulu gak sihhhh,0
pertanyaanya gak jawab semua,0
hem anut8 8heselalu barokah main sini jepee mulu,1
presiden prabowo jawab bantah joy,0
the road is still long face blue wide eyes,0
ekowaryono8099 saking luas ga isi,0
males kalo listrik,0
ketik aja omon omon joy,0
alexis17 emang top dah ga bikin kecewa sampe,1
terima kasih pilih dislike video,0
konten sampah kata fufufafa hehehe,0
makanya dislikee wkwk,0
riickk8888 makasih atas info ny,0
keren sekali hasil raih menang sangat besar agustoto saat libur mewah tempat impi,1
masterpiece,0
ngatur bgt yg penting gak cut ribet lu,0
mantap bangga banget jadi bagi fire zap alexis17 zap fire,1
mariamavi6769 kentara banget ni ai nya bang,0
vlog gd terbaikkkk,0
keren raih menang pluto88 langsung libur negeri,1
pidato mutu,0
gokil banget sih star alexis17 selalu hadiah,1
baju yg kyak ple dipo ud jual blom,0
mna tau pas dengerin jadi muak trus ngantuk yah wkkwkwkw,0
manaa vlog seads kamiii,0
benah pa,0
inigabutchannel9054 bang,0
jadi ikut wrc indonesia gk dip,0
ubur ubur ikan lele v alexis17 v nih lee,1
angeliart menit berapa yah jelas tempo undang,0
beli poster biar tambah besar sweat smile sweat smile sweat smile sweat smile,0
iya iya bener rofl rofl rofl,0
pusing nonton nya cry pak prabowo ngehindar muluu,0
angeliart buzzer copas copas ni tiati,0
alexis17 tuh emang beda customer servicenya ramah ramah banget,1
udah pernah setrum dek sweat smile,0
rejeki lancar nyobain,1
mau sukses punya orang dekat orang,0
cair kakak mantap banget cuan s gi8,1
seru abis zap alexis17 zap bikin hari lebih warna,1
pulau777 emang juara rezeki gak abis,1
samsulkhoir w5t akun baru buzeer lo joy,0
pas kickdown sampe ngangkat gitu depan keri,0
wkwkwk riil joy,0
technologia fire fire,0
tempat buat ku bahagia manut88,1
ngakak joy,0
begini doang mah kagak tarik,0
bulepapuanugini wlaakkkkhh hand hand hand,0
gelokk sponsor open mouth,0
mandalika77 tetap baik dah,1
mobil drift tmpilan rally smiling face with 3 hearts,0
sukses suhu328,1
anak dapet makan siang gratis ga,0
tim jual diri,0
tiap pagi gue selalu cek notifikasi alexis star star dulu,1
pesona laksana selalu ide inovasi tiada henti tada,0
tuju kak modif motor pake airsus rbwt gd joy,0
jago bang kan ai wkk,0
ipone makin jauh tinggal joy,0
asam sulfat,0
nyari video asli ilang hina manusia gak punya malu face vomiting,0
panji aku ahok keren,0
bisa keiu nyarios na joy,0
masukin amazon biar beli dluar,0
sekali kali undang dong podcast masalah ekonomi politik,0
ntar lama2 hp kayak wafer berapa lapisss,0
alexis bikin gue tagih udah kaya candu aja nih,1
mandalika77 lunas utang gw cok wkwkwkwk,1
like vs rb disklike waw bntar bakal hapus,0
seru abis zap alexis17 zap andal gue sekarang,1
zenix jadi liat kecil banget belakang hev wkwk,0
dialog dong pak jangan monolog,0
tinggal nunggu mobil farell,0
jepe tiap hari ga boong axl777,1
nostalgia banget game alexis17 inget,1
gokil abis alexis modal dikit hasil gede,1
otw beli mie ayam bang,0
ganti judul aja bang skakmat langkah sob sob sob sob,0
mana mau si dewiii beli legacy,0
drama lo cuan beda lo pu lau tujuh tujuh tujuh,1
busyet asli alexis17 gak obat pokok,1
gokillllll heart heart,0
kalo pluto88 yg kasih duit,1
beli motor,0
jepe tipis gacur parah bos,1
dipo yg bangun mobil gua yg bangga,0
pulauwinlisensi web baik,1
kerenn fire fire fire,0
pak rt tetangga langsung dateng joy joy joy,0
mobil dipo ancur,0
temen gue tagih main alexis17,1
yuriahgunadi6119 emang kamu ngeh,0
pilih caleg nyoblos kan ente joy joy joy,0
akhir yg tunggu2 grin probet855,1
sadly yes i think so,0
solusi nya pie pak,0
modif xmax bro,0
pulau777 selalu jadi favorit,1
semangat terus bg dipo grin,0
jangan langsung ulti pak wkwkwkwkwkwkwkwk,0
ah mas kayak burung ngajak ikan renang,0
komenan emak2 pesbuk,0
rezeki nomplok bukit888,1
guna temu dewadora sumber daya harga,1
inti muter2 cari tumpang,0
fly bang,0
yg pirang gak review bro sweat smile,0
parwis bayak pakai skylander dominan sr3 jb5,0
sangat heran ama laku orang model om,0
hapus komen pulauwin,1
gue rela gak hangout sama temen nabung alexis star star,1
gede modal sparepart susah mungkin sweat smile,0
seru abis setia banget sama zap alexis17 zap sejak awal,1
yesss and so so self centered so sad,0
dislike nya sembunyi gyusss,0
aduh lucu banget sattt joy,0
prettttttt,0
streamer favorit heart selalu tunggu update baru grin grin semangat terus bang muscle muscle salam jepe sgi88,1
gak sync mas,0
temen gue rekomendasiin alexis17 mantap tenan,1
baru maen lgsng jepe sketer terus,1
emang gak se worth it alexis star star sih,1
gaasss xmax bang,0
iso speeed,0
tipikal orang jaman dulu yg suka dongeng persis mbah,0
gak pake anti gores pake skotlet,0
alexis17 udah kayak rumah sendiri kapan coba,1
mana 19jt lapang kerja bang,0
paling ditunggutunggu,0
jurnalis tempo undang,0
mascar007 gw bayar pajak lah mikir punya kuasa,0
valentinus resa gak ajak bang,0
bang ziko gak rievew dodge charger punya dom,0
pak prabowo emang layak jadi presiden,0
bro life saver,0
ngomong apa jir,0
modal ribu jepe lgsng wede,1
keren mass heart fire fire fire fire,0
rezeki berkat dewadora mudah,1
baru maen udh jp mntp banget situs,1
kurang berani apa coba ipk jadi wapres,0
jokes sea lion gak pernah gagal sih wkwk,0
bener bener gacir banget main doyaa77 modal hasil,1
gass truss brooo,0
mesin ls nya beda seri,0
manusia paling sabar sabar hina yg sbenarx benar,0
siaaapp cil sweat smile sweat smile,0
jadi inti apa fungsi jd wapres,0
gas bang main motor,0
damkar paling percaya rakyat pak,0
mending j2 prime gak sih sweat smile sweat smile sweat smile,0
gila keren banget dipake bimo jerseynya,0
mantap banget rejeki ngalir,1
anak muda berani tumbuh wkwkwkwkwkwkwkwkwkwk joy joy joy joy joy,0
haha cuih ga tu joy,0
joy lapor mas wapers,0
minggir lu misquen joy joy,0
info loker bangg,0
miya88 bikin main puas cuan,1
alsimkebunsayur hp lipet jadul moyai,0
bos aja jawab ngalor ngidul gimana anak buah,0
nah bener buat uang timnas,0
hadeew keluar hp,0
lama2 bangkrut ni bossnya mandalika77 soal profit trus aku main kemaren wkkwkw,1
pulau lebih banyak main lebih banyak menang,1
baru kali gw tarik nonton komen ketimbang isi video rofl,0
karaoke bang request lagu oke gas grin grin,0
fitra eri udah nyoba jalan jauh,0
bonas bonus eh baca berita ratus siswa smp gak baca tulis joy,0
lebih bagus komen2 nya,0
cupra masuk indonesia,0
ragu alexis17 eh tau nagih serius,1
aerox sering bgt muncul sosmed ganteng polll,0
ken kerja pakai orang dalem ngga,0
he talk the talk,0
saran mas kalau yg unit sold bikin vlog ny lg mas,0
agustoto gua suka banget main sini mudah menang,1
koenigsegg jesko attack udh masuk indo nih,0
best episode makasih bang panji fist,0
bini gue,0
bengkel bg bukan montir jasa konsultasi,0
konten modif motor d channel pribadi mas ziko thumbsup,0
cerita seru gue pulauwin,1
wajib kolab,0
beli dong xixixi,0
manaa crosstrek kamiiiiiiii,0
emang gak se transparan alexis star star deh,1
moga rezeki ahmadtotomembawa berkah manfaat sama umat manusia,1
semua tetangga gue kepo sama hasil alexis star star,1
asli bodo banget pandji maen catur sneezing face sneezing face sneezing face,0
gacor banget pluto88 rezeki anak soleh,1
tot8858 eh tot bedain jawab diplomatis sama normatif,0
benerga ru da ho ki gacoor gua nyampah doang,1
jejak dijitalmu gak hilang brow,0
wkwkwkwk mobil listrik,0
rdess k4e literally trump at home,0
orang bilang alexis17 tuh game changer banget,1
zetsu putih ketar tir,0
sdh check out tada tada buat kk istri bokap cman gak gw bayar aj,0
tim ken beli,0
kabar crosstrek gmna bang,0
berkah99 bikin senyum gak henti mantap pol,1
komemtar sini penuh orang omon,0
his name is chaos his hobby is sip the tea like an angel,0
yg penting gemoy lah kata penyefonk nya mah joy,0
pulau777 selalu jadi pilih utama,1
dislike disembuyiin tong,0
lu ngerti gk apa yg lu omongin,0
berkah rezeki hari berkat star weton88 puji syukur,1
gila gahar gin suara v8,0
dulu milih siapa bang,0
yook bareng2 bro,0
presiden curang,0
nih pulauwin kayak punya sihir sendiri,1
joy joy suruh ngaca dulu x omon2,0
gokil banget dah alexis17,1
jepe alexis17,1
pulau777 tampil keren fitur lengkap,1
jepe pertama kali maen puas banget,1
axl777 sedia ruang kompetisi sehat,1
indonesia modus obta stop call me raised hand raised hand thumbsup thumbsup thumbsup thumbsup clap clap clap clap smiley grin sweat smile joy,0
akhir gw main bokuggooiti sih kasih menang,1
report ajah mending e joy,0
kingpizzasuper ko,0
perang njir huwawei google ancur tuh amerika,0
bang review garasi baru,0
udah yapping nya wo,0
pin komen2 orang bang biar gk kena spam judol,0
yakin pulau777 gak kecewa,1
no maksud siapa yah,0
obell siapa dah bbangg,0
mhhaekal biasa tom jerry joy,0
wow salam,0
bro pokok kalo butuh cepet alexis17 solusi,1
punya prof dipo pnp semua joy joy,0
gacir parah axl777,1
lha lu komen bang,0
seru sama pak ahok detail bgt rencana2nya thumbsup,0
yaa allah presiden to iki cry,0
layak bapak ajar anak anak,0
gua udah ga tidur nyenyak kalo main alexis yin hari,1
lucu seru hibur informatif ubur2 ikan lele,0
maksud lo apa,0
fufufafa ketawa lihat,0
mantap om cry,0
tanyain chat gpt grok aza mas,0
solusi adalahh,0
nice link bagus alexis17,1
presiden prabowo jawab,0
5x malah wkwk,0
kwkw lg eeeeeeee mulu joy,0
jersey kiper kerah ga bang,0
ganteng pol,0
alexis17 jadi tempat lari paling asik gak bakal nyesel deh,1
pikir,0
ngomong apa si face with diagonal mouth,0
wong ni kerja,0
bilang alexis17 top markotop pol,1
anggorodps 9 sehat yg iq,0
klo uang sisa bnyak baru beli sweat smile,0
bapak lu kaya lu aman,0
emang gak se adil alexis star star deh,1
berkat agustoto lesat buruh tani bos agribisnis,1
china live in cyberpunk,0
jepe terus tiap maen prnh gagal,1
pagi gue cek notifikasi alexis17,1
numpang tanya dealer nya gabung ngak sama dealer cherry om,0
kece poll fire,0
awal bangkit cuan sgi88,1
link nya mandalika77 apa boss mau donk,1
infoin point solutifnya detik berapa,0
jadi mobil captain america yg baru blush,0
astaghfirullah ampun dosa allah,0
kevin de mruyne,0
awowkwwkwk,0
bg je coba review truck colt diesel 4x4 kebun sawit dong sweat smile,0
idola guaaaahhh heart heart heart heart,0
bukan inovasi baharu,0
esemka ngak om,0
kaya aki aki ajak ngomong muter muter joy,0
merdeka prestasi ghaib,0
liat harga langsung ken beli grin,0
gue alexis17 aja banget,1
mobil2 yg luar fortunernya ko ga tunjuk bang p,0
sama dong joy joy joy,0
aku yg aja h auswin fire,1
cuy gak nyangka alexis17 se booming keren abis,1
bikin baju bagus emang bandung joy,0
bonus bapak misal,0
vocalisnya vob menit,0
asik dengerin dongeng ngalor ngidul bikin ngantuk yawning face,0
gatau komen apa semua wakil bawah sama netizen blush,0
harga platform daring desain baik ahmadtotopatut timbang,1
elegan banget si,0
apabila mim mati temu huruf mim baca dengung joy,0
tuju sampah demografi,0
wede gampang banget nyangka,1
hari penuh bahagia sama mlndalikl77 rezeki datang hampir sendiri,1
tokped kok juta open mouth,0
mantap sponsor makin banyakk,0
mobil akbar rais awal btx obel,0
dora77 temu peluang karyawan bos usaha,1
ahok said anis sangat negarawan,0
langsung sgi88 bang joy cat joy cat,1
aura anak bung fitra gak sih sweat smile,0
gin cuman jadi tonton doang joy,0
kalok punya malu harus mundur sih,0
huawei esia ngoceh emang,0
ishow speed borong,0
g63 nya tuhhhh,0
moga selalu beri mudah main mandalika77,1
ayo bang ziko sekal main sency,0
goxxx mau dong bang jerseynya,0
agustoto aku cba bntr jepe gede lgnsung,1
iwasir i was hereeeee,0
derry new energy auto beli saham mab,0
kang anis sorry deh mending kang dedi mulyadi ahok,0
hampir aja jadi episode skakmat pendek wkwk,0
kkuchanel1083 siapa yg sedikit bicara banyak tindak rofl,0
gila depan nya ngangkat,0
bro aja sih alexis yin mobil nih buat member setia,1
bikin emosi detik pertama,0
harga komunitas solid agustotomungkin cocok,1
ngeri kali antilag nya fire fire,0
main aman untung maksimal cuma mandalika77,1
prabowo jawab cry,0
lapar banget ken bangun pagi kayak alexis17,1
ubur ubur ikan lele berkah99 udah tayang lee,1
beda alexis17 tenan,1
sumpah gue gak nyangka menang banyak mandalika77 tempat luar biasa,1
gila sih heart a lexis1 heart emang paling top,1
gd bikin v8 lahh lebih manjanjikan kompetisi,0
nabung beli ori bukan kw,0
jumlah dislike nya gak muncul apa udah lewat kebanyaken face with hand over mouth,0
menit salah jaguar beli persen chery,0
banh gimana mobil mas dipo habis crash tanding,0
penisirin yg bikin skrip orang ky gmn sweat smile,0
kapan gd pake mesin ls,0
woyyy mana ko komenan ga yg pro pa wowo joy joy joy,0
untung besar bikin aku makin cinta sama ahmadtoto thank you,1
close enough,0
apa sih kemeja biru risih gua slight smile,0
alexis17 bikin gue auto sultan minggu gokil banget,1
alexis yin tuh emang bener bener ngasih peluang semua orang,1
doyaa sedia antarmuka ramah guna,1
wkwkwkwk kena schoolar mate joy joy joy,0
super mantap mandalika77 baik paling mantap rtp atas bagus banget moga hoki moga nular sama layer,1
1d trending gatuh tada mandalika77,1
gm irene sukandar tlong omelin dikit smiling face with tear,0
masa iy berziko kalah proper ma joy,0
luar biasa ringkas aspirasi wakil mantaap,0
astaghfirullah kok gin presiden pilih indonesia cry,0
strategi matang berani eksekusi respek main pluto88,1
beli indomie topping nasi smiling face with tear,0
ngakak bgt denger pak ahok ngomong gak henti,0
harga dukung langgan suhu328mungkin pilih,1
baut roda nya bener2 mobil palu,0
penuh bahagia dewadoyaa rezeki hampir,1
gue trend pulauwin gila,1
moga mandalika77 makin sukses amin,1
auuuuuu mania,0
miya88 main sebentar langsung kejut seru bikin nagih,1
ulu777 fitur lengkap,1
cat2 misi bang yaaa,0
knpa gak sesi testing thinking smile,0
baru hari join alexis star star gue udah dapet cuan buat beli motor,1
kalo itung dr nat nya gril ttp strip mas jeje,0
om knapa skarang rua banget kaya bukan om mob cry,0
huawei tim dang mending,0
noviaarinjany122 wakil bagi2 skincare sekolah kak cry,0
moderator nya briefing,0
ayo dong modif motor mas ziko,0
siapa kemarin coblos hah brainless,0
ahookkk cintakuuuu heart heart heart heart,0
lambo mau make bodykit lbwk wkwk,0
anis nikke okesih,0
kpn punya pimpin banyak solusi,0
ngerangkum sendiri pake ai nih bang,0
benar joy joy joy,0
ctgctg9921 baru tau,0
bru tau aku sweat smile,0
udah skakmat tuh padahal pandji blunder wkwkwk,0
malu nya tinggal,0
dora77 bikin hidup warna cuan gak henti,1
karna penta prima sponsor elite,0
wow main zap alexis17 zap bikin nagih banget,1
tetangga be like hadeeh ngapain tuh si ziko wkwkwk,0
ahok mahfud lah yg jgn gegabah,0
gass modifikasi motor,0
jam yapping doank ni orang gmn gak ngeselin,0
bandar judol bang,0
ril cuy beli kerupuk sih,0
caaneedsleep apa boomer,0
langsung belibur kamp boja,0
d tunggu konten modifikasi motor bang,0
modifikasi yg selera nya mas atenk joy,0
pak ahok selamat durasi video kali jadi panjang rofl rofl rofl,0
bujangpamenan w9i intelektual,0
gila sih main bareng zap alexis17 zap selalu seru,1
mau tau rahasia sukses anak muda jaman now alexis star star lah,1
ngelag enggak wd jalan terus puiau777 emang top,1
gas bg ziko modif aerox turbo,0
pulau menang makin dekat,1
asyariiiii dukung sosok benci bijak kan kocak,0
komunitas nang mandalika77 iki sangat apik silih bawa sangat,1
hahahaha hahahaa sweat smile,0
best coach sih,1
zetzu putih fpi kan joy undead6868,0
jakpot bikin seru doyaa77,1
best banget sumpahh,0
teriak hidup jokowi joy,0
sony brand besar tp ga bikin hp begitu,0
bang tau merk sepatu abang pakek apa,0
nunggu harga 3jt wifi only,0
wah bsa alam neh tinggal ganti suspensi ikut rally,0
gausah tonton buang buang waktu,0
hpnya ishowspeed,0
rezeki agustoto nyangka,1
server2 luar emang lebih royal mesin nya lokal semalem gw maen mandalvka77 menang banyak gua wkkw google sendiri bro,1
wede aman sketer banget,1
xmax gd style blush,0
suka aura negative om,0
berkah99 bikin kaya beneran mantap nya coba coba nagih,1
angka dislike nya non aktif kena mental kek,0
gan hasil wede cair main dis3rver mandalika77 angan angan member gua kelepek saking cakap mandalika77 nyarik cuan,1
masha allah moga jadi amal jariah mas nya aamiin,0
satu kata sih buat lu mas gokil keren bgt sih love it heart,0
judulnta detail bgt,0
sy lebih tarik merek horni yg mirip mini alphard joy,0
ngomong apa sih gk jelas bjirrr thinking,0
mau apa sih,0
tasik liat beberapa charmant,0
bensin guna aftur,0
porche baru 4x4 sob,0
standardissue15 ngga mungkin lupa,0
baru aja gw coba mandalika77 malam lumayan lah dpt 2jt,1
alexis17 emang ga dua layan super royal wd lancar jaya,1
selalu mantep broooo,0
pak ngejabat pak,0
buset video sih gokil alexis17,1
mobil farel mana,0
buset alexis17 gokil abis,1
bener bener nyeleweng jawab pas cecar malah habis waktu rofl,0
bakal reborn,0
mobil hammer ev paling keren sekali,0
otw beli bismillah awet,0
ken block almarhum joy joy,0
my idola,0
feeling flat harmony next yg baru benar benar bas android,0
gokil abis,0
marsya mirip apa emang,0
enak tinggal klaim hasil anak muda indonesia,0
hasil gacir agustotobikin hari makin seru mantap banget,1
agustoto cuma modal receh hasil wow banget,1
jalanin aja kamu jalan bahagia v alexis17 v,1
keren abis tada,0
cuan jalan kerja senyum pu lau tujuh tujuh tujuh,1
bener kaum pelangi,0
hahaha dahitsu gak yg pilih sweat smile,0
menit kayak skakmat,0
bravo tempo,0
yng penting ga pakek uang rakyat aja bang hehehe,0
main aero88 bikin hari senang terima kasih,1
mobil balap biaya rakyat,0
ganteng banget sih,0
beneran apa gak sih soalna ane udah sering dpt jp mandalika77,1
lebih tepat nahan ketawa pas jawab mulai ngelantur,0
i love you,0
auto tajir pulauwin money mouth,1
wkwkwkw tau deh nyindir siapa yg nabrak joy,0
langsung struk presiden tanya joy,0
grafis do a77 keren banget bikin betah main low brightness,1
entitas111 balik fernando bjimane si,0
jagan khawtir siap beli kata mas dafid cuma harga juta aja,0
anjay view nih gw,0
bilang alexis17 top markotop abis,1
bruntung banget woee taxi driftt,0
happy banget dapet rezeki btv168 bener bener puas,1
rahadiarum7448 dah nonton om wowo tanya apa jawab apa kocak2,0
edan alexis17 tuh kayak cheat code urus ginian parah,1
cuma buat buang waktu,0
kirain ibu2nya ikut pindah blush,0
seh dah bae akun judol moyai,0
rasa maxwinn gimana memang asi bngt hari kakak sekaligus coba main sini money mouth weton88 money mouth,1
sya besok beli yg lipat puluh,0
mandalika77 populer masakini heart,1
bang coba hp tecno spark go bg ripyu,0
gokill gw maxwin garuda hoki modal 100doang,1
kuereen dwipo nyala,0
crosstrek jumat ye,0
cari tantang baru axl777 jadi jawab,1
gausah spoiler cil,0
salah,0
tunggu lanjut project crosstrack,0
episode paling lucu,0
tau beliau ngapain,0
kok bsa gtu wkwkwkw mandalika77,1
selamat bang moga makin jaya tada tada,0
modif motor auto rata kanann mh hehe gass modif motor bang grin,0
ngeh kalo alexis17 keren serius,1
nanya bengkel bg sob sob sob,0
wkaokwaokwoaow sekak,0
era jokowi selalu tanya kapan gera revolusi yaa relieved,0
emang presiden pernah wawancara,0
mantep bener nii tada,0
gasss bikin konten modif motor matic kalau rata kanan joy,0
bang spiker nya lupa tes,0
jadi ken beli hp moga rejeki nya aamiin tada,0
velg nya jadul joy,0
zoe tw layar 4k layar loe 720p rofl,0
salut bang keren konten salam jepe probet855,1
dewadora gacir abis sekali main langsung ken,1
jangan tinggal main agustotodan rasa sendiri,1
emang rx7 nya punya armuh,0
agustoto tiap maen aja jekpot luar biasa,1
logis pak hemat versi pak ahok,0
mending buat beli mi ayam,0
tuju bang fist fist,0
edaaaann gada suport moga wapresnya nyadar tau malu wokwok,0
makanya kerja yg giat biar beli kayak sy,0
besok moga,0
syuting kaya yg gm irene dulu baru yg,0
lomgsleeve nya cakep parahhh anjiir,0
yg komen,0
audio kecil pas iklan kaget gua gede bgt,0
besok bkal lihat iphone made in vietnam,0
honda maestro belok roda blakang nya,0
nyata benerga ru da ho ki gacoor gua kira nyampah doang heart eyes,1
bukti layar pluto88 tempat,1
pawpaw4d bikin untung,1
mager rumah rumah aja bareng pulauwin tetep asik,1
gas bang,0
hina terlalu hina puji nyata nama bukan puji,0
triton cakep banget,0
komen nyaa banyak negatif dislike aja,0
ku beli biasa aja,0
tiap gue selalu cek notif alexis star star,1
editor kelas udah editor tv besar,0
nabrak bang rofl,0
jangan sok edukasi kalai kerja dibantuin orang tua,0
semua temen kampus gue heran liat gue sukses gara gara alexis star star,1
menang sampah,0
lu bener sih kalo,0
galah138 populer masakini heart,1
menang pawpaw4d gak bangga,1
dora77bikin hidup lebih warna rezeki datang silih ganti,1
kenal huawei thn emang luar biasa gebrak nya gak tanggung,0
wajib coba heart a lexis1 heart emang paling top,1
akhir woiii,0
menit aturduit id,0
kan undng undang ga wak,0
sehat selalu maa gibran,0
main mandalika77 jarang2 ling bagus baru kali rasa petir merah si kakek senang x hati hahaha,1
yg shs fwd awd,0
co toko oren,0
speed pertama,0
lebih tarik baca commentnya,0
fishybrad wkwk serah lu aja lah wahai antek soros wkwk,0
hp borong ishowspeed biji cina wkwk,0
rog ally x gacor bg,0
gue udah buktiin alexis17 tuh scam udah wd puluh juta lancar,1
lama banget main catur,0
mumpung gacornya gas aja bos alexis,1
pamer u17 nol konsep,0
lah lu tuli jelas jelas uda jawab tu kasi dah wibu ni,0
ubur ubur ikan lele pokerbola mantap le,1
tombol dislike ud non aktif hehe,0
yeaayyyy akhir,0
terap wong liyo ngerti opo rofl,0
inget tetangga bang zik khilaf sweat smile sweat smile sweat smile,0
main mandalika langsung bikin hari jadi lebih cerah weary pleading face,1
kakek hehehe join bukit888,1
gak nyangka menang dora77 serasa mimpi siang bolong,1
banjir cuan king328 gak lawan,1
best skakmat so far,0
pantes rame mandalika77 wkwkwkwkwk,1
eh mas gubernur,0
isi konten tulang semua lebih daging komennya ahahahahhah sweat smile,0
baru hari join alexis star star gue udah dapet cuan ratus juta,1
slalu keren kalau bikin mobilll thumbsup thumbsup thumbsup thumbsup,0
sama ka joy,0
buzzerrp kurang bayar jadi dislike parah ndak setia,0
gw udh pre order biji,0
skakmat pandji joy,0
langsung beli mie ayam,0
pulau wisata jg pulau randayan lukut,1
jam jadi sia tak ads yg bobot jawab,0
isi ngga pantes upload,0
cuma sini yg bikin nonton betah sampek akhir wkwkkw,0
bokug gooiti populer indonesia eagle,1
gakan berani ngundang tempo,0
maizarindra498 coba jabarin per,0
trending yokkkkkkk,0
ketawain gak sih spam2 jud ol kira bakl tarik,0
mobil oke kurang interior tombol fisik minim,0
maacihhh abang bos gw ngerasain nama wede cuannn gedek banyak memang baik main web mandalika77,1
kalau luar sana sering kok pakai offroad,0
tunggu wawancara rupa wakil presiden pray,0
mau poles bagaimana kalo kosong mah lihat,0
otw buat modifan rupa game,0
sumpah apa alexis17 tuh bener bener ngebantu banget pas bokek,1
sabar pimpin perintah ga kompeten sampe gua sih gamau smile cat smile cat,0
50jt an aja sweat smile,0
crossbar nya ko ga buka sih jadi kurang kece,0
tantang berat bangsa indonesia punya wapres diri,0
gw udah po bang,0
om pin aja salah satu komen biar komen judol ga papling atas,0
agustotomenawarkan dekat beda libat daring,1
tarik hasil menang aero88 wujud impi,1
the best pokok alexis17 tenan,1
minggu main alexis17 gue udah ganti kamera dslr,1
bener pak jangan sampe jadi macan sirkus malah jadi kucing,0
sama broooo mauuu store,0
oren cry,0
pulau777 fire menang jadi nyata,1
kali kali main olympus mandalika77 hasil mantapp wee moga kalian ikutin saran aku hoki,1
mending sugeng jawab sweat smile,0
alexis yin tuh emang bener bener ngebantu banget pas gua butuh,1
hapus komen pul4uwin,1
episode paling gilak ahok yok yok,0
jelajah dunia dewadora lihat tawar,1
mas ridwan hilang sweat smile,0
kok blm nge review chery tiggo phev om sweat smile,0
ngarang jawab pak prabowo,0
main 1x lagsung boncos ga untung mending app,1
udh bg gw beli kopi,0
dp 5juta berapa tahun cicil,0
gak pusing mikirin duit kalo udah gabung alexis17,1
dewadora pecah terus mekswin,1
gak percaya menang banyak mlndalikl77 mimpi jadi realita,1
salut buat subaru masuk indo langsung full drifting,0
hibur bgt baca komen2 nya rasa wakil joy,0
makasih udah aku salah kak perlu apresiasi,0
ngomong opo ae joy ngomong tau makna cuma ngomong joy,0
anis ganjar bgitu keliling oligarki jadi sama aja,0
hidup lo vibes cobain pu lau tujuh tujuh tujuh,1
keren kieuu mang bimooo,0
tongkrong cerita iseng iseng kenal pulauwin aktif,1
pulauwin bikin penasaran,1
redi jual mesin 2jzgte,0
memang paling tepat main mandalika77 untung saran teman baru menang,1
paling neng kalau om mob udah ngomong hyendeeeeiii rofl,0
otw nyungsep,0
ngomongin alexis17 ikut kepo abis,1
om mob lebih seru,0
kembang arhan semangattt salam alexis17 gampang jepe,1
tada joy heart cry open mouth sweat smile blush,0
naikin gaji editor,0
gila sih bangga banget jadi bagi fire zap alexis17 zap fire,1
mandalika77 bro gw main sini gak pakai janji palsu bro cuman sini gw sering menang,1
samsung tungguin aja ntar wkwk,0
otw beli buat mbak art rumah,0
main agustotorasanya kayak mimpi hasil langsung limpah,1
ken nang mobil hancur cry cry cry cry,0
lebih baik tanya yt dokter mobil indonesia aja,0
is this ai,0
makasih clipper tara arts gema show,0
nyala bang ziko joy,0
semangat trs mas umbu,0
preeeet emang percaya,1
semangat bosqu baik star sgi88,1
pantesan lama reviewnya jt boss,0
kdm ngga dulu deh perlu bukti,0
serasa liat joe biden bicara nya ngelantur,0
beli nokia n gage,0
hidup lebih seru 08bukit,1
gacir bener baru maen udh jepe,1
ahok mahfud ri langsung jadi negara,0
gw nunggu yg lipet joy,0
orang cepat yum,0
kasih untung serupap luto88 wd aman,1
juta aja bukan buat kaum dang mending sweat smile,0
kaya selalu ganggu,0
fortuner kaga anggap bang joy joy joy fire fire fire,0
m4 hobibarbar fire,0
rizkyaja mending lu aja sono yg jd pleciden,0
isi klaim prestasi orang joy,0
narasi isi buzzer semua,0
china emg ga ad obat inovasi fire,0
is the best gd subaru,0
waktu debat capres jg tanya apa jawab apa,0
alexis17 bikin mood bagus anjay fix,1
seru abis main bareng zap alexis17 zap selalu seru,1
interaksi tak duga lucu panji sama ahok,0
nonton langsung skip detik,0
thumbnainya ganti,0
gokil sih buat guling clan mulyono joy,0
bahaya kadrun,0
bapak sama anak kok satu keluarga wkwkwk eeehh,0
prabowo ban,0
mobil si tampans semua wanita dpt milik fokus karir,0
wah keren probet855 baik menang mudah,1
yapping yapping yapping,0
dora77 gachor abis baru coba langsung mekswin,1
kena banned malah op thumbsup,0
asyariiiii pikir macam apa pray sob,0
pak presiden next wakil yaaa,0
hp ishowspeed,0
sukses terimakasih wd besar llexis17,1
tetap konsisten pak prabowo muscle konsisten ngelantur nya sob,0
koislot bikin mula langsung pede,1
manfaat sekali kak,0
joy joy joy joy wanjaaay quotes nya brillant bgt,0
beda kan logat sama cari muka paham lo,0
langsung tamat kek nya kalo modif motor rofl,0
ma nu t88 selalu jadi alternatif pas hidup keluarga,1
baru gabung alexis star star minggu udah ganti motor,1
kalo udah main dewadora tagih soal gachor bgt,1
bang aing masuk tv bang pray,0
apa roda belakang kiri thinking,0
auto sultan bareng rulay777 cua mulu,1
pertama nonton joy,0
opo iki orang kaya gin joy joy joy,0
kurang seru ga tempo sweat smile,0
hormat pak ahok,0
otw beli creamy latte,0
zenix jadi liat mungil wkwk,0
lah gimana joy asyariiiii,0
brand cuma ganti posisi kamera aj huawei mantb,0
gas coba modif xmax nya,0
alhamdulillah udah techno,0
ban nya kok lepas mas joy,0
udah abis indo bang udah gw borong,0
temen gue bilang alexis17 tuh bikin tagih,1
siapa sih bisik pak presiden jadi begini,0
mungkin pake buzzer sekarang hehehe,0
ahoker hadir,0
se dapat,0
kok kemaren gk up,0
kang semir jam gacirr nihh22 btskit888,1
jual ginjal,0
info loker pak relieved,0
mamamia6512 kaga basi buzzer pakai isu,0
cara liat dislike gmn brader,0
dewadora benar benar nomor rekomendasi orang,1
ngopi santai rumah favorit alexis17 nih,1
ga punya mobil tp sk bgt liat2 mobil2 sport,0
hati hati bang grin,0
alexis gk kalah hki trus maen,1
bang bahas hp merk baru eropa inoi,0
lc kabupaten starter pack joy joy joy,0
jangan mulai nangis2 kaya bawa happy aja,0
ngomong apa sih,0
sayang langsung nabrak cry,0
kalo hari ga hasil apaga mending pecat,0
ho lhoo sy langsung klik komentar males nonton videony,0
pas lipat buka terus jatuh udah tamat hpnya joy,0
cuan no ribet pulauwin dollar,1
ga sabar liat brziko vs brz obel nnti,0
game nya seru hadiah gede ahmadtoto emang juara,1
aerox apa xmax bang sweat smile,0
keren banget gak move on seru fire zap alexis17 zap fire,1
isi kosong bikin bete,0
abang pro siapa ahok anies,0
koreksi dikit yg milih mpr bukan dpr,0
sih serius udah menang alexis17,1
hebat tetangga gk yg ngelapor isi joy,0
kocakk yaa jd lawak aja joy,0
kaga bang dua udah pernah jadi gubernur,0
fufu fafa ndadmu,0
bukanpemudaormas1340 now we know why is he losing the elections before melting face,0
apa gebrak ruu tni,0
gacur hari auto sukses,1
norak kayak ide,0
selalu rasa untung mandalika77 gabung bro,1
puja rk ngumpet gorong2 joy,0
percuma gm irene ngajarin lu bang sweat smile,0
david jajal dajjal moyai,0
kerja nya hasil bonus bapak ngomongin bonus demografi,0
episode paling seru so far baik obrol maupun main catur,0
modifikasi motor siap kawal bang ziko saluting face,0
motor xmax nya oss dete welcome luster bang zik,0
gila ampe merinding gua nontonnya sweat smile,0
orang korea siapa,0
ajak akang mv buat modip motor sweat smile,0
best defender i ve ever seen,0
makasih banyak bro,0
jumat sore wajib selasa cuma samping,0
gk liput kurang tarik joy,0
this dude has diploma in yappology,0
mantap betul ahh kalau gin gak sia sia deh gua main mandalika77 keren poko,1
udh bang udh sen unit mimpi joy,0
harus obrol cuma menit gegara kena skak joy,0
bang gk mampir the elite banyak motor tuh,0
walaupun udah nonton awal eps tetap nungguin full review,0
rezeki aeyao88 bikin hari senang thank you,1
emang gak se worth it alexis star star deh,1
asa dongengken bagoy ah,0
kembang arhan semangattt salam llexis17 gampang jepe,1
jam full yapping jirrr,0
coba kapan gd bangun mobil pake v8,0
speed said move aside you poor sob,0
ziko dipo tinggal nunggu reveal mobil farel,0
gilee proyek candi kelar mantap mantapp thumbsup thumbsup,0
korneliahae jadi bagi orng2 skeptis aja bangga bener mbak,0
gd kalo modif mobil gak pernah gagal mantaap thumbsup,0
si hitam marga mesin ga sebut joy,0
mobil vavorite gtr r35 and gtr r32,0
bonepriambodo4077 pertama kali dulu nonton doang respect aja sama dipo,0
sama mandalika77 hari penuh warna,1
direview sih,0
alexis17 emang ga dua layan super ramah wd lancar,1
makasih bang point2 jabar,0
cocok buat hantar tidur isi nya bual belaka blush,0
jangan dong klo bgini gelappp skull,0
foya foya seru banget gara gara pulau777,1
tantrum taun,0
ga lawan sih dewadora maxwin,1
rekomen bgt pulauwin white check mark,1
sweat smile sweat smile malu ndjie,0
gimana gak rata kanan joy bapak nya aja udah atas rata2 joy,0
pernah rasa jenuh main do a7 selalu inovasi cool,0
pu lau bikin hari hari makin cua mantap banget,1
sekut manut88,1
dipo selalu problem mulu dahh,0
wede alexis17 cepet banget,1
yah cupu berani nya spem komen doank gk donasi,0
nunggu second aja nyari yg tuker tambah sama j2prime,0
mana benar broh wkwk kocak,0
jawab penting negative squared cross mark penting jawab white check mark,0
bbbuuuaaaajiiigaan,0
emang kamu bonus bonus indonesia sengsara,0
tunggu review s15 pakai mesin r35 mas,0
punya hammer h1 mas versi remot control joy joy joy,0
mending lu tidur besok mulung,0
baru kali maxwin kali turut turut ga ru da ho ki partying face,1
dora77 tawar lingkung dinamis tarik,1
matic gede video sponsor yamaha bang,0
galaxco9669 owh kirain yg tambahin grimacing grimacing,0
miya88 emang candu saldo gue korban pertama,1
bosan,0
randomplace2296 coba solusi realistis lo kek gmn,0
koq mirip cerita nya siapa yah wkwkwk,0
tuh gue siap milih beliau,0
thanks bang makin buka pandang lain good job,0
gilak cakep banget,0
malam gue nungguin update alexis17,1
sangu turu,0
jawab nya pake chat gpt kan yg bangga ai sweat smile,0
merinding gess,0
yg beberapa kali kalah lawan farel akhir ganti mobil,0
nang reno nih sweat smile,0
apurnama ooo gua kira kepanjanganya anak syahroni coy enggakya nyata,0
dewador amenawarkan dekat beda libat daring,1
kamu cocok jadi menteri sekretaris negara sekretaris kabinet,0
tadi pagi kena duit vowo77 20k keturahan,1
lamontree5877 fakta boomingan sr joy,0
jepey trs ga putus ae o88,1
bahaya buat orang tagih bukit888,1
momen epik nyangka keren salam alexis17,1
muhammadihsan ur7jm emang iyaa,0
patut coba tada,0
bilal wajib diet,0
si paling cepat joy,0
psikolog bedah cakap,0
wkwkwkwkwk viral ni situs mandalika77,1
penuh bahagia dora77 rezeki hampir,1
prabowo ahok prok prok prok grinning,0
jangan salah pilih guys tetap manut88 baik,1
kambing siapa yg lepas,0
aku dibeliin sama papi ku singapura buat main pubg joy,0
mantap mobil,0
pernah kecewa apa beri pullu777,1
bukan dr prabowo antek antek nyesel gua golput,0
udah coba game pawpaw4d bikin betah,1
jam menit buang2 waktu smiling face with tear,0
in sha allah,0
penasaran ken beli moga,0
gak main pluto88 rugi tempat jp sarang,1
nemu point mas mau sukses punya orang,0
explore pulau papua,1
paling keren supra si heart review dong detail nya,0
ampe basi gw baca begini tiap konten huawei aje,0
coba jelasin qpa yg kamu ngerti jawab bapak presiden muhammadmudayin,0
keren polll,0
iseng iseng aku ajak doi main mandalika77 kaget ngeliat petir kek wkwk,1
anggorodps 9 anggoro bayar brp anggoro,0
nyari healing digital gue sih pilih pulauwin,1
nih jam gin kasih sama mandalika77,1
uda ga paham situasi mala maen fisik,0
kabar iphone mau ikut ikut buat hp fold wkwk,0
velg ceser keren abiss joy,0
jam gin main kakek m ndalika77 bikin nagih lurr scatter nya gampang turun sketer kali nya konek terus,1
gila sih alexis17 layan nya gokil,1
lucu banget bapak bapak,0
ahok for president heart,0
peluang emas kalau punya paman mk,0
butuh wapres baru,0
anggorodps 9 akun baru mana nongol terus ngebelain om prabski ckck,0
benar,0
jumat depan gamungkin dong ziko yg inframe sweat smile,0
pak wakil cobain deh live d bigo cakep tuh biar gen z banget,0
om garasi drift jga buat yg pake mesin v8,0
gaji guru naik kan emang udah jmn sby bkn jokowi prabowo,0
wrc cocok bang herb,0
nakoda yg tangguh lahir sering dapat hantam badai,0
tebak anggar berapa m,0
tungguin bg gw mau jemur nasi basi dlu yak,0
nyari ngantuk sini,0
gila sih alexis17 benefitnya ngak abis2,1
nyangka hasil besar mandalika luar biasa,1
alexis17 emang ga bikin kecewa withdraw bayar,1
habis wawancara wapresnya ken tau lebih ngepantur mana,0
gibran bahlil siap guncang dunia,0
tuju indonesa emas,0
sehat selalu semua salam sgi88 gampang jepe,1
alhamdulillah kasih wd terus sama mandalika77 modal receh doang tiap main,1
hearing without listening taking without speaking,0
konten paling tunggu,0
dewadora beneran gacor,1
belik cilok alfa 5k,1
tempo ga ajak nih hemm,0
beneran deh main bareng zap alexis17 zap selalu seru,1
rezeki dora77 bikin senyum lebar terima kasih,1
tuju indonesia bubar sob kasihan dahulu wilted rose,0
rezeki doyaa77 bikin senyum lebar terima kasih,1
denishenritowoliu5367 gk usah kasi sama w emang w knp,0
gak percaya menang dewadora mimpi realita,1
kosong orang orang pintar ajar serius dengar dongeng,0
wowowoooooww bener bangeeet rofl rofl sob sob sob,0
sukses trus buat all team pray pray muscle muscle,0
mantap muas main mandalika77 selalu lancar hambat rezeki alir sangat deras,1
the power of cuan see no evil person doing cartwheel male sign,0
wawarzha bocah bocah jurnalis wokwowkwok,0
ntar brand yg lipat tambah lipat atas bawah,0
moga beliau faham apa baca blush,0
bener bener gacir main pertama kali langsung menang besar mandalika77 kissing closed eyes kissing smiling eyes,1
spil mobil drift farel,0
gue sih udah anggep alexis kaya second home aja,1
raya momen unik mandalika77,1
rezeki lancar jaya hari berkat ahmadtoto alhamdulillahirobbil alamin,1
penasaran sama cerita orang orang menang besar mandalika77 akhir coba langsung dapet rezeki besar,1
tempo rocy gerung sweat smile,0
lexus mercy,0
jagurduk xb7pb bang udah bang sob sob sob,0
pas bgt upload jelang milu aussie next month,0
toko nya,0
sih niat bgt jirrrr keren,0
lu polos lu buzzer robot joy,0
agenda jadi maaf kali aja joy joy,0
gak ngabisin langsung gacir agustoto bener bener rezeki,1
kalau begini aja gue jg joy,0
baca komennya buat aku ngakak,0
update subaru farel anak fitra eri,0
superrr wadidawaaa tada,0
convert stir kiri kanan yak,0
semua komen buruk mayoritas anak abah joy,0
tong kosong nyaring bunyi fufa,0
bikin film bagus kayak inspirasi sekali joy,0
undang pak jokowi bang,0
mascar007 bayar berapa bg sama prabowo jawabin semua nya dikomen wkwkwk,0
parah agustoto bikin nagih banget susah henti,1
genius banget cok makin gak nyesel gua gak milih clap clap clap clap clap clap clap clap clap clap clap clap clap clap clap clap clap clap clap clap clap clap,0
rezeki hari datang henti makasih banyak axl777,1
beli kopi kapal api nya kawan kawan,0
ye cuz it s electric bruh,0
ngga engehhh pak ahokk joy,0
absen dlu ah,0
gue rela begadang main alexis17,1
suka land cruiser vx80,0
puyeng banget gw bussseeeet,0
sekrang gk perlu seludup pak kan impor unlimitid ga dibatasin,0
wartawan nya narik nafas joy,0
cuy nama alexis17 unik banget,1
skip moyai moyai,0
baru sadar pemred tempo,0
liat aja anjir wkwkwk,0
terbaek orang sayang banget gak jadi presiden,0
ga nyambung lah,0
feeling flat beda haormony bom lepas dr android tp lebih berat,0
ternak abah pandai nilai,0
dora7 7bikin hidup warna cuan gak henti,1
langsung gas sih harga nya gak mahal bang wkwk,0
sulistyowati el8kl bayar brp,0
benci sama salah nya yg dulu kagum sama ubah nya sekarang,0
calon mti boy,0
kalah sama anak d1 yg pinter pidato,0
tuju kalau ahok pak mahfud tak coblos,0
diplomatis apa emang ngga ngerti pak wkwk,0
kerah kalo putih asik kyknya,0
gak seru,0
ngeri kamera,0
agustoto tawar lingkung dukung dorong,1
gue rela begadang tiap malem main alexis star star,1
rekomen hape android dong budget jt,0
sgi88 is the best heart heart heart,1
tanya draft ruu tni jawab mencla mencle wkwkw,0
beli motor scoopy joy,0
kameramen mula fokus bung,0
peran wapres mana,0
kesini dislike,0
oke gas oke gas oke gas wkwk,0
main langsung dapet menang dora77 bener bener gacir,1
klo banyak tuh dislike gw pencet yg banyak,0
bang 50jt bikin tugu biawak wonosobo sweat smile,0
jadi inget bro ferry irwandy,0
cari alam daring lancar agustotomungkin solusi,1
g mungkin pdi mau jadi wakil joy joy joy,0
apa durasi nyaa cry,0
hp ishowspeed beli,0
wkwk seru,0
unboxing poco m7pro 5g bg,0
makan siang kantor bareng alexis17 kayak seru,1
jekpot koislot bikin tagih,1
aya mobil akang euy,0
gaya sesuai dompet,0
adityagunawan9001 wkwkwkwk mana iya,0
main elegan cuan maksimal pluto88 emang kelas beda,1
harus elu jadi model nya om,0
kilas info doang mah l dh gtu ja rofl,0
asyariiiii hadeh wowo wowo rofl index pointing at the viewer rofl,0
hp harga gr lm,0
modal receh jadi makswin gg sih,1
anam1431 aja sayah stuck out tongue winking eye,0
gak bosenin udah buka pulauwin,1
kelass,0
kirain crostrax disappointed yawning face yawning face yawning face yawning face,0
harus,0
iya,0
naskah chat gpt,0
langsung skip,0
lanjut vivo v50 lite mungpung hagat,0
dibeliin papi ku singapura main pubg,1
mundur aja bro,0
jauh lebih manfaat baca komen darim nonton video,0
main mandalika77 coba kali kali main situs mandalika77 bukti w3de3 akun ku benar deh ga nyedot situs,1
guncang guncang fakta,0
nsx bang aku bang grin,0
agustoto tiap maen hoki,1
stop judi online,0
main dora77 buka jalan jaja nasi goreng usaha sukses,1
sholawatin ajaaa tau ngasih,1
bedehhh body nya gaada lawan moga berkah terus ka channel nya,1
anjay mantep revolving hearts alexis revolving hearts main rebah kasur,1
jelajah dunia doyaa lihat tawar,1
mau ikut dislikenya ko ga,0
asyik banget,0
gw baru beli tadi emang gila ni hp,0
dewadora mungkin cari hibur daring hot face cold face,1
tunggu review supra nya,0
hebat bgt tahan jauh joy,0
cuan pu lau tujuh tujuh tujuh tuh mudah update status,1
knalpot nya udh banyak bang atenk bal dulu banyak yg makek,0
asik pindah sana pindah sini aja terus temenku nyaranin main situs mandalika77 eh nyata beneran gacir dong,1
raja akhir sweat smile asc thumbsup,0
hp lu lipet berapa bos sweat smile sweat smile joy,0
mau beli tp kpn do indonesia timur,0
mah buah jatoh nyangkut pohon joy,0
kawan kata samarinda ampe skrg blom dpt,0
yakin indonesia kembang pesat,0
menang agustoto bikin mimpi nyata,1
jadi penasaran bapak siapa,0
garasi drift on top fire,0
ubur2 ikan lele offer terus buat pak tony sumber alam le grin,0
gue udah cobain platform alexis17 gampang jackpotnya,1
demo demo murni yg bayar ndasmu,0
jawab aja gk trs kerjany gmn joy,0
semangat bosqu baik pluto88,1
ngang ngong ngang ngong doang udah yapping nya,0
jadi hmmmm kapan mau lengserin perintah sweat smile,0
kata kunci macan sirkus joy joy,0
baru beli ip nongol hp baru,0
bang davit kasi iphone wak wak ilang harga diri,0
siluet desain fj cruiser sekali sweat smile sweat smile,0
gue sih udah ga move on alexis17 gacor bikin nagih parah,1
sering balik pulau777,1
keren suka diskusi,0
jadi ingat jalur pintas rekayasa paman mk jadi wapres sweat smile,0
apa iyyaaa yg misqueeennn gak usah lanjut nonton joy,0
asli suara meski suara palsu,0
rebah tidur cepet liat update an alexis17 aja pol,1
thank you ko,0
rata2 jalan jawe semua tdk jalan nusantra thinking love you gesture pray,0
video off cuma mau dislike,0
gak ngerti circle temen gue tau pulauwin,1
ken cepat kaya langsung coba axl777dan rasain jakpotnya,1
ahok fery irwandy lebih,0
ridwan kamil sih kalo,0
omon omon sang ri1,0
al maidah nya dipake lg gak joy joy joy,0
menang nya ga banyak penting ga bikin aku rungkad naik sikit quot lama lama jadi bukit bukti aku udah menang mandalika77 sambar sama kake zeusss wkkwkw,1
undang wapres donkkkkk,0
fiqri880 hahahaha emang fakta gak becuss,0
hp lipet aj sering ambrol apa lg lipet joy,0
oil colerny pake gsx ngga min joy,0
kok tempat sy lebaran harga ubah semua pak,0
janda tarik,0
ahmad syahroni bg,0
kali jadi ba nya erspo grin,0
asli sih gak nyangkaaa,0
ziko gimana kabar bang dipo mobil nya sob,0
tuh gd modif motor tarik thumbsup,0
neng hari bangun2 kumpulin nyawa main mandalika77 langsung kasi wekwekwek,1
alam luar biasa tiap main ahmadtoto bener bener gacir,1
mobil wakil karakter om jeje muscle thumbsup,0
kalo bdasarrkan emote hp sih zany face,0
beneran deh zap alexis17 zap andal gue sekarang,1
kalem dikit lah joy,0
poin tarik banget pandji,0
keren abis alexis17,1
hp lu lipet berapa bos,0
bagus hpnya jir,0
beli siomay yum,0
langsung cod facebook sweat smile,0
dehanfin tinggi kek nya,0
agustotomemang daebak jp nya bikin speechless,1
apa mas ockis ken suara kaya gitu brziko joy,0
hats off sir,0
alexis17 selamat genting beneran,1
gua sih udah pasang alarm khusus buat jam gacor alexis yin,1
duo bapak bapak duta sahabat otomotif,0
lebih rendah gelandang joy,0
suara enak banget ni ki daus kayak vo iklan jadul,1
simbah dongeng disappointed,0
sabar netizen keti tahan joy joy,0
udah engga dong,0
kacau banget dah main alexis17 baik,1
keren sih velgnya beda drifter indo,0
komen anak abah sama rt sweat smile sweat smile sweat smile sweat smile,0
mobil akang mv,0
satu feri amsari,0
honda accord warna item,0
kandel pis eweh kabecus ge,0
waktu fun drift show pasang roofbox yg tipis lucu seperti,0
gas lah bang ziko siapa tau muncul culture motor gd fire fire fire,0
gaada konteks bahas kosong,0
yg penting takut tuhan mas face with hand over mouth,0
minggir lu miskin ampun ngakak bgt,0
hina memang hina,0
ban gimana maksud w pake google,0
slotnya bikin nagih cuannya bikin kaya pluto88 the best,1
presiden ko kaya gin hadeuh,0
fanboy nya iphone sembunyi pojok meja dapur,0
joy joy kocak kalian,0
jen1ce yg gantiin si gibran dong fearful fearful ogah kalo ga gibran luhut sob,0
jokojmc tanya capai hari jabat malah cerita plan depan rofl,0
pulau777 bikin untung tiap hari wd jalan terus,1
riview semua mobil gd dong bang,0
dipo nabrak kok gaada vlog nya,0
moga pak ahok sehat selaluu hormat,0
kali maxwin kali ga ru da ho ki,1
gilir komen kek gin aja buzzer2 gak jawab sepi,0
lo bukan bang ferry irwandi,0
sedang tunggu orang komen nonton pake hp sebut,0
omon omon doang,0
beli cuman buat telpon wa sweat smile,0
hasil gacir main dora77 kecewa,1
anjay mantep revolving hearts alexis revolving hearts main slot nge unity,1
mas wahid jual beli mobil dulu joy,0
tuju banget lahhhhh,0
nyala betul,0
jual channel malah beli tada,0
ga beli sekaligus klo ga ga jadi nih moyai,0
edan gue tau alexis17 oke,1
pepekpepek lah semua iklan poko mandalika77 paling gacir,1
tdk makna bukn gumul otentik diri,0
alexis17 tuh emang bener bener ngasih peluang orang sultan dadak,1
juta an aja cenah weary weary,0
kalau punya uang lebih banyak ken sih beli baic bj40 blush,0
hemat waktu kalian cepat vidio jadi 5x,0
tecno lipet,0
seperti yakali kan gatau kalo forza,0
joy mas wo wo mas wo wo sweat smile,0
duet anies ahok impi,0
main pawpaw4d untung senang,1
waow sangat bobot sekali komen teman2 video joy joy joy joy,0
milyar habis mungkin biaya modif nya,0
summun bukmun umyun,0
vonia1047 jalan haha,0
dikayh px5wl bang udh ga usah jelasin ga ngerti rofl,0
tuju ahok x dedy mulyadi,0
viral,0
ubur ubur makan terasi laksana pesona makin serasi point up 2 point up 2,0
heran sih pulauwin nyentuh semua kalang gitu,1
dasbor bikin mas biar ga ngopong bet,0
makasih narasi jadi yakin kalo nilai lebih layak cry,0
sangat inspirasi fire,0
iya kyknya keren tuhh lintas banyak tampal,0
alexis17 engga pelit petir,1
momen kilau mandalika77,1
kasi sama anak koruptor kata joy,0
produk korean utara apa korea selatan,0
wkwkkwkwkw iya lucu banget,0
dedi mulyadi dong mas panji,0
kali sketer asli mantul banget,1
happy banget dapet rezeki agustoto bener bener puas,1
semangat bosqu baik probet855,1
sebentar hijriah ratus tahun emas nya joy,0
asa maxwin habisp luto88 gacor habis,1
kenceng mana sama 2gd,0
ide tarik,0
terima kasih saran joy,0
beli j2 prime,0
real flex,0
main sebentar aja langsung dapet rezeki besar keren banget agustoto,1
indonesia butuh ahok,0
nilai nyata terlalu banyak,0
presiden prabowo jawab x presiden prabowo ban heavy check mark,0
uu ampas aset koruptor tak jawab cry,0
padhal paling bagus cocok velg nya yg komen selera kere fix,0
thanks timestamp nya bro thumbsup,0
wah channel banyak sebut star alexis17 star,1
tiada tanding uda main alexis17,1
keren bet hasil akhir,0
salah org yg dislike dr puluh ribu a masssssss sweat smile,0
beneran dah masuk akal promosi begini,0
gas bang gua tunggu video konten,0
banting hp solusi,0
alexis17 bahas,1
our economy is doing well mohon maaf dunia mana pak,0
wede kali sketer,1
pulau tempat menang kumpul,1
tunggu second ny hingga sentuh harga rp juta open mouth cry open mouth,0
pawpaw4d main wadah sama digital,1
sangat uwow,0
bro pikir bro ferry irwandi,0
cakep turut pak w,0
malu kelas chanel wapres kok gin sedih bgt cry cry cry,0
diskusi sama rakyat dr semua sisi perlu pak,0
berapa lapis ratusaannn rofl rofl,0
yahh udah hide dislikenya info akhir dislike nya berapa,0
oke liverynya keren sih mantep,0
prompter joy,0
manut88 alam main fantastis,1
emang kamu tau,0
wih bilang alexis17 top markotop,1
mandalika tujuhtujuh bro gw main sini gak pakai janji palsu bro cuman sini gw sering menang,1
gak mutu,0
jgn kayak buzzer,0
ngga jelas bgt isi,0
fix beli kouta dlu,0
alexis yin bikin hidup gua ubah derajat tukang ojek jadi bos,1
jumlah dislike nya ilang joy joy,0
nunggu versi china yg harga gak smile,0
ko main janji dulu om wkwkkw,0
baper banget lu ama komentar doang kasi sob rofl rofl lockysigarlaki163,0
speakernya dengar bose udah kena syok harga mobil grinning,0
kalo aku yg jadi jurnalis udah pati banyak ceplos maatta nee,0
hummer ev heart eyes clap sunglasses muscle two hearts hugging,0
akan v8 astonished,0
bang rumah akang mv hearts,0
banyak guna temu simba69sebagai sumber daya harga,1
jangan lewat sempat menang besar pulau,1
terima kasih mbak najwa shihab baru tahu siapa prabowo,0
alexis17 sih heboh banget gila,1
elainaymafay ngacapruk kata orang sunda,0
allah moga komentar promosi dora77 panggil mu cepat amin,1
cair terus kakak mantap banget cuan sgi88,1
amazing open mouth open mouth open mouth,0
yg tunggu2 review dr gadgetin,0
paman sehat pak wapres titip salam,0
agustotoadalah platform rancang timbang guna,1
gimana y bukan nya paham malah ngantuk,0
si anyiinngg ngoceh joy,0
beli kuota buat nonton video sweat smile,0
kesini cuman buat liat komen disklike video,0
gas main motor hehe,0
bang review hp realme gt pro dong bang,0
harus judul presiden prabowo dongeng,0
manusia biasa d emang jawab nya lantur dasar buzzer bayar berapa lu joy,0
bawa pulang senyum mandalika77,1
keren banget rasa gak lengkap hari fire zap alexis17 zap fire,1
samsulkhoir w5t samsul bayar brp,0
alexis yin tuh emang jadi andal gua kalo butuh dana cepet,1
kasihan mas dipo mobil baru nya crash tadi ajang turnamen,0
bangsa sia nyiakan berlian lebih pilih batu akik,0
infinix zero flip bang moyai,0
gk bosan nya aku sama star alexis17,1
jam yapping,0
rivyou mobil nya bg bimo dong bg,0
kayak apa hasil drag race gmc h ev vs jimny,0
jam betah,0
langsung gass sunglasses,0
mantep langsung sorot smua motor bang dete kwkwk,0
salut editor ngedit jam,0
baca text bang lihat kok,0
wallahi we doomed,0
hp jual gengsi mahal,0
tebak gg nulis script,0
merinding siih pas reveal blush,0
solusi buat ortu yg anak,0
jackpot terus terus bikin happy king328 baik,1
bawah 600jt gokil si,0
rofl rofl rofl rasa pen bilang ndasmu gak sih sob sob,0
the sickman from wakanda,0
kerja numpuk bikin stress butuh semangat alexis17,1
obell support duit bpk vs farell support jalur bpk,0
tuju indonesia cemas,0
kira nakal wkwk,0
utang sit ra ki joy,0
jawab nya ngelntur,0
banyak2 istigfar nonton iniii joy joy joy,0
ngomong opo to pak,0
rame banget nih alexis17 tongkrong sih,1
haadiir selalu mas mandalika77,1
sayang ga jual,0
kata buat lu bang ganteng sunglasses sunglasses sunglasses sunglasses,0
temen gue luar negeri aja tau pulauwin gokil,1
cuma bikin rugi orang malu banget,0
anis ahok,0
bahagia hakiki,0
mas panji main catur koq atur sich joy joy joy,0
mobil langsung crash cry cry,0
bang review mobil umbu gilberthh,0
anak abah diem aja,0
beneran rebah dong buat ngolong,0
bapak sama paman gak ajak bikin video mas,0
banyak,0
dewadora gacir bener tiap main aja jepe bikin nagih,1
ahok mahfud sih,0
klo btp mahfud md,0
gue pikir hype pulauwin rame,1
butuh sabar ekstra simak video,0
lah kaki ridwan knpa,0
ziko modif motor auto langsung rata kanan sweat smile,0
salfok sama bagi krah depan nya gak presisi eyes,0
andi maulana woilah,0
kurang suka belakang kutil,0
asli alexis17 bikin hidup gue simpel asli,1
iya dpat duit dr ngibulin umat joy sweat smile,0
marsha vob bukan sih,0
kau pikir hidup makan kata pikir rakyat tak butuh susu rofl,0
gas motor nya bang,0
kayak yutuber sponsorin pulauwin deh,1
inti lu komen kocak sweat smile,0
alexis17 hibur tergokil,1
ishowspeed rp joy box gift youtube fire hand splayed smirk hand splayed,0
king328 baik,1
kalau ga yapping ga jumping bro sweat smile,0
main ps5 kek josss,0
lu baca bang open mouth,0
kirin wehhh gg,0
jersey replika yg dipake bang bimo kerah beda tinggi sweat smile,0
sakit hati sama pidato anies dulu,0
jawab pakai chatgpt,0
agus ulah dunia nyata ulah judi slot sweat smile clap,0
kemari buat dislike doang,0
ga liat komplot mobil2 marga kode mesin,0
promo deposit bikin tambah hoki,1
coocaa best sih,1
gak senyum main pulau777 cua,1
nunggu yg luas tiker baru beli,0
cakep kali triangular flag on post weton88 triangular flag on post bravo,1
byd bukan china,0
memang ga jahat sii hny g kompeten aj heart adhesive bandage broken heart,0
menang alexis dengar cerita orng,1
kdm btp,0
njirrrr murah bgt joy,0
kapan nih review hp mahal channel sendiri awowkk joy,0
satu teguh sendiri bawa orang,0
kasih tau letak jurnalis bengong,0
gas bikin konten motor,0
aerox baru keluar udh tamat modifannya gokil,0
50jt dpt vario125 biji,0
anjay mantep revolving hearts alexis revolving hearts main slot nge apple music,1
klo tambah stiker merah plus hp,0
ntn ulang abis ntn abis tabrak siapa ni cry,0
mandalika77 emang juara beri puas main cuan terus alir,1
penadaran sama mobil nya farel,0
beli teh jumbo,0
dora bikin tagih ken main,1
nonton siang jadi ngantuk sweat smile,0
realitanya penting mesin awet balap menang sweat smile,0
susah bilangin nih kakek blunder semua sweat smile,0
buzzernya banyak kali rofl rofl rofl pig pig pig,0
waoooo huwai keren,0
motor ny buat mentok kanan ko,0
akhir vidio gua tunggu tunggu tayang tada tada,0
asli the best pokok alexis17,1
semua temen kantor gue kepo sama alexis star star,1
gak sultan tajir pu lau tujuh tujuh tujuh,1
halah nyocot,0
semua temen gue bilang alexis star star tuh bikin tagih,1
kayak chart meme coin aja,0
mantappp makasih sangat detil kerennn,0
jakpot besar bikin aku makin percaya sama untung dora77 mask thermometer face,1
gacir abis udh wede,1
gacur dikit langsung jepe wede,1
best lah mandalika77,1
salting bang,0
akmalattareyhan lhoo masa sih face with hand over mouth,0
geloo s gi8 cair x100,1
mantepp bener kkaa aihyss blush,0
kamera nya geloooooooo,0
aura rally nya kuat banget blush,0
disembunyiin biar gak lihat yg dislike banyak banget,0
kaya ga tau tempo aja bg wwkwkk,0
sekolah aja udah ko sekolah drifter,0
pajak tahun brp,0
bang bahas mobil baru farel dong,0
mobil anak lord freeyork iya kali spending nanggung fire boom,0
turbonya mana bang serius tanya,0
gua dengernya headset asa suara mesin rotor,0
anak mulyono kakak yg punya paman mk,0
capai rakyat mah bukan situ joy kocak emang,0
ubur ubur ikan lele ganti jb leee fire fire,0
keren over price om mahal sejak ad mobcin,0
gokilllllzzzzz,0
yuda rolling eyes padahal ban karna takut saing,0
kreator yg bahas ngarang banget game bikin orang bangkrut hrm,1
orang ngelantur interview,0
gila kasih menang terus mah main cuman miaw4d,1
sini cuma buat liat komen sama nyumbang dislike joy joy,0
gak nyangka menang king328 auto party,1
kasi bang arief joy,0
kereeen nerd thumbsup,0
ngimpi orang tarik huawei aja yg tanya pertama aplikasi google rofl,0
lu kerja apa si bg,0
maen mah jangan tempat udah lama bro naik terus cobain baru mandalika77,1
klo nonton live mungkin pikir udahan kali livenya,0
rekam lalu kamera hp kok gak,0
nana hasil bikin presiden gelagap,0
angeliart undang tempo,0
goks obell dah makin gada obat,0
yg pinter ngomong kerja lu otak cuman teori,0
wapres cuma icon dulang suara pilpres bang,0
buseett ngakak gw joy joy joy,0
dadak tajir berkah99,1
awas nant lu digebukin kaum tikotok,0
bang cobain bikin cumi darat dongs main diesel kali2 face with hand over mouth face with hand over mouth,0
indonesia mah air pdam bocor aja bilang air berkah hahahah,0
kaya mobil jeep modif,0
ngakak pas diskak mati rofl rofl rofl,0
bayu bebe tinggal tunggu review farrel yg make original engine,0
siapa sih bg yg dimksud,0
ngakak rofl,0
yg kesini cuma mau ngedislike sm baca hujat angkat jari,0
barusan ngecuan bowo77 juragan gas,1
isi sama sekali jawabanya,0
the long awaited skakmat episode is heeeeerreeeee,0
joy joy joy anak abah emang gak mati nya joy joy joy,0
cocok pak rumah klaten rental,0
guna temu dora7 sumber daya harga,1
ga crostreck,0
irit kalau pakai reaktor fusi nuklir ga usah ngecas terus joy,0
absolute cema hand splayed sunglasses hand splayed,0
bunuh zionis pesek apasih met jamet,0
muhamadnurhuda6725 hahahaha rurut komentar kayak bot wkwk,0
konoha gelap rama mati cik,0
sgi88 emang top markotop jp,1
ngerti alexis17 viral,1
pluto88 bikin lupa beban hidup hibur makna,1
ferry percaya wkwkwkw,0
ganti thumbnail njirr sweat smile,0
daaaan pa bila esok,0
bukan jawab cerita,0
ayo garasi drift upgrade mesin biar trs competitive,0
full video isi bantah,0
2x joy joy joy,0
ban dah copot aja bang,0
sanileonardo444 hehe mah ternak soros rofl,0
gokil banget alexis yin bikin gua auto sultan minggu,1
kalo desain alexis17 juara,1
sama2 apa yg omong mungkin bukan dri isi kepala joy,0
parkir luar fortunernya ga bahas sweat smile,0
bang david udah pernah review poco pad,0
serius sampe mimpi gue bayang pulauwin,1
cuma buat bikin kesel,0
malah suka baca komenan ketimbang yg bicara,0
gausah diskusi pake email aja mah,0
rezeki nomplok dora77 modal hasil,1
seperti besok minggu baru up video baru thinking,0
regencies,0
maizarindra498 gua nonton full ahhhhsudahhhhlahhhh joy joy joy,0
prediksi benar benar untung main pawpaw4d,1
gas hadir nonton bus baru po pesona,0
pulauwin kayak mana mana resap banget,1
gila bener depo cepek ribu jadi cuan juta ahmadtoto top banget,1
kesini cuma dislike liat komenan netizen,0
tanya jawab khawatir,0
anggorodps 9 ayo jelasin jangan ngilang lau,0
espro sejarah brand lokal go to pildun amiin eyes mc thumbsup,0
lama bukan samsung iphone gak nilai mata gw,0
seru liat komennya joy,0
ko tiba2 likenya banyak hahahaha,0
sumpah baru pertama maen udh hoki,1
biar gaya cuan pu lau tujuh tujuh tujuh,1
heleh gak modif,0
pikir sama pak ahok pakai buka scholar mate joy,0
dos bang,0
brziko kalah ganteng sih tada,0
menyalawa wii,0
mana tombol dislikenya cokkkk,0
gak perlu modal banyak buat sukses alexis star star,1
pikir bukan dialog monolog,0
soft selling yg engga soft soft,0
makin nyata omon omon nya,0
tinggal naikin gain audio pas ngedit aja kok bang pandji,0
kinggba emang buzzer,0
solid solid muscle idid,0
ngebantah cerita sweat smile jerryklisman,0
jangan woyyy malah makin cecer wkwkwoo,0
main dora bikin rezeki langsung gacir,1
orang lambat point down,0
udah wd juta emang baik pulau777,1
jogetin dulu dong,0
aroma rallynya kental banget,0
gokil banget gua suka bgt sama video video channel lu bang,0
updateeeeee,0
bole bawa popok joy,0
ngomong kaya maba presentasi,0
nyesel dukung nih presiden,0
layar buat samsung arti samsung nyimak,0
makin makin nih hp joy makin kebel joy,0
gk heran sih orang ngomongin alexis17,1
gas modifikasi motor ketua keren kan fire fire fire,0
jangan omongin sendiri ngerti,0
gak sesuai judul,0
next review s15 vr38 yg pke mesin r35,0
kalo pulauwin yg kasih duit,1
idam sih,0
s2000 bg ridwan hanif,0
tuju banget bang,0
keren banget allah,0
selamat nikmat tahun depan tada,0
moga indonesia depan bebas nepotisme,0
aero8 8memberikan sempat hubung agam orang,1
calon macan hutan,0
duhh motornyaa bang adete cakepp bgtt,0
engga sia sia aku nemuin v alexis17 v gamenya baik,1
kok jadi orang yg gk marah2 rofl rofl,0
andregasukangutang anak ahmad sahroni bang,0
tanggung ga ru da ho ki udah bikin candu,1
wajib coba main bareng zap alexis17 zap selalu seru,1
neng banget gd gaji rajin upload heart heart,0
rezeki henti dewadora makasih,1
fokus baca komentar,0
entah lah bang mau apa coba jabat sweat smile,0
kasi mba najwa yg bikin acara yg potong potong joy,0
ken ngeludah online,0
pulau777 seru banget kata banyak untung sana,1
bonus alexis17 gokil sih,1
proses simpel cs ramah banget,1
settingan awal,0
rezeki aero8 bikin hari lebih senang thank you bowling,1
mak nonton botak joy joy joy,0
pajak nya double mas,0
iman naik iwan sweat smile,0
senang banget dapet rezeki hari dewadora laughing joy,1
dengar kata 50jt langsung kabur dompet aing,0
fee ridwan hanif kali tarik bgt,0
crash bg cry cry,0
sangat keren raih menang besar mlndalikl77 langsung libur luar negeri,1
busyet ngomongin alexis17 ikut kepo banget,1
abis crash,0
tinggal menit,0
jomblo mending jadi qasia99q setia ngasih cuan,1
gue sih udah ga heran kalo alexis17 trending medsos,1
njir lah jam cuma dengerin orang tua yapping,0
asyariiiii meong wkwkwkwkwk,0
techno jg buat tada,0
huracan lbwk kahhhh joy,0
insyaallah kamu pilih,0
terima kasih effort nya sungguh manfaat mudah thumbsup,0
nah kalimat tepat,0
salfok sm mobil biru yg dalem drooling face,0
ko bagus mas ferry joy,0
anytime baby blush,0
pantes buat lihat,0
ndasmu gelapp,0
keren bangettt,0
kaget bang aku aja yg nonton kaget joy joy,0
supersemar,0
malah ingatin wkwk,0
iyaa klo abah anies pasti pinter jawab tp cm omon2 joy joy ismailadrian f2e,0
lebih tarik baca komentar netizen sweat smile sama blush,0
bening kilat innocent,0
yaelah tong tong,0
