clean,label
makin yakin abis baca review v v sgi88,1
paling suka model h2 heart eyes fire,0
mobil udah hancur pleading face,0
manut88 benar2 bikin aku jadi sultan,1
moga lekas recover mobil mas dipo,0
pantes tongkrong maen alexis17,1
gua udah ga bayangin hidup alexis yin sih,1
langsung percaya lihat hasil,1
orang bilang alexis17 tuh miracle banget,1
yapping mulu anjir kagak jawab sistematis realistis,0
gue rela gak upgrade hp nabung alexis17,1
sekarang udah brp dislike thumbsdown thumbsdown thumbsdown thumbsdown thumbsdown thumbsdown,0
keren bngettttt,0
atas gd mas asc monster sweat smile,0
makantuh tengah jam,0
pikir lewat mikir sampe lupa pu lau tujuh tujuh tujuh,1
kocakk emang cara biar komenan judol ga atas izurzuhri,0
rasa dengar orang kampanye sweat smile,0
heart weton88 heart,1
dikit2 iphone lu napa bro xd,0
orang presiden joy joy,0
wah jawab beliau template ndak tau kok tanya,0
kesel gue pas kepala babi malah bahas perang dunia blunder,0
busett cerahh banget triangular flag on post sgi88 triangular flag on post encess sama koinya ngasih mulu,1
bro alexis17 ngadain giveaway nih hadiah motor sport baru,1
menang suhu328 bikin hidup,1
pesona laksana beli jb5 cuma nuruti mania yg koar2 sosmed,0
baru jepe kali wede lancar banget,1
makswin brusan gates gg banget,1
seru abis rasa gak lengkap hari fire zap alexis17 zap fire,1
ahmadtoto bikin lupa masalah hibur hakiki,1
emang gak se percaya alexis17 sih,1
gak pakai proses nya langsung wd,1
sungguh dora77 tagih berat sulit henti,1
semangat garasi drift moga cepat jt,0
banyak kata lumayan,0
aceh donggg,0
buset menit udah kalah aja mas panji rofl,0
astagfirullahaladzim cry cry,0
bangun tidur ku terus ngeslt emang paten kali mandalika77 nih apa2 udah maxwin kirain cuma mimpi doang maxwin,1
velg nya cakeppppp drooling face,0
truck ev blm,0
kasi jp pas modal haha makasip luto88,1
baru tau barusan gue ikut dislike joy,0
cobain langsung tagih puas,1
bangga gua nih kalau tongkrong star alexis17 star top markotop,1
ga tau mau komen apa yg jelas ga bobot nya,0
kocak banget lu nji wkwkwkwkwk,0
fix gak nyesel bangga banget jadi bagi fire zap alexis17 zap fire,1
sis ngeh kalo alexis17 keren gila,1
nonton sila dulu baru kesini sweat smile,0
buset tv gede gitu main pes gawang gawang liat kalih,1
bang coba riview hp blackview,0
mas amba kyny lebih tau realita lapang,0
salfok booth airbft rofl,0
nama parts nama flexibel gampang rusak,0
semua orang bilang alexis star star tuh blessing banget,1
udah cukup joy,0
iya lucu banget joy joy joy joy,0
ishowspeed pernah review,0
nganggur pres wapres,0
beli aja uda neng banget gimana klo uda munyain,0
keren gas kak weton88,1
nama aja the elite emg elite gaada yg norak kek pasar malem,0
main alexis17 suara,1
berkah rezeki hari berkat probet855 puji syukur,1
nice link bagus mandalika77,1
min video lu baguss pilih sgi88,1
capek bgt nemuin alexis17 trs,1
tirta cipeng ahok gas,0
ampe merinding cuyy,0
manusia biasa joy joy joy joy emang,0
tuju bngt,0
emang alexis17 gampang menang,1
jokowi mulu sebut,0
bobrok bawah sama pimpin kupas tuntas,0
gue rela gak tidur ngikutin update baru alexis17,1
mandalika77 mekswin depoin limpul,1
who hurt you sweetie heart,0
cuy serius nanya alexis17 beneran bagus,1
kalo mazda paling suka cx,0
mazda,0
alexis17 superrrrrr bos gac0r layang,1
journeynya video baru mas ridwan,0
jepey gmpng banget sgi88,1
wkwk sama bg linggarprasetyo9804,0
cuy alexis17 lo coba,1
nggambleh thok isone mung omong apik2 wae payahhhhh,0
rezeki alexis17 makasih untung,1
up trending,0
ngga ribet gampang banget dapet tambah,1
pt apa bang,0
main bareng temen pulauwin emang seru,1
penting jadi presiden tada,0
mantap bang jadi lebih paham point up,0
emang gak se asik alexis17 sih,1
sgi88 bikin tagih,1
fix gak nyesel setia banget sama zap alexis17 zap sejak awal,1
tunggu tunggu salam jepe sgi88,1
gilaaaaaaaaaaa,0
mandalika77 makas lah uda ngasih keren pokok mandalika77 sesuai pnya isi nya,1
dapat,0
worst president ever,0
youtube premium,0
pimpin yg sungguh sehat2 pak ahok,0
makasih aeyao88 rezeki bikin hati senang banget,1
bng coba game zeus x sgi88 gampang bet pecah,1
jujur cakep bener livery nya asa tamiya rame cakep,0
kirin nya gila anti panas cuma anget anget doang,0
epic moment sgi88,1
gue udah coba main jam jam alexis17 emang gacor jam pagi,1
bro sibuk sih alexis17 bonus deposit super gede nih,1
samaa wkwk,0
yg tunggu2 weton88,1
asli gd baik sukses terus gd fire fire fire,0
sweat smile yg penting kaya,0
suka banget main dewadora gak nyangka dapet jakpot langsung,1
gue udah ga bayangin hidup alexis17 udah mata cahari,1
senang banget rezeki tak duga mandalika77,1
bg sekal cobain drift 180sx gp sports,0
cuma tonton relieved,0
plango plongo doang yg bikin gereget ken sikut biji mata joy,0
negara kaya kuat membrantas korupsi,0
harga jaecoo j7 mirip sama zenix,0
ngakak gua ngab ovanfebrian f1f,0
aduuuh perih liat mobil br jd udh ngantam tembok cry,0
maizarindra498 kata buzzer brain rot guys tepuk tangan in dulu dong clap,0
kece banget cross track nya,0
detail loo,0
only one word that i wanna say yakan relieved,0
alexis17 tuh emang ngerti butuh membernya kasih surprise bonus,1
mahal pernah main piala dunia,0
ges doain gw coba stop maengaruda ho ki candu bgt gacor nya gw,1
gasss sih bikin motor ala jejepangan wkwk,0
dislikenya sembunyi joy,0
lah emang awal memang ga nyambung,0
kmren milih siapa,0
trusted emang berkah99,1
jairo,0
parah alexis17 keren banget,1
anjir menit udah selesai tuh,0
dewadora emang beneran gachor,1
gak nyangka iseng doang eh tagih pulauwin,1
hendrayadi v5h semua partai sama aja semua isi penting pribadi,0
nooo kapal api nya mana cry,0
rezeki limpah datang agustoto makasih banyak,1
juta doang bang pesan unit joy,0
dulu ni orang ngomong mana point sama bapak e,0
wede kali hari sketer terus,1
abis diamukin irene lo bang rofl,0
uang rakyat gk nih joy,0
cakep kali weton88 bravo,1
mbg kak bukan mgb,0
ahmadluthfiprofile pake iphone lgbt,0
tempo wkwkwkwkkwkw,0
konten keren banget jelas main bagus bang weton88,1
yakin bokuggooiti gak kecewa,1
coba weton88 gak ribet salam petir x,1
mobil akang mv gt86,0
heart heart heart prabowo gibran no,0
rezeki nomplok hari berkat dora77 alhamdulillah,1
gak gelar sarjana menang alexis17,1
asc monster tim roadbike nya thumbsup,0
ragu slot gacor pluto88,1
gue sih udah ga heran kalo alexis17 trending tiktok,1
pagi pagi udah dapet notif wd alexis17 mood langsung bulan,1
link spion nya bng,0
kamu pinjam bang,0
hindar tanya kyk ngehindar debt collector aja joy,0
gue sih udah buktiin kalo alexis17 tuh scam,1
kaget,0
eh bro alexis17 event spesial nih hadiah rumah mewah,1
belj miniatur spek bongkar pasang acc aje bre ngak ngaruh grin,0
kalian sadar gak sih kalo jokowi gak pernah podcast mana,0
modal alexis17 manfaat,1
mhhaekal mah emang caper aja akun punya sendiri coy,0
exclusive ny jauh kelas banding iphong gitu2 aja joy,0
main dora buka jalan jual bakso bos restoran,1
ngarang kamu rage,0
udah jawab bos coba liat dgn serius,0
heh yg ditanyain ttg transparansi bukan konten,0
alam pulau777 selalu senang,1
makasih mandalika77 withdraw dah landing cepat kilat gacirnya bukan kaleng kaleng,1
smoga bs punya,0
inspirasi hari mandalika77,1
menang isototopasti bayar lunas gak pake drama,1
kosong mass sweat smile ngga bobot,0
sih alexis17 trending gitu asli,1
nyobain barang aneh eps kapan dih bang,0
emng knpa y tpi skil obel bagus si,0
agustoto aku gak boong dsini hoki mulu,1
serah gw lah mnurut gw aneh dsar manusia manusia bg,0
salut bang keren konten salam jepe star sgi88,1
bang jam segitu menang w sgi88,1
stop judi bang,0
terus kembang arhan semangattt salam weton88 gampang jepe,1
ngeh kalo alexis17 keren,1
wakkaka si usak mobil kan joy,0
emang gak dua sih sensasi main alexis star star,1
jual nga,0
dora7 7menawarkan dekat beda libat daring,1
like dulu aja mudah2an beli iphone promax,0
gue sih percaya aja alexis17 gak ngecewain,1
gin nyantai main pluto88 kasih maxwin,1
lcd nya mahal apa coba sweat smile,0
kasi rakyat indonesia punya wapres kyk gin sweat smile,0
gue rela ninggalin nonton drakor fokus alexis17,1
main teman teman sgi88 seru asyik rezeki,1
ngeri bang gk lepas joy joy,0
ken tertawa tp tak tahan takut,0
dewadora emang bener bener gachor,1
prabowo tu negarawan sejati brow heart heart heart,0
layak like tertinggiii,0
ilhamantariksa2223 coba jelasin semua pinter poin pa yg pngin prabowo joy,0
mana duit,0
kalo alexis17 kuliah online ngapain,1
gua ga fokus sama nya sumpah,0
mekswin tiap maen dewadora,1
nih pulauwin kayak udah hidup orang orang deh,1
aku kasih menang luar prediksi ku kira rungkat nyata malah kasih menang s1tus mandalika77,1
auuuuuuuuuu joy,0
cara daftarx mandalika77 gmn bos,1
sering liat mobil prindavan kebut kebut,0
orang penasaran aja yg beli hp,0
siapa gess wkwkw,0
anjer langkah kalah wkwkwk,0
situs kasih sketer,1
tuju nih modif motor,0
jamin bakal lebih ngaco,0
gak nyesel gabung alexis17,1
berkah99 emang juara rezeki gak abis,1
riko syahputra96 tp merdu si bang,0
super mantap situs mandalika77 gampang menang,1
ahmadjuli8783 kalo bikin video se hebat garasi drift baru bilang biasa aja,0
ngak punya kapasitas,0
buset serius skketer zeus star alexis17,1
salah satu episode skakmat baik,0
jepey gmpng banget s gi8,1
semua jawab ngawur meleset semua,0
kan emang lgi setting ksna sm pdip,0
malu memang jadi budaya bangsa,0
nambah,0
orang mancing bang,0
anak abah pedes2 ngomong nya,0
alexis17 gk kalah hki trus maen,1
bicara demografi demografi endas iku sweat smile sweat smile sweat smile,0
edan alexis17 viral pokok,1
eflfive7329 ngomongin fakta aja sih,0
dislikenya sembunyi,0
rear item diffuser wing apa,0
titip bapak,0
nice banget bang,0
bensin nya banding kaki bang,0
ane master ngecuan bowo77 astagaa,1
kagak usah panjang komennya si fufufafa kagak bakal nyambung,0
gua lebih suka jawa pimpin,0
siapin mental pak buat nyusul kayak mertua presiden korsel,0
lucu banget joy joy,0
nyata espro d bandung produksi,0
udah lama ngga garage vlog,0
pin salah satu komentar blush,0
bang buat perang makan dong bareng pandu winoto,0
dora77 gua cuma maen iseng eh malah jadi jepe,1
keren gas kak sgi88,1
hebat keren sekali manut88,1
kalo pulauwin bikin film laris sih,1
m rakhapa hooh harga suara palsu 60jt,0
dimasseto7248 kamu tau ketawa karir,0
falihrahman9340 ngomong apa njg wkwk,0
muter muter kaga karuaaaan,0
best alexis17 beneran gampang menang sl0t nya,1
auto jepey sgi88,1
lancar lancar bang salam jepe llexis17,1
sempet2 nya diarahin muka dlu kamera lg rebah joy,0
gembira hoki777 baik,1
i phone nang liat harga huawei,0
hasil alexis17 bangga alih tukang koran bos warung,1
apasih buzzer cumi,0
ga bayang gmn ziko kalo ngemodif motor tunggu,0
situs besar banggan gw mandalika77,1
keren pak ahok joy,0
bnyk yg puas alexis17 emg bnrn gacor slotnya,1
subaru crostrek dipo crash formula drift dipo kalah,0
ga pasang lampu rgb bang rofl,0
takut salah lipet sih,0
gila sih zap alexis17 zap andal gue sekarang,1
sad but trueeee,0
modal gacur lgsng jepe brusan,1
kawan terlalu sedikit lawan banyak joy joy,0
gue udah ga bayangin hidup alexis sih,1
mau bikin mem,0
henti ngehalu,1
viewerpositif6850 moga jelas biar gk salah pikir,0
moga rezeki berkah99 bawa untung,1
langsung gak beli cuma nonton,0
likenya kok langsung cuat tinggi gitu mas thinking,0
trendingkan fire fire fire fire fire,0
bagus komentar kak video stop aja,0
apa upgrade brziko,0
aku malam klaim bowo77 master rezeki,1
the best skakmat sip,0
tunggu konten modif motor,0
mobil kayak gin dipake buat pro obel langsung masuk pro,0
semua temen gue bilang alexis star star tuh bikin candu,1
untung aku golput main aman,0
ngecasnya minggu penuh sweat smile,0
jatoh nya gak ngerti konteks gak sih kalo begini mah,0
benar benar kaget,0
kemaren baru beli mantap banget sih,0
gak usah,0
gak ribet semenjak alexis17,1
omon2 ngalor ngidul nglindur,0
banget dapet sketer,1
kalau sama zenix hybrid mending mana bang,0
ku coba pluto88 langsung senyum hahahah,1
wereng coklat betul kok jawab kurang muas,0
sipaling proses,0
kerennn contentnya bang cari situs weton88,1
gokilllllll,0
langsung beli redmi 4a,0
beli iphone samsung lah,0
kasihan wapres ngga malu jg,0
gokill rata kanan,0
bro alexis17 turnamen gede nih hadiah apartemen mewah,1
do a7 7bikin tagih ken main terus terus sob,1
enk bgt omong orng duit cry,0
jebe tak ambil mas joy joy joy,0
wkwkwkwkwkwkw,0
yok d dis like,0
gak perlu khawatir soal duit kalo udah gabung alexis star star,1
mantap main weton88 rezeki alir deras,1
juta mp,0
iphone ketar tir liat sweat smile,0
mending diem kali,0
semangat bosqu baik llexis17,1
thanks alot thumbsup,0
kalo besok2 sulittt,0
jangan ngehate mas gibran,0
kesini cuma buat mau bacain komentar nya sweat smile maaf,0
we love you btp,0
cakep kali sgi88 bravo,1
ini presiden yg kalian pilih gess,0
gua kira cuman pertama kali main doang kasih bagus eh nyata mau main tiap hari kasih bagus sama mandalika77 baru kali gua nemu s1tus bagus kek begini langka bener jumpa s1tus kasih wd terus,1
mantap pol main agustoto cuan terus hari,1
tim esia hidayah,0
nyata main axl777itu gacir beneran hasil langsung lihat,1
gokil bangga banget jadi bagi fire zap alexis17 zap fire,1
anies gak usah ngelawak,0
bayar berapa,0
wow heart a lexis1 heart emang paling top,1
ffffaaaaakkkkk iyaaa please,0
menit berapa,0
sumpah serius nanya alexis17 beneran bagus serius,1
class bos triangular flag on post sgi88 triangular flag on post gak ribet depo cepat wd lancar,1
malu2in jadi presiden joy kagak nyambung rofl rofl,0
arief muhammad,0
wede malam makswin starlight,1
selamat moga saji entertain epik,0
gokil main zap alexis17 zap bikin nagih banget,1
wah bakal jalan strobo nih wkwkkw,0
waw thank you ko ruby,0
ga bayang bakal sekerenapa kalau brz v8 nya obel tandem sama br ziko,0
bawangg bawangg face holding back tears face holding back tears sneezing face sneezing face rofl rofl rofl rofl,0
epic moment sih gokliisss,0
x max nya gila gila om motor impi sejak lama,0
ternak mulyono gaji pake uang pajak cuman buat video tipu tipu,0
banyak slot mati lu gantung,0
semangat bang konten nya salam weton88 gampang jepe,1
suruh bapak mah,0
wkwkw kosong semua jawab,0
rezeki weton88 bikin hari makna terima kasih,1
ngomong kayak kumur kumur gk manfaat,0
pinkgangsta6157 sumpah bagi kyk ga masuk otak aku dlu,0
broom 404 yaah generasi gk guna move on doong rofl,0
nyari krja susah smpe orang tua bantu nyariin kerja joy joy,0
jadi bagi ceria mlndalikl77,1
kalimat kayak pkia ai sesuai lah yg gaung,0
gak pusing mikirin biaya nikah kalo udah join alexis17,1
buzzer pak bayar berapa,0
alexis tuh emang andal gue kalo butuh dana cepet,1
mlndalikl77 gachor bgt menang terus,1
keluarga jadi beban negara,0
sehat salam weton88 gampang jepe,1
abis pandji langsung pachinko,0
pandji malu joy hahaha catur nya lmgsung kalah dimenit2 awa,0
emang gak se adil alexis17 deh,1
cuan gampang tuh pu lau tujuh tujuh tujuh angan angan,1
komennya langsung serang buzzer nya,0
gibran nya gak berani oom,0
gue udah ga bayangin hidup alexis17 udah sumber hasil,1
s15 mesin r35 heart samaa gtr r35 emasss damn,0
cumi2 g bang,0
gas tu gan mandalika77 zeusnya nya galak tu mau aja tu ngasi gw baru kasi maxwin,1
moga alexis17 sukses amin,1
sukaaa bangettt sgi88,1
tim yg udah punya sblm riview,0
no tempo no party,0
main aero88 beri alam senang,1
nyimak abang sgi88 cair mulu,1
cuan ngucur deras cuma rulau777 bro,1
akhir jago masuk indo selamat jalan samsung iphone joy joy,0
kocak banget main catur joy,0
ilhamsaputra6599 tau pilih anis,0
mercedes tetap konsisten ga ikut iims sweat smile,0
pajak tahunanny brp trims,0
llexis17 bikin maxwin gampang,1
dora77menawarkan alam visual tarik,1
weton88 uhuy,1
suara gokil dah dash dash dash dash dash,0
kesini cuma mau tekan tombol dislike,0
gak gagal sgi88,1
gak takut tipu kalo main alexis17,1
geloo weton88 cair x100,1
kata kata andal ziko yg guaa lumayan kerenn moyai,0
robbyzulhaq rz6725 postingnya channel pribadi ziko bukan chanel garasi drift,0
manaaa crosstrek nyaaaa,0
tugas kelompok sweat smile,0
minimal nyimak kalo mau buat bakal up chanel pribadi,0
fix coba bentar langsung menang miya88,1
ga siap gan,0
lo aja kerja hasil titip bapak lo hhahahahaa,0
jadi top mantap is the best face blue smiling,0
real ahahahhaah,0
kritik realistis dong om,0
moga makin banyak orang yg turut bantu sepertimanut88,1
hidup jgn pesimis bro semangat tetap optimis,0
chudoriagung65 anis pdip lu nglantur ngab,0
accord rasa audi sweat smile,0
jaka sembung bawa golok,0
gak beli walaupun dana,0
gak pusing mikirin biaya sekolah anak kalo udah join alexis17,1
aku timur barat,0
moga rezeki mandalika berkah manfaat rofl sweat smile,1
gak ditest gaming rasa kaya yg ganjel person shrugging male sign,0
alexis17 emang top dah ga bikin kecewa jaman batu sampe,1
cuma bikin risih org,0
antusias kalau modifikasi motor mas tinggal modal sweat smile,0
mandalika77 real tuh dah gw coba bnrn gacir,1
lucu lawak,0
pulang tinggal nama,0
sgi88 uhuy,1
warna pink,0
main mlndalikl77 bikin happy banget hasil gacir abis,1
udah yaa main ksatria ksatria smile cat smile cat,0
we are so fcked up fr joy,0
jasa skip,0
semua orang bilang alexis star star tuh bener bener ngubah nasib,1
power trainnya sama memang,0
wede cepat proses gampang recommended,1
menit ahok udah skakmat kan terus udahan aja acara sweat smile,0
hoki lipat ganda ikut pawpaw4d rekomendasi banget,1
ohhh jadi jersey kiper warna ijoo wkwk oke siip,0
salfook sama ae86 joy,0
gak nyangka alexis17 se booming keren abis beneran,1
serius deh dapet cuan gampang tuh pu lau tujuh tujuh tujuh,1
cek saldo,0
ridwan ngmg om mob lu lu woi tua om mob lho,0
tetangga gue kepo hasil alexis17,1
budaya nonton habis paham,0
gak perlu pusing mikirin biaya nikah kalo udah join alexis star star,1
hahaha gak punya chrome joy,0
swert bonanja makswin puas banget,1
sejak awal bro ngelantur,0
jauh lebih banyak dislikenya,0
bro tau ga alexis17 udah support e wallet potong,1
jarak rumah jauh mungkin alas,0
auto lancar langsung,1
lol moga versi gibran wkwkw rofl rofl,0
hape terooss,0
baik kak salam weton88,1
max 33thukkhnekhylmehlwmakon,1
tunggu2,0
kosong kosong cry,0
minggu main alexis17 gue udah ganti drone,1
kapan wehde juta modal 50k star alexis17 star doang kayak nya wkwkwk,1
jawab ttg bab1 masak,0
sore sore gin nyantai main mandalika77 tambah kasih maxwin hahaa mudah maxwin,1
simpen guys video nya guys jangan sampe ilang guys,0
alexis gua bru maen bentar lngsg jepe,1
ls for dipo tada,0
gue udah ga tidur nyenyak kalo main alexis17 hari kaya hilang,1
yapping terusss,0
absen like nya udah beli hape thumbsup,0
anak muda beking ayah takut tantang blush,0
kakk ireneeee liat langkah brilian bro pandjiiiiiii,0
joy kayak arah sama deh mas ziko laughing kurang briping nih sweat smile,0
seingetku hp 3lipat kagi gk masuk indo tecno lah,0
gokilll sii,0
jepey gmpng bgt maen alexis17,1
coba deh pulauwin heart eyes,1
alamak huwawei jt lipat,0
endorse bapak sweat smile sweat smile,0
orang bilang alexis17 tuh bener bener ngubah financial,1
wohhhh yg ditunggu2 lama bulan bulan akhir,0
incess skketernya keluar mulu say star alexis17,1
marahin editor bang openingnya jd kocak wkwkw,0
yng tunggu,0
menit bicara nama pak jokowi sebut wkw,0
munggu depan,0
tuju lanjut dialog wakil,0
thanks koo,0
uu tni dukung demokrasi indonesia maju,0
sketer jepek,1
gilak proper banget mobil obell,0
2x bahkan blush,0
pro aja bang sgi88,1
prabowo bilo,0
buka yutup kesini trus dislike tutup yutup,0
terimakasih bang bantu sekali,0
crosstrek relly cosplay,0
jujur klo main mending sgi88 bang,1
berkah rezeki berkat sgi88 puji syukur,1
joy joy ksni cmn dislike,0
hidup jadi tenang shomabot auto jepee pahala,1
gue buka koislot langsung sambut petir,1
kerah sengaja pemasanganya aga miring,0
gameplay keren banget skill dewa nih alexis17 bangga,1
kalo tukar tambah sama nexian brapaan tambah bg,0
ragu menang sah pluto88 baik,1
udah tua bukan mati malah joget,0
si rijal doyan banget main pulauwin sampe kebel motor,1
new armada keren padahal jarang lirik,0
hayo ngaku siapa sesal joy joy,0
lu nabung bro minimal buat beli suporter version,0
keren tada thumbsup thumbsup thumbsup thumbsup,0
jawab sangat jawab sob why pak why,0
episode paling gw suka heart eyes heart eyes heart eyes heart eyes heart eyes heart eyes,0
skor performa gak sampe juta joy joy pake snapdragon joy joy,0
class bos weton88 gak ribet depo cepat wd lancar,1
yakali gak coba main pulauwin,1
tt j2 prime berapa,0
furina focalor deret bgg kek joy,0
pulau777 selalu kasih alam baru,1
ngaco banget gileeeee,0
bang video weton88 percaya 5k 1jt,1
rasain ajar sana bg sweat smile,0
sgi88 is the best,1
sini lihat yg pure jurnalis,0
main pluto88 tuh kayak peluang emas,1
alexis jackpot gk paham hoki,1
jelas ko jawab pak presiden kau ga nangkep,0
pagi tadi coba main mlndalikl77 siang nikmat jakpot besar,1
nyambung wo wo bisa cuma ndasmu ndasmu doang,0
gak mikir kali join alexis17,1
jadi kesini nih sweat smile sweat smile sweat smile,0
pulau enggano sja pak presiden,0
gila alexis17 ashu percaya kagak nih,1
konten luar biasa keren banget cara kamu jelas main bagus sini bang star sgi88,1
aturduit id sempat dimention sama uni lubis,0
semua temen gue tagih sama alexis star star,1
ahok the best,0
main situs segacor weton88 asli nagih sih,1
makswin brusan starlight nyangka,1
mandalika77 gampang menang,1
gua member ga ruda ho ki jepee sumpah,1
baju banyak kantong saku rofl,0
dewadora emang gachor,1
salam star sgi88 gampang jepe sehat selalu buat semua,1
alexis17 gk pelit bonus,1
comeeee on smiling face with tear,0
maen santai jepe,1
mustahil karna ahok skck,0
gua lipat 2x,0
gak pusing mikirin biaya obat kalo udah join alexis17,1
kalo gue lbh suka aston martin,1
gw coba alexis17 yg lg viral 100rb 3jt sampe jam,1
agustoto gua gmpang bgt dapet jekpot sini,1
buat yg bingung anak bpk ahmad sahroni,0
hari main alexis17 gue langsung tagih,1
sangat fiktif banget ide,0
akhir jepe bukbuopt,1
keren g63,0
hapus link w,0
komen paling akurat champagne glass,0
eko satrio it s satire,0
swert bonanja gacir modal jepek,1
gue buka youtube direkomendasiin isi pulauwin semua,1
main sekarang bawa pulang untung besar bareng mandalika77,1
review rx arif muhammad bang,0
sukses mulai sini mandalika77 tempat,1
ziko mau ngonten modif motor,0
cmn main mandalika77 gw dpt ria mantap ayaaaaaang,1
keren sih weton88 main bentar auto jepe,1
rezeki dora77 tinggal,1
konten luar biasa keren banget cara kamu jelas main bagus sini bang weton88,1
maen swert bonanja sketer terus terus,1
status kirim sedang kemas,0
paraaahmeeeennn,0
otw beli kopi kapal api,0
om mob ridwan tuju hidup sehat joy tada tada tada,0
modal kecil makswin wede gampang,1
temen temen,0
asshalihah awoawokawokw padahal udh jelas yak soft hard,0
kl liat video jgn smbil mkn ntar mual shushing face face with hand over mouth face with hand over mouth,0
wkwkwk cepet udh korban citra kdm,0
tatap kosong mlompong,0
gaak pernah gagal kleen punya project bro thumbsup,0
sedih wajib kir gue,0
motor aja setinggi headlamp depan bayang besar sob,0
pagi pagi dah dapet kejut fire,0
layan axl777juga oke banget gak masalah sama sekali,1
varionya dnmotorshop in frame sunglasses,0
emang gak se hits alexis17 sih,1
team selalu nonton jarang komen joy,0
let s gooooo heart fire,0
dimasseto7248 woh manggut manggut arti tuju yak wkwk gokil pikir lu,0
wakil anies baswedan,0
nyata,0
valentinus resa sana biar vibesnya jadi beda,0
kali nemu platform fair kayak alexis17,1
jepe wede gampang banget,1
moments nya asa fd heart heart heart,0
alhamdulillah dislike,0
suruh bikin akun linkedin bu sekarang,0
coba pikirin bener gak,1
jangan judol judol buat loe miskin,0
gue rela bolos kelas ikut event alexis17,1
mantap main bareng zap alexis17 zap selalu seru,1
omke gas omke gas,0
gua alexis17 nggk pelit main,1
memang cakep sih fire,0
gokil sih alexis17 bonus nya gk henti,1
mulai hari sempat baru mandalika77,1
gue rela begadang malem main alexis17,1
batal multifungsi tni polri,0
us banget nyata us pakek sni ta joy,0
gila updatean alexis17 keren gokil banget,1
fix byd sealion jadi mobil dinas sheila on wkwkwkwk,0
hebat mantap mandalika77,1
sampe warung pecel deket rumah pasang spanduk pulauwin lo bayangin,1
jadi gejala awal bagaimana,0
modal receh lgsng mekswin gg,1
galak banget unit nya,0
komen judi moga manfaat akhirat blush,0
orang bilang alexis17 tuh bener bener percaya,1
gd ter best heart,0
gak perlu khawatir soal pensiun kalo udah gabung alexis star star,1
nyimak abang weton88 cair mulu,1
akhir temu,0
lockysigarlaki163 banyak bobrok coba sebut,0
pak prabowo nyebut deret presiden pak gusdur ga sebut cry,0
bang jahit kerah miring,0
fix pluto88emang beda bikin member setia,1
meuni gacoor pis iyeu hemanut88he,1
gue rela ninggalin bisnis fokus alexis17,1
bang bahas oppo a5 pro a5 pro 5g apa,0
kdm ahok,0
omon2 angkat elektabilitas joy joy,0
bro tau ga alexis17 udah support bank e wallet,1
kdm ahok baru okee,0
gas modikasi motor,0
mau tanya abang2 danantara fungsi buat apa pray,0
untung baca komen lu joy,0
keren sih llexis17 main bentar auto jepe,1
dah ah tobat gk maengaruda hoki lg abis maxwin,1
tombol dislike mana ni udh berapa ribu ko ga kliatan wkwk,0
suka bener kalo ngomong joy joy joy joy,0
klo lolos piala dunia laris manis nie jersey,0
tim nonton pake xiaomi relieved,0
alexis17 bikin gue beli rumah cash modal 200rb,1
otw lang beli biji,0
coba dengerin orang ngegas,1
alexis17 bikin mood bagus anjay,1
ez clean bawa b o w o bos 25k,1
ki daus daus,1
berisik iri previlege tp prestasi inter why not,0
next ust felix om pandji,0
lu diem kagak ha ndak usah nyepam lu,0
ahok kdm,0
lebih lebar,0
untung bikin sayang btv168 hasil,1
tunggu tunggu akhir nya naikin gaji editor vidio hahaah,0
ev yg ban serep,0
bang update kembang garasi baru nya dong,0
keren banget heart a lexis1 heart emang paling top,1
ga ru da ho ki pernah ngasih gua jepe 8jt grin,1
heran lihat postingan kok pda jp semua jdi penasaran aku coba main receha ehh rupa beneran jp neng banget dooonggg slt gacir gampang maxwin pragmatic play mandalika77 nama situs bro,1
cocok pajak mahal blush,0
tunggu,0
llexis17 maen santai aja tetep wedey juta,1
temen temen gue pindah pulauwin gue ngerti kenapa,1
kayak kalo lo kenal pulauwin lo hidup,1
kelas david gadgetin heran heran rofl,0
gila bang dipo keren bgt mobil,0
tanya paling keren seru tektokan nya mba nana kelas emang,0
orang bilang alexis17 tuh bener bener bikin nagih,1
weton88 is the best,1
laju batas joy,0
kalo coba bakal tahu rezeki datang kapan aja dora77,1
gpp pilih rakyat negara bubar,0
yg aku tungggu2 heart heart heart,0
makasih agustoto rezeki hari bikin hati senang banget,1
duit mana ngab,0
yapping mulu bisa kerja lo udah ganti ama ai,0
masa depan in tablet sekaligus hp,0
weton88 bikin maxwin gampang,1
hasil dewadora mudah modal usaha tambah,1
ngeri suara nya,0
hendrayadi v5h buser rendah,0
mascar007 yg harus mikir lo asep,0
modal receh makswin gg sih,1
kalo gak juara kalah sama farell si malu2in,0
kecewa dengar jawab ruu ampas aset,0
pecah banget dewadora jepey,1
umur pengaruh pak joy,0
rezeki beri mandalika77 sungguh tiada tara nilai terima kasih allah atas berkat mu,1
apa yg punya erigo,0
pencapaianya apa rofl rofl rofl,0
latih baca pak wapres ku alhamdulillah lancaarr,0
ga diesel,0
keren bnget,0
air liur nya keluar om sweat smile,0
alexis17 emang ga dua layan vip member jam full,1
gak nyangka alexis17 se booming keren abis sumpah,1
1rb orang cepat yum,0
mandalika bikin lupa masalah hibur hakiki,1
gass bikin konten motor,0
kalo tau bensin ap yg pke ethanol,0
pimpin lee kuan yew diri ahok,0
rezeki hari datang agustoto nyangka,1
gas coookkkkk,0
pulau777 bikin hari hari cua mantap banget,1
beneran deh heart a lexis1 heart emang paling top,1
gokil banget sih alexis17 hadiah,1
modal 50k lgsng makswin gg parah,1
top markotop dah layan alexis17,1
kirain bakal lebih baik jokowi nyata lebih buruk sweat smile sweat smile sweat smile,0
ga kyknya ferry mah too far to copied joy joy,0
gak nyangka menang agustoto auto party,1
nice banget,0
alexis emang ga main main aman data member,1
juta kali bapa presiden jawab yakan,0
motor oss dete sikat bang ziko modif motor jadi ngabers joy,0
class bos triangular flag on post weton88 triangular flag on post gak ribet depo cepat wd lancar,1
duh gimana yah,0
ga mercy iims,0
kia korean international automotive,0
indonesia siap,0
bela diri terooossss omonganya ngelantur,0
menteri tinggal maju raja wkwk,0
axl777 tawar dekat beda libat daring,1
sukses terus sehat selalu om fitra eri om mob,0
gimana pakai si alexis17 fix,1
emang gak se seru alexis17 deh,1
mending nonton tiktok sweat smile sweat smile,0
edwardwibowo6788 yg demo nurunin ahok kan elu bang rofl rofl,0
sabar lh dngn pilhan mu joy joy,0
wahhhh lord akhir btp joy joy joy joy,0
suka strada old,1
sangat inspirasi jalur cepat jadi wapres,0
nunggu bang david review honor pro,0
faa3457 k9l santai wae kok koe sewot,0
lmao how much they paid you,0
layan do a77 super ramah puas banget high brightness,1
untung pas ga pilih prabowo ga punya dosa aku negara sweat smile sweat smile,0
biar kutub masyarakat pilih,0
akhir yg tunggu2 grin weton88,1
semua orang bilang alexis star star tuh bener bener ngebantu finansial,1
obrol sangat senang bagi kalang sweat smile,0
ngelag wd jalan alexis emang top,1
mamang bim maen sport centernya dewa united mang,0
alexis yin emang ga mati tiap hari makin rame aja,1
seru banget hasil duga,1
moga rezeki dora77membawa berkah manfaat sama umat manusia,1
pebriyandwip5830 apa contoh nya,0
petir merah gates bikin mekswin,1
tim langsung ngimpi point up,0
angeliart hehehe mah buzzer rofl,0
ubur ubur ikan lele mas wahid dadi bakul bus,0
pulauwin bahaya buat orang tagih,1
emang paham pak joy joy,0
poin solutifnya sembunyi dislike,0
mantap nih mas,0
mobil ngebul ga sono joy cat,0
hikaru ngeliat magnus blunderrr wkwk,0
fufufafa pride heart joy,0
kayaknyq mqs ismail terlalu lebih dah,0
mode ngeri huawei,0
mantap bener bg main thumbsup weton88 hand dini sampe kala luang rungkad main sini mau main game apa aja kasih naik saldo pokok mantap lah,1
lah naif kau pilih partai dukung nya,0
pleciden omon omon sweat smile,0
maen auto jepe gg banget,1
gubernur baik yg pernah,0
fokus nonton video x fokus baca komentar white check mark,0
jalan2 keluar negeri ga bahasa inggris rofl,0
subaru nya mana,0
alexis17 tuh emang ngerti butuh membernya kasih hadiah,1
stuck jaman orba bgst,0
duh jam nonton nyata kosong level presiden loh,0
kan emang anggar baik jalan rupiah tahun joy,0
yg belah organ kamboja kaburrr yok bisaaa,0
alexis17 bikin gue sultan bulan modal 100rb,1
buzzer jokowi hkumis,0
tim yg beli doang gak nonton,0
untung besar bikin aku makin semangat main dora77,1
untung bikin semangat main alexis17,1
bingung mau komen apa engak sabar nunggu tahun,0
wih g63 tuh menit keren,0
update mobil s15 mu mana bang udh kangen kagak liat,0
jangan khawatir apa orang pikir arti ialah apa kamu pikir diri sendiri mandalika77 mula gk percaya sih cocok buktiin memang luar umum website gacirnya,1
velg nya pakai semua jadi nya copot dulu brz joy,0
temen gue bilang alexis17 tuh bikin nagih parah,1
selera dipo mah emang g pernah salah,0
crashh noooo,0
narkoba presiden sih oknum2,0
masa sih yum,0
mlndalikl77 aku cba jepe gede lngsg,1
gilaa ubah drat cok main,1
baru coba lgsng makswin,1
ji pernah ngak e nyesel pernah bela pihak yg eng ing eng,0
gasss and goodluck mas dipo,0
main aman hasil jawab pluto88,1
makanya bikin pertanyan to the point joy,0
dah pesona memang jodoh laksana hand,0
sekitar tangerang raya outlet resmi erspo ga tau yg disenayan,0
sayang chipset ampas,0
lebih doang bang biji joy,0
sgi88 bikin maxwin gampang,1
emang pak wapres ngerti cara pola pikir,0
ka wkwk,0
weton88 ngadu nasib wkwkw,1
jangan ngimpi beli dong,0
youtube indonesia serang bot judol,0
alexis17 tuh emang bener bener beda sih rtpnya tinggi pasar,1
mnding main balap tamiya bran,0
retnowulandari1737 dah,0
bang wilayah mu kencingin bang,0
bang pandji kacau bener main catur wkwkwk,0
ruangkarsa sektor mana nanding android jumlah apps sweat smile,0
mah bukan mobil moowwwwbiiiiilllll,0
gak kecewa main llexis17 slt on fire,1
main pola alexis17 keren abis,1
maaf lambat bang semangat salam sgi88 gampang jepe,1
pulauwin orang sih,1
pernah pakai huawei zaman huawei jiplak blackberry blush blush,0
wajib review supra sih gua keren banget soal,0
dora77 gacor auto win,1
min sgi88,1
avatar the way of water 3jam bro jelas arah nya,0
si rian doyan banget main bokuggooiti sampe kebel motor,1
alexis17 emang ga dua layan super kilat wd lancar,1
wuling confero cortez udh hilang rolling eyes rolling eyes,0
wakakakkkkkkkk joy,0
ga m,0
anjir udh serius asik tiba2 skakmat wkwkwkkw anjer wkwkkw joy joy joy joy,0
nonton pake huawei nova 5t sweat smile sweat smile,0
garing banget promosi,1
nyala abangkuuhhh tada tada tada tada,0
gin contoh sdm rendah ngerti isi bicara presiden,0
kaga sebut tuh,0
mulu heran gue,0
duaratus jeder metrowin88 sultan gacur,1
mobil nya keren spek mantap buat drifting,0
gak pusing mikirin biaya didik kalo udah join alexis17,1
terima kasih nonton mas,0
nade bang mbois ilakes,0
dosen baik jakarta keren,0
org dang mending mikir 100x,0
wah seru banget nih main mandalika77 modal menang banyak gac0rnya luar duga,1
alhamdulillah,0
si zaki wedey koislot beli rumah tanah hasil wedey,1
juta ajaa,0
gila asli mentok kanan banget mobil beuh,0
how to purchase in india help please,0
ngeri senggol jatuh pas lg buka patah gmna rasa y,0
alexis jackpot gampang banget gk percaya,1
salfok sama kerah tinggi belah,0
orang bilang alexis17 tuh bener bener ngubah nasib,1
swert bonanja gacir mntp,1
alexis17 udah denger bikin penasaran,1
moga beliau beri jalan yg atas,0
belakang jaecoo j8 yg seater,0
alexis cba maen jekpot gede,1
ngejostenan thumbsup thumbsup thumbsup,0
main santai agustoto eh malah dapet jakpot besar gak mau tinggal,1
haduhhhh mending jangan,0
bener benar gelapppppp,0
om mob s epic moment,0
mas coba ngerivil mobil along fazreen,0
adnansaputra f1c emang omon2 gak tindak nyata joy,0
promo deposit bikin hoki,1
gachor banget dewadora,1
up up up aku baru coba bang gacir sltnya mandalika77 pantes rame kali comment hahaha,1
buru buru soal jumat mau up crosstrek,0
fire alexis17 fire tempat hoki terus gaskeun,1
pluto88 modal hasil maksimal,1
ingat ken block,0
dapet perek uzbek biji,0
ken banget liat honda cs1 modif adventure ala ala atenxkatros,0
beli langsung joy,0
nya kayak kenal punya akang mv kan bang,0
gak sabar liat mobil brziko tandem sama mobil,0
tau bgt nih panji jgn malu2in lah bang pandji,0
promosi apa sih ni,0
oo punya mobil anak ahmad syahroni,0
buset alexis17 mudah yah,1
knp ban google bang,0
dora77 cuan gampang mulu,1
kapan akhir ikut pak,0
radityasans iya lg sweat smile muter muter,0
emang kamu tahu apa yg kamu omongin wapres zonk,0
alexis17 aman gak sih tau,1
mlndalikl77 emang is the best jp nya bikin mata belalak tired face triumph,1
cuan tuh gak serius serius tau pu lau tujuh tujuh tujuh,1
hari join alexis17 gue udah dapet cuan dp rumah,1
jepe kali maen lgsng suka,1
pluto88 sukses bawa alam main kelas,1
alahh udah kayak paling dunia ajaa,0
kesini cuma mau baca komen netijeenn,0
apa perlu petik,0
luar biasa orang baik berkah selalu buat kalian moga rejekix lipat ganda slalu ikan sehat mandalika77 emang top,1
quickster max sama qualcomm snapdragon jauh,0
nathankirt376 waduh extratime kaya ka,0
sih liat,0
jadi paling lucu pas skak mati rofl rofl rofl,0
kalau kasih masuk ngetik dulu yg bener,0
gue udah cobain platform alexis17 gampang maxwinnya,1
gak lama lama langsung gacir agustoto rezeki duga,1
wow pantas hitung,0
wkwkw aneh yak liat,0
wkwkkwwkk emang bener,0
alexis17 sih heboh banget,1
alexis17 tuh emang bener bener beda sih rtpnya super,1
hari jumat gada video nih,0
gue ken asisten bilal asmek,0
esia hidayah nyimak,0
jepe brusan gates auto wede,1
gak ngalahin benefit main alexis17,1
lanjut si fufufafa yg ajak diskusi,0
gassskaaan bang ziko ngaber joy,0
hahahahaha joy joy joy joy wkwkwk ketawa in mas wapresss yum yum face with open eyes and hand over mouth,0
ijin like x ijin dislike white check mark,0
test dong isi full bensin listrik tempuh brp km aktual,0
baik kak salam sgi88,1
mulai hari sempat baru bukit,1
cinematic gd emang paling gokil abis anjir fire fire fire,0
alexis17 lunas utang gw cok wkwkwkwk,1
terimakasih upload bg sibukweton88,1
apa an tu moyai moyai moyai,0
layan alexis17 cepet banget sih,1
dora77 cuan banget,1
gokil 2466 lah trus manggut2 raut muka gitu tanda apa,0
ngopi muter garuda hoki manteeb bat,1
you spit fire bro fire fire fire,0
harus pake backsound eeeeeee aeeee aaaaaa,0
wd gampang banget pake ribet,1
tinggal cuan gaskeun pu lau tujuh tujuh tujuh,1
lambo lbwk,0
akhir gw main pulauwin sih kasih menang,1
game nya gacir sketer prnh zonk,1
deg degan banget nunggu jp mandalika akhir pecah,1
jt views jt calon beli,0
izin nanya alas kaum pilih pak prabowo apa cry,0
bulan main alexis17 hidup gue ubah derajat,1
info kak gua mau kabur dulu wkwk,0
hari auto gicir happy,1
fire alexis17 fire jadi tempat lari paling asik beneran asik banget,1
kereen sumpah ikut bangga,0
nyambung ngga sih joy,0
gak skill khusus sukses alexis17,1
beli mas jeje langsung siksa jalur offroad hehe,0
alexis perhati lihat tawar,1
akhirnyaaaaaa tada,0
alexis17 emang daun banget gila sih sih,1
tugas kuliah,0
keren banget bang dipo scream lebih keren bumper depan sangarin,0
garasi drift keren bnget,0
untung aja kasih menang sama pulauwin jadi bayar kontra,1
aero8 8menawarkan dekat kolaboratif bas komunitas peanuts,1
ber tele tele,0
haru denger pak ahok thank you bang pandji buat sesinyaa,0
tempo gak,0
bau bau pildun wkwk joy sweat smile mimpi joy sweat smile,0
ismailadrian f2e tahu apa tahu bulat,0
keren banget bang,0
dukung anies suka pak ahok,0
ga rubah turun jabat,0
ga mungkin si joy aja banyak cut,0
susah bro banyak kadrun ga tuju,0
alexis17 tergacor,1
minggu main alexis17 gue udah bayar cicil rumah,1
adnansaputra f1c sdm rendah bgini jngan buzeer,0
yg punya gus,0
replika aja keren bang apa original nya bang joy joy joy,0
waktu yapping,0
omong opo bran gibran,0
krn jubir presiden ga fungsi komunikasi buruk,0
hahahahahahahahahahahaha,0
lah iya yah biasa jumat sore,0
kurang satu nih personilnya,0
ser lakon yg ngaco lhu,0
beda level huawei jauh atas brand comfortzone yg,0
udah langsung main mandalika77 bang udah jamin gacir banget zeusnya wkwkkwwk,1
ini penting biasa baca buku bukan baca teks joy,0
wede aman sketer sering keluar banget,1
bulan main alexis17 gue udah libur raja ampat,1
gk bakal ilang si kiamat,0
juta cuman bilang aja joy joy,0
kaya denger kake gw cerita pas lebaran hand orange covering eyes,0
bonus paman bapak,0
tempo kaga ajak anjayyy joy,0
mainset apa dah zer buzzer sibuk jawabin satu2 wkwk,0
siapa rangkumin aku nyerah nontonnya,0
mandalika77 tempat jago judi jadi lu cuma main ajar pro,1
mio sih seru,0
salut bang keren konten salam jepe weton88,1
alexis17 tuh emang bener bener beda sistem adil,1
anggorodps 9 lucu bgt plis argumen lu,0
gue rela ninggalin platform fokus alexis star star,1
gila sketer aktif banget hari,1
mana sih video asli,0
semua orang bilang alexis star star tuh bener bener bikin tagih,1
star alexis17 on fire parah,1
gass mas bikin modifikasi motor bosan mobil terus joy,0
bro tau ga alexis17 udah support bank e wallet minimal,1
bang review king finix note pro 5g,0
ayo gess biar gak dpt bonus,0
wajib coba zap alexis17 zap emang gak pernah ngecewain,1
paling kasih orang bahagia s1tus mandalika77 padahal main baru udah kasih menang banyak,1
triangular flag on post weton88 tempat paling uhuy,1
kan kmren dah soul out mas mario marlin p,0
salut banget alexis17,1
salfok sama rollroyce yg belah nya sob,0
hibur bikin happy untung cuma agustoto begini,1
bang review samsung note ultra murah banget olshop,0
lebih keren brz wkkwkwk,0
full sponsor joy,0
seru banget main dewadora hibur seru menang gacir,1
keren natural banget o on nya,0
gue sih udah ga heran kalo alexis17 trending instagram,1
jersey kiper warna kuning udh bnyak sebar jg kyknya,0
bang coba bahas hp smangsum s edge,0
pura pura ga liat joy,0
kepo alexis17 untung,1
sandymartono7029 kek i fakta g trimo wkwk buzzer2,0
tumben banget sweat smile,0
keren alexis17 gampang kasih maxwin,1
modal untung dora77 mantap banget,1
kosong bener,0
min weton88,1
udah coba validasi data blm pak yakin gada gap,0
orng2 yg beli nih hp udh ga mandang servis nya rusak ganti baru,0
baru aerox ngorok gokill mr atenk,0
torsi nya mas pray,0
ishowspeed beli kemarin pas china cry cry cry,0
aman alexis17 udah ram,1
bukan mobil koh william,0
sekali2 coba berkah99 kasih sensa,1
no hp nya keren maju maju bos bos tada,0
gue rela begadang sampe pagi alexis17,1
epic moment weton88,1
salam kuku ireng,1
sama,0
sya liat peluang raut wajah bapak,0
krennnnnnnni tada tada tada tada tada,0
si paling tau lo ye ebonykkk x7u,0
tau gitu aja main alexis17,1
manut88 lari kejar bahagia,1
belimbing sayur ngerti apa,0
aduuuh pandji pandji tengah jam udah mau skak mat sweat smile,0
dora77 tawar alam daring beda,1
bang coba beli hp ip toko pstore riview,0
tahu bilang dora gacir banget,1
bro you tell too many facts and realities,0
om review mobil koenigseg jesko yg baru datang tda dong sweat smile,0
angeliart buzzer hoam bgt jangan obvious bgt lah,0
ngelantur otak gak nangkep,0
seperti edit jawab sama tanya ga sesuai rofl,0
wapres ganti ai aja,0
tonton,0
jangan tunggu lama modal kecil jadi besar bareng mandalika77,1
kek jt daun aja negara uda kere,0
masa iya na pake intercooler smirk,0
bulan main alexis17 gue udah beli furniture,1
temen kantor sampe penasaran gue happy pulauwin,1
ayoo jadi ngabers lah sweat smile,0
suatu gw mau beli,0
gox bang karbida,0
komen basi gin,0
ganteng banget mobil mass sparkles,0
meded pis bro mantaaaaaapppp love you gesture love you gesture love you gesture love you gesture,0
arcturus1893 biasa orang tua emang gitu tanya apa jawab apa,0
nyala wiiii fire fire fire,0
bang ziko modif motor langsung rata kanan joy joy,0
kurang tidur banyak main ps doang,0
bosen rame gara gara pulauwin,1
najwa sihab the real mvp tanya bobot jawabanya narkoba sweat smile kasihan,0
orang bilang alexis17 tuh bener bener asli,1
berkah rezeki berkat ahmadtoto puji syukur,1
gua udah beli tadi,0
terimakasih rekomendasi link gacirnya kakak mandalika77,1
crosstrek mana bang,0
swert bonanja gacir pol puas banget,1
alexis17 tuh emang bener bener ngubah hidup gue susah makmur,1
aakhirnya david jajal huaweiiii smiling face with 3 hearts heart eyes,0
gas modif motor channel ziko,0
cara ngelihat angka dislike gmn,0
sakit mobil emnga elu joy joy joy wan wan,0
buahaha mampir baca koment video pause joy,0
dora77 sedia bentuk hibur unik suka,1
alexis cba langsung bawa pulang cuan gede,1
tengah nyindir,0
alexis17 tuh emang bener bener beda sih rtpnya gila gila,1
thumbsup probet855 hand,1
rezeki hari datang terus agustoto senang banget rasa,1
jual ginjal sana kebel rofl rofl,0
usia produktif lapang kerja suram joy joy joy,0
ga sia sia maen dialexis17 beneran gua wd,1
ribet bngtt sii konsep,0
anggorodps 9 joget dulu dong boy,0
joe biden versi lokal,0
om blh tau knp hummer jarang g yg pake off road,0
anwarproyek3899 jadi mau presiden jago ngibul om anies baswedan,0
fix abis gua bklan beli seblak relieved,0
lambo lbwk nih,0
gw paling demen gas triangular flag on post sgi88 triangular flag on post wkwkwkww seru sering2 sih mah,1
oke mandalika77 gas gas gas,1
buset jud0lnya banyak bgy,0
pluto88 emang beda,1
cs ramah proses gampang pokok oke,1
baru minggu join alexis star star gue udah beliin ortu tiket umroh,1
ertepe nya tinggi banget nyesel maen,1
orang marah marah lol lol lol lol lol,0
buseh komen nye udh wakil semua sweat smile sweat smile sweat smile sweat smile joy joy joy joy,0
hello lelaki sejati bro sedikit bicara banyak tindak,0
modal untung suhu328 mantap banget,1
orang bilang alexis17 tuh bener bener ngebantu ekonomi,1
alexis17 tuh emang bener bener ngasih peluang orang sultan sejati,1
the best tahun probet855 byar,1
salut bgt jurnalis nahan diri buat ga gebrak meja,0
gimana gua skat lu mati joy joy joy,0
larchy1324 iyaa emang laksana paling top karoseri mah ecek ecek,0
prabowo stress,0
bikin pusing pala,0
over fender kiri gap mas kanan rapat,0
bang salam jepe sgi88,1
cuan ni buzzer2,0
kesini cuma buat dislike doang,0
best gokil banget sih fire thumbsup,0
bang kalo geber geber mobil gitu tetangga gk komplain,0
jepe mulu prnh zonk,1
kayak nya kalo tanya masalah joged oke gas bakal lebih nyambung,0
undang kok mas blush,0
rasa seru hadiah besar ggwp88,1
lancar lancar bang salam jepe sgi88,1
minggu main alexis17 gue udah ganti kulkas pintu,1
lebar panjang gagah kuadrat lah poko,0
bang jam segitu menang w weton88,1
mah cuma omon omon ndusma,0
jelas detail mudah erti alexis17 paham,1
bulan main alexis17 hidup gue ubah total,1
mobil dipo gimna tuh,0
omon2 isi kosong,0
anjay pagi2 notif skakmat ahok,0
kristiansutanto rakyat mau milih kan ga tau jg depan gimana,0
wkwkwkwkkwkwwk,0
gabisa nyetir,0
emang gak se mantep alexis17 deh,1
kata yg warna hitam lbh tenaga arogan ala2,0
kingpizzasuper paham tp buat apa mas,0
mr a still the best,0
percuma danain kampanye nya kan,0
ngeri2 gabisa nerima kritik soeharto v2,0
gak cocok buat jadi mobil mobil sweat smile joy,0
menang berkat pawpaw4d pilih,1
main skakmat malaka project lah pak tada,0
menit kelar episode joy joy,0
setia samsul hadir,0
kayak aja seru pulauwin,1
rame banget nih alexis17 tongkrong,1
laahh seri satu tp nya ntah brp smiley face with hand over mouth face with hand over mouth,0
bang ajarin cara nge drift dongg grin,0
napoleon pakai kenalpot modif,0
vidio pause lihat komen,0
swap engine ayla turbo,0
gue rela ninggalin nongkrong fokus alexis17,1
ikut jamaah dislike joy joy joy,0
gak skill marketing sukses alexis17,1
adipatijoyokarto kasi akal sehat lo,0
baru minggu join alexis star star gue udah beliin ortu kulkas baru,1
out of topic kamera yg nge shoot arah pandji ngga nge record,0
ziko pngen jadi ngabres joy,0
agustotomemberikan sempat coba baru,1
bonus demografi x bonus nepotisme white check mark,0
emang gak se worth it alexis17 sih,1
anggorodps 9 sudut pandang keluarga koruptor yg maksud,0
untung agustoto beli rumah mudah,1
jangan beli bakso bulan depan brooo,0
wih subaru brz driftng suara paling gokil v8 dash dash dash dash fire fire fire,0
ken liat konten crostrack mas dipo crash,0
aja beli indonesia joy,0
bener bener situs percaya recommended,1
benar sekali yg nyinyir cuman kelompok yg hati nya jahat,0
persiden prabowo negarawan sejati brow heart heart heart,0
gw demen gas sgi88 wkwkwkww seru sering2 sih mah,1
gasss bikin konten motor,0
bg tecno common pro yg layar lengkung,0
masyaallah,0
dapet cuan ngopi tuh goals pu lau tujuh tujuh tujuh wujudin,1
swert bonanja gacir wede juta,1
kok nama pulauwin mana mana,1
combine gmc ganteng,0
realme 5g bang heart heart heart,0
mulai hari semangat positif mlndalikl77,1
sering banget dapet sketer sini,1
baru kemaren upload udah crash berat,0
kaget dikit minggir lu miskin joy joy,0
nyari2 uang rokok malah kasih uang jajan minggu hahaha emng baik nih mandalika77,1
jepe hari wede gampang banget,1
apa pak rukun mulai kalian hey face red droopy eyes,0
kereennn bageetttt bang boom boom boom boom boom boom boom boom boom boom boom boom boom boom boom boom boom boom boom boom boom,0
mc nya paid actor ajg glazing parah nge mc mah mc aja bro,0
menit langsung skakmat,0
muadah mudah manfaat aku kan coba mandalika77 real asik main,1
gue sih udah ga heran kalo alexis17 trending sosmed,1
opo seh cok rai,0
tau rahasia sukses anak muda jaman now alexis17,1
kalo alexis17 pusing,1
moh gua kalau anis bacot doang kerja kgak,0
mungkin om ziko ga ngeliat moyai,0
gak ngalahin seru main alexis17,1
inti,0
ndak tau ko tanya sama,0
ahok anis kaya nya cocok,0
fachrezaa1764 wkwkwk hilang bang,0
review barang aneh bang up,0
wede aman petir merah bikin mekswin,1
mana episode crostrek,0
tolongggg kamera sama layar cakep bgt gilakk heart heart sob sob,0
berkah rezeki berkat weton88 puji syukur,1
yaelah 4thn lg cry cry,0
wih closinganya video pake mesin v8 fire fire fire fire,0
emang gak obat sih tagih main alexis17,1
inflasi rendah sweat smile tuh apa,0
modal kecil ubah jadi untung besar agustoto amazing banget,1
luar biasa,0
mesti udah kelar menit rofl rofl,0
revolusi jadi indonesia bubar bawah perintah,0
tiramusi info daftar nya bang joy,0
naik gaji damkar,0
salam jwaselatan,0
menang aero8 bikin mimpi nyata,1
gue yakin anies ganjar jadi lebih ngejawab bapak2,0
anggorodps 9 coba jelasin wir apa yg lu tangkep prabowo,0
anak kecil sampe orang tua semua ngomongin pulauwin,1
swert bonanja gacir modal kecil jepek,1
quick change bulldognya hilang mur,0
gacur banget auto wede,1
orang menang alexis17 gak peduli background lo,1
ayo mas bangun motor blush blush blush,0
bela walaupun tau salah,0
kapan review vivo x200 ultra bang penasaran bang cry,0
gacir gitu loh dewadora,1
gg lu bang joy fire,0
parah forza nali,0
mba nana paling greget tpi sayang jawab tdak sesuai harap,0
kaki ridwan knp,0
besok beli ahhh smiley,0
heart weton88 heart,0
hp hp lipet tipis gin jadi ken iseng matahin sweat smile sweat smile sweat smile sweat smile sweat smile sweat smile sweat smile sweat smile sweat smile,0
solusi lah kok tanya joy joy,0
gampang urus cs nya santai,1
modal dikit lsg makswin cuy,1
soal makan gratis ntt pas bapak udah selesai masa jabat joy joy joy joy,0
kali gak ngehh pak ahok joy joy,0
pertama dapet apa om,0
mantap fufufafa,0
malem gue nungguin update alexis17,1
gak nyangka gin axl777 auto traktir keluarga,1
buset ring kamera nya aj make bahan baja open mouth,0
wede gacir banget sih,1
berkat ntn jd dpt nick name baru utk pak wowo macan sirkus joy,0
pinter cari uang kalah pinter hemat uang,0
realisasi,0
hp lu lipet berapa bosss,0
gema 17 buzzer nyuruh ajar guys tepuk tangan in dulu yuk clap,0
mantap gak nyangka alexis17 se booming keren abis,1
akhir tunggu tunggu fire fire fire,0
mang eak,0
satire kedok berita fire moga awet acara,0
sama nyesel gw pilih si wowo,0
mimpi,0
gue udah nemu jalan ninja gue a l e x i s,1
angeliart heheh yakinnn eh kepala babi apakar upps rofl,0
ribu dislike pirsa hahaha,0
akhir keluar episode ditunggu2 tada blush,0
dislike sembunyi,0
main halma aja tiga sekaligus joy joy joy,0
minggu join alexis17 gue udah beliin ortu smartphone,1
thankyou bang,0
dewadora maxwin pecah terus,1
hasil gacir main agustoto kecewa,1
harga nya brapah om insyaallah tahun depan beli,0
gue sih ga nyesel gabung alexis17 nyesel ga lahir,1
kox lebih fokus kekomen video joy joy joy,0
youtube napa jdi promosi judol,0
nasib driftpig gmn,0
gw demen gas alexis17 wkwkwkww seru sering2 sih mah auto jepey,1
gue nyari resep mie goreng keluar malah iklan pulauwin,1
baru episode skakmat sini seru main catur nya wkwkwkwk,0
gak pernah kecewa main mandalika77 slt selalu on fire,1
betul lo papap,0
lo gacor wkakakakakakak,1
makin cinta deh sama ringed planet alexis17 ringed planet,1
magnum pride,0
remuk kaya kmaren bang,0
boikot gibran,0
solusi kagak,0
judi online sekarang spam youtube face with symbols over mouth,0
rezaardiansyah69 lah emang ngapa bapak bapak wkwk,0
info sppi real mba,0
tim langsung beli,0
fire alexis17 fire selalu kasih vibe positif beneran asik banget,1
bulan main alexis17 hidup gue ubah drastis,1
komen seru2,0
temen gue tagih alexis17,1
motor sport era an bang,0
seru bang mandalika77 alhamdulillah rasa pensaran ku jawab mampir disni mandalika77 jamin bakal h0k1,1
klo sdh sakit hati memeng sulit,0
dapet jakpot juta lgsng cair,1
50juta an aja sweat smile sweat smile sweat smile sweat smile,0
happy banget hasil pluto88 bikin hari ceria,1
coba hitung brp kali om mob om fitra nyanyi lagu ali on,0
gue rela ninggalin game fokus alexis17,1
main dewadora bikin kantong tebal rezeki limpah ruah,1
gak ngalahin sensasi main alexis star star,1
apa iphone,0
busett cerahh banget sgi88 encess koinya ngasih mulu,1
langsung tarik semua menang agustoto buat libur,1
baru wede juta proses gampang banget,1
serah luu ae person facepalming,0
mulai langkah baru mandalika77,1
terima kasi rezeki star weton88,1
lihat jelas waktu debat capres kemarin kualitas,0
gak pusing mikirin biaya kuliah anak kalo udah join alexis17,1
ambil hp nya langsung ludahin bang joy joy,0
alexis17 emang ga mati rame jackpot,1
tanya dong pajak phev mahal nda awat ribet nda,0
rezaardiansyah69 loh yt emng gk ngehasilin duit bro,0
cuman bukit888 sihh no debat tmenku smua main dsini jossss,1
ga seru ah ga nyerang perintah sm jkowi,0
ganggu banget mobil tot tot nyepil,0
apa tanya ai jawab,0
puas mandangin ganteng,0
macan udah ompong pak,0
mah ngehina,0
minggir lu miskin joy,0
rezeki limpah alexis makasih,1
makasiiiii ko saluting face,0
pulau777 tampil desain modern,1
gacur hari bikin semangat,1
baru maen lgsng gacor parah,1
gk gk bukan v alexis17 v selalu bahas,1
normal gak sih nton vdeo gni langsung pen mkn,0
gak perlu pusing mikirin biaya wedding kalo udah join alexis star star,1
nonton ny huawei matepad smile,0
the king of aerox,0
uni lubis nyeletuk supersemar sweat smile sweat smile sweat smile,0
lancar lancar bang salam jepe weton88,1
benci komentar,0
alexis gua coba bentar saldo langsung 2x lipat,1
djarum super kan,0
sadar gak sih kalau tuh wapres harus ngasih solusi,0
apa mobil yg mirip film captain amerika joy,0
jd inget judul lagu the idiot are taking over nofx,0
velgnya goksss gilaa,0
gelooooo mas dipooo,0
sangat ksatria heart vs juta,0
akhir menang besar dora77 jangan cuma denger cerita sukses orang,1
semua temen gue bilang alexis star star tuh bikin nagih,1
jgn nekat mas joy joy joy,0
nice content,0
bro alexis17 tuh emang mantep banget gue udah buktiin,1
gas mas heart eyes heart eyes,0
bnyk yg komentar mandalika apa si jujur gua nanya,1
yuhuu salam kalbar,0
menit kata abang ojol bang udh bang gw bkn lawan lu joy,0
mantap ga sih paling bocor maen dipulau77,1
hasil kamera mantep sih pas daylight cakeeeppp,0
bagi nyimak doang,0
durasi kurang lama,0
terima kasi rezeki sgi88,1
rezeki a l e x i s makasih untung,1
tambahin dikit dapet mobil joy,0
feri amsari heart,0
alexis17 tuh emang bener bener ngubah hidup gue miskin sultan,1
mntap poll panutann,0
kerja malah kampanye,0
support sama m pencil ndak,0
agustoto gua maen bentar aja lngsg wedey gede,1
ken banget kesana,1
one of the kind ahok brainy honest kind heart pray,0
dpt salam dr alex joy,0
anggorodps 9 jawab banyak lebar mana person facepalming female sign,0
juju3907 udah kapan zer,0
wajib coba sih coba mantep banget,1
ahok batak haha,0
tahi sekali,0
tuju kingfinix sunglasses,0
lucu banget diomelinn wkwkwkwkw,0
mungkin hp android mahal dunia,0
moga rezeki agustoto berkah manfaat,1
spill mobil dipo dong,0
nonton video malah punchline nya komentar joy joy joy joy,0
dislike,0
lu kagak cape nyinyir abadi,0
puma speedcat bikin ngiler,0
fokus sabar main pluto88,1
pulau77 terbaikk jepe terus bro,1
keren banget zap j m zap selalu kasih kejut seru,1
presiden pantas pernah pilih konoha,0
bonus bapak luuu,0
exploding head luar by china,0
hari main alexis17 udah dapet cuan juta,1
konten luar biasa keren banget cara kamu jelas main bagus sini bang star weton88,1
tanding selesai menit,0
alhamdulillah mantap lanjut id blue heart,0
keren banget bang salam jepe sgi88,1
halah kerja minta cari sama bapak,0
gabisa jatuh dicurangin doang wkwkwkwk,0
tunggu pak ahok jdi presiden tunggu pray,0
bulan main alexis17 gue udah beli sepeda gunung,1
daaaaaaannnnn,0
gak lama lama langsung gacir dewadora rezeki duga,1
alexis17 selamat genting pol,1
responsible keren,0
adesendyfirmansyah8647 betuuuul jdi yg omon2 sebenernya siapaa yaa,0
achievement unlocked selamat alexis17 bangga,1
gak perlu skill khusus buat sukses alexis star star,1
auto tajir bareng pulau77 keren banget,1
pantes tongkrong maen mandalika77,1
semua orang bilang alexis star star tuh bener bener percaya,1
pak prabowo mohon jgn kecewa,0
udah tamat nih modifnya sweat smile,0
asa gk rupiah doang yg lemah,0
beres2 rumah nyepin pas dengar suara behhhhhh garang kaliii suara petir hahaha makasih y mandalika77,1
gue rela begadang malem alexis17,1
yo ndak tau kok tanya joy,0
alexis17,1
aku tarik kaki robotik drpd mobil joy joy joy joy,0
luar biasa bpk presiden,0
orang gue kenal ngomongin pulauwin,1
mantul sketer gak abis,1
alexis17 bikin tagih ken main pasti menang,1
susah joy saing gibran joy,0
aliass joy sweat smile,0
lihat banya gak mutu,0
emot apiiii,0
temen gue ngomongin pulauwin sih,1
otw beli harga hp gila joy joy joy joy joy joy,0
kemarin mobil bang dipo habis nabrak mana baru jadi cry,0
maen jepek gacor banget,1
mantap gd thumbsup thumbsup thumbsup selalu jadi panutan driftter indonesia heart eyes heart eyes heart eyes,0
hari join alexis17 gue udah dapet cuan beli laptop,1
mampir sini cm mau nitip jempol balik,0
ahok anis baru,0
serius nanya deh alexis,1
sehat rezeki sgi88,1
sayang bgt velgnya takut face velgnya nabrak pas tandem wkwkwk,0
wahyuningsih4156 terimakasih jokowi hidup jokowi,0
yapping,0
laku lebih makna omong,0
gas aja ziko modif motor nya,0
w jual yg kw harga jangkau,0
presiden keren kok yg nyinyir,0
alexis17 selalu kasih vibe positif jangan tinggal,1
nonton cuman seru baca komentar joy joy,0
velg bagus dikomen ngantuk sama org2 yg gapunya taste kacaaaww sweat smile,0
allahumma sholli alla sayidina muhammad waala alli sayidina muhammad,0
anis ahok kata lucu,0
kagak mutu sama sekali apa nih,0
sesuai budget,0
tampil alexis17 sih ga main main gokil parah,1
ngesahin prabowo gimana mau batal asyariiiii,0
kang aibon ngapain,0
emang gak se jujur alexis17 deh,1
axl77 7bikin lupa beban hidup hibur makna,1
alexis bikin hidup gue ubah derajat tukang ojek bos,1
ikut spaa tau dpt kaos,0
manteb banget banyak carbon wide body keren abis,0
busyet sih alexis17 trending gitu,1
lo ngopi gue cuan beda gue main pu lau tujuh tujuh tujuh,1
dewador amenawarkan sempat bagi alam,1
anjing kampung lebih milik hargadiri banding macan sirkus,0
wede brusan sketer henti muncul,1
pulau777 udah paling gacor,1
nyesek bgt ngeliat kondisi mobil sekarang cry,0
mana crosstrek moyai,0
cakep kali triangular flag on post sgi88 triangular flag on post bravo,1
hari join alexis17 gue udah dapet cuan beli motor,1
nungguin unboxing realme 5g,0
sama dong baca2 komen yg frekuensi,0
tanya serius kok menu dislike nya hide yah,0
ikutin alexis17 hadiah mobil coyy,1
axl777 the best menang terus,1
mobil raksasa hummer memang mobil mobil buas banget,0
emang gak se legit alexis star star sih,1
inti kerja kerja kerja joy,0
coba buy spin 20k maxwin kwkwkkw makasih sgi88 nyata emng,1
wede cepat layan ramah banget,1
coba buy spin 20k maxwin kwkwkkw makasih weton88 nyata emng,1
nmax lipat tiga coyyy,0
malah bagus arogan arogan koruptor pantes tuh,0
gak usah banyak bicara le kau bilang kata salah,0
aku beli kemarin 55jt an,0
gw lg toko hp bang lgi milih warna mau beli,0
bang riview hp vivo y19s pliss neutral face neutral face neutral face neutral face neutral face neutral face neutral face neutral face neutral face,0
fortuner speaking head aku ga sebut bang cry,0
apik apik komen e joy,0
the best udah alexis17,1
untung jadi diri mas mas,0
global ndasmu zany face zany face zany face,0
hadir tonton setia manut88,1
main agustoto bikin lupa waktu hibur pas banget,1
luar biasa presiden jam jawab tanya duduk non stop smile,0
180sx nya lebih keren gapake wing,0
pusing bgt allah,0
komen pertama kali padahal sering nonton sweat smile,0
maaf lambat bang semangat salam weton88 gampang jepe,1
motor luster wak masuk vlogg wkwkwk gokill,0
iye bang gw minggir cry,0
gw demen gas weton88 wkwkwkww seru sering2 sih mah,1
manut88 beri nyaman,1
berantas korupsi pertamina jadi tanda tanya,0
masa depan loe aja kali yg gelap indonesia mah kaga joy joy joy,0
jepey sgi88 beneran,1
gw coba alexis17 beneran jp,1
keren pulau777 baik emang udah kasih wd,1
pantes kwn nyaman main alexis17,1
kapan main situs segacor weton88 asli nagih sih,1
gw tau mandalika77 komen asli bnrn gacir,1
undang gibran sis mestine joy joy,0
bang review tws ep73x,0
gass modif motor bang wkwo,0
stop judol,0
si kocak nonggol mu ni p u l a u w i n,1
kalo yg bilang gacor pulauwin jangan percaya,1
ga ru da ho ki member baru jepe yellow heart,1
kalo bukan islam ga jadi presiden wakil presiden mungkin,0
udh daptar cara dapetin skater hitam gimana mandalika77,1
mah baca tex,0
tunggu video driftnya,0
proses praktis csnya oke banget,1
kak awas bilang pasu sakit hati wkwk,0
emg co itu orgnya joy,0
cakep bener,0
kalian moyai,0
makin keren aja pesona bareng laksana,0
nemunya titik gelap cry,0
kayak tugas kuliah aku joy joy joy,0
rezeki makasih alexis17,1
ngantuk yg sama,0
iya bgt yg menang alexis17,1
abis liat ishow speed muncul joy,0
satir sadis agan wkwkwk,0
garasi drift punya mobil stance livery rame,0
kdm jangan masukin jabar butuh sosok beliau sweat smile,0
bikin ken main alexis17,1
siapa emang,0
apa tuh sosok hitam,0
dora77 gua cba lngsg jepe gede,1
busett cerahh banget weton88 encess koinya ngasih mulu,1
backsound lama kembali fire,0
bg next review lexus lfa bg,0
apv emang gokils om fitra,0
anak syahroni gk salah lu ngerrr,0
perlu pin,0
kok yng komen banyak yng sinis yaaa,0
panutan emang garasi drift black heart,0
cuma ngimpi joy joy joy,0
siuuuuuuuu,0
mantap bang bobon selau cuan bokuggooiti,1
agustotobikin hidup warna rezeki silih ganti,1
joy joy joy hahahha wakil,0
modal kecil hasil limpah pasti mandalika77,1
ikut bangga mas dip,0
tiggo phev lebih murah dong,0
temen gue tagih seru main alexis17,1
umrohhhh gua harga segitu sweat smile,0
gua beli iphone pakai untung kripto,0
team dislike handshake,0
bang yg pake motor sama temen,0
kesini cuma ken baca komen aja tp video gak tak lihat muak,0
trending sih ini gua,0
lah kok gin gk nyambung,0
fate v9f salah tempatt bang,0
kunjung bengkel papnmam mas,0
kira genang air tadi moyai,0
agustoto jekpot gampang banget gk ribet sama sekali,1
episode paling senang tonton dr yg sip,0
gacur pol maen jepe,1
aku gilaa pilih b o w o kali wild,1
gates gacur banget auto wede,1
ga liat jawab,0
hadir tada tada heart heart,0
emang gak se transparan alexis17 deh,1
rezeki gak putus makas alexis17,1
gak khawatir kalo udah gabung alexis17,1
salfok sama oren lewat belakang joy,0
crostrek nyaa baaaaaang,0
omke gams omke gams bicara jelas clown clown clown,0
bang bahas mobil lawas aja bang udah bosen sama ev ev,0
manut88 banyak respons positif netizens,1
awkwkk fix gua gada bakat jadi jurnalis hebat respek joy,0
hahahaha artificial sukses nepotisme joy blush,0
tuju emg jelas sih buka lowker buzzer wkwkw,0
ga build impreza aja sih,0
beranta,0
wahh pantes anak ahmad sahroni sweat smile,0
sama model joget2 oke gas oke gas,0
sp12er trending no tonton orang yg mau ndk punya,0
gila sih keren bener,0
bro alexis17 turnamen gede nih hadiah mobil sport,1
dennger tuh stafsus ga perlu logika aja kerja ngapain koplak,0
bulan main alexis17 gue udah libur australia,1
tuju banget tada,0
wi wort de tok not onli tok detok,0
mandalika77 populer masakini eagle,1
pabrik kahatex,0
baru realis udh cres cry,0
aero tawar dekat beda libat daring,1
bukan hp kaum dang mending fire,0
pak kalo ngomong tegap lurus biar asa tegas,0
akhirnyaa salam weton88 gampang jepe,1
memang gila neh hp,0
kapal api,0
bro lo udah cobain alexis17 jamin nagih abis,1
mending nonton boboboi moyai,0
main dora77 ubah hidup pegawai hari milik usaha,1
gilaaaa seruu bangetttt,0
air ev hitam good thumbsup,0
50jt an aj,0
sayang harga 50jt blom support 5g,0
super genius,0
scroll yuk scroll cuan pu lau tujuh tujuh tujuh,1
wah seru banget gue gabung mandalika77 langsung gas ling main sana enak banget cuan terus,1
modal aja untung pluto88,1
gaada banyak sponsor kelassss,0
pasu gohib ayo gabung bukit888,1
gak modal sukses alexis17,1
main sama teman teman sgi88 makin seru asyik makin banyak rezeki,1
apple salip sama huawei,0
mandalika77 makasih bnrn asik jp aja,1
tukang shotingnya kbanyakan review orang drpd mobil joy,0
dewadora tawar sempat hubung main,1
harus lipat sih biar sekali jadi monitor,0
jepe situs baik,1
ngomong apa jawab apa joy joy joy,0
yaelah jii jii menit harus tuh wkwkwkkwkwkw,0
keren banget bang salam jepe s gi8,1
baru nonton menit dah lah cry,0
kemresek awal,0
lanjut oneplus 13t bng,0
wajib nonton klu pak ahok,0
klau buat keluar kota mobil gkk,0
ibu uni lubis gokil nyeletuk supersemar wkwkwkwkw,0
the best pokok alexis17 parah,1
koq mati skak pakai apa,0
gak pusing mikirin biaya sekolah kalo udah join alexis17,1
yg jadi ancam iphone bang soal produk,0
jual beras dulu ni,0
tuju sekal modif motor,0
harus sekali coba masuk parkir pim nih hahaha,0
bicara bukan presiden,0
the best tada tada tada,0
mandi dulu lah,0
wede sketer kali coy,1
gass bg ziko,0
bjir kerja wapres sekarang bikin konten,0
gue rela gak beli sepatu nabung alexis17,1
udahlah balik aja nokia n97,0
wapres gak mutu,0
bonus asam sulfat paman mk,0
tambah lampu neon pink mas dipo mobil,0
najwa is cooking fire fire,0
bukan jawab yg penting tp yg penting jawab,0
gua bukan sales emg gokil siga ru da ho ki gacorr der fire heart eyes,1
pusing gak tuh punya presiden kaya gitu,0
mau bikin hp 5pintu lebih canggih lg sweat smile sweat smile,0
serius nanya alexis17 beneran bagus fix,1
sumpah parah alexis17 keren banget,1
rahadiarum7448 prabowo pikir global apa pikir diri perwira tni,0
skakmat gibran bang biar durasi menit,0
parwis dominan jb5 sr3 akap mual banyak skyleder,0
cuan ga pernah abis dewadora,1
kok sini gak mobik diesel,0
pfffttttt,0
ka pikir,0
spill mbak e moyai,0
sx gpsport mesin buat serapih s15 vr38 bang,0
terima kasih min alexis wede masuk,1
massuhada5461 makan tuh bbm oplos ngga naik bbm oplos wkwkkw,0
mobil baru jadi rusak cry semangat terus bang buat final lanjut nya muscle,0
minggu main alexis17 gue udah lunas hutang,1
temen kampus gue heran liat gue sukses gara gara alexis17,1
alexis17 tuh emang bener bener ngasih peluang orang sultan dada,1
rumah akang mv bang heart,0
alexis17 emang top dah ga bikin kecewa jaman purba sampe kiamat,1
produk cina thumbsup,0
nepobaby sweat smile,0
segar hari mandalika77,1
gw kira parah bapak lebih parah joy,0
coba drift kelok sumatra barat bang,0
minggu join alexis17 gue udah beliin ortu ac,1
ahok malah kamera pandji mati kocak,0
prediksi pawpaw4d akurat bikin senang,1
alexis17 mantap mantap yg gw coba,1
ladang nya parah cari cuan bukit888,1
main rapi strategi jalan pluto88 panggung,1
gak yg jelek,0
bawa powerbank bang joy,0
iri bos bapak nya situ ga kaya kasihan miskin wkwkwk,0
anies ngucapin bela sungkawa pope francis aja kaga joy,0
langsung panas dingin tada,0
kaum dang mending mending pilih byd jaecoo mas,0
kalo buzzer msh pelihara susah kak dpt pimpin yg bagus face with hand over mouth face with peeking eye,0
pulauwin bukan kaleng kaleng sih beneran ledak,1
iya anjer gk nyambung bgttt jd kesel sndiri gw dngerinnya sob face with symbols over mouth,0
pernah pake daily huwawei ko,0
demikian lama nyari2 link mantul kali ni gw tuju mandalika77 gacir,1
sumpah alexis17 ngebantu banget gak boong,1
mimpi apa punya wapres kayak gin,0
besar hati sangat nemu web mandalika77 lega hati sangat lah habis lama main slot baru kali selisih gw naik jadi gin brayyy nang saking neng,1
tmn gw alexis17 rame bgt tuh situs bre gila,1
wajar kelas gak saing jadi semua gak masukin,0
only talk but no action joy joy joy,0
nontonnya cepat berapa,0
makasih info kwnkwn alexis17 ane dh daftar jg moga amanah,1
dilann9 gw jawa tengah blm,0
kecewa hasil dewadora,1
seleraa lu banggg bang,0
ganteng proper parah si bang demen liat nya looks nya nice,0
langsung beli infinix bang face with hand over mouth face with hand over mouth,0
moga rezeki asal mandalika77 bawa manfaat sama,1
sandymartono7029 ajar dulu met blush biar faham melek politik blush,0
sedih sekali gak rela pimpin,0
menit doank pandji kalah catur ama ahok joy joy,0
kerennn contentnya bang cari situs sgi88,1
sumpah alexis17 tuh bener bener ngebantu banget pas butuh duit darurat,1
da kebel sempak baru joy joy,0
request tanya jawab wapress,0
kagak ngejawab apa apa dah sob,0
pisaulipekstikerbatam emang pinter gak milih prabowo,0
kalo suara koh ahok kagak serak udah jadi presiden kek,0
maen siang siang lgsng big win,1
clap clap clap clap clap tepuk tangaaaan tada,0
semua temen arisan gue kepo sama hasil alexis star star,1
main santai bikin nagih pulauwin,1
mascar007 lahhh gaji buat nyari solusi,0
diesel yg parkir depan apa spesial yaa,0
pokok hilir,0
langsung beli kapal api fire,0
mantep banget nih tanjung puting,1
bener bener merinding sangat haru atas besar manut88,1
sukaaa bangettt s gi8,1
anjay keren revolving hearts alexis revolving hearts main slot nge corona renderer,1
wowo liat bgt kolot ga jawab,0
wadidaw kren bgt yak depo doan jd 2jt wwk dizzy dizzy,1
kenal alexis17 hidup gue colorful,1
udah nyobain alexis17 bom recommended pokok,1
gue rela begadang sampe subuh alexis17,1
merinding liat harga joy,0
m a n d a l i k a 7 7 selalu tampil fitur baru,1
main doyaa beri alam senang,1
gw sampe ledak nih alexis17 jd 45jt,1
keren banget mobil drift nya bro heart heart,0
insane build open mouth,0
emang gak se profitable alexis star star,1
nah bener kan kurang gede ga sih cuma opening doang gede,0
jepe kali maen puas banget,1
waw waw wawwww tada,0
jepey trs tiap hari cuma diweton88,1
klo cuma baca text mah semua rofl,0
dri dulu mah,0
skakmat ter gokill daging lumer parahhh,0
hidup lebih seru mandalika77,1
takut sama tuhan modal utama,0
bused mewah banget,1
sumpah mekswin brusan gates gacor parah,1
puas sendiri habis main pulauwin,1
orang main bokuggooiti ga jantung thinking,1
brziko sorry kali kalah ganteng sweat smile,0
gak khawatir tua kalo udah gabung alexis17,1
pelihara anis,0
gas beli mio bang rofl rofl rofl,0
uni lubis deserves man of the match sweat smile,0
cara liat disklikke gimana,0
rezeki berkah99 bikin senyum lebar hari terima kasih banyak,1
bossnya juragan priok mah kecil,0
kalo llexis17 yg kasih duit,1
host bawa acara yg sll tunggu tauk kocak banget anjirr rofl rofl,0
cape banget,0
kdm mulyono in another persona joy,0
mas wahid sang filosofi livery bus,0
akhirnyaa salam sgi88 gampang jepe,1
bro alexis17 ngadain giveaway nih hadiah gadget baru,1
bang sering upload bang cape nungguuuuuu cry,0
alexis17 ngadu nasib wkwkw,1
hp bakal rare item ni grin kolektor senyum senang,0
jangan lupa sedekah nya kak,0
langsung beli beli redmi 14c joy joy,0
judol apa dah bikin kesel aje,0
pluto88 tempat menang,1
gua coblos,0
rezeki ngalir kali main dewadora benar benar gacir,1
wede lancar banget layan top,1
bang kapan review vivo v50 lite,0
parah sih pulauwin udah kayak budaya pop,1
makswin brusan gates neng banget,1
paten lah mandalika77 makasihhh,1
udah nyobain alexis17 bom recommended pokok sumpah,1
lama lama dah kek pc sweat smile,0
bang samsung ketar ketirr kalo kaya gituuu,0
bicara penting x penting bicara white check mark,0
yeke bang mobil mobil,0
langsung beli,0
gokil sih bukit888 gicir parah,1
ga ru da ho ki member baru jepe heart,1
gak pernah bosen main mlndalikl77 selalu update inovasi baru,1
mantep bener,0
gak mau ngabisin waktu langsung gacir mlndalikl77 baru bener bener rezeki,1
situs memang patut senggol mazzee mandalika77 sini sangat nyaman bikin betah sering maxwin jarang kalah main nya,1
kasih tanya abcd malah ngejawab esay joy,0
makin ngawurrr joy joy joy joy,0
tugas kuliah lebih baik,0
upload ulang,0
gasss fire fire fire,0
mandaloriaan how dangkal narik simpul,0
heart a lexis1 heart udah kayak rumah sendiri bukti sendiri seru,1
skketer star alexis17 gokil gokil sih,1
blh coba alexis17,1
the elit sowkes tada,0
video review mobil farel kapann cry cry cry,0
ditabrakin tembok cry,0
bang bahas vivo v50 lite,0
sama chery sphev bagus mana om blush,0
gak sabar ken liat punya farrel fire fire fire,0
penting jadi situs tu mandalika77 selalu kasi wede lancar ga masalah apa2,1
real okon omon prabowo,0
lu tuh gak ajak,0
kencang parah drooling face,0
gak khawatir pensiun kalo udah gabung alexis17,1
the best tahun weton88 byar,1
gacur parah udh wede,1
kereun sih model jok gila bagus banget grimacing grimacing grimacing,0
jepey trs diweton88,1
eh kirain tiap jumat dong uploadnya,0
huawei mah udah beda level ama hp china,0
allooh tanya apa jawab apa ampyuuuuun deeh,0
banding balik lah,0
gila boom bagi bowo77 spin 10rb,1
marahin bang wkwkwk,0
bandar sgi88 auto sultan gacur,1
yutub gak sih hapus aja video gak pantas kali joy,0
emang gak se fair alexis17 deh,1
alexis yin tuh emang bener bener beda sih,1
bukan anak kuliah anak sd aja,0
kakak wedein sketer jelas s1tusnya mandalika77 max mantap id tuh mandalika77 sepele sketer brader,1
mau beliin,0
keren banget banggg,0
gak pusing mikirin tagih kalo udah join alexis17,1
terimakasih mandalika77 memang super hoki keren percaya nyata,1
knpa gak bahas mobil om fitra,0
gue suka penasaran pulauwin dominan,1
kmrn iseng hands on x6 aja udah asa sultan gimana sob,0
bang sen sama orang gudang lebih murah redy cepat joy face with open eyes and hand over mouth,0
kalo la diva aa ikut diskusi lg seru,0
mantap setia banget sama zap alexis17 zap sejak awal,1
ngga ken warga pny wapres kamu bran tp jadi cry,0
anjayy ga nyangka gua maxwin dariga ruda ho ki,1
gw dah nebak skak mat langkah wkwkwkwkw,0
sumpah jam rasa isi daging semua thumbsup thumbsup,0
timing sempurna pilih slot pluto88 kecewa,1
udh po gw dpt angka 52jt nih,0
sepeda udah ga maen golf,0
foya foya seru banget gara gara bokuggooiti,1
ertepe nya banget nyesel maen,1
gak pusing duit lo main pu lau tujuh tujuh tujuh,1
suka banget main s1tus mandalika77 enggak usah jelas kata kata lah pokok paling the best lah emg,1
openingnya about you,0
dipo ga diboostni,0
fazcom waduh pantes premium semua liat,0
dustin tiffany lebih jelas sihh,0
dengar merk selalu ingat panda sweat smile,0
peterrrrr f7f orang balap jg udah tayang dr td,0
wapres konoha joy joy joy,0
emang gak se profitable alexis17 deh,1
nikmat main strategis agustoto mungkin tarik,1
kan rekam pake mirror,0
,0
maizarindra498 udah yappingnya,0
bete rumah langsung gas alexis17 aja deh,1
keren banget zap alexis17 zap bikin hari lebih warna,1
menang nya ga banyak penting ga bikin aku rungkad naik sikit lama lama jadi bukit bukti aku udah menang mandalika77 sambar sama kake zeusss wkkwkw,1
gass lah ngonten motor,0
cakep parahhhhhhh sob sob,0
sandymartono7029 dukung asli muncul,0
harga komunitas solid doyaa77 cocok,1
h putra ahmad saron kalau modif rata kanan joy blush,0
nonton video isi kopong baca komenan isi full daging heart,0
wkwkk kalau pandang benci benar apa lihat,0
temen gue rekomendasiin alexis17 mantap pol,1
bang rievew mobil dom f f,0
sabar allah smiling face with 3 hearts smiling face with 3 hearts smiling face with 3 hearts,0
udah jadi mobil listrik efisiensi tetep wkwkwk,0
pulau777 selalu bikin nagih,1
gabung alexis17 minggu udah ganti hape,1
pulau777 gampang banget buat coba,1
gua udah nyoba semua platform alexis yin tetep juara sih,1
fix kejut menang miya88,1
driftster bukan drifter,0
alexis yin tuh emang bener bener ngebantu ekonomi gua banget,1
langsung coba beli,0
gak perlu gelar sarjana buat menang alexis star star,1
pertama kali sy tau mobil hammer game most wanted ps2,0
jdi ngantuq denger situ ngedongeng rolling eyes rolling eyes sleeping sleeping,0
ga espek kalo jadi ganteng mirip mobil really,0
yg jelas ipong lihat jadulnya joy joy joy joy,0
larry chen spotted doi jadi rajin south east,0
mantap bijak jawa,0
kok jawab,0
swert bonanja gacor banget nyesel,1
raih momen harga sama mandalika77,1
minggu main alexis17 gue udah ganti elektronik rumah,1
scatter item mitos bukti gue dapet 10jetoy koislot,1
gak perlu pusing mikirin biaya kuliah kalo udah join alexis star star,1
gak jawab apa,0
biden ver indo woozy face,0
udah kasih petir miya88,1
demo provinsi siapa yg kuat biaya sih wkwkwkkwwk,0
harus petrolhead ganti jadi electrichead,0
arti udah ganti dulu kan chrysler kalo gak salah,0
gila alexis17 fyp,1
sultan priuk inimah,0
allah lindung bangsa,0
konsisten omon omon,0
aduhai sketer rejeki banget bos,1
4m an harga,0
moga berkah99 selalu jadi nomor satu,1
rafy250rr mau buat somalia apple apple joy,0
mantap main dora lancar rezeki alir deras,1
juju3907 coba dong jelasin bang jago,0
main pawpaw4d seru penuh tantang menang,1
swert bonanja bener bener gacir banget,1
emang gak se recommended alexis17 deh,1
gila hasil video nya coy exploding head exploding head,0
nyala sinematicnya heart eyes heart eyes heart eyes,0
orang bilang alexis17 tuh life changer banget,1
sukaaa bangettt llexis17,1
manis blush,0
sek mas susu anak luweh penting timbang jersey ori,0
gmw irene sukandar tertawa lihat game hahahahaha,0
tuju indonesia emas 2045h fire fire fire,0
jangan ragu buat main mandalika77 selalu beri puas wd gede cuan datang,1
agustoto jackpot gampang banget gk percaya,1
hp launching iphone pro max serasa hp mid range joy joy,0
weee mukhlisina ngk main hp lu nyuci baju aja,0
tunggu bg bimo turun balap,0
sangat malu punya wapres,0
keren jersey nya siap buat koleksi open mouth,0
emang gak se trusted alexis17 sih,1
harga monumen biawakkkk gaiss,0
gas riview supra,0
bangkit cuan weton88,1
lo woy cari cuan bener,1
belok kayak accord maestro sweat smile sweat smile sweat smile,0
nyimak full keren bicara bang pandji pak ahok,0
udah jangan pernah ngide coba tempat manut88,1
kia ev5 mana worried worried,0
alhamdulillah udah beli,0
ga atas banteng,0
emang gak obat sih seru main alexis17,1
sangat lemesss,0
temen kantor gue kepo hasil alexis17,1
hina tak tumbang puji pantas,0
oke sini mvp nya bang bilal tada tada,0
ipk koma apa joy wapres hasil bapak,0
emang gak se seru alexis17 sih,1
point positinya detik k joy joy joy joy,0
menit berapa bu uni lubis nyeletuk supersemar,0
gas main v8 fire fire,0
benefit star alexis17 no limit,1
bayar berapa komen begini goceng gak cukup buat makan hari,0
notif langsung nonton joy joy soal habis jepe sgi88,1
lu asik admin wkwkwk,0
salam sgi88 gampang jepe sehat,1
loh loh loh kok jd curiga demo sweat smile sweat smile sweat smile ngakak,0
kapan acara wapres jawab,0
mobil anak anggota dpr gimana gk mentok kanan bro sweat smile sweat smile sweat smile,0
duit bicara,0
daftar maen sebentar lgsng jepe,1
lihat video baca komen netizen joy,0
dialog mulai,0
yg tunggu2 alexis17,1
gass alexis17,1
senang berkatp luto88 rezeki hampir,1
mbak najwa cape joy rofl,0
sok tuku lak ora kawanen masalae nganggur mbangkong,0
gak instan eh cuan pu lau tujuh tujuh tujuh,1
modal langsung dapet hasil gede rezeki suhu328,1
raih menang sekarang pulau,1
muda prestasi bukan minta relasi cry,0
gue rela ninggalin kerja fokus alexis17,1
bingung mobil keren keren,0
pak wapres hebat ilangin dislike puluh ribu dlm hari joy,0
iseng koislot bikin beneran nagih,1
wapres baik panjang sejarah indonesia slight smile,0
hahaha i bet it never happened sweat smile blush,0
terlalu pintar presiden bawa orang damping,0
yapping yapping joy,0
sekarang dah sembunyi angka nya,0
anak ngomong apa sih,0
buka recaro bangkrut yak,0
esemka mana esemka joy joy joy,0
main sore sore pulang kerja langsung big win,1
bagus buat nonton mu yg kacau epl sweat smile sweat smile sweat smile sweat smile,0
modal lgsng jepek gates,1
lockysigarlaki163 tuju ahok cocok sama aguan udah dulu akrab tuh,0
hasil gacir bikin aku makin puas main mandalika77 makasih banyak,1
timbang jajah aero88 harga komunitas milik,1
emang gak se profitable alexis star star deh,1
pemuda suruh tangguh kerja keras tp yg ngomong bisa,0
jepey langsung main agustoto,1
soal nya apa jwb nya apa bapak inti nya yg pas tak cry,0
ga sesi tanya jawab,0
mass ziko modip yamaha nouvo z dong wkwk,0
anjir alexis17 situs suka teman gw,1
minggu main alexis17 gue udah ganti smart tv,1
pemuda paling pintar se indonesia blush,0
yg jual kulkas ortu jg banyak joy,0
gas main motor bg,0
maen lgsng jepek modal aja,1
didik butuh makan margono joy,0
ga isi kepala cuma baca teks doang anak sd,0
jabat gx bs kerja joy,0
ribut cx80 d sini ksa udah cx90,0
lo percaya gak temen gue sampe bikin merchandise pulauwin,1
king328 bikin hidup happy,1
the best weton88 byar,1
thanks bro the use vf,0
woi baca teks yg buat org joy,0
terlalu banyak,0
2gd item ga sebut bang joy,0
antosp1869 saing iphone bang,0
ekspresiny bikin gemes rofl rofl rofl,0
cuma sini heart a lexis1 heart emang paling top,1
ayo cherry jaecoo sponsorin trio reviewer biar bal,0
enak bgt main pulauwin laughing,1
isi komen judol semua joy,0
wow gak move on seru fire zap alexis17 zap fire,1
solusi siap,0
gibran wakil giveway ayahny,0
bellayabyikka kan admin team youtube khusus,0
tim langsung buka shopee,0
tempo ngeri bang hit pertama ulti,0
member setia pulauwin absen,1
kdm dong bang gubernur sangat cinta warjga jabar,0
jawab nya memang bener bener orang tua kolot,0
meetnitelive serius tanya jawab langsung masak aja tada tada tada,0
lebih seru baca komenny wkwk joy,0
ngetiknya blepot pak,0
jawab makin yakin konoha makin gelap cry,0
heart heart heart jangan judi teman teman blush blush blush,0
kalo tugas alexis17 juara,1
kalo sini 3800an channel pribadi udah 32rban,0
uhuuuyyy,1
iya heran mpe enek ulang mulu mbg,0
yok om mob om fitra om ridwan aceh,0
harga 50jtan aja,0
semua temen gue bilang alexis star star tuh game changer,1
wet bumper apa tuh pojok kiri bawah,0
pokok kalo butuh cepet alexis17 solusi parah,1
coba rely bang,0
emang gak se worth it alexis17 deh,1
proses nya cpt bgt gile alexis,1
swert bonanja gacir banget mantul,1
gila hasil keren banget,0
gue udah coba main jam jam alexis17 emang gacor jam malam,1
orang kampung udh join pluto88,1
kalo bus wisata pesona nya pakai ap lihat elegan joy,0
bang pandji undang kang dedi mulyadi dong gubernur jawa barat sekarang,0
aamiin siap bgt bang,0
gokilll mantul kali mandalika77 makasih info gacirny kakak,1
lertzy iya aku nungguin ni,0
proses sangat cepat terima kasih pullu777,1
cape banget liat begini tiap waktu,0
anjayy ga nyangka gua maxwin dariga ruda ho ki kissing closed eyes,1
main miya88 tuh rasa tahu tahu neng,1
jepe pertama kali maen lgsng suka,1
telek kucing cat,0
konten keren banget jelas main bagus bang sgi88,1
bang gw punya suv taun lama bangun buat ngedrift gak,0
triliun hasil nya gin doang sweat smile,0
pagi pagi udah dapet notif wd alexis17 mood langsung minggu,1
lanjut trs smgt bg jeje heart,0
ga orang orang jadi dpr sih,0
mobil anak sahroni yah bang,0
baik abang,0
khusus mbak nana cuma kasih waktu menit,0
garasi drift kapan pakai v8,0
harap turun bukan fufufafa naik,0
alamak cbr gw kalah harga sama hp joy,0
gokil zap alexis17 zap bikin hari lebih warna,1
sehat kang semngat ngonten lancar urus salam sgi88,1
suka gimana pulau777 selalu update,1
hahhahhaha,0
udah pura pura gak liat aja,0
puncak komedi sweat smile,0
insert gambar pria duduk kerut dahi,0
sealion apabila esok joy joy joy,0
bagus podcast demam tinggi joy,0
nyaman main king328,1
seres eh saras,0
point down tombol yakin gk ngerti apa yg omongin,0
idem dislike berapa kali yaaaa,0
semua temen gue bilang alexis star star tuh bikin nagih parah,1
dewador abikin lupa duniawi hibur,1
kapan kapan bikin futura spek drift dong joy,0
sulit pasta jegal firaun solo joy,0
ganteng banget tada tada,0
gue rela ninggalin nonton bola fokus alexis17,1
ggwp88 tempat sloter sejati,1
balum liat video aja udah gua dislike,0
miris keluarga benci negara,0
anies jauh bawah pak basuki,0
mandalika77 gua main bentar aja lgnsung wd gede,1
woi woi apenihh akhir yg tunggu,0
auto emosi joy,0
sorry q rakyat q dulu coblos prabowo karna gibran,0
gk aku eksistensi face with hand over mouth,0
alexis yin tuh emang beda customer servicenya ramah ramah banget,1
kira kira baca hafal emg dr pikir nya,0
kalo mau tablet bagus merk apa,0
2jm nyampai gw,0
aku cuma mau bilang oke gass oke gass,0
bro coba konsep kaya bang ferry,0
buset video sih gokil star alexis17,1
dora77 gachor bgt jepey terus,1
mobil bagus masa depan,0
kakak bos untung votao77 perfect langsung,1
blitar jatim,0
kosong,0
dimasseto7248 semangat banget copasnya bg bawa puluh komentar,0
emil audero calon main yg naturalisasi blush,0
apa daya tak milik orang,0
we te ep banget emang gokil,0
tuju gilir gibran like thumbsup,0
wkwkwkwk preeeettttt,0
respect bang sadad sama erspo tada tada thumbsup,0
makasih betul admin sahabat sahabat udah bujuk buat main mandalika77 gacir akut,1
tengkyu brok yg gua cari blush,0
bukan selera ku terlalu ribet joy,0
mobil china bagus2 semua model aneh2,0
wuiiiih mantap banget nich aku suka banget dech pokok heart,0
giat wajib acara event giias iims bareng om mob,0
keraaasss macan sirkus joy,0
joy kirain macan tau kucing kampung,0
klu jelek,0
akhirrrnyaaa bagus konten abang coba main sgi88,1
buang buang waktu ujung ngeselin,0
agustoto gua bru maen bentar lngsg jepe,1
wkwk bener,0
bro aja sih alexis mobil nih member setia,1
gimana carah daptar mandalika77 kak,1
main agustoto siapa tau rezeki datang,1
iya benar kan,0
arti gmc bawah naung stelantis mas,0
lo gak tau seru cobain pulauwin,1
gacir banget main weton88,1
kosong isi ceramah hokage,0
hebat tetap pilih rakyat infonesia,0
wiiiiiiityy,0
emang gak se keren alexis17 sih,1
parahhh urat leher gua ikut kenceng sweat smile sweat smile sweat smile,0
gokil gak move on seru fire zap alexis17 zap fire,1
keren banget situs mandalika77 hampir kerungkatan bro rasio menang tinggi banget gokil sih blm pernah nemu situs gacor kali kek gin susun pola nya enak banget buat dicombo sama petir merah nya langsung aja all in,1
aku yg baru pertama nonton video langsung cek kolom komentar,0
supersemar celetuk uni lubis sob,0
nissan fairlady 350z moyai,0
murah njirr china aja y23 arti 52jt,0
sayang banget ahok ga jadi jabat publik,0
kereeeennnnnnnnnn sob sob sob sob,0
emang omon omon,0
gampang suruh orang istana ludahin,0
kece bgt lo bang bim,0
nonton ngopi gess,0
jawab prabowo cerita ban,0
first point up point up,0
rezeki datang agustoto jangan tinggal,1
pabrik nama apa daerah mana,0
poin nya lincah adaptif kata balita suruh lincah joy joy joy joy,0
starprtm intine made in china iphone tpi guna nya gak terima,0
ini pribahasa atas langit satelit upside down upside down,0
sgi88 keren banget,1
mantap alexis17 suka pecah scatter pantes rame,1
mental sang tarung https youtu be usvjql7jpfa si iefv1lphu8fcykn,0
like masuk surga,0
sering sering dong om colab kalau ngereview seruuu nontonnya,0
firts bang,0
gak alam menang alexis17,1
kalau sendiri bicara lancar kok ngak berani tampil kampus,0
bunuh zionis pesek udh yapping kids nerd nerd nerd,0
gue udah coba main jam jam alexis17 emang gacor jam fajar,1
shoot cameranya awal aneh,0
penasaran concept motor by ziko sweat smile,0
mrizky5653 joy joy joy kalau copot pasang kan,0
alexis17 bikin gue tagih udah kaya candu aja nih,1
kacau masbray itungan nya gak pernah lenceng pernah rugi member selalu kaya member mandalika77,1
loker ga,0
maen ahmadtoto ga sia2 mekswin pol,1
si asep gadiajak,0
gass modif motorr,0
pakai huawei p30 sdh 5thn lbh skrg perfoma,0
lucu banget pas skak hahahhaa mantap pak ahok rasain lu jiii,0
mending tabung buat beli tanah sawah rofl,0
tim beli tada,0
numpang tenar yg hits open mouth open mouth,0
ngakak cik,0
bukit888,1
kilas dri samping mirip fj cruser,0
siapa semua yg udh pilih kaya iat,0
undang bang adiaaaannn,0
thx mas atenx saluting face,0
jangan cakep gitu,0
head head sama kdm bakal kalah kalow model popularitas,0
gabisa brooo potong moderator,0
gw liat player pubg yg make,0
gue sih udah pasang alarm khusus main alexis17,1
keren coba bang gas weton88,1
fate v9f apa apa kok dikaitin game joy kocak pasar aja beda,0
dua sama pak mau gimana ga da pilih,0
wajib coba setia banget sama zap alexis17 zap sejak awal,1
fire alexis17 fire selalu kasih vibe positif rasain sendiri seru,1
bang bilal suruh olahraga bang biar ttp sehat,0
dapetin info alexis17 fix,1
dukung anies ahok fire,0
bahas vivo x200 ultera dong bang,0
jt aj bjir moyai moyai,0
gus iqdam pon hummer,0
keren banget menang sgi88 auto libur mewah,1
kembang arhan semangattt salam weton88 gampang jepe,1
bener ngakak gw dengernya padahal dengerin kerja rofl,0
terima kasi rezeki weton88,1
bang sattt lah ga ru da ho ki gacoor bgt candu gua,1
minggu main alexis17 gue udah bayar spp anak tahun,1
pulau777 bikin senyum gak henti mantap pol,1
kali nemu platform hebat alexis17,1
letsss goooo buat bsk all in umbu fire fire,0
video bs ditakedown drpd nambah dosa joy,0
wkwkwkwkw komedian siapa sih sebenernya,0
jakpot besar bikin aku makin percaya sama untung mandalika77 mask thermometer face,1
situs besar banggan gw alexis17,1
bagus ding,0
makhluk halus,0
ritual pamer otomotif,0
gak kecewa pawpaw4d kasih baik,1
alwayssss si bapak tehhh sob sob sob,0
mlndalikl77 bikin tagih,1
nunggu lipet,0
berkah99 ngga lawan emang,1
asc kan panjang ahmad syahroni center joy,0
udah terang nih grin,0
crazy rich tanjung priok grin,0
maaf ngga kuat sudah nonton menit,0
nikmat main strategis mandalika77 mungkin tarik,1
langsung beli surya,0
kira mobil farrel,0
tanya presiden gk punya tim yg bacain berita,0
hpnya ishowtech,0
lihat emosional mata berkaca2 tahan amarah kesal,0
yg punya emote ngicing layar gak,0
samsulkhoir w5t kalo mata buzzer gelap gak,0
mana cross treak kamiii,0
kentut kosong,0
paksa milih jokowi begini,0
lus aja iri ken punya sayang gak resmi,0
inti siap,0
bang brz gak gr,0
bangkit cuan sgi88,1
class bos sgi88 gak ribet depo cepat wd lancar,1
keren parah fire fire,0
alphacraft1386 hehehe sy ibu2 ibu dipo grin,0
baru rp kumpul semangat cari sisa joy,0
gokil sih bokuggooiti gacir pol bro,1
auto jepey llexis17,1
potong gak bang terus buat gw wkwkwk,0
anies x ahok ges yaaa,0
absen hoki777 kalian mana aja,1
coba kalau indonesia acara kayak top gear,0
yup anak pertama ahmad saron,0
lebih pilih nonton ulang film dirty vote nonton,0
alexis17 tuh emang bener bener beda sistem transparan,1
btv168 sumber berkah moga bareng,1
dongeng si momon,0
realme 14x bang,0
ntar jawab pake ai bg,0
gacur parah udh wede kali kali,1
kdm ga masuk radar bang panji,0
gmn ga mentok kanan coba anak ahmad saron,0
adiwijayasalim6922 klw beda cerita bang sob,0
grafis dewadora keren banget bikin betah main,1
joy tdk sama bro,0
menit jm paling lucu hahah,0
justru kalau gak blokir amrik gak cepat inovasi sweat smile,0
koislot ngasih spesial gabung,1
yakin bukbuopt kecewa,1
makasih mandalika77 udah ngebuat menang jadi perihal lazim gue,1
kasih bocor game gacor sma admin nya,1
bakal pecah si kalo gd project supercar huracan fire,0
gue rela ninggalin hobi fokus alexis17,1
juta ajaaaaaaa face purple crying face purple crying face purple crying,0
sayang ga coba main game,0
bagus modif yah guna masyarakat kebun,0
ahok for ri indonesia makmur,0
maizarindra498 ngakak maaf gak aminin hehehe,0
maizarindra498 mungkin terlalu nyinyir bang santai aja komennya kawan joy,0
gokilll si selamat mas dipo tada tada tada,0
sunnysun7064 ahok aguan cocok udah akrab zaman proyek proyek dki,0
hemat pamer pake jet pribadi,0
beliau seperti memang udah sangat sepuh,0
ziomarklie presiden kdm,0
sobat kuliner udah bilang bang ahok mau legislatif,0
iphone ga bikin hp lipat joy,0
gas oke gasse joy joy joy joy,0
bulan main alexis17 gue udah dp mobil mewah,1
apa bahasa guru gembul dicopas,0
mobil besar berat,0
swert bonanja gacir jepe maen,1
angeliart cieee buzzer wkwkwk,0
minggu main alexis17 gue udah ganti pc gaming,1
gila sih gak move on seru fire zap j m zap fire,1
blitar,0
sumenep madura hadir terus bang blush heart,0
dislike nya ga liatin joy,0
mobil impi,0
mas ziko kapan pasang anti lag sweat smile,0
jempol pertama apple kok gue sindir vid,0
ratu princess baik alexis17,1
kapan gak bakal ridlo maafin orang,0
he don t know the point and still denial,0
main catur cepat duniaa laughing laughing,0
jangan kaku gitu baca naskah nya pak wapres hasil bapak paman rofl rofl rofl,0
dedi mulyadi ahok maju sy pilih,0
salesny bilang saran kasih solar klo ngasih solar toyota,0
senang banget main agustoto bikin hari cerah,1
pake subtilte bahasa inggris bang,0
gak nyangka menang banyak mlndalikl77 serasa mimpi siang bolong,1
keren banget langsung hoki sejak join fire zap alexis17 zap fire,1
tau jam gacor alexis17 dm gue aja gue kasih tau pola jitu,1
pabila esok,0
visi raja hutan fire fire fire,0
bro tau ga alexis17 udah support bank e wallet potong,1
ngga mau aku mau huawei pura x please kapan rilis indo sob pray,0
tunggu kemaren gua udah cobain hoki777 manteb banget,1
gacor pol gampang banget wede,1
mazda cx50 cx90,0
jepe kali wede lancar banget,1
rezeki ahmadtotosungguh luar biasa terima kasih tuhan,1
dann bila esok datang kembali,0
ampun suhu,0
emang gak se reliable alexis17,1
anis pinter ngomong doang gabisa kerja sylmentan,0
biasa aku main situs belah asik kalah depo berapa semenjak kenal mandalika77 lunas semua utang gw bre paten lah mandalika77,1
swert bonanja gacir parah wajib coba sih,1
crosstrek mana bang sob,0
sejak kenal alexis star star gue jadi punya tabung masa depan,1
judul lebih cocok prabowo omon omon,0
gue yakin timnas gak lolos pildun efisiensi yakin gue,0
lululala3532 ga jg si rofl,0
sketer auto wede,1
rezeki ahmadtot o sungguh terima kasih tuhan,1
bro alexis17 ngadain giveaway nih buru ikut deadline,1
rakyat pas media sosial angry rage triumph rakyat pas ketemu orang grin blush slight smile smiling face with tear,0
berkah maklo,0
penasaran deh alexis17 kayak seru abis,1
episode tergokil fire fire fire,0
heart heart heart heart buat pak prabowo sukses selalu pak presiden,0
jam sama presiden halu face holding back tears sungguh sedih,0
gas ngab zikoo konten mio joy,0
semua gantung dana joy,0
sekarang gd update video ngga hari jumat,0
jepe trs tiap hari cuma dora77,1
bila esookk,0
trgantung nenek,0
bunuh zionis pesek tetep aja teknologi meh gak inovasi,0
sketer sering keluar jepek terus jadi,1
takut salah ngelipet toklek layar e,0
yess buat ahok anis big no,0
garasi drift on top fire fire fire,0
jepey trs tiap hari cuma dewadora,1
my brother heart heart,0
alexis17 baik dah,1
yoii dong modif motor,0
nungguin ahok nyapres,0
dinginin stnk joy,0
anak abah2,0
kpk tonton face with peeking eye,0
selalu desain baru old nokia miss you so much,0
kelas emang duit dpr v,0
alexis yin emang ga dua layan vip buat semua member,1
kw kualitas wenak joy,0
sejak kenal alexis star star gue jadi punya banyak koneksi bisnis,1
musuh temu wkwkwkw,0
bilal on top,0
geloo sgi88 cair x100,1
si alexis17 rajin banget udah rebah pagi,1
jakpot besar bikin aku makin bahagia tiap kali main mandalika,1
warna maroon nya gokil sih,0
nyelot gak pernah ribet mantab mandalika77 gak pernah rugi kalo main sini awal main sekarang selalu wd walaupun gak sampe maxwin modal gw selalu balik 2x lipat gas,1
gue cek notif alexis17,1
hahaahahahahahahaha,0
mobil subaru emang keren my fav bgt thumbsup thumbsup,0
pa bos wkwk exactly org yg bakal beli ni hp sob,0
terus kembang arhan semangattt salam probet855 gampang jepe,1
mba nana is still the same sweat smile sweat smile sweat smile sweat smile sweat smile blush blush blush,0
udah lecet harga turun bang,0
viewnya kq gak nyampe juta rakyat pd gak tarik sweat smile,0
pulau777 selalu hadir alam unik,1
mantap pak ahok heart heart,0
maen santai jepe terus sini,1
suka compare sama negara bawah liat banget haus validasi,0
gw gw jp alexis17 kebon ni manusia,1
bla bla bla ble ble ble blu blu blu,0
crostrek mana,0
sekarang malah lebih isi ridwan om mob sweat smile,0
rabb lindung negriku,0
tombol like ziko bangun motor utama mio sweat smile sweat smile sweat smile,0
apa benar isi kepala sendiri joy,0
gue rela gak tidur ngikutin update baru alexis star star,1
lu aja jadi presiden bang,0
buat geber 2kd 2gd sabi tu langsung jadi genset hajat,0
kepala kalian lah sketer hitam cuman mandalika77 no tiputipu,1
fyi gaes mobil remuk event tadi sore,0
cek notif alexis17 bangun tidur,1
tau tier turnamen drifter mula sampe pro,0
susun kata2,0
datuaksegala biasa bang benci debat jg gk menang,0
amfuuuuuuuuuuuuuuuun,0
jangan lupa ping komen,0
diri sendiri aliansi,0
brz lebih keren gapake wing,0
gema 17 jubirnya nyuruh kompas makan kepala babi wkwkw,0
kangen backsound gd dulu,0
jadi,0
larry chen,0
menang besar tunggu pulau,1
dasar mania jetbong,0
goat comment,0
gak pernah milih bapak,0
mantap konten motor gass mass,0
gaidomang nahhh kalau terlalu uncensored berabe,0
keren banget sukses thumbsup raised hands raised hands raised hands,0
sangat bantu,0
modal berapa mandalika77 kasih pecah gak nyesel deh main sini mantap,1
sealion dannnnnn joy,0
gacur parah modal receh makswin,1
waduuhhh gak bahaya tah,0
wey mbak sales pak bos bukan sapa malah ngobrol joy joy joy,0
langsung beli kopi kapal api biar sadar,0
makasih bro capek banget denger opah ngedongeng,0
sumpah mobil drift keren gua pribadi,0
kerja pak butuh pkerjaan jangan pajak nya aja gede,0
ngomong gw malu bran bran sweat smile,0
ahok kdm for seru kali,0
nunggu sampe sekrang,0
gua bang joy,0
lockysigarlaki163 ah gak dukung ahok koq,0
loh akun auto dislike,0
gua jebak depo dialexis17 jd candu bgt kbnykan menang,1
ngomong aja kek baca text moyai moyai,0
zap p ul 4uw1n zap tempat ngadu nasib wkwkw,1
belah sama brziko jadiin wallpaper hand,0
ga sabarannn pen liat heart,0
sumpah alexis17 bikin hidup gue simpel asli tenan,1
yg tunggu tunggu subaru crosstreck,0
a1 prorock pray,0
buzzeer lw yaakk,0
wa ta fak men,0
sekali doank sweat smile sweat smile nya mati,0
alexis17 bikin hidup gue simpel asli gila,1
minggu join alexis17 gue udah beliin ortu kulkas,1
atas kasih lampu gantung bang biar lebih introgasi sweat smile,0
50juta an aja aja bang,0
komposisi nya siapa aja camperer,0
emak lu keluarga kali stunting,0
user qr9pb6oy1w chipset kirin wkwkwkwk joy blum tau rasa joy se potato,0
iya hahah dulu remehin banget,0
gokil sih hp lipat,0
anjir judol udh sampe yt spam komen ga wkwkw,0
gue alexis17 aja,1
crestedduckk cara hormat orang yg tinggal bg,0
gacir udah rulay777,1
dah ah tobat gk maengaruda hoki lg abis maxwin soal sob,1
hahahha kata wapres kok gak aura2 wapresnya,0
perlu nominasi dongeng baik,0
projectnya gd emg ga pernah main2,0
ngerti ga si rofl,0
mantap banget trending no koislot mantap,1
happy banget agustoto untung,1
s15 lupa sekarang,0
otw beli satu buat istri blush,0
sekali jatuh tiba2 kena sakit serang jantung moyai moyai moyai,0
gabung alexis minggu udah ganti hape,1
inti asal tampil ngomong apa gak tau dah joy,0
moderator rese,0
gak nyangka iseng doang eh malah tagih sama pulauwin,1
gas minggu 2x,0
sok tau lu emg lu lbh pintar dr ps,0
nyesel pilih prabowo heart,0
wkwkwkkwkwk,0
epic moment tada sgi88,1
suara kok kecil banget apa yg,0
gak muas menang berkat pawpaw4d,1
ga nyangka menit ganas banget kali kaya manut88,1
velg nya josss mah,0
miniled oled gak sih,0
a l e x i s emang beda,1
pluto88 populer masakini,1
anies ahok kalah pray palms up together grin,0
panji jauh2 gmw iren datang ngasih kuliah catur sweat smile,0
pinter pak rt gw njiir joy,0
cuman nonton sama infinix smart,0
buat vlog bang pas lawan bahrain gbk kaya asikk tuh,0
lockysigarlaki163 prihatin rofl rofl sob,0
berangkat batuk uang kredit motor,0
jersey kiper ngeluarin sv nya auto beli dah,0
mascar007 masa depan buzzer gmn kang,0
emang gak dua sih sensasi main alexis17,1
msh bisa ahok calon utk ri1 or ri2,0
dislike gak ngasih solusi rolling eyes poin gak open mouth dash,0
macan lion,0
menyalaaaa metal,0
worth it gak sih alexis17 coba,1
bapak kau pulauwin,0
poin penting kerja cariin bapak,0
tuju bro gabedanya cherry group yg udah akusisi range rover,0
bonus demografi tuju indonesia c emas joy joy,0
gue sih udah buktiin kuat alexis17,1
gue pergi aja nyebut pulauwin,1
mata pandji buka,0
sejak kenal alexis star star gue jadi punya tabung buat masa depan,1
tuh,0
syirik semua sob joy joy,0
enak cakep enak cakep beli tar tuh liat aja,0
iq sok sok mau sok pintar begini joy,0
mending kdm kerja nyata selalu kasih solusi,0
srikandi memang yg lebih berani,0
emang gak ngalahin seru alexis17,1
pawpaw4d bikin semangat nasionalisme versi digital,1
emang gak se untung alexis17,1
gue udah ga bayangin hidup alexis17 sih udah sumber rezeki utama,1
santai santai minggir lu miskin joy,0
lbwk pray,0
mdsa assyaqofiah coba bayangin lu ken beli gada duit clown,0
huawei memang kelas beda punya mamarika,0
yaelah dislike nya hilang joy,0
baru tau narasinews skarang acara comedy,0
auuuuuuuuuu ahhhh gelaaaapppppppp,0
bonus demografi aja ngertinya pas mau bikin video,0
sis kalo proyek alexis17 juara,1
cuan drama pawpaw4d,1
sama mandalika77 hari hari lebih makna,1
langsung gas,0
bonus kuasa maksdnya,0
alexis17 viral,1
busett cerahh banget triangular flag on post weton88 triangular flag on post encess sama koinya ngasih mulu,1
bang project supra bang,0
gue ampe nang ketawa2 joy joy mana maen catur ralat,0
main modal uda bsia wd,1
gacha receh sob juang beneran gak dosa,1
minggu main alexis17 gue udah bayar uang kuliah,1
caaneedsleep gitu aja gak paham emang gak nalar,0
hari ga ruda ho ki selalu ngasi jepe star struck,1
phyzulc mungkin tunggu,0
senang main pawpaw4d peluang menang,1
waduhh,0
jakpot besar bikin hari makin seru cuma agustoto,1
liang luhut yg gelap kau wkwkwk,0
weton88 keren banget,1
jadi presiden lach payah lu,0
mandal ka77 tempat jago judi jadi lu cuma main ajar pro,1
aamiin,0
darurat leceh seksual aman aja pak presiden,0
ngomong apa sihh,0
gila cinematik nya,0
nyesel gue bagi tone deaf waktu milu,0
gak nyesel deh udah kenal sama alexis star star dulu,1
ga nyesel temen alexis17 gokil,1
bentar om kok jadi kurus,0
smile smile smile smile smile smile smile smile smile momen paling hibur,0
iseng coba mandalika77 bnrn jp wkwkwkwk keren,1
modal minim banget konten,0
gile nyoba doang dapet cuan gede,1
aamiinin dulu aja sweat smile,0
cokjaran5744 iya pilih gua gua bangga pilih,0
apv cocok buat bikin towing,0
yg ngajarin parah sih joy,0
kalo bukan pulauwin yg kasih duit siapa,1
nyala heart fire,0
sama mandalika77 cipta ajaib,1
love your comment,0
alexis gua maen bentar aja lngsg wedey gede,1
spin santai saldo terus pluto88 emang beda,1
sebar tadi warna hijau hmmm,0
timothy ronald kenal gk kelen yg bilang mclaren kalian warna apa maen star alexis17 star rupa coyyy kirain liatin chart crypto doang,1
tigo masalah apa aja,0
lama cry,0
pantes rame alexis17 wkwkwkwkwk,1
hadir cuman mau dislike aja males lihat nya ga penting,0
tunggu project selanjuat nya subaru brz buat farrel,0
faedahe apa blog,0
lbwk huracan,0
orang bilang alexis17 tuh bener bener ngebantu finansial,1
kalau esemka yg paling apa joy joy,0
mobil farel kapan kerja mas dipo ziko,0
kali awak rasain jp 100juta alexis17,1
harus judul video jadi wowo kun yapping jam tengah,0
niat bgt bg sob,0
mending ngetik yg bener dulu,0
beh dempul tebel dah,0
teamshare7558 kalo kata fufufafa anak si didi bot,0
nalar yg arti rendah joy,0
bonus bapak sweat smile sweat smile sweat smile,0
iya emg mantap bro pulau777terbaiks lgsg cari az,1
nyoba baru bang modif motor,0
kata tmn gw mandalika77 rame bgt tuh situs bre gila,1
the real sultan,0
gila pluto88 fyp,1
as kaget lihat produk china sweat smile,0
dah mo tutup diler jual mahal pa ga cpt jd cerita legenda joy,0
anjay temen gue rekomendasiin alexis17 mantap,1
maizarindra498 coba jelasin poin nya aja,0
ampun pak ahok nge scholar mate joy joy joy,0
lalisamanoban837 td gw nanya mang tanya nya apa yg jawaba nya ngelantur,0
lcgc nang joy joy joy,0
opening doang yg gede suara,0
maen santai big win,1
mandalika77 slt gacir mantul terus gelem cuan,1
bagus lu main motor zik modif motor matic joy,0
min ko jumlah dislike nya hilang,0
bulan gabung alexis17 gue udah beli tanah kavling,1
sulistyowati el8kl langgar kode etik lucu ni kalimat awokawok,0
alexis17 tuh penuh kejut udah coba,1
temen arisan gue kepo hasil alexis17,1
cuan gak abis cuma pulau77,1
gk bulet bentuk kamera lbh segienam blush,0
ngalor ngidul sweat smile,0
gue udah nemu jalan ninja gue alexis17,1
pasar modal pasar saham joy,0
cinta banget sama ahok kapan punya presiden kayak ahok,0
sama gan entah nonton malah bawa ketawa,0
terimakasih mandalika77 menang super hoki keren percaya nyata,1
terimakasih,0
bingung presiden jawab dr tanya mbk najwa,0
ngeh pak ahoook,0
ga lawan sih dewadora mekswin,1
coba lu dengar,0
ganteng parah asli fire fire,0
harga tokped juta bjirr sob,0
semangat bosqu baik weton88,1
keren habis si,0
mba irene kecewa berat,0
seru banget main dewadoyaa hibur seru jakpotnya gacir,1
mah lah bang wong harga ny mantap,0
cari komunitas gemar dora77 mungkin tempat,1
xmax welcomeluster nihh,0
kebelet yee,0
game nya gacor banget lgsng jepek,1
garasi drift bg mobil farel r kata modifikasi garasi drift,0
maen lgsng jepek wede lancar banget,1
alexis17 emang beda,1
arventonya nguap aja tutup sweat smile,0
aszlanslatan27 jokes bakal beli mti andai joy,0
brz punya anak fitra eri kapan jadi,0
menang juta alas main pluto88,1
lu ngomong apa se bro kyak lu pinter aja,0
seru banget main dora77 gak asa,1
topik apa bahas kemana2 anak konstitusi joy joy,0
emang gak se profitable alexis17,1
goks keren abis,0
apa simpul,0
emang paling canggih tu,0
bahas poco m7 pro 5g,0
like yg,0
agustoto mekswin depoin limpul,1
google makin panas nih,0
jepey s gi8 beneran,1
iya bang mabok,0
kan mau otoriter eh malah setir boneka joy,0
politis yg jujur lucu bangettt joy,0
bang salam jepe weton88,1
emang bandung dmna,0
sehat kang semngat ngonten lancar urus salam weton88,1
gacur dikit langsung jepe aja,1
ganti jb min blush,0
dikirain gw mobil anak fitra eri hahahha,0
wede brusan lancar mntp banget sih,1
anjay joy face with hand over mouth,0
hahahaaaaa panji kena skakmat menit joy joy joy,0
pluto88 bikin game slot hibur,1
cerai hitam pahit kalau main bukit888 menang manis tunggu,1
situs bagus rate menang banding alexis17 situs panutan gw,1
mantaapp bismillah podium tahun,0
aduh gmana,0
gimnaa bg cara nyarik baju orinyaa,0
serius deh rezeki suhu328 undang penasaran coba,1
bro gak niat review brio,0
ahok pake trik lama njirr langkah mati wkwkwkw,0
main fortnite ga bamh d,0
insyaallah klo infinix hot gue jd d beli beli hp sweat smile,0
jajan banget main pu lau tujuh tujuh tujuh,1
modal kecil lgsng jepek gates,1
sumpah alexis17 tuh bener bener ngebantu banget pas butuh duit cepet,1
nonton 28detik yg lalu,0
wahh coba lahh modif motor,0
pen banget tengah trs teriak kocak lu,0
gacir gila mandalika77 bikin jepe trs,1
iya lama yaa teknologi,0
ni konten motor,0
tepat,0
bicara bingung yg bingung yg bicara hadeuh,0
eh bro alexis17 event spesial nih hadiah investasi properti,1
emang gak se untung alexis17 deh,1
kaum dang mending duit segitu dah dapet tanah 7x20 desa joy,0
roasting armuh joy joy joy joy joy joy,0
makasih dora77 rezeki henti,1
andai lu jadi hrd lu bakal terima orang kyk gin sweat smile,0
duit abis gara gara belanja tenang alexis star star,1
alexis17 viral tenan,1
tugas kuliah ngerjain chat gpt thermometer face,0
rahasia negara gaperlu rakyat tahu,0
bahkan radio lokal bahas pulauwin loh,1
mobil bandung joy,0
waktu pake kunci torsi biar ga pas waktu drift cry,0
merk be like bang udah bang joy,0
nungguin crosstrek garasi drift,0
lama2 apa gk muncul bekas lipat yg ganggu pandang,0
rezeki hari datang terus mlndalikl77 senang banget rasa,1
wassup beijing,0
terthe best memang pak ahok sehat terus pak,0
komentnya yg sangat didik joy joy joy video pause joy,0
technology huawei memang ngga obat tada,0
arifhidayat4149 sehat sehat bang tuhan berkat,0
tong kosong,0
capek dah lumayan nonton dialog nus istighfar,0
haduh jersey uda mewah beda nasib sama timnas u20,0
ga menang lawan farel,0
hina tumbang puji pantas,0
sukses terus dg tada tada tada,0
agustoto gampang banget buat dapet hasil gede gk ribet,1
rejeki tukar main qasia99q,1
banyak omong doang,0
mba nana heart pak pres pray,0
cie ganti thumbnail joy,0
sketer terus muncul tiap maen jepek,1
dewadora gacir banget mekswin trs pol,1
wih alexis17 bikin hidup gue simpel asli,1
poo 2jz heart,0
cuma sini zap alexis17 zap andal gue sekarang,1
gua kira personil vob joy joy,0
lbwk,0
kasih uang jg sama mandalika77 lumayan buat nongki ngopi with teman teman besok wkwkw,1
gd main ninja 2tak heart heart,0
sungguh tak ku sangka sungguh tak ku duga new member auto cuan main mandalika77 scatternya gampang kali keluar pola acak gass keun,1
kirain bakal nampilin mobil baru lecet baru moyai,0
kecewa darimana dipo happy2 aja kok,0
mahmudhandoyo3570 jawab minimal nyambung jangal asal omon omon,0
method produksi indonesia kan blush,0
mata woi sweat smile,0
koh harga 1m apa beda apa sama,0
mobil jepang kayak tinggal jaman teknologi,0
kok bisaaaa orang ngelike video,0
main bentar gacur,1
keren banget bro,0
langsung co gua,0
orang korea pegang saham erspo,0
emang milih ioniq 5n kan,0
gagah bgt lo bang pake lengan pendek fire,0
kaya mobil nya akang mv,0
duh jangan lah plis,0
ahmad syahronii fire fire fire,0
mana berani,0
salfok zenix setinggi konde doang,0
beli itel maksud,0
harap sehat negeri yg sehat grinning,0
game nya gacir maen jepe,1
kalo jadi calon pilih jangan harap,0
next bikin video apa nih,0
hancur dunia otomotiv jepang serang china,0
keluarga gue aja gaptek ngomongin pulauwin,1
kayak ga niat bikin video kecewa berat sih,0
auto rampok dulu ahhh buat beli huawei grin grin grin grin sunglasses,0
gak gagal weton88,1
liatin komen suara mute jalan baik,0
no kw yaa guys,0
kalau gamau kalah coba mandalika77 gw real udah jp,1
rapi in punya lo bang,0
jepe game sumpah hoki banget,1
jujur keren banget bang fit nya badan lu,0
iya bang mati salah satu,0
mekswin tiap main agustoto,1
emang mantep banget sih sistem alexis17,1
gak pusing mikirin kalo udah join alexis17,1
tengkiu bos kasi teman2 tongkrong traktir makan minum bagus mudah mudah tingkat hasil mandalika77,1
pecah layar buat star alexis17 gokil,1
puas rebah yuk rebah faedah pu lau tujuh tujuh tujuh,1
om fitra bete joy wkwk,0
weton88 maen santai aja tetep wedey juta,1
main pulau nikmat menang besar,1
calon lawan berat brzico gantung drivernya sih tada tada tada,0
jajan game pulauwin sunglasses,1
ownernya bilang ae86 kw pas vlog roy,0
aku kudu ngiseng,0
pin judol,0
inisial amruhh joy,0
gak pusing mikirin biaya honeymoon kalo udah join alexis17,1
gue sih udah anggep alexis17 kaya rumah aja betah banget main,1
sketer kali asyik banget,1
modal wede gacir abis,1
makswin wede lancar banget,1
alexis17 tuh emang bener bener ngasih peluang orang crazy rich,1
gates gacor parah lgsng wd juta,1
yg punya brz ni real sultan,0
iya anjir dimarahin depan muka hahahahahaha,0
dulu sih gw ga dukung jadi males aja liat,0
beli kuota buat nonton,0
skli jatuh layar retak kepala jg lansung retak sweat smile,0
gak nyangka menang alexis serasa mimpi siang bolong,1
gaes alexis17 emang beda,1
orang yg dpt kerja koneksi bapak joy joy joy joy joy,0
gue sih udah buktiin sendiri hebat alexis star star,1
sabar buat main agustoto rezeki besar datang kapan aja,1
ziko ngonten motor chnel pribadi seru tuh,0
si alexis17 rajin banget udah nugas pagi hehe,1
malah ngebahas animasi jumbo koplak,0
koislot beli ps5 ngutang video game,1
rezeki makasih a l e x i s,1
orang bilang alexis17 tuh bener bener ubah hidup,1
duit mana,0
maaf mas wapres skrg susah klo ga ordal,0
sekal dandanin zicoster towing lah bang joy,0
gak nyambung,0
peace v rockstar sweat smile,0
jgn plis org kaya gin dijadiin presiden,0
cuplikanpodcast77 wkwkwkwk denger noh oy dororohyakki8001 anjim bat wkwkwkwk tae,0
eh tau gak sih alexis17 bonus gede nih member,1
ubah dulu atur kaya gibran,0
baru bulan main alexis star star gue udah beli furniture baru,1
udh wede kali gacir pol,1
cari platform dorong tumbuh axl777 layak coba,1
judol taek stop judol taek,0
ngomong apa sih elo,0
bro gue sih yes alexis17,1
tampil alexis17 sih ga lawan,1
awal awal sih ragu yah kok lama lama jadi senang main mandalika77 modal receehh doang lohhh,1
hangout temen cafe eh ketemu alexis17,1
mobil nya keren canggih banget kuereen pool,0
tp sayang seater,0
emang gak dua sih alexis star star,1
abis vf6 vf8 vf9 langsung boyong indo joy joy,0
hidup lo auto level coba main pu lau tujuh tujuh tujuh,1
jepe terus tiap hari situs baik,1
gile cantik banget lihat hasil,0
menit aku nengok pke baju coklat ekekke,0
anies ahok the next president tada,0
keren sih,0
tunggu tunggu salam jepe llexis17,1
udah nyobain alexis17 bom recommended pokok fix,1
terima kasih banyak axl777 hari benar benar gacir,1
review oneplus 13t bang,0
miya88 bikin alam main seru siap siap kejut spesial,1
makas saran nya brobro mandalika77 wd landing lembut hasil terus,1
tadi ngakunya ngga main catur,0
alexis emang ga mati rame aja,1
gaji langsung beli ah replika version,0
beli somay maksud joy,0
main santuy aja jp pluto88,1
vender boddy kit blakang nya kurang mas lancip gitu,0
sketer muncul maen seru banget,1
tunggu tunggu,0
jonathan i4w5p mana mungkin tau kan,0
cuan emg alexis17 modal 100k jd 4jt,1
gue rasa suara kecil,0
goxxsss akhir tayang fire fire fire fire,0
bang all new triton dong kapan offroad joy,0
lbwk nih kayak,0
tes vidionya mana bang,0
alexis17 emang ga dua layan vip member nonstop,1
maen ps tv inci udh lumayan bagus sih wkwkw,1
ggwp alexis17 nonton teriak girang,1
emang gak se reliable alexis17 sih,1
keren weton88 baik menang mudah,1
bang salam jepe llexis17,1
tim cuma nonton doang beli kagak,0
wkwkwkwk ngawoooor,0
iseng coba alexis17 bnrn jp wkwkwkwk keren,1
mandalika77 juara maxwin,1
baru tau pabrik erspo bdg sy orng bdg aja ga tau joy,0
penasaran deh alexis17 kayak seru,1
pak baju bapak lengan kiri bawah kena bumbu kacang,0
ngomong yg penting x yg penting ngomong white check mark,0
gue kira cuma trend saat pulauwin makin gila,1
selamat mas dipo keren bgt sumpah,0
langsung beli iphone,0
gua nggk pas coba coba gua langsung betah,1
nih alexis17 pantes bnyk yg promoin gila gampang jp nya,1
gw penasaran varian rs ga masuk lcgc,0
rahadiarum7448 wkwk global apa wkwkwk ngaco,0
awas serang pasu perak per komen joy,0
antimo solusi baik utk mncegah muntah muntah mabok,0
jadi aerox nya andy nya ganteng ni,0
lah,0
hasil alam main pluto88,1
alus pis alexis17 wkwkwkw,1
buset niat sewa buzzer banyak sabar mas wapres,0
rezeki gak lo arah pu lau tujuh tujuh tujuh,1
coocaa z65 mentokin 3jt dapet y65 4k,1
metot metot metot method kali,0
besok otw beli,0
tambah blunder gaksie joy joy joy,0
alexis17 ngertiin butuh gue,1
like nya liat kok dislike nya gak muncul,0
kalau main mandalika77 udah gw rasa mmg lebih gacir,1
terimakasih banyak inisiasi mas ruby,0
lemah hp lipat kabel flexsibel cepat rusak,0
bang kapan misteri box bang cry,0
respect,0
gua sih udah ga ragu rekomendasiin alexis yin semua orang,1
mandalika77 terbaikk jepe terus bro,1
jersey baru u nya bantai hadeh,0
semangat bosqu baik sgi88,1
jeffproit wahh iki bener,0
baru coba udah maxwin dewadora emg bikin nagih bgt,1
bro alexis17 turnamen gede nih hadiah bisnis franchise,1
kalau film2 biasa pimpin bicara gin depan layar teks,0
pak ahok kaya gimana macan sirkus apa yg joged joged joy,0
gw kesini mau dislike doang,0
heran gw banyak yg suka main pulauwin,1
menang jersey doang beli gas antri,0
ken beli kw menghidupin umkm,0
jepe mulu sini prnh zonk,1
alexis17 on fire parah,1
yess justru sekarang original made in china rofl rofl,0
matiosaja ank abhh,0
tuju modif motor xmax nya bang jadiiin project seru bgt,0
kia emang singkat korean international automotive kalo ga salah,0
emg ngga tau berkah99,1
xmax nya ossdette,0
agustoto auto jepey,1
tim kredit point down,0
sumpah alexis17 win,1
otak abang kayak nya nggk nyambung kayak nya dulu kena stanting yaa sweat smile,0
jakpot bikin seru dora77,1
mulai nyetok dagang km nih wkwk,0
wajib beli,0
agustoto sukses buruh bangun usaha kontraktor,1
alexis gampang banget dapet hasil gede gk ribet,1
kata kata sakti hape minggir lu miskin,0
main sekali langsung dapet jakpot besar agustotobener bener gacir,1
wow zap alexis17 zap emang gak pernah ngecewain,1
gue sih ga nyesel gabung alexis17 nyesel tau,1
alyssabrayden2099 yg paling jelas bagi uni lubiss,0
pa ahok jdi presiden indonesia sih kalo mau negri maju,0
moga beli aamiin2,0
petir merah muncul terus auto makswin,1
gak perlu khawatir soal masa depan kalo udah gabung alexis star star,1
mantap heart a lexis1 heart emang paling top,1
wapres buruk panjang sejarah indonesia,0
jepey terus weton88 beneran,1
pandji najwa shihab d luar politik,0
inti masalah masalah bicara masalah,0
gw baru beli emang bagus ituuuu mau tanya,0
baru kali nemu platform hebat alexis star star,1
goreng temen sendiri sweat smile sweat smile speak no evil,0
alexis17 emang daun banget gila sih serius,1
ohh juta aja aman lah udah kumpul ribu,0
gas beli naspad,0
sponsor lebih banyak brziko open mouth,0
wede gampang situs percaya banget,1
buset alexis17 keluarin promo bagus banget,1
into sm listrik internal combustion tetap hati,0
darimana duit,0
mandalika77 daftarin bos,1
serius nanya alexis17 beneran bagus sumpah,1
manfaat orang tanggung jawab sangat keri,0
salut sama erspro jersey kali bener2 kelas bngt mewah,0
anjay mantep revolving hearts alexis revolving hearts main slot nge paramount,1
emang gak se legit alexis17 sih,1
wih alexis17 sih heboh banget,1
bang review kucing oren yg lewat dividio bang,0
buset dah segitunya ama rezim,0
alexis17 sih heboh banget beneran,1
jawab sungguh luar akal,0
aerox anti ngorox,0
gak sabar nunggu projeck crosstrek brz farrel,0
terima kasih bapak pk ahok sdh yakin pk ahok,0
angeliart mana berani undang tempo,0
terima kasi rezeki star sgi88,1
tujuh banget,0
cari kerja sulit banget bos umkm sulit tahan usaha,0
suka banget main s1tus llexis17 pokok the best emg,1
temen gue bilang alexis17 tuh bikin nagih,1
the most proper drift car in indonesia,0
salah satu mobil impi g63 range rover sport phev,0
lihat bukan isi video komentar yg nonton video,0
kontribusi voting dislike,0
jawab nya formalitas model citra mulyono,0
menit habis baca komentar doank joy,0
zoe tw kasi alergi,0
jelajah mungkin mlndalikl77,1
lebih diam,0
makin sedih rakyat indonesia joy joy joy joy,0
tuju bro kalau gw jg main mandalika77 gacir,1
bagus garasi berkah99 emang juara rezeki gak abis,1
muka artis pake baju gd kaya mantan ku,0
no respect,0
santai main hasil cuan pilih mandalika77,1
ndiasmu beli,0
mantap zap alexis17 zap selalu kasih kejut seru,1
sound og akhir video tada,0
buka lembar bahagia mlndalikl77,1
ahok like dulu baru nonton gass,0
minggu main alexis17 gue udah bayar asuransi sehat,1
alexis maen hoki,1
dora77menawarkan alam efisien ringkas,1
alhamdulillah palms up together sehat selalu bapak presiden ku smiling face with 3 hearts,0
jam ga ngapa ngapain,0
erspo ama erigo sama kan bos sadad jg yg punya,0
cukup daging klo dengerin sampe akhir,0
hemm sayang sekali,0
ngelag wd jalan alexis17 emang top,1
kn tiap orng beda blog,0
gabung alexis17 minggu udah ganti motor,1
pertama kali awak rasain jp 100juta cuma mandalika77,1
bro alexis17 ngadain giveaway nih buru ikut tutup,1
sini padal baru bilang ahok ga pernah marah2,0
se7 mau tau selera ziko klo modif motor joy,0
berat ahh klo lawan kdm gibran joy,0
njir ngundang ahok,0
numpang ketawa joy joy joy joy,0
buzzer yah,0
baca monitor niyeee joy,0
situs mantap pluto88 gampang menang,1
udah main buzzer buzzernya,0
ridwan ld4gk dengerin ga sampe akhir,0
samsung coy,0
yg ngasih nilai sibuk bikin balap tamiya joy joy,0
kdm ahok cocok,0
anjir tiba2 banget scroll2 yt upload vid baru joy joy joy,0
main dewadora tuh auto tagih gacor terus ga pernah rugi,1
wah gokil fire,0
weton88 bikin tagih,1
kurang bang rocky cb tambah dr amat politik gitu,0
keren sgi88 baik menang mudah,1
mana pilih yg selalu bela2 beliau kok ga omon omon sekarang,0
saat sinar sama mandalika77,1
suara yg beli murah,0
topeng om mob tu bauk apek,0
bravo,0
mantap jersey boss q heart tada,0
gua asa nonton yt jam ngga ngapa2in,0
axl777 aku cba2 bentar saldo lgnsung gede,1
kok rasa pilih anis dulu pilih yg tepat,0
dikayh px5wl iya bang si paling tau,0
aduh ngakak bgt wkkwkwkk,0
gass lah modif x max,0
pantesan hitung face blue smiling,0
david hormat coba bahas nubia redmagic terima kasih perhati,0
senang bukan kepalang rezeki nomplok axl777,1
tanya apa d jawab apa sweat smile,0
mobil pake duit hasil bayar pajak,0
coba,0
doyaa77 auto mekswin,1
butuh orang saklek kaya ahok,0
link beli sweat smile,0
ngetik sendiri,0
akhir beberapa bulan akhir penasaran sm ni hp,0
sepuh jangan galak2 kak jantung copot joy,0
emg gaya dr dulu deh asa,0
otw beli biji,0
baru bulan main alexis star star hidup gue ubah derajat,1
axl777 cuma modal kecil eh malah dapet jekpot,1
ajar ngetik lah lebih baik ngebacot,0
konter ter fav,0
swert bonanja gacir banget hari mantul,1
bulan join alexis17 hidup gue ubah total,1
juta ajaaa ajaaa ajaa aja aja aja aja aja ajaa,0
wah si oyen tuh sweat smile sweat smile,0
kaum dang mending bendang banding jir,0
yng nouvo,0
menang valid settingan pluto88 emang gacor,1
waris ilmu molyono,0
ngelantur ngak jelas,0
dora77 gacor ga mati,1
fokus lihat menit malah tulis manut88,1
pawpaw4d bukti beda bareng tuju positif,1
komen lu naik bang biar gue bantu,0
syhrzlsyhrzl gaa kok dulu emang sama gm company ga pernah chrysler,0
interior terlalu biasa sayang banget,0
aku orang indonesia sangat malu punya wapresss negini kulitasnya,0
nyata betul bgt bilang teman gue main mandalika77 gampang bgt dapetin maxwln member baru positif wd,1
modal maxwin gila sih gacor abis,1
cara liat dislike bang,0
gas bang modif mio,0
beli lah jual ginjal dulu joy joy joy,0
terlalu keren mas fire,0
aku syukur aku bukan bagi,0
langkah doang udh skakmat,0
anyinggg awowkkwkw joy joy joy,0
thx a lot rangkum,0
gw main alexis17 nih skrg emg alexis17 kualitas,1
momen pak ahok marah hand orange covering eyes,0
mantap banget keter langgan,1
coba hitung brp kali hahaha joy,0
males dengernya,0
hasil jepret mantep gilaa,0
males ah bayangin aja sendiri joy,0
jawab nya ngalor ngidul ges,0
alexis17 bikin hidup gue simpel asli,1
cumi cumi apa ga yg join event,0
bulan main alexis17 gue udah dp ruko,1
lexus ko gaada omm,0
gue sih udah ga move on a l e x i s gacor bikin candu,1
main agustoto nyangka rezeki langsung kejap,1
pak prabowo jawab luas,0
tuh beda banget buka pulauwin bikin semangat,1
emang omon omon ngelantur prabowo,0
uni lubis keren banget tanya,0
rezeki nomplok agustoto bener bener puas banget,1
komen gk report aja,0
presentasi apa,0
buset batre nx harga pajero kaya nx,0
jakpot besar axl777 bikin hari makin cerah siapa cepat,1
tuju bro gw jg main alexis17 gac0r,1
layak,0
matahari kembar,0
gilaa bom seceng kuowo77 besar mujur,1
dislike baper cihhhhh apa,0
dwiagusadip280 gk ad bilang mas wahid,0
bro lihat bagaimana buzzer mengcounter opini rofl,0
bro wapres apa inti total menit,0
gue sih udah ga move on alexis17 gacor bikin candu,1
maen lgsng makswin gg banget,1
kaesang kapan niih bang,0
akhir lu review bang,0
ga berani pake tempat umum deh takut ilang disamber orang lewat,0
siap gass jdi timsua nya wilayah gua,0
sumpah ngomong apa sih,0
gasss zx1000r,0
style naskah editing video gaya gaya mirip ferry irwandi,0
tim nonton doang gak beli point up,0
fender belakang nya yg rada aneh mas dipo,0
jumat up crostrek,0
emng bener kemarin udah coba probet gas ahh sgi88 kawan buah manis,1
muhardhy realistis kalo pdip mau kalah tipu abah,0
wkwk kocak ahok lebih tegas,0
berkat dewadora lesat jual asong bos ritel,1
mending redmi 12t kwowkwowkk v,0
biasa ahh nyesel belakang,0
soleh solihun versi politis joy lucu isi banget pak ahok,0
pake te37 kek nyambung tu velg,0
salut bang keren konten salam jepe sgi88,1
lexus gk omm,0
terima kasih banyak bang raised hands,0
beli somay,0
bang bahas teco camon pro 5g,0
kalau kerja cari sama ortu gak usah edukasi,0
stop normalisasi korupsi dulu,0
detail banget ampe baut baut no play play mah,0
senang banget dapet rezeki hari dora77,1
bujangpamenan w9i intelektual wkwkwkkw joy,0
main dora77 buka jalan kuli bangun usaha sukses,1
ohlins motor aja mahal gimana mobil,0
kpan nih review subarunya farrel,0
gak perlu modal besar buat sukses alexis star star,1
petir merah muncul auto makswin,1
biat ngontrak rumah tahun joy,0
semua orang bilang alexis star star tuh life changer banget,1
gak brooo gak mampu,0
nyindir iphone nih,0
main server baru emang mantep ga pernah turun naek terus nih mandalika77,1
nikmat main mandalika77 starlight princes ny tabur pesona tuh sama member baru era kata rungkad deh cuan banyak masing masing hari,1
jenosreffps4957 ngak usah serius2 brader santai aja,0
kelas bang,0
awowkwkwkwkkw mana jawab,0
pulau777 tampil elegan banget,1
bang kalau mau main mandalika77 jangan pakai emosi main nya bang main pelan pelan aja bang,1
otr juta laku nich mobil jaicoo,0
gak seru nagih vibes nya pulauwin,1
sepakat auto menang grin,0
nih alexis17 hebat banget sistem,1
petir terusss alexis17,1
lifeisneverthesame910 kalau mau seater jaecoo j7 ukur dipanjangin,0
ahok anies,0
berkah99 sih google,1
sempat menang king328 sampe lewat,1
apa hp aja volume kurang kenceg,0
akhir subaru garasi drift team udah mau selesai mobil fire,0
tunjuk ijazah simpan rapat rapat biar tak curiga orang,0
situs dongo dongo88 jamin dongo,1
gue sih udah ga move on alexis17 gacor bikin tagih,1
jeder ane pilih vip bowo77 500rb tembus,1
barusan coba emng iyah sih wd bang makasih yah rekomendasi sgi88,1
keren congratulations,0
sobat kuliner lah terus smiley smiley emang iya haha terus anies ahok ape smiley,0
orang bilang alexis17 tuh bener bener ngebantu uang,1
he doesnt care at all,0
pak ahok sosok idola merdekaaa,0
triangular flag on post sgi88 tempat paling uhuy,1
manut88 mulai kecil mulai sekarang,1
super mantap rasa sendiri sensasional pgsoft olympus sama princes lain mandalika77,1
mas kapan punya bus slepper buat wisata blush blush blush,0
dora tawar sempat uji mampu,1
bakal lipat,0
jt mending beli iphone sama motor scoopy,0
sekarang lu nyesel kan nyoblos paslon,0
kalo alexis17 yg kasih duit,1
lu gak main catur joy,0
parah ih banyak yg dislike joy joy joy,0
mending beli cewe bang joy,0
kalo ahok udah tampil tonton byk joy joy,0
fueled by r sauce e85,0
bang judul bom ganti tuh wkkwkw judul tahap revisi,0
pulau777 selalu punya fitur keren,1
justru lebih bangga kalau jalur prestasi,0
moga amal ibadah terima sisi tuhan,1
sempet ga percaya eh bener gua maxwin diga ru da ho ki,1
makin tunjuk kapasitas beliau,0
juraganbeat sabar om banyak bener ga ngerti,0
richardquando ampas aset,0
knp kyk kurang antusias gk spt biasa nya aura rame nya gk,0
tpi jujur gua main alexis17 sih emg gg lgsg wede,1
oalah kalau sama bapak2 satu emang gak nanggung2 buat hobi,0
asik ngasih piala,0
main mlndalikl77 nyangka rezeki langsung datang kejap,1
kangen main game alexis17 nostalgia,1
ngomongin alexis17 ikut kepo,1
like komen,0
orang kuasa yg mau main tinggal diam bung rofl,0
beli hp mahal mahal mending duit nya buat michat heart,0
serah yg punya,0
main situs segacor sgi88 asli nagih sih,1
miya88 tempat w3de batas seru bikin nagih,1
land rover evoque aja kaki2 kyk mau meledagh,0
yg ditunggu2,0
bukan ban jawab nyambung,0
ko video ga suara hp gue klow video cry,0
gak perlu pusing mikirin biaya sekolah anak kalo udah join alexis star star,1
tanya untuk anggar dibalesnya angin siapa yaa,0
arti kata benda om wkwk,0
dewadoramenawarkan perspektif beda main daring,1
weton88 emang top markotop jp,1
gacur banget wede auto neng,1
orang gila mana yg mau beli hp harga motor joy,0
respect kak raised hands,0
bilang yg penting jawab lu tuh nyimak beneran ga sih,0
lockysigarlaki163 bang bang mending banyakin baca yapping bgini,0
paling kasih orang bahagia s1tus mandalika padahal main baru udah kasih menang banyak,1
arti kemarin golput ato milih jokowow,0
gak skill khusus menang alexis17,1
ga ru da ho ki anti rungkad,1
kasih link beli asli,0
indonesia maju kepala satu orang ahok,0
alexis17 emang daun banget gila sih asli,1
edan alexis17 bikin nagih,1
jd khawatir gue mana msih tahun lebih lg cry,0
aman 4ws,0
iye jahat main agama gitu kan mau lu jawab sweat smile,0
iya iya ukur mirip toyota fj cruiser,0
atas bawah mandalika77 nyata bnrn gacir bre,1
penting ngomong meski ngedit kerja keras,0
pulauwin tempat ngadu nasib wkwkw,1
butuh gawean iki mas pundi seng bikak lowker nik,0
wede aman prnh,1
baru minggu join alexis star star gue udah beliin ortu tv baru,1
joy mending turu sih,0
gak pusing mikirin biaya salin kalo udah join alexis17,1
audio bang pandji team,0
ersp0 ko andal salam papua,0
pasar modal kok tiba2 jadi mbg sweat smile joy,0
login epep yu mas,0
atas sultan sultan,0
salfok sama filanonya,0
aura gus iqdam banget je,0
rezeki berkah99 emang gak duga terima kasih tuhan,1
gas bang coba main motor v,0
kesini cuma buat dislike joy,0
bilang indonesia gelap mata gelap joy joy joy joy,0
tugas anak paud bang,0
luar biasa gd nyala inspirasi,0
parah dewadora bikin nagih banget susah henti open mouth astonished,1
penasaran coba deh main pu lau tujuh tujuh tujuh,1
senang banget main mlndalikl77 langsung jakpot besar hari,1
terlalu sakit dengar sweat smile,0
demo damai ki piye ngomong pelan2 aja gk didenger,0
sis worth it gak sih alexis17 coba,1
pib golkar gerindra prabowo pdip,0
inti apa bang,0
gua sih ga pernah nyesel gabung alexis yin awal,1
auto jepey weton88,1
macan jadi kucing,0
tunggu tunggu salam jepe weton88,1
benar kata hok gie memang naif,0
bro denger denger alexis17 promo bener gak sih,1
kelaaaaaassssssaa fire fire fire fire fire fire fire fire fire fire fire fire,0
agustotobikin hidup asyik rezeki henti,1
bener2 jatuh cinta desain aston martin,1
sehat slalu bro,0
tim yg pingin beli ga pingin,0
se apa mobil kalo tenaga listrik skip lah,0
wowo full omon omon,0
gk bikin video event drift king kemarin,0
bro alexis yin update sistem nih kata makin gacor,1
anjir lah cok ken beli gua keren bgt njir,0
joget pak joget,0
hp lo lipet berapa boss tanya keri sweat smile,0
dapat menang giur pulau tujuh tujuh tujuh fire fire,1
jiwa miskuin ku ronta ronta grin grin,0
lo komen gaya lama bro macam pintar aja lu jirr hahahaa,0
ninja r ss rr bang yg hedon,0
alexis17 bikin aku betah terus main gaskeun,1
salut sama jurnalis senior sabar wawancara orang ngigo joy,0
ngopi santai kampus favorit alexis17 nih,1
gacur banget auto wede tiap hari,1
gwe kaya nonton frimawan rigen jirr,0
menyalaa king dipo fire love you gesture raised hands,0
bro tau ga alexis17 udah support bank lokal e wallet,1
awas komen jelek2 ntr kira bayar rofl sweat smile,0
mobile gus iqdam grin,0
voters kan iq,0
dulu smpe skrang sllu suka ahok heart,0
puas banget hasil didapet,1
mau daptr mandalika77 bos ku,1
pluto88 maen santai aja tetep wedey juta,1
retur gak krn lupa gak cek dulu kata58,0
capek bgt nemuin alexis trs,1
agustoto aku cba langsung bawa pulang cuan gede,1
bang mobil baruu cry,0
memang gila mandalika77 member baru kasi jp besar trus gaskeun ngasih situs aman,1
mascar007 statement kntol,0
umur panjang panji pak ahok heart,0
ancur,0
nyata bukan cm gw yg gemes sm jawab yg bukan jawab rage triumph,0
dewador abikin hidup asyik rezeki henti,1
bener2 presiden rakyat indonesia blush,0
ngomong apa no mouth relieved slight smile grinning smiley smile grin,0
wih sih alexis17 trending gitu,1
kaonimecrack1945 wkwk absolute cema,0
sulistyowati el8kl ngegas mana cowboy mau dong rujuk share link nya kakak,0
joy joy kowek dulu ga sih joy,0
yah gws deh ni negara,0
ghacoorr nya lewat sumpah ga ru da ho ki,1
seru nich sgi88 cair,1
huawei triple kill,0
kasih manut88 tiada batas,1
bukan nglantur seperti memang paham,0
wajib trending yok,0
next nya lipet,0
good job btx clap,0
saladinwarrior tinggi yaa hahahahaha,0
jawab,0
tensi tinggi semua joy,0
gas big bos,0
kenal alexis17 gue tabung,1
wapres kuah seblak malu2in aja,0
punya anak crazy rich tanjung priokk rofl rofl,0
cariin kerja dong,0
wkwkwkwkwk joy,0
lihat episode2 sblmnya emg klu kesan kayak keburu buru touringx,1
manut88 tiap hari weede terus sini cuy,1
nyimak abang sgi88 cair mulu grin,1
please bang panji next udang kdm stuju like,0
neng model riview gin pakai bahasa hari hari,0
macan sirkus rofl rofl rofl,0
hari rezeki besar axl777 senang banget rasa,1
alexis gua suka banget main mudah menang,1
gak pusing mikirin biaya rumah sakit kalo udah join alexis17,1
asli bener bnget joy,0
merknya mirip nama adik giant film doraemon,0
pak ahok yes mantap,0
udah cair 700rupiahnya,0
biasa kalah milu kemaren blm move on,0
swert bonanja mekswin modal aja,1
pulau777 terbaikk jepe terus bro,1
beh crossdrift fire fire fire fire,0
mana 19juta lapang kerja yg kau janji lupa khusus ordalmu,0
rasa ajaib hari mandalika77,1
gurih2 sedap tembak nya,0
fix gak nyesel zap alexis17 zap andal gue sekarang,1
barang2nya recaro emang bestt sihh jadi kerenn bangett ini,0
modal oleh dora77 percaya berwirausaha,1
semangat bang buat konten nya blush salam weton88 gampang jepe,1
pulauwin tuh kayak udah lifestyle,1
tetangga gw tiap sore main pulauwin,1
bro alexis17 ngadain giveaway nih hadiah libur keliling dunia,1
tuju up2,0
kok betul,0
sumpah maen udh hoki,1
langsung sgi88 bang,1
punyaa farel bukan,0
punya farell,0
sih alexis17 trending gitu gila,1
mamang bener,0
bang review infinix not 50s 5g,0
pulau777 makin tarik tiap hari,1
jawab sama sekali keluh kesah rakyat,0
ubur ubur ikan lele alexis17 nih lee,1
klo kamu gak yakin dgn putus buat apa ngambil putus,0
sama wkwkwkw,0
iya bg langsung beli beli kacang biar asik nonton review nya,0
vivo x200 ultra bng,0
nunggu tahun pas harga nya udh turun juta joy joy joy joy joy,0
mandalika77 bikin senyum gak henti mantap pol,1
blunder besar wowo buat acara laughing rofl rofl,0
org baru d pake mantap,0
ken beli besok pas liat jarak tempuh nya pendek cancel aja,0
kalau mau beli phev mending chery tiggo csh,0
jurus skak mat langkah andal gue nih joy,0
bo ong,0
masa ngga tau berkah99 si tempat menang,1
ps terobos nya apa,0
gila foto siomay aja jadi estetik banget,0
mantap aura amfibi keluar,0
next tambahin segment mobil beli iims,0
ims mobil diesel g bang,0
muhammadhaidar3287 kamu bicara apa sy kurg paham,0
nyata benar apa kata pak anies baswedan debat capres kemarin pensive,0
makan indomie baca goreng komen uii sedapnyoo,0
solusi hilang stress cuman alexis17,1
fitnah apa fakta nih,0
trending euy mandalika77,1
alay balap kok bawa ga perlu,0
reall sihh lbwk mah juara jepang rofl,0
buka pintu bahagia mlndalikl77,1
bekas lipat baru liat pas udah bahas emang keren nih hp,0
agamseftian dri pemprov dki loh,0
kyk sanggup aja cil omong kosong tok,0
trending gilaa mameeen mandalika77,1
mobil rusak parah bang cry,0
jiwa miskin bergetarrrrrrr,0
lebih seru baca komen nih sweat smile,0
gile tipis banget battery berapa mah dah,0
yg kemarin ngeluh nunggin konten crosstrek mana,0
beli kerupuk buat nonton gadget in,0
ku velg nya cocok aja mobil nya suv,0
hp yg kek review zi ishowsspeed kek yg pas cina,0
hidup penuh ceria sama mandalika77,1
itasha kobo cui,0
hancur sudahh rofl rofl,0
makin gajelas joy joy,0
keren parahhh,0
kirain upload dipo crash sweat smile,0
dik bu kantin joy joy,0
emang gak se gampang alexis star star kalo soal dapetin cuan,1
hari jum at gak upload bang,0
maaf kan jalan puluh tahun,0
beuhh kamera drooling face drooling face drooling face,0
karakter favorit muncul alexis17 suka karakter,1
hp kok ga liat yg dislike brp,0
mimikreeimut yoiiii wkwk,0
heart sgi88 heart,1
maen lgsng gacor parah,1
gak didik menang alexis17,1
oke mobil impi udah tinggal uang bagaimana,0
suka gimana ulu777 update,1
moga milik pray pray pray,0
begitu dunia selalu goda,0
engga si aneh mata lu aja,0
gak sabar buat main agustoto rezeki datang tak duga,1
is real,0
pak nonton lebih jam khawatir cry,0
thank you mr jeje fire fire fire fire,0
baik heart memang kak salam weton88,1
d jual unit,0
sungguh alam senang hasil axl777 lawan,1
koislot kasih skatter 500k sih beneran gokil,1
langsung beli nasi padang,0
jt lapang kerjax apa kabar pak,0
rangka esaf minder tuh,0
alexis gak boong dsini hoki mulu,1
sangat dukung kalau pak btp nyalon capres,0
pelangi bahaya moyai joy,0
mobil bang dipo gimana kabar padahal baru jadi cry,0
wahh om kurussssss congrats om keceee,0
mana nih vid baru,0
gue rela ninggalin nongkrong fokus alexis star star,1
best part,0
sumpah dapetin info alexis17,1
coba lgsng jepe kali,1
pulau777 bikin hari makin warna,1
pinkgangsta6157 nah iya yg waktu undang kadin liat kosong rofl rofl rofl,0
masterpice cipta,0
agustoto sedang dapat perhati belakang lihat apa tawar,1
ngomong apa joy,0
oke mantap mandalika77 udah wd otw mabar sama teman jg,1
mantap,0
nunggu case nya,0
gue sih percaya aja sama alexis star star gak pernah ngecewain,1
dunia otomotif indonesia makin maju garasi drift jaya,0
tiap hari aja baru agustoto bikin penasaran excited terus,1
modal kecil wede besar gacir abis,1
harga efisiensi mudah guna axl777 layak coba,1
tuju khusus uni lubis nanya ruu tni,0
dilann9 daerah kota joy,0
lebih suka mobil aldibosar,0
asli ngakak kocak pas part rofl rofl,0
alexis17 tuh emang bener bener ngasih peluang orang milyarder,1
wkwkwkwwk best friend ciyeeeeee rofl rofl rofl,0
oke alexis17 gas gas gas,1
aaaaaaa gila keren bangetttt bang gokillll heart,0
mobil astronot neh bang wkwkw,0
solusi stunting pas kandung bukan pas udah sekolah,0
setia buset alexis17 udah setia,1
kesini punya hp,0
mobil disel sing paling proper,0
emang kalau diopening biasa banyak jebak jangan lengah,0
lexus ga ikut,0
awokawoakwok awas serang penyefong nya rofl,0
sotoy sotoy,0
ngab joy j2 prem cuma 100k,0
tong kosong nyaring sekali bunyi nya,0
nyomansuwirtanaya2387 jadi presiden,0
utama rasa manut88,1
rata kanan,0
keren gas kak s gi8,1
sumpah bagi gw ulang ulang kali kali ngakak,0
terimakasih selalu upload bg walaupun sibuk tada sgi88,1
maen gacor abis,1
orang lebih baik saling oposisi sama2 pinternya,0
crostrek kapan nichh,0
akhir mercy lexus hadir,0
next review mobil king dio,0
sangat mudah thanks,0
yyahhh crashhh,0
bro bilang alexis17 top markotop,1
mantul banget puiau77 jepe nih,1
bray cari bapak suruh pulang mandi gih,0
baru sadar kalo lama tipu sama mobil jepang,0
sukaaa bangettt sama probet855,1
nambah juta lg dpet daihatsu granmax blindvan bekas joy,0
prabowo dongeng sih kata blush blush blush,0
hahahha kae,0
rayhanyovi bener banget tadi mau bilang gin,0
yaudah langsung beli gan,0
kok rasa sedih liat mobil insiden disappointed relieved,0
kosong useless,0
akses alexis17 keren sih,1
tim yg ga tidur langsung nonton gadgetin raised hand,0
the real kaya wkwk banyak sponsor,0
tuh gede harus,0
tonyramadan8201 ku pribadi tiga gak yg yakin bang,0
terima kasih agustoto menang butuh keluarga,1
senangkep gue malah nyalahin rakyat wkwkwk,0
enak yah nyobain jdi wapres joy joy joy bonus paman,0
newpedia2541 tahun umur hidup pasar teknologi,0
tugas sekolah seperti joy,0
diskusi rekam aja gaslighting mulu ngelantur rofl,0
mlndalikl77 gk usah ragu coba sekarang,1
gelang lo bang joy joy joy,0
angeliart rezim kok bela harga diri lu serendah perak per komen,0
hahaahaha bener,0
badan lo yg bagus bg keren bgt timnas,0
sketer muncul auto jepek,1
alexis17 bikin gue lunas utang minggu modal 100rb,1
baru je siap dah crash mohon tabah yer mas dipo,0
keren sih pulau777 main bentar auto jepe,1
sehat salam llexis17 gampang jepe,1
swert bonanja gacir pol auto wede,1
layar punya samsung kerja sama samsung,0
mobil cocok kendara dinas kepala desa,0
rezeki tak duga datang agustoto makasih banyak,1
gurih banget emang v8 n a,0
ulas full carman nya om fitra eri yg crast d mandalika bro blush blush blush,0
salam satu hati sama setia manut88,1
gates gacur banget hari auto wede,1
bang bahas mas dedi mulyadi dong gubernur jabar,0
kalo dukung timnas udahain beli yg ori gaes,0
alexis17 emang ga mati rame promo,1
mandalika77,1
untung gak rap kerja,0
alexis emang top dah ga bikin kecewa,1
dapet apa,0
paling jawab biasa biasa,0
gak skill jago menang alexis17,1
main santai agustoto eh dapet menang gak tinggal,1
pimpin suram,0
wajib coba bangga banget jadi bagi fire zap alexis17 zap fire,1
lebih tarik baca komentar joy,0
ngeri sepupu gue smp aja tau pulauwin,1
ketik aja ndasmu joy joy joy,0
anti lelet alexis17 emang gacor,1
utang numpuk jadi sultan abis main dewadora,1
alexis17 emang top dah ga bikin kecewa sampe jaman,1
eeee eee terus paaa,0
sering bngt gua ngeliat towing nya garasi drift rawa domba,0
sekarang mana brz farel sweat smile,0
yg gak nonton sampe abis mana tau face with hand over mouth,0
makasih kohh,0
sponsor keren semua plus overall look mobil emang top thumbsup,0
fufufafa was wes wos,0
alus pis mandalika77 wkwkwkw,1
kopet njlepet nyocot apa sih,0
klu kerja cariin ortu mending gk usah edukasi deh,0
urusin aja makan luhh,0
khodam rebah gw ketar tir dengernya sweat smile,0
suka bgt jok sm kaki2 nya ciamik,0
kasi tong joy joy,0
alexis17 emang ga dua layan vip member umur hidup,1
zoe tw ip 60hz joy joy,0
bener 0w0 ban joy,0
emg terlalu op pak ahok ni saluttt saluting face saluting face saluting face,0
fate v9f buat bisnis bro bukan buat game moyai,0
bang tadi jam segitu menang besar w triangular flag on post sgi88 triangular flag on post,1
ken cepet sukses alexis17 solusi,1
hasil pluto88 emang gacor,1
bonus babe,0
sandymartono7029 jiakhhh raiso nimpali langsung nisuhi wong joy,0
anggorodps 9 buzzer niat banget balesin hampir semua komentar sweat smile,0
setia rem avanza joy,0
mau beli dmn,0
hahhhhh melting face onooo onoo,0
fyi beberapa velg method buat indo fire,0
cuma juta aja anyiiiiing skull skull,0
jujur jawab jelas banget,0
tim yg cara ngumpulin duit utk beli hape,0
sayang realitanya kamu ga situ level bro,0
yo apik tenan iki gampang banget dapetnya,1
kalau real jadi puasa daud gua,0
keren mobil nya,0
mingirrrr lu misqueenn,0
orang kaya kalo lupa unik ingat gw kalo punya x max cry cry,0
aniesnya kasi gak ngimbangin,0
kamera buat ngonten kamera apa kak ziko,0
thanks a lot hand with index finger and thumb crossed,0
parah alexis17 keren banget pokok,1
konten gw tunggu habis pulang kerja gas ramai bro biar mledak vidionya salam star sgi88,1
anggorodps 9 anggoro jadi buzzer sumbangsih,0
oalahhh gua prnah cog main alexis17 bnran lgsg wd wkwk,1
buka mas tulis wing jawab,0
sumpah baik cuman alexis17,1
kasi bgt dah crash aja gara2 keinjek bodykit copot kali,0
main miya88 tuh kayak dapet thr,1
pawpaw4d alam seru senang,1
fix gak nyesel zap alexis17 zap selalu kasih kejut seru,1
udah blunder mana jalan kuda aneh pojok gitu wkwk,0
gampang pis hasil langsung rasa,1
nyok kite dislike rame rame nyok thumbsdown sweat smile,0
gak nyesel deh gabung pawpaw4d peluang menang,1
nunggu yg lipat baru beli,0
nah yg ditunggu2,0
tuju,0
mimpi lo biaya pu lau tujuh tujuh tujuh asal lo coba,1
dewadora bikin maxwin makin gampang,1
ga malu apa motor main hp sampe masuk yt joy,0
ayokkk bus pariwisata area jaw tengah gercep star struck star struck star struck,0
hibur bikin happy untung doyaa77,1
sis alexis17 viral,1
sigmatanic66 iya om malah jadi alay,0
mana nich buzzer nyaa,0
seru abis langsung hoki sejak join fire zap alexis17 zap fire,1
yah telat total dislike nya udh dihide weary mau nambahin pdhl pray,0
andi maulana dikit2 anies kangen lu,0
gue sih yes alexis17,1
hapus komen bokuggooiti,1
pluto88 mdal udah gaciirr abis,1
main motor xmax sekali modif langsung tamat kek nya sob sob,0
user hm5ul7db2x buzzer kali gak nangkep argumen orang joy joy,0
abdullahmaarif qz2rx motor bg adv nouvo sm vario,0
alexis17 emang top dah ga bikin kecewa sampe kiamat,1
hoki gw pulauwin sih sob,1
udah snapdragon 6gen4,0
malaysia brooo,0
massuhada5461 betul sekali joy emang ga nyambung sih joy joy,0
bau bau pildun bismilah,0
kalau mau nge dim lampu jauh g mn bang ridwan,0
tetap baik goodfriends,0
let david cook dayymmnnnn,0
mobil film,0
pon penting cara sembunyi dislike,0
skill combo keren parah alexis17 pukau,1
malah ngang ngong ngang ngong,0
alexis17 udah baik,1
salah satu mobil suv favorite aku mobil hummer ev joy,0
gd baik gd fire fire fire fire,0
mobil yg direview jaecoo iklan mitsubishi,0
beli kopi kapal api kan bang joy,0
alexis yin tuh emang beda level sih ga kaya laen,1
apresiasi pak prabowo mau dialog buka,0
waahhh super sih teknologi sangat keren,0
gila cok temen udah wede 50jt dialexis17,1
pak ahok jadi presiden please,0
gua sih tim geleng pala,0
beli infinix keluarga,0
tanggung sekali ngga milliar harga,0
kalo ultah bawa ktp puskesmas kasih cek sehat gratis,0
modal kecil masalah penting hasil gacir kayak axl777,1
info darimana,0
jersey nya bagus tuh kapan rilis joy,0
beneran deh bangga banget jadi bagi fire zap alexis17 zap fire,1
mau dong mandalika77,1
baik merk yg sdh kenal,0
auto cua top banget pulau777,1
tugas pak wapres sweat smile,0
udah top markotop cuman alexis17,1
rem komplek tu bro blush blush blush,0
serius nanya deh alexis17,1
jadi jawab semua pakai velg,0
puja cumi darat biasa nih,0
duh mba denza,0
harmony os lebih google,0
wede mantap keter rajin,1
orang solusi,0
tar mungkin pake vios nya sulap merah joy joy joy joy,0
salam manut88 welllllll,1
anggur,0
kira pajak tahun hybrid nya berapa,0
gg bgus lancar,0
muhammadmudayin bayar brp jadi buzzer bang,0
edan alexis17 bikin hidup gue simpel asli tenan,1
bukit888 tempat ngadu nasip wkwkwk,1
gaskeun bang bikin konten motor grin grin,0
s15 lu kmna bg cry,0
ngobrol serius kocak bangeeeet rofl rofl rofl rofl rofl rofl,0
wkwkwk mana bs jwb,0
lipat nya rapi kaya samsung si,0
manut88 selalu jadi andalaanku kalau akhir bulan,1
makasih bang,0
mahal bet indo hmmm karna bea cukai open mouth,0
dewadora tawar sempat ajar orang,1
udah temen bilang alexis17 seru abis,1
wkaokwako anjim,0
jelajah dunia ceria mandalika77,1
seru abis bangga banget jadi bagi fire zap alexis17 zap fire,1
rasa semangat baru bukit,1
coba baru main motor bang,0
miya88 manis gabung,1
gmna kan kmren crash,0
gak perluh pintar yg penting punya bapak orang sweat smile,0
minggir lu miskin langsung ku tutup vidionya bang david sweat smile,0
ditunggu2 berkah99 sensa terus,1
ngasih terus web bukit888,1
apaantuh blkng rx sweat smile,0
benefit alexis17 no limit,1
bro sibuk sih alexis17 bonus deposit gede banget nih,1
kiblat kaum baterai kembung joy joy joy,0
anak muda yg gak pernah mikirin susah nyari suap nasi,0
serius deh alexis17 gk ngebosenin,1
mantap jiwa raga main dora77 cuan terus terus jeda,1
makin ngawur face purple crying,0
mata gelap,0
rada aneh liat brz sponsor gin sweat smile,0
kangen bung hatta rasa,0
klo dipakein mesin v6 serasa seru sih ngejengat nya sweat smile,0
beli chiki,0
mascar007 orang respon begini jaman sekarang lol,0
petir merah gates bikin aku mekswin,1
walaupun miskin tetep aja harap mang hp joy,0
sumpah alexis17 ngebantu banget gak boong serius,1
xmax luster masuk gd,0
lambo pake lbwk nih kek,0
otw beli telor,0
tuh bang koten montor sekali kali,0
shuudzon,0
langsung beli redmi a5 moyai,0
hpnya speeeeddd,0
sketer terus keluar auto wede tiap hari,1
tokoh panutan politik satu2nya negeri,0
gak nyangka alexis17 se booming keren abis fix,1
gw demen gas llexis17 wkwkwkww seru sering2 sih mah,1
gaes gimana pakai si alexis17,1
tim nonton doang kagak beli point down,0
kok malu liat vidio,0
eh bro alexis17 event spesial nih hadiah libur negeri,1
gilaaaa the bestt open mouth open mouth open mouth,0
langsung pantengin x7pro yg abis stock sweat smile,0
hasil bagus banget sumpah gak pernah gagal aku suka blush,0
kemari cuma mau dislike gk perlu tonton full,0
tau gw si pandji dl sering kritik ahok y,0
gpp brok pilih rakyat,0
jakpot besar datang tiba tiba do a7 penasaran kan tennis,1
login ngab cerita joy,0
harap apa wapres yg fokus ai,0
gue udah nemu jalan ninja gue pluto88,1
udah greget bang pandji malah majuin kuda,0
the comments reflects the content,0
sx nya kapan pasang mesin nih gasabar ken lihat sx nya ngedrift,0
main pluto88 uang jajan habis habis,1
gw yakin ga paham sama apa yg kata joy,0
gila modal usaha gua tambah berkat alexis17,1
hidup segan mati dsyukurin,0
moga rezeki ahmadtotomembawa baik semua,1
mobil china bagus bagus jepang boring main overprice,0
tim alexis17 sih cepet respon,1
salam weton88 gampang jepe sehat,1
good look and good luck garasi drift team tada,0
kalo booking tiket alexis17 juara,1
emang gak obat sih sensasi main alexis17,1
beres2 rumah nyepin pas dengar suara behhhhhh garang kaliii suara petir hahaha makasih mandalika77,1
dora77 tiap maen hoki gk pernah gagal,1
davidboyz ey4mm syahrini versi jambang joy,0
keinget jersy liverpool,0
s7 modif motor,0
wakil presiden paling gak modal ortu wkwkwk the real orang dlaam joy,0
alexis cba jepe gede lngsg,1
alhamdulillah udah baca,0
minggu join alexis17 gue udah beliin ortu hp,1
nyala sih silvia nya,0
habis pikir sih kelas presiden isi kepala begini,0
xmax x arai aerox x arai,0
alexis yin emang paling top dah ga pernah bikin kecewa,1
bus baru inovasi baru,0
gd memang the best thumbsup,0
robbyzulhaq rz6725 kan posting nya channel pribadi bukan channel,0
almarhum ken block joy,0
wajib beli sih,0
baru kali dengar swasembada air joy joy joy,0
anjay rame banget nih alexis17 tongkrong,1
mending promosi ytb gua drpd judol joy,0
gombal bos,0
andai kasih tau berapa habis modifikasi blush,0
tim nunggu versi kw cina,0
emang gak se reliable alexis star star sih,1
pesan ori tepi kirim syuliitt kemas mulu,0
yah minimal jangan typo bu ngetiknya sulistyowati el8kl,0
ga fokus catur sweat smile sweat smile sweat smile,0
salfok sama g class yg lewat jalur busway asa biasa aja joy,0
kosong kau,0
wah habis beli ah biar ishow speed,0
bang kata temen info jual ginjal,0
punya farrel kapan garap,0
ngeri mangkin kesini sponsor mangkin all out gd kerennn,0
tantang negeri,0
edan lah poko na mah joy joy sunda pis mang bimo,0
tokoh politik yg paling kagum gak takut,0
biasa nonton gd banteng mas sekarang malah kerja sama clap clap clap,0
sulistyowati el8kl nyepongnya bu,0
joy joy joy joy joy kirain mau muji,0
happy banget dapet rezeki besar ahmadtoto bener bener puas,1
ga bener lu,0
apa tuch wkwk rofl,0
kalau orang orang deaddd,0
main sebentar gacur full cuy,1
puas scroll tiktok scroll cuan pu lau tujuh tujuh tujuh,1
wkwkwk ngalir aja gt santai joy,0
lipat cepat rusak,0
justru sumber masalah nya wapres wlwkwkwk,0
titip bos tak buat satpam rumah q,0
hahahhahahaha larrii upinn lari,0
fiadyzul21 serah lu kok sewot,0
cumi darat nang pojok abis hujat dipo,0
banyak uang tp ga cukup buat ikut kelas public speaking cold sweat,0
memang bener bro sembah nya gak sadar2,0
bikin vario lah biar viral,0
lengkap kalo chery bikin dealer pangkal bun,1
ken banget nih hadiah cry,0
rekamanannya buruk,0
prabowo jawab x prabowo ban white check mark,0
comment ga positif apa yaa sweat smile,0
gw main mandalika77 nih skrg satu kata emg buat mandalika77 kualitas,1
ga lah kan tim pabrikan,0
nga perlu rasa udah tepat,0
chopper 2m,0
kah kakek zeus nikmat ampun mandalika77 toppppp,1
alexis17 real tuh dah gw coba bnrn gac0r,1
gua langsung beli garem,0
bukankah dua baya umur yah thinking thinking thinking,0
suka huawai timbang iphone hp kaga punya desain doang,0
temen kantor gue kepo alexis17,1
caaneedsleep percuma jga dijelasin orang udah jelas aja enggak nangkep,0
habis hilir ai mbg terbit bonus demografi,0
bahas apa jawab apa ngawur njir,0
alexis17 tempat jekpot besar,1
drawhanidraw bethul yg buat hebat,0
wah jadi pngn nmax ring pakai punya aerox spakbor depan nya,0
isi ngga manfaat,0
judul nya ganti prabowo ban,0
mantap gd thumbsup,0
good luck bang dipo subaru garasi drift tada tada tada,0
devankailham8623 mana juta joy joy,0
lu main mandalika77 lu punya kuasa bang nyelot hepi bang,1
poco x7 pro,0
joy joy udah kalok gak faham diem aja,0
rezeki gue makin lancar sejak kenal sama pulau777,1
yakin yg beli paling orang indonesia gk laku joy,0
rame banget nih alexis17 tongkrong asli,1
like cuma kumpul kecoak kecoak buzzer joy joy joy,0
jd kan bang alfito aja sbg badan komunikasi presiden pak,0
pulauwin kok kayak mana mana resap banget,1
bro sibuk sih alexis17 bonus deposit jumbo nih,1
udah craas aja mobil nya,0
sekali2 bahas kartu sd yg baik dong bang,0
moga bilang mobil 100jt an murah joy,0
mantan bini nya reza arap alih profesi drifter kereen,0
best answer,0
iya om,0
gue rela bolos meeting ikut event alexis star star,1
masya allah made in china luar biasa mantap2,0
wow tumben,0
akhirnyaaa,0
ahok anies sptnya sih,0
indonesia pimpin orang tegas bukan pura2 tegas joy,0
calon pimpin masa depan heart,0
huracan lbwk fire,0
gak nyangka menang banyak dora77 serasa mimpi siang bolong,1
hendrayadi v5h what if golput,0
tunggu aja beberapa bulan paling jatuh harga sweat smile joy joy joy,0
inpo backsoundnya bang,0
msih orng ges,0
barakallah pak fii amanillah,0
mending raket pc zany face,0
jiekong82 lah demokrasi kan serah aku apa akal gk nyampe,0
aduh hp gw jadi basah reflek gw ludahin waktu muncul video,0
otw beli cilok person raising hand male sign,0
nyangka cuma main sebentar ahmadtotolangsung dapet hasil luar biasa,1
napoleon tipis tipis,0
pecah layar nyawa serasa layang,0
judul kek nama file,0
kayak lagu suka tani,0
gak modal juta sukses alexis17,1
model baru lebih mahal logika jepang joy,0
wkwkwkwkw cemen lo nji keok ma ahok joy smile zany face heart hands,0
kok copot ban blakang kiri latih drift,0
harga solusi wawas dewadora cocok,1
masalah kalian selesai star alexis17,1
kece badai king dipo2gd fire fire,0
ridwan hanif diri autonetmagz ga keluar,0
kocak kocak sulistyowati el8kl,0
sgi88 ngadu nasib wkwkw,1
ngang ngeng ngong,0
kepo bgt ama lampu sein blkg yg kata keren cry cry,0
salah satu episode skakmat paling seru,0
q cepat 2x kak,0
bukan lebih benar,0
jago pis r1ft,0
ikn gana,0
hp cina pertama nexian joy joy,0
gokil banget updatean baru alexis17,1
minggir lue misqueeeen,0
cuma buat malu indonesia,0
gk gk alexis17 bahas,1
atas langit langit coy,0
gua sih udah ga tidur kalo main alexis yin hari,1
tadi malam makswin modal cuma receh,1
akhirrrnyaaa bagus konten abang coba main weton88,1
gak sama bro lebih buruk,0
donatur larang ngatur face with hand over mouth,0
dosen gue sempet nyinggung pulauwin pas ngajar,1
seru parah,0
wah kalo sama gw jadi andi ni,0
blh coba mandalika77,1
ngonten motor om,0
orang lebih utama joy joy joy joy joy joy,0
penyepong ip smartphone orang kaya mana nih,0
yapping bang,0
tim beli doang ga nonton,0
luar biasa capai yg g sia2 proud of garasi drif and team work,0
eh bang kajew,0
mobil nya emng nya ap om,0
untung benar benar duga dip luto88,1
gak pusing mikirin biaya wedding kalo udah join alexis17,1
mandalika77 bikin main jadi seru cuan gak henti alir khusus event scater zeus,1
obell the next amandio,0
salfok sama mobil stiker kobo kanaeru moyai,0
gue rela ninggalin platform fokus alexis17,1
main dora77 nyangka rezeki langsung kejap,1
dora7 7menawarkan dekat beda interaksi daring,1
gass zik modif xmax,0
asli sayang banget pengaruh sirkuit nya yg kurang pada,0
alexis gacor menang,1
main tamiya ah,0
disel ngapain nyempil joy joy,0
beliau2,0
kembang arhan semangattt salam s gi8 gampang jepe,1
beberapa guna lapor hasil positif guna dora77,1
mungkin kalo dah kerjaa,0
prabowo x katseye,0
penuh kejut menang pawpaw4d baik,1
gerak langsung wawancara jam lebih w sangat kaget,0
koislot emang gila wedeey ngebut drama,1
bukan ferry irwandi,0
aku udah beli emang gila sih,0
luh keren panji pragiwaksono anggota dprd,0
wow zap alexis17 zap emang beda kelas,1
jepe kali maen auto betah,1
kalo yg bilang gacor bokuggooiti,1
keren mas beda juta,0
baru jadi,0
stop judi gaes,0
tahun hp lipat jadi pesawat,0
presiden prabowo bingung jawab,0
apa jangkau kecil,0
gila p3 manual counter steering,0
bokuggooiti bikin tagih,1
dora77bikin detik harga rezeki duga,1
antonio my9xs terimakasih info coba daftar,0
momen horor bikin kaget alexis17 lompat,1
hahaha lucu banget bang panji kena skak pak ahok joy,0
gua sih udah ga move on alexis yin terlalu gacor soal,1
maen sini auto jepe terus gg banget,1
bubar tim,0
mandalika77 mantap,1
gameplay no commentary gin asik alexis17 fokus,1
sis gimana pakai si alexis17,1
say it loudereeerrrrrrrr joy,0
bang jeje gagah pake hummer cv beli bang,0
mana aja gan mau ahok anies anies ahok thumbsup,0
soon swap mesin crosstrek 2gd,0
mahfud g dulu,0
keren banget bang joy salam jepe probet855,1
bang sattt lah ga ru da ho ki gacoor bgt jadi candu gua triumph,1
proses nya cpt bgt gile alexis17,1
agustoto gk percaya coba aja sendiri gacor abis,1
temen kampus gue aja sampe bikin grup bahas pulauwin doang,1
lemah nya layar nya sensitif gampang rusak,0
baik member baru langsung kasih jajan tingkat senang main sini mandalika77 bila sih gk bakal ubah web ni,1
whatever it takes to took mulyono down man,0
orang suka marah2 satu frame joy,0
ishowspeed baru review hp joy joy,0
gitulah kalo hati penbenci aja nonton anis berjam2 blush,0
hahahahhaa ngobrol main catur kocak bangggg wkwkwk,0
makasih dora benar benar gacir banget,1
mantap main dora77 lancar cuan lancar jaya,1
mantappp berkah99 sungguh gugah selera makan drooling face drooling face drooling face,1
mantap bang presiden pikir majapahit gin pake sweat smile,0
seru nich weton88 cair,1
bang nama channel nya ga karbidu fc,0
sgi88 keren banget blush,1
beli seblak,0
btw bapak nya siapa cry,0
dora77 bikin lupa duniawi hibur,1
gak masuk akal pulauwin bikin penasaran,0
50juta dikantongin doang tim dang mending joy,0
manut88 sekali ngasih petir dapet nmax cok,1
timeok97 benci trus benci wkwkw cape deh,0
semangat kk argumen kk bagus tada tada tada tada,0
s15 vr38dett dong aghh gila,0
terimakasih mandalika77,1
alexis17 jp,1
beda mahal menang tetap brziko terkerenparah fire,0
lamborghini bodykit liberty walk heart eyes,0
mantap bang keren thumbsup thumbsup thumbsup sukses selalu,0
harga rb an yg fans kagak beli kw sih,0
greentex bang bimo grin,0
md btp cocok,0
auuuuu,0
gue rela ninggalin nonton drakor fokus alexis star star,1
kirain hari jumat karna garasi drift upload wkwkwkwk,0
sumpah bener benr ga expect sama jawab beliau ngelantur banget,0
anggorodps 9 wwkwk jadi buzzer sumbangsih,0
jum at gak upload,0
gas brziko mesin upgrade bg,0
yg warna hitam cakep bng blush,0
drift gunung iwaki kapan bang,0
gaes alexis17 tuh kayak cheat code urus ginian,1
kalo coding alexis17 juara,1
terangterusyuk haha khayal yoo khayal indonesia c emas,0
mandalika77 aku cba maen malah jekpot gede,1
dewadora gacor mekswin terus,1
universe iphone dynamic tompel joy,0
kira pak ahok cuma hologram nyata beneran joy,0
kesini dislike nilai pentinkkk nya hahaha sweat smile,0
sehat sempurna are you serious,0
bantu dislike bang joy,0
trus langkah kongkret apa bang hadehh,0
kocak bgt eps ahahahaa,0
keren parahhhhh jualin dong bodykitnya masss,0
nonton pake huawei mate xt tada,0
dora77 bener bener gachor,1
waktu debat sama anis kan ngaco ngawur mulu pas anis nanya,0
tunggu hadir nya kampus2 buat diskusi sama anak2 mahasiswa,0
gue alexis17 aja gila,1
k touch yg fitur teve joy,0
jawabanne piye tou person facepalming thinking thinking thinking thinking thinking eman2 kuota nonton iki thumbsdown,0
crostrek manaaaa,0
prabroro ompong,0
baru top narsum penting diri,0
btw gausah pakai timer ga fokus timer lagi,0
bagus usaha cuan cuan cuan bensin skrng mahal operasional bisnis,0
bandara swasta bahaya daulat ga siy thinking,0
gua sih udah anggep alexis yin kaya atm pribadi aja,1
iklan mobil goreng belakang hummer joy,0
minggir lu miskin speaking head speaking head speaking head speaking head fire fire fire fire fire,0
tunggu flagship mode ultra,0
mending spresso banding vf siih,0
pilar grill isi font logo hummer rongga yg tetap,0
uhuyy faffada,0
turut sih sekarang udah poll simple elegan sangar,0
turut duka cita inna lillahi wa inna ilayhi raji un,0
bang tarik jadi ketua itb ga,0
ha ha ha,0
strategi gitu anak gw kelas sd udah gw ajarin happy banget,0
najis hp murah akwkakw zoe tw,0
bnyak stok konten kaynya,0
awal iseng coba ehh lama2 tagih star alexis17,1
main santai menang pluto88 emang beda,1
uhuiiiiiiiiii,0
phev shs cuma fwd,0
hoooo cariin kerja dong bapak bukan presiden soal,0
iya emg mantap bro pulau777 lgsg cari az,1
kilas malah mirip fj,0
runner up,0
jakpot besar tiap main mandalika77 bener bener puas banget,1
muncul medsos alexis17,1
mas ziko modifikasi mtor rx king joy joy,0
ngeri euy spion kayak copot,0
tanggung jawab lah ga ru da ho ki udah bikin candu flushed,1
ganjar weh hapus hapus v,0
mudah mudah taun depan beli amin allah sweat smile blush,0
dah ah tobat gk maengaruda hoki lg abis maxwin soal rofl,1
koleksi hummer pak bamsoet bakal beli nih mobil,0
timothy ahh vidio,0
temen temen pindah pawpaw4d seru,1
membuang2 waktu tenaga pikir biaya utk wawancara sweat smile,0
moga rezeki dora77 bawa baik semua blush innocent,1
aku malah,0
hitam kok gak sebut bg,0
alam main pawpaw4d bikin tagih main,1
andai jb langsung ku pinang,0
harga solusi wawas dora cocok,1
bimo gokil,0
gas bang ziko,0
ahok presiden,0
apaansi mbl mana,0
keren bg,0
gelo keren,0
wkwkwk narasi isi buzzer semua,0
wahhh keren mas komentar besok ajar yg bener yaa,0
mending bikin bisnis joy,0
hemanut88he benar2 dijabah doa kemarin,1
alexis17 maen santai aja tetep wedey juta,1
hina tumbang puji engga dulu deh bang joy,0
udah gak kaget ha us win gacoorr partying face,1
smpe hri kmpung sya blum,0
yg tunggu video mantap,0
mana crosstrack bg joy,0
detik mobil gede berat open mouth,0
btp dah jadi politis,0
gas ayo umroh,0
keren bnget ziko ngejelasinnya simple,0
arti statement 2nya ttg omkos ka,0
crostrek rekkk,0
asa maxwin habis heart fire weton88 heart fire gacor habis,1
macan kuasa satu gunung,0
jawab sama benar tanya,0
ngapain ronta ronta,0
gue alexis17 aja beneran,1
jadi hari istimewa mlndalikl77,1
halo bang moyai,0
jadi sekarang presiden macan macan sirkus,0
bulan main alexis17 gue udah libur amerika,1
tablet foldable fire,0
main dip luto88 uang jajan habis habis,1
nemu ayam goreng ikan aja bulan sekali gak,0
terima kasih alexis17 wede nya gokil banget sih,1
ubur ubur ikan lelel jepe manut88 le,1
klo anies kader pdi joy,0
aman star alexis17 udah ram,1
muka gak bahagia penuh tekan,0
sr3 lo dah jelas,0
cakep banget tada,0
denger denger alexis17 promo bener gak sih parah,1
ghaacoor nya sampe mimpi ga ruda ho ki,1
seru amp cuan pulauwin money with wings,1
dewadorabikin lupa beban hidup hibur makna,1
amrik ngelarang huawei buat gabung ama google joy joy,0
anggorodps 9 ayo jelas dong blok,0
ken main nih gara gara alexis17 nih,1
hidup macan sirkus,0
gd coba buat body kit ala gd,0
ga lupa cara nya jadi calon wapres boom,0
makin lama didengerin makin ngeselin,0
manis banget,0
hidup jokowi,0
punya paham n nalar pribadi yg kuat,0
semangat menang gacha168 ku,1
bau bau brziko bakal upgrade,0
douzheng bintangtodjoe terus negara yg baik ikut kata joy,0
papi inside,0
sukses terus mas,0
cuihhh gitu kata fufufafa hehehe,0
bikin token listrik abis sweat smile,0
towel gaj ajak joy,0
partai apa bagus lu,0
kapan ready yg player issue nih masak kemarin cuma doang,0
ngidam ngidam ngidam blush blush,0
axl777 aku coba bentar lngsg wd gede,1
lihat pintar baca teks sweat smile sweat smile sweat smile sweat smile sweat smile sweat smile sweat smile sweat smile,0
anak nya syahroni nih moyai moyai,0
epic moment sih joy gokliisss,0
udh top main alexis17 gak pelit cok,1
alexis17 emang ga dua layan vip member,1
anggorodps 9 apa yg lo tangkep,0
sangat lihat otoriter,0
kerja ga berhenti2 buat syape,0
main dewadora bikin happy banget hasil gacir abis,1
alexis wedey gede cma maen bentar,1
jurnalis tempo gak,0
gila sih huaway apa kabar iphone lambat inovasi joy,0
gara gara pulauwin grup wa kantor jadi rame banget,1
kalo gak salah gus iqdam punya mobil,0
perut nya aga kempes om,0
lha iki kan asline bakul sweat smile bis hobi canda mas wahid,0
mentok kanan boom,0
gak pernah gagal sgi88 fire,1
tuhan pasti,0
susah laku kalau seater,0
ken beli kalah sama butuh sob,0
abis abisannn blue heart,0
pak ahok suara aneh gitu banyak ngrokok,0
point nya apa there is no point ngambang kaya sampah sungai,0
pro aja bang sgi88 thumbsup,1
nyata isi iklan semua blush alhamdulilah mkasih mas,0
alexis emang ga dua layan vip member,1
malem hibur bareng pulauwin,1
beda alexis17 parah,1
woow harga nya,0
sangar open mouth,0
hah apa sih,0
iseng doang main dora77 eh tagih cuan nih,1
prabowo negarawan sejati brow heart heart heart heart,0
mandalika77 maxwin tahun baru pragmatic rupa pg soft nya rame,1
iya bang kan rintis bkn waris,0
ngomong apa,0
kasi tempo alqaeda gak ajak awowowowok joy,0
berkat koislot jalan hidup bebas finansial khawatir,1
yaahhh otak nyampe dehh emang bener ganti rakyat sihhhh,0
gd emang ngga pernah gagal buat bangun mobil sih,0
seru abis tempat paling aman asik fire zap alexis17 zap fire,1
bikin lah motor biar warna mass sweat smile,0
jane mudeng tenan opo gur wathon njeplak je dul,0
nonton baca komen lebih baik,0
sharus nya iring harga,0
hahaha betul,0
ak pernah nyobain mobil yg kayak gitu tp ga suara,0
barang aneh nya kapan bang joy joy joy udah lama kayak grin,0
tumben g gontok an joy,0
airbft hitam ownernya orang manado heart eyes,0
ubur ubur makan ikan siap laksana point up 2 point up 2 point up 2 point up 2 point up 2,0
ga bahaya ta,0
lowong dislike buka lebar2 thumbsdown,0
ntar naro ipad buka chatgpt suruh ngobrol sama ai wkwk,0
nitip jempol miring gan,0
maklum udah tua udah ga mampu paham tanya yg sampai,0
tim ken beli gk uang,0
bang gak rekomendasi laptop main game command and conquer generals,0
gibran bahlil siap guncang,0
video aerox ngantuk joy,0
galiat ubsi ama zicoster,0
ahok bukan gubernur pilih dki beliau kata,0
terlalu negatif mas nya ngelantur,0
keren mandalika77,1
dora tawar platform stabil andal,1
belibet bummer,0
sabar lahhh lu kira doang kerja,0
syarfunimy pindah agama,0
selalu setia nonton like video,0
juang mahkamah konstitusi v,0
miya88 sensasi main bikin penasaran seru bikin nagih,1
the best sgi88 byar,1
pake gbox buat buka google aman2 aja,0
gilaaa keren banget,0
minggu join alexis17 gue udah beliin ortu kulkas pintu,1
otw mills bang,0
ikan busuk mulai kepala,0
dislike masssal,0
tim gercep nabung sekarang kumpul 17rb,0
gk kata kata garasi drift kalian hebat clap clap clap clap,0
temen temen temenan,0
iims ken ketmu om fitra tpi gk ketemu,0
seru,0
alexis17 selamat genting,1
joman1060 cukup oke apa cuman defensif gitu muter muter,0
gw rungkad mandalika77 wkwkwkw tmn gw yg jp mandalika77,1
udh mantap desain erspo nya tp logo yg skrg jujur jelek,0
duit bapak nya banyak apa jadi nyata kek nya,0
sejak kapan ken block muslim joy joy,0
pulau tempat menang tak batas,1
ken iims ga punya duit sweat,0
gosong chef goreng nya joy,0
mas prompt nya dong buat naskah begini,0
ahok dedi mulyadi,0
hp lu lipat berapa bos,0
telat jam v,0
rb26 n a cry sayur garam,0
kerja dicariin bapa jangan so keras ah,0
mandalika77 bikin lupa semua beban hibur sangat senang star struck partying face,1
gub iwan naik iwan e1 d,0
yg harus lu dukung abis abis tuh orgnya nji,0
gak bener harga harga riba,0
the road is still long bang,0
affaan tuch joy,0
jangan banyak ngomong deh pak ahok buru nyalon pilih,0
50jt,0
semangat bang konten nya salam sgi88 gampang jepe,1
turu aja mas,0
ngelantur cokkk,0
gokil indo buzzernya wkwk,0
mandalika77 ngan ukur jadi duit ngalir main seru ora aya istirahatna layan oke banget abdi recom duh euy,1
gacir bener maen udh jepe,1
kelaaazzz bgt karbida fc fire,0
jersey apa baju fashion sih gila keren bgt parah gokil,0
lama bat gw tungguin pidio woe,0
kek mandalika77 gin baru situs mantap member baru wajib menang,1
loch left and right,0
bro speaks a whole lot of nothing,0
uda kek laptop rtx aja harga,0
mulai wawancara udah struk duluan,0
joy joy joy joy emang udah turun harga diri nya,0
kalau jebol pusing ga tuh krn susah perbaikin arena,0
pake kmeja biru so asik banget wkwkwk,0
pakai lama gmn tuh flexibelny,0
huracan x lbwk kek ny laughing,0
keren bikin jadi rp17 all time highest joy joy,0
udah tau pulauwin lu orang,1
inti kalau kerja minta cariin bapak,0
agustoto gampang banget dapet jackpot luar biasa,1
gilaa kameranyaaaa,0
big no ahok gasuka anies ahok tolerir korupsi,0
jepey trs disgi88,1
mantap gan,0
i knew it in the moment they elected,0
rahadiarum7448 masalah yg jawab gada yg nyambung gmana dong,0
bossman9577 fufu fafa wkwkwk,0
sama gue nyumbang dislike joy,0
buset serius skketer zeus alexis17,1
cair kakak mantap banget cuan weton88,1
sehat salam sgi88 gampang jepe,1
alexis yin emang ga pernah pelit kalo soal ngasih jackpot membernya,1
pt greentex,0
bandar weton88 auto sultan gacur,1
gin dong minggu 2x hahaha,0
lebih seru komen wkwk,0
yg nyasar tuh joy,0
gue sih udah buktiin sendiri kuat alexis star star,1
mobil gus iqdam,0
believe me no one pay me,0
untung dewadora dukung beli rumah mudah,1
gass full spek biar lama durasi ny,0
dapet notif skakmat ahok auto klik muscle,0
bang gamain diga ru da ho ki,1
rezeki sangka ahmadtoto,1
wajib beli siiii original fire fire,0
bauahahahah kalahh mulu pandjiiiiiii,0
kayak kamu lebih cocok pimpin jokowi joy joy joy dawdadadadadad621,0
temen abis cerita alexis17 gacor,1
sp12er lucu sih hp kek gitu buat game joy padahal bukan hp gamers,0
gue baru ngeh kalo pulauwin udah masuk semua media sosial,1
raja akhir dunia politik lord l,0
nyata edit belkote joy,0
nungguin bini belanja lama bnget sampe bete iseng iseng nyari web terus ketemu mandalika77 langsung spin kakek zeus buset deh langsung kasih dapet juta,1
abdurrahman d1v9e emang udah ken nya bg jatinegara,0
gila sih zap alexis17 zap emang beda kelas,1
mau nanya nih netizen huawei ban ga sih sama google,0
mascar007 presiden kok malah minta solusi mikir dong wkwkwkwk,0
rusliofficiall96 huawei jangan bandingin sama samsung joy,0
wait and see semogaa,0
vote,0
gue rela begadang sampe subuh alexis star star,1
gass bang modif motor,0
the best jabat yg tau,0
tuju bang modif motor tada tada tada,0
absen hoki777 aja,1
luar biasa kualitas fufufafa clap,0
allah blm lama beli pura dah lgi yg baru melting face,0
angeliart cie komentar papan klip,0
lizzy osprey begitu sampe males lihat upside down upside down,0
anak abah lgi gibah joy,0
anjir semua komennya negatif,0
bulan main alexis17 gue udah libur labu bajo,1
miya88 kasih alam main beda seru,1
bapak lo gacor wkakakakakakak,0
citra pramtime,0
beingaamon bagus sampe skrg huawei p30 pro ga masalah,0
alexis17 tuh emang bener bener beda sistem fair,1
pandji diomelin ahok terus main catur joy joy joy,0
kerenn bletak2 nya open mouth open mouth,0
cuy alexis17 bikin mood bagus anjay pokok,1
kualitas layan rulau777 sangat baik,1
bang panji undang kdm,0
instant spin cuan bowo77 subhanallah langsung,1
keren banget bang joy salam jepe star sgi88,1
jam gw nonton makin gapaham gw ama jawab presiden prabowo,0
liat kali baca text,0
gila bro emang keren ni jersey,0
banggaaaa bangett gwee,0
rasa percuma buat forum sweat smile,0
grafik mandalika77 keren abis gameplaynya seru,1
semangat bosqu baik star weton88,1
iya tinggal,0
iphone mana buat hp lipat huawei,0
bro tau ga alexis17 udah support e wallet proses kilat,1
tahun privater bang ga rekrut tim2 pihak,0
ganas semua slt mandalika77 modal kecil narik juta om,1
mandalika77 tempat ngadu nasib wkwkw,1
gak perlu skill coding buat sukses alexis star star,1
moga bayu murti lambo pasang body kit sama team garasi drift,0
trisigit bantu nyetir malah main hp,0
ganas slt llexis17 modal narik juta om,1
masalah praktek nya kan stap khusus,0
ownernya nongol nih sweat smile open mouth,0
maxwin ulang,1
180sx kapan lanjut oiii,0
hemanut88he beri alam main yg asik,1
storia9126 dah gitu ngomong nya liat promter joy joy,0
mascar007 guoobbblllllooo,0
ford ga buka booth sayang banget,0
gue sih ga nyesel gabung alexis17 nyesel telat gabung,1
modal receh wd juta gg,1
sandymartono7029 lu gatau apa mampu presiden paham konteks blik joy,0
cecar sama mba nana go,0
ulu777 fitur keren,1
keren raih menang dip luto88 langsung libur negeri,1
dilann9 loh bukan kata daerah dalam,0
kwkwkwkw horang kayya tada tada tada sweat smile,0
alexis yin tuh emang paling ngerti butuh membernya,1
preeettt,0
selamat bang,0
konten toyota chaser kapan bang,0
jurnalis paksa sabar,0
ngeriiii langsung beli gk tuh,0
pulauwin tuh kayak udah jadi lifestyle baru,1
notif langsung nonton habis jepe s gi8,1
dewadoramenawarkan mudah hubung orang,1
anak abah bakar jenggot prabowo pilih lagi,0
skketer alexis17 gokil gokil sih,1
ahok g bs maju jd capres ato cawapres krn sdh pernah penjara,0
bagus mobil,0
corsstrek nya manaaaaa,0
ken upgrade hidup step pu lau tujuh tujuh tujuh,1
mantaaaaaaaaaaaf,0
gak pinter paham pu lau tujuh tujuh tujuh,1
selamat mas dipo atas kerja keras tim nonton doang komen kagak point up,0
triangular flag on post sgi88 maen santai aja tetep wedey juta,1
presiden ngmginya kaga yg penting sweat smile,0
gabisa dua pernah jd gubernur jd gabisa salah satu jadi wakil,0
hasil bohong bukti pluto88 baik,1
coba nonton konten mas ferry irwandi mas sweat smile pray,0
gasss xmax nya hedonin sweat smile,0
gas mas ziko modifikasi motor xmax nya hand fire,0
sd anak ku yg tiga gak tuh mbg joy,0
ingat tuju hidup manut88 jadi tawar,1
modal receh gacor banget sampe makswin,1
musuh temu joy joy,0
mending nonton bapau taulany tv sama rans joy sweat smile,0
gak pernah bosen main pulau777,1
mandalika77 emang juara rezeki gak abis,1
enak punya orang tua kaya raya,0
lanjut bang mecah narasi orang joy muhammadmudayin,0
main 10x spin dapet jp cinta banget pluto88,1
coba nyicil 1rb lama ni hp sweat smile,0
emang gak se percaya alexis star star sih,1
berat gua komen ig lu bener kan lu pakai ordal joy joy joy joy joy joy joy,0
suruh nanya ai sih joy,0
review byd yangwang om,0
baru minggu join alexis star star gue udah beliin ortu kompor gas baru,1
rezeki limpah suhu328 makasih,1
suka semua aspek pulau777 mulai layan hingga cepat,1
proses sangat mudah ikut terima kasih pulay777,1
gokil kereeenn broo,0
jelek design nya,0
rally drift,0
nonton full kaga nyinyir iya,0
the goattt goat,0
mandalika77 jekpot terus terus beneran beda tempat,1
rezeki agustotobikin hari lebih makna terima kasih,1
ketemu,0
love you mba uni lubis light blue heart light blue heart light blue heart,0
minimal byar bang kalo komen judi pul au kismin,1
t4i komen gw apus ulah antek2 kalian,0
nunggu ulas crostrek yg kemarin crash,0
gw langsung gas otw beli es teh manis cup harga 3k joy joy joy,0
bang body kasar kasih warna keren tuu,0
wow unexpected guest,0
konten motor mio bang zikoo tada tada tada tada tada,0
aldibayuoka4265 gw gak nyinggung obel nya gw jelas komen yg atas,0
iya benar jangan2 jawab lebih hebat ngelanturnya,0
prasetya iya iya sipaling kocak,0
andil perintah film animasi jumbo,0
fix miya88 trending banget comment nya rajalela,1
kirim uang china,0
ziko jadi anak motor,0
laptop tecno k16s bangg,0
urus petir alexis17 jago,1
realme pro kapan bang,0
kamera ngotak,0
generasi pesimis,0
wajib review garasi drift iniiiii,0
baru presiden yg mau buka mejelaskan,0
cobain aja hasil bikin neng,1
bang kapan crosstrek jadi bang,0
oke mbaik jos sangat,0
thanks gpt,0
ngelantur cok,0
betapa bahagia nya mas dipo wkwk congrattsss,0
gimana fufufafa pak sdh tangkap,0
50jt yakin,0
main dewadora maxwin tiap hari,1
bulan gabung alexis17 gue udah dp rumah,1
beli buat jual ginjal,0
penasaran kira2 jumlah dislike nya brpa,0
gas bang modif xmax,0
spi n pecah mulu alexis17,1
loyo ngopi dulu mas,0
bang review hp satu juta dong,0
real semua yg tentang perintah lawan semangat2 mascar007,0
dora77 aku jadi lebih semangat maen gara gara tempat,1
temen gue negeri aja tau pulauwin gokil,1
cepat sekali wede kilat manut88,1
situs fairplay dora bikin main asik,1
ndasmuuu omon2,0
makasih banyak agustoto hari benar benar gacir banget,1
manusia biasa d bener nih padahal jokojmc sebut salah jd top komen wkwkwkwk,0
kaya karakter soekarno hatta ga sih,0
menang terus terus berkat bantu pawpaw4d untung,1
wajib coba gak move on seru fire zap alexis17 zap fire,1
bismillah moga semua kebel tahun depan aamiinn,0
minggu join alexis17 gue udah beliin ortu tv,1
aduhh sayang sekali mobil baru hancur,0
om mob kok tumben gak ganjen om joy,0
gg gak nyangka bagus,0
design baru wajib koleksi nih heart,0
zamalhd3595 pdhl pak ahok gak berubah2 ahok tetep ahok yg gua kenal,0
bayang kalo gua punya takut salah lipat wkwk joy,0
uda yappingnya,0
seru cuman jamin puas alexis17,1
pentinganya punya rasa malu,0
aszlanslatan27 udh punya brp biji borr kalo mah,0
kilas mirip sweat smile joshua kalau tua,0
ora tolong kie tah ngisin2i wong banyumas,0
iya arogan banget,0
saran baik mundur aja bro gibran,0
sipaling mana2 cok alexis17 hduh,1
ngereview ngeroasting brziko joy,0
tombol wawancara lanjut wakil presiden,0
naskah buat sama ai,0
bang chaser bang,0
nonton cuma buat disslike joy joy,0
gojek moga surga cuma makan iklan mu sangat menganggu,0
apa presentasi mahasiswa uji skripsi siap,0
mlndalikl77 gacor menang trus,1
tantang indonesia dapat wapres mas gibran,0
eh tau ga sih alexis bonus gede nih member,1
ee anuu auah,0
gelokkkkkkkk star struck,0
oke bagus komennya silah lanjut hidup hari hari,0
keren banget,0
inti bonus demografi joy,0
knp speed nya ga buat 2x lbih cepat apa yg katro,0
rezeki sgi88 bikin hari makna terima kasih,1
nungguin review mobil mas dipo yg crass iven drift kmarin,0
amalanmagnetrezeky y karna anak nya bakat jadi suport,0
emang gak se gampang alexis17 kalo dapetin cuan,1
minggu main alexis17 gue udah bayar biaya wisuda,1
kena langkah mat panji rofl rofl rofl rofl,0
thanos sob,0
maksih bre,0
suruh i show speed nonton,0
yaelah main catur aja ngamuk pak,0
farhanmfirdaus3779 makan basi banyak mbg gk jalan karna mandeg biaya biaya sunat,0
inti main sabar jangan barbar tenang datang sabar wkwk hibur bukan jadiin mata cahari kalau gw main mandalika77,1
jawab nya pake chatgpt rofl,0
dora77 sukses tukang sayur bos supermarket,1
kau diam,0
gak ngabisin langsung gacir dora77 bener bener rezeki,1
modal tipis gucur kena jepe,1
wah masak tagih jb5 smpai jual yg ungar sweat smile blush,0
gagah banget,0
irwanchandra9156 sama jir hibur biar gak suntuk y bang hahaha,0
wah keren bang ngundang lord,0
d beli vlog ny ishowspeed,0
akhir gw mainbukit sih kasih menang,1
kasih tau mana bagi buka jelas,0
tarik semua hasil menang mandalika saat wujud impi kissing heart kissing,1
alexis17 tulus banget,1
dah abang wakil,0
pecah layar alexis17 gokil,1
samsung a26 bang kapan review,0
dulu kan udh nomor jegal joy,0
storytelling pak ahok bikin mas panji nyaman dengerinnya,0
gas bang bangun motor,0
top up wd super cepat puas banget,1
agustoto tiap hari gacor terus gk ngerti,1
kelassss pak ahok heart fire fire fire,0
cuanan gak ribet asal tempat pu lau tujuh tujuh tujuh,1
up banget,0
mas anisss mas anissss,0
thanks broo,0
juta aja murah rah joy joy joy joy joy,0
judul yg tepat ppoo,0
tetep pakai lama hp hp lipet nya kena lcd v,0
ngantuk ngajak jurnalis bikin podcast joy,0
kasih pola maxwin rasa maxwin situs mandalika77 memang mantapp gacir banget,1
pak anis malu nonton,0
absen buat dislike doang,0
bokek langsung aja main alexis17,1
alyssabrayden2099 hampir semua,0
cair kakak mantap banget cuan sgi88,1
karna bukan mobil nya gd,0
punya saham mana mungkin keluar autonetmagz,0
mas gibran sekolah lulus apa,0
velg luxury g belang bang selaras ituu muternya sama,0
bilang alexis17 top markotop,1
tau duit kenal alexis17,1
pertama komen bang dapet apa wkwk,0
lha cuma tamat sd smp tahu bansos blt joy,0
bikin roadtrip om tiga pake mobil cepat,0
putus tepat kemaren pilpres ga milih prabowo joget aja pak dancer,0
jokowi punya jasah tinggal hutang indonesia,0
berkah99 emang paling juara nya sih,1
sering buka tutup lipetan ntar nongol garis ijo gak bang,0
gacoorrrr wkwkwk joy joy joy,0
croxell00 jelas,0
kebel kalau kebel gk kepake bg moyai moyai,0
baru tau gua grin,0
a l e x i s tuh emang bener bener ngubah hidup gue susah makmur,1
hendiwijay4 tonton channelnya kok wkwk,0
pas rungkad rungkad nya saranin main sama temen mandalika77 nyata malah kasih gacir,1
lebih baik nonton zaman sob,0
macan bang,0
gw beli redmi note pro aja udah alhamdulillah banget joy,0
udah nyicil baru kumpul 25rb kurang dikit,0
bang bikin konten barisin semua dong mobil yg d gd nya,0
terimakasih dislike blush,0
modifikasi motor drag,0
samar2 denger yg istighfar saking ngelanturnya doi,0
dora77 emang gacir hoki,1
keren bang,0
gue nyari resep mie goreng iklan pulauwin,1
langsung beli pertalite 2lt,0
gue sih udah buktiin ajaib alexis17,1
ziko modif aerox call me cold face,0
gachor gila axl777 bikin jepe trs,1
paling the best one and only berkah99,1
sedih cerita cs alexis17 wkwkwkw,1
jir lu mana moyai,0
notif langsung nonton habis jepe sgi88,1
aroma aroma akap dekat,0
yuk iims,0
kasi lah orang2 yg mabok agama joy joy,0
lu jadi model nya erspo sabi kek nya brokkk joy,0
orang trump menang pilpres,1
muter muter muter,0
astaghfirullah,0
dolar 17k besok selasa ihsg buka jadi ngeri ni joy,0
yg buat naskah ai,0
youtube an pake app apa bro,0
apa kiri belakang,0
wehh set up rem suicid gitu kira inline cry,0
anjay keren revolving hearts alexis revolving hearts main slot nge daz 3d,1
ishow speed nih pernah,0
ilmu bagai langit gorong,0
bonas bonus ntut,0
ngopi bentar udah nyolek lo udah coba pulauwin,1
mlndalikl77 gachor parah depo receh aja mekswin kali kali,1
gue rela ninggalin game fokus alexis star star,1
makasih bg,0
kasi kak joy,0
real jabat yg benci rakyat,0
sangat lucu,0
tumben gk,0
gak live,0
siapa yg bikin teks si gaben,0
pulau777 gak pernah ngecewain jepe gaspol bro,1
gachor mulu ga pernah rugi aero88,1
mantap main sgi88 rezeki alir deras,1
tempo media tua ind undang,0
banjaran pt greentex,0
crosstrex donk,0
cewek cewek gak suka liat gak logo buah grin,0
roxxtarr21 gak oposisi kan semua dukung pemsrintah masuk pdip,0
kalo mobil favorit gua the elite ae86 levin convert tadi tada tada tada,0
kecewa,0
gila dapet petir merah brusan gates,1
sixtop n1y yg jelas ga milih ni org,0
hp cepet rusak,0
sumbang bikin jasa raharja nyala,0
coba lgsng makswin,1
menit brp gan,0
dewipuspitasarip49puspita16 yelah mbak segitu aja udh pusing lawak,0
worth it ga yah upgrade infinix smart hp,0
mkasih saran sweat smile sweat smile sweat smile,0
yg like cuma anak sd kelas,0
siapa yg penjara ahok dulu joy,0
sukaaa bangettt weton88,1
padahal standart banget langkah mati kaga tau wkwkwk,0
bang next coba garap mobil mesin rotary,0
manonthemoon1204 uuuhh sakit banget joy,0
asli ganteng parah,0
fotodekacom kelas presiden dibandingin sama kepala daerah cry cry cry,0
beberapa guna temu dora77 alat harga berjejaring,1
yakin bukan wkwk,0
out off,0
gua sih ga pernah ragu rekomendasiin alexis yin temen temen gua,1
sobat kuliner iya ahok kang dedy mantep tuh,0
rezeki beri bukbuopt sungguh tiada tara nilai terima kasih allah atas berkat mu,1
cuma bikin org risih,0
mending ga usah undang malu joy joy,0
ad komen yg gk didik gin andi maulana,0
rezeki dewadora makasih untung,1
ahok kdm realistis gak sih,0
pasang rumah gan,0
tandem sama brziko mantap nih,0
hahahahahaha,0
mrsomyaputra bagaimana rasa jadi mahluk hina,0
mbak irene bang pandji minta dimarahin,0
sesi ngalor ngidul sangat isi,0
ahh iya dmn tuh apa takut ditanyain kepala babi wkekkw,0
kan create engine langsung jadi,0
orang kantor aku semua udh join star alexis17,1
kereeen bgt poo,0
murah 50jt mah bapak kerja jagung sekali terima suap 2t,0
semua masalah negeri sebab karna tiktok waktu milu,0
ganti aja judul bukan jawab yapping,0
gokilllll fire fire fire,0
ngelantur ngawur beranta gak jelas gak bemutu,0
iya iya pinter lo,0
air minyak ga satu,0
pulau777 gak dua,1
i love bule ice blush mantap mobil obellll om ahmad sharoni,0
jangan asal ngomong,0
jg konten motor gass,0
ahok presiden anies wakil,0
tuju modif motor,0
salah berfikir izurzuhri,0
ganteng lee,0
menang pawpaw4d prediksi benar benar mantap,1
basic cefiro bikin gundam garage,0
a l e x i s tuh emang bener bener beda sistem adil,1
angka dislike hilang malu tahu byk yg dislike joy,0
lebih worth it beli jaecoo j7 innova zenix,0
habis jadi langsung rusak pas race sob sob sob,0
sejarah mulyono joy,0
apa pertnnyaaan nya mbg jwbn nya joy,0
cipta kenang indah mlndalikl77,1
bismillah palms up together palms up together palms up together,0
bim gua mau dong bocor baju marten paez,0
gue sih udah buktiin hebat alexis17,1
beli j2 prime gas aku,0
semua orang bilang alexis star star tuh bener bener bikin nagih,1
keren sih sgi88 main bentar auto jepe,1
sesal jadi salah satu pilih nya sob sob,0
bang dah jumat nih,0
nyata main agustoto bikin rezeki datang langsung gacir,1
mobil nya ancur moyai,0
rasa semangat baru mandalika77,1
kijang lgx biru at yg kata langka joy joy,0
cieee satu kubu sekarang dulu aja hina hina ahok,0
yen ngak kerja,0
pulau menang besar hadiah luar biasa,1
incess skketernya mulu say alexis17,1
maen pubg oke nih moyai,0
wkwkwkwkwkw,0
beda ideologi,0
jakpot besar bikin aku makin percaya sama untung mandalika,1
real macan nih boss,0
mana nih mandalika77 pantes bnyk yg promoin gila gampang jp nya,1
gass bang bikin konten modif motor heart heart heart,0
behh reza arap,1
50jutaan aja cukup buat dp mobil moyai,0
yaaaah fufufafa nongol sweat smile,0
tunjuk macan hutan bukan macan sirkus grin grin grin,0
cortex gak d bahas,0
agustoto tiap main aja jackpot luar biasa,1
keren banget mandalika77 hampir kerungkatan bro rasio menang tinggi banget gokil,1
ngurusnya gampang naaaahhhh sila opini2,0
main sebentar agustoto langsung hoki,1
gile transmisi fire fire fire,0
done dislike,0
dak nyangka dapet gin gampang,1
lebih seru kalo pak wapres belah nya,0
jelajah dunia dora77 lihat apa tawar,1
mulyono dua,0
jam menit jam isi prabowo mikir eeee,0
kereeennn bgtt bang obell tada,0
gamemodification pakai bonceng seru,0
hasil gacir main dewadora kecewa,1
dikayh px5wl lebih org kaya gabut ga si,0
baru minggu join alexis star star gue udah beliin ortu smartphone baru,1
suara keramat joy,0
knalpot sampe nembak dah fire fire fire fire dash dash dash,0
banjir rejeki banget manut88,1
jogetin aja udah dek pilih jawir,0
thank you time stamp nya heart,0
bulan join alexis17 gue udah bantu ortu,1
bu valeria senyam senyum karir,0
review hiace premio batak project,0
pulang kantor kena scroll sosmed aja banget alexis17 kena gak,1
kerennn polll,0
gua aja tahun pindah situs sama aja total kalah 80jt sejak coba mandalika77 perlahan balik harta,1
gua gak ngehh pak ahok gua gak ngeh pak ahok,0
tunggu mobil farel mana nih,0
siapa yak diomongin,0
subaru cras,0
ihh sebel sama pemred nya detik skull skull skull skull fearful cold sweat scream,0
ahok tak kenal tak sayang,0
mandalika77 hoki banget main sedikit udah jepe,1
fortuner cumi2 nya lewatin dong joy,0
pagi pagi udah senyum senyum gara gara semalem main pulauwin,1
anam1431 makan vt kali bang,0
kerenn bett asli,0
sempet ga percaya eh bener gua maxwin diga ru da ho ki sunglasses fire,1
ga ru da ho ki member jepe,1
cocok ni buat dogeng buat nidurin anak sweat smile sweat smile sweat smile,0
berani banget kamu bang heart,0
wede kali gacir bener sih,1
fellexandroruby masukin timestamp biar komen viral wkwk,0
modal receh lgsng jepe brusan,1
gue udah buktiin alexis tuh kaleng kaleng,1
sempat menang miya88 seru bikin nagih,1
ipknya ndlosor omong langit hadeuhhhh,0
gasss mass zikooo kaya jadi hall baruu seruu,0
gaes ragu alexis17 eh tau nagih,1
anjay keren revolving hearts alexis revolving hearts main slot nge sketchup,1
kok malah canda serius lho,0
minggu main alexis17 gue udah ganti laptop,1
dawdadadadadad621 yg milih paham kak cry,0
biar rame ramein cuan bareng pu lau tujuh tujuh tujuh,1
cuma sini zap zap alexis17 zap zap selalu kasih kejut seru,1
ngomong ngak tau apa omongin joy rofl joy rofl joy rofl joy rofl,0
gokil tempat paling aman asik fire zap alexis17 zap fire,1
menang pluto88 tuh gak mati gak nyangka seru se seru,1
obrol bapak2 jam pagi,0
keren parah nie hp sayang bukan market gw aja joy,0
susah ngedislike balik,0
rumah teman malam,0
bro alexis17 update sistem nih gacor anti kalah,1
yok bantu dislike indonesia emas,0
beli j5 prime maksud lu,0
aku langsung beli bakso laughing,0
intro lupa switch kamera sweat smile,0
brziko lebih jauh rapih n enak lihat blush blush,0
moga waktu partai politik yg sekarang bubar semua,0
beneran gampang hasil bikin puas,1
episode kocak,0
idam kan,0
otw ni tempat seluler hp biasa manjain mata kagak beli joy,0
siapa gak senyum kalau main pulau77 cua terus,1
eh g wagon grin,0
bela panjang belit esensi joy,0
beli kopi si gas,0
ziko serang skena motor bersiaplahh sweat smile,0
gass bas modifikasi motor boom,0
bener jawab ngalor ngidul gak jawab tanya mb nana cry sneezing face sleeping,0
gass banget bangg konten modif motorrrr,0
pg soft mandalika77 bikin asa kayak bos besar cuman situs gw pernah dpt scatter hitam asli bro,1
ga pernah bikin aku kecewa kalo main mandalika77 game nya bagusmpuatarannya banyak beri aku bonuss memang mantap betull la,1
tanya konyol,0
kok upload,0
hustt ntar bakso loh blush,0
emang mo libas semua hak cipta joy,0
parah banget agustotobikin candu berat susah banget buat henti,1
makswin mntp sih situs,1
dewador abikin detik harga rezeki duga,1
buat hp lapis legit joy joy joy,0
salah loh harap sama org model kayak gin,0
gawe bis sumber selamat tim purwokerto cocok kih toilet soale,0
otw beli kuota,0
gila hasil fire fire,0
bangun kph jogja style aja mabg moyai joy cat,0
siap sapu oknum asap hitam aragon,0
sheeshhh chart with upwards trend fire fire fire,0
modif ninja mas,0
fitur ngeludah gak youtube,0
main pawpaw4d hoki,1
udah selesai yappingnya,0
baru bulan join alexis star star hidup gue ubah total,1
okay buzzer,0
fellexandroruby tq om effortnya,0
bosen kali sema nya gitu gitu aja joy,0
kaya pondok cabe,0
sama bang wajib langsung gas pokok,0
joy joy joy salah satu,0
rezeki nomplok hari berkat berkah99 alhamdulillah,1
sy sdh dislike malah sembunyi dislike nya joy,0
hours of brainrot,0
selesai tahu deh kualitas pimpin negara,0
njir gue sih yes alexis17 parah,1
pantes,0
gila cinematik nya open mouth,0
ngomong opo to we gak nyambung blass ngomong seng genah to pak,0
ahirnya notif youtube waras manut88,1
gua henti nonton beneran yapping ga inti nya,0
gass konten motorr,0
mantap rame banget nih alexis17 tongkrong,1
banyak cina udh gk pake google,0
makasih yaalah udh d kasih rezeki pulau777,1
jangan baang jadi malu maluin diri sendiri keluarga cry,0
edaan nih coolss,0
editor gd ga pernah gagal clap,0
ragu alexis17 eh tau nagih,1
muhammadzufar7243 emg jawab presiden mu ngawur,0
sama wkwk kena genjutsu bagus sih hasil kamera suka aku,0
arti nyambung,0
v alexis17 v hampa rasa,1
pak ahok lawan elo gin nih jadi,0
gue mampir cuma mau ngucapin sesal pilih beliau,0
mexico presiden beli kartel indo,0
sukses selalu utk po pesona,0
bang kali2 ngonten modif motor bang ngabers,0
tinggal komporin om fitra modif brz nya farrel v12 joy,0
yg tunggu2 sgi88,1
gw langsung otw beli kopi kapal air,0
ngelantur terus pak wowooooo,0
frank o8h jelek lu gak mampu joy joy,0
pulauwin kaleng kaleng sih beneran ledak,1
gw udah coba guys sgi88 cair mulu,1
gacir abis udh wede kali kali,1
lo rebah gue udah cuan pu lau tujuh tujuh tujuh,1
lah ngelantur joy,0
my president heart heart heart,0
maaf pak jawab nya kok mana,0
titip dinasti kakak jauh prestasi nya sih joy joy,0
waduh mon maap bang kdm mah mulyono jilid skull skull,0
kelilip kali lu bang joy,0
hp 50juta apa cari wifi gratis,0
ga bayang rasa cape nya tim gd kejar waktu,0
iya bener gak muncul duh bohong publik,0
kalo type tl udah goreng,0
kenal alexis17 hidup gue warna,1
argaviyatayudha21 baru kali tidur lebh nyenyak dawg presiden jago yapping,0
gue kemaren pasang kuotao77 pro mantul bet,1
rasa beda dora,1
terimakasih orang baik,0
emang iye rofl,0
sumpah cakepp benerr,0
wah bener bener gacir coba main sekarang bakal nyesel dora77,1
obrol atas jam malam,0
bang udah bang,0
ndak tau kok tanya,0
woii buzzer bos lu ga bain joy,0
sepenuh hati tulus ikhlas gw kasih dislike video sweat smile,0
gila sih tempat paling aman asik fire zap alexis17 zap fire,1
temen gue bilang alexis17 tuh game changer,1
spek presiden kalah gara2 agama minoritas,0
antutu aja gak sampe juta joy joy,0
malam untung doyaa77 seru banget,1
sobat ahok si aguan jgn lupa undang,0
muhammadrizkyf151 eeh puja bibib jijieq firza pa kabar,0
pawpaw4d bener bener bantu orang raih untung,1
larchy1324 aman mas pray,0
anak tersesatt bapak nya ni face blue smiling face blue smiling face blue smiling,0
jawab nya bukan kecewa khawatir,0
santun bgt om mob kami,0
asik ngobrol terus dua ngomel soal main catur joy,0
alexis17 tuh emang ngerti butuh membernya kasih bonus surprise,1
pernah rasa bosan sedikit main dora77 selalu inovasi kejut,1
dororohyakki8001 sampe kok kurs tengah joy,0
pandji mate in sini wkwk,0
dora77bikin hidup makin warna cuan gak henti,1
buat insomnia coba dengerin,0
kayak babang david coba nyindir si samsung dah rofl,0
saktipramana128 lu salah sasar orang bro joy,0
gak khawatir duit kalo udah gabung alexis17,1
ngeriiiiii,0
dilann9 ah daerah ku,0
keren banget zap alexis17 zap selalu kasih kejut seru,1
muter muter joy joy joy,0
prittt prittt sob sob,0
ga ngerti dah alexis17 gokil,1
omon2 ksih tanya uud ampas aset mlah ngelantur kmn2 hadeh,0
sx gpsport mesin buat serapih s15 vr38 bokuggooiti,0
grafik kece loading super cepat pawpaw4d,1
s2000 time attack sama m4 ijo favorite gw sih fire,0
bang juragan pecel kapan updet,0
kelassssss mahhhhhhh iniiiiii,0
gokil sih pulau77 gacir pol bro,1
pingping keripik singkong fries,0
aero88benar benar unggul rekomendasi,1
hati2 jgn sampe bang bimo diendorse rumput gbk sweat smile,0
temen kamar aja udah main alexis17,1
mantap jiwa berkah99,1
kek hp masa depan udah sekali jadi tablet,0
mobil keren banget laaah,0
handphonenya bang redmi kan banyak handphone lu heart heart heart,0
boleh anak muda jadi presiden,0
mana gua engeh pak ahok,0
kek mobil rally bang,0
totally mr omon omon,0
body ra payu desaine semua orang suka joy,0
mas umur lebih tuwo teko sampean sek angel golek kerjo,0
serius deh rezeki king328 undang penasaran coba,1
kalo urus chipset china kalah sama usa,0
enggak bukan d berita tp d om dhiar open mouth sweat smile,0
generasi muda bonus konstitusi joy,0
next diesel drift,0
mantul banget pulau77 jepe nih,1
tangga sampe kosong loh cry cry cry,0
serius promosi,0
sunnysun7064 benci sama anies gmn,0
ngelag enggak wd jalan terus pulau777 emang top,1
jual ginjal kamboja,0
cobain aja hasil mantap banget,1
jujur ga pernah kecewa sama orang,0
terlalu op,0
wapress ngantuk,0
anis jadi plesiden joy,0
buat mau boikot produk amrik coba nih grin,0
ko ngga hari jumat,0
fahmi7500 udah bayar berapa bang mau jadi presiden,0
gas 1jt dislike,0
gimana pakai si alexis17 tenan,1
absenn massss,0
musik latar pas banget suasana alexis17 suka playlistnya,1
berkat dora lesat pegawai hari bos usaha,1
kijang kapsul modif hihi joy,0
apa salah milih psikolog pak prabowo,0
review request a90 supra midnight purple s15 hks gtr,0
udh nomor jegal,1
inti muka tebal mas sweat smile,0
gila sih promo nya gk abis2 alexis17,1
sukaaa bangettt sama star weton88,1
duduk dudukk ngopii enak nya mainn slt mandalika77,1
coba pabrik specs bang suport timnas futsal jg,0
gaes gak salah pilih deh pake alexis17,1
oke gas oke gas nomor torang gas sweat smile,0
bisa cuman jt an aja,0
biasa sehat selalu kang semngat ngonten lancar segala urus salam triangular flag on post weton88 heart,1
gacor bener sketer henti muncul,1
jadi rally ap4 kaya mantap keren polll,0
lebih keren byd sx gp sports,0
mimpi menang nyata pluto88,1
wow main bareng zap alexis17 zap selalu seru,1
bulan main alexis17 gue udah dp apartemen,1
mantap yuk69 sketer gampang banget pokok,1
bubar ormas jenis nyaaaaaaa,0
pake paylater beli sweat smile,0
baik sih gak pelit pelit,1
anis ow no,0
sumpah penasaran kok bahas star alexis17 star kolom komentar,1
orang cepat,0
ngapain bayangin susah2 hiduplu,0
sotau wkwkwk user iphone banyak banget china,0
like buzzer bot joy joy joy joy joy,0
neng keren beril tp ngeri ngeri ni pak ahok wkwk,0
lah bukan daging semua isi joy,0
kamu ori,0
wkkwkw gua make samsung j5 buka youtube aja lewat chrom,0
servis fleksibel mampus kalo kena sisi,0
gassss ziko modif motor muscle muscle muscle,0
orang bilang alexis17 tuh blessing banget,1
cakep,0
anis ahok hasirama madara,0
depo wd cepa bangett mandalika77 cs nyaa fast reaksi bangett soal kegacoran gkusah tanya langsung bukti sendiri bang,1
cthnya menit berapa,0
update alexis17 gokil banget sih,1
baru beneran inovasi bukan macam merek us,0
pelek nya keren banget heart,0
tok suara himmer ev spt ngga janji tangguh,0
rambah bisnis jual sasis thumbsup thumbsup thumbsup,0
paradoks indonesia celah pilih sendiri apa kata dunia joy joy,0
alexis17 bikin hidup gue simpel asli sumpah,1
keren banget bang salam jepe weton88,1
sungguh luar biasa mlndalikl77 buat tagih berat sulit henti,1
baru jdi ban udh copot joy,0
maju terus erspro nyala,0
prabowo sama ahok cocok deh,0
gue sih ga nyesel gabung alexis17 nyesel ga,1
nunggu gd family drifting fullteam turun ahh sweat smile,0
tinggal jejak indonesia chaos parah noted,0
dora77 aku cba lngsg jekpot besar,1
gue mikir aplikasi orang ngomongin pulauwin,1
tempo kan ngerasa ga butuh selalu udah dapet info a1 wkwkwk,0
sesuai prediksi bakal review lebih,0
ip apa joy canda bang,0
salah apa negeri,0
pesan mah gk takut pluto88 baik ragu coba,1
salfok sama mobil salfok sama mbak mbak nya joy,0
pak we pesona x laksana,0
gak nyesel hoki777 langsung banyakk boskuuu,1
yapping penting x penting yapping white check mark,0
irene bikin video reaksi tepok jidat sih joy,0
ympun bapak prabowo sayang kocak ngga ngerti,0
sukses mandalika77,1
terimakasih info sangat bantu tonton,0
menit mobil ganteng,0
gua sih udah jadi member vip alexis yin fasilitas gila banget,1
sayang sekali 50jt support 5g,0
info jaket dipo conceptmotorsport gaa,0
apa sih joy joy joy,0
mandalika tawar alam daring beda,1
pikiren rakyat ojo mek omon omon tok,0
bagus bgt,0
mending dr yg ngomongin bonus demografi joy joy,0
gara gara pulauwin grup wa kantor rame banget,1
mobil nissan yg lalu apa mgkin grand livina,0
anggorodps 9 buzzer teriak buzzer,0
bahas miya88 gue ngikut tren aja deh,1
tagih main dewadora gacir terus jepe ga lawan,1
rezeki nomplok doyaa77 terima kasih,1
lebih jelas lebih jelas,0
asa denger suara mobil nascar joy,0
jawab udh tau trimakasih,0
tecno phantom ultimae coba bahas bg,0
aku bukan rakyat milih dislike video,0
emank kau uang buat beli blush blush blush,0
torsi nm face with peeking eye cold face,0
trending gila loooo sob blue heart mandalika77,1
bukan provokasi emag nyata gak mutu episode sweat smile,0
gas sprint rally seru kayak wkw,0
gak perlu alam buat menang alexis star star,1
tvs callisto coba modif bang kalo merk jejepangan udah biasa sweat smile,0
baik kak salam pluto88,1
sedih banget anjir mobil crashhh sob sob sob sob sob sob sob sob sob,0
aku kesal gimana nih smiling face with tear,0
jam wowok yapping ngalor ngidul,0
nyesel bener baru maen mandalika77 depo receh wd berkali2 kalo dr dulu ud kebel tuh vespa matic wekekek hahahhaha,1
epic moment tada weton88,1
abyan266 soal video aja up selasa kemarin,0
omon omon hidup ijazah palsu ayah fufufafa,0
apa kemaren semarang arah grahawahid kog mirip joy,0
terima kasih min alexis17 wede masuk,1
gibran satu satu wapres otak kosong hasil nepotisme cry,0
hadiah alexis17 gokil2,1
gue rela ninggalin hobi lama fokus alexis star star,1
bukan mobil jdm soal,0
asyariiiii kocak lu joy,0
alhamdulillah palms up together proses puluh tahun style,0
mode rally masuk ni concept nya,0
sgi88 maen santai aja tetep wedey juta,1
gak sih ngasih dislike kali kali video sweat smile,0
main cerdas pilih pu lau tujuh tujuh tujuh cuan,1
mantap jiwa emang alexis17,1
bokuggooiti gachor bgt menang terus,1
mnurut gwe gd kenblock a indonesia,0
hidup cakep biarin cuan pu lau tujuh tujuh tujuh bantuin,1
tagih janji 17jt lapang kerja,0
beli shopee bang,0
minggu main alexis17 hidup gue ubah derajat,1
blok lol,0
selesai alexis17,1
plsss jangan banyak since ga langsung inti aja woi,0
thank youuu koh,0
loh pak bukan udah pake buzzer dulu,0
rezaldiaziz1508 ingat bukan kaum dang mending yah kiakakakakakak joy d,0
joy nista agama selingkoh ngembat ajudan sendiri sweat smile,0
dapetin info alexis17,1
dimasseto7248 gila pakar ekspresi datang mangut mangut semua tuju wkwkwkkw,0
ahoookkkkk heart heart heart,0
gak pusing mikirin biaya kuliah kalo udah join alexis17,1
buat video full review crosstreknya dong mas dipo,0
fishybrad tuduh buzzer mulu njir sob,0
cocok tuh buat puasa,0
malam untung banget main dewadora hasil,1
joy joy biar bilang kerja,0
bareng bareng lapor youtube aja yuk,0
coba sgi88 gak ribet salam petir x,1
ipk nya berapa bran,0
rp kumpul semangat cari sisa,0
muka kecuut senyum luh bos,0
ganteng banget heart,0
cinta jz bg ziko,0
gila mandalika77 real gacirnya pantes rame,1
cucok gaspool,0
gw kesini langsung skip video buka kolom komentar joy joy joy joy,0
gw kasi kisi2 halus sikit main la mandalika77 anak baru nih brani kasi wr tinggi2 wkwkwkwk gas biar kapok,1
gasss zikooo main motorrr muscle,0
kecewa berat please turunin kursi presiden,0
percuma pinter joy joy joy joy joy joy joy rofl rofl rofl rofl rofl rofl rofl kata,0
alsimkebunsayur antena nya nich joy,0
enak banget buat antar tidur denger bapak ngedongeng,0
jalan nih mau beli iya beli goreng,0
beli i showw speed bukan sih info dong,0
paling satisfying pas bongkar pasang bodykit pasang livery,0
ajuin anggar dulu boss,0
bapak kalo bahas jangan kemana2,0
mending joget aja pak,0
harga nya 100jt cok bukan 50jt,0
jangan pernah mimpi kau jadi presiden kaya bapak kau,0
ga nyambung apa kamu ga ngerti joy joy joy,0
nooo udahh rusak lagiii cry,0
luar biasa bang video kamu probet855 percaya 5k jadi 1jt,1
anjinggg lucuuu bngtttt ngakaakkkk,0
dapet scatter hitam koislot saldo langsung bengkak,1
city tipe z om review pray grin,0
indonesia makin parah gelap,0
skull,0
jawab gin sweat smile sweat smile,0
qadafialmadani4349 what if kalau golput,0
lagu garasi drift morning jam bukan,0
makasih bang buat info respect pray boom,0
solusi terus mana masalah semua,0
sini sepi buzzer perintah blush,0
lykaqila5244 apa prestasi,0
dapet rekomendasi maen diga ruda hoki ghacoorr bgt,1
haram bg,0
makin paham knp negara memang butuh orang anies,0
aku aja ga berani liat kak udah nebak komen isi gimana sweat smile,0
coba aja velg nya lebih hitam glosy kenya mayan bgus opini aku sweat smile,0
tim gak nonton beli,0
bang panjoooo tiket buat jakarta abis sob,0
awal ragu lama lama jadi percaya maen s10t mandalika77 kasih menang terus terus,1
that is insane nice build,0
sukses selalu mas dipo team blue heart fire,0
tak pernah bosen dengerin cerita koh ahok,0
bukan gak nangkep gak mau jawab joy,0
anak,0
wowo jawab mu tidur jadi nyenyak joy,0
bang salam jepe s gi8,1
mantap bg bimo,0
hidup lo cerah disinarin cuan pu lau tujuh tujuh tujuh,1
hpnya jatuh auto koma,1
baru maen lgsng makswin gg banget,1
admin judol lu joy cat izurzuhri,0
buseettt bener,1
minggu main alexis17 gue udah ganti perabot rumah,1
damkar rofl,0
tanyain apa jawab apa lu mah cry,0
alexis yin tuh emang bener bener ngebantu banget pas gua bokek,1
dewador amenawarkan dekat unik inovatif interaksi daring,1
penasaran liat yg dislek ketimbang yg like sweat smile,0
pertama kali tau hummer nfs underground rental ps tahun,0
ga henti main alexis17,1
kek kaya gin presiden,0
rockygerung nonton gk niiihh,0
allah bebas pak presiden pikun lupa malas,0
sih kagak bakal percaya,0
bonus anggur,0
harga velg nya cry joy cry cry cry,0
gokil mobil drift ter proper,0
bsk lanjut,0
rogerhandoyo3298 lebay stroberi,0
gua bukan sales emg gokil siga ru da ho ki gacorr der fire rofl,1
tinggal mobil nya farel penasaran bakal kyk gimana hasil nya grin,0
neng hari bangun2 kumpulin nyawa main mlndal kl77 langsung kasi wekwekwek,1
terimakasih selalu upload bg walaupun sibuk tada weton88,1
orang dewasa mewancarai orang bayi,0
gas konten motor,0
semangat bang buat konten nya blush salam probet855 gampang jepe,1
halah lambe,0
gajelas ngomongin apa,0
iyain aja dah,0
jiwa miskin getar joy,0
buka rx7 bukan punya armuh,0
review infinix note pro plus min,0
gimana pakai si alexis17,1
allah dosa apa negeri inj cry,0
mobil baru gus iqdam,0
up,0
jepey terus sgi88 beneran,1
arang handal lu wooo,0
pulauwin susah pindah,1
langsung operasi in operator no cut ga edit after nya,0
biasa youtube bnyak koment yg bagus2 dn like yg bnyak balik sweat smile,0
emang gak obat sih seru alexis17,1
nyala king fire fire,0
one of the best episode heart,0
gachor banget main dewadora,1
keren banget lo brow,0
gila king328 bikin tagih parah susah move on,1
terima kasih bang pray,0
modifikasi motor waktu bulan puasa jadi asik tu garasi drift,0
dilann9 daerah ku,0
kok sama joy data dislikenya tdk muncul we,0
bismillah nabung buat beli,0
ngeri spek nya,0
presiden kocak,0
gak ganti mesin konfensional sweat smile,0
dora77menawarkan dekat unik inovatif interaksi daring,1
bukanpemudaormas1340 biggest yapper,0
samsulkhoir w5t negarawan sejati ngelantur brow v,0
tinggal nunggu lsx s14 nya mas dio aja sii,0
sukses selalu mandalika77,1
emang gak obat sih seru main alexis star star,1
ku tunggu sejak tadi malam hehehe terima kasih,0
baru hari main alexis star star gue langsung tagih,1
alkahfzikri7288 dukung bikin partai isi orang orang bener aja,0
kaya s14 amandio bodi brz,0
sipaling mana2 cok alexis hduh,1
patungan tim joy,0
utama paman joy joy,0
maaf lambat bang semangat salam probet855 gampang jepe,1
wede juta proses gampang banget,1
lebih presiden prabowo jawab lantur,0
gabung alexis17 bulan udah beli tanah,1
beli mobil listrik aja asli ntr murah dah,0
axl777 tiap kali maen aja wedey,1
gokil keren cok raised hands raised hands,0
w ngakak jokes bapak bapak sheila on wkwk,0
pingin sumbang like nonton komentar denger monolog joy,0
hipnotis presiden belum buta baik,0
knp abang nya yg lebih dominan ngomong waktu recaro sweat smile,0
mobil gus iqdam mantab,0
njir denger denger alexis17 promo bener gak sih pokok,1
robbyzulhaq rz6725 kurang nyimak lu ngap,0
kacau yaaa hadeuhhh,0
jumlah dislikenya hilangin,0
statement paling gokil ayah pak ahok,0
agustoto aku cba jepe gede lngsg,1
denger denger alexis17 promo bener gak sih,1
anies ahok kali,0
baru denger harga langsung tarik nafas panjang,0
rasa layan rulau777 sangat profesional,1
dislike tp ga muncul angka,0
kabar crosstrek gamana bang,0
judi hama hancur semangat orang orang,0
nmax turbo hedonnn,0
penuh mimpi menang pulau,1
emang gak se jujur alexis star star deh,1
jepe emang pulau777 baik,1
aansaputra3870 iya bner ibarat nya test the water dlu liat sikon,0
ganteng velg belum,0
pertama maen sampe skrg agustoto ga pernah zonk,1
gus idham udah punya keren banget heart heart,0
mending beli maung beli macan joy joy joy,0
faktor tentu ad tangan teman teman gibran wakil presiden,0
anis ahok oke white check mark,0
jeep wagoner tahun 70an baut roda,0
ma nut8 gachoor parah geeeeess,1
bikin konten mtor bg,0
mobil farel blum,0
malam untung agustoto seru banget,1
bang pandji please part two with ahok grin,0
rasain maxwin ga ru da satu tiga delapan jepe heartpulse,1
gibran cari aman,0
gassssss aghhhhh like nya yg like seomga kebel hp lipat thumbsup thumbsup thumbsup jempl dah blush,0
mantap mas wapres heart heart heart,0
cuma mau kasi masuk aja bang aku sering main mandalika77 main sini sportif g selalu rungkad bahkan sering kasi menang,1
adik giant doraemon jaiko,0
makin mantap kawan main manut88,1
hahaha demo nya bayar kata,0
minggu main alexis17 gue udah lunas kpr,1
sini point right mandalika77 buat sanggat senang sekali tada tada,1
mulimuchlis1414 ngomong bahasa elit padahal cari kerja sulit,0
senang banget rezeki tak duga dora77,1
gak rasa waktu cepet banget lewat kalau udah main pulauwin,1
bandar weton88 sunny auto sultan gacur,1
wah koh ruby thank you koh,0
saran ane suara dalem bg biar sukses terus,0
catat asal perintah ikut bantu support pak,0
gokil ko ruby wkwkwk makasih luang waktu sparkles raised hands raised hands raised hands,0
akhirnyaas crosstrekk,0
megarulimega omon2 doang kejar koruptor smpe antartika,0
silap admin ngak minta no akun buat buka yawning face,0
dengki lu lu siapa ka,0
anggorodps 9 menit mna prabowo jawab langsung to the poin,0
dailyinsporation dikit buzzer joy joy rofl,0
presiden yapping wkwkwk,0
bau bau world cup cium fire,0
jadi menang lanjut raih hadiah spektakuler pulauwin point up,1
migrain make indonesia great again joy joy joy,0
dewadora bikin mekswin makin gampang,1
style taktis kayak gin perlu leader indonesia,0
ngebantah bang joy,0
jangan spoiler biar penasaran,0
oi hok ahok lu nyapres dah bakal gua pilih,0
president kurang wkwkwkw,0
gercep banget,0
gokiel loe dip tada tada,0
langsung beli nasi padang joy,0
scholar mate joy,0
yg warna merah jngn sampe lepas sayang ga review cry,0
awas bang komen pp nya ngk akun buzer perintah,0
alexis main dikit saldo langsung byk,1
gila alexis17 cepet banget proses salut pokok,1
temen gue rekomendasiin alexis17 mantap,1
bang bahas legion y700 yg kata spek pc,0
star alexis17 tempat tergacor,1
bang suruh nonton ulang sama buzzer 400perak,0
om mob fit ga banyak lawan joy,0
saat mas ziko 200sx pasang ls hdc 1uz joy joy joy joy,0
tantang sabar nanti ganti wapres joy,0
besok pagi beli ah,0
bwahahahaha,0
sangat sulit temu tempat pulau777 kualitas,1
huawei tkdn nya apa,0
ken block banget asli,0
sangat gokil kawan,0
aura nya reno bnget joy,0
gak nyangka sih se enjoy pulauwin,1
ggwp sih ad in jud ol kek tai dmn2,0
anjay sih alexis17 trending gitu,1
mamamia6512 copast ai,0
obel vs farel harta vs tahta joy joy,0
timbang jajah mlndalikl77 harga inovasi kreativitas,1
gas dah buat modif motor ninja ss vario,0
sketer kali kali hoki limpah bos,1
fate v9f skor atas jt atas 2jt ga bakal lu beli breeee joy joy,0
indonesia ancur pimpin begini,0
poin2 apa yg lw gasuka sampein,0
harga kualitas perhati detail mlndalikl77 mungkin cocok,1
langsung beli samsung a16,0
hyaaa mobil gus gus,0
y kalo dah d kasih motor udh wajib promosiin,0
manfaat,0
anak nya om ombi aktif balap kayak anak e om fitra dong joy biar seru,0
baru kali dengerin dialog capek banget,0
aceh om mob lebih asa test drive nyaa,0
pevs lihat mobil pevs lihat,0
jadi mules guah nauseated face,0
gue takut tinggal tren pulauwin orang udah ikut,1
lebih ganteng mobil nya ziko mas dipo,0
aku nyari komen yg dukung koq gak nemu2 yaa,0
bener enak hp yg udah paten gausah tekuk2 ribet jg,0
semangat bang dipo,0
muhammadmudayin jurnalis sabar bgt pdahal mah gregetan,0
tunggu yg lipat joy,0
harga kualitas sih kalo ngeri banget,0
jangan bohong dosaa,0
duo marah saling jaga biar gak marah marah hahahaha,0
ngga tau berkah99 si tempat menang,1
jangan kesi jatohnye,0
mending mulyono periode kalau jawab gitu haha,0
dipo full senyum tada,0
gue gak peduli apa yakin,0
tim clbk aja cry,0
lancar lancar bang salam jepe star sgi88,1
crosstrex brz farrel cry cry cry,0
mantap ko ruby,0
keinget kenblock,0
jaecoo j7 aja basis tiggo kok j8 yg basis tiggo,0
huawei esia hidayah bagus mana bang,0
hp sultan langsung buang joy,0
coba dah ga jalan mulus nih kang joget,0
jangan lupa basmi ormas tukang parkir mas,0
nyata yg khilaf kasih like,0
coba deh alexis17 jamin makmur wkwk,1
yakaan hebat btt gada yg gebrag meja,0
emang kl demo damai dengar turut inpirasi rakyat joy joy joy,0
gokillll kapan yahh gua punya mobil kaya garasi drift,0
bagaimana cara lihat jumlah dislike,0
biar lihat pinter set begini kok malah lihat goblok joy joy joy joy,0
gila pajak china juta masuk indo jadi juta,0
semua tanya pemred mayoritas jawab on point,0
ngakak gw liat reaksi bang panji face blue smiling,0
kaan kaan sweat smile sweat smile haddeuh ga jelas loe wo,0
tos sepuh kan nu penting joget gemoy dlu joy,0
bantah jg sbg jawab kan drpd hindar,0
kayak honda maestro jaman dulu semua roda belok blush,0
konten macam apa gk jelas fufufafa,0
mahal banget 50jt iphone yg aja gak kebel sob,0
kan sambung jadi ngga mati layar joy,0
gak salah emang kata sodara gw maen mandalika77 hari hasil mantep bgt brooo kapan maen bntaran doang udah kasi narik banyak gin kwkwkw makasih mandalika77 paling mantep kamu,1
angeliart bayar berapa om joy,0
iphone gin gk rofl kaum apple yg suka hina android panik,0
bulan main alexis17 gue udah libur eropa,1
gokilll bang fire fire fire,0
coba bayangin sama kdm,0
bang video sgi88 percaya 5k 1jt,1
minggir miskin jangan nyampah channel orng,0
masterpiece hand,0
kreeeennnnn,0
fufu fafaaa,0
narkoba selundup mantap,0
gak modal gede alexis17,1
emang konsep gitu mas pure natural grimacing,0
jakpot besar bikin aku makin semangat tiap kali main dora77,1
cuma jt aja kok iyaa cuma sob,0
preeeetttt,0
anies baik noooo,0
episode kali ngasih tau kalo bang pandji ga jago main catur joy,0
gacir banget main probet855,1
bagusutoro9547 lah emg si owo gtu doang bsa nya kan buzzer perak,0
pagi pagi udah senyum iya cuan pu lau tujuh tujuh tujuh,1
ikut sedih sama mobil baru gd cry,0
next anies or kdm ubah indonesia id,0
mas kaya mobil reli,0
thumbsup thumbsup thumbsup thumbsup thumbsup fire fire fire mantefff ooommm blush,0
gue rela ninggalin bisnis lama fokus alexis star star,1
bikin video review lengkap volvo xc90,0
agustoto cuan mulu,1
moreno konga,0
yhaaa kaga nyimak video coba tonton ziko bilang apa soal mesin,0
almarhum ken block fire fire fire fire fire,0
ken hidup makmur alexis star star jawab,1
shlevyi7888 eh iya wk,0
istimevvah fire,0
berkat nonton yutub tuan cepat langsung beli besok,0
bagus ketimbang samsung huawei kualitas bagus dulu,0
sketer muncul maen jepek,1
eh kok tiap scroll story ig temen pulauwin,1
huawei emang ga main main soal inovasi,0
gates gacor banget udh jepe kali,1
cuman baca komen g tarik liat isi video nya,0
tanding catur selesai menit sweat smile sweat smile sweat smile,0
uu aja bs rubah bang jumlah like emang parah ni fufufafa,0
awal mula komedi lucu banget reaksi pak ahok joy,0
ku kira david ngatain joy,0
honda mobil motor laku krn harga jual laughing,0
pagi pagi udah dapet notif wd alexis17 mood langsung hari,1
emang gak se fair alexis star star deh,1
main agustoto buka jalan tukang jahit usaha sukses,1
agustoto aku cba maen malah jekpot gede,1
tunggu akhir nya pak ahok,0
duit malaysia rm13000 babi ckup blnja rumah satu tahun,0
udh kali jp hari mantul banget,1
hancur mobil crash hari,0
wew turning radius berapa meter joy,0
goood banget hp nya punya charger bawa tada tada,0
makasih mandalika77 berkah kamu beres pinjol aku sisa ngengngengngeng semangaaat,1
lockysigarlaki163 kalau g percaya silah kroscek bro lu keliru bro,0
mah auto trending,0
iya cuy sama joy,0
gd emng gk pernah salah anjir kalo modif2 mobil keren heart,0
udah banget menang alexis17,1
nafas lu aman bang engap banget nyimak nya,0
judul presiden prabowo jawab,0
sidak jokowi kapan masak ga berani,0
tuju mas ridwan uji sampe aceh om mob brani gak sweat smile,0
kalah menang,0
kembang arhan semangattt salam sgi88 gampang jepe,1
dak nyangka hasil puas banget,1
kapan iphone bikin fold,0
kalo udh jumpa om mob seru joy,0
alam pulau777 selalu kesan,1
udh crf tinggal kebon moyai,0
beli nokia joy,0
duh ngeri2 sedep klo nyenggol mobil battle nya race nya,0
gak nyesel deh udah kenal alexis17,1
dahsyat gd,0
jersey timnas baru gokil banget moga kebel,0
beda alexis17,1
adi tagih kan kamu seemenjak erti main mandalika77 senang sangat main sini memang cuan sangat main daqri,1
judul presiden prabowo yapping,0
mandalika77 auto win terus,1
berkat agustoto ubah bantu rumah milik cleaning service,1
pertama kali dlm sejarah wa pres jadi bahan bullian se indonesia sweat smile,0
enak punya bapak presiden cari kerja susah banyak phk joy,0
otw jual tanah dlu om sweat smile joy joy,0
banned amrik ketar tir masang tarif ampe joy joy joy,0
anak muda ga mau jalan proses benar rusak demokrasi,0
coba maen diga ru da ho ki malah jepe gua wkwk partying face,1
ucing orange lewat,0
gila byd bagus banget jadi,0
oxgen3 iya bener kelam kan,0
lifeisneverthesame910 seater tigo phev pea,0
video yg tunggu tunggu fire fire fire,0
coba langsung ngerti suka,1
santai santai eh dapet rezeki gede dora77 kalian mau tinggal kan,1
ajar ramah sombong bener boxer boy ii,0
kasi rakyat konoha joy,0
yg mencret n call bapak joy joy joy,0
cuci muka jangan lupa pakai sofel,0
murah lah listrik,0
jepe berkah99,1
lsg gicir modal ada bro,1
maen santai sering big win,1
buat gd msin kaya ginih gurih suara blush,0
ngikut jejelogy wktu sering main game joy,0
hujat erspo kini banjir order joy joy,0
sulistyowati el8kl bagus kawan ku berfikir logis bukan sok kritis,0
gak rasa cepet banget udah main pulauwin,1
review m4 nya dong bang,0
bunyi duit duit duit,0
kemudian dua marah marah hahaha lol,0
gila alexis17 cepet banget proses salut,1
hape rumah,0
gokil keren banget mas dipo index pointing at the viewer fire fire fire,0
tyota supra nya platinum bodykit nya mantep bgt,0
bawa showcase car sih,0
lihat buta megang gajah gtu,0
tanya prestasi mlh cerita angan2,0
sungguh edan jp sangat fantastis luar biasa besar dora77 pecah rekor,1
temen gue bilang alexis17 tuh bikin nagih abis,1
udh kolesterol bang joy,0
influencer2 beli bukan nunggu gratis,0
6g0d ucap cermin kualitas diri,0
banyak cerita seru gue mulai pulauwin,1
orang cepat tada tada,0
maju maju bos bos sunglasses,0
kek lebih nyambung ngobrol sama toddler,0
yakin buat capai titik,0
bjir menit skakmat tu pak ahokk,0
jg mas tow hook yg nempelnya pake lem doang,0
polisi luas ngak luas sama mbak nana ku cantik joy joy joy,0
gin wapres gw yaa alloh,0
sangat harga bagaimana rully777 layan guna,1
baru gabung alexis star star bulan udah buka usaha,1
cerdas tangguh banget tuh jawab tanya mba najwa joy joy,0
minggu join alexis17 gue udah beliin ortu kompor gas,1
jersey kiper nya dong bang,0
kali ngga skip nonton iklan nya lebih hibur baca komennya joy,0
hanyanama9308 nice statement sir,0
ratu skak eh bener pa ahok marah2 wkaskwakawk,0
pandji ko sama ahok,0
hm bahas mbg lalu pangan tiba2 bahas yg,0
makswin hari mntp sih situs,1
luar biasa bang video kamu star sgi88 percaya 5k jadi 1jt,1
nyata ramai yg main mandalika77 wkwkwk mmg lebih gampang jp sih,1
utang kelar gara gara maip dora77 asli gacir banget,1
sandar teras rumah sembari ngopi main main nyelot mandalika77 nikmat sekaleh,1
main sebentar aja langsung dapet rezeki keren banget dewadora,1
main santai wd gacir cuma pulau77,1
akhir pak ahok fire fire fire,0
ges doain gw mau coba stop maengaruda ho ki candu bgt gacor nya gw sob,1
owner apa tuh bang,0
kayak br latih buat besok bikin video undur diri nih,0
gue sih percaya aja alexis17 bukti temen gue sultan,1
klo mau liat mobil kostrad cipulir,0
max 33suaihm,1
gas jadi pesona semua maz rofl,0
next inovasi huawei keyboard lipet mouse lipet stylus lipet,0
rutsabatbungaaprilia3585 yg komen ga nonton joy joy emang ken hujat aja joy joy,0
semua orang bilang alexis star star tuh bener bener ngebantu uang,1
drpd iphone promax tb juta joy,0
bisa2nya warga jakarta lebih milih anies waktu pilgub kmaren sweat smile,0
bapak nya obel ahmad sahroni kwwkkw,0
aero88 emang bener bener gacor,1
orang bilang alexis17 tuh bener bener bikin tagih,1
ajar baca baik benar alias kosong rofl rofl,0
mandalika77 superrrrrr bos gacir layang,1
wkwk presiden lo bang joy cat,0
makanya ban gms takut kalah saing,0
anak2 abah gak kasih ijin,0
gak perlu pusing mikirin duit kalo udah gabung alexis star star,1
tempo ngga undang thinking,0
gapercaya garuda hoki gampang menang,1
sedih crash donk,0
kasihan negri moga tuhan selalu lindung negri,0
rakyat mana sih wakilin,0
percaya sama bang panji jangan masuk politik,0
harga rp an aja joy,0
otw beli person gesturing male sign,0
beli ori nya,0
misi pak kemarin faham bapak peran sbg apa,0
gua sales emg gokil siga ru da ho ki gacorr der,1
sobek lgi ga nih jersey kaya lawan arab,0
pulauwin semua orang tahu sih,1
sekali sekali main batam,0
mmmmmmmmmmmmm larang komentar sweat smile,0
arief muhammad omongin wkwkwk,0
hapus komen ki te ma bo te goo i ti,1
auuuuuuuuuu aja joy joy joy,0
sini insomnia kata temenku nnton cepet tidur,0
niat bangettt syg koehhh,0
hina kgk mempan puji kurang pantas sweat smile,0
gue sih yes alexis17 banget,1
serius presiden,0
pabrik tempat kerja sweat smile,0
terlalu banyak oknum pak,0
team yg nunggu versi hdc yg 2jt an,0
dulu banyak yg suka jokowi sekarang,0
volume kecil open mouth,0
fire alexis17 fire bikin auto happy gaskeun,1
judul mesti bonus orang,0
tam tim tam tim,0
beneran deh gak nyangka menang terus fire zap alexis17 zap fire,1
pin komentar om rendem aja soal banyak banget komen judol nihh,0
anis ahok udh solusi bangsa,0
sp12er org yg beli hp mah gw yakin ga bakal buat ngegame bang joy,0
disslike pause vidio liat komen sweat smile joy,0
mandalika77 tiap hari hoki terus gue sampe bingung,1
crosstrek gimana kabar nya stelah crash,0
emang gak dua sih alexis17,1
tau dapetin cuan gampang alexis17,1
bismillah jadi direksi pertamina biar beli ni hp,0
sangat keren,0
akhir nya hasil kebel vas bunga nya,0
2tq brio dulu yg pernah ku kerja blush,0
velg jf luxsuryy the best walaupun gk sebut,0
apa beda hasil kerja vs nepotisme face with hand over mouth,0
tingal mobil farel tada tada,0
gak nyangka bakal nemu tempat segokil pulauwin,1
top markotop selalu hadir nonton mas dipo,0
supersemar sweat smile,0
bro alexis17 turnamen gede nih hadiah milyaran,1
tambahin anies gak bayar design gaun mas didit,0
bang review vivo x ultra udah rilis tada tada tada tada,0
percaya diga ru da hoki gacor bgt boss,1
wow sangat paham ye guys joy cat joy cat joy cat joy cat,0
iya sama gw,0
a marwin raptor nyunda pis euyy haha resep ieu ngadangu na joy,0
kan ga dwifungsi abri iya kan,0
slide fb naik turun naik turun kok isi mandalika77 semua penasaran cobain depo main bentar aja ehhh malah maxwinnn,1
tim gercep alexis17 nih,1
jam ngeyapping,0
ga yakin paham apa yg ucap ikutin teks doang kaya beo zany face,0
si milea apa kabar nya ko blush,0
best so far,0
yg nama gimmick dunia kreator review,0
santai kebo gua blum laku,0
nonton full mas,0
hebat jurnalis gak ngantuk joy,0
jam ga bobot kosong melompong,0
hemanut88hemimpi besar berani gagal bangkit,1
nyata jaecoo adik nya giant blush,0
wajib coba sini bos super gaccooorr baru coba pake server thailand server luar pake rtp nya atas buy petir x100 x250 x500 keluar gassss langsung moga hoki nular abang cari google mandalika77,1
ngomong yg penting penting ngomong joy,0
avanza gak harga diri belakang hummer sweat smile,0
anjay mantep revolving hearts alexis revolving hearts main slot nge houdini,1
sukses mas wapres,0
grafik pukau game emang top alexis17 tuju,1
lihat huawei apple rasa jadi sangat tinggal soal inovasi,0
buat r34 lalu kirim sidrap pls,0
harus dah selesai lu ndjiiiiiiii,0
semua mau handle mumpung jiwa muda wkwwkkw,0
kira suami irish bella om jeje sweat smile,0
kelass mas dip,0
berani nya bicara sendiri dialog dong mas samsul,0
seru banget nih episode,0
rezeki aero8 bikin hari makna terima kasih,1
tinggal ganti kaki jadi mobil relly,0
aja gw coba alexis17 malam lumayan dpt 2jt,1
tim ga pernah skip kalo pak hok joy hand splayed,0
dewadora mekswin ga lawan,1
pawpaw4d coba untung,1
ga ruda ho ki gokil banget pecah ga sia sia anjaay,1
mak banteng lebih percaya puan ahok,0
minggu join alexis17 gue udah beliin ortu tiket umroh,1
masaallah inovasi terus,0
otw buat beli,0
hahahahhah sweat smile sweat smile sweat smile,0
males banget ngeliatnya,0
keren banget menang banyak sgi88 auto libur mewah,1
kalau salah satu baterai habis layar mati,0
emg udah keluar autonetmagz,0
infoin brp dislike nya blush,0
dasar buzzer bayar joy,0
jepey weton88 beneran,1
keren gitu oi,0
editing boom boom boom boom boom,0
murah banget,0
nonton cepat 25x lebih baik,0
bocah gk penting moyai moyai,0
desak emosiii emosiii kwkwkw,0
oke like komen,0
king ahok is back fire,0
kdm mahfud pasang jadi paket komplit qu heart eyes heart eyes,0
dora77 bener bener gacor,1
selalu seru kalo ngobrol sama pak ahok,0
koyo ngene iki presiden pilih,0
abis baca review sgi88,1
emang gak ngalahin seru alexis star star,1
sambut hari antusias mlndalikl77,1
cuman alexis17 bikin nagih,1
kwkwk anyingg,0
akhir vidio nomor mas,0
wede cepet banget sketer terus terus,1
game nya gacir tiap maen jepe,1
gak pusing mikirin cicil kalo udah join alexis17,1
komentar udah kayak paling pinter dunia ajaa,0
terima kasih saran baru engeh,0
luar biasa bang video kamu star weton88 percaya 5k jadi 1jt,1
punya farell mna yaa blm jadi joy,0
lah ngegas joy ga yg ga mungkin politik bang lockysigarlaki163,0
sok langsung aja fire,0
yo apik iki hasil e bikin neng,1
sumpah serius nanya alexis17 beneran bagus,1
cuma sini gak nyangka menang terus fire zap alexis17 zap fire,1
ga nyangka utang lunas maen agustoto gokil banget,1
jadi serasa nonton yaaaaaa,0
seperti ikat sama yamaha,0
anggorodps 9 ga bang cuma warga sipil,0
gw baru aja liat speed review joy,0
skip anies cara kerja luar prediksi bmkg wkwkwk,0
kapan wapres pecat,0
halahhhhhhhhhhhh,0
tuhan mimpi apa indonesia,0
sans 790an ngelike sisa dislike joy,0
gak cocok bang malah bikin emosi joy,0
jawab apa2,0
jadi versi baik diri sendiri manut88 doa,1
yaps kalo gasalah lbwk rx7 armuh,0
lbwk jelasss yum,0
buset star alexis17 nyata mudah yah,1
kalo gabut alexis17 juara,1
jg nyari ko g,0
yg baru sebut komen bukan caci maki,0
kapan main situs segacor probet855 asli nagih sih,1
temen gue sampe bilang hidup ubah kenal pulauwin,1
gretamarielleni no garantee,0
ngomongin ai doang,0
auto aman sketer sering nongol,1
lexus gada skarang,0
tumben mau pake mesin teknologi kuno ohv,0
gue sih udah ga move on alexis17 gacor bikin nagih,1
lebih tarik komentar netizen video,0
kenal alexis17 gue koneksi bisnis,1
log in dulu dong,0
sedih dengar jawabn beliau malu diri sendiri,0
anjay keren revolving hearts alexis revolving hearts main slot traveling,1
pbrikan mobil china yg besar apa aja,0
komentar2 percaya pak probowo gak punya buzzer,0
vibe ni mobil mendiang kenblock bgt cry cry,0
bagaimana cara ludah online,0
sound nya gedein bang hedset an naik motor ga kedengeran,0
alexis yin tuh emang udah jadi hasil utama gua sekarang,1
mending gibran silvester,0
mobil asa siap hantam balap liar fire fire fire fire fire fire,0
pak ahok paling terang benderang heart heart heart,0
yg dis like kok gak lihat jumlah nya,0
efektif gak sih laporin akun2 yg spam judol capek sendiri gua,0
hahaha setujuuuu,0
nunggu uu prmpasan aset koruptor,0
cuan tuh mitos bukti pu lau tujuh tujuh tujuh,1
tebak buah manggis kali,0
penuh berkah bahagia berkat suhu328 rezeki hampir permisi,1
modal mini langsung jepe mantap,1
sih alexis17 bocor,1
ahookkk cintaakuuuu heart heart heart heart,0
kerennn contentnya bang cari situs benar weton88,1
terimakasih udah sadar sekarang buka matam,0
main cerdas pluto88 hasil bicara,1
jawab yntkts,0
sedikit bicara banyak isi x banyak bicara gak isi white check mark,0
rizqiartsklo dulu jual beli mobil kecil sekarang rambah bus udah kyk subjay joy,0
segitu level ges yak siap siap,0
panji udah diajarin sama queen irene lengah aja wkwkwkwk,0
mulai pinter ye,0
anak macan numpang lewat,0
bagi mana,0
adeirmasari3775 walaupun kata sekolah smp mas,0
muak editor nya joy,0
mobil nya papah racing team wajar aja pol abis,0
elegan warna cerah beeeuh kelasss,0
pluto88 emang beda main langsung menang gede,1
asyariiiii wtf dedi mulyadi joy joy joy joy,0
hadirr bos,0
jumlah dislike nya disembunyiin yaaahhhhh,0
mods rata kanan butuh endors,0
cieee nungguin costrak joy,0
keren euyy mandalika77,1
tajem2 banget,0
mobil keren reviuw kelas ilmu keren mas sukses terus thumbsup,0
bu mega,0
they don t get paid enough or not smart enough easy,0
jokojmc sblm wawancara nyimeng dlu kali,0
koplaaaakkk joy,0
salah milih presiden,0
bener wkwkwk males dengerin presiden ngang ngong,0
gw main mandalika77 sampe bikin akun kirain bakal rungkad salah satu eh wd mulu wkkwkwk,1
aja maen slow baru opening langkah joy,0
keren omkuu,0
aowkwkwk kocak,0
ginahginah l2n iya face with peeking eye,0
byd geely chery changan,0
serius deh alexis17 bener gacor,1
didik pintar tegas berani cocok ni jd wapres,0
kdm ahok kali,0
gas modif motor yum,0
suported apa suportif sih yg bener seriusnanya,0
qaisardaulay219 money can buy everything rofl,0
gue rela bolos meeting ikut event alexis17,1
temen gue bilang alexis17 tuh bikin candu,1
emang gak saing sih untung main alexis17,1
kan anak nya raja bohong ijazah palsu,0
patut tunggu yg non ev sih grin,0
modif motor bang,0
bang pandji dulu bukan gak suka sama btp,0
ooooo numpang jumbo nyata,0
gue udah ga bayangin hidup alexis17 udah sumber nafkah utama,1
bulan main alexis17 gue udah libur lombok,1
gak bosan main alexis17 menang,1
abis pacinko lanjut sini,0
keren lu bang,0
geloo weton88 cair terus x100,1
eh lewat jalur busway joy,0
anies ahok the next president and wakil president tada,0
baru bulan main alexis star star gue udah libur labu bajo,1
persis kayak dahulu,0
apa sih ngomongin siapa berapa banyak,0
mrdidifar cocok hahhaha,0
harga kerja konsisten dora layak timbang,1
sabar bang ngadepin otang fikiran pendek joy,0
otw dulang emas dalam papua joy joy joy buat beli hp,0
undo moment moyai moyai,0
sedang tren bang ndasmu bikin liverynya dong bang joy,0
savage parah revolving hearts alexis revolving hearts bonus welcome nya bikin longo,1
video gua pause,0
nicetry hand,0
kalau wapresnya tukeran sama gubernur jabar,0
bener bener kek dengerin orng halu yapping,0
mantap jiwa raga main axl cuan terus jeda,1
eh panji trik tiga langkah suka dipake buat push rank joy,0
pulau momen menang tak lupa,1
inpo bodykit jual gak bang dipo open mouth,0
gimana ndji keren gk pak ahok joy,0
yaaa lahhh presiden hasil ntahhh pilih siapa,0
raih bahagia sejati mandalika77,1
tau rahasia sukses alexis,1
wkwkwkwkwwk lucu banget om,0
gk bosan nya alexis17,1
betul bang ane ngantuk dengerny,0
nyala wii manut88,1
alloh kapan sy bawa pulang unit,0
iya beneran sob,0
gitulah otak kalo udah kena brainrot joy,0
isi daging semua heart,0
bang pandji soundnya bang,0
gak nyangka menang pluto88 serasa mimpi siang bolong,1
jp pluto88 baik sih situs,1
akar awet baik,1
ga usah bahas yg tinggi lo aaja jadi wapres krena bapak lu,0
koislot kasih bukti janji minggu langsung dapet,1
min lanjut sgi88,1
pake karoseri morodadi keren psti body nya kuat kya tank,0
baru minggu join alexis star star gue udah beliin ortu kulkas pintu,1
wkwkwkwk lucu2,0
tetap cinta ckd,0
robbyzulhaq rz6725 nyimak lol bilang chanel pribadi,0
detik mas solutif banget,0
beli iphone,0
menit happy banget hasil dora77 bikin hari ceria,1
semangat bang buat konten nya blush salam sgi88 gampang jepe,1
englishtown sih,0
mobil baru beres langsung crash bg,0
kini indonesia bukan tuju emas jadi masgibran,0
petir koislot dateng pas butuh hibur,1
pajak berapa yah klo ev premium kek gin,0
gabung alexis17 minggu mobil impi langsung lunas,1
the best skakmat makasih udh ngasih tonton kualitas bang pandji,0
pulau777 emang gacir jepe hari,1
dora77 auto mekswin,1
beli ah,0
manut88 moga cinta,1
biar lbh quick lg kalo mau gnti ratio joy,0
rezeki beri agustoto sungguh tiada tara terima kasih allah,1
langsung auto beli alam mimpi joy,0
penasaran deh alexis17 kayak seru sih,1
mandalika77 aku cba langsung bawa pulang cuan gede,1
udah coba alexis17,1
gak mau ahokers,0
anjir mandalika77 situs suka teman gw,1
emg jawab apa yg ingin,0
memang ga salah manut88 buat gue gila wede,1
dewadora sukses jual keliling usaha kopi,1
kontenn kreator wapres bio link nya sweat smile sweat smile sweat smile,0
untung bikin cinta dora77 hasil,1
baru hari join alexis star star gue udah dapet cuan buat dp rumah,1
nyari takjil naik skyline come back blush,0
gue sih yes kalo ajak main alexis17,1
teknik jawab diplomatis,0
yg viral menit berapa aja,0
kalau narasi berani wawancara tuh pak gibran raka buming,0
nunggu video bangun brz nya farel,0
udah susah2 rebranding nama btp kesini dibalikin ahok lg dong sweat smile,0
main santai cuan king328,1
basmi judol,0
rezeki datang terus rulay777 gokil,1
ga salah nih notif,0
pulau777 emang seru banget banyak untung sono,1
gue rela bolos kuliah ikut event alexis star star,1
grafis agustoto keren banget bikin betah main,1
baru maen langsung mekswin dewadora,1
ahok feat anies yukk heart,0
menang berkat pawpaw4d hoki mudah,1
cuma sini tempat paling aman asik fire zap alexis17 zap fire,1
tim nonton doang kaga beli joy,0
hp yg buat milik iphone ronta ronta hahhah,0
keren banget menang banyak agustoto auto libur mewah,1
ismailadrian f2e terus ga kritik gitu,0
mandalika77 banggan rakyat,1
kota juta bunga hadir,0
member gar uda hoki jepey,1
kalo ngedislike penjara gak coba info,0
coba bang pandji sama ayah gibran raka buming,0
mascar007 konoha bos kalo jd buzzer yg teliti,0
alexis17 udah deadline mepet bom gue lapar nih,1
lu yg ga nangkep kali kocak,0
main aja gicir terus,1
dialikenya sembunyi wkwkkwkwkwk,0
m rakhapa jeco sama chery sama mesin phev nya,0
masya allah made in china luar biasa,0
pilih ikut an yg penting goyang gas,0
mercy anak gasx gank,0
bengkel rekan,0
alexis17 ngertiin butuh gue beneran,1
anggorodps 9 emang kritik gabisa luar negri bebas orang mau kritik,0
gacir banget dewadora hoki abis,1
anak abah wkwkkwk,0
faa3457 k9l apa beda ente sama2 maniak ap,0
tuhan sedih banget denger jawab sob sob sob sob sob sob sob sob sob sob sob sob sob sob sob sob sob sob sob sob,0
presiden hebat yg nanti indonesia heart heart heart usd rp,0
fix llexis17 emang beda bikin member setia,1
rusak mending mundur aja maksain jadi presiden,0
whh cocok nih buat bangunin orang sahur sweat smile,0
hp lipet gasih,0
akhir yg tunggu2 grin sgi88,1
gm irene sukandar udah nang,0
angeliart busett komen mana mana sumpah buzzer,0
hoki gak bohong udah pakai pawpaw4d,1
kok lu ga makan gua bego banget lu joy sob,0
kenang indah pontianak,1
jokojmc gw heran kaum tetap muja muja presiden ky gin,0
yg rbuan gak bro joy joy joy joy joy,0
belik cilok depan alfa 5k moyai thumbsup,0
tempo ngga ajak duduk nih,0
bahas izasah jokowi bang,0
keter sering mampir wede aman,1
raja terakhirrr,0
haha bowoktok de tok,0
emang sih upload minggu kali btw,0
do you see what i see cry,0
keannudandossi7613 aduu sorry chrysler mah jeep sweat smile,0
andhikasuryaputra413 soal prompt ai ga arah main catur grin,0
buat penjara koruptor gunung anak krakatau pak presiden,0
harga komunitas solid agustoto mungkin cocok,1
alphacraft1386 hehehe tau iri dengki darimana mas jangan prasangka buruk,0
besar hati sangat nemu web mandalika77 lega hati sangat lah habis lama main baru kali selisih gw naik jadi gin brayyy nang saking neng,1
ghacoorr nya lewat sumpah ga ru da ho ki rage,1
gas bang tada tada tada,0
bapalu gay,0
dora77 tawar alam daring beda grin,1
angeliart memang undang,0
happy banget dapet rezeki dora77 bener bener puas,1
gacur banget modal ada cuy,1
modal kecil langsung gacir dora77 puas banget main sini,1
lo diem aja dapet cuan tempat pu lau tujuh tujuh tujuh,1
agustotomenawarkan alam daring halus poles,1
ulu777 hadiah,1
banget tuh konten motor nya,0
anak bapak sama aja,0
best ever,0
iya yoga buzzer gausah ngespam dong joy cat,0
cuan gak langit pu lau tujuh tujuh tujuh,1
gasss konten motornyaaa,0
woilah opening jalan tani rumah gw,0
planet venus kembar,0
grassroot nonton gak,0
yng tunggu tunggu damnnnn boom raised hands,0
jepe wede lancar banget,1
gue rela ninggalin nonton bola fokus alexis star star,1
buset suara nya gileee supercar lewat,0
main axl777 siapa tau rezeki datang,1
terimakasih bang,0
iya iyain biar cpet kelar joy joy,0
rizkyanihidayat7110 ngga baik seolah2 tau,0
bused mewah banget,0
juta aja bree joy,0
kok ngeri2 sedap yaa,0
skakmat baik kocak terngakak rofl rofl rofl,0
modif mio sporty bang ziko heart eyes star struck,0
bro beliau milik jenggot wkwk canda,0
bokuggooiti lunas utang auto kaya cok,1
mrsomyaputrakebenaran mana gw tanya joy joy,0
gatau kak,0
habis kesamber petir kakek main mandalika77 scatternya gilagilaan putar bagus terus mantap kali main sini bang,1
malam makswin modal receh,1
nemu bro part ikut kali mikir positif aja dlu,0
ilmu mahal fire fire fire,0
biasa privilege rofl rofl,0
riko syahputra96 justru banyak juara jadi sponsor bro,0
ga boong dora77 depo kecil doang mekswin kali kali,1
si gw ga kaliatan jumlah dislikenya sweat smile pray,0
dislikenya sembunyi mas wapres sweat smile,0
lebih seru baca komen nonton 3jam wkwkwk,0
super happy berkat agustoto rezeki limpah,1
gak ngeh pak ahok 7x wkwkwkw,0
dislike aja wapres ga mutu pilih krn ordal,0
emane rek jual,0
si safri sama si bima suruh pulang cina bikin malu indonesia aja,0
manfaat bang tidur gue jadi nyenyak joy,0
lah undo joy,0
the best anjir,0
jiwa dagang memang fire fire,0
bro alexis event spesial nih rayain ultahnya,1
kembali kau curi lah pinjam bunga dong blok joy joy joy,0
ahok nih hukum pengaruh rakyat indonesia,0
langsung beli ah,0
ziko agi bintit,0
mandalika77 menang besar hadiah luar biasa,1
suhu cara daftar alexis yin gimana,1
alhamdulillah tada,0
salut gk nutup kolom komen,0
gak malu gw malu bngt co indonesia dipimipin kaya gin cry,0
hemanut88he rubah hidup jadi lebih matang,1
beli dealer chery mas ridwan,0
sketer muncul terus auto jepek,1
gk abis pikir masa gk kenal sama ringed planet alexis17 ringed planet,1
ini sebut pria punya selera fire,0
bro aja nih alexis viral tau gak sih,1
komen lucu dri buzzer joy ismailadrian f2e,0
kayak nonton matematika harvard,0
18menit 400k cry,0
tuju butuh meme baru nih,0
sx pake mesin v8,0
wkwkwkwk mobil paling mahal juara amandio dong,0
lanjutin yaa bang gua dukung,0
asc ahmad sahroni center joy,0
keren coba bang gas sgi88,1
gila pulauwin beneran legit sob,1
lek jersi njaluk sitok wong ngawi weary weary weary weary weary pray sob sob sob sob,0
auuuuuuuuu,0
ahok gas anis skip,0
aktivitas pulauwin lari asik,1
hebat kan ga hebat joy,0
apa nama link mandalika77 nya bossku,1
dukung anis,0
dapet motor joy,0
bukan ahok anis sweat smile,0
makin makmur dapet squad777,1
emang gak se mantep alexis star star deh,1
memang paling nih wapres tau banget ngolah algoritma,0
maino dewe,0
gak salah pilih deh pake alexis17 banget,1
kutuk semua bandar jga yg sesat mandalika77 karna cm yg gacir haha,1
kritik bangun lanjut,0
hibur ku blush ngemil nonton nikmat sekali alhamdulillah,0
mau beli ginjal,0
lah emg udah proper bg moyai moyai,0
garis ijo assalamualaikum,0
ngerti gak apa yg diomongin,0
gimana cara minta bapak sweat smile,0
apasih org bahas jersey timnas malah judi gak hormat,0
apa jadi dunia kiamat ahok yess anies no jual agama,0
gas modif xmax sweat smile,0
bang hp nubia v70 cb review hp d bwh jt,0
baru cadi langsung crash sob,0
arifhidayat4149 kamu tiba tiba buta apa,0
ahok aja no anies,0
serius deh cuman alexis17 baik,1
pulau777 waktu main waktu menang,1
bagus banget emang kaca filem wincos heart heart heart heart,0
skill ulti keren parah alexis17 pukau,1
semua temen kantor gue kepo sama hasil alexis star star,1
beli kapal api special mix,0
bukan main sini bukbuopt selalu jepeee,1
mobil suami irish bella,0
aku nonton sampe akhir kok bang tekan tombol dislike xixixixi,0
sy ntn krn btp aja,0
fiktif presiden kok ngasal bicara data sweat smile,0
rezeki gak putus makas pulau777,1
dewadora member bru jepe,1
pingin beli lah buat timnas,0
alexis17 emang beda bet,1
waswiswus yg penting ngomong,0
fix k aceh aja om gas,0
dr awal pak ahok udh bilang ronde joy,0
episode selesai,0
os nya gmn,0
kayak gw ngobrol sama kakek persis jawab nya ngelantur,0
lgsg otw mimpi,0
gue sih ga ragu rekomendasiin alexis17 temen temen gue,1
need money for porsche nempel lamborghini moyai,0
sparkles weton88 sparkles,1
benar2 kerenn love you gesture,0
untung bikin cinta agustoto hasil,1
review supra mkvnya banggg,0
gile ye racing ye,0
jam sia siaaa,0
bagus nokia bang sweat smile sweat smile,0
ngotot ahok jadi presiden ga bakal,0
rasa ferry remond joy,0
gokilll,0
udah paling ciuuaan deh main mandalika77 ga mau pindah situs situs uadah kksih aku kmenangan jadi memang beneran udah nyaman bangetttttttt,1
masa 2jz gd alih ls hehe,0
pulauwin sih sebenernya segitunya nyebar,1
udah jelasin awal vidio,0
mending beli mie ayam,0
gass modif motor,0
ubur2 ikan lele rawan bakar lee,0
manipulasi putus mk x manipulasi main catur white check mark,0
gue rela gak hangout temen nabung alexis17,1
kok ga muncul dislike nya,0
speaking head harga lima puluh juta ajaaa moyai,0
menit kelar wkwk joy,0
capek banget jadi warga konoha,0
yea ga berani tuh ngundang tempo stuck out tongue winking eye,0
bismillah prof mahfud ahok,0
gilaaaa ahok respect heart heart heart,0
hahahahhaha,0
gacur hari modal ada,1
bandar sgi88 sunny auto sultan gacur,1
tetep nonton walaupun ga ngerti mobil,0
cumap luto88 nih langsung ngasih jp mantap bro,1
iklan judul benar benar bikin darah,1
emang kamu sama gak nyambungnya andi maulana,0
jadi tabung apa masa depan,0
vincent zs7oy gitu boleee joy,0
lcd flexible rawan bang fix bukan buat kaum dang mending,0
patung gasss hayu,0
nunggu lipet aja deh,0
agustoto gua maen santai saldo lngsung naik gede,1
bangun motor ninja aja bang joy,0
wkwkwkwkwkwk joy,0
menteri ny banyak orang mulyono,0
modal sedikit langsung limpah hasil main doyaa77bikin makin semangat,1
hasil agustoto tingkat modal usaha signifikan,1
benywijaya5521 ngomen diri sendiri,0
pulau777 punya fitur paling lengkap,1
kayak mobil e pick up,0
episode paling lucu hahha,0
cuman orang yg gw percaya bakal bikin indonesia lebih baik,0
emang gak se seru alexis star star deh,1
mahfud md ahok,0
mana crosstrack bng dh nungguin nih,0
crosstrack beso jumat kan cry,0
mang pabrik erspo bandung bocoranna atuh,0
kumpul beberapa pakar masuk pakar korupsi alias koruptor joy,0
lbwk bang lambo,0
gue sih yes terus kalo ajak main alexis star star,1
presiden prabowo cerita,0
suara mirip lightning mcqueen joy,0
pak ahok sudah wawancara joy,0
layan pulay777 sangat cepat muas,1
seru main agustoto bareng teman teman asyik,1
redi jual mesin 2jzgte biar kyk garasidrift man,0
konsisten jadi jari tengah lingkung tetep boros ev,0
om fitra sama lai bikin film mobil seru joy,0
sihh lebih cocok mobil sprint rally sihh sunglasses,0
ziko kemaren gak ikut event,0
gak ngebosenin sih gue tetep stay pulauwin,1
new armada r22 cakep tada,0
coba diskusi wakil presidenya joy joy joy jangan lama lama jam ajah joy joy joy,0
mlndalikl7 jekpot terus pokok gk bikin kecewa,1
bilang joy,0
gm irene nonton pandji be like oon,0
njir alexis17 emang daun banget gila sih,1
nyuruh orang produktif aja kerja cariin bapak,0
makasih ko rub pray,0
agustoto bru join lngsg wd gokil banget,1
yaelah pulauwin muncul,1
rahadiarum7448 menit gk bahas transparansi bang,0
muakkk,0
tahu minim lebih hebat gak om mob,0
berkah99 terus abang abangkuu,1
hadir bang,0
link beli jersey ori bang,0
kerennn contentnya bang cari situs benar probet855,1
aura moreno konga nya kuat bngett,0
moga p1 mas umbu,0
cara bikin timestamp begini gimana sih,0
bau bau piala dunia kemarin aja bantai ama iran,0
50jt hp soal lipat sweat smile,0
gila sih rasa gak lengkap hari fire zap alexis17 zap fire,1
aura gicir nya nampak banget guys bukit888,1
gpp kak jogetin aja oke gas oke gas wkoakwoaw,0
makas pulauwin udh ngasih rejeki banyak hari,1
outstanding sekali kasih keras terus pokok buat team gd,0
mascar007 mas asep mas asep slight smile left right arrow,0
axl777 tiap maen aja jackpot luar biasa,1
bang review pick up lbwk dong awoakwoakw,0
gak perlu didik tinggi buat menang alexis star star,1
cuma sini zap alexis17 zap emang gak pernah ngecewain,1
tau aja lu bang kalo gua otw beli hp,0
undang bu sus tarik baang,0
ngidam ngidam ngidam,0
setia aja alexis17,1
tantang diri sendiri tertawa baca komen pray,0
agustoto emang top notch highly recommended kalang,1
tim beli doang nonton kagak point up,0
langsung beli poco x7 pro,0
tu bang ziko modif motor,0
baru sadar mas dipo kumis hehe rofl rofl,0
mekswin mahjong seru banget,1
jaka sembung bawa golok kok gak nyambung wo joy,0
gass modifikasi motor bang raised hands,0
hydraplus510 bukti kualitas masyarakat sangat prihatin,0
alexis yin emang ga main main soal aman data member,1
makasih mandalika77 umur umur baru kali lihat kali merah wd juta modal 60k,1
rezeki dewadora bikin senyum lebar terima kasih,1
betul88 siap ikan m4x w1n,1
dewadora auto mekswin tiap hari,1
mimpi apa rakyat kumolonimbus,0
isi konten asyik isi komennya buzzer semua wkwkwkk,0
apple punya usa cina cuman rakit biaya produksi murah,0
sekali sekali bikin motor balap mas,0
terlalu tinggi nyata,0
wwhhyyyy so awesome heart heart heart heart,0
nama alexis17 unik banget,1
berkah rezeki hari berkat star sgi88 puji syukur,1
mantap baru main udah kasih menang aja mandalika77 modal receh wd haha,1
mas lauk apa buat besok lusa,0
kalo sama snapdragon,0
tanya a jawab b sob punch,0
gas main mio bng,0
pasang tg nya gimana tuh,0
gw kalah taruh paksa nonton habis pensive,0
baik heart memang kak salam sgi88,1
super sekali mandalika77 mantap,1
let s goooo,0
mandalika77 ramai nih tmn gw maen situ skrg,1
iseng iseng main alexis17 hobi cuan,1
lexus kok cuman ikut booth toyota,0
spin rezeki king328,1
wapres,0
yg gk sebut tuh bang octopus octopus,0
ngomongnya muter2 terus tak bobot cry,0
harus acara selesai hihihihi,0
yeah segmen paporit,0
ahok panutan thumbsup thumbsup thumbsup,0
kalo ahok jadi presiden keren kayak,0
yg nyelip satu biji thinking thinking sweat smile,0
mascar007 beliau pundak nya perintah mikir lah solusi sweat smile,0
kali sangat apresiasi orang2 ngedislike video pray,0
m a n u t baik pokok,1
emang gak se recommended alexis star star deh,1
percaya banget menang berkat prediksi pawpaw4d,1
retorika yg tak tau arah nya mau ngapa dn,0
beli iphone ajee,0
wkwkwk skak lol,0
presiden prabowo jawab x presiden prabowo yapping white check mark,0
65inch aja udah gede bener jir,1
rejeki nambah nyesel nyobain,1
gokil si mobil,0
ketua sedang tantang kuota,0
udah gk bosan semenjak kenal pluto88,1
emang gak se untung alexis star star,1
rezeki nomplok hari datang dora77 bener bener puas banget,1
kaonimecrack1945 langsung punchline jir wkwkw,0
tahan samsung a6 ram layar retak,0
masukkkk pa muchlis joy,0
sukses slalu mandalika77,1
1jam upload nih,0
fufufafa cuma hapalan fufufafa gak paham keluar mulut,0
harus kan ngatur moyai jadi susah,0
bagus pakai talenan portable sweat smile,0
ga upload hari jumat sore tuh kya aneh joy,0
tani bal udah cepat sukses pk ngga butuh kerja keras,0
siap salah bg mungkin bahan s15 blum nemu wkwkwk papa sibuk,0
ziko maen vario aja thumbsup eagle,0
manut88 jadi paling top lah,1
make nih orang,0
sini cuma kasih dislike wkwk,0
3langkah depan gd,0
hanifalii23 cuma asal tag bang kflgy,0
terus ngapain pak wapres joy,0
jangan mas kasi keringet dingin,0
sponsor ngalahin tv tuu,0
komen judolnya om kondisi,0
jangan lupa sedekah nya bro,0
adangman baru keluar goa gmn sih sampe ga tau informasi yg bener person facepalming,0
bayang ivan motors masukin aston martin one gokil,1
macan sirkus cat orange whistling,0
kaya bakal fokus mobil dipo sama farrel dulu gk sih,0
ahok buat komen judol kaga ngaer joy,0
kenyang banget ilmu nya thumbsup thumbsup thumbsup,0
baby chair open mouth open mouth open mouth sweat smile sweat smile sweat smile sweat smile,0
kerja numpuk bikin mager butuh semangat alexis17,1
jagan modif motor bang ga seru masa langsung tamat moyai,0
dailyinsporation tanya gua sbnrnya lu mau siapa si presiden,0
puas jepiy nya sini ga ruda ho ki fire smiling face with 3 hearts,1
titip ga kapabilitas joy joy,0
hp cepet rusak china sendiri joy,0
beli hikmah,0
fix masuk indonesia karna perang dagang yg panas sweat smile,0
kok ngga disebutin mas ziko eyes,0
lengkap derita rakyat,0
siapa,0
miya88 bikin gue nunggu petir,1
m a n u t modal receh aja gampaang bangeet jeepe,1
menang hoki insting pluto88 baik,1
jadi wapress gak kerja,0
coba waktu jaman pak jokowi acara bagus,0
tanya apa jawabanya apa cry nyambung cry,0
menang dora77 denger cerita sukses orang,1
insya alloh punya anak istri bang kalok gua mah,0
harga tingkat lanjut doyaa77 pilih,1
udah cinta mati kali aku ama mandalika77,1
jum at sore gada video gd baru rasa yg aneh aja gitu sweat smile,0
ganjar gausa ikut si,0
ancrit jauh lebih ganteng ni mobil brziko wkwkwk,0
moga berkah99 nomor,1
kingpizzasuper apa nya yg ngak paham,0
terus what should you do pak,0
gak perlu pusing mikirin biaya sekolah kalo udah join alexis star star,1
main dora buka jalan tukang bakso milik restoran,1
gantung konsumen,0
gass modif motor kek den mas,0
pisaulipekstikerbatam jelas gua pinter lu pinter ga,0
terima kasih agustoto hari menang besar buat butuh keluarga,1
sponsor cukup ahmad syahroni,0
suka bagaimana semua pulau777 jalan lancar,1
asik banget subaru jadi ken wrx wagon,0
but apa selamatin garuda weh,0
jurnalis tempo sama metro tv kok gak ajak,0
ahok ri,0
senang banget dapet rezeki ahmadtoto,1
mirip mobil ralli jir,0
lah nyata banjaran kab bandung,0
udah daftar sih alexis17 ramah banget csnya,1
axl77 7menawarkan dekat beda interaksi daring,1
next mobil nya farel kali eyes eyes,0
agustotobikin hari hari makin warna rezeki tak pernah ingkar janji,1
kesini cuma kasih dislike joy,0
yah udah kena damage aja sob,0
proses cepat alexis17 jago say,1
mobil mitsubishi apa pas yg parkir luar lewat,0
ayo jangan didislike kasihan baca aja susah joy,0
gila ngomongin alexis17 ikut kepo,1
gua nonton ken dapet jawab malah dengerin orang ngelantur,0
pantes rame alexis17 bnrn jp,1
lo tau gk arti nipotisme,0
cuma sini setia banget sama zap alexis17 zap sejak awal,1
yg uu ampas aset malah jawab beliau sweat smile,0
garus beli sih wajiiiibbb,0
bro revolving hearts alexis revolving hearts turnamen gede nih hadiah mobil sport,1
kalau pasang antigoresnya gimana bg,0
ovanfebrian f1f jauh gw gak pernah milih anies jadi gw bukan anak abah,0
gila alexis ashu percaya kagak nih,1
presiden prabowo layak periode justru gibran jadi pro kontra,0
amazing bro komen yg paling nyala,0
komentar kocok perut nih joy,0
sukses apa joy,0
sungguh buah punchline,0
jepey gmpng banget weton88,1
orang bilang alexis17 tuh bener bener legit,1
sabar main agustoto rezeki aja,1
alexis17 makasih bnrn asik jp aja,1
tim harga juta person raising hand,0
oalaa hp yg borong speed kemaren tuh,0
kan ahok bikin anies gajadi usung pdi,0
gokil lu bg sumpah kreen,0
neng banget nontonnya lucu banget wkwkwk,0
tiap hari kayak aja seru baru pulauwin,1
vibesnya bapak bapak pangkal ojek,0
agustoto gua maen bentar lngsg jekpot gede,1
om d sana mobil asemka,0
pretty much xd,0
liat dislike gimana sy vote joy,0
now playing slank tong kosong,0
mantap masbro belakang utk dukung,0
gua sih udah anggep alexis yin kaya second home aja,1
duet ex espn fc mantengin justin edwin antem mulu sob,0
akhirnyaa tada tada tada salam star sgi88 gampang jepe,1
suara knalpot motor masuk pas ziko nge review v,0
zik bikin konten modif motor xmax soal banyak pake,0
mode rakyat joy joy joy,0
arjunbaihaqy1744 kalo tau poin apa bikin lo milih bro,0
keinget rx rotor pernah review,0
tunggu versi mini gt nya mas dipo,0
adejua j4l padahal ngak ngomongin anis looh,0
jangan lupa hilir sama ajar patuh sama kiyai,0
miya88 gacir parah kali main langsung langsung sukses,1
agustoto tiap maen aja jepe nya,1
suka aston martin sd kali lihat db8 graz,1
done dislike blush,0
hp sampah coba az cr review internet,0
gue sih udah anggep alexis17 kaya rumah aja betah banget atmosfer,1
baru pakai zfold 4bln langsung gigit jari liat edaaaaannn,0
pulau777 selalu bikin penasaran,1
bokuggooiti,1
tonton tiap tahun,0
happy banget dapet rezeki doyaa77 bener bener puas,1
otw beli apa iphone samsung,0
judule sm dg youtube nya si ferry irwandi,0
anggorodps 9 ga capek balesin komen bro hahaha,0
maaf yah typo nya terima kasih koreksi pray,0
spg nya denza cakep buangett kissing heart,0
ngebantu banget bang poin2 yg jabar thumbsup,0
moga rezeki agustoto bawa berkah manfaat umat manusia,1
kalau jatu habis cerita,0
moga ga masuk daftar jual,0
serius ni promo,0
jepe pertama kali maen auto betah,1
iphone aja buat cina joy joy tesla buat cina,0
yakin terang,0
mama mobil kompetitif broo klo gamau ancur maen kontes aja,0
apa sih caper joy,0
wapres asli joy joy joy,0
kapan yaa punya mobil,0
ahok baik,0
kudu kasih jempol buat star alexis17 star top markotop,1
berkah99 emang cuan,1
kak ireneeeeeeeeee,0
kobo coy,0
point nya anis yg suci sempurna jadi presiden,0
hadiah lipat ganda cuman star alexis17 aja lee,1
asli merinding pas bagi reveal mobil nya sob,0
bokuggooiti the best menang terus,1
sisa livery ajasi ni mobil,0
gua nyoba judol maen diga rudaho ki gaji gua jdi nambah scream cat fire,1
babi yapping joy,0
mas atenx akhir2 jadi king rivewer motor ngabers joy,0
kalau salah mobil sam captain wakanda joy,0
prabowo makin pea,0
tanya apa jawab apa miss the point,0
si asep ga ajak,0
habis nonton fery irwandi terus nonton hadehhh,0
gila keren banget velgnya heart eyes,0
gak lah kondisiin jgn bahas solusi,0
biar keren lah makanya langsung build us mesin,0
dlu bang joy,0
peak,0
andai huawei pake android produsen hp guncang,0
owh duid bapak nya kirain hasil keringat sendiri sweat smile joy,0
hahahahq sama,0
alfito kurang jaga atitut,0
bismillah otw pildun,0
platform baik cuman alexis17,1
zhesuanshizhongguoshoujizuigaogongyile,0
ini nama support system work together wkwk,0
compare pake ultra ultra,0
mobil2 gd chasis nya ga dipotong2 ganti tubular,0
jangan kan sahkan bahas aja joy joy joy joy gak usaha harap lebih blush,0
mumet omon omon e mbulet,0
modal kecil maxwin gila sih gacor abis,1
iya banget,0
aduhhh gila hasil gokil ganteng banget,0
aku udah daftar mandalika77,1
link beli joy,0
bakul tempe brebes tempo bang,0
gak perlu pusing mikirin masa depan kalo udah join alexis star star,1
sponsor gokil gokill cok,0
udah video kemaren konten orang yasrilsaputra,0
tumben kaga test speaker lagu andal safe and sound,0
gass bikin konten motor wkwkwkw,0
camatzeus lah ngapain bawa2 anak abah joy,0
swert bonanja gacir pol prnh zonk,1
gm irene sukandar menang lihat sweat smile sweat smile,0
duit abis gara gara belanja tenang alexis17,1
mampir cuma utk dislike,0
bro alexis17 ngadain giveaway nih hadiah iphone pro max,1
ahok presiden anies menteri didik,0
gemes sm masker muka pngn tek copot sweat smile,0
alhamdulillah rezeki baru main mlndalikl77 langsung jakpot besar thank you banget,1
kirain fj cruiser cry cry cry,0
simpul biar hemat kuota,0
dora77 gua wd gede lgnsung plg,1
untung bikin semangat main dora77,1
tim mending beli beras,0
alexis17 bikin gue sultan singkat modal,1
ismailadrian f2e bayar brp blok buzzer tlol berani bkin negara ancur,0
mahakarya tada tada tada,0
intonasi kaga enak ge,0
coba mobil listrik mas,0
depo mekswin dewadora,1
langgar ham mana paham abusive,0
gue rela begadang sampe pagi alexis star star,1
tunggu masakan bang valentinus resa,0
akhir ga pake btp,0
semangat kak doa nyusul,0
gak org baca teks bole nyari dr gugel,0
bayar tagih bikin produktif tetep produktif kayak alexis17,1
enggak sabar liat maestro tahir pake jersey partying face,0
mlndalikl77 gua bru nyoba lgnsung hoki deh,1
akhir gak komen judol tada,0
tinggal nunggu brz nya farrel tampil,0
hp lu lipet brp bos moyai,0
maizarindra498 jelasin dong pake nalar,0
cocok buat temenin tidur malam rofl,0
dishare sih bahan papar pak presiden,0
brp ratus ribu udah yg dislike nih so gak kliatan joy,0
elah judik,0
mending bikin video review buku komik main gadget aja deh mas,0
tunggu video full review mobil nya,0
klo fd regulasi nya beadlock gaboleh ids,0
mantap gokil sih alexis17,1
axl777 aku main iseng malah jadi seru,1
bismillah moga abis wapres gibran jawab,0
sumpah banget benefit alexis17,1
gue cek update baru alexis17,1
keren parah org indo modifnya,0
joy joy joy joy joy joy video apa coook,0
sumpah gue nama pantai pulauwin,1
iseng doang main dewadora eh tagih cuan nih,1
paling ngakak suara minggir lu miskin sweat smile joy,0
mascar007 lah jadi harus ngapain kritik kasih,0
jeroan makan sih tulang doang,0
daftar langsung kasih menang king328,1
enak lah kerja cariin bapak,0
wah baru denger star alexis17 star langsung penasaran dong,1
cepat,0
thanks bang bantu banget komennya,0
waahhh wahh kudu bawa prestasi mah hahaa fire fire fire,0
pramtime sekadar basa basi biar anggap junjung tinggi demokrasi,0
alexis17 ngertiin butuh gue sih,1
butuh orang cok joy,0
dewador abenar benar unggul rekomendasi,1
jadu inget reklamasi jakarta sweat smile,0
alhamdulillah aku kena dough votao77 250k bobol,1
suka hal2 baik potential highlight,0
arti tanda pura2 kaya hahaha,0
tau malu,0
nama pt nya apa sih,0
bang lo cariin alex noh moyai,0
nunggu crosstrek,0
allah moga aku punya mobil amiin allah,0
lansia sedang main catur joy joy,0
the power kak najwa white heart,0
tetap gaya kaku tetap upaya egaliter demokratis,0
jawab hasil ai,0
gilaaaaaa keren parahhh menit,0
wapres hasil ngrusak konstitusi bisa2nya ngmngn bginian ngacaa,0
gassss ziko bikin konten modifikasi motor,0
50jutaan aja ginjal ronta ronta joy joy joy joy joy,0
rezeki bikin optimis alexis17,1
lancar lancar bang salam jepe probet855,1
info banya lepas drif pig,0
nahh bener omon2 oke gas2,0
yg db aja kebel udah db aja,1
makin seru mandalika77 sltnya oke banget bonus bikin senang untung limpah selalu memberikaan cuan teruss tiap hari nya emang gokil bangett,1
swert bonanja gacir hari wede juta,1
main tenang hasil salute player pluto88,1
gak masuk akal pulauwin bikin penasaran,1
tanya a jawab z x y,0
mantap jiwa main ahmadtoto rezeki nomplok,1
harga 50jutaan aja,0
pak ahok duet sama kdm sangar sih indonesia heart,0
salfok edit pas sticker sponsor belkote hilang sob sob,0
sehat kang semngat ngonten lancar urus salam s gi8,1
mantab crazy rizh priok mah,0
bisa gibran next,0
bro alexis17 tuh emang mantep banget gue udah buktiin ga bohong,1
pake hp iphone baru auto minggir minggir lu miskin joy,0
agustoto aku wedey gede cma maen bentar,1
moga pak wowo lihat komentar kritis netizen,0
orang kantor udh join alexis17,1
next review s15 mesin r35,0
anjir skakmat kocak wkwkwkwk dimarahin kaga maen sama narsum joy joy joy,0
mantab mas sapto,0
ga asik banget cameranya unstable ngeganggu,0
lah yg bikin amerika ga suka sama huawei joy joy,0
wkwkwk supersmar,0
tiba tiba bahas narkoba pak kan poin nya bukan situ sob,0
anggorodps 9 nahhhh jelas lah,0
next wapresnya dong,0
mlndalikl77 gk ribet gampang banget dapet hasil gede,1
inti bonus demografi nganggur semua kl paman joy joy,0
wajar bapak duit ga seri,0
berkah99 bikin kaya beneran mantap,1
malam untung besar datang dora77 seru banget,1
alexis tuh emang bener bener ngasih peluang orang,1
makin sayang ma pa ahok open mouth,0
nunjuk nujuk terus tuh jari point up 2 joy joy joy,0
aku gak jadi beli,0
try playback speed at thank me later,0
giiileeeeeeeeeee,0
dah bukti om,0
pulauwin,1
keren banget bang bim,0
mlndalikl77 platform terus baru,1
asli gak boong revolving hearts alexis revolving hearts scatter nya gampang keluar,1
review silvia rb,0
kalo duduk sana gak berani nanya takut gelas layang,0
tombol omon2 omong kosong,0
emang siapa nabrakin mobil,0
hold all coment,0
fate v9f buat apa test antutu hp fold,0
mas ga om joy,0
kayak konsep tahun an awal airbrush full body,0
isi ngga faedah,0
cari komentar caveine sini joy,0
gates gacir banget udh jepek,1
lieur ach,0
mana gue pergi aja nyebut pulauwin,0
sponsore ra kiro kiro semangat dip innocent,0
fufufafa is the best,0
gaes alexis17 bikin hidup gue simpel asli,1
tak bahas ampas aset koruptor serius nanya,0
lebih fungsional,0
beli kuota,0
nunggu gd buat mobil sendiri ayo sweat smile,0
gila nama alexis17 unik banget,1
gue udah ga bayangin hidup a l e x i s udah sumber nafkah utama,1
pawpaw4d emang pas cari angka jitu hoki,1
episode tunggu tunggu,0
astaghfirullah jawab apa,0
anies gabakalan gw milih tuh orang joy joy joy,0
mantap alexis17 aman gak sih tau gila,1
mobil om fitra lewat bg,0
yg punya bner g seri duit mantap joy,0
besok beli yg penting huawei,0
review mobil ford f150 raptor mas blush,0
bro alexis17 update sistem nih gacor anti zonk,1
tempo gak undang,0
skill mekanik banget alexis17 salut,1
udah kali menang berkat bantu pawpaw4d,1
911yudha terus yg cocok siapa,0
betul malah lebih kritis,0
santai rumah feel nya dapet banget bareng pulauwin,1
muhammadmudayin jawab banyak lebar mana mana person facepalming female sign,0
nurcahyo6474 urusin dulu sukahaji baru ngomong kdm shushing face,0
ampun dah sekarang komen judol ky jamur mana,0
riwayat kalah ku situs belah cuman situs mandalika77 selamat uang ku,1
kdm ahok muscle thumbsup fire,0
saking asyik baca komen jadi ken pipis online gue sweat smile,0
wede lancar banget layan top sih,1
kunci orang bapak paman,0
seru abis zap alexis17 zap emang gak pernah ngecewain,1
kek tinggi bro,0
sehat rezeki weton88,1
yoo i have never clicked so fast,0
sumpah penasaran banget bahas alexis17 kolom komentar,1
mantep bener mas dipo sukses terus,0
help i cant take it anymore cry,0
sukaaa bangettt sama star sgi88,1
gw kasi kisi2 lembut sikit main la mandalika77 anak baru nih brani kasi wr tinggi2 wkwkwkwk gas kapok,1
ngiri abis kaya orang,0
gue sih udah ga move on alexis17 gacor bikin tagih parah,1
saran aja bang pin komen nya bang,0
alexis cba bntr jepe gede lgnsung,1
silvia merah jarang dipake bang sini tuker sama beat karbu moyai,0
jiwa kaya raya ku tumbuh abangkuuuu sweat smile,0
kapasitas baterai 250kwh tara token listrik bulan hahaha,0
benerrr emang one in a million sih,0
rizkyafriansyah5433 kalo grammar bener mending pake bahasa indonesi aja,0
marga mesin mana suaranyaaaa,0
wowkwowkok si beler singapur,0
mampir dislike aja sih komentar nyata joy,0
rezeki do a7 bikin hari lebih makna terima kasih people wrestling,1
diem lo mas wapres,0
so what s the point,0
prabowo si certified yapper joy,0
banyak komentar judol jir,0
sponsor penuuuh,0
tempo gak mutu media ptopokatip,0
next bikin konten ganti mesin brziko pakai v8,0
peluang emas bapak om,0
hahahaha om mob diomelin mobil,0
mampir dulu absen dislike joy joy,0
gelo cinematic nya fire fire fire,0
dewadora gacor ga mati,1
moga ahoh sehat sehat terus nafas dengar makin berat,0
gagah banget sayang ev,0
judul bukan diskisi lebih cocok cerita zaman,0
ko ga tombol dislike nya,0
om jeje msh sodara sm haji jeje,0
wkwkwkw,0
semua orang bilang alexis star star tuh bener bener ubah hidup,1
congrats family drifter tada,0
poin yg mau sampai gak jelas,0
250like berat 50juta x,0
inimah bukan antilag dastek dastekan,0
anjr pake setrika sweat smile,0
bukan selera anak muda joy,0
sikat bonus dewadora auto sultan,1
enak dual screen nyaman,0
ngga masuk selera pak wahid,0
wuaduh hahahaha,0
mochiizuki gitu beda beda thanks info,0
ngakak banget rofl rofl rofl rofl,0
tim yg langsung jual motor buat beli,0
gak aja gue tau alexis17,1
plek ketiplek,0
presiden prabowo gebrak meja,0
6sulaimanalisatief111 jgn terlalu naif,0
ganti dong wapresnya begini tunggu edisi lanjut,0
anti gores nya gimna sweat smile,0
aseli logika ga jalan,0
typographynya pake mister horse bang,0
hasil gacir dora bikin seru mantap banget,1
niat banget copasnya face blue smiling,0
emang apa,0
rightnow fs9vx makan makan makan jadi gemb,0
cuan tiada king328 nomor,1
guaa ikut terharuu gg garasidrift,0
waah bimo tambah kasep pake jersey timnas keren thumbsup thumbsup idid fire fire,0
deposit 100rb dpaat berapa,0
jam nontonin prabowo yapping doang,0
ngomongin alexis17 baik,1
amerika ketar tir joy,0
mau komen ginian udh wakil sweat smile,0
ga mungkin kaum serang fajar banyak soal,0
tambah bennix awalul rizky,0
keren bgt mas dipo,0
kan bikin nya ai joy,0
baru mobillll,0
gacir banget main sgi88,1
bukan siapa paling kuat siapa punya kuasa uang,0
beda alexis17 pokok,1
makasih banyak dora77 rezeki hari benar benar luar biasa,1
miata kaki kaki nya aman buat drift,0
emang anak siapa doi,0
terus penting apa buat gua,0
mas tadi iims ko gada mas ziko,0
brzz asli ganteng banget,0
aneh bat maen catur janji wkwk,0
layan alexis17 baik sih,1
next gibran jawab,0
tiap maen sini gacor abis,1
dora7 7menyediakan antarmuka ramah guna,1
hasil akal2an konstitusi,0
ditunggu2,0
rezeki dewadora sungguh terima kasih tuhan,1
anjas hujat joy,0
seru abis gak move on seru fire zap alexis17 zap fire,1
gak nyampe mas gibran nya keburu ngehang,0
main dora77bikin hari lebih senang terima kasih,1
abis review mobil mas dio kek wkkwk,0
dukung abah bangun tidur grin grin puas kayak nya musikk,0
sering2 aja mas up youtubenya nungguin trus,0
citra kalo kata kasar bang gk ikut bikin ikut klaim,0
mantab ngantuk buat joy,0
mbpok nana ngomong malah potong sama moderator dihhh,0
bang jual bakso,0
kok diesel skip bg,0
face vomiting pake emoticon muntah aja bang,0
dipake ngojol worth it ga,0
ikut senyam senyum sendiri joy,0
joy joy joy joy astaghfirullah adzim joy joy joy joy,0
ayo buka bapak presiden tangan besi rakyat,0
wehhhh udh crash ajaaaa broken heart broken heart broken heart,0
gacor bener gates lgsng jepe,1
the power of bapak fire,0
mercedes g63 lewat,0
bayang huawei dibanned google damn,0
debat capres sampe sekarang tetep kosong tada,0
inti cuma omon omon doang,0
kerah yg dipake bimo emang mencong gt,0
sehat selalu semua salam weton88 gampang jepe,1
wwopppppp mantaaaapppp,0
pulang kantor kena nugas bete banget alexis17 kena gak,1
yakin ntar dinasehatin sama expert jawab ndasmu loh joy,0
emang gak se seru alexis star star sih,1
gaji umr uang tambah mah udah party tiap malming wkwkkwkw makasih mandalika77,1
satriapurnamaaji8104 hasil apa cuma berita doang,0
penting makan gerat,0
nunggu produk chery bbm nya pake air laut hand with index finger and thumb crossed sunglasses,0
gibran masukin dong joy,0
lah ganti thumbnail wakakaka,0
pak ahok baik terima kasih panji undang beliau,0
baru kelar lgsg crash mas sayang bener,0
tigoo kan seater bos,0
gak tempo,0
top mantap is the best bang rifatq,1
jepey trs tiap hari cuma diweton88 star,1
ahmadluthfiprofile kwowkkwkw btul soal ga mampu mau beli mate xt joy cat,0
beuhhh pedassss joy,0
demo dalang padahal mah situ sendiri dalang cry,0
iss prideeee,0
bonus demografi ga bawa dampak apa2 ordal sweat smile sweat smile,0
jawab kihat komentar netizen ngg jadi nonton,0
balalambat tahu urang kd ktuju bungul,0
gak lengkap hari alexis17,1
insyaa allah kebel kiamat,0
malaysia laris sering lihat jalan,0
poin penting penting,0
kuat banget editor,0
punya malu,0
juang scroll sosmed alexis17 ngerasain gak,1
nunggu second,0
jam potong vidionya apa,0
probet855 bikin maxwin makin gampang,1
keren suatu hape dikuwas kuwes,0
juta aja cry,0
komentar puas pak presiden,0
hidup lebih makna mandalika77,1
asc punya nih blush,0
all for enjoyment and peace of mind fire,0
dislike nya hide joy,0
finnaly bahas wkwkkw,0
mantap ne ahok pandji satu pikir ketawa bareng joy sweat smile,0
teamshare7558 heran banyak yg milih exploding head exploding head exploding head,0
keren bangun mobil cuman bulan thumbsup thumbsup thumbsup,0
langsung cekot sopi joy,0
gue spontan nyeletuk gituu coyyy,0
tinggal metro tempo yg msih bs harap netralitas,0
moga rezeki asal dewadora bawa manfaat,1
sedih orang pintar pak ahok gajadi pimpin,0
maaf gua udah percaya gar uda hoki,1
rezeki suhu328 sungguh terima kasih tuhan,1
udah yapping nya,0
tau db9 game nfs,0
jawab tanya bagaimana gibran jadi wapres,0
terima kasih video sensor,0
orang mah gampang pratek langsung tau bedanta,1
punya presiden gin joy,0
dora77 emang top notch highly recommended kalang,1
tampil fitur lengkap alexis17,1
bang zik bangun mio full rata kanan donk laughing,0
asli keren bgt mobil fire fire fire fire fire fire,0
anj keren bet,0
isi kosong bikin bingung,0
eee eee joy,0
anggorodps 9 bla bla bla kalau kosong mah memang kosong aja,0
gas mas kontenin x maxnya fire fire,0
seru main dora bareng teman teman asyik,1
udah bawa naugan hmc skrang to,0
kok mirip marsha vob apa emg joy,0
ngga yg percaya gni,0
mana konten gd hari,0
kaki si ridwan knp tu,0
aja gw coba llexis17 malam lumayan dpt 2jt,1
gass modif motor fire fire,0
mitsubishi canter ev,0
bang s15 nya bang kontenin lgi,0
pas rilis detik sold out bang moga gua bagi yg ls sweat smile,0
wartawannya hebat kuat nahan ngantuk,0
xmax oming welcomluster,0
aja surprise dora77 bikin penasaran,1
pantesan mamarika ketar tir sama brand satu joy,0
gas mas modif motor xmax new aerox turbo,0
gass manut88,1
sempat gak lewat main pluto88,1
baca komen lebih seru yah joy,0
seru nich sgi88 cair terus blush,1
makasiii banyakkkk,0
nungguin buzzer yg lawan,0
enak main pulau kapuk indah,1
keren maksimal menang pluto88 auto sultan dada,1
faa3457 k9l yg bahas apa komentar apa kan kocak,0
tanjung priok punya nih bosss sunglasses sunglasses sunglasses,0
kenblock almarhum sweat smile sweat smile,0
kuliner mikir makan aja gk usah politik,0
alexis17 ngertiin butuh gue tenan,1
smooth banget,0
kesini ga nonton video cuma mau dislike v,0
hp yg unboxing speet,0
kdm ahok tugas gebrak luar negeri,0
ga daging nya normatif,0
untung bikin semangat main ahmadtoto,1
cuma biar liat keren kosong video jiplak tak malu,0
hemanut88herasakan sensasi jeepe tubi tubi,1
rezeki datang cepat main agustoto langsung gacir,1
setia pakai huawei p30 pro,0
lo yg ga paham kali narasikok,0
user ayla cuman like aja,0
manut88 manut88,1
bang suara nya kecil,0
si paling tarung tangguh cihh,0
bang dipo knpa nomer atap nya,0
komen rage bait mana crosstrek nya triumph rage,0
anies ahok siap lawan gemoy,0
nvm you can skip it the good part start here,0
ubur ubur ikan lele ngelantur pak lek sweat smile sweat smile sweat smile sweat smile,0
wakil,0
gw pernah sampe ledak nih pulau jd 45jt dizzy dizzy,1
alexis17 emang ga dua layan super cepet wd lancar jaya,1
poin mana yg lw gasuka dr jawab coba sampein,0
mayoritas masyarakat kecewa bijak bapak terimakasih,0
gacir banget dewadora langsung jepe,1
uda ngatain orang pake emot minta maaf gada mental,0
wede aman prnh masalah,1
anggorodps 9 oon jangan pelihara brooo grinning grinning,0
gass bangg next modifikasi motorr,0
bobol waktu pertamina,0
gampang patah kalo gak hati hati tipis bet liat aja deh sweat smile,0
mata najwa tatap curiga sahabat,0
agustoto gua gk pernah nemu tempat segacor belum,1
sixtop n1y wihh trs yg pantes yg mana bro jadi presiden,0
moga aja ga kaya u20 gagal piala dunia,0
update crosstrek,0
si paling paham joy ismailadrian f2e,0
pas tanya soal anak doang rofl,0
baru daftar maen sebentar lgsng jepe,1
ngomong2 mirip mobil rally kali yah ikut rally ni mobil,0
kasih duit,0
keren banget modifikasi mobil,0
iseng depo 25k alexis17 dapet mantap rejeki nomplok,1
modif mio karbu aja bang fire,0
andi maulana hahaha makasih jadi notice,0
mantap mas vi tera eri heart heart heart heart,0
loh kok bisa2nya sini joy,0
tawarin dewi masyitoh mas mau rintis parwis,0
gas lah pasang antilag mas ziko joy,0
beli main magic chess gogo,0
ngeri,0
sayang banget upload udah crash cry,0
tida lihat sedikit cumi cumi bau asep,0
metro tempo ga ajak saluting face,0
pluto88 bener bener mesin uang pribadi auto cuan,1
iya practically emang sieh,0
jakpot kali main doyaa77 bikin semangat,1
renooooooooooooo,0
gue rela gak jajan bulan nabung alexis17,1
gasss bikin konten motor biar jadi ngaberssssss,0
emng bener kemarin udah coba probet hari mau gas ahh triangular flag on post weton88 triangular flag on post kawan buah manis,1
gue nemu obat tidur baru mana debat intelektual,0
makasih bro,0
pas ngedengerin gue jg gumam sumpah,0
ahahahah jokes bapak sekali om rofl,0
lihat ngasbunnya,0
inti kalau spam judol langsung report aja,0
udah main koislot sensasi bikin penasaran,1
tim yg kerja keras buat keluarga triumph,0
tempo kok ngga ajak cry,0
kalau ahok anis baru tuju joy,0
orang nomor minta walikota gibran rakabuming anak nya jokowi,0
kasihan korbang traficking kamboja kaya kagak mati iya,0
langsung gas beli nasi,0
rezeki aero8 8emang gak duga terima kasih tuhan,1
betul kata pak anis,0
jawab x ban white check mark,0
gak mikir dewadora untung,1
naikin gaji editorr,0
mas kalo tau harga unit berapa yaa,0
siapa lah yg ngasih konsep podcast main catur,0
gw paling demen gas triangular flag on post weton88 triangular flag on post wkwkwkww seru sering2 sih mah,1
ariefsesar14 hina tumbang buru turun bang rofl,0
karomatullaily6755 maklum udah mentok,0
gila yg komen hampir kontra semua,0
sarkas apa serius joy biliksukma,0
tau conceptmotor methodwhells sini sweat smile top banget gd,0
mobil ganteng heart eyes,0
ae o8 cuan gmpng mulu,1
rizkyaja la prestasi negeri apa bro,0
iya bang coba proyek modif motor seru,0
ruangkarsa lha harmony jg android joy,0
anggorodps 9 buzzer tau apa sih,0
bapak sendiri rusak konstitusi ikut kompetisi,0
limitless budget,0
kok denger pak presiden ngomong ngilu,0
congratulation bg dipo kecee abiezz crostrek nya bg,0
jt mending beli motor boss sweat smile,0
enak dipo emang jelasin,0
maen lgsng jepe sketer,1
mobil fitra eri ngga colek bro,0
kesini gara2 liat reels ig banyak yg dislike,0
suka suara mobil motor yg berisik,0
review supra plisss,0
klo wapres jawab pake ai aja,0
hidup begantung pada manut88 wede 10juta darat mulus,1
alexis ajar nggk web jelak,1
manut88 memang sllu brbgi kbhgiaan n cinta,1
punya laki iris bela gus idham sama g om,0
s15 kmna bang,0
haha kamera arah pandji mati joy,0
hibur bikin relax gue pulauwin,1
kan mayor teddy,0
wow amazing canggih proper banget bet ngedrift,0
maaf bang gk suka ama model velg nya cry,0
generasi rusak,0
terap test karakteristik pribadi cpns,0
bolehh tuhh modif motor,0
mampu jadi presiden jadi tanya,0
untung besar bikin aku makin cinta sama ahmadtoto hasil luar biasa,1
gw cuma gw sering jp mandalika77 nyata kebon ni manusia,1
server luar negri ga tandingin sama server lokal gak usah banyak mikir guys langsung coba aja main slot mandalika77 jangan kaget kalau kali turun terus cari aja linknya google mandalika77,1
ikan info ordal berkarir perintah,0
gilir mobil farel modif,0
fakta aku emang gak sengaja tidur pas nonton,0
johanmaulana5558 a sekolah yg benar bg salam akal sehat,0
manut88 salam jempol jepit,1
omon omon doank ni gak loker apa,0
baru bulan main alexis star star hidup gue ubah total,1
asepudin7156 jangan terlalu jujur bro face with hand over mouth,0
gak nyesel bgt bonus nyaga ruda hoki,1
emang presiden lu ga kompeten aja,0
masa murid gm irene sukandar kaya gin bang,0
main dora77 auto happy rezeki emang atur,1
speedrun nya gila alexis17 percaya cepat,1
gileee beda suv pake drift,0
ngvlog aja pake hp joy,0
nya ragu coba main nya coba coba modal receh tau nya kasi wd,1
mending poco x3,0
kucing joy,0
anakenosiss jangan lupa dancing sweat smile,0
bct fufu fafa,0
agustoto jackpot terus gk paham hoki,1
wd lancar banget pake ribet,1
gacur banget wede tiap hari auto neng,1
udah ga harap sama si wowo fufufafa,0
episode paling keren lucu hibur,0
pawpaw4d bener bener main untung,1
mandalika77 yg bnr gacirr,1
why am i laughing it s not even supposed to be funny,0
maklum pikun joy joy,0
kamar cocok banget sih,0
gokil sih alexis17,1
butuh pimpin ug kerja ga jompo please lah cry,0
yg tanya apa yg jwb apa cry,0
nahan berak,0
bangun motor bang kali joy,0
kespill sendiri,0
kembar brziko,0
gak sabar liat mobil anak om fitra joy,0
gmc gmc bang,0
lepas ban skull,0
kapan vw id buzz nya datang om,0
m t88 emang kenal gak pernah nanggung kalau turunin petiirr,1
berkah rezeki hari berkat weton88 puji syukur,1
ahok kdm kaya cocok fire,0
nyala fire fire fire,0
tim nonton doang ga punya mobil,0
tu siar tvri kok takut x mbak nana nayak,0
macet jalan jadi putar balik cry,0
aemerth emang nya tanya apa jawab nya apa nonton full ga,0
lo ngeliat efek pulauwin gak sih kayak tren tiktok,0
dora77 aku cba jepe gede lngsg,1
episode senang,0
mantap mandalika77,1
betul sekali gak usaha bpk paman,0
beli biasa artis jabat,0
huawei luar biasa,0
jangan semangat tetap serah mas wapres,0
bang spil redmi note pro 5g,0
skak mat beneran tada,0
axl77 7menyediakan alam daring mudah repot,1
keren id thumbsup gas kak sgi88,1
jt mana,0
bilal astaga bilal makin gede aja joy,0
depo barusan 3x wdnya kali mandalika77,1
untung bener bener gacir dora77 nyangka,1
tes parkir bang masuk basement,0
bagus beli mobil,0
ekonomi tengah gimana pa,0
wede 50jt cepet banget proses alexis17,1
pak jokowi mulai kerja face with raised eyebrow,0
joy hp yg beli ishowspeed kmren hp lipat canggih china,0
yg komen banyak buzzer gk,0
heran komenan alexis17 dah,1
emg nol kapasitas nya bang,0
alexis17 emang top gak ngecewain,1
wapres taek,0
mantap gasss joy,0
road noise ganggu video,0
hasil positif doyaa77 bantu selesai wajib finansial,1
mending samsung young gk samsung champ,0
dipo gymkhana mode fire,0
modal tambah dora77 bantu usaha,1
salut sama yg paling erti dgn soal bangsa,0
masa ngga tau berkah99 gas ngga sih,1
happy banget main doyaa menang,1
langsung pulauwin video game,1
baru bulan main alexis star star gue udah dp apartemen,1
login dislek keluar joy,0
dukung langgan pulau777 sangat bantu,1
ngebayangin punya aja joy punya real ny joy,0
bro alexis yin event gede nih buru gabung abis slot,1
hitung berapa banyak pororo ngomong antek asing,0
keren banget coyyyy,0
tiap malam gue selalu nungguin update alexis star star,1
kok gk adiputro grinning,0
nungguin banget mas wapres mau datang acara skakmat,0
najjisss jadi wapres jalur nabrak konstitusi,0
jangan lupa celetuk uni lubis supersemar wokwokwok,0
engsel ny keten ituu,0
kalo salah salah ngomong cut,0
biasa abusive mungkin jadi maklum nyahahaha,0
kok cuma jam anying,0
naik haji ken block,0
bang jam segitu menang w alexis17,1
semangat mas dipo rebuild kemaren crash test,0
bang review hq nubia neo 5g plsssssssssssssssss,0
asli keren enak buat jengat jengatin,0
cinta lah produk2 indonesia joy,0
modal bansos hidup mulyono,0
asyariiiii masuk,0
yg tunggu tunggu,0
w wo macan sirkus face orange raised eyebrow,0
bgking7995 lah edit lu percaya joy,0
setia banget alexis17,1
jangan lupa sedekah nya biar tambah gacor kak,0
sehat selalu abangkuhhhh two hearts clap sunglasses hugging heart,0
uda jadi orang ga ngerti situasi wibu,0
senang sekali lihat pak prabowo begini heart the best presiden ri,0
moga rezeki asal axl777membawa manfaat sama,1
respect pak ahok heart,0
agustoto modal tipis doang gua lngsg wedey gede,1
kali aku menang besar mandalika77,1
dora77 bikin hoki ga lawan,1
us kalah tekhnologi nya nnti sweat smile,0
otw ngayal,0
mayan kecil kecil terus terus mandalika77,1
sungguh alam senang hasil dewadora lawan,1
solo hadir,0
asc achmad shahroni club sweat smile,0
taikk ayam,0
kecewa pulau777 semua sesuai harap,1
the best skat mat deh tani pagi hari yg produktif,0
lancer wagon wakk basic mobil apa tuh yg swap,0
tuju aceh tiga,0
lirik anak presiden blush,0
wihhhh tada tada tada tada tada,0
jersey tahun datang bnyak buru kolektor,0
si pandji nahan ketawa terus anjir joy,0
udah tau bokuggooiti lu orang,1
laa aku iyoo,0
presiden prabowo ngelantur,0
buzzer nongol joy mascar007,0
oke gas oke gas,0
swert bonanja gacir hari mntp,1
bang gua ikut war pi sampe detik pesan gua kirim cry,0
enak kalau abang nrima web gacir mandalika77 mukim nunggu jam lambung nya aja ngab,1
jz suara kurang gahar si,0
tobat woyyyy,0
make ahok great again trophy yellow smiling trophy yellow smiling trophy yellow smiling trophy yellow smiling trophy yellow smiling,0
hp apa lg ini joy joy joy gebrak china emang gada obat fire,0
maklumin ges memang segitu kapasitas beliau,0
alexis17 dapet motor say,1
whahahahha akhir monthly bos,0
otw pildun nihhh heart heart,0
garing euy,0
gokil banget cinematik nya boom fire star2 sparkles tada tada tada,0
tarik dora77 bikin penasaran jaga,1
alhamdulillah rezeki lancar jaya berkat agustoto,1
buyar,0
sama done dislike,0
main dewadoyaa otomatis bahagia rezeki jalan,1
best episode joy,0
sya nyesal nyoblos orang,0
beli yg ngga kw kbanyakan kw,0
emang gak se asik alexis star star sih,1
tengkiu bos kasi teman2 tongkrong traktir makan minum enak moga makin jaya mandalika77,1
gw tuh joy beli casingnya doang,0
menit gak template capcut kan mas,0
president of yapping,0
anies ahok the next presiden and wakil presiden tada,0
sibuk kerja sibuk cuan pu lau tujuh tujuh tujuh,1
bang review realme gt pro bagus apa buat jangka panjang bang sweat smile pray pray,0
ngeri bgt handlingnya,0
gw barusan maen garudahoki reaal cuy jepiii,1
lebih bagus komentar netizen omong bapak satu,0
ken hidup makmur alexis17 jawab,1
mana tempo cry ga brani undang yaaaaaa joy,0
bngst keren parah cuk fire fire fire,0
it s alright atleast you re conscious now kak,0
duhhh gue duit nya cukup buat beli iphone pro wkwkwk,0
bang tadi jam segitu menang besar w triangular flag on post weton88 triangular flag on post,1
ibarat kata pepatah gak kenal gak sayang jadi silah coba sendiri bro main mandalika77 kalau rasa main mandalika77 bagaimana rasa maxwin bro,1
untung bikin cinta dora thank you,1
alexis17 sih heboh banget pokok,1
apa yg stabil kemaren pasar harga daging naikkkk,0
asa didongengin wkwk,0
omong kosong ah joy,0
gaspol cuan limpah king328,1
ngisin ngisini wae koe doel joy,0
anti kaum dang mending joy,0
moga sukses selalu tim gd thumbsup,0
anak jokowi makanya jadi wapres,0
setia sama huawei nova 5t saking awet smiling face with 3 hearts,0
masuk bapak ahok keren sekali,0
sedih denger dongeng induksia cry,0
mandalika77 aku cba bntr jepe gede lgnsung,1
pulau777 emang gacir wd hari,1
kira kira make yg lb works apa lb silhouette joy joy joy,0
azriel alrifqyazriel6815 coba jelasin maksud ga mental gimana bro joy,0
kata lucu,0
tim berangan angan,0
gokil abis alexis17 modal dikit hasil gede,1
ahok anies baru oke,0
om mob lihat jadi sixpack skrg hehee diet apa beliau hehe,0
lexus yaa om,0
bahas apa,0
kaizenteam7 respect nih,0
kayak asal jadi doang,0
joget dulu gak sihhhh,0
pertanyaanya gak jawab semua,0
hem anut8 8heselalu barokah main sini jepee mulu,1
presiden prabowo jawab bantah joy,0
the road is still long face blue wide eyes,0
ekowaryono8099 saking luas ga isi,0
males kalo listrik,0
ketik aja omon omon joy,0
alexis17 emang top dah ga bikin kecewa sampe,1
terima kasih pilih dislike video,0
konten sampah kata fufufafa hehehe,0
makanya dislikee wkwk,0
riickk8888 makasih atas info ny,0
keren sekali hasil raih menang sangat besar agustoto saat libur mewah tempat impi,1
masterpiece,0
ngatur bgt yg penting gak cut ribet lu,0
mantap bangga banget jadi bagi fire zap alexis17 zap fire,1
mariamavi6769 kentara banget ni ai nya bang,0
vlog gd terbaikkkk,0
keren raih menang pluto88 langsung libur negeri,1
pidato mutu,0
gokil banget sih star alexis17 selalu hadiah,1
baju yg kyak ple dipo ud jual blom,0
mna tau pas dengerin jadi muak trus ngantuk yah wkkwkwkw,0
manaa vlog seads kamiii,0
benah pa,0
inigabutchannel9054 bang,0
jadi ikut wrc indonesia gk dip,0
ubur ubur ikan lele v alexis17 v nih lee,1
angeliart menit berapa yah jelas tempo undang,0
beli poster biar tambah besar sweat smile sweat smile sweat smile sweat smile,0
iya iya bener rofl rofl rofl,0
pusing nonton nya cry pak prabowo ngehindar muluu,0
angeliart buzzer copas copas ni tiati,0
alexis17 tuh emang beda customer servicenya ramah ramah banget,1
udah pernah setrum dek sweat smile,0
rejeki lancar nyobain,1
mau sukses punya orang dekat orang,0
cair kakak mantap banget cuan s gi8,1
seru abis zap alexis17 zap bikin hari lebih warna,1
pulau777 emang juara rezeki gak abis,1
samsulkhoir w5t akun baru buzeer lo joy,0
pas kickdown sampe ngangkat gitu depan keri,0
wkwkwk riil joy,0
technologia fire fire,0
tempat buat ku bahagia manut88,1
ngakak joy,0
begini doang mah kagak tarik,0
bulepapuanugini wlaakkkkhh hand hand hand,0
gelokk sponsor open mouth,0
mandalika77 tetap baik dah,1
mobil drift tmpilan rally smiling face with 3 hearts,0
sukses suhu328,1
anak dapet makan siang gratis ga,0
tim jual diri,0
tiap pagi gue selalu cek notifikasi alexis star star dulu,1
pesona laksana selalu ide inovasi tiada henti tada,0
tuju kak modif motor pake airsus rbwt gd joy,0
jago bang kan ai wkk,0
ipone makin jauh tinggal joy,0
asam sulfat,0
nyari video asli ilang hina manusia gak punya malu face vomiting,0
panji aku ahok keren,0
bisa keiu nyarios na joy,0
masukin amazon biar beli dluar,0
sekali kali undang dong podcast masalah ekonomi politik,0
ntar lama2 hp kayak wafer berapa lapisss,0
alexis bikin gue tagih udah kaya candu aja nih,1
mandalika77 lunas utang gw cok wkwkwkwk,1
like vs rb disklike waw bntar bakal hapus,0
seru abis zap alexis17 zap andal gue sekarang,1
zenix jadi liat kecil banget belakang hev wkwk,0
dialog dong pak jangan monolog,0
tinggal nunggu mobil farell,0
jepe tiap hari ga boong axl777,1
nostalgia banget game alexis17 inget,1
gokil abis alexis modal dikit hasil gede,1
otw beli mie ayam bang,0
ganti judul aja bang skakmat langkah sob sob sob sob,0
mana mau si dewiii beli legacy,0
drama lo cuan beda lo pu lau tujuh tujuh tujuh,1
busyet asli alexis17 gak obat pokok,1
gokillllll heart heart,0
kalo pluto88 yg kasih duit,1
beli motor,0
jepe tipis gacur parah bos,1
dipo yg bangun mobil gua yg bangga,0
pulauwinlisensi web baik,1
kerenn fire fire fire,0
pak rt tetangga langsung dateng joy joy joy,0
mobil dipo ancur,0
temen gue tagih main alexis17,1
yuriahgunadi6119 emang kamu ngeh,0
pilih caleg nyoblos kan ente joy joy joy,0
akhir yg tunggu2 grin probet855,1
sadly yes i think so,0
solusi nya pie pak,0
modif xmax bro,0
pulau777 selalu jadi favorit,1
semangat terus bg dipo grin,0
jangan langsung ulti pak wkwkwkwkwkwkwkwk,0
ah mas kayak burung ngajak ikan renang,0
komenan emak2 pesbuk,0
rezeki nomplok bukit888,1
guna temu dewadora sumber daya harga,1
inti muter2 cari tumpang,0
fly bang,0
yg pirang gak review bro sweat smile,0
parwis bayak pakai skylander dominan sr3 jb5,0
sangat heran ama laku orang model om,0
hapus komen pulauwin,1
gue rela gak hangout sama temen nabung alexis star star,1
gede modal sparepart susah mungkin sweat smile,0
seru abis setia banget sama zap alexis17 zap sejak awal,1
yesss and so so self centered so sad,0
dislike nya sembunyi gyusss,0
aduh lucu banget sattt joy,0
prettttttt,0
streamer favorit heart selalu tunggu update baru grin grin semangat terus bang muscle muscle salam jepe sgi88,1
gak sync mas,0
temen gue rekomendasiin alexis17 mantap tenan,1
baru maen lgsng jepe sketer terus,1
emang gak se worth it alexis star star sih,1
gaasss xmax bang,0
iso speeed,0
tipikal orang jaman dulu yg suka dongeng persis mbah,0
gak pake anti gores pake skotlet,0
alexis17 udah kayak rumah sendiri kapan coba,1
mana 19jt lapang kerja bang,0
paling ditunggutunggu,0
jurnalis tempo undang,0
mascar007 gw bayar pajak lah mikir punya kuasa,0
valentinus resa gak ajak bang,0
bang ziko gak rievew dodge charger punya dom,0
pak prabowo emang layak jadi presiden,0
bro life saver,0
ngomong apa jir,0
modal ribu jepe lgsng wede,1
keren mass heart fire fire fire fire,0
rezeki berkat dewadora mudah,1
baru maen udh jp mntp banget situs,1
kurang berani apa coba ipk jadi wapres,0
jokes sea lion gak pernah gagal sih wkwk,0
bener bener gacir banget main doyaa77 modal hasil,1
gass truss brooo,0
mesin ls nya beda seri,0
manusia paling sabar sabar hina yg sbenarx benar,0
siaaapp cil sweat smile sweat smile,0
jadi inti apa fungsi jd wapres,0
gas bang main motor,0
damkar paling percaya rakyat pak,0
mending j2 prime gak sih sweat smile sweat smile sweat smile,0
gila keren banget dipake bimo jerseynya,0
mantap banget rejeki ngalir,1
anak muda berani tumbuh wkwkwkwkwkwkwkwkwkwk joy joy joy joy joy,0
haha cuih ga tu joy,0
joy lapor mas wapers,0
minggir lu misquen joy joy,0
info loker bangg,0
miya88 bikin main puas cuan,1
alsimkebunsayur hp lipet jadul moyai,0
bos aja jawab ngalor ngidul gimana anak buah,0
nah bener buat uang timnas,0
hadeew keluar hp,0
lama2 bangkrut ni bossnya mandalika77 soal profit trus aku main kemaren wkkwkw,1
pulau lebih banyak main lebih banyak menang,1
baru kali gw tarik nonton komen ketimbang isi video rofl,0
karaoke bang request lagu oke gas grin grin,0
fitra eri udah nyoba jalan jauh,0
bonas bonus eh baca berita ratus siswa smp gak baca tulis joy,0
lebih bagus komen2 nya,0
cupra masuk indonesia,0
ragu alexis17 eh tau nagih serius,1
aerox sering bgt muncul sosmed ganteng polll,0
ken kerja pakai orang dalem ngga,0
he talk the talk,0
saran mas kalau yg unit sold bikin vlog ny lg mas,0
agustoto gua suka banget main sini mudah menang,1
koenigsegg jesko attack udh masuk indo nih,0
best episode makasih bang panji fist,0
bini gue,0
bengkel bg bukan montir jasa konsultasi,0
konten modif motor d channel pribadi mas ziko thumbsup,0
cerita seru gue pulauwin,1
wajib kolab,0
beli dong xixixi,0
manaa crosstrek kamiiiiiiii,0
emang gak se transparan alexis star star deh,1
moga rezeki ahmadtotomembawa berkah manfaat sama umat manusia,1
semua tetangga gue kepo sama hasil alexis star star,1
asli bodo banget pandji maen catur sneezing face sneezing face sneezing face,0
gacor banget pluto88 rezeki anak soleh,1
tot8858 eh tot bedain jawab diplomatis sama normatif,0
benerga ru da ho ki gacoor gua nyampah doang,1
jejak dijitalmu gak hilang brow,0
wkwkwkwk mobil listrik,0
rdess k4e literally trump at home,0
orang bilang alexis17 tuh game changer banget,1
zetsu putih ketar tir,0
sdh check out tada tada buat kk istri bokap cman gak gw bayar aj,0
tim ken beli,0
kabar crosstrek gmna bang,0
berkah99 bikin senyum gak henti mantap pol,1
komemtar sini penuh orang omon,0
his name is chaos his hobby is sip the tea like an angel,0
yg penting gemoy lah kata penyefonk nya mah joy,0
pulau777 selalu jadi pilih utama,1
dislike disembuyiin tong,0
lu ngerti gk apa yg lu omongin,0
berkah rezeki hari berkat star weton88 puji syukur,1
gila gahar gin suara v8,0
dulu milih siapa bang,0
yook bareng2 bro,0
presiden curang,0
nih pulauwin kayak punya sihir sendiri,1
joy joy suruh ngaca dulu x omon2,0
gokil banget dah alexis17,1
jepe alexis17,1
pulau777 tampil keren fitur lengkap,1
jepe pertama kali maen puas banget,1
axl777 sedia ruang kompetisi sehat,1
indonesia modus obta stop call me raised hand raised hand thumbsup thumbsup thumbsup thumbsup clap clap clap clap smiley grin sweat smile joy,0
akhir gw main bokuggooiti sih kasih menang,1
report ajah mending e joy,0
kingpizzasuper ko,0
perang njir huwawei google ancur tuh amerika,0
bang review garasi baru,0
udah yapping nya wo,0
pin komen2 orang bang biar gk kena spam judol,0
yakin pulau777 gak kecewa,1
no maksud siapa yah,0
obell siapa dah bbangg,0
mhhaekal biasa tom jerry joy,0
wow salam,0
bro pokok kalo butuh cepet alexis17 solusi,1
punya prof dipo pnp semua joy joy,0
gacir parah axl777,1
lha lu komen bang,0
seru sama pak ahok detail bgt rencana2nya thumbsup,0
yaa allah presiden to iki cry,0
layak bapak ajar anak anak,0
gua udah ga tidur nyenyak kalo main alexis yin hari,1
lucu seru hibur informatif ubur2 ikan lele,0
maksud lo apa,0
fufufafa ketawa lihat,0
mantap om cry,0
tanyain chat gpt grok aza mas,0
solusi adalahh,0
nice link bagus alexis17,1
presiden prabowo jawab,0
5x malah wkwk,0
kwkw lg eeeeeeee mulu joy,0
jersey kiper kerah ga bang,0
ganteng pol,0
alexis17 jadi tempat lari paling asik gak bakal nyesel deh,1
pikir,0
ngomong apa si face with diagonal mouth,0
wong ni kerja,0
bilang alexis17 top markotop pol,1
anggorodps 9 sehat yg iq,0
klo uang sisa bnyak baru beli sweat smile,0
bapak lu kaya lu aman,0
emang gak se adil alexis star star deh,1
berkat agustoto lesat buruh tani bos agribisnis,1
china live in cyberpunk,0
jepe terus tiap maen prnh gagal,1
pagi gue cek notifikasi alexis17,1
numpang tanya dealer nya gabung ngak sama dealer cherry om,0
kece poll fire,0
awal bangkit cuan sgi88,1
link nya mandalika77 apa boss mau donk,1
infoin point solutifnya detik berapa,0
jadi mobil captain america yg baru blush,0
astaghfirullah ampun dosa allah,0
kevin de mruyne,0
awowkwwkwk,0
bg je coba review truck colt diesel 4x4 kebun sawit dong sweat smile,0
idola guaaaahhh heart heart heart heart,0
bukan inovasi baharu,0
esemka ngak om,0
kaya aki aki ajak ngomong muter muter joy,0
merdeka prestasi ghaib,0
liat harga langsung ken beli grin,0
gue alexis17 aja banget,1
mobil2 yg luar fortunernya ko ga tunjuk bang p,0
sama dong joy joy joy,0
aku yg aja h auswin fire,1
cuy gak nyangka alexis17 se booming keren abis,1
bikin baju bagus emang bandung joy,0
bonus bapak misal,0
vocalisnya vob menit,0
asik dengerin dongeng ngalor ngidul bikin ngantuk yawning face,0
gatau komen apa semua wakil bawah sama netizen blush,0
harga platform daring desain baik ahmadtotopatut timbang,1
elegan banget si,0
apabila mim mati temu huruf mim baca dengung joy,0
tuju sampah demografi,0
wede gampang banget nyangka,1
hari penuh bahagia sama mlndalikl77 rezeki datang hampir sendiri,1
tokped kok juta open mouth,0
mantap sponsor makin banyakk,0
mobil akbar rais awal btx obel,0
dora77 temu peluang karyawan bos usaha,1
ahok said anis sangat negarawan,0
langsung sgi88 bang joy cat joy cat,1
aura anak bung fitra gak sih sweat smile,0
gin cuman jadi tonton doang joy,0
kalok punya malu harus mundur sih,0
huawei esia ngoceh emang,0
ishow speed borong,0
g63 nya tuhhhh,0
moga selalu beri mudah main mandalika77,1
ayo bang ziko sekal main sency,0
goxxx mau dong bang jerseynya,0
agustoto aku cba bntr jepe gede lgnsung,1
iwasir i was hereeeee,0
derry new energy auto beli saham mab,0
kang anis sorry deh mending kang dedi mulyadi ahok,0
hampir aja jadi episode skakmat pendek wkwk,0
kkuchanel1083 siapa yg sedikit bicara banyak tindak rofl,0
gila depan nya ngangkat,0
bro aja sih alexis yin mobil nih buat member setia,1
bikin emosi detik pertama,0
harga komunitas solid agustotomungkin cocok,1
ngeri kali antilag nya fire fire,0
main aman untung maksimal cuma mandalika77,1
prabowo jawab cry,0
lapar banget ken bangun pagi kayak alexis17,1
ubur ubur ikan lele berkah99 udah tayang lee,1
beda alexis17 tenan,1
sumpah gue gak nyangka menang banyak mandalika77 tempat luar biasa,1
gila sih heart a lexis1 heart emang paling top,1
gd bikin v8 lahh lebih manjanjikan kompetisi,0
nabung beli ori bukan kw,0
jumlah dislike nya gak muncul apa udah lewat kebanyaken face with hand over mouth,0
menit salah jaguar beli persen chery,0
banh gimana mobil mas dipo habis crash tanding,0
penisirin yg bikin skrip orang ky gmn sweat smile,0
kapan gd pake mesin ls,0
woyyy mana ko komenan ga yg pro pa wowo joy joy joy,0
untung besar bikin aku makin cinta sama ahmadtoto thank you,1
close enough,0
apa sih kemeja biru risih gua slight smile,0
alexis17 bikin gue auto sultan minggu gokil banget,1
alexis yin tuh emang bener bener ngasih peluang semua orang,1
doyaa sedia antarmuka ramah guna,1
wkwkwkwk kena schoolar mate joy joy joy,0
super mantap mandalika77 baik paling mantap rtp atas bagus banget moga hoki moga nular sama layer,1
1d trending gatuh tada mandalika77,1
gm irene sukandar tlong omelin dikit smiling face with tear,0
masa iy berziko kalah proper ma joy,0
luar biasa ringkas aspirasi wakil mantaap,0
astaghfirullah kok gin presiden pilih indonesia cry,0
strategi matang berani eksekusi respek main pluto88,1
beli indomie topping nasi smiling face with tear,0
ngakak bgt denger pak ahok ngomong gak henti,0
harga dukung langgan suhu328mungkin pilih,1
baut roda nya bener2 mobil palu,0
penuh bahagia dewadoyaa rezeki hampir,1
gue trend pulauwin gila,1
moga mandalika77 makin sukses amin,1
auuuuuu mania,0
miya88 main sebentar langsung kejut seru bikin nagih,1
ulu777 fitur lengkap,1
cat2 misi bang yaaa,0
knpa gak sesi testing thinking smile,0
baru hari join alexis star star gue udah dapet cuan buat beli motor,1
kalo itung dr nat nya gril ttp strip mas jeje,0
om knapa skarang rua banget kaya bukan om mob cry,0
huawei tim dang mending,0
noviaarinjany122 wakil bagi2 skincare sekolah kak cry,0
moderator nya briefing,0
ayo dong modif motor mas ziko,0
siapa kemarin coblos hah brainless,0
ahookkk cintakuuuu heart heart heart heart,0
lambo mau make bodykit lbwk wkwk,0
anis nikke okesih,0
kpn punya pimpin banyak solusi,0
ngerangkum sendiri pake ai nih bang,0
benar joy joy joy,0
ctgctg9921 baru tau,0
bru tau aku sweat smile,0
udah skakmat tuh padahal pandji blunder wkwkwk,0
malu nya tinggal,0
dora77 bikin hidup warna cuan gak henti,1
karna penta prima sponsor elite,0
wow main zap alexis17 zap bikin nagih banget,1
tetangga be like hadeeh ngapain tuh si ziko wkwkwk,0
ahok mahfud lah yg jgn gegabah,0
gass modifikasi motor,0
jam yapping doank ni orang gmn gak ngeselin,0
bandar judol bang,0
ril cuy beli kerupuk sih,0
caaneedsleep apa boomer,0
langsung belibur kamp boja,0
d tunggu konten modifikasi motor bang,0
modifikasi yg selera nya mas atenk joy,0
pak ahok selamat durasi video kali jadi panjang rofl rofl rofl,0
bujangpamenan w9i intelektual,0
gila sih main bareng zap alexis17 zap selalu seru,1
mau tau rahasia sukses anak muda jaman now alexis star star lah,1
ngelag enggak wd jalan terus puiau777 emang top,1
gas bg ziko modif aerox turbo,0
pulau menang makin dekat,1
asyariiiii dukung sosok benci bijak kan kocak,0
komunitas nang mandalika77 iki sangat apik silih bawa sangat,1
hahahaha hahahaa sweat smile,0
best coach sih,1
zetzu putih fpi kan joy undead6868,0
jakpot bikin seru doyaa77,1
best banget sumpahh,0
teriak hidup jokowi joy,0
sony brand besar tp ga bikin hp begitu,0
bang tau merk sepatu abang pakek apa,0
nunggu harga 3jt wifi only,0
wah bsa alam neh tinggal ganti suspensi ikut rally,0
gausah tonton buang buang waktu,0
hpnya ishowspeed,0
rezeki agustoto nyangka,1
server2 luar emang lebih royal mesin nya lokal semalem gw maen mandalvka77 menang banyak gua wkkw google sendiri bro,1
wede aman sketer banget,1
xmax gd style blush,0
suka aura negative om,0
berkah99 bikin kaya beneran mantap nya coba coba nagih,1
angka dislike nya non aktif kena mental kek,0
gan hasil wede cair main dis3rver mandalika77 angan angan member gua kelepek saking cakap mandalika77 nyarik cuan,1
masha allah moga jadi amal jariah mas nya aamiin,0
satu kata sih buat lu mas gokil keren bgt sih love it heart,0
judulnta detail bgt,0
sy lebih tarik merek horni yg mirip mini alphard joy,0
ngomong apa sih gk jelas bjirrr thinking,0
mau apa sih,0
tasik liat beberapa charmant,0
bensin guna aftur,0
porche baru 4x4 sob,0
standardissue15 ngga mungkin lupa,0
baru aja gw coba mandalika77 malam lumayan lah dpt 2jt,1
alexis17 emang ga dua layan super royal wd lancar jaya,1
selalu mantep broooo,0
pak ngejabat pak,0
buset video sih gokil alexis17,1
mobil farel mana,0
buset alexis17 gokil abis,1
bener bener nyeleweng jawab pas cecar malah habis waktu rofl,0
bakal reborn,0
mobil hammer ev paling keren sekali,0
otw beli bismillah awet,0
ken block almarhum joy joy,0
my idola,0
feeling flat harmony next yg baru benar benar bas android,0
gokil abis,0
marsya mirip apa emang,0
enak tinggal klaim hasil anak muda indonesia,0
hasil gacir agustotobikin hari makin seru mantap banget,1
agustoto cuma modal receh hasil wow banget,1
jalanin aja kamu jalan bahagia v alexis17 v,1
keren abis tada,0
cuan jalan kerja senyum pu lau tujuh tujuh tujuh,1
bener kaum pelangi,0
hahaha dahitsu gak yg pilih sweat smile,0
menit kayak skakmat,0
bravo tempo,0
yng penting ga pakek uang rakyat aja bang hehehe,0
main aero88 bikin hari senang terima kasih,1
mobil balap biaya rakyat,0
ganteng banget sih,0
beneran apa gak sih soalna ane udah sering dpt jp mandalika77,1
lebih tepat nahan ketawa pas jawab mulai ngelantur,0
i love you,0
auto tajir pulauwin money mouth,1
wkwkwkw tau deh nyindir siapa yg nabrak joy,0
langsung struk presiden tanya joy,0
grafis do a77 keren banget bikin betah main low brightness,1
entitas111 balik fernando bjimane si,0
jagan khawtir siap beli kata mas dafid cuma harga juta aja,0
anjay view nih gw,0
bilang alexis17 top markotop abis,1
bruntung banget woee taxi driftt,0
happy banget dapet rezeki btv168 bener bener puas,1
rahadiarum7448 dah nonton om wowo tanya apa jawab apa kocak2,0
edan alexis17 tuh kayak cheat code urus ginian parah,1
cuma buat buang waktu,0
kirain ibu2nya ikut pindah blush,0
seh dah bae akun judol moyai,0
rasa maxwinn gimana memang asi bngt hari kakak sekaligus coba main sini money mouth weton88 money mouth,1
sya besok beli yg lipat puluh,0
mandalika77 populer masakini heart,1
bang coba hp tecno spark go bg ripyu,0
gokill gw maxwin garuda hoki modal 100doang,1
kuereen dwipo nyala,0
crosstrek jumat ye,0
cari tantang baru axl777 jadi jawab,1
gausah spoiler cil,0
salah,0
tunggu lanjut project crosstrack,0
episode paling lucu,0
tau beliau ngapain,0
kok bsa gtu wkwkwkw mandalika77,1
selamat bang moga makin jaya tada tada,0
modif motor auto rata kanann mh hehe gass modif motor bang grin,0
ngeh kalo alexis17 keren serius,1
nanya bengkel bg sob sob sob,0
wkaokwaokwoaow sekak,0
era jokowi selalu tanya kapan gera revolusi yaa relieved,0
emang presiden pernah wawancara,0
mantep bener nii tada,0
gasss bikin konten modif motor matic kalau rata kanan joy,0
bang spiker nya lupa tes,0
jadi ken beli hp moga rejeki nya aamiin tada,0
velg nya jadul joy,0
zoe tw layar 4k layar loe 720p rofl,0
salut bang keren konten salam jepe probet855,1
dewadora gacir abis sekali main langsung ken,1
jangan tinggal main agustotodan rasa sendiri,1
emang rx7 nya punya armuh,0
agustoto tiap maen aja jekpot luar biasa,1
logis pak hemat versi pak ahok,0
mending buat beli mi ayam,0
tuju bang fist fist,0
edaaaann gada suport moga wapresnya nyadar tau malu wokwok,0
makanya kerja yg giat biar beli kayak sy,0
besok moga,0
syuting kaya yg gm irene dulu baru yg,0
lomgsleeve nya cakep parahhh anjiir,0
yg komen,0
audio kecil pas iklan kaget gua gede bgt,0
besok bkal lihat iphone made in vietnam,0
honda maestro belok roda blakang nya,0
nyata benerga ru da ho ki gacoor gua kira nyampah doang heart eyes,1
bukti layar pluto88 tempat,1
pawpaw4d bikin untung,1
mager rumah rumah aja bareng pulauwin tetep asik,1
gas bang,0
hina terlalu hina puji nyata nama bukan puji,0
triton cakep banget,0
komen nyaa banyak negatif dislike aja,0
ku beli biasa aja,0
tiap gue selalu cek notif alexis star star,1
editor kelas udah editor tv besar,0
nabrak bang rofl,0
jangan sok edukasi kalai kerja dibantuin orang tua,0
semua temen kampus gue heran liat gue sukses gara gara alexis star star,1
menang sampah,0
lu bener sih kalo,0
galah138 populer masakini heart,1
menang pawpaw4d gak bangga,1
dora77bikin hidup lebih warna rezeki datang silih ganti,1
kenal huawei thn emang luar biasa gebrak nya gak tanggung,0
wajib coba heart a lexis1 heart emang paling top,1
akhir woiii,0
menit aturduit id,0
kan undng undang ga wak,0
sehat selalu maa gibran,0
main mandalika77 jarang2 ling bagus baru kali rasa petir merah si kakek senang x hati hahaha,1
yg shs fwd awd,0
co toko oren,0
speed pertama,0
lebih tarik baca commentnya,0
fishybrad wkwk serah lu aja lah wahai antek soros wkwk,0
hp borong ishowspeed biji cina wkwk,0
rog ally x gacor bg,0
gue udah buktiin alexis17 tuh scam udah wd puluh juta lancar,1
lama banget main catur,0
mumpung gacornya gas aja bos alexis,1
pamer u17 nol konsep,0
lah lu tuli jelas jelas uda jawab tu kasi dah wibu ni,0
ubur ubur ikan lele pokerbola mantap le,1
tombol dislike ud non aktif hehe,0
yeaayyyy akhir,0
terap wong liyo ngerti opo rofl,0
inget tetangga bang zik khilaf sweat smile sweat smile sweat smile,0
main mandalika langsung bikin hari jadi lebih cerah weary pleading face,1
kakek hehehe join bukit888,1
gak nyangka menang dora77 serasa mimpi siang bolong,1
banjir cuan king328 gak lawan,1
best skakmat so far,0
pantes rame mandalika77 wkwkwkwkwk,1
eh mas gubernur,0
isi konten tulang semua lebih daging komennya ahahahahhah sweat smile,0
baru hari join alexis star star gue udah dapet cuan ratus juta,1
slalu keren kalau bikin mobilll thumbsup thumbsup thumbsup thumbsup,0
sama ka joy,0
buzzerrp kurang bayar jadi dislike parah ndak setia,0
gw udh pre order biji,0
skakmat pandji joy,0
langsung beli mie ayam,0
pulau wisata jg pulau randayan lukut,1
jam jadi sia tak ads yg bobot jawab,0
isi ngga pantes upload,0
cuma sini yg bikin nonton betah sampek akhir wkwkkw,0
bokug gooiti populer indonesia eagle,1
gakan berani ngundang tempo,0
maizarindra498 coba jabarin per,0
trending yokkkkkkk,0
ketawain gak sih spam2 jud ol kira bakl tarik,0
mobil oke kurang interior tombol fisik minim,0
maacihhh abang bos gw ngerasain nama wede cuannn gedek banyak memang baik main web mandalika77,1
kalau luar sana sering kok pakai offroad,0
tunggu wawancara rupa wakil presiden pray,0
mau poles bagaimana kalo kosong mah lihat,0
otw buat modifan rupa game,0
sumpah apa alexis17 tuh bener bener ngebantu banget pas bokek,1
sabar pimpin perintah ga kompeten sampe gua sih gamau smile cat smile cat,0
50jt an aja sweat smile,0
crossbar nya ko ga buka sih jadi kurang kece,0
tantang berat bangsa indonesia punya wapres diri,0
gw udah po bang,0
om pin aja salah satu komen biar komen judol ga papling atas,0
agustotomenawarkan dekat beda libat daring,1
tarik hasil menang aero88 wujud impi,1
the best pokok alexis17 tenan,1
minggu main alexis17 gue udah ganti kamera dslr,1
bener pak jangan sampe jadi macan sirkus malah jadi kucing,0
sama broooo mauuu store,0
oren cry,0
pulau777 fire menang jadi nyata,1
kali kali main olympus mandalika77 hasil mantapp wee moga kalian ikutin saran aku hoki,1
mending sugeng jawab sweat smile,0
alexis yin tuh emang bener bener ngebantu banget pas gua butuh,1
hapus komen pul4uwin,1
episode paling gilak ahok yok yok,0
jelajah dunia dewadora lihat tawar,1
mas ridwan hilang sweat smile,0
kok blm nge review chery tiggo phev om sweat smile,0
ngarang jawab pak prabowo,0
main 1x lagsung boncos ga untung mending app,1
udh bg gw beli kopi,0
dp 5juta berapa tahun cicil,0
gak pusing mikirin duit kalo udah gabung alexis17,1
dewadora pecah terus mekswin,1
gak percaya menang banyak mlndalikl77 mimpi jadi realita,1
salut buat subaru masuk indo langsung full drifting,0
hibur bgt baca komen2 nya rasa wakil joy,0
makasih udah aku salah kak perlu apresiasi,0
ngomong opo ae joy ngomong tau makna cuma ngomong joy,0
anis ganjar bgitu keliling oligarki jadi sama aja,0
hidup lo vibes cobain pu lau tujuh tujuh tujuh,1
keren kieuu mang bimooo,0
tongkrong cerita iseng iseng kenal pulauwin aktif,1
pulauwin bikin penasaran,1
redi jual mesin 2jzgte,0
memang paling tepat main mandalika77 untung saran teman baru menang,1
paling neng kalau om mob udah ngomong hyendeeeeiii rofl,0
otw nyungsep,0
ngomongin alexis17 ikut kepo abis,1
om mob lebih seru,0
kembang arhan semangattt salam alexis17 gampang jepe,1
tada joy heart cry open mouth sweat smile blush,0
naikin gaji editor,0
gila sih bangga banget jadi bagi fire zap alexis17 zap fire,1
mandalika77 bro gw main sini gak pakai janji palsu bro cuman sini gw sering menang,1
samsung tungguin aja ntar wkwk,0
otw beli buat mbak art rumah,0
main agustotorasanya kayak mimpi hasil langsung limpah,1
ken nang mobil hancur cry cry cry cry,0
lebih baik tanya yt dokter mobil indonesia aja,0
is this ai,0
makasih clipper tara arts gema show,0
nyala bang ziko joy,0
semangat trs mas umbu,0
preeeet emang percaya,1
semangat bosqu baik star sgi88,1
pantesan lama reviewnya jt boss,0
kdm ngga dulu deh perlu bukti,0
serasa liat joe biden bicara nya ngelantur,0
beli nokia n gage,0
hidup lebih seru 08bukit,1
gacir bener baru maen udh jepe,1
ahok mahfud ri langsung jadi negara,0
gw nunggu yg lipet joy,0
orang cepat yum,0
kasih untung serupap luto88 wd aman,1
juta aja bukan buat kaum dang mending sweat smile,0
kaya selalu ganggu,0
fortuner kaga anggap bang joy joy joy fire fire fire,0
m4 hobibarbar fire,0
rizkyaja mending lu aja sono yg jd pleciden,0
isi klaim prestasi orang joy,0
narasi isi buzzer semua,0
china emg ga ad obat inovasi fire,0
is the best gd subaru,0
waktu debat capres jg tanya apa jawab apa,0
alexis17 bikin mood bagus anjay fix,1
seru abis main bareng zap alexis17 zap selalu seru,1
interaksi tak duga lucu panji sama ahok,0
nonton langsung skip detik,0
thumbnainya ganti,0
gokil sih buat guling clan mulyono joy,0
bahaya kadrun,0
bapak sama anak kok satu keluarga wkwkwk eeehh,0
prabowo ban,0
mobil si tampans semua wanita dpt milik fokus karir,0
wah keren probet855 baik menang mudah,1
yapping yapping yapping,0
dora77 gachor abis baru coba langsung mekswin,1
kena banned malah op thumbsup,0
asyariiiii pikir macam apa pray sob,0
pak presiden next wakil yaaa,0
hp ishowspeed,0
sukses terimakasih wd besar llexis17,1
tetap konsisten pak prabowo muscle konsisten ngelantur nya sob,0
koislot bikin mula langsung pede,1
manfaat sekali kak,0
joy joy joy joy wanjaaay quotes nya brillant bgt,0
beda kan logat sama cari muka paham lo,0
langsung tamat kek nya kalo modif motor rofl,0
ma nu t88 selalu jadi alternatif pas hidup keluarga,1
baru gabung alexis star star minggu udah ganti motor,1
kalo udah main dewadora tagih soal gachor bgt,1
bang aing masuk tv bang pray,0
apa roda belakang kiri thinking,0
auto sultan bareng rulay777 cua mulu,1
pertama nonton joy,0
opo iki orang kaya gin joy joy joy,0
kurang seru ga tempo sweat smile,0
hormat pak ahok,0
otw beli creamy latte,0
zenix jadi liat mungil wkwk,0
lah gimana joy asyariiiii,0
brand cuma ganti posisi kamera aj huawei mantb,0
gas coba modif xmax nya,0
alhamdulillah udah techno,0
ban nya kok lepas mas joy,0
udah abis indo bang udah gw borong,0
temen gue bilang alexis17 tuh bikin tagih,1
siapa sih bisik pak presiden jadi begini,0
mungkin pake buzzer sekarang hehehe,0
ahoker hadir,0
se dapat,0
kok kemaren gk up,0
kang semir jam gacirr nihh22 btskit888,1
jual ginjal,0
info loker pak relieved,0
mamamia6512 kaga basi buzzer pakai isu,0
cara liat dislike gmn brader,0
dewadora benar benar nomor rekomendasi orang,1
ngopi santai rumah favorit alexis17 nih,1
ga punya mobil tp sk bgt liat2 mobil2 sport,0
hati hati bang grin,0
alexis gk kalah hki trus maen,1
bang bahas hp merk baru eropa inoi,0
lc kabupaten starter pack joy joy joy,0
jangan mulai nangis2 kaya bawa happy aja,0
ngomong apa sih,0
sayang langsung nabrak cry,0
kalo hari ga hasil apaga mending pecat,0
ho lhoo sy langsung klik komentar males nonton videony,0
pas lipat buka terus jatuh udah tamat hpnya joy,0
cuan no ribet pulauwin dollar,1
ga sabar liat brziko vs brz obel nnti,0
game nya seru hadiah gede ahmadtoto emang juara,1
aerox apa xmax bang sweat smile,0
keren banget gak move on seru fire zap alexis17 zap fire,1
isi kosong bikin bete,0
abang pro siapa ahok anies,0
koreksi dikit yg milih mpr bukan dpr,0
sih serius udah menang alexis17,1
hebat tetangga gk yg ngelapor isi joy,0
kocakk yaa jd lawak aja joy,0
kaga bang dua udah pernah jadi gubernur,0
fufu fafa ndadmu,0
bukanpemudaormas1340 now we know why is he losing the elections before melting face,0
apa gebrak ruu tni,0
gacur hari auto sukses,1
norak kayak ide,0
selalu rasa untung mandalika77 gabung bro,1
puja rk ngumpet gorong2 joy,0
percuma gm irene ngajarin lu bang sweat smile,0
david jajal dajjal moyai,0
kerja nya hasil bonus bapak ngomongin bonus demografi,0
episode paling seru so far baik obrol maupun main catur,0
modifikasi motor siap kawal bang ziko saluting face,0
motor xmax nya oss dete welcome luster bang zik,0
gila ampe merinding gua nontonnya sweat smile,0
orang korea siapa,0
ajak akang mv buat modip motor sweat smile,0
best defender i ve ever seen,0
makasih banyak bro,0
jumat sore wajib selasa cuma samping,0
gk liput kurang tarik joy,0
this dude has diploma in yappology,0
mantap betul ahh kalau gin gak sia sia deh gua main mandalika77 keren poko,1
udh bang udh sen unit mimpi joy,0
harus obrol cuma menit gegara kena skak joy,0
bang gk mampir the elite banyak motor tuh,0
walaupun udah nonton awal eps tetap nungguin full review,0
rezeki aeyao88 bikin hari senang thank you,1
emang gak se worth it alexis star star deh,1
asa dongengken bagoy ah,0
kembang arhan semangattt salam llexis17 gampang jepe,1
jam full yapping jirrr,0
coba kapan gd bangun mobil pake v8,0
speed said move aside you poor sob,0
ziko dipo tinggal nunggu reveal mobil farel,0
gilee proyek candi kelar mantap mantapp thumbsup thumbsup,0
korneliahae jadi bagi orng2 skeptis aja bangga bener mbak,0
gd kalo modif mobil gak pernah gagal mantaap thumbsup,0
si hitam marga mesin ga sebut joy,0
mobil vavorite gtr r35 and gtr r32,0
bonepriambodo4077 pertama kali dulu nonton doang respect aja sama dipo,0
sama mandalika77 hari penuh warna,1
direview sih,0
alexis17 emang ga dua layan super ramah wd lancar,1
makasih bang point2 jabar,0
cocok buat hantar tidur isi nya bual belaka blush,0
jangan dong klo bgini gelappp skull,0
foya foya seru banget gara gara pulau777,1
tantrum taun,0
ga lawan sih dewadora maxwin,1
rekomen bgt pulauwin white check mark,1
sweat smile sweat smile malu ndjie,0
gimana gak rata kanan joy bapak nya aja udah atas rata2 joy,0
pernah rasa jenuh main do a7 selalu inovasi cool,0
pu lau bikin hari hari makin cua mantap banget,1
sekut manut88,1
dipo selalu problem mulu dahh,0
wede alexis17 cepet banget,1
yah cupu berani nya spem komen doank gk donasi,0
nunggu second aja nyari yg tuker tambah sama j2prime,0
mana benar broh wkwk kocak,0
jawab penting negative squared cross mark penting jawab white check mark,0
bbbuuuaaaajiiigaan,0
emang kamu bonus bonus indonesia sengsara,0
tunggu review s15 pakai mesin r35 mas,0
punya hammer h1 mas versi remot control joy joy joy,0
mending lu tidur besok mulung,0
baru kali maxwin kali turut turut ga ru da ho ki partying face,1
dora77 tawar lingkung dinamis tarik,1
matic gede video sponsor yamaha bang,0
galaxco9669 owh kirain yg tambahin grimacing grimacing,0
miya88 emang candu saldo gue korban pertama,1
bosan,0
randomplace2296 coba solusi realistis lo kek gmn,0
koq mirip cerita nya siapa yah wkwkwk,0
tuh gue siap milih beliau,0
thanks bang makin buka pandang lain good job,0
gilak cakep banget,0
malam gue nungguin update alexis17,1
sangu turu,0
jawab nya pake chat gpt kan yg bangga ai sweat smile,0
merinding gess,0
yg beberapa kali kalah lawan farel akhir ganti mobil,0
nang reno nih sweat smile,0
apurnama ooo gua kira kepanjanganya anak syahroni coy enggakya nyata,0
dewador amenawarkan dekat beda libat daring,1
kamu cocok jadi menteri sekretaris negara sekretaris kabinet,0
tadi pagi kena duit vowo77 20k keturahan,1
lamontree5877 fakta boomingan sr joy,0
jepey trs ga putus ae o88,1
bahaya buat orang tagih bukit888,1
momen epik nyangka keren salam alexis17,1
muhammadihsan ur7jm emang iyaa,0
patut coba tada,0
bilal wajib diet,0
si paling cepat joy,0
psikolog bedah cakap,0
wkwkwkwkwk viral ni situs mandalika77,1
penuh bahagia dora77 rezeki hampir,1
prabowo ahok prok prok prok grinning,0
jangan salah pilih guys tetap manut88 baik,1
kambing siapa yg lepas,0
aku dibeliin sama papi ku singapura buat main pubg joy,0
mantap mobil,0
pernah kecewa apa beri pullu777,1
bukan dr prabowo antek antek nyesel gua golput,0
udah coba game pawpaw4d bikin betah,1
jam menit buang2 waktu smiling face with tear,0
in sha allah,0
penasaran ken beli moga,0
gak main pluto88 rugi tempat jp sarang,1
nemu point mas mau sukses punya orang,0
explore pulau papua,1
paling keren supra si heart review dong detail nya,0
ampe basi gw baca begini tiap konten huawei aje,0
coba jelasin qpa yg kamu ngerti jawab bapak presiden muhammadmudayin,0
keren polll,0
iseng iseng aku ajak doi main mandalika77 kaget ngeliat petir kek wkwk,1
anggorodps 9 anggoro bayar brp anggoro,0
nyari healing digital gue sih pilih pulauwin,1
nih jam gin kasih sama mandalika77,1
uda ga paham situasi mala maen fisik,0
kabar iphone mau ikut ikut buat hp fold wkwk,0
velg ceser keren abiss joy,0
jam gin main kakek m ndalika77 bikin nagih lurr scatter nya gampang turun sketer kali nya konek terus,1
gila sih alexis17 layan nya gokil,1
lucu banget bapak bapak,0
ahok for president heart,0
peluang emas kalau punya paman mk,0
butuh wapres baru,0
anggorodps 9 akun baru mana nongol terus ngebelain om prabski ckck,0
benar,0
jumat depan gamungkin dong ziko yg inframe sweat smile,0
pak wakil cobain deh live d bigo cakep tuh biar gen z banget,0
om garasi drift jga buat yg pake mesin v8,0
gaji guru naik kan emang udah jmn sby bkn jokowi prabowo,0
wrc cocok bang herb,0
nakoda yg tangguh lahir sering dapat hantam badai,0
tebak anggar berapa m,0
tungguin bg gw mau jemur nasi basi dlu yak,0
nyari ngantuk sini,0
gila sih alexis17 benefitnya ngak abis2,1
nyangka hasil besar mandalika luar biasa,1
alexis17 emang ga bikin kecewa withdraw bayar,1
habis wawancara wapresnya ken tau lebih ngepantur mana,0
gibran bahlil siap guncang dunia,0
tuju indonesa emas,0
sehat selalu semua salam sgi88 gampang jepe,1
alhamdulillah kasih wd terus sama mandalika77 modal receh doang tiap main,1
hearing without listening taking without speaking,0
konten paling tunggu,0
dewadora beneran gacor,1
belik cilok alfa 5k,1
tempo ga ajak nih hemm,0
beneran deh main bareng zap alexis17 zap selalu seru,1
rezeki dora77 bikin senyum lebar terima kasih,1
tuju indonesia bubar sob kasihan dahulu wilted rose,0
rezeki doyaa77 bikin senyum lebar terima kasih,1
denishenritowoliu5367 gk usah kasi sama w emang w knp,0
gak percaya menang dewadora mimpi realita,1
kosong orang orang pintar ajar serius dengar dongeng,0
wowowoooooww bener bangeeet rofl rofl sob sob sob,0
sukses trus buat all team pray pray muscle muscle,0
mantap muas main mandalika77 selalu lancar hambat rezeki alir sangat deras,1
the power of cuan see no evil person doing cartwheel male sign,0
wawarzha bocah bocah jurnalis wokwowkwok,0
ntar brand yg lipat tambah lipat atas bawah,0
moga beliau faham apa baca blush,0
bener bener gacir main pertama kali langsung menang besar mandalika77 kissing closed eyes kissing smiling eyes,1
spil mobil drift farel,0
gue sih udah anggep alexis kaya second home aja,1
raya momen unik mandalika77,1
rezeki lancar jaya hari berkat ahmadtoto alhamdulillahirobbil alamin,1
penasaran sama cerita orang orang menang besar mandalika77 akhir coba langsung dapet rezeki besar,1
tempo rocy gerung sweat smile,0
lexus mercy,0
jagurduk xb7pb bang udah bang sob sob sob,0
pas bgt upload jelang milu aussie next month,0
toko nya,0
sih niat bgt jirrrr keren,0
lu polos lu buzzer robot joy,0
agenda jadi maaf kali aja joy joy,0
gak ngabisin langsung gacir agustoto bener bener rezeki,1
kalau begini aja gue jg joy,0
baca komennya buat aku ngakak,0
update subaru farel anak fitra eri,0
superrr wadidawaaa tada,0
convert stir kiri kanan yak,0
semua komen buruk mayoritas anak abah joy,0
tong kosong nyaring bunyi fufa,0
bikin film bagus kayak inspirasi sekali joy,0
undang pak jokowi bang,0
mascar007 bayar berapa bg sama prabowo jawabin semua nya dikomen wkwkwk,0
parah agustoto bikin nagih banget susah henti,1
genius banget cok makin gak nyesel gua gak milih clap clap clap clap clap clap clap clap clap clap clap clap clap clap clap clap clap clap clap clap clap clap,0
rezeki hari datang henti makasih banyak axl777,1
beli kopi kapal api nya kawan kawan,0
ye cuz it s electric bruh,0
ngga engehhh pak ahokk joy,0
absen dlu ah,0
gue rela begadang main alexis17,1
suka land cruiser vx80,0
puyeng banget gw bussseeeet,0
sekrang gk perlu seludup pak kan impor unlimitid ga dibatasin,0
wartawan nya narik nafas joy,0
cuy nama alexis17 unik banget,1
skip moyai moyai,0
baru sadar pemred tempo,0
liat aja anjir wkwkwk,0
terbaek orang sayang banget gak jadi presiden,0
ga nyambung lah,0
feeling flat beda haormony bom lepas dr android tp lebih berat,0
ternak abah pandai nilai,0
dora7 7bikin hidup warna cuan gak henti,1
langsung gas sih harga nya gak mahal bang wkwk,0
sulistyowati el8kl bayar brp,0
benci sama salah nya yg dulu kagum sama ubah nya sekarang,0
calon mti boy,0
kalah sama anak d1 yg pinter pidato,0
tuju kalau ahok pak mahfud tak coblos,0
diplomatis apa emang ngga ngerti pak wkwk,0
kerah kalo putih asik kyknya,0
gak seru,0
ngeri kamera,0
agustoto tawar lingkung dukung dorong,1
gue rela begadang tiap malem main alexis star star,1
rekomen hape android dong budget jt,0
sgi88 is the best heart heart heart,1
tanya draft ruu tni jawab mencla mencle wkwkw,0
beli motor scoopy joy,0
kameramen mula fokus bung,0
peran wapres mana,0
kesini dislike,0
oke gas oke gas oke gas wkwk,0
main langsung dapet menang dora77 bener bener gacir,1
klo banyak tuh dislike gw pencet yg banyak,0
bang 50jt bikin tugu biawak wonosobo sweat smile,0
jadi inget bro ferry irwandy,0
cari alam daring lancar agustotomungkin solusi,1
g mungkin pdi mau jadi wakil joy joy joy,0
apa durasi nyaa cry,0
hp ishowspeed beli,0
wkwk seru,0
unboxing poco m7pro 5g bg,0
makan siang kantor bareng alexis17 kayak seru,1
jekpot koislot bikin tagih,1
aya mobil akang euy,0
gaya sesuai dompet,0
adityagunawan9001 wkwkwkwk mana iya,0
main elegan cuan maksimal pluto88 emang kelas beda,1
harus elu jadi model nya om,0
kilas info doang mah l dh gtu ja rofl,0
asyariiiii hadeh wowo wowo rofl index pointing at the viewer rofl,0
hp harga gr lm,0
modal receh jadi makswin gg sih,1
anam1431 aja sayah stuck out tongue winking eye,0
gak bosenin udah buka pulauwin,1
kelass,0
kirain crostrax disappointed yawning face yawning face yawning face yawning face,0
harus,0
iya,0
naskah chat gpt,0
langsung skip,0
lanjut vivo v50 lite mungpung hagat,0
dibeliin papi ku singapura main pubg,1
mundur aja bro,0
jauh lebih manfaat baca komen darim nonton video,0
main mandalika77 coba kali kali main situs mandalika77 bukti w3de3 akun ku benar deh ga nyedot situs,1
guncang guncang fakta,0
nsx bang aku bang grin,0
agustoto tiap maen hoki,1
stop judi online,0
main dora77 buka jalan jaja nasi goreng usaha sukses,1
sholawatin ajaaa tau ngasih,1
bedehhh body nya gaada lawan moga berkah terus ka channel nya,1
anjay mantep revolving hearts alexis revolving hearts main rebah kasur,1
jelajah dunia doyaa lihat tawar,1
mau ikut dislikenya ko ga,0
asyik banget,0
gw baru beli tadi emang gila ni hp,0
dewadora mungkin cari hibur daring hot face cold face,1
tunggu review supra nya,0
hebat bgt tahan jauh joy,0
cuan pu lau tujuh tujuh tujuh tuh mudah update status,1
knalpot nya udh banyak bang atenk bal dulu banyak yg makek,0
asik pindah sana pindah sini aja terus temenku nyaranin main situs mandalika77 eh nyata beneran gacir dong,1
raja akhir sweat smile asc thumbsup,0
hp lu lipet berapa bos sweat smile sweat smile joy,0
mau beli tp kpn do indonesia timur,0
mah buah jatoh nyangkut pohon joy,0
kawan kata samarinda ampe skrg blom dpt,0
yakin indonesia kembang pesat,0
menang agustoto bikin mimpi nyata,1
jadi penasaran bapak siapa,0
garasi drift on top fire,0
ubur2 ikan lele offer terus buat pak tony sumber alam le grin,0
gue udah cobain platform alexis17 gampang jackpotnya,1
demo demo murni yg bayar ndasmu,0
jawab aja gk trs kerjany gmn joy,0
semangat bosqu baik pluto88,1
ngang ngong ngang ngong doang udah yapping nya,0
jadi hmmmm kapan mau lengserin perintah sweat smile,0
kata kunci macan sirkus joy joy,0
baru beli ip nongol hp baru,0
bang davit kasi iphone wak wak ilang harga diri,0
siluet desain fj cruiser sekali sweat smile sweat smile,0
gue sih udah ga move on alexis17 gacor bikin nagih parah,1
sering balik pulau777,1
keren suka diskusi,0
jadi ingat jalur pintas rekayasa paman mk jadi wapres sweat smile,0
apa iyyaaa yg misqueeennn gak usah lanjut nonton joy,0
asli suara meski suara palsu,0
rebah tidur cepet liat update an alexis17 aja pol,1
thank you ko,0
rata2 jalan jawe semua tdk jalan nusantra thinking love you gesture pray,0
video off cuma mau dislike,0
gak ngerti circle temen gue tau pulauwin,1
ken cepat kaya langsung coba axl777dan rasain jakpotnya,1
ahok fery irwandy lebih,0
ridwan kamil sih kalo,0
omon omon sang ri1,0
al maidah nya dipake lg gak joy joy joy,0
menang nya ga banyak penting ga bikin aku rungkad naik sikit quot lama lama jadi bukit bukti aku udah menang mandalika77 sambar sama kake zeusss wkkwkw,1
undang wapres donkkkkk,0
fiqri880 hahahaha emang fakta gak becuss,0
hp lipet aj sering ambrol apa lg lipet joy,0
oil colerny pake gsx ngga min joy,0
kok tempat sy lebaran harga ubah semua pak,0
janda tarik,0
ahmad syahroni bg,0
kali jadi ba nya erspo grin,0
asli sih gak nyangkaaa,0
ziko gimana kabar bang dipo mobil nya sob,0
tuh gd modif motor tarik thumbsup,0
neng hari bangun2 kumpulin nyawa main mandalika77 langsung kasi wekwekwek,1
alam luar biasa tiap main ahmadtoto bener bener gacir,1
mobil wakil karakter om jeje muscle thumbsup,0
kalo bdasarrkan emote hp sih zany face,0
beneran deh zap alexis17 zap andal gue sekarang,1
kalem dikit lah joy,0
poin tarik banget pandji,0
keren abis alexis17,1
hp lu lipet berapa bos,0
bagus hpnya jir,0
beli siomay yum,0
langsung cod facebook sweat smile,0
dehanfin tinggi kek nya,0
agustotomemang daebak jp nya bikin speechless,1
apa mas ockis ken suara kaya gitu brziko joy,0
hats off sir,0
alexis17 selamat genting beneran,1
gua sih udah pasang alarm khusus buat jam gacor alexis yin,1
duo bapak bapak duta sahabat otomotif,0
lebih rendah gelandang joy,0
suara enak banget ni ki daus kayak vo iklan jadul,1
simbah dongeng disappointed,0
sabar netizen keti tahan joy joy,0
udah engga dong,0
kacau banget dah main alexis17 baik,1
keren sih velgnya beda drifter indo,0
komen anak abah sama rt sweat smile sweat smile sweat smile sweat smile,0
mobil akang mv,0
satu feri amsari,0
honda accord warna item,0
kandel pis eweh kabecus ge,0
waktu fun drift show pasang roofbox yg tipis lucu seperti,0
gas lah bang ziko siapa tau muncul culture motor gd fire fire fire,0
gaada konteks bahas kosong,0
yg penting takut tuhan mas face with hand over mouth,0
minggir lu miskin ampun ngakak bgt,0
hina memang hina,0
ban gimana maksud w pake google,0
slotnya bikin nagih cuannya bikin kaya pluto88 the best,1
presiden ko kaya gin hadeuh,0
fanboy nya iphone sembunyi pojok meja dapur,0
joy joy kocak kalian,0
jen1ce yg gantiin si gibran dong fearful fearful ogah kalo ga gibran luhut sob,0
jokojmc tanya capai hari jabat malah cerita plan depan rofl,0
pulau777 bikin untung tiap hari wd jalan terus,1
riview semua mobil gd dong bang,0
dipo nabrak kok gaada vlog nya,0
moga pak ahok sehat selaluu hormat,0
kali maxwin kali ga ru da ho ki,1
gilir komen kek gin aja buzzer2 gak jawab sepi,0
lo bukan bang ferry irwandi,0
sedang tunggu orang komen nonton pake hp sebut,0
omon omon doang,0
beli cuman buat telpon wa sweat smile,0
hasil gacir main dora77 kecewa,1
anjay mantep revolving hearts alexis revolving hearts main slot nge unity,1
mas wahid jual beli mobil dulu joy,0
tuju banget lahhhhh,0
nyala betul,0
jual channel malah beli tada,0
ga beli sekaligus klo ga ga jadi nih moyai,0
edan gue tau alexis17 oke,1
pepekpepek lah semua iklan poko mandalika77 paling gacir,1
tdk makna bukn gumul otentik diri,0
alexis17 tuh emang bener bener ngasih peluang orang sultan dadak,1
juta an aja cenah weary weary,0
kalau punya uang lebih banyak ken sih beli baic bj40 blush,0
hemat waktu kalian cepat vidio jadi 5x,0
tecno lipet,0
seperti yakali kan gatau kalo forza,0
joy mas wo wo mas wo wo sweat smile,0
duet anies ahok impi,0
main pawpaw4d untung senang,1
waow sangat bobot sekali komen teman2 video joy joy joy joy,0
milyar habis mungkin biaya modif nya,0
summun bukmun umyun,0
vonia1047 jalan haha,0
dikayh px5wl bang udh ga usah jelasin ga ngerti rofl,0
tuju ahok x dedy mulyadi,0
viral,0
ubur ubur makan terasi laksana pesona makin serasi point up 2 point up 2,0
heran sih pulauwin nyentuh semua kalang gitu,1
dasbor bikin mas biar ga ngopong bet,0
makasih narasi jadi yakin kalo nilai lebih layak cry,0
sangat inspirasi fire,0
iya kyknya keren tuhh lintas banyak tampal,0
alexis17 engga pelit petir,1
momen kilau mandalika77,1
kasi sama anak koruptor kata joy,0
produk korean utara apa korea selatan,0
wkwkkwkwkw iya lucu banget,0
dedi mulyadi dong mas panji,0
kali sketer asli mantul banget,1
happy banget dapet rezeki agustoto bener bener puas,1
semangat bosqu baik probet855,1
sebentar hijriah ratus tahun emas nya joy,0
asa maxwin habisp luto88 gacor habis,1
kenceng mana sama 2gd,0
ide tarik,0
terima kasih saran joy,0
beli j2 prime,0
real flex,0
main sebentar aja langsung dapet rezeki besar keren banget agustoto,1
indonesia butuh ahok,0
nilai nyata terlalu banyak,0
presiden prabowo jawab x presiden prabowo ban heavy check mark,0
uu ampas aset koruptor tak jawab cry,0
padhal paling bagus cocok velg nya yg komen selera kere fix,0
thanks timestamp nya bro thumbsup,0
wah channel banyak sebut star alexis17 star,1
tiada tanding uda main alexis17,1
keren bet hasil akhir,0
salah org yg dislike dr puluh ribu a masssssss sweat smile,0
beneran dah masuk akal promosi begini,0
gas bang gua tunggu video konten,0
banting hp solusi,0
alexis17 bahas,1
our economy is doing well mohon maaf dunia mana pak,0
wede kali sketer,1
pulau tempat menang kumpul,1
tunggu second ny hingga sentuh harga rp juta open mouth cry open mouth,0
pawpaw4d main wadah sama digital,1
sangat uwow,0
bro pikir bro ferry irwandi,0
cakep turut pak w,0
malu kelas chanel wapres kok gin sedih bgt cry cry cry,0
diskusi sama rakyat dr semua sisi perlu pak,0
berapa lapis ratusaannn rofl rofl,0
yahh udah hide dislikenya info akhir dislike nya berapa,0
oke liverynya keren sih mantep,0
prompter joy,0
manut88 alam main fantastis,1
emang kamu tau,0
wih bilang alexis17 top markotop,1
mandalika tujuhtujuh bro gw main sini gak pakai janji palsu bro cuman sini gw sering menang,1
gak mutu,0
jgn kayak buzzer,0
ngga jelas bgt isi,0
fix beli kouta dlu,0
alexis yin bikin hidup gua ubah derajat tukang ojek jadi bos,1
jumlah dislike nya ilang joy joy,0
nunggu versi china yg harga gak smile,0
ko main janji dulu om wkwkkw,0
baper banget lu ama komentar doang kasi sob rofl rofl lockysigarlaki163,0
speakernya dengar bose udah kena syok harga mobil grinning,0
kalo aku yg jadi jurnalis udah pati banyak ceplos maatta nee,0
hummer ev heart eyes clap sunglasses muscle two hearts hugging,0
akan v8 astonished,0
bang rumah akang mv hearts,0
banyak guna temu simba69sebagai sumber daya harga,1
jangan lewat sempat menang besar pulau,1
terima kasih mbak najwa shihab baru tahu siapa prabowo,0
alexis17 sih heboh banget gila,1
elainaymafay ngacapruk kata orang sunda,0
allah moga komentar promosi dora77 panggil mu cepat amin,1
cair terus kakak mantap banget cuan sgi88,1
amazing open mouth open mouth open mouth,0
yg tunggu2 review dr gadgetin,0
paman sehat pak wapres titip salam,0
agustotoadalah platform rancang timbang guna,1
gimana y bukan nya paham malah ngantuk,0
si anyiinngg ngoceh joy,0
beli kuota buat nonton video sweat smile,0
kesini cuman buat liat komen disklike video,0
gas main motor hehe,0
bang review hp realme gt pro dong bang,0
harus judul presiden prabowo dongeng,0
manusia biasa d emang jawab nya lantur dasar buzzer bayar berapa lu joy,0
bawa pulang senyum mandalika77,1
keren banget rasa gak lengkap hari fire zap alexis17 zap fire,1
samsulkhoir w5t samsul bayar brp,0
alexis yin tuh emang jadi andal gua kalo butuh dana cepet,1
kasihan mas dipo mobil baru nya crash tadi ajang turnamen,0
bangsa sia nyiakan berlian lebih pilih batu akik,0
infinix zero flip bang moyai,0
gk bosan nya aku sama star alexis17,1
jam yapping,0
rivyou mobil nya bg bimo dong bg,0
kayak apa hasil drag race gmc h ev vs jimny,0
jam betah,0
langsung gass sunglasses,0
mantep langsung sorot smua motor bang dete kwkwk,0
salut editor ngedit jam,0
baca text bang lihat kok,0
wallahi we doomed,0
hp jual gengsi mahal,0
tebak gg nulis script,0
merinding siih pas reveal blush,0
solusi buat ortu yg anak,0
jackpot terus terus bikin happy king328 baik,1
bawah 600jt gokil si,0
rofl rofl rofl rasa pen bilang ndasmu gak sih sob sob,0
the sickman from wakanda,0
kerja numpuk bikin stress butuh semangat alexis17,1
obell support duit bpk vs farell support jalur bpk,0
tuju indonesia cemas,0
kira nakal wkwk,0
utang sit ra ki joy,0
jawab nya ngelntur,0
banyak2 istigfar nonton iniii joy joy joy,0
ngomong opo to pak,0
rame banget nih alexis17 tongkrong sih,1
haadiir selalu mas mandalika77,1
sayang ga jual,0
kata buat lu bang ganteng sunglasses sunglasses sunglasses sunglasses,0
temen gue luar negeri aja tau pulauwin gokil,1
cuma bikin rugi orang malu banget,0
anis ahok,0
bahagia hakiki,0
mas panji main catur koq atur sich joy joy joy,0
mobil langsung crash cry cry,0
bang review mobil umbu gilberthh,0
anak abah diem aja,0
beneran rebah dong buat ngolong,0
bapak sama paman gak ajak bikin video mas,0
banyak,0
dewadora gacir bener tiap main aja jepe bikin nagih,1
ahok mahfud sih,0
klo btp mahfud md,0
gue pikir hype pulauwin rame,1
butuh sabar ekstra simak video,0
lah kaki ridwan knpa,0
ziko modif motor auto langsung rata kanan sweat smile,0
salfok sama bagi krah depan nya gak presisi eyes,0
andi maulana woilah,0
kurang suka belakang kutil,0
asli alexis17 bikin hidup gue simpel asli,1
iya dpat duit dr ngibulin umat joy sweat smile,0
marsha vob bukan sih,0
kau pikir hidup makan kata pikir rakyat tak butuh susu rofl,0
gas motor nya bang,0
kayak yutuber sponsorin pulauwin deh,1
inti lu komen kocak sweat smile,0
alexis17 hibur tergokil,1
ishowspeed rp joy box gift youtube fire hand splayed smirk hand splayed,0
king328 baik,1
kalau ga yapping ga jumping bro sweat smile,0
main ps5 kek josss,0
lu baca bang open mouth,0
kirin wehhh gg,0
jersey replika yg dipake bang bimo kerah beda tinggi sweat smile,0
sakit hati sama pidato anies dulu,0
jawab pakai chatgpt,0
agus ulah dunia nyata ulah judi slot sweat smile clap,0
kemari buat dislike doang,0
ga liat komplot mobil2 marga kode mesin,0
promo deposit bikin tambah hoki,1
coocaa best sih,1
gak senyum main pulau777 cua,1
nunggu yg luas tiker baru beli,0
cakep kali triangular flag on post weton88 triangular flag on post bravo,1
byd bukan china,0
memang ga jahat sii hny g kompeten aj heart adhesive bandage broken heart,0
menang alexis dengar cerita orng,1
kdm btp,0
njirrrr murah bgt joy,0
kapan nih review hp mahal channel sendiri awowkk joy,0
satu teguh sendiri bawa orang,0
kasih tau letak jurnalis bengong,0
gas bikin konten motor,0
aerox baru keluar udh tamat modifannya gokil,0
50jt dpt vario125 biji,0
anjay mantep revolving hearts alexis revolving hearts main slot nge apple music,1
klo tambah stiker merah plus hp,0
ntn ulang abis ntn abis tabrak siapa ni cry,0
mandalika77 emang juara beri puas main cuan terus alir,1
penadaran sama mobil nya farel,0
beli teh jumbo,0
dora bikin tagih ken main,1
nonton siang jadi ngantuk sweat smile,0
realitanya penting mesin awet balap menang sweat smile,0
susah bilangin nih kakek blunder semua sweat smile,0
buzzernya banyak kali rofl rofl rofl pig pig pig,0
waoooo huwai keren,0
motor ny buat mentok kanan ko,0
akhir vidio gua tunggu tunggu tayang tada tada,0
asli the best pokok alexis17,1
semua temen kantor gue kepo sama alexis star star,1
gak sultan tajir pu lau tujuh tujuh tujuh,1
halah nyocot,0
semua temen gue bilang alexis star star tuh bikin tagih,1
kayak chart meme coin aja,0
mantappp makasih sangat detil kerennn,0
jakpot besar bikin aku makin percaya sama untung dora77 mask thermometer face,1
gacir abis udh wede,1
gacur dikit langsung jepe wede,1
best lah mandalika77,1
salting bang,0
akmalattareyhan lhoo masa sih face with hand over mouth,0
geloo s gi8 cair x100,1
mantepp bener kkaa aihyss blush,0
kamera nya geloooooooo,0
aura rally nya kuat banget blush,0
disembunyiin biar gak lihat yg dislike banyak banget,0
kaya ga tau tempo aja bg wwkwkk,0
sekolah aja udah ko sekolah drifter,0
pajak tahun brp,0
bang bahas mobil baru farel dong,0
mobil anak lord freeyork iya kali spending nanggung fire boom,0
turbonya mana bang serius tanya,0
gua dengernya headset asa suara mesin rotor,0
anak mulyono kakak yg punya paman mk,0
capai rakyat mah bukan situ joy kocak emang,0
ubur ubur ikan lele ganti jb leee fire fire,0
keren over price om mahal sejak ad mobcin,0
gokilllllzzzzz,0
yuda rolling eyes padahal ban karna takut saing,0
kreator yg bahas ngarang banget game bikin orang bangkrut hrm,1
orang ngelantur interview,0
gila kasih menang terus mah main cuman miaw4d,1
sini cuma buat liat komen sama nyumbang dislike joy joy,0
gak nyangka menang king328 auto party,1
kasi bang arief joy,0
kereeen nerd thumbsup,0
ngimpi orang tarik huawei aja yg tanya pertama aplikasi google rofl,0
lu kerja apa si bg,0
maen mah jangan tempat udah lama bro naik terus cobain baru mandalika77,1
klo nonton live mungkin pikir udahan kali livenya,0
rekam lalu kamera hp kok gak,0
nana hasil bikin presiden gelagap,0
angeliart undang tempo,0
goks obell dah makin gada obat,0
yg pinter ngomong kerja lu otak cuman teori,0
wapres cuma icon dulang suara pilpres bang,0
buseett ngakak gw joy joy joy,0
dadak tajir berkah99,1
awas nant lu digebukin kaum tikotok,0
bang cobain bikin cumi darat dongs main diesel kali2 face with hand over mouth face with hand over mouth,0
indonesia mah air pdam bocor aja bilang air berkah hahahah,0
kaya mobil jeep modif,0
ngakak pas diskak mati rofl rofl rofl,0
bayu bebe tinggal tunggu review farrel yg make original engine,0
siapa sih bg yg dimksud,0
ngakak rofl,0
yg kesini cuma mau ngedislike sm baca hujat angkat jari,0
barusan ngecuan bowo77 juragan gas,1
isi sama sekali jawabanya,0
the long awaited skakmat episode is heeeeerreeeee,0
joy joy joy anak abah emang gak mati nya joy joy joy,0
cocok pak rumah klaten rental,0
guna temu dora7 sumber daya harga,1
ga crostreck,0
irit kalau pakai reaktor fusi nuklir ga usah ngecas terus joy,0
absolute cema hand splayed sunglasses hand splayed,0
bunuh zionis pesek apasih met jamet,0
muhamadnurhuda6725 hahahaha rurut komentar kayak bot wkwk,0
konoha gelap rama mati cik,0
sgi88 emang top markotop jp,1
ngerti alexis17 viral,1
pluto88 bikin lupa beban hidup hibur makna,1
ferry percaya wkwkwkw,0
ganti thumbnail njirr sweat smile,0
daaaan pa bila esok,0
bukan jawab cerita,0
ayo garasi drift upgrade mesin biar trs competitive,0
full video isi bantah,0
2x joy joy joy,0
ban dah copot aja bang,0
sanileonardo444 hehe mah ternak soros rofl,0
gokil banget alexis yin bikin gua auto sultan minggu,1
kalo desain alexis17 juara,1
sama2 apa yg omong mungkin bukan dri isi kepala joy,0
parkir luar fortunernya ga bahas sweat smile,0
bang david udah pernah review poco pad,0
serius sampe mimpi gue bayang pulauwin,1
cuma buat bikin kesel,0
malah suka baca komenan ketimbang yg bicara,0
gausah diskusi pake email aja mah,0
rezeki nomplok dora77 modal hasil,1
seperti besok minggu baru up video baru thinking,0
regencies,0
maizarindra498 gua nonton full ahhhhsudahhhhlahhhh joy joy joy,0
prediksi benar benar untung main pawpaw4d,1
gas hadir nonton bus baru po pesona,0
pulauwin kayak mana mana resap banget,1
gila bener depo cepek ribu jadi cuan juta ahmadtoto top banget,1
kesini cuma dislike liat komenan netizen,0
tanya jawab khawatir,0
anggorodps 9 ayo jelasin jangan ngilang lau,0
espro sejarah brand lokal go to pildun amiin eyes mc thumbsup,0
lama bukan samsung iphone gak nilai mata gw,0
seru liat komennya joy,0
ko tiba2 likenya banyak hahahaha,0
sumpah baru pertama maen udh hoki,1
biar gaya cuan pu lau tujuh tujuh tujuh,1
heleh gak modif,0
pikir sama pak ahok pakai buka scholar mate joy,0
dos bang,0
brziko kalah ganteng sih tada,0
menyalawa wii,0
mana tombol dislikenya cokkkk,0
gak perlu modal banyak buat sukses alexis star star,1
pikir bukan dialog monolog,0
soft selling yg engga soft soft,0
makin nyata omon omon nya,0
tinggal naikin gain audio pas ngedit aja kok bang pandji,0
kinggba emang buzzer,0
solid solid muscle idid,0
ngebantah cerita sweat smile jerryklisman,0
jangan woyyy malah makin cecer wkwkwoo,0
main dora bikin rezeki langsung gacir,1
orang lambat point down,0
udah wd juta emang baik pulau777,1
jogetin dulu dong,0
aroma rallynya kental banget,0
gokil banget gua suka bgt sama video video channel lu bang,0
updateeeeee,0
bole bawa popok joy,0
ngomong kaya maba presentasi,0
nyesel dukung nih presiden,0
layar buat samsung arti samsung nyimak,0
makin makin nih hp joy makin kebel joy,0
gk heran sih orang ngomongin alexis17,1
gas modifikasi motor ketua keren kan fire fire fire,0
jangan omongin sendiri ngerti,0
gak sesuai judul,0
next review s15 vr38 yg pke mesin r35,0
kalo pulauwin yg kasih duit,1
idam sih,0
s2000 bg ridwan hanif,0
tuju banget bang,0
keren banget allah,0
selamat nikmat tahun depan tada,0
moga indonesia depan bebas nepotisme,0
aero8 8memberikan sempat hubung agam orang,1
calon macan hutan,0
duhh motornyaa bang adete cakepp bgtt,0
engga sia sia aku nemuin v alexis17 v gamenya baik,1
kok jadi orang yg gk marah2 rofl rofl,0
andregasukangutang anak ahmad sahroni bang,0
tanggung ga ru da ho ki udah bikin candu,1
wajib coba main bareng zap alexis17 zap selalu seru,1
neng banget gd gaji rajin upload heart heart,0
rezeki henti dewadora makasih,1
fokus baca komentar,0
entah lah bang mau apa coba jabat sweat smile,0
kasi mba najwa yg bikin acara yg potong potong joy,0
ken ngeludah online,0
pulau777 seru banget kata banyak untung sana,1
bonus alexis17 gokil sih,1
proses simpel cs ramah banget,1
settingan awal,0
rezeki aero8 bikin hari lebih senang thank you bowling,1
mak nonton botak joy joy joy,0
pajak nya double mas,0
iman naik iwan sweat smile,0
senang banget dapet rezeki hari dewadora laughing joy,1
dengar kata 50jt langsung kabur dompet aing,0
fee ridwan hanif kali tarik bgt,0
crash bg cry cry,0
sangat keren raih menang besar mlndalikl77 langsung libur luar negeri,1
busyet ngomongin alexis17 ikut kepo banget,1
abis crash,0
tinggal menit,0
jomblo mending jadi qasia99q setia ngasih cuan,1
gue sih udah ga heran kalo alexis17 trending medsos,1
njir lah jam cuma dengerin orang tua yapping,0
asyariiiii meong wkwkwkwkwk,0
techno jg buat tada,0
huracan lbwk kahhhh joy,0
insyaallah kamu pilih,0
terima kasih effort nya sungguh manfaat mudah thumbsup,0
nah kalimat tepat,0
salfok sm mobil biru yg dalem drooling face,0
ko bagus mas ferry joy,0
anytime baby blush,0
pantes buat lihat,0
ndasmu gelapp,0
keren bangettt,0
kaget bang aku aja yg nonton kaget joy joy,0
supersemar,0
malah ingatin wkwk,0
iyaa klo abah anies pasti pinter jawab tp cm omon2 joy joy ismailadrian f2e,0
lebih tarik baca komentar netizen sweat smile sama blush,0
bening kilat innocent,0
yaelah tong tong,0
hallo warga sipil sekali jam malam gue tunggu bukti santet orang kata pukul wib gue bakal kena jadi saksi sama live youtube,0
indonesia butuh orang orang spt lu bang gw respect,0
gin jabat publik rakyat nya dosa nya ngak buat diri nya aja biar sakit buat masyarakat,0
kupas terus,0
ayo bang semangatt,0
bang bang ga henti,0
teryata lindung negara,0
logika bodoh budi ari yg buat rekrut jahat nya sentuh,0
hati hati sama orang dekat bg,0
jgn sampe abis ruu siar disahin konten kaya gin bakal kena,0
mau tanya duit buat jokowi nda,0
bang coba kalo mau bahas habib baalwi yaman klo ga salah kata nih bohong masyarakat muslim masyarakat selalu percaya padahal uras pintar masyarakat pribumi,0
pak budi kan pernah klarifikasi fokus koperasi sekarang liat kan koperasi sukses liat aja tuh udah panen berapa milyar hasil koperasi judol coba tanyain bang kominfo ciduk kali aja ngasih kur buat bisnis judol,0
sad bor angkat jadi duta anti judi online,0
orang muslim gwa doa allah mulia bapak feri irwandi aamiiin semangat bang punch thumbsup,0
anak bhipuri zerpong yaa paranin aja rumah tau mana tuh anak,0
hacker byorka apa kabar,0
rezim pinokio hancur negeri jabat era bejat gilir yg lurus singkir tangkap tuh si budi arie si t jadi jabat,0
kandangin sampe kepala2nya,0
eh btw dulu issue sampe bahas kalo serdi fambo lindung punya situs slot dg kode apa lah lupa,0
gue ga takut mati cuma gua gamau mati sia aja sih gila gue warga indonesia bangga bgt sama lu bg udh mau juang buat indonesia jauh lebih baik brantas terus perintah tikus kantor,0
tri zionis ngga sih,0
semangat bang,0
gunawan sadbor jadi duta anti judol lucu bet anying aowkaowkaow,0
mau tau fakta sedih orang2 yg kerja negara judi online sana bandar cukong2 yg ngebuat website judol tonton cengar cengir rasa sentuh kroco2 kayak kerja admin judolnya sih temen se circle ane yg sempet balik oktober lalu trus gak balik nyebut istilah lampu merah kayak salah satu cegah ngebuat si lampu merah pekerja2nya gak balik lg sono,0
influncer katak bhizer da n goyang sadbor jual beli beberapa situs yg backdoor distribusi url web judol sweat smile sweat smile,0
hukum mati laku bisnis judol lindung,0
jauh judol lindung bandar wkwkwk,0
bang kalo luh pernah dengar kata idn luh paham yg pertama basmi mau berapa situs link blokir perintah gak,0
al siapa thinking,0
judol pinjol emamg se rem guys bahkan udah rambat dunia didik dinas didik khusus segera berantas orang orang kerja bidang didik khusus jangan goda pinjol judol aneh guru ayom ayom,0
semangatttt jangan kalah jahat,0
santai bang aku ada pihak rang judi online,0
berantas pinjol,0
gile lembaga apa sarang tikus bobrok ga karu karuan,0
katak bijer gue aja lawan sini,0
mahal banget konten sehat sehat terus orang orang ada jalan benar tetap semangat,0
turun,0
ikan busuk otak,0
budi ary tanggung jawab jodol penjol kek curi data,0
bang ferry kalo gue mantan judi online situs gampang akses masalah utama kait transaksi bayar gampang bang harus dompet digital punya batas tentu si paling buat semua kalang gampang akses fire,0
rakyat udah miskin jodol penjol kek pelihara oknum cukup pinter alih perhati pak prabowo membumihanguskan biarpun macan kambing kelinci semua tangkap miskin hukum penjara,0
terima kasih atas semua juang bg ferry terfikirkan sgala resiko ungkap sisi gelap judi oknum perintah moga slalu lindung allah bg sekeluargaa terima kasih slalu edukasi kamiii heart,0
gua ga takut mati gua ga mau mati sia sia,0
bang lu berani bangeet joy joy,0
al siapa,0
yes judol emang ladang basah pas awala muncul sifat akses nya lalu internet kendali orang kalo emang perintah kemarin serius berantas judi online benar mudah kominfo nya saling kerja sama google indonesia kendali nya henti judol dulu yah lahan basah trus lah jaga budiariewajibdiperiksa hand,0
wow sombong sekali takut mati tunggu,0
segala bekinganya usut trs dah gk usah bekingan2n,0
siapa yg nyuruh k d k zuma jadi tri,0
banyakin doa bang doa bang ferry orang2 yg juang tegak benar gak mudah banyak ancam,0
mungkin semua main aman endus tegak hukum negeri,0
mas irwandi vs timoty ronald lesgo,0
gantung semua,0
the next munir,0
tangkap budi are menteri tolol yg mngerti aiti jokowi asal nempati orang orang nya yg dukung mulyono projo kuruptor,0
projo pro judi online joy,0
knpa youtube org bahas kasus judol yg muncul iklan olymtrade,0
tu raffi ahmad yg promosi judi online tu coba tangkap,0
jelas pengaruh yg sangat besar ekonomi krn pengaruh daya beli masyarakat yg makin turun sulit cari celah usaha kecil tengah bawah,0
gua kaga ngerti judi meski tau situs emang ga main logika aja uang yg lu kumpulin cape2 lu taruh judi dgn kata untung2an joy joy buah bodoh yg laku manusia sadar penuh,0
inisial al open mouth spil kolom komentar,0
sikaaat terus bang,0
mulyono tertawa lihat joy joy,0
al,0
ndak harap negri tuju baik siapa mimpi negri rusak rezim mulyono kemarin,0
pinjol ngak resmi cabang judol jadi siapa judol tawar pinjol,0
judi hama,0
bawa kayak profesor money heist thumbsup,0
pakar hukum aparat tegak hukum sadar kalian kasus judol narkoba dlm rangka miskin bodoh jangka panjang yg akhir runtuh bangsa nkri harap tega hukum utk lindung anak anak bangsa indonesia depan hancur semua sarang judol narkoba bumi indonesia,0
tenang pak prabowo mulai nyala mesin perang mafia judol pasukan2 sus siap,0
budi arie pernah bilang kalau gibran kalah semua masuk penjara lupa prabowo memang beda,0
dukung mas fery buat jadi anggota dpr ri,0
bang gw hormat sama lu berani speak up soal masalah gw sendiri beberapa kali ketemu beberapa judi online emang kondisi parah banget moga perintah lebih tegas,0
moga polri jamin selamat lu bg tetap semangat suara benar bangsa,0
jadi menteri kominfo aja bang gue dukung lo brantas judi online,0
ingat kubur suara lebih keras atas bumi kata kata mungkin bukti ferry irwandi tiba tiba hilang misterius bongkar kedok bobrok resiko besar tan malaka dulu,0
gass bongkarr smuanya,0
maen dota ga bang,0
selamat gagal jadi duta anti judol sadbor juara artis endorse judol selamat mampusrakyat,0
siapa dimaksut inisial al man teman teman,0
moga kelak anak turun gw ikut cara pola pikir kritis santuy kultural kek abang ferry heart,0
kalau putar uang nya kontribusi penting kalangat elite sangat tsm,0
moga pinjol dapat perhati khusus efek domino nya masyarakat sangat asa,0
lanjut boss,0
banggg buat filmm,0
segera bongkar kalian lihat uang hasil jahat jaman rejim kemarin masuk rekening bank tumpuk tempat2 khusus jumlah banyak mungkin lacak ppatk ojk kali hayo bongkar,0
kalo judol blokir bagaiamana situs porno gak blokir nanya sweat smile,0
reels ig banyak yg kandung wm judol kalau report apa bakal direspon,0
banh vibes lu kok selalu kek the professor money heist,0
projo singkat pro judi online jadi mulai sekarang kalo orang yg aku projo kait projo jahat darah shah tumpah buat rusa,0
umkm masuk sangat dampak judol era pandemi surfive era judol mati semua gada uang putar masyarakat uang lari semua kamboja,0
gk sih jabat tinggi nya tanggung jawab trus konsorsium yg bilang sambo kek gmn bukti,0
pantau terus bang bukan cerita denger ngeri efek barang level kampung bnyk cerita kelaurga hancur akhir hidup karna judi online,0
ayo rang judol sunggguh menghncurkan negara dalm imbas judol sungguh luar biasa kriminal jerat hutang bangkrut habis habis hingga bunuh diri broken home,0
hukum minimal umur hidup,0
jt bulan padahal berita baru bandar judol untung miliar per hari joy joy joy joy,0
gila masuk akun medsos org ngebegal akun buat promoin judol,0
bang aman enggk keluh yg aneh soal firasat jelek,0
keren video nya bang ferry,0
baca baca komennya uang nya kembali masuk korban langsung terimakasi,0
bantu up muncul beranda kalian semua heart,0
20jt per situs bang info ordal,0
satu kata judi online lawan,0
balik gua sini sekali kelas negara backing siapa yg hambat and then cuti kerja lama beberapa bulan and then balik cuma masyrakat bodoh lupa bagai kasus masuk judol,0
si professor,0
menang besar henti blush,0
org yg dislike bandar apa salah nya pak budi arie sweat smile,0
judi hanya buah main main orang orang sifat primitif pikir masa depan black joker mahjong spades,0
makin yakin yg jajah jarah kaya tanah lama berabad2 bukan bangsa asing bukan belanda cina orang2 lokal kuat tanah sendiri yg milik power sempat expressionless,0
bang ferry kan back up nyq gede channel bawah naung close the door nya deddy corbuzer blush,0
bangsat kominfo lindung judol ulah balik data jebol pinjol yg raja lela negeri kalau benar memang benar2 bangsat,0
mana nih org tolol yg debat dgn gw konten belah yg bilang judol bukan blokir main nya yg sadar tuh udh jawab klu emg niat mau berantas gk sulit kok tinggal blokir semua selesai yg mau tolak cuan yg besar gk bukti kepala nya aja ikut beking makanya tolol simpen diri sendiri aja jgn sok debat tolol sweat smile sweat smile moga dgn presiden sekarang judol berantas betul kata bung ferry gk perlu harap lebih yg ttp dukung klu baik blush moga yg tolol debat konten belah baca nih koment gw yuk gw kasih cerah biar pintar sweat smile,0
menkontol bodoh rakyat rakyat bodoh percaya judi online bisnis lotre,0
keren bang rupa gera pak prabowo tau mas deddy orang balik layar suara mas ferry ikut,0
cuma orang buruh pabrik lelah lihat teman rungkad terus akhir pinjam dulu gabalik balik moga partisipasi berantas judol b0d0h ayo teman teman ikut bantu bang ferry tambah semangat fire fire fire,0
curht dikit temen gw candu judi temen yg loyal banget tongkrong gw slalu ngingetin tpi dalih cuman dikit dikit doang gw gk percay sih ama perkataanya bilng mau udahan tpi bulan depan kumat aku kudu gimana bwat bantu sadarin cry,0
gw yakin hapir semua org punya circle yg kena dampak judol gw udah keluarga yg tumbang cuma gegara judol,0
teman teman tonton film no more bets bakal ga nyangka begitu struktur nya bandar judi online,0
dramatisir sweat smile,0
kok mau judi online klo pake logika kan sistem bangun tuju manipulasi atur demikian rupa jadi kalian ndak menang kaya lalu judol,0
kenal tempat kerja aja banyak yg main judi online bilang masuk kuping kanan keluar kuping kiri gilir akhir bulan ngemis2 minta makan padahal gaji sama dipikirin kalo temen aja yg rata2 cuma pegang hp internet lebih gaptek akses berat emang sistem blokir wadidaw,0
lo mirip professor money heist bang rencana bang gw ikut pokok code name gw solo,0
epic content,0
sweeping impostor instansi lanjut,0
orang tolil maen judol inget judi main orang kaya gabut uda miskin maen judol harap ken kaya instant pls be a smart lingkung gw banyak hancur hidup gara2 judol jadi stop maen judi klo loe ga kaya raya yg punya aset turun,0
al siapa agus,0
orang2 penjara dlm waktu lama miskin,0
please jagain ketat paylater paylater sana paylater jd sumber dana utama bwt judol bwt dapetnya sgt mudah,0
pahlawan saluting face saluting face saluting face,0
klo cuma blokir bikin situs model lebih bagus klo tangkap lindung nya percuma memang korban baru klo tangkap bandar judol selesai utuh tanya berani tangkap bandar memang kaya raya over power,0
wkwkwk ngebahas dota,0
persetan orang2 libat judol,0
bener bener el professor nyata terimakasih ferry irwandi,0
juang negeri,0
yg cerita ngibul bang lu pas kecil kan judi online,0
semangat mas feri,0
siapa al spill dong,0
moga abang lindung terus orang orang jahat allah,0
kok negara rugi,0
sang lindung judol malah jadi tri joy,0
iya ih bang ferry temenku dulu sering bilang campur tangan perintah sekarang tahu nyata,0
kupas tuntas bang ferry biar korban jerumus,0
bung ferry cinta konten sampah bung ferry saji informasi umum yg benar tahu lalu analisa2 informasi media mainstream butuh informasi kelas intelijen yg saudara punya konten cukup buat bandar ingin bunuh saudara,0
zaman jokowi d bentuk satgas judol tp judol malah makin rajalela kini libat jabat kominfo sbgai lindung joy joy,0
jadi kawan2 kalo da yg ingat udil singgug streamer2 yg trima saweria situs judol nak lgsung udil dserang komen2 hate kan lucu,0
heart nasib pak budi gak libat rana pak budi skrg sibuk urus ekonomi indonesia menteri justice pak budi jujur orang harap mulyono,0
yg nyaranin main judol dapet bantu masuk komplot gk sih,0
buat teman2 sekali bantu unfollow lapor halaman page akun sosmed fb tiktok ig nyolong video orang lalu tempel foto sponsor judol enggak laku buat bersih2 sosmed terus muncul enggak usaha buat lindung ntah orang luar sana biar jerumus tentu lindung ekonomi biar uang keluar negeri,0
tetep si budiasu mafia balik pelimdung judol,0
semangat bro juang jaga saudara teman dekat main judol speak lawan mafia judol merdeka,0
pak prabowo bantu hancur perintah,0
semangat bang smg hal2 yg juang benar mudah yme semua yg msh waras akal sehat jadi dukung semangat,0
alhamdulillah bulan an gak maen judol karna aku gak umur ku yg bilang muda gak mau masa tua ku penuh sesal karna judi online moga lepas judi online lama lama buat kalian yg maen moga henti lama,0
hsnya allah punya kuasa adil,0
semangat bang bongkar judol sikat akar nya tetap berita benar,0
mantap bang tunggu orang pake rompi oren,0
yg khawatir yg cari sama pihak yg sangkut bahkan bukan mas ferrynya orang2 dekat mbayanginnya aja ngeri stay safe mas ferry,0
siap bang gw,0
main logika kerucut kasus mungkin simpul si mantan menteri tercintah benar tahu apa2 soal perlidungan websit2 judol benar nyata simpul kalau memang kerja sangat buruk masa awas anak buah sama sekali simpul kalau beliau awas benar jalan harus tau emang niat aja berantas simpul ga kompetensi awas zonk emang tau ga mau urus note yes mungkin kalau ikut kena ciprat suap tp sini mau asumsi yg masuk akal positif,0
siapa tuh al,0
pahlawan,0
al siapa bang,0
skeptis semua sandera bu menteri dulu komisi ketua malah bangsa terang2an tega mengekspoitasi bangsa sendiri mending fir aun,0
terimakasih atas usaha mas heart,0
batman irl aselii fire fire fire,0
tangkap rampok uang rakyat,0
gua harap rasa kecewa kesal atas masalah orang orang buat jalan lancar semua giat perjud an jadi semangat buat masyarakat berantas hukum semua libat usaha ilegal sia orang apa jabat wajib adil,0
rugi judol sisa lunas utang negara,0
perintah masuk operator tegak hukum paham maksud pray,0
baik2 lu bang moga lindung bahaya maklum judol duit gede ngelakuin apa aja,0
revolusi,0
tlg bahas bang kasus import gula import gula dah sekarang cuma yg kasus kalau bilang th surplus sendiri kayak ga masuk akal tahun sudah minus,0
fiiamnaillah,0
hajar terus pak dukung persen bantu doa action kalau judi judol banyak rusak keluarga besar lingkung sayaa saluting face saluting face,0
simpan data kau tak pandai lindung juday engkau lihai,0
allahu akbar hebat loe bang jihad bukan perang angkat senjata lawan bathilan mungkar bagi jihad inshaallah kalau mati dg yg juang moga syahid,0
sama mu kawan,0
fire fire fire fire fire fire fire fire muscle muscle muscle muscle,0
danny aman polisi promosi judol joy joy,0
terima kasih,0
orang orang main judi online rasa keren rokok,0
si bangsat budi arie kapan ketangkep nya sih jujur kecewa gw knp pak prabowo angkat si anjing jd menteri,0
paling tanggung jawab atas libat jabat komdigi jadi lindung judol ari budi jadi wilayah jajar kominfo periode belum keminfo laku biar kalau budi ari jabat menteri henti,0
sehat selalu buat lu bang aamiin,0
abis bang ferry dm sama orang orang benci bang ferry swmangat bang jangan patah semangat,0
who is al,0
panjang umur juang fire fire fire,0
percuma byk podcast tdk hukum keras judol tetap jaya,0
semua jga faham kominfo sidoarjo suara pondok buron macam gempa bumi sunam liat aja d dlm pondok dgn alamat rt rw kel tanggul kulon kec wonoayu kab sidoarjo jatim atas nama suhani kendah yg nyewa lalu cmt lah yg bayar kominfo semua masarakat jga lapor masuk kel bsr pns kdri lapor pondok tsbt masuk korban2 yg d rmpok lapor pondok tsbt tp bajing pondok tsbt guna uang rmpokan kriminal kel pns kdri bangsat betul pondok tsbt jd semua umat manusia yg d indonesia bahkan negara2 d dunia semua faham tau kebiadapan pondok tsbt d garis tkp pns kdri tdk punya hutang thdp pondok tsbt semua masarakat d ajak ngrampok dgn cara ngroyok sana ngroyok sini kemudian masarakat d ajak fitnah kel pns kdri yyg kuasa d indoneisia presiden pondok bang kok masarakat takut d ancam2 pondok kok d biar pondok sebut rame2 serbu pondok ters cry ebut tendang ajak polresta malah kabur berat memang d biar pondok tsbt polisi ada culi ancam terus terus,0
dukung mu fist,0
sikat habis bang,0
lucu jadi menteri lebih koperasi banyak duit,0
lu banyak nonton money heist bang sweat smile,0
hidup yg taruh tdk pernah menang punch anak bangsa selalu belakang mu heart heart heart,0
awas bang lock orang,0
adil si budi ari,0
gue bang gue benci judol temen gue ampe jatuh miskin gara gara judi online,0
benar bukan judol sih bang pinjol masuk blush,0
nyata banyak penghianat bangsa face with symbols over mouth,0
lebih parah narkoba hukaman edar narkoba indonesia hukum mati hukum bandar judol lebih tegas hukum mati,0
bang ferry mau cerita bagaimana judol hancur keluarga abang rintis usaha konter hp tahun lebih dapat bersih capai 20jt bulan usaha sia sia tahun jatuh lubang jebak judol bukan cuma bisnis hancur rumah tanah orangtua habis gadai jual tahu orangtua keluarga abang cerai berai mantan istri tahu kalau abang suka judol keluarga punya apa apa baru lulus kuliah pikir panjang nekat luar negeri walaupun kerja sering anggap remeh orang orang sangat paksa tanggal ego tuntut ekonomi,0
kan masalah sweat smile tada,0
sadbor bui si denny cagur gak ditangkep kq bsa yah g gk benci sama denny cagur tpi hukum adil dong,0
judol lokal doank kan bang ciduk judol luar gimana berita coba cek deh bang ato mungkin judol luar ikut andil nyiduk judol lokal cuma pake vpn udah main inti cuma pindah putar cuan lokal luar sweat smile,0
kalo tanya menteri belum ngapain jawab gak ngapa ngapain data breacing aja gak tau malah ikut lindung,0
ikut nyimak aja,0
akhir up,0
semua hidup dunia mati tuhan jangan pernah mau mati sia respact besar buat kamu bang tuhan selalu lindung kamu bang,0
memang logis gak mungkin operasi gede jalan mulus kalo gak pantau or bahkan gak tahu yg punya power kasih lampu ijo putar duit gede banget level jabat yg ikut pasti gak mungkin kelas rendah,0
mungkin stelah punya anak critical thingking gw paling tajam kena nasib anak gw paling iba banget kalo liat anak kurang kalo anak hidup susah akibat tolol ortunya ikut judi online fix akal cuman jengkal mayoritas mimpi ken cepat kaya mau kerja keras nyata ini mayoritas duduk negara ber iq parah lindung judol jabat kalo kondisi gak ubah paling yakin kalau indonesia cemas,0
mas feri salah orang yg punya jiwa api hokage fire fire fire,0
judol kontoll orang goblok yg main yg menang tetep bandar rugi member rofl rofl rofl hey admin yg gk terima sini komen gua bongkar sistem curang luu face with hand over mouth,0
inisial al siapa,0
al yg tau siapa hueehhehehhehe,0
aparat wajaib telusur aliran2 dana judol budi arie projo perlu wajib priksa,0
klo jhl tangkap baru gw percaya judol mau berantas joy joy joy,0
fb ig tiktok bahkan ytb short aja video yg pakai wm judol harus mulai situ dulu berantas judol,0
orang yg udah nyemplung judol susah banget bilangin sih moyai kalo blokir nyari macem cara buat judol,0
ferry is goat goat goat,0
kawan kawan yanga judi udahan yu uang pakai beli baso pakai jajan warung pakai jajan pasar minggu biar bantu banyak orang,0
apa laku menteri dahulu dpt duit tada,0
salut sama orang yg buat video sangat edukasi aku orang aku tau aku smp tahun aku sangat salut konten edukasi terimakasih partying face tada heart,0
player dota nyata wkwkwkw,0
korban judi online siapa aja loh jadi orang tua jadi kakak adik jadi saudara gua punya kakak laki laki punya anak arti orang anak ponakan gua gua sayang banget sama ponakan ponakan gua bayangin kalo kakak gua jerat judi online dampak sangat besar sekali jadi dampak gua saudara gua yg bahkan anak anak cry yuk sadar kalo judi online bahaya udah tara narkoba,0
waduuuh bahaya bgt siih bahas bg gw bantu share bg,0
orang gak besar bro balik kasus judol awa kecil,0
orang sang raja bos jangan buat sang raja murka lu,0
heart heart heart heart,0
ga bayang jadi bung ferry tekan sana sini banyak banyakk banget bung santai lantang sampai benar moga doa doa baik masyarakat lindung keluarga mana ada salam hormat raised hands fire,0
bahas sabu bang,0
dana ovo pintu transaksi joy,0
sehat2 fer terima kasih semua yg udah lu lakuin buat indonesia,0
kemarin dapet gratifikasi jet usaha judol ikut lu perangin bang,0
hukum indonesia hukum kentut,0
semua uang anak istri joy joy joy,0
kasi katak jauh jauh lari kamboja padahal indo banyak temenya wkwkw,0
kok susah bangat yaaa diomongin orang2 kek gitu padhal udah jelas banget udaaah rugiii banyak banget bukan henti malah harap uang hilang bakal dibalikin hhhhh udahhlah semua udah disetting bandarr nyaaaa kok mau depoo kan begoooo bangettt anj,0
mana baru kerja bbrp minggu aja udh ktauan praktik judol tpi menteri yg lama tahun ga tindak memang lindung si budi perintah aja kasus pdn udh aneh sih yakali org kena kasus malah dpt harga skull crossbones,0
udah banyak rakyat model halu rebah ngimpi gede ehhh kasih jalan setan yg lindung jabat buat bikin tambah haluuu klop dah joy joy joy joy joy joy,0
lanjut bikin koperasi judol orang2 yg nyimpen uang koperasi dana investasi dlm bntuk judol,0
nsrkoba ga pnh bahas pdhl transaksi narkoba jauh lbh besar bahkan sasar anak skolahan bahkan hampir mana pst bandar narkoboy bahkan jaring narkoboy lbh byk sekitar masyarakat napa tindak sama judol,0
kawal teruss,0
musnah judi online selalu lama,0
bismillah tetap semangat bang abang luar biasa keren moga usaha abang ikut sama abang abang kaka kaka yg nya,0
bg coba tegur influencer youtube bikin konten kait judi online jg yg nama channel youtube nya new gubuk sloter s coba kasih ingat bg karna subscribeer nya udh 80rb lebih game yg main nya sangat2 resah karna game kedok judi online jg bg beli chip top up moga dengar bg karna game sangat2 buat orang2 yg kenal hancur,0
semangat bang thumbsup thumbsup thumbsup fire fire thumbsup thumbsup thumbsup nyala abangkuuu thumbsup,0
gue laik suami kakak gue aparat salah satu pasu elit tagih main game judol malah jadi jual chip kasihan kakak gue sampe cari duit sendiri anak moga judol indo hapus oknum nya tangkap lalu hukum m ti,0
selamat jalan ferry juang selalu kenang,0
wah gila sih manusia yg akal mesti bener ngelindungin bang ferry gak sih frontal beliau jadi inceran banyak jahat das negara gimana biar ngejaga aman bang ferry gw ikut andil dah walopun gw orang pelosok tetep gw usahain,0
mantap bang selalu dukung konten walaupun kontribusi sangat kecil,0
temen kerja bundir tempat kerja gara gara judol,0
sehat2 semangat terus buat abang team saluting face respect,0
mulai kritis akun akun instagram yg watermark judol lawan,0
last kalimat buka juang kan dasar neraka sekalipun hmmm,0
salut banget gw ama kberanian lu bang fire fire fire,0
fight,0
trus gimana cara big bos2 besar jual beli kan situs2 judol sebut hilang jejak2 big bos besar kendali luar negeri jadi yg tangkap hanya bandar2 kecil yg beli situs2 judol sebut yg tangkap beberapa waktu lalu aku ter sebut blush blush blush blush,0
sama bung,0
albert lucius ceo kudo,0
yg betul dlm kasus joy lama lihat chanel abang nyata konsisten lawan judol,0
sekarang anak muda bicara fakta angkat voc tara dajjal hirup debu tanah,0
joss,0
marak judol dampak smpai dunia didik banyak mahasiswa yg papar judol kuliah makin gk jelas merugikn org tua,0
banyak judol parrahhh blush,0
moga jalan perintah moga depan pimpin indonesia buat indonesia lebih baik baik buat cucu cicit indonesia semua ayu kasih dukung semua nya,0
gw tuju banget judol berantas gak tau suatu ssat keluarga teman2 korban pola benar jelas orang malah tugas berantas malah libat lindung jangan lupa luar negri perlu berantas,0
terimakasih papar nya bang fer bener bener mudah cerna smoga pihak pihak kait masyarakat sadar buruk judol berantas nya crossed swords,0
berantas situs rasa tanam pondasi yg baik generasi sangat penting,0
coba kasih bang fery jabat mau liat tahan sama prinsip apa engga,0
coffeezilla versi indonesia respect,0
please gue jadi stres gara2 judol pinjol banyak udh banyak utang buat kalian maen judol lebih baik kalian henti kalian akhir cry,0
al siapa uda,0
pak presiden beri abang lindung jaga baik baik lebih harga bangsa darpida gudang pegawai kominfo doakn kau sehat tetap kuat bang ferry,0
gateway nya not found al anake lambe turah,0
lu akhir akhir rem bang rofl rofl rofl rofl,0
broo gua suara anti judol bahkan gua ribut sahabat gua gua gak mau sungkur ulah bodoh gua apk live promosiin selalu gua maki maki fire anti judi bentuk apa,0
satu kata sontoloyo,0
ferryirwandi juang bersih judol brorondm juang piutang vendor bumn,0
judol jajah,0
data perintah ttg data warga bobol org indo yg kerja singapore mau bantuin tolak tri info laku orang lomba cyber adakan perintah tiap tahun aneh nya tak satu yg rekrut jawab sekarang joy joy semua judol yg laku org kominfo,0
asa lebih keren potong gondrong sama brewok apa sengaja biar gk kena santet awkwowkwok,0
bg treding for x mnurut lu gmn bg,0
alhamdulillah syukur banget dulu sampe sekarang kaga mau kenal judi mau upa apa bahkan sampe sekarang slot joy,0
lawan judol kawan kawan tetap periksa budiarie,0
ganyang al,0
jabat kata apa yg rakyat dengar bkan yg sungguh,0
malu y makan uang haram bela diri y,0
mantap bang,0
kayak nya judol indonesia gk henti,0
inisial al,0
bang lu mirip profesor yg film money heist,0
pernah kerja sama bos judol dijakarta bagi narikin duit atm minggu bs 1m kumpul,0
gw udah kali kali nyuruh temen gw henti main judol mas keras kepala tiap kalah selalu ngeluh gw sampe gw muak suruh renti gak mau jadi gw sangat harap kalo judol cepat berantas,0
moga bangsa terus terus ajar hadap selesai bagai macam banyak masalah makin tinggi pohon makin kencang angin yg terpa,0
siapa al,0
bang indikasi oknum aparat main,0
smua setor setor n setor,0
jangan lupa komentator sepak bola guna jersey sponsor judi online grin,0
budi kntl,0
si botak pascol ko gak tangkap padahal promosi judol,0
liem,0
usut tuntas kata presiden siapa libat sikat habis masuk mantan menteri sangkut masalah judol,0
langsung aq sub bentuk dukung kecil chanel moga lelah rang judol,0
ledak judi pinjol bandar sabu mantap tegak hukum indonesia nyala,0
keren btw bang jenggot,0
join the force satu langkah yg teman2 laku tiap nemu konten yg sponsor judol langsung report apa siapa,0
tst uang kok lawan grinning,0
mass ferry is goated goat crown fire,0
tuhan kira lindung org2 bener,0
kadang bingung sama orang orang main jud l udah kalah ratus ribu hingga juta malah main lho tanya udah kalah kok main jawab anggap aja tabung fak tabung,0
baru ungkap masa pak prabowo,0
terus buka jelas rakyat sipil benar atas zalim negeri,0
bang lo sehat terus,0
keren mas semangat semua dukung mas,0
spill al,0
dota judi betting online sih udah kyk sodara sih,0
sehat sehat bang ferry moga selalu lindung allah,0
ga komen live komen sini santet dengerin lagu tears do not fall kalau pusing muntah muntah kabar bang cuma media,0
jadi ingat mantan ketua dpr kena kasus ektp jedot benjol pernah suatau waktu temu teman betul nyata orang metro tipi sempat diskus hujung debat sebut mungkin ybs sebut masuk bui tangkap orang sebut licin tp yakin sebentar tangkap drama khas nya betul ybs tangkap aparat selang minggu coba kontak teman sebut sayang sekali sulit kontak bahkan dm ig nya respon ybs kira2 ex tri sebut tangkap jadi wishtleblower,0
budie arie rawan jokowi yg tunjuk jadi ketua konminfo jokowi judol yg udah bikin banyak orang bunuh diri bunuh indonesia tau kan dosa nya ngalir siapa,0
mohon doa moga aparat anchor lekas tindak enggak beri azab udah jadi milik beking tempat judi kampung sekitar pray,0
salah satu sebab gue fans sama lu bang semangat bang ferry,0
judi online usak serius mau nanya rusak orang nya apa judi online nya stop lah berfikir faktor x buat diri lu rusak ghost,0
bismillah mudah2xan berantas judi online ekonomi negara jadi lebih baik nb dah nganggur tahun usaha dah mampus2xan nyari gawe kagak wkwkwk masa mau cara haram buakakakak indonesiatidakbaikbaiksaja,0
budi ari projo kandangin,0
hari berita judol naik judi togel darat udah tutup duluan mungkin besar beking bandar udah tau duluan seperti rada takut,0
collab sama maa ade mas,0
gegara nonton gw subscribed lu bang gaas terossss ampe punah judol,0
boom,0
ojk kominfo anj ng semua,0
hayoo dukung berantas anjing2 judol perintah masyarakat,0
mayoritas orang nalas mikir mending tiktokan aja,0
akibat judol perputarn ekonomi kelas tengah bawah putar banyak uang2 kalang tengah bawah masuk rekening2 bandar judol nominal nya kecil per orang 150rb hari kalau kali 10jt orang contoh nya,0
al calon gubernur jateng,0
ayo rakyat ganyang lindung judol yg bikin rakyat miskin,0
budi budiii kamu lebih baik budiono siregar si kapal lewd,0
interpol ikut andil tangkap jaring judol kamboja,0
ramal indonesia emas gimana mau emas perintah aja korup masak judol lindung pantes aja gak ilang ilang tuh situs,0
kasi bandar judi kalo gk judi online indonesia,0
professional full stack programmer nyata judi online bukan judi tipu online segala aplikasi sangat mudah atur si app owner segala yg muncul sosmed atur kalo info2 algoritma judol bagai datang sarana pancing orang2 bodoh main,0
lengkap ferry irwandi jadi the professor la casa de papel sangat cermin film bongkar busuk masyarakat juang hak hak rakyat opening sangat baik tetap teguh jangan gentar,0
moga allah meridhoi,0
gw heran bang fer sadbor cman 3x ngucap g r ketangkep sedangkang influencer mlbb ngucap kali kali aman aja cukup ngucap maaf selesai gin hukum negeri,0
busset bang fery tangan kanan deddy cobuzier nih,0
indonesia uang yg bicara,0
siapa sisok al,0
ijabah doa gua sbagi mitra transportasi online kerja cuma cengar cengir,0
sehat sehat bro tetap waspada pasang mata telinga bukan tepi jurang atas duri,0
virus paling bahaya nama judol virus mati mampu pikir logis rasa empati diri sendiri orang buat uang indonesia pindah negara,0
jadi budi arie kamuflase teriak2 berantas judi tp fakta orang tri yg jaga semua joy,0
rakyat benara rasa janggal membuktikanya yg beda mau sampai perkara gak bukti bukti yg bs terima pihak emang bs apa rakyat bukti kezoliman firaun n keron cemar nama baik senjata baik penjara masyarakat padahal nama baik apa yg milik setan,0
bukti judol jalan dlm thn dgn aman malah judol makin subur kuat gilaaa,0
satu kata biadab belakang mu bang,0
mantap bang thumbsup semangat muscle,0
tangkap budi arie ganti rugi data yg bocor,0
gas terus om orang selalu ingat temen gw gw ingetin katain sok alim udah gw diemin gw udah bilangin kalo gak udah ngilang pelan pelan aja,0
stramer game kemarin bebas well,0
untung waktu kecil dulu tanya bapak soal judi satu bapak bilang main judi menang bandar bisnis kamu menang cuma awal kalimat selalu ngiang telinga sekarang,0
kawal bang ferry,0
semangat bang konten2 aku muak sama judol,0
selamat bangsa,0
gk ngerti orang2 yg main judol pdhl judol buat manusia which is dikendaliin menang kalahhnya manusia,0
gw judol masalah personal jadi salah satu klien gw universitas swasta lumayan gede gw megang infrastruktur website bangke nya web universitas sering banget ngedeface web kampus jadi judol jujur gw jadi ga tidur nyenyak malem gara2 sewaktu2 hacker2 judol aksi,0
puluh ribu web website judol berantas kalau perintah mau serius andil anak2 muda faham it web dev,0
yg rusak negara memang sendiri miris,0
miris kes lempar tanggungjawab warga sipil harus bilang masyarakat ngadu k minf p lri kalo kerja k minf benar adu atas punya pegawai2 dgn mampu yg mumpuni kok bidang bukti emang lindung situs2 judol well said this is the point,0
heran nya judol bnyk yg mainin mayoritas rakyat tengah bawah,0
budi arie cuci tangan like literally cuci tangan pake sabun bukan sindir sumpah,0
support bg ferry raised hands,0
alice guo gubernur filipina sangat suka rakyat n next presiden tangkap nyata mata2 china dana seluruh giat politik bisnis gelap salah satu judi yuk mas kawal kasus selesai,0
bang bahas logical fallacy dong biar orang2 paham gk salah simpul kesan bodoh bgt,0
gua jd curiga soal pinjol ilegal orang2 ojk jg lindung laku,0
busukkkkk jabat makan uang rakyat,0
heart fire fire fire,0
bung ferry sekali angkat pinjol sangat resah rugi masyarakat kecil,0
aduh duh budi ari memnteri bobrok kok pilih jadi menteri apa ga kandidat lebih mutu weary,0
den cagur promosi judol cok kaget gua terang terang huft,0
lanjut bang kan cuma sampai,0
thumbsup,0
rispect bang index pointing at the viewer judol emang sakit tengah masyarakat sembuh,0
wkwkw perintah aja main sweat smile,0
operasi cuci tangan isu,0
gua dukung elu bang,0
semangat tada,0
support ferry irwandi fire fire fire,0
mau jabat tahta harta masalah resiko tanggung jawab ntar nunggu aja mood tada gua join aliansi lho bang gass,0
lo lebih berani bruce wayne yg lawan takut bg,0
kasih uang lewat pinjol ambil lewat judol padahal milik pinjol judol sama udah dpt bunga super tinggi pinjol dapet sapi perah judol bisnis paling profitable milik pinjol judol,0
seperti wasiat yg mngerikan,0
terima kasih juang fer tahun lalu hilang kakak kandung tinggal stress berat krn pinjol beliau tinggal istri anak bawah umur please angkat soal mafia pinjol krn lapis tengah bawah pinjol judol hancur bangsa,0
bukan judi masalah narkoba miras banyak jadi biar dampak nya masyarakat bawah semua gantung niat pimpin bangsa jiwa besar gak benar2 tuntas soal sepele nama judi narkoba miras,0
al saha,0
bang cancel ericko lim udah mulai kasi panggung stelah terang terang promosi judol,0
kelak saling dorong masuk jahanam kekal lama lama,0
ngawan judi online iklan pinjol sweat smile,0
deny cagur tuh bg promosi judol lewat sosemed sweat smile sweat smile,0
al dekat kuasa politik jadi ahmad lutfi teman sambo al kan dekat dngn wiwi dn sekrng lg nyagub jateng,0
jihad yg allah kasih pahala syahid bang moga allah lindung abang maut tang allah swt tp ttep waspada jgn mau kasi mkn org paket dijln lebih waspada lebih pasrah sm allah,0
mantan cs judol kamboja pokok kalo kalean punya teman kerja dikamboja nya kerja jadi cs judol depo wd sama live chat sarang judi kamboja,0
tetangga desa karet camat sumpiuh kabupaten banyumas bundir tanggal kemaren telusur hp nya nyata banyak riwayat situs judol nya,0
salut gue sama berani lu bg moga konsisten yg pikir waras terus dukung berantas judi judi bangsat betapa berat juang depan,0
tangkap budi arie,0
cba cari info yg usul beri blt korban judi online,0
kota gw akhir2 banyak yg bundir gara2 pinjol judol apa yg kayak gin biar,0
jangan masak speaking head fire fire,0
iklan loe main,0
nunggu tanggap bro ferry,0
soorry kak bukan myanmar kamboja,0
mau bantu,0
kmi tunggu abang buat video rahasia jual beli bitcoin alcoin sweat smile,0
gak sia sia ngikutin mas fery smg makin cerah,0
bg coba buat konten mafia be cuk i kan abg mantan pns uang banyak sedikit tau barang2 impor yg ilegal masuk indonesia yg mana banyak berita,0
streamer ml ga tuh sweat smile,0
bantu up trending,0
kandangin ba,0
kemarin om benix tutup youtube gara2 ngata2in ojk kominfo gara2 masalah saham sekarang om fery yg berani tetang2an ngatain konminfo liat kelanjutanya,0
konsistensi judol benar2 mendptkan respect nonton film china no more bets judol memng beking luar biasa org kuat negara mungkin ga seh pemberntasan judol bertjuan hilang saing bisnis org2 baru yg masuk kesana,0
sepakat berantas judol bang,0
fufufafa doktor tuh,0
bos rambut panjang sering k kaltim tuh skrang emng kamboja tuh bner bnget masuk sponsor besar mah,0
sehat sehat bang ferry segala gebrak sangat butuh selalu dukung,0
emang babi judol,0
aku salah satu bagi aliansi bang fire,0
sehat selalu bang fery,0
gass ds fer,0
iklan meta sekarang isi judol gak sih iklan bayar sosmed indo filter,0
sahabat gua sama bang punya tabung buat rencana nikah tahun cebur judol gegara temen kerja main sekali modal menang hampir juta awal bencana tabung nikah kuras habis cry udah cape ingetin selalu alesannya menang kan balik lebih sampe akhir gua cape sadar apa yakk tabung habis punya hutang,0
moga judolnbisa hilang dri indonesia lama,0
sadbor tangkap artis yg promosiin judol kaga sentuh perintah kontol,0
terus juang lawan judol,0
projudionline,0
datang presiden solo minta izin menangkat orang bapak mulyono pernah jadi ketua projo bpk budi ari buka pintu beri fakta hasil judi online banyak nikmat orang orang kostum merah hitam asumsi,0
emang tri sektor apa si percaya negara konaha dikonoha mah rakyat cuma jadi sapi perah joy joy joy,0
moga abang tim sehat selalu fire fire fire,0
spil inisial al yg kalian tau dong komen,0
judol suruh berantas malah lindung kelola salah paham salah didik gak erti bahasa indonesia bagaimana penting didik,0
kalo tri nerima setor terus lanjut nyetor gk mungkin sama tri dong atas dong dong,0
temen kerja w lebih parah bang dah miskin maen judi online makin melarat resign gara gara judol buat bayar utang ngarepin uang bpjs tenaga kerja,0
judul lagu intro nya apa mas ferry,0
lukeren bang blush,0
bang bantai pornografi,0
halmahera tengah tempat industri nikel banyak teman kecamduan judi online pas gaji depo tengah bulan men cari pinjam tutup butuh alhasil hidup tak beda jauh anggur beda miskin susah karna pinjam sana sini sungguh judi online musuh negara tara narkoba harus perintah keluar uu pasu judi online kategori the extra ordinariy crime karna dampak rugi sangat besar mas fery jangan lupa banyak sodara berangkat kamboja negara jadi admin judi online harus orang segera lepas warga negara nya karna peran tumbuh judi online,0
siapa nama inisal al tsb,0
budi ari keparat,0
coffeezilla versi indo,0
siapa sih al,0
sosok al siapa sih serius nanya,0
nungguin hasil santet ni,0
jd makin yakin partai psi sokong bandar judi online jd asa wajar partai baru keluarin dana besar campign jd ga heran projo libat lindung judol dalam instansi kominfo jd ingat konsorsium sambo polisi ikut beri backingan,0
al siapa weh,0
tuhan tidur bg god bless u,0
biasa2 apa orang biasa gak gitu,0
bang kualitas audio nya kyanya dibenerin deh,0
orang kaya judi tujuanya apa kan udh banyak duit knp mesti judi lg klau yg miskin2 kan kenya modal kecil dpet duit banyak tp tmbh miskin,0
lu nyenggol ferry irwandi lu hadap sama militan ferry irwandi sendiri orang ferry bukan jabat bukan anak jabat mental dedikasi jiwa nasionalisme orang bukan kaleng kaleng boss bangsa butuh orang berani pinter jujur aja gak guna kalau takut doa ku satu moga pak prabowo dukung apa suara bro ferry baik negara bangsa fire fire fire fire,0
moga allah selalu beri sehat selamat pada bang ferry maju terus jihad lawan judol,0
presisi buah kode bro,0
bukan lebay gmana urus ama perintah tu emang bahaya bukan dar kaya jokes tingting so bakso lu hapus ga pernah eksistensi lu yah nama lawan kuasa,0
kalo budi tangkap mantap sih,0
jgn2 org balik hacker yg bobol data2 negara open mouth,0
inisial al siapaa,0
semangat bang ferry,0
cara henti memang habis habis habis harta benda judi online udh pernah nyoba coba selamat saudara dekat hasil,0
cek video baru md universe bang banyak artis2 promosiin judol,0
anak buah budi budi anak buah mulyono tinggal mau selidik ato semua hubung tinggal selidik alir dana sm alamat,0
lawan cerita anak cucu bang sejarah tak tulis rekam ingat benak semua,0
gua ga takut mati cuma gua takut mati sia sia clap clap clap,0
sehat selalu bang fer berani angkat isu moga semua ikut jejak bang ferry,0
heart,0
al apa si,0
jujur dulu pingin hajar budi open mouth,0
baca mau nyemangatin yg kalah banyak slot masuk sy tahun tahun kenal slot hidup sy hancur uang ratus jt habis hutng bnyak bnyak trmpat sy dulu kerja d toyota sekarang rantau d korea memang sedih hilang bnyak uang jg banyak hutang tp lebih dr yg lebih kacau sbnarnya otak yg rusak sy yg dulu hidup sngat tata penuh rencana skrang sprti orang hilang bingung dngn hidup sya sy mnjadi malas laku bnyak jg sy rasa buruk selalu datang main tp mau gimana jadi hidup gk henti ulang memang trdengar bodoh orang main slot tp jujur sangat sulit untk henti karna otak rusak tadi yg hancur tetap semangat jangan mnyerah hidup ttap lanjut lama serah kamu punya sempat jadi kamu rencakana belum jangan depo anggap sj tantang kamu bkerja pikir 2x 3x lebih keras belum jangan serah pochoen si gyeonggi do korea selatan november khanif,0
jangan2 semua jahat negeri punya beking iya kan oknum kerja laku jahat wkwkwkowkwokwowkowkowkowkowkowkwkowkwokwko,0
yg ciduk bawah nya atas nya aman joy joy joy konyol,0
hukum mati,0
gila rugi 900t baru tahu soal apa ndak rusak ekonomi rasa dampak nya langsung masyarakat,0
huwaaaaah open mouth open mouth open mouth open mouth,0
terimakasih bang peduli negara indonesia moga sehat selalu lindung tuhan maha esa,0
sadbor to sadbro,0
judi online maupun offline jadi musuh perintah cuma ilegal bukan alas vidio sama miras rusak legal aman aman aja,0
doa ibu meutya jajar anak buah sehat selalu beri sehat kuat batin hadap tekan,0
katak joy joy by one sini,0
satu situs setor jt bln x situs miliar bulan x bulan satu triliun puluh miliar delapan ratus tujuh puluh juta rp,0
ari lasso,0
judi online jahat struktur sistematis masif saking tsm nya orang orang besar libat langsung lama orang orang perintah orang orang institusi polri tni usaha usaha besar era pak prabowo tantang bukti,0
judi narkhoba sllu krn yg kuasa lindung pantes negara ga berkah2 py pimpin jg sama planga plongo krn yg meilih tukang judi dn bodo sm perintah agama,0
fungsi ga jalan joy,0
rang guna bang kesel lho lihat orang hasil 100rb hari tengah dipake judol anak istri sengsara bukankah orang2 sangat zalim,0
ianya seluruh asean susah mahu tindak ada tiap negara asean dulu punya bamboo networking sekarang no one knows,0
maaf aq jg dukung judi online tp apa beda dgn main saham bitcoin maaf serius nanya karna aq main semua hahaha,0
sehat sehat bang ferry bagi rasa sama rasa muak dalam laku makhluk makhluk rakus jijik rela makan hak hak orang penuh rakus jijik,0
om ded cobak bahas begini,0
budi arie laku utama smiling face with 3 hearts,0
judol rata rata server dr china tau kan siapa yg deket bgt sm china joy joy joy joy joy joy,0
satu rang judol makasih speak up bang,0
bang bahas tangkap gunawan sadbor bukan jadi udah pernah jadi belum bahkan artist streamer game besar pernah kena kok ga tangkap,0
mungkin tri kurang pinter jadi goblok gobllokin anak buah,0
kominfo sama polisi tau sama tau ga si bang awal eyes,0
negara sdh lanjur kuasa bandit samping rakyat jelata akan gak peduli bodoh gak bangkit pasrah rela pe deritaan panjang lama tahun bayar amplop seket rakyat bagi besar tinggal pukau jawa,0
jangan serah bang kamu hebat suara benar,0
budi budak judi,0
judi online bahkan sama judi judol tipu judi benar judi ialah mata koin lempar,0
bnerr kan gunwan sadbor yg nyawer kominfo,0
joy sekarang modus bang fb jasa sewa wa hari 500rb cuma wa kendali yg nyewa spam judi online sebarin biar makin gk banyak yg jd korban,0
bung ferry tanam ide2 tan malaka angkat kasus sangat risiko besar kait judi online,0
keren bang dukung penuh,0
moga bukan tahap anti main pegang kuasa judol aminnn,0
waduh angkat jdi film detektif seru kaya bang kaya film2 korea,0
sehat2 slalu bang doa baik lalau orang baik yg mau cerdas bangsa,0
semangat bang feri dulu judi ada judol rasa sangat2 bodoh bangsa benar aja kalau iq bangsa koma soal mau judi ndak mau mikir gak punya otak main skak blackjack remi mahyong biar otak main bossssss semua ndak baik usaha yg kamu cari kamu hilang hari atas meja waras kalian,0
lihat jilat nya tnya fufufafa smpai skrng tdk bongkar siapa milik akun nya,0
done subs bang,0
bang aku dukung smntra dukung doang cry,0
nyata kapan hidup bila sadar diri sendiri individu siklus tetap jadi ingat ikat tindak tega hukum guna sadar diri tak inti gw tetep salut yg usaha kurang lingkar setan judi meski gw yakin pernah bersih,0
judi online bukan judi judi online tipu,0
makasih udah rekomendasi channel deduktif indonesia nambah deh list channel bagus,0
panjang umur bang doa baik bagi rang judi online,0
apa sf injokerr dong ngabbbb,0
brantas judol akar akar rusak generasi bangsa,0
kalau kominfo lindung sang mentei kominfo kait,0
konten andal nonton sebat kopi fire coffee,0
projo jadi proju pro judi,0
panjang umur juang fist,0
artis promosiin judol ga tangkep malah sekarang masuk dpr,0
buddi ari tetap tanggung jawab proses hukum lebih,0
moga tuhan selalu lindung jaga mu pak heart,0
gokil my profesor,0
curhat dikit bapak gw candu judi gw kecil walaupun bukan online sekarang gw udah tahun tutup hutang beliau gw gak berani nikah tiap bulan bayar hutang hutang satu pikir mungkin beliau beliau lempar buah kartu remi bagi masa depan keluarga taruh jauh judi guys,0
hayoo bersama2 berantas judol mulai diri org dekat sangat banyak makan korban dukung ka,0
manusia lebih suka konspirasi,0
kan soal,0
jangan2 hacker minta maaf krn setor uang gelap,0
harus topup2 e wallet jg d hapus bang biar bocil2 ga topup minimarket,0
10th pd dinasti maling smua sibuk ngegarong terus ngibulin rakyat dg citra palsu bongkar hingga akar2nya,0
gua gak takut mati se engaknya kalau gua mati gak sia sia gila merinding gua bang,0
kalian tempe club bola indonesia lga jersey nya sponsor judol loh milik aparat joy dibiarin baik2,0
kantor nya galaxy njir bisa wkkwkwk,0
untung abang engga main tiktok kalo engga sebut anak abah,0
oligarki dna pki tri kemaruk sadis jahat cipta judol jg pi njol penghianat bangsa tada joy cry sweat smile,0
akhir nemu chanel yg bobot auto subcribe,0
streamer2 ml akun udah gede2 kmren apa kabar bang apa lu udah jangkit sakit lupa wkwkwk,0
lindung nya m ly no joy,0
gua dukung lu bang,0
periksa ceo dana,0
lestsgooo,0
terimakasih pak,0
menit siapa dua lingkar,0
judol jijik paling kecewa beberapa artis sengaja promosi judol promosi judi bola nikita mirzani pernah muncul beranda entah apa pikir wanita pikir nasib juta followers idola jadi hancur beranta hidup promosi judi onlinenya pernah cinta followersnya sama sekali sangat omong kosong kalau artis wulan guritno pernah promosi game game rupa mesin mesin putar kalau tahu judi buat perintah laku tindak tegas keras artis artis influencer promosi judi online take down semua akun media sosial biar tahu rasa,0
entah knp sy jstru senang klo lihat teman jatuh miskin sekarat judi online sy nikmat tiap detik wajah stres tiap kali nenghancurkan hp stelah kalah sy ngerasa puas bgt joy joy joy joy sy harap kalian semua kena virus judi online kalian semua hancur,0
nyata nyata judol pantes g habis habis lindung sama,0
most fishy thing temuin salahsatu oknum streamer sawer judol shout call naman judol kali kali malah gabung tim sukses salahsatu paslon milu kemarin bukti jelas tentusaja tindak bagaimana mesti hingga sekarang,0
panjang umur kebaji sparkles,0
kampung belah bunuh diri gara2 judol hutang mana,0
sama bang personal banget sama judol adik kena hutang ratus juta semangat bang semngat keluarga korban korban moga sadar,0
apa jangan jangan bocor data data negara retas hacker jadi beberapa waktu lalu main oknum kemkominfo jadi hasil bocor data guna manfaat bandar judi online sih hubung data bocor data pribadi guna luas basis langgan judi online eksploitasi data guna peras milik data guna data hindar pantau perintah oknum pegawai kemkominfo insider threat manipulasi sistem manfaat bandar judi online guna data hindar filter blokir bahkan pernah beberapa kali dapat spam tawar judi online lalu sms wa cantum nama pesan sebut jadi mungkin kait bocor data judi online oknum kemkominfo,0
salam hormat buat bang fery moga allah selalu jaga lindung bang fery,0
moga bang ferry lindung alloh juang terus baik moga catat malaikat amal jariayah bang ferry semangat terus bang ferry,0
terimakasih heart,0
jadi kapan bang fery mati sekali mw ajuin cuti buat abang,0
galaxsi cuma judol banyak loker palsu praktik skema ponzi tahun tahun siapa balik skema ponzi kedok loker palsu wkwk,0
alex lutor bang,0
muka aja udah liat si,0
katak berani2 nyenggol bang irwan siap2 digeruduk massa soetta pas lu dateng katak anjg tunggu datang lu fire fire fire fire fire fire,0
orang indo yg mau jalan2 kamboja thailand vietnam imigrasi aja sebut kerja judi sama tugas parah masyarakat indonesia tugas imigrasi aja ngmng orang indonesia cry cry,0
rasa kasus judol dibiarin senyap perlahan lahan bakal super viral jelas duit buat apa mana semangat fer,0
budi arie raih bintang mahaputera beri mulyono sekarang pelihara prabowo,0
allah lindung bang feri irwandi dr orang dzolim angkat derajat mulia n kah hidup hancur n hina jabat culas n korup negeri kedlm bumi pray pray,0
allah lindung ferry irwandi keluarga orang dekat,0
gua nyari katak nih ayo tak mau ajg,0
thanks atas perjuanganya bro,0
jangan takut bro karna jihad ending lebih harap sahid,0
kira2 siapa al,0
klo jahat buat jahat yaa wajar2 aja aparat perintah buat nama binatang kalian sebab banyak juataan rumah tangga hancur kepala keluarga jerat hutang buat laku kalian lebih rendah binatang lebih rendah rampok,0
cara hub pak ferry soal judol gimana yah teman2 msh banyak yg s akses judol main ganggu,0
bang coba bahas manhaj salaf dong bang kolo misal indonesia masyarakat muslim bermanhaj salaf judi online indonesia indonesia tentram damai,0
tangkep aja tu udah muka ngeselin tolol cabul,0
harus hukum jabat yg wenang tegak hukum yg langgar hukum yg taat tegak hukum 2x lipat masa hukum tuju ga lebih efektif usut tuntas alir dana yg masuk deposito,0
umkm rasa dampak,0
kan orang nya jadi kemenkop sekarang,0
percaya lembaga dgn oknum,0
fire,0
satu kata lawan resah iklan judol mana udh muak,0
si cakra smiling face with tear,0
selalu lindung allah bang,0
tanya yg trs gw pendam tanya makin jadi event hacker minta maaf,0
iklan youtube ajh iklan judol bang ga cuma youtube instagram facebook sosial media lain banyak iklan judol bahkan fitur channel whatsapp kumpul bahas situs judol,0
maju terus bang ferry heart,0
beberapa kali tawar endorse judol nilai bayar sangat giur orang ga kuat goda bakal ngambil tuh tawar sweat smile sweat smile,0
jadi benar kominfo berantas judol lama malah pelihara jt per situs gila sih,0
bisnis mati edar beberapa tahun belakang sangat pesat akses yg lewat gampang salah satu transaksi sangat mudah cukup beberapa menit cetiiitt duit ratus juta bahkan m pindah rekening wallet game yg cuma puluh ratus ribu masalah yg jual industri harap sangat cocok masyarakat miskin jadi kaya dr 100rb jadi 1jt dr 1jt jadi 10jt setrusnya rungkad joy tambah marak pinjol kolaborasi judol pinjol baik tahun belakang sweat smile tantang ekonomi sekarang anggur tinggi buat kerja jadi stakeholder bisnis giur janji lebih make sense libat ketimbang rang jadi betul kata mas irwandi jalan sangat panjang kemudian laku sama2 sih edukasi ga mungkin industri kembang pesat kalo pangsa pasar ga kembang berkali2 lipat edukasi banyak kaya manage uang tp lebih tarik manage takut yg banyak tampil masuk promotor player sendiri menang player yg kalah cenderung diam tp diam2 pinjol biar comeback joy joy joy,0
anak buah budi arie jadi pager maken tanamen gimana si budi arie sendiri sendiri clear,0
sistem rusak,0
gw dukung sama lu bang,0
judol pinjol mafia adil korupsi semua udah darurat org yg punya influence gede ga yg mau mulai gera,0
bobrok banget kerangka negara,0
allah with u bang bismillah sehat selalu lindung mana ada aamiin,0
kominfo tanggung jawab semua korban judol efek dri judol parah banyak keluarga yg hancur banyak keluarga yg merana krn ulah anak nya candu judol,0
ferry d irwandi gokssss,0
hilang semua kok asal perang nuklir,0
mohon izin ambil beberapa video sini channel youtube,0
terima kasih bro ferry juang percaya semua selalu dukung juang mu,0
lu keren bang,0
fucking class,0
mafia kabeh mungkin tdk komdigi menteri yg sama jabat tinggi saling kunci tahu kartu masing2,0
bang elu klo bicara gak ngerokok gak keren sumpah,0
deduktif emang keren mesti kasih layar,0
benteng akhir dr judol diri bangun sadar diri kait bahaya judol,0
semangat bang cuma bs bantu doa,0
bg bongkar yg bagi imigrasi bg yg pergi kekamboja banyak sweat smile arti oknum situ joy,0
bocor data kasus judi online harus sdh cukup utk minta pertanggungjawabannya tp apa berani rofl,0
rusak intelektual moral satu menteri rusak sendi2 rakyat hingga pelosok negeri hingga lumpuh bunuh diri,0
inisial a l siapa nih,0
sehat sehat bang lu berani,0
sama kek temen gw kakak adik punya bisnis masing2 udah bengkel ama sablon karna judol bisnis ancur sampe jual tanah orang tua,0
bru tw klo lambang ctd d sudut atas,0
byk oknum main geliat uang panas judi online sweat smile,0
gw beberapa hari yg lalu sempat liat livenya pascol streamer ml kata2 donasi judol ga filter blokir cuma kata jangan judi tiap donasi judol trik baru buat hindar clipper2 tetep terima donasi promosi beda bgt dgn eno bening lufthi halimawan contoh yg langsung mem filter kata2 judol situs,0
beberapa kenal bunuh diri judol banyak cerai istri bangkrut bisnis memang keri efek judol,0
sang lindung kodok bijer budi arie rofl face with hand over mouth rofl,0
blush,0
sehat selalu bang,0
there s starman waiting in the sky,0
lelah banget terus coba ngasih tau temen temen henti main judol circle tongkrong moga dampak walaupun mulai lingkung dulu,0
orang bikin konten kata prabowo bicara bukti memang punya bukti tangkap orang besar kalau bukti moga roy suryo kena hukum bulan,0
nikita mirzani apa kabar aman2 ajaa tuh,0
budi ari anak buah mulyono amannnnnnn,0
ngeri azab jokowi orang2 nya akhirat akibat biar judol makan duit judol,0
el professor fire fire fire,0
raja akhir nih bg,0
konten koh reymond yg sering liat konten bang ferry irwandi gk perah tinggal tada semangat edukasi bang ferry,0
jangan terlalu lena tangkap oknum2 pelingdung judol kemarin apresiasi terus pantau kawal,0
judi on line baru sekarang berantas waktu zaman presiden jokowi biar yg perlu tanya,0
budi arif nama yg semat sangat bagus tp doa ibu biar jd prilaku orang yg arif tp nyata doa orang tua ingkar sendiri,0
busuk memang era jokodok,0
sekarang makin parah bang karna metode komen spam live youtobe berita sering liat live kompas metrotv beberapa live tv lai,0
salah satu alas menand slot susah miskin aja wkwk,0
bang bahas cara menkomdigi bu meutya papar masalah judi online kacau dalam menteri cara bicara penuh tekan besar siap ungkap akan bu menteri sedang pojok masalah besar,0
sumpah sih muak banget sama judi online adek kandung sendiri gara gara kenal juodol jadi jerat pinjol bener bener lingkar setan moga aja judol berantas sampe akar,0
al ahmad luthfi cagub jateng,0
bang ferry moga tuhan lindung keluarga moga judol brengsek segera musnah muka bumi,0
yaudah ayo bantu apa bro booby tara kalimantan utara,0
knapa kominfo ganti komdigi cuci kotor,0
makanya indo gak jd negara maju krn mental jabat sdh cacat sgala jenis jahat sini perkosa bunuh tukang cabul koruptor rampok begal pskopat lgbt teroris,0
bang klo gak senggaja masuk situs judol terus mau ngelaporin situs lapor situs soal udah sering pas browsingan baca artikel situs suka muncul sendiri pop up kalo bang buat situs grup tele buat lapor situs situs judol aja,0
iya pak masuk ikut lapor akun akun judolnya tag akun divisi humas polri,0
a l siapa yg tau,0
instagram banyak banget video video reels isi logo judi online jujur resah kali kali report akun laku tersbut rasa rasa sia sia karna terus,0
kacamata bersihin dulu bang kotor bet,0
awesome insight and perspective from you thank you,0
tiktoker sekeram promosi judul langsung tangkap artis dbiarkan bahkan rekrut jd politis,0
tes,0
statement yg gue bold hulu yg kuat ganti tri tri dulu baru semua ungkap joy joy joy,0
al siapa kira kira,0
trending fire fire fire,0
solusi utk cegah judol sebar sms judol,0
terus juang nya bang ferry sumpah emang udh eneg sampe ubun ubun gue sama judol krna adek gue sendiri main judol yg udh habis habis tp blm sadar akses uang gue pegang depo pakai akun bank tmn nya gaji telat gue pinta 2hr udh lenyap duluan buat depo,0
wajar kalo kerja gak maximal jaga data rakyat joy joy joy joy,0
tuju rantas judi online,0
bukan tepi jurang sih boeng feri udah gelantung tepi jurang tinggal lahap monster bawah nya klo g nolong benar berani mantab bung,0
cara edit detik pertama tu gimana sih,0
nah buat bayar hutang negara kan bantai sikat terus koruptor praktik korupsi sikat habis,0
moga tahun awal pak prabowo jabat laku bersih2 koruptor bisnis judi online beri lapang kerja luas negri,0
al bang al,0
kalo berantas makin lama buat undang2 legal judol joy,0
keren abang ku tada tada tada,0
udah kaya ngikuti series moga lanjut bahas temu fakta baru fakta yg lama baru berani ungkap,0
mantap bang terus lama manfaat buat semua orang pahala buat abang yg paling besar,0
tj main ga bang kira kira,0
miris,0
gosip bro paslon yg biayain boss judol nih krn mrk ga punya banyak allies d d,0
al siapa angkat laut,0
this video is very crucial for our society,0
saksi juang amal jariyah kelak bung,0
tegak hukum macam kontoooooiii,0
orang awam aja mikri gmpang banget basmi situs judol pantes liar orang dalem nya jadi brand ambasador wkwkwkw,0
lebih miskin blt malu nerimanya,0
jelas sangat serius judi online bukan rugi orang per orang laku rusak ekonomi buah negara negara kembang,0
gw pribadi judol jauh lebih parah koruptor klo koruptor nyolong duit orang hak tau dampak ga langsung dirasain korban kalo judol bikin orang ga punya duit dampak bunuh diri bahkan bunuh orang buat ambil harta depan anak anak kena tahu judol pinjol gampang banget akses ga tuh bilang kan salah sendiri ikut pinjol judol ga gitu orang gampang banget kok akses tar anak2 tahu tau2 uda bengkak utang kalo waras ga mau masa depan keluarga ancur memang judol2 mesti hajar sih,0
halo bang feri mhn maaf klo tipu onlen jg d brantas tdk bnyk korban masuk yg sdh kena tipu onlen trmks,0
inisial al siapa guys,0
bang style lu dipake model buat iklan pinjol joy kilas gw liat ko mirip bang ferry isrwandi,0
bang bahas dong iklan judi semua medsos aplikasi judi play store betaburan tayang kominfo gak lihat ecek iklan app ngecek mata cek,0
apa deh pak sigit ngurusin kasus cirebon ae kelar2 malah skala nasional joy,0
korelasi gk dgn isu ato fakta yg sdg kembang masyarakat konsentrasi sosial media pecah soal hab b pupupapa fatherless anggur thailand lg,0
gera legalisasi judol masa depan mungkin peak hancur negara blm lg serangan2 lain serang lgbt woke meme jomok benar serang israhell,0
kisi2nya thumbnail video,0
singgung sama rieke diah pitaloka soal judol eh malah keluar rapat tanda tanda panik si budi arie mulai muncul,0
bukan promosi penasara sama judi online nonton dulu no more bets cerita dampak judi online baik segi main sampe b nuh d ri maupun bandar,0
awas santet sama usaha judi online,0
el professor sunglasses,0
orang orang kominfo lebih suka ngurusin bokep banding judol,0
dasar simpel kamu kalah kamu paksa menang modal kata pertama kalah gitu terus ulang kalah kali kali cuci otak cara pintar judi,0
astagfirullah pantesan abal abal lindung nya,0
bang dar saran kacamata ganti lebih sesuai bentuk wajah,0
orang besar balik judol orang besar kepala besar mulut besar cakap besar munafiq besar sebentarlagi masuk hotel besar balik uang besar doa cepat masuk biar tdk lari,0
hasbunallah wa nimal waqil bang ferry palms up together,0
warga seberang memang punya nyali salut bro,0
gue sih orang2 indonesia terlalu naif sih masalah judol negara2 laen judi biasa contoh deket aja kyak malaysia singapor bebas situs judi online bahkan situs porno bebas gak tu istilah ngrusak sdm buat negara mundur memang pola fikir orang2 aja banyak masalah jadi gue mental bangsa terlalu buruk padahal metode ajar sekarang mudah banyak sekali media mendkung tabah literasi ah lah ini indonesia joy joy joy joy,0
hebat lu bang gw salut ga kaya konten satir nyindir pake bahasa negara wakanda cundang nyindir,0
rispec,0
gw dulu udh tau apa jawab ngeri bos judul ni sampe sponsor kampanye si ono loh yum,0
mucul yakin banyak muncul berani berani,0
umkm kena dampak judol sy rang bang,0
bang ferri bahas kasus pecat ipda rudy soik karna ungkap mafia bbm ntt terimakasih heart,0
betul kali bang,0
ga aneh sih kabinet jokowi isi bukan orang tepat bidang nya banyak isi nya semua orang orang rakus harta kayak babi si rakus,0
ironi,0
pas ronda malem sama bapak bapak kampung sering banget tuh denger cerita soal situs judi online suka bilang sini gacor sana gacor kaya tempat yg menang terus aja padahal klo pikir pikir lawan sistem kaya gitu menang paling cuma sekali kali doang sebenernya udah sadar sih klo ujung ujung lebih banyak kalah lama saldo lanjut aja judi online tuh sebenernya cuma soal menang kalah lebih kaya main game yg nagih banget sekali ngerasa menang bawa ken terus padahal yg sering jadi malah rugi jadi gitu deh awal seru lama lama capek sendiri kalo duit udah abis hehe,0
moga ada konten orang orang sama sama juang pak ferry makin lantang suara juang,0
pas nonton iklan judol ytb,0
kalo bas proses lindung harap dr adil hukum negeri,0
salut bang bahkan om botak aja ga berani singgung tri moga makin banyak influencer berani terang an tolak judol harap perintah bahkan polisi seperti nihil,0
indo gak kurang orang pintar tpi kurang org jujur hati nurani,0
terus suara bismillah rakyat lawan jangan takut jangan gentar jangan kendor,0
maaf tanya judol memang jahat bukankah tetap faktor salah orang yg sangkut yg memang doyan judi bukankah ada judol tahu asli nya org yg nyata judi,0
buka dong mantan menteri prestasi mantan menteri periksa,0
main dota warnet klo udah paket malam om om pegang rokok kopi buka toto joy,0
keren lanjut,0
big respect heart,0
coba gua tebak pak ba kroni nyari kasus hukum bang ferry kalo gak nyari jadi tuduh kayak kasus pak tom jerry tuduh gak masuk akal,0
sampai benar ayat,0
usut data warga indonesia sempat ambil hacker jangan2 orang,0
kan dulu orang2 kominfo kalau dotanya soal judo onlen selalu jawab kalau ditakedown bakal muncul2 jadi percuma lah pikir kalau muncul takedown lagi emang durasi mentakedown blokir situs judo lebih lama banding bandar buat situs baru yaudah kerahin aja pasu takedown lawan dong muncul2 terus kalau baru bentar udah blokir kan tetep efektif mungkin sempet promo sempet dapet korban topup banyak udah blokir kalau dibiarin malah neng g perlu bikin situs baru g bikin iklan baru,0
sangat tan malaka suara kebih keras kubur,0
maaf uda ferry kali dapat banyak apa informasi yg sampai dampak gak judi online nya tetap jalan cukong bebas liar main malah tambah banyak masak sih dgn banyak informan yg kata percaya sebar dimana2 bahkan lingkar dekat kuasa bandar judi sendiri gak ubah ada terus manfaat apa yg ambil semua seperti gak dapat informasi siapa aktor yg main semua apa selesai masalah bandar cukong tangkap sukabumi kan bilang gak surut suara walaupun serah nyawa kalaupun jadi apa yakin selesai masalah yg lebih utama paksa viewers utk jauh judi hindar hina dunia akhirat mngkn lebih manfaat by the way thank s for your concern and information pray,0
gokil vidio apresiasi besar buat bang ferri,0
si tuan salah satu orang paling tanggung jawab atas rusak tatanan sosial indonesia akibat judol,0
bingung gua kok yah main judi online kata online wakil jarongan sistematis atur joy,0
semua warga sipil yg pikir cerdas logis dukung lw bang terus suara indonesia jadi lebih baik,0
moga abang selalu lindung allah swt terus juang bang berantas semua judi online,0
kominfo kaki tangan asli salah satu naga wkwk,0
keren bang lebih keren langsung sebut nama nama semua libat ga usah pake inisial mantap,0
bang doain biar temen deket gue tobat judol capek banget hidup gali lobang tutup lobang tiap hari gue ga maen jadi kena imbas nya upa beban mental moga judol cepet hilang indonesia rugi banget asli pgn gue sumpahin pertama bawa judol indo gaada orang kaya raya judi kalo bukan bandar nya menang asli henti main,0
klo kata bu rieke oneng pinjol judol cuci uang dagang manusia satu lingkar moga allah selalu lindung bang ferry aamiin cari tau siapa al moga lekas jadi almarhum,0
terima kasih banyak bang ferry dukung doa pray maju terus buka semua yg libat kominfo baru muka aja oknum oknum aparat polisi tni perlu curiga yg aneh benar kalau aparat kepoliaian tni gak tahu inj punya aparat perangkat dukung intelijen yg canggih jjuga kan bin tahu harus gerak periksa anggota ayo ungkap terus bang ferry tuhan kati bung ferry keluarga pray,0
judol candu rokok nikmat orang cari makan dalam paham untung bandar layak bandar kasih sedekah orang orang tentu harap bentuk sbgitu lindung kuasa,0
memang judi online resah pak teman kerja nya dah enak mapan hancur karna judol hingga titik rendah nya berani gelap uang hasil marketing nila hampir 300juta harap ganda uang tsb judol akhir nya tangkap masuk penjara mudah mudah judol hilang indonesia,0
orang jujur berani moga lindung allah swt aamiin,0
judi main hidup hancur kuno sangat rusak ekonomi negara judol sadar jadi penghianat negara semua uang negeri layang keluar negeri main yah luar kalau berantas,0
gue dukung perang juday online,0
el profesor fire,0
letsgooooo,0
kalo jadi apa2 sama bang fery jangan diam yakin banyak orang yg buka pikir nya kuat masa yg kalah aturan2 rezim yg sangat celaka orang2 ungkap benar lanjut serakah tentu sekaligus jadi bentuk bukti selalu awas,0
mantap seru terus bang benar menylamatkan anak bangsa bagus pak presiden prabowo yg alih kan jabat buka terang benerang,0
aku ingetin aja kalo yg mau bunuh orang ideologi kuat justru ideologi orang makin kuat ikut,0
keren kata kata gue takut mati gue mau mati sia sia moga juang nila ibadah lindung tuhan maha esa ganjar pahala aamiin palms up together,0
duh pajak gw,0
orang mulyono bobrok semua aman bebas proses hukum,0
dedy corbuzier ngapain,0
bangsat emang lindung judol rusak rumah tangga org bikin org laku jahat bunuh bikin org bunuh diri,0
lorot rupiah jvdi online koruptor hasil rupiah mrk tukar valas usd,0
menang menang suatu tetap juang om fer semangat jangan kasih kendor jangan kalah mental tenang selalu suport om ferry indonesaia lebih maju,0
film no more bets bener bener ngasih gambar sesuai bang ferry jabar kawan kawan,0
gabungin semua org ky bg ferry irwandi sy yakin jd avengers konten kreator sih krn beberapa yg ga kuat sendiri,0
siapa kalai bukan kominfo joy kelas teri berantas kelas kakap lindung,0
wokwok budi arie siap siap loe,0
budi arie puncak gagal menteri negara aja pilih jadi menteri gak ngerti,0
salut aku sama mu bang sedikit orang kata benar jujur bang maju negara cinta,0
projo pro judi online sayang mulyono,0
kota lahir gw,0
pantesan jajan sepi nyata uang belok selot alias judol,0
gw yakin dn percaya orng tinggal tunggu waktu tangkap,0
budi ari,0
brantas judi online,0
untung youtube bodoh tunduk kominfo youtube perintah cuma kerjasama bukan tunduk sama perintah kalau yt tunduk mungkin youtuber indonesia bebas konten2nya,0
sehat sehat trus bang tada,0
iklan judol byk youtube,0
gilir artis2 promosi judol tangkap,0
ga kaget sih denger berita udh duga jg hal2 yg emg harus berantas kominfo kunjung gera atau aksi berantas situs2 judol arti,0
beranda youtube iklan judol pinjol sangat resah guna youtube utama anak2 karna semua masyarakat guna yt premium,0
bismillah semangat bang,0
makin mantaap bang bangga banget gua ngikutin lu ngonten kamar lorong sukses sehat terus bang metal,0
sederhana jadi yg tangkap hanya tumbal,0
klo pejbt sdh libat da yg salah sistem pengangktnnya,0
bumn perlu usut bawah et banyak vendor bekum bayar moga usut lebih lanjut tikus keju,0
hapus judol indonesia omong kosong cuma wacana gembar gembor kan nyata nya nya korupsi indonesia,0
serius nih katak bhizer org trkenal udah tau kabur d kamboja ga yg nangkepp,0
tag aja bang lapor admin gerindra,0
abis nonton lalu muncul iklan pinjol buah ironi,0
kelas cuma gimmick yg klo jadi apa apa gw kentara banget matketingnya kan om hotax yg nge back up elu bang santai aja,0
nonton vidio aja iklan judol poop,0
balik lu fer yg dukung lu pojok kiri video lu jg bantu kalo apa apa fire,0
sebenernya mata pisau lain sisi masyarakwt bawah suka judi ga sedikit jadi ladang buat nah perintah larang sebenernya benci sama masyarakwt bawah takut cuma garuk polisi bukan hilang berapa banyak uang aneh,0
budi arie libat ayok usut tuntas mau negara maju,0
you are the man man you own my respect,0
udah kaya professor film money heist aja lu bang,0
bang feri baned tuh situs kantorbola karna resah streamer game banget yahh biar situs blokir,0
kalau kata kirim santet kirim doa selamat lindung mas ferry santet tak milik kuasa atas diri keluarga bang sehat selalu makin sinar saat gelap ronta ronta,0
kaya film batman aja i ll save gotham city,0
bang mobile legend masuk judi g bang akun jual belikan sawer,0
mantappppp bang ferry genarasi masa depan nnti tumbuh ferry ferry yg,0
renti sampe tri aja jg kalo bener bs sampe si tri sang hulubalang raja tp,0
no viral no justice jadi viral kan lengkap spill bukti,0
waras putus stop judul narkebong heart,0
terus,0
lama curiga kalau judi prostitusi narkoba backing aparat perintah judi prostitusi narkoba susah berantas indonesia diri masing2 pilih mau tipu judi online hindar tipu bandar judi,0
sikat pak presiden orang bang,0
buat yg kmren bilang indonesia baik baik harus liat mesti mikir walaupun gk punya otak,0
big respect thumbsup,0
seakan2 dibiarin iklan massive ig sama tv sampai bahaya judol,0
kurang tepat istilah rubah orang besar jahat besar bajing besar lebih tepat sesuai konteks admin,0
semangat blush blush blush blush,0
si katak kunci tau orang lindung judol,0
lu bakal incer buzzerp projo bang joy joy,0
sikat habis,0
sekarang pasrah bosan bosan saling ingat orang dekat dampak bahaya judi online ingat diri masing masing paling penting edukasi bahaya judi online masif,0
resiko besar sekali bapak satu gentar salut yg punya power gabung sama,0
hilanggggggggg,0
tp gmn supply hilang kurang kalo demandnya turun nah gmn cara turun demand knp org indonesia yg kata agama ber pancasila tp jd main judi online banyak no dunia,0
judol memang benar2 rusak banyak orang2 sekitar hancur karna judol,0
respect bang ferry thanks for your concern pray,0
tebak sih peran oknum perintah jadi baking bandar bandar gak kaget sih,0
woilah iklan video judi online sob,0
kalau zaman dulu baik akhlak manusia salah satu turun agama zaman sekarang gak se powerfull agama tool rang jahat maju teknologi tahu salah satu ny neurologis mungkin buat pola pikir manusia ubah,0
dana e wallet nya joedol,0
aku tau libat gimana tau jahat gak ngomong lindung lihat hukum,0
waras lu bang heart,0
telegram banyak yg promosi,0
alhamdulillah udah tahun lebih renti judi memang benar salah satu ruang lingkup yg buat do ain moga ikhtiar mulai nya moga bg ferry selalu lindung allah swt aamin,0
dukung ayooo semua fight,0
jangan biar mafia judol narkoba legal diindo bahaya kya kartel meksiko speak up dikit bakal culik digore,0
kalau embel atas close the door tak akaan sentuh semangat selalu pray,0
panjang umur juang keren lu bang gak sangka bang ferry ulas bahkan berani sebut inisial nyali lu lebih dr jabat yg kapan hari udh sebut inisial kemudian tarik ucap,0
pantes jebol data negara fufufafa aman aman aja joy,0
klo bilang mudah kok dengar nya lucu ga mudah pak cuma teori aj coba aj praktekin apa bs ahahah,0
salut juang abang bantu doa bang moga bang ferry keluarga selalu beri mudah sehat selamat amin allah,0
inisial t tomy suharto,0
lini mulai anak kecil candu gadget orang tua hobi slot wanita candu tiktok bangsa sedang arah gelap lindung keluarga,0
si budi tangkap kpn masyarakat udh bingung blm tangkap,0
rugi 900t darimana jelas,0
orang kaya taruh judol banyak yg kaya jadi beking judol influencer judol bos judol jadi guoblok dungu banget kalau orang yg taruh judol kaya kalian tdk menang hahahaaa,0
menkominfo selalu penuh surprise,0
allah lindung lah bang ferry irwandi serta keluarga nyaaa,0
kalo yg begini kagak hukum mati fix hukum negara sangat parah,0
moga allah lindung bapak ferry keluarga,0
dana politik,0
orang tua ku candu judi online mulai skrng udah habis semua rumah habis jual rumah tangga orang tua gak harmonis dlu harap gak orang rasa apa rasa,0
mesin cuci raksasa bandar,0
allah mohon lindung,0
panjang umur bang ferrry panjang umur juang,0
mantaaap thumbsup,0
kaca indodax pernah hack salah satu pegawai sengaja menirima lowong kerja scam ane curiga data ri bobol gara banyak pegawai kerja pegawai judol,0
mustahil orang tri gak tau anggota main mungkin makek jurus ala mulyono ndak tau awowkoakwok,0
orang kecil langsung ditangkep artis terang terang promosi judi online pura pura buta,0
bang bahas ttg lpdp dong yg bijak baru silah awardeenya yg kuliah ln dibayarin uang rakyat pulang kontribusi negara,0
ayo bang ajak deddy corbuzer berantas judol kalo bantu deddy lebih kuat,0
yg kroco macam sadbor gmpng bet ketangkep si biji katak udah gk tangkep kasi kabur pulak,0
gue doa moga lu istikomah dlm juang jalan benar jauh segala mara bahaya orang orang zholim,0
inisial t lupa sang kendali judi online indonesia,0
lawan jatuh,0
allah hamba mohon lindung bang ferry iswandi keluarga sungguh tiada daya kuat apa wujud izin aamiin allahuma aamiin,0
heart heart heart,0
gw bingung sama judi online rugi negara 900t,0
bang gw ikut kalo ketemu katak bizer gw mau berantas judi online bajing desktruktif lingkung,0
benar bandar sesuai desas desus beberapa waktu lalu inisial t joy joy joy,0
yakin percaya benar petinggi petinggi instansi kait tahu kena judol wwhyyyyyyyy,0
muke gile sih kalo arie budi ngga tau palagi judol ain ruang kantor gedung mendigi joy joy joy trus si projo lg ngebelain tuan yg bilang udh blokir 3jt pinjol wkwkwwwkkk pikir ahli it independen oon apa joy joy cuma projo yg pinter gitu lah tuh hape gue kalo liat internet tuh iklan nya banyak bgt pinjol joy joy joy projo mau ngibulin rakyat joy joy joy,0
sehat sehat bung ferry rakyat biasa dukung penuh berantas oknum mafia judol,0
banyak orang suara lantang cegah bungkam paksa,0
bang mati satet bang sweat smile,0
ini kaki tangan mafia mafia judi online,0
deduktif indonesia judi online kok ga,0
wd,0
lanjuttkan bang dukung,0
al apa,0
semangat banh tada,0
gw ga takut mati gw cuma gamau mati sia sia aja sih what a powerful line bruhh,0
mantap bg feri dukung,0
kapan bidu arie periksa,0
uang judol mungkin masuk partai,0
usut presiden gak mungkin jokowi gak tau anggota spt tu berani gak kira2 prabowo meutiya hafid bongkar kasus keakar2nya gak kasus citra belaka,0
jelas klu gak ordal mn jel tp liat yg tangkap konco nya doank oknum jabat oknum tegak mordl akhlak sdh rusak,0
kalah ratus juta bahkan m bagi besar mereka2 kalian yg miskin sama judol mana suar gerak,0
tenang jangan khawatir bang budi ari jamin aman selamat,0
baru nonton sekali langsung subs maju terus bang doa sama elo,0
salah satu orang keren yg indonesia punya lo doang bang hand boom,0
projo hama sweat smile,0
lama lama kamu tan malaka bg cuma beda cover aja,0
lanjut trus lawan judol,0
emg bakal ngaco sih kalo yg harus mindsetnya layan publik malah mau cari untung jdnya fraud menyalahgunakan resource cm mikir gmn cara cari untung kalo soal izin ngebiyong terus joy,0
masyaallah tabarakallah mantap selalu backup info2 data2 yg oleh bang moga selalu lindung allah subhanahu wa ta ala,0
sama bang gw jg punya masalah personal sm judol bkn karana keluarga org yg gw kenal habis2an gara2 judol tp hampir tiap bln server hosting gw selalu dpt serang judol yg tiba2 new ownership domain gw lah yg tiba2 folder asing pas gw akses landingpagenya mamib t kan ta gw yg ngurus gw yg bayar domain vps yg enak ngeshell buat bkn halaman judol sampe sempet gw cari tau yg ngerjain dpt email gw maki2 kebon binatang tuh org heran gw udh ulang2 report kominfo gk sm sekali tanggap dah lahh,0
p,0
lahh legacy korban judol nyata,0
sekali pinjol bung ferry berantas,0
info lengkap channel pace komputer,0
jhonny g plate nyata ganti mungkin jauh lebih busuk,0
hajarr semua libat,0
percaya ngga orang nonton video bapak sekarang banyak main judol mudah mudah gertak hati nya sama pak ferry,0
gua punya teman dulu rumah biasa aja sejak tahun tiba2 aja renovasi rumah beli ruko buat buka cafe hitung bulan beli ruko buset mobil aja bulan depan nambah kek aneh aja rumah ruko mobil nambahnya cepat banget waktu singkat beberapa orang komplek rumah akrab orangtua teman gua pernah ngatain kalo keluarga ruko nya memang ngebuka situs judi ntah offline online,0
bang makin kesini iklan judi makin personal sekarang sih medsos emg udh jarang liat iklan judol skarang malah langsung nge chat orang orang lewat wa bahkan pake hook assalamualaikum kak,0
bang yg tumbnail siapa siii prasaan kenal dewa zeuz nya bukan siii,0
kalau hukum cuma penjara mungkin gak takut terus laku,0
sikat habis judol ga usah takut sama siapa bang muscle,0
keren ketua kominfo dapet harga mulu wkwk,0
orang bener jahat kiri kanan gaji perintah sama gaji bandar judol langkah apa yg laku sekarang orang yg candu sama judol susah d kasih tau malah pamer wd,0
sengaja giring pikir kalo beking nya kominfo lupa beking benar siapa salah arah sadar jangan ikutin kata2 media,0
maaf mau tanya lama judol indonesia kemkominfo guna ga,0
kemarin sebut inisial t kendali judol tanah air,0
kok ngga trending jam 200k tayang padahal,0
bang fery bahas iphone yg ga mau inves indo akhir nya blokir,0
bang bahas rades yg rame jawa tengah sus pati blora yg jadi jual beli jabat isi perangkat desa kalau tingkat desa aja jual beli jabat biar lantas gimana nasib dana desa depan yg semua orang tau bahawa dana desa besar speak up bang,0
konten gak didik berangus lah resah,0
mereka manusia2 sok suci benar nya sangat kotor,0
logika sederhana tau ujung nya yg rubah hasil pilih kemarin,0
nunggu content lanjut riset didik,0
raymondchins,0
sahabat punya usaha cetak omset hari 10jt hari hancur karna judol expressionless,0
hadir jadi saksi,0
terimakasih bang efforts nya bikin video biar masyarakat indonesia melek sadar semangat bikin konten thumbsup,0
main judol sdm rendah,0
menteri sebelumnga yg udah jelas tetep harga otak ku makin putar hubunganya ato ga semua,0
sya penasaran inisial al coba cari nama inisial al sesuai klue bang ferry nemu,0
smoga yg nikmat uang skema ponzi kena azab kena kanker alami buta,0
sejarah tulis menang entah sejarah yg benar yg buat seolah2 benar,0
jadi inget yg speakup terus gk jadi minta maaf,0
gw dukung elu bang moga orang bodo yg main judol buka pikir biar ga jd orang bodo,0
berantas malah jadi lindung emang yg baru grinning,0
al anjing lunak,0
yakin budi ari oknum polisi libat,0
respect sama bang kerren heart tetap semangat cerdas generasi yg memang mau ubah rusa zaman,0
satu lg bro bongkar pinjol,0
bingung gua yg jadi menteri gatau malu dimana2 kalo anak buah nya salah yg tangkap pimpin langsung kan pimpin tuju ada biar sampe2 judol masuk bebas bahkan sekalipun iklan,0
skema ponzi biar ama indonesia pantes gk tanggap ama menkoinfo cari duit ilegal member fb gk hapus member instagram teteap ih rseh bgt sih,0
panjang umur sehat sehat bangg,0
orang projo pro judi online joy joy joy budi ari orang jadi menteri balas budi lucu nya negeri joy joy joy,0
sehat selalu bang ferry mohon selalu hati hati laku jalan utama kalau naik pesawat jangan mau ajak nongkrong sama pilot sok akrab kalo mirip pollycarpus,0
terus juang benar bang gak smua orang spek up tidak nya aspirasi kt sampai lewat influencer kyk lw gni keepfighting punch sweat smile,0
bismillah moga allah selalu jaga mas ferry palms up together muscle,0
tipu dana lari judol cuci uang lari judol tadah kedok judol,0
panutan projo sayang mulyono keluarga,0
ndak bayang anda bang ferry bs gabung team bocor alus tempo kerennnn,0
usaha doa kerja kerja jgan nyinyir orang nyinyir seret cuan tukang obat nyinyir ngoceh terus biar obat nya laku,0
maju terus bang ferri sy salah dukung bang ferri kurang bahkan berantas semua aktifitas judi online utama tangkap lindung bandar judol indonesia semua dukung orang instansi jabat berantas judol mereka2 punya mampu apa berantas judol pikir nasib masyarakat hidup derita jerat judol moga tuhan selalu lindung bang ferri semua pihak berantas judol aamiin,0
nahi munkar terus juang allah tempat lindung aamiin 3x yra,0
inisial al siapa terus dukung bang maju terus,0
nyala abang gua gak takut mati gua takut mati sia sia,0
moga allaah selalu lindung ferry irwandi,0
tuhan kati keluarga tim mu bro pray,0
mantap bang bomb bomb bomb,0
duh,0
pantesan menkoinfo lindung pantas banyak fb soal uang lindung soal judolndan isi fb isi soal uang ponzi is jahat jahat utk lindung isi member fb,0
wajib trending moga selalu lindung allah swt orang baik,0
yg berani usik berantas pinjol apa pinjol siapa yg lindung bisnis pinjol sudh lihat dgn mata kepala sendiri hancur hidup pinjol knpa kominfo gk bs tuntas blokir pinjol knpa ojk msih menerbitkn izin pinjol pinjol sama dengn narkoba,0
kau buat orang jambi bangga,0
kembali pribadi masing masing orang baik laksana buruk tingalin perbaikin,0
gw sama skeptis nya bang sama lu semua gaduh yg jadi skrg cuma lihat bagus muka kaya nya cuma mau ngsh tau kabar skrg kalian punya bos baru dgn norek kantor kresek lebih besar ahahahahaha will see bang klo analisa gw bener lu naikin nama gw yah hahahhaha kidingngab joy blush blush blush,0
berani luar biasa moga bukan kisah gol d roger kisah luffy sang nika hehehe,0
negara rugi triliun tahun lah negara aja gak ngasih apa apa warga kok rugi joy joy kalau mau ngurangin main judo negara kenain ppn pas judi top up abis kenain lg pas mau wd jamin kurang tuh penjudol negara dapet untung main nah kalau bandar kasih pajak dapat negara untung negara negara untung bandar untung main buntung joy joy joy,0
sikatt semua,0
lama berfikir bodoh nyata jahat licik tuhan lindung negeri,0
bongkar tak bongkar imbang prediksi,0
aku pernah nonton konten kreator asal indo kecamboja cari tahu ttg judol lwt krywn judol sndri bnyk kok org besar asal indo tanam saham judol masuk artis bsr entah egk thu spa mrka,0
moga masyarakat sipil beri akses blokir situs judol mandiri,0
salah satu sosok figur kritis sehat sehat bang ferry,0
berani rana benar kata pas bang ferry sekarang semangat terus bang thumbsup,0
katak bizer kontl fakkk,0
butuh sosok ferry irwandi lebih banyak lanjut,0
gw punya teori sih kalo salah satu saudara mantan tri cuman teori doang jadi mungkin salah,0
orang langka museum kan aza lur,0
kafan solusi kalau bincang bincang mati sweat smile,0
https youtu be iou71ncizwe si oiiepn8p5j5m55ne,0
terimakasih bang sama lawan judol siapa backing nya,0
judul wah barangkali akut tu parah mungkin dana nya dah kayak aer x,0
situs situs juta bulan 5x1000 5milyar bulan tahun 102milyar tahun 510milyar wow angka fantastis,0
gasss terus bang biar ungkap smua,0
gue dukung pemberarantasan judi online,0
rakyat kecil mah penjara artis malah jadi duta double standard ajig,0
kalo desa gue yg promosi malah kepala desa nya langsung,0
stopjudol,0
bang ferry istilah keren nya tuh extreme prejudice,0
om gua hancur hidup gara2 judol sekarang kabur entah ninggalin utang ratus juta yg tanggung nenek gua beliau berkali2 curhat mama gua ken tinggal gakuat mikirin anak hilang utang ratus juta padahal belum om gua anak satu satu hasil dikuliahin sama nenek gua lulus kuliah masuk usaha tambang jabat hidup aman tentram bahkan beli mobil usia cukup muda semenjak kenal judol om gua jadi kesandung masalah suap usaha nya mintain uang orang orang mau masuk usaha tau pecat akhir om gua ngutang teman teman udah candu nominal lumayan bas puluh juta sekarang om gua kabur bawa sertifikat rumah tanah tanah nenek gua se gila se brengsek buat seluruh pihak libat judol bakal jadi salah satu orang saksi akhirat betapa bajing kalian semua renggut banyak hidup orang dunia,0
jadi tanya dajjal apa jadi suatu hari semua mati pernah hasil tuju mati suatu hari tuhan satu allah tuhan semua dunia simak muhammadqasimdreams tada,0
siapa tu al,0
bang bahas dong streeming mobile legends banyak tuh danau judol,0
apa yg harap menteri titip,0
indonesia mayoritas muslim banyak yg jebak cry,0
lagi udah bener main sketsa jdi bapak ojan malah jadi menteri,0
ruang diskusi siapa al,0
narkoba bahas dong harus rakyat hrs satu bangkit ttg jodol narkoba koruptor yg buat rakyat sengsara ayo bangkit lawan,0
al siapa anjir bangsatt emang usak nkri,0
orang pintar asal omong doang abang ngomong gitu krn tahu lawan oknum dinas taruh nyawa but moga abang selalu lindung allah swt serta orang2 yg gerak baik aamiin,0
dukung terusss,0
gpp bang dukung jalan hebat mati tak sia2 karna banyak amal,0
apa lu harap menang atas derita orang suatu waktu lu aja jadi derita bawah menang orang judol judi segala bentuk lain dibumihanguskansaja,0
jozz,0
orang besar ma gk bakal tangkap,0
sikat streamer yg promo judol,0
bang fery baik memang thumbsup,0
keren lu bang bangsa butuh orang seperti sehat selalu bang panjang umur fist,0
tangkap jeblos gaada orang berpower enak jidat hidup nya aman aman aja padahal kotor,0
gas,0
jangan bilang orang besar lah bilang aja orang brengsek blush,0
gue takut mati gue cuma gak mau mati sia sia clap,0
sehat sehat selalu bang ferry keluarga heart terus lawan judol pinjol fire,0
kalau bro mati hilang semua tau siapa laku skull,0
tuju bang gw ngerasain dampak si katak hancur hati gw anak gw minta dibeliin wapak wapak ken sakti kaya katak gw ikut dah klo mau ributin katak kerdil mental anak anak,0
judol assuuu,0
lawan fire,0
tingkat nasional benar tri pihak kait tdk libat judol,0
nyala abang fire fire fire,0
ten years too late,0
budie ketar tir blush,0
hai orang orang iman sungguh minum khamar judi korban berhala undi nasib panah najis masuk buat syaitan jauh buat buat kamu dapat untung maidah,0
lanjut juang bang orang baik kritis cerdas memang musuh utama oligarki mayoritas rakyat sadar oligarki mati,0
judol rugi uang negara,0
bang doa sama,0
siap bantu berantas judol laknat,0
projo lindung ketua mati mati,0
perintah larang judi onlen kaya larang minum2 keras produksi terus jalan sama aja boong,0
tambah bang lawan judi online edukasi masyarakat,0
serasa dengar profesor money heist tada,0
video bang iklan judol bang gin nih bang youtube aja iklan nya judol,0
ngeri misal bandar judol ama pinjol orang sama jadi korban pinjol maen judol maen judol harap lunas pinjol,0
ironis menkominfo skrng jadi menteri koperasi notabene too much korup bidang koperasi,0
terima kasih bang salah satu korban dampak judi online suami candu judi online hutang mana sedih rumah tagih bagai debt collector suami harap menang buat gantiin yg ilang makin puruk anak anak sempat pikir bunuh diri bareng anak anak tp alhamdulillah lihat mata langsung sadar orang kl candu judo online udah kayak setan kasih tau udah kayak gak punya telinga makin sensitif kl ajak ngobrol bawa marah terus terus lawan judi online bang,0
bang bahas oknum kerja migran dikamboja filipinaa kata kerja admin judoll,0
tahun gw haters lu bang izin join the endless battle blush blush,0
podcast kaeang bilang kalo ga salah ken ngebuat pulau isi buat judi offline krna dngn kurang guna judi online kalo ga salah lngsung nnton aja podcastnya kaesang biar lebih jelas soal gua nnton dah lama jadi rada rada lupa kurang jelas judul durasi pendek performa maksimal,0
versi reelsnya bg mau share,0
gak kata kata berani cerdas bang ferry emang manusia luar biasa butuh indonesia,0
moga bang fery selalu sehat selalu lindung allah swt,0
kan usaha dulu pernah sebut si t sampe sekarang aman2 tuh sweat smile sweat smile,0
bisnis judi bisnis paling tua dunia sulit berantas tp minimal batas ruang gerak sweat smile,0
moga keluarga jauh judol giat unfaedah laennya,0
budi ari projo antek jokowi ga heran sama klakuanya mana jilat yg jujurr projo proo judi onlen,0
al siapa spill dong,0
budi arie emang sikat sih blush,0
orang kominfo lindung situs judi online open mouth moga pak prabowo tegas berantas judi online,0
lanjut mas fire saluting face,0
ig banyak akun yg primo judi,0
come on bro suara terus gw bantu doa ingat orang2 dekat gw tym bro ferry,0
al ahmad luthfi,0
juang sama,0
masyaallah moga allah mudah urus mas ferry aamiin,0
bang lu udah mati bom,0
siap jd cepu bang fire fire fire fire,0
keren bener chanel,0
jawab pasti seluruh rakyat fihak mang penting alir dana judi online alir ongkos menang pilpres,0
suara terus bung ferry,0
buuddd aman budd joy joy,0
judol tipu bukan judi,0
jelas inisial t ga yg berani prabowo ga berani,0
amal jariyah bang heart,0
akun meme instagram banyak yg promosi judol,0
nyala bang fery fire,0
prof salute,0
tutup mungkin budi libat projo pro judi online,0
gas om fer,0
bang lebih keren kalo abang bicara mafia pajak,0
ngebantu gak sih kalo yg iklan judol d sosmed ngtag sosmed bareskrim,0
ba ga curiga bang menteri lo,0
orang kalo udah candu judol sampe rela maling motor maling duit segitu parah judol,0
putra baik indonesia,0
semangat bro kalo mau bikin gera organisasi gw mau daftar bro,0
inget teman2 inisial al,0
b j udi tewwtt menjajikan kemenangaaan,0
woww,0
indo yg illegal eks jelas bukan rahasia umum klu backingan kuat moga pres prabowo buta mulyono,0
gila beneran ngandelin ferry ketimbang perintah buat ngatasin judi nih wkwkw sehat selalu bang fer keluarga panjang umur lawan,0
temen smp gue yg punya mobil tau tau maksa minjrm duit gue nyata jujur ngmg gue mobil nya jual buat maen judi,0
mulyono lindung menteri belum,0
mustahil perintah tau posisi agen judol indonesia sweat smile,0
tanya baru sekarang gerak skara besar,0
kuasa anggap rakyat bodoh,0
orang besar budie arie,0
rispek bg berani bgt mntap fire wajar sih lu resign peenes,0
bkn uang perintah cuman istri tdk kasih uang gaji hbs pakek judi bahkn msh curi uang istri,0
nya ajar gear 4th ga si bg,0
sungguh muak jabat jahat wajar kalo dapat mati keri pajabat rusak anak bangsa,0
kayak gin tranding,0
yogya nyimak,0
keren lu bang tada,0
suara benar,0
judol pinjol olshop wajib kelola perintah segera tindak efek sangat rugi masyarakat bismillah allah sama orang2 baik allah maha baik,0
judul bandar brantas habis,0
bang bahas joget sadbor yg minta gift2 tiktok yg kata rusak mental masyarakat jadi mental emis,0
gw tanya tanya hidup bakup yg kuat gimana tenang,0
kerrreeeen lu bro gw dukung brooo thumbsup thumbsup thumbsup,0
gilir orang yg udah kenal dapet sempat ke2 nafas lega santai aja orng yg bukan siapa siapa kayak sadbor ga perlu jam udah masuk penjara najis,0
satu kolam perintah aman kalau luar penerintahan cari2 salah,0
tangkap yahudi,0
mantaaapp abang,0
menteri baru tampar muka pak prabowo baik nonaktipkan dulu pak president lagi ga jasa projo buat pak prabowo ga wajib pak presidet buat angkat menteri projo biar projo pengsiun pak president joko widodo,0
memang berani bang sayang indonesia harga orang berani jujur banyak kuasa rakyat bodoh mental sungguh sungguh sangat sangat sakit damage judi,0
jangan t takut brantas mafia judol pinjol akun sebar informatika palsu berita betita palsu loker loker palsu internet tri komdigi era jokowi staff bantu bantu menteri kominfo arie budi audit mereka tau beri permit akses bantu bantu menteri kominfo ayo jangan takut ragu tegak benar adil negara judol pinjol tambah beban kesusahaan masyarakat rakyat indonesia salam masyarakat rakyat seluruh indonesia satu padu mcmcmcmcmc salam pray,0
udah bodo gue jadi negara hukum udah sama sekali gk adil minggir lu miskin influen promosiin judol gak tangkap contoh charlie st dewi persik onad influen kenal gilir sadbor sekali promosiin langsung tangkap hukum bener tajam bawah,0
kapolri baru gerak perintah yg baru,0
alhamdulillah msh orang pintar yg peduli moga allah meridhoi juang bp aamiin,0
bang bahas dong judi online luar negeri legal sepak bola inggris sponsor judi online,0
pantes dlu belanda kuasa banyak wilayah indonesia jangka waktu yg lama salah satu penghianat bangsa danselalu tiap generasi generasi,0
heart heart heart heart heart,0
sungguh miris pimpin orang jujur buang kpk sekarang mandul semenjak kokowi rubah atur,0
masyaalloh tabarakallah allah mudah lancar jalan ferry kawan kawan utk hambat gera laku jahat judol skeptis judol hapus krn rakyat indonesia pintar2 tipu kuasa makin haus kuasa,0
negriku ngeri martir sejarah martirmahasiswa trisakti jd gerbang ubah harus thinking,0
beda laku sadbor orang biasa infuencer kenal yg mungkin punya beking,0
pantesan aja data bobol tetep santai santai aja nyata emang ga malu karna tutup duit korupsi,0
a l,0
prabowo kemarin dadak ketemu jokowi minta ijin tangkap budi arie,0
masa budi arie ngga tau,0
ga nonton bokep joy,0
sehat sehat bang ferry,0
turut harus yg salah bukan sepenuh pihak judol sih emang rakyat aja yg literasinya kurang iq nya jongkok fakta judol luar negeri banyak tp user nya banyak indonesia ga perlu repot2 nutup judol tinggal baik aja pola pikir orang indonya dgn gimana cara krn mau ribu situs tutup yg anak pinak puluh ribu hiperbola tp emg gitu pribahasanya kalau pola pikir orang indonesiany yg benah ningkatin literasi baru dah beres,0
semangat,0
merinding buih laut banyak tak guna muslim indonesia cinta,0
al siapa yaaaa,0
lagi apa sih yg dipikirin orang ikut judol salah sendiri gblk,0
kalo pikir kelas atas menteri presiden ga mungkin ga tau masalah negara org punya bin paling dibiarin doang,0
valas online masuk judol pake,0
mohon maaf sih ni kalau yg salah pak jokowi tp disclaimer dl bukan pro jokowi pihak yg cuma kalau pandang aku sih oknum yg lebih powerfull yg megang kendali besar yg orang jokowi ikutin mau oknum tp kayak jokowi udah kasih informasi pak prabowo tinggal ikutin apa pak prabowo lebih sepowerfull dr oknum tsb,0
kawal sama bang fery indonesia lebih baik,0
mana mungkin presiden belum gak tahu uang alir projo,0
gw sama lo bang,0
ijin tanya gk bang artis streamer game udah tangkap masa cuman sadbor yg tangkap apa hukum tajam nya rakyat kecil aja yah sadbor orang tani yg sulit ekonomi banding balik artis streamer game yg promosi judol,0
sibotak emang lihat muka aja udah muak duluan heran kok pilih jadi tri,0
tri tua tolol jalur gift away,0
memang orang2 negeri gak peduli hancur nya negri judol pinjol narkobah korupsi sehat2bangferry salamansalamunsalam,0
yg menyababkan data bobol hacker apa jangan2 data2 emang jual orang luar,0
sehat selalu mas moga lancar juang,0
hati2 bang jadi incar bunuh bang,0
tingal nunggu pinjol ni siapa dalang legal kana rentet miskin mulai judol lalu pinjol,0
lu mirirp ama per money hest professor,0
judi dlm islam haram fakta main mayoritas muslim lindung nya jg muslim cuma bandar yg non jd tau kan knp muslim selalu miskin,0
do a semua orang baik indonesia sama mu bang fight terus,0
seperti pihak dri isilop libat,0
heart heart keren channelnya,0
jd salama singakatan pr jo pro judi online joy,0
miris sejarah negara pernah pihak baik orang orang yg jujur berani sama bang ferry,0
sumpah aku tau inisial al siapa,0
ga tutup mungkin kalo totpol donatur judol liat aja org yg sering nongol sana siapa aja,0
rumor nya juta per situs,0
artis artis gede hajar bang,0
bayangin negara kollab sama bandar negara mana laku yak benar,0
netijen ri yg mampu paksa perintah hajar hukum mati kl perlu si bandar judol pinjol kedok besar tri,0
yg unik gera tolak judol kurang santer kurang serius teriak ormas agama besar malah netizen gerak mandiri lawan judol,0
dukung bang sekarang kalo iklan judol langsung report youtube fb dukung berantas judol,0
budi arie menteri projo is the best menteri yg buat indonesia maju please buat patung budi arie setinggi monas,0
bold statement awal akhir video bang ferry tau betul kali musuh bukan kacang tuhan sama bang,0
projo pro judi online,0
yg melindungin judi onlen hrs hukum mati umur hidup dg sidang,0
smgt bang fer sehat2 terus lu bang muscle thumbsup,0
channel kembang kga berapa besar mulai muncul ngajak affiliasi judol kali 5x and tolak tarik janji nya giur alhamdulillah pegang ideologi tampa afiliasi judol ttp kembang alhamdulillah thanks bang edukasi nya lama buat yt hibur,0
thumbsup thumbsup thumbsup thumbsup thumbsup,0
judi jodol tipu bukan judi,0
jadi era presiden belum masak tahun jabat kacau ni yg banyak terus kalian bela2 moga kalian sadar indonesia bukan personal presiden tpi pimpin pray,0
al open mouth kira siap y,0
moga tuhan lindung bang kau sedang lawan musuh kuat trilyun anies aja lawan trilyun bentuk bansos laba,0
bang ati2 tukang bakso n sate depan rumah,0
sambo bunuh brigadir j krn korban tdk mau mjd tempat simpan uang judol yg beking sambo,0
al siapa monggo netizen cari tahu,0
ganyang budi arie,0
tqngkap budi arie bangsat,0
siapa inisial al joy,0
damn ananta robota skull skull,0
sehat selalu bang heart,0
semangat pak muscle muscle muscle,0
md universe lebih keren rofl,0
persisi kaya film korea yg artis ma dong sesuk judul film round up no way out,0
gunawan sadbor kok tangkap gara iklan judol kok artis gk tangkap knp gt joy joy joy,0
antimage xinnn marsha luminare streamer mobile legend yg promosiin judi,0
lucu kemarin waktu rapat si budie arie mlah walk out g beres org emg,0
kurang dalem bang kurang seru,0
sampe bingung knp orang maen judol padahal benar tau klo udh d setting,0
bang ferry terima kasih beri juang acau dunia judi,0
budi arie anjinh,0
mantap juang benar juang masyarakat,0
jabat yg libat membekinggin judi onlen hrs hukum mati,0
al siapa yak wkwk,0
inisial al siapa gaes open mouth open mouth,0
nahhh diaaaa tada wordpress jari judi l,0
nama presiden indonesia belum jadi jelek gara budi ari budi ari belum ketua projo yg ketua projo sebut kasih kue sama beliau kan,0
podcastnya kanal youtube siapa bang,0
orang main judol gua kenal semua problematik sodara temen gua jadi korban judol miris,0
sehat2 bang presiden belalang,0
indo ladang paling subur buat bisnis begini pertama perintah gampang bgt sogok jadi masalah legalitas aman lah dua masyarakat mayoritas orang yg edukasi ntah formal informal jadi gampang diiming2i cepet kaya,0
tangkap cuma pion2nya raja ratu aman mau sampe kapan gak bakal beres kalo gaya berantas cuma ngincar pion doang mending dana operasional alokasi lebih manfaat,0
paansi si katak so jago beut lah 1vs1 menang manga nya lawan 1v1 real kecot wkwkwk aneh emang ni anak gw ga ngerti sama pola pikir,0
orang yg buat rusa negri hukum mati,0
menteri meski wanita pernah sandera tim teng nyali kuat,0
bahkan harta budi ari sekarang lebih banyak drpd jokowi what the fuck,0
pemimipin nya saling menguntugkan clap poop,0
hormat pada pahlawan,0
judol zaman mulyono bentuk projo programer judi online paham kan,0
streamer mlbb yg promo judol kemaren mana gada suara kapan ditangkepnya,0
thank you for what you do bang ferry,0
dukun sulap merah judol bang ferry mantap masuk program perintah indonesia,0
bantu komen biar tranding,0
barakallahufiykum,0
jujur benci banget judi online banyak orang sekitar kena keluarga hancur,0
who s al,0
kalau wowo lindung budi arti wowo dukung judol jendral mlempem kalau yg jadi,0
gassss,0
paling rem sih kartel narkoba sama bandar judi bisnis gelimang duit yg jumlah ga kira2 makanya libat banyak orang penting oknum aparat bayar beberapa puluh juta nyewa orang nekat buat ngilangin satu orang yg vokal bukan masalah makanya gw bilang rem takut semua utama bung ferry bukan dasar lindung orang2 teguh juang jalan benar aamiin,0
sedikit cerita orang pernah erti judi main judi kliah dlu banyak teman hilang kerja kliah judi online sekarang kawan dekat orang tua cerai lilit utang sana sani padahal dapat nya bagus miris emang,0
bang fery cerdas dgn berita yg fakta dn bangun baik nkri,0
aku alam insyallah depan udh gak kenal judi udh bulan gak nyentuh depo judi lg,0
fire fire fire,0
percaya perintah sekarang proses jadi perintah awal curang halal segala cara pantas perlu perbicangkan semua hanya tonton aja buat buat baik diri,0
sehat selalu bang ferry mana bawa makan minum sendiri bang,0
temenku main bg,0
gile,0
berantas judi sama prostitusi siap mati hadap aparat keparat lu semua nyesel fpi dibubarin perlu peran ruh tetap gemuruh diri punya akal sehat terus juang kawan,0
statement kapolri hari gerak dlm skala besar lha emang lama ente ngapain aja muak dgn jargon2 palsu mulut busuk penuh tipu kata copot,0
chanel positif isi orng positif gw sma lu bg,0
kalo uang yg putar judol lampau apbn baru perintah serius tingkat serius baru,0
negara mana bgsat,0
sang lindung fufufafa,0
spill inisial al gaes btw sebel bgt sama budi ari setiadi knp jadi menteri sih bgt,0
40th hidup bapak hancur judi imbas selaku salah satu anak jadi sangat benci nama judi bentuk apa,0
al a l,0
lanjutt bang orang baik yg perlu terus,0
kominfo judi online senang fana keluarga bencana sikap bijaksana hidup merana stopjudionline,0
nitip sendal bre ninggalin jejak,0
sangat inspirasi ijinkan dukung sentuh pinjol judol umur hidup,0
hahah budi budi,0
anggota dewan baru nyata influencer judol malah bilang gak tau judol bohong kau bohong,0
bener banget kata uda ferry gak mungkin giat se masif bypass besar jelas butuh lebih banyak konten uda koh raymond tipe anyway hari gue dapet free month gift membership siapa terima kasih orang baik,0
katak bhizer bocah lahir jual teori gosok alias gosok gosok omon omon heroik joy anak ingus jadi idolan anak sacetan akibat kurang dik orang tua gak punya nyali nyelesain mas sendiri cuman berani keroyokan joy,0
panjang umur baik,0
kalian familiar kata2 panas2 t i ayam,0
jadi prinsip keluarga sentuh judi online,0
pernah tracking situs judol pasang isp best target agen judi legal joy joy,0
appraised bang lanjut moga pak prabowo jajar bene2 harap banyak rakyat indonesia brantas judi online akar2nya,0
katak bizer cuma jongos harus berantas tuh orang2 yg beking bandar,0
salut gua bang insyaalloh jadi jihad mu bang,0
bang apa bener mulyono sengaja ngumpulin kasus2 yg biar gampang berantas periode,0
mau tau sepak terjang detil nya judol nonton film no more beat film aja duga gw paham gw judol sini memang lindung orang yg punya power sini nilai yg tawar nya angka nya triliun,0
semangat bang hadir dukung doa selalu,0
judi offline judof aja atur judol lah lah lah basmi sampe akar2 halus nya bg,0
asli gua kesel sama judol alami sama gua sendiri gua punya tm sama karyawan uang gaji beli mtr bahkan gonta ganti mtr second skrng kenal judol boro2 mtr hp kentang kouta aja ga punya hampir tiap hari minta hospot mulu guaa bukan henti malah trs aja main pernah 1hari menang 3jtan ga tahan minggu minta2 hostpot lg gua kesel bgt ajg ngmngin orng kek gin gmna caranyaa,0
hehehe tuju utama bukan duit uu legalisasi judi,0
siapa yg berantas judi online anggap pahlawan hidup,0
siapa al tunggu episode lanjut,0
bang terima kasih banyak,0
nama elu harum bung ferry bakal ceritain teman n kolega,0
al siapa sih,0
keri akibat judol negara hancur penghianat perintah lindung judol uang memang buat apa masuk menghianati negeri sendiri,0
projo biasa susah apa2in bang joy,0
berani benar abang maju terus bang insyaallah semua warga indonesia yg msh waras dukung,0
gw dukunglu bang,0
gw nungguin video sejak komdigi ngebuka smua gw doain ideologi pikir lu mati lama bang salut,0
judi online pinjam online benar benar resah masyarakat banyak korban gara gara aplikasi sebut,0
heart heart,0
dulu pernah goda sama judol orang pesimis duluan mana duit gampang usaha keras makanya hindar bisnis mlm kripto bahkan saham sekalipun walaupun saham ni cuan kan resiko gede guna prinsip kalau mau kaya jadi bandar sama mlm mau kaya jadi leadernya bisnis saham jadi broker,0
mantap sekali bang fery,0
mana judol berantas dewan aja asik ikut main kalau aparat mah dah lah apa sih jahat yg gak aparat,0
akun2 ig banyak yg promosi judol,0
terima kasih aku ikut juang aku tau gimana asa mu bang aku janji apa aku usaha ikut juang berantas judol,0
dayabeli masyarakat indonesia sekarang parah bro,0
i m listening,0
siapa inisiala al,0
gas terus komandann,0
allohuakbar allohuakbar allohuakbar allohuakbar allohuakbar allohuakbar allohuakbar allohuakbar allohuakbar allohuakbar allohuakbar allohuakbar allohuakbar allohuakbar allohuakbar allohuakbar allohuakbar allohuakbar allohuakbar allohuakbar allohuakbar allohuakbar allohuakbar allohuakbar allohuakbar allohuakbar allohuakbar allohuakbar allohuakbar allohuakbar allohuakbar allohuakbar allohuakbar allohuakbar allohuakbar allohuakbar allohuakbar allohuakbar allohuakbar allohuakbar allohuakbar allohuakbar allohuakbar allohuakbar allohuakbar allohuakbar allohuakbar allohuakbar allohuakbar allohuakbar allohuakbar allohuakbar allohuakbar allohuakbar allohuakbar allohuakbar allohuakbar allohuakbar allohuakbar allohuakbar allohuakbar allohuakbar allohuakbar allohuakbar allohuakbar allohuakbar allohuakbar allohuakbar allohuakbar allohuakbar allohuakbar allohuakbar allohuakbar allohuakbar allohuakbar allohuakbar allohuakbar allohuakbar allohuakbar allohuakbar allohuakbar allohuakbar allohuakbar allohuakbar allohuakbar allohuakbar allohuakbar allohuakbar allohuakbar allohuakbar allohuakbar allohuakbar allohuakbar allohuakbar allohuakbar,0
judol hny rusak org ttpi keluarga cthnya aq,0
berkat konten abang gw mulai gak cuek sama ada indonesia makasih bang,0
kalau santet benar benar gak usah nyantet loe bang suruh santet bandar judi online aja bang joy santet mati gak pp sih soal sdh bnyak org mati gara2 judi online,0
miskin budi arie,0
jangan ikan ruang orang yg hancur negara bantai orang yg rusak generasi bangsa,0
satu kata bner2 bajing tuh becking judol tp kalo udah kenyang kl makan barang ngak bener dimuntahin,0
sadbor cepet bner sweat smile yg streamer hidup tenang haha,0
budi arie jelas jelas libat jangan kelit projo pro judi online,0
kejarr teruus,0
iklan masuk video youtube atas izin milik channel mas acak akhir akhir nonton video apa bahkan yg tonton ratus awal buka selalu langsung iklan slot masuk film kartun favorit nah baru video mas gak iklan slot cuma akhir video masuk tuh iklan skip terimakasih atas jawab pray,0
semangat bang ferry baik terus menang semangat semangat,0
pro judi online singkat projo alias m3ntri pongak jilat istana konoha,0
rusak malah kasih harga bintang mahaputera pratama joy bapake diakritik buzzer gk terima joy,0
judi green fingers crossed sweat smile,0
gw yah lama masyarakat tagih ama judol gak berantas sana sini yg bikin judol merajarela bukan bandar main masyarakat sendiri percuma blokir sana sini tangkap bandar masyarakat tetap nyari sendiri yg atas busuk yg bawah busuk kalo mau berantas judol bawah dulu incar semua main ikan hukum berat bukan bandar lebih dulu bandar karna main kan percuma tangkap bandar main tetap tinggal pindah bandar selesai lanjut main semua bandar online tangkap yah tinggal pindah main judof jvdi offline karna apa masyarakat sendiri yg cari jvdi nah main berantas habis bandar renti sendiri mau bandarin apa,0
al agus lambai,0
kemaren pil ganjar mahfud visi misi nya yg jelas jdi pion pak mulyono periode coblos pak mulyono tp indonesia makin puruk rakyat makin miskin tani makin cekik koruptor yg raja rela tpi stlh tau kerja pak wowo jdi legowo meski tdk pilih pak wowo tpi taruh harap agara tegas sprti kalau pilih periode mungkin pilih pak wowo pray,0
salut sama aparat utama jaksa yg turun tangan eksekusi orang2 krn jauh langkah berantas seringkali sandung henti titik,0
bobrok egk sih nih negara udahan,0
rusak negara semua birokrasi perintah salah,0
bang malaka project undang mba nana dong,0
spill dong siapa al,0
jujur negeri banyak rusuh bagai jahat buat ekonomi rakyat kanjang puruk,0
dana wkwkk,0
terus juang bung ferry sampean orang mujahid sekira sampean mati juang lawan judol gue yakin kalo sampean mati syahid moga gusti allah senantiasa lindung sampean pls do keep the good work,0
dulu blokir situs2 porno judol gw sih langsung mikir wah mah celah cuan oknum kasih licin 1m aja deh per thn situs nya aman sangat goks jadi sweat smile,0
server judol kata luar negeri paling milik orang indonesia sendiri sweat smile,0
gw rakyat indonesia taruh harap besar pak prabowo presiden republik indonesia tegas berantas judol korupsi negara yakin pejabat2 jadi beking kata lindung bisnis haram sebut korupsi jamaah laku segala sektor baik perintah tega hukum berantas semua hukum berat berat nya pelaku2 sebut,0
miris kelas menteri jadi beking judol,0
tri selidik libat apa gak kok gak tau anak buah jadi libat kan aneh,0
pas gw klik video iklan yg keluar iklan slot youtube aja dikerjain fer grin grin grin,0
masuk akal klo jokowi tdk tau judi online mungkin jg dana alir pro jokowi,0
mafia kominfo,0
ungkap bang,0
tangkap denny cagur jadi contoh kalau publik figur yg besar jadi bintang iklan judi penjara bukan cuman yg kecil2,0
kudu gali sampe menkominfo budi arie tuhhh budi arie emang kudu periksa tp jangan stop sampe sana krn budi arie cm 10bulan jd kominfo trus menteri baru langsung nyapu2 ga mgk kalo segitunya bs nyapu punya berani luar biasa buat nyapu kudu harga orang2 yg tepi kotoran2 shg siap sapu nah budi arie masuk yg tepi kotoran2 gimana emang judi rusak keluarga bapak q sering ikut judi utama kl pny uang makanya aq lbh bahagia kl ga pny uang banyak kaya lbh bahagia,0
orang bodoh tebak judol nga atas yah jelas orang dlm yg lindung joy joy simpel,0
hajar terus bang efek judi online sangat rusak orang jadi banyak utang rusak saudara,0
youtuber yg paling beanfaat cerdas bangsa om rocky elu sangat pengaruh bg fer gw yakin yg sucrib bg ferry orgnya pintar2,0
penjahxt tangkap,0
maaf mas ferry out of topic are you your neck sekali minta maaf koment luar topic,0
bang katak gimana kabar,0
good job kang,0
kesan tahu lebih sas sus doyan menkominfo,0
keren bang tetap juang,0
yg hancurin indonesia korupsi narkoba judi online masuk pinjam online kemarin bukan dukung pak prabowo klo beliau serius berantas semua periode dukung,0
tumben mandi bang,0
urus bang urus sana laku bang joy,0
mampu doa moga tuhan maha esa senantiasa lindung orang2 juang jalan benar lawan kedzoliman aamiin,0
indonesia bth jigsaw khusus bt jabat korup,0
mantap bang keren boom,0
tan malaka abad call his name ferry irwandi,0
ericolim laporin,0
temenku bang rehat kuliah tahun buat jadi agen bandar judi online tahu akibat lambat molor kuliah,0
bang ferry gwe sama diri mu bang,0
samping rugi negara jatuh nilai ekonomi nrgara judi ondol sangat bahaya negara rakyat,0
judi gk hilang judi kontrol,0
gak cuma sedia layan guna tindak percuma blokir sana sini kalau butuh banyak muncul muncul yok bikin hukum buat penjudol blacklist aja ojk kurung tahun rugi keluarga,0
mantaaap dukung ungkap judi online,0
jadi salah satu menteri pak prabowo emg iya mundur hakim,0
kemaren budi arie ngapain aja,0
saran gw pake genset,0
may i assist you in any way,0
narkoba judol barang dagang paling sukses rusak negri,0
periksa budi arie,0
projo kumpul judi online thinking rofl rofl,0
pernah lapor situs judi online bulan lalu adu kominfo klo g salah sekarang blom tindak status lapor prioritas rendah ingat lapor judol cuma prioritas rendah,0
baru statement tegas perang buka thumbsup thumbsup thumbsup,0
pecat budi arie,0
sekarang juta pasang mata melek semua resah asa semua masalah orang orang bokar buat sakit kanker bangsa kalian hancur hancur akar akar siapa yg lindung nya hukum masyarakat sangat sangat pedih bendung,0
harapaan gw perintah baru smoga judol2 pd d eksekusi bukan sadbor tp artis2 yg indikasi sama akun2 socmed wm judolnya sikat2in dah,0
mungkin 10anak muda kata bung karno heart heart,0
waktu ferry irwandi ngomong suasana rapat menit asa nonton dokumenter sejarah take care bang semua ada sisi sama doa baik selamat kalian semua sedang perang lawan sistem besar judi online,0
jadi alir dana judol yg beckingi budi arie cs alir projo,0
sebut judi kapan orang sebut jatuh judi jelas baik benar,0
siap kapten mungkin se powerfull kapten terus usaha mampu suara,0
gokil heart,0
lindung judol lindung fuffa ransomware,0
bawah aja brani gitu x atas ngk tau joy,0
pause siapa si y promosiin judol tau akun nikitamirzanimawardi 17 chelsea veronnia y video bang ferry,0
republik butuh orang orang influencer yg ada jalan lurus kmu bang judol benar benar hancur masarakat tengah bawah iming iming menang palsu alias tipu tipu kedok judi sadbor cuma sangka kelas teri iti artis artis banyak jadi iklan situs situs judol jabat polisi rakus yg jadi beking mafia judol,0
orang juang adil benar orang diri belakang rakyat yg jadi korban bandit mafia kuasa perintah jokowi yg rusak demokrasi moral etika bangsa rezin jokowi rusak segala lini lembaga tinggi negara yg ujung nya penting pribadi kelompok mk bagi yg sadar ma jadi sarang mafia adil kominfo jadi sarang bajing rawan jokowi yg bina judol dng nilai transaksi ratus trilyun penting politik jokowi antek nya bumn sarang gerombol tikus bandit das yg bobrok moral etika pinjol judol virus sakit rakyat yg jadi bina perintah rawan projo mati kutu terbukak busuk aib bobrok buzzer kuasa yg ujung nya langkah politik jokowi rakyat yg kritis cerdas tagih janji politik prabowo membrantas korupsi berani prabowo tangkap jokowi antek nya istana yg jadi sarang bandit mafia hitam yg cengkeram negri rakyat yg jadi korban biadab kuasa yg rakus kuasa yg gelap mata hati buah keluarga dinasty yg bangun citra jokowi tak adab rakyat cepat lambat bangkit lawan puruk ekonomi politik yg sangat cengkeram hidup level kritis darurat pimpin yg jurdil negara dlm cengkeram rezim jokowi sangat beri dampak sengsara rakyat sekarang prabowo jadi waris bobrok perintah jokowi tampung sampah politik jokowi yg pro rakyat prabowo berani tangkap jokowi sekutu yg sebar bagai lini birokrasi yg aman cemar virus penghisap darah yg sangat mati langsung hidup bangsa negara,0
mantp bg,0
dukung bang,0
tiati stay terus rumah bang lu kalo keluar2 bahaya takut nyawa lu ancam karna banyak kasus nya rang judi online khek in hilang kabar,0
semangat anak muda kalian pahlawan tanda jasa terus semangat meng edukasi masyarakat keluar jerat judi online heart heart heart,0
berapa banyak orang hancur keluarga beranta judi online moga semua segera keluar judi online yg untung hasil kata uang instan,0
gilaaaa gilaaa,0
kena gak nih bang ketik slot gacor bang banyak channel youtube yg promiskan judi online lapor chat box komdigi aja gak lapor,0
mungkin cara main bandar oknum iklan situs bandar kerja cari kerja sama oknum situs tetap jalan situs judol iklan media kecil besar konten tempat promosi judol naik milik media tempat iklan judol tindak periksa cara jalan bandar oknum deteksi main bersih akan oknum nyata tegas tutup situs2 sebut berita periksa tindak fokus media tempat iklan judol segingga bandar oknum alih terteteksi,0
org bikin rugi negara triliun rupiah penghianat negara hukum mati ga tuh,0
ho a ho e joy joy joy joy joy,0
gw pernah jerumus judol trs gw sadar gw report webnya dlu kominfo tpi setlh lapor webnya g ilng mlh akun gw ban adminnya,0
salfok sama sound track awal nya money heist cema,0
hukum mati oknum jabat sampah,0
kan projo pro judi online joy,0
perwira angkat laut bunuh diri lantar kalah judol blush,0
bre lu sewa body guard lu beli jg tuh mobil pindad buat aman ngeri2 lawan mafia judi,0
siapa sosok al,0
ngebikin negara jadi defisit promosi judol masyarakat negara udah langgar tanggung jawab negara sobat semua utama perintah sana kerja jujur tanggung jawab dapat negara naik dapat negara naik otomatis gaji kalian ikut naik masalah korupsi kan orang orang udah tanggung jawab jadi korupsi lebih mudah berantas lah kurang lebih gitu gambar kalau semua orang sikap jujur integritas tanggung jawab,0
semangat terus dukung kangen jend polisi sutanto kapolri era sby berantas judi pelosok pelosok desa,0
hukum negri tebang pilih orang tentu hukum bukan dasar buat dasar darimana asal ukur ekonomi duduk jabat pengaruh padahal tahun lalu nabi muhammad saw beri teladan tunjuk hukum orang krna buat bukan karna duduk sabda wallahi law ana fatimaha binta muhamad saraqat laqata tu yadaha allah sekira fatimah binti muhammad curi sungguh aku sendiri potong tangan hr bukhari no muslim no,0
arti bjorka udh tau dulu open mouth,0
jelas mas fery beking segala kalau setor lancar jamin selamat kalau lancar habis,0
masadepan anak anak lebih baik,0
orang tua sy purnawiran tni sy kecil sangat larang segala bentuk main yg bau judi eh sy sekarang punya ipar tni jatuh miskin gali lobang tutup lobang anak istri derita gara gara tagih judol ironic,0
orang orang mulyono mah aman bang gak sentuh hukum joy joy joy joy catat bang catat joy joy joy joy,0
we always with you fire,0
website blokir ga bayar bulan kominfo,0
dewalive janda4d eks,0
barokallah bang fery panjang umur baik panjang umur juang semua makhluk kelak jadi saksi akhirat atas apa yg jadi,0
moga senantiasa beri sehat umur panjang orang yg juang benar masuk mas ferry aamiin,0
gasss bang,0
ibu terima kasih yaa bang ferry dedikasi dlm cerdas masyarakat pray pray moga tuhan selalu lindung keluarga moga panjang umur yaa bang kemudian hari lihat hasil panen dr kerja keras hari pray pray,0
influencer judol bandar nya layak hakim masa tewas begal,0
pak koreksi sayaa salah awal mula judi online jadi trending fomo masyarakat orang influencer komedian yg cerita alam judi online yg buat culture jadi populer tagline all in semesta,0
semangat terus bang judol memang resah aku mau share dikit zaman smp dulu sekitar pernah pertama kali main offline libur jepang selot memang seram efek penasaran nyandu nagihnya loh untung keluar main kena tegur sama jaga tempat gamenya efek samping tahun libur aku kangen alhasil cari play store game jenis selot bahagia banget sial untung aku keluar penasaran sama game rugi moga berantas kasta bawah kasta atas penasaran kalau kantor pragmatic play malta grebek,0
om ferry sungkem berani juang,0
gua mau ngomong siapa tau temen temen gua baca eh lu sadar napa nyet lu ngeluarin 100rb buat depo mending buat jajan tongkrong kalo emang tuju dama sama ngabisin duit sadar hei nyettttt judol gaada untung udah banyak ngebongkar judol lu aja main punya otak dipake heiiiiii kalo mau punya duit kerjaa bukan judol,0
ayok jangan diam aja temen temen rupa salah satu wujud aware cinta bangsa,0
mecret kamu dasar zionis pesek bangsat moga tangkap,0
judi online rusak otak hancur mental bangsa,0
konoha emang,0
pesan buat pak prabowo ambi nya apa yg laku presiden kim jong un tau presiden kim bukan orang baik ambil nya hancur apa rusak anak2 bangsa selamat kan lindung rakyat,0
skeptis apa perintah berantas judol dgn tangkap main besar nya masuk mantan menteri bukan kurcaci yg tangkap waktu yg mrnjawab,0
gas bang pikir kali gua kalo santet gua sedikit contra soal nya bukan ajang bukti orang yabg bener orang bya gak mau,0
mantap bang ferryirwandi moga tuhan selalu lindung segala aktivitas lawan batil,0
segala hormat panjang umur juang juang fist fist fist,0
assalamu alaikum bang gimana bang aman kan,0
si katak kabur blm ketangkep bang kabur akibat promosi judi online,0
tangkal sihir sedekah mempecayainya,0
good job,0
inisial al lvin im angkat laut,0
turnamen ml biar judol platform tiktok,0
gw takut lu kenapa2 bang gantiin lu buat speak up soal,0
stres gua bro dengar lebih gila gak,0
gw ga sengaja nemu video dewi persik promosiin judol gw sama temen gw gabut buka situs mantap2 moyai moyai,0
aku dm abang ferryirwandi,0
iklan yutup udah dimasukin judol ngab,0
habis bahas trading2 online bahaya bang isi lilin doang,0
kepala wajib tanggung jawab jabat posisi tri lg harus urat malu putus sweat smile,0
laku kecil misal ingat teman ttg bahaya bodoh main judol cap sok suci dasar nasehat laku judol sama nasehat onggok batu diri pihak sama ferry irwandi,0
kaya egois,0
salah satu konten cerdas py integritas tq ferry smg byk org cerah,0
tks bg jadi inspirasi buat materi khutbah jumat siang judol,0
berantas,0
lanjut bang juang apa yg lw bangsa negara pahlawa tampa tanda jasa thumbsup,0
al any clue,0
negara hancur semenjak sisontoloyo eks blush,0
semangat terus bang ferry terus juang abang moga allah selalu lindung abang pray,0
dikit banget siihhhh durasi,0
keren bang feri aku dukung muuu,0
trima kasih pak prabowo terjun jendral utk rang bandar ordal semua pihak masuk bang ferry pahlawan bangsa tanda jasa dunia pahala akherat,0
gimana perintah mau berantas judol sendiri sandera politik mulyono,0
teman hari habis hampir 1jt gara2 judi online susah diomongin,0
tetap semangat bang moga allah swt tuhan maha besar lindung abang amiin,0
tempat gw kerja orang orang maen judol walaupun udah gw kasi tau tipu tetep ga ngaruh otak udah cuci jadi tolol,0
narkoba jg sama jalan oknum2 aparat,0
sah kalau kira bilang mungkin dana bandar pakai dana kampanye,0
nama besar orang dpr bang gerak moga2 bisah tangkap,0
tonton filem no more bets diamonds black joker,0
liat bang ferry rambut yg rapih kaya gk biasa sweat smile,0
moga allah selalu lindung bang pray pray,0
go go go,0
uppp,0
harus tiap capres yg lalu wajib audit sumber dana kampanye,0
emang anyin tuh judol org live yt nunggu bukti santet ga eh malah admin slot gblk yg promosi,0
kalau memeng serius berantas judol gampang koq pasti tdk henti sampe coro2nya aja si budi mulyono yg angkat budi semua alir duit projo periksa sampe tuntas hukum mati bukti kasihan banyak rakyat indonesia yg derita krn biar judi online,0
salur whatsapp jadi sarang judol sekarang bang udah sebar mana dah,0
sorry berantas masyarakat nya judi mau satu miliar situs block selalu cara akses kalau judi tangkap seluruh bakal jamur terus,0
kamg ferry hidup sampean,0
teman bunuh diri judi online justinfo,0
al siapa ges,0
om ferry hidup kahh,0
moga aman duit alir hingga kampanye putra mahkota kemarin,0
wah gila bro berani banget salute,0
panjang umur masyarakat baru muscle,0
jangan harap banyak kpd perintah mungkin alir dana haram judol kpd dana kampanye pilpres lalu,0
setan aja guru bro ama oknum perintah joy joy,0
al arie ludi wkwkkw,0
ayo viralkan,0
ga tau asa gue kek judol udah raja lela banget mulai video pendek sosmed logo situs tambah tiap live streaming aja yg promosi situs semua strategi marketing bandar judol gait pasar indo,0
byk tuh jabat siram uang haram mulai gol mulyono tri tni polri kalau tdk mana uang menang pilpres d d kuasa tdk yg halang,0
gw hancur bang,0
fec online inves tipu mungkin hubunganya orang2,0
hal2 kriminal misal narkoba judol ujung2 ny malah instansi perintah yg peran joy joy joy joy ujung2 ny oknum joy joy joy joy joy joy,0
judi online tipu online setting kalah perlu modal banyak bikin server nyogok aparat ratus milyaran kasihan rakyat kecil begoin tambah miskin,0
keren intro style la casa de papel,0
bg laporin akun mpl indonesia mdl indonesia biar judol promosi kolom komentar restream final mpl philipina restream esl snapdragon malah yg blockir komen2 org yg kecam judol,0
waduuh siapa inisial al kasih kisi2,0
miris sih bang baru baca berita ngapain blokir wordpress coba pikir judol mau pake wordpress potensi didetect mudah moyai bener aja pikir orang2 masuk menteri pinter2 nyata,0
budi arie makan tak kenyang tidur tak lelap cry,0
yakin ba sangat tahu mantan anak buah bulan ganti atas bobrok lihat semua layak untk periksa,0
jangan takut bela rakyat bang blkng lo,0
semua orang suka uang w yakin semua main situ sweat smile,0
jgn2 tri nya libat thinking,0
w bang pmeriksan w sifat manusia emng arah yg larang mnding dr duit lari gk jelas kmn mnding legal sklian judol miras ganja eitss regulasi judol minimal depo 1jt an miras min 25thn ganja obat hnya rs dr judol 5rb an aja miras malah oplos bnyk yg mati ganja pasien yg butuh obt gk dpt,0
sama bang sy skeptis dgn pmarintahan skrang soal judol nyata banyak rekam artis2 yg promosi msih aman2 sj skrg malah situs judol yg sy prnah main tahun sampe sekarang msih tuh nama situs dewavegas joy joy joy,0
judol muncul gw ngrasa judi mancing judi sabung ayam judi kartu judi bola lebih keren dri judol sumpah smua ga keren orang yg main judi online bener2 orang bego tolol,0
teknologi aja ga paham jadi ngerti kan bahaya isi tri politis bukan profesional,0
moga allah selalu lindung bro,0
inisial t bilang tak sentuh tuh siapa min,0
nu tewak si sadbor weh naon geura tewak goblog baradag na teu apal eta polisi ato perintah laku na oknum saria keneh tangkurak anying benget siaaahhh,0
lu gw pahlawan bro heart heart heart,0
bahas bagi2 sembako dong bang,0
clap clap clap,0
budi ari kapan angkat jd tri judol sejak lama belum kan tri kominfo jhoni plate yg masuk penjara korupsi,0
gas bro ferry gw terus juang sewaktu2 lu gak,0
keren bangettt sumpah bang periiiiiiii person bowing male sign person bowing male sign,0
baru banget kemarin camat gw salah satu warga nya bundir karna judol rumah tangga ancur utang banyak pinjol kabur2 terus tau2 bundir siang bolong,0
biar kiamat tutup cerita dunia gak adil negri siapa presidenya,0
g semata2 bandar judi masyarakat parah gak suka main judi g laku tu judol,0
wkwk,0
sehat2 bang fer keluarga tetap diri lawan,0
orang bodoh yg main judi online ofline,0
ikan perliindungan sejahtera utk abang palms up together palms up together muscle muscle muscle ferryirwandi,0
angkat kepala peperangan panjang kawan,0
konten sok tauu,0
bang fer facebook banyak banget iklan judi online,0
lawan,0
fraksi dpr yg hubung dgn kominfo kemarin jg diem,0
terimakasih bang juang suara suara rakyat,0
emang bener tumpul atas padahal budi ari tau nama bandar judol adehhh polisi ga kuat joy joy joy joy joy,0
gw sih skeptis bang krn mrk yg libat dlm satu pusar utk saling mlindungi,0
bang judol jadi kartel gak jadi ngeri,0
republik butuh pahlawan fire,0
alhamdulillah ga pernah nyentuh tarik sama judol,0
jangan jangan data bocor bukan bocor jual buat judol asumsi tuduh,0
bahaya kali berani kau bang aku dukung mu,0
bang awal heroik rap api tonton akhir kok ngak isi tarik cerita awal,0
lindung tinggi si mulyono,0
iklan judol buanyak banget meta,0
gue pernah interview usaha it solutions pusat malaysia punya kantor indonesia ngasih test buat desain promosi judol kata sih buat salah satu klien sampe sekarang usaha aktif,0
keren luar biasa bung ferry,0
ko sekarang budi ari nya jadi tri koprasi,0
banyak muji fery justru gua lebih apresiasi presiden beliau juang tiada arti,0
semangatt bang ferry raised hands raised hands raised hands,0
semua arah nama kalian dukung nya kecewa tahu,0
ngga usah jauh jauh bahas judol semua sumber nya kamboja lama kominfo komdigi bom blokir server komboja tetap judol bandar ngumpul kamboja fakta anak anak muda sekarang banyak kok kamboja kerja jadi admin slot iming iming bonus besar bongkar komdigi baru bagi kecil bandar jaring besar nya bom tangkap,0
bangsat emang yg baking judi online,0
judi online bukan judi tipu kedok judi,0
izin daftar jadi pasu bang lawan judol,0
fire fire fire fire fire,0
ikuzo berangkat kawan kawan rang judi online,0
sehat selalu bang allah swt sama orang2 baik,0
sangat filosofis socrates plato,0
semangat juang champagne glass,0
dukung boss berantas judi online akar akar tanya mampu perintah laku,0
gw dgr alir uangny partai projo yg bentuk coba bang ferry telusur,0
hebat perintah mulyono judi online kembang pesat dg banyak korban rakyat nya yg makin sengsara,0
g semua tp rata2 orang y duduk atas dr lurah sampe pusat muka ky bang t,0
emang budi kntl,0
hukum tegas,0
ayo stop judi coeg biar putar ekonomi normal,0
khatak mang dasar tolol ngapain lo cari ga kabur emng lo yg kaborrr kaboor karna takut wkkkkk tololll tololl,0
gila sihh gilaa,0
respect bgt bang metal fire fire fire,0
sebentar serbu buzzer,0
apa kabar konsorium hukum tajam bawah tumpul atas laku kawan2,0
judi togel darat banyak bang lindung oknum,0
moga allah lindung bang ferry keluarga,0
baru ojo gigi sendiri cap plock cap plockan gigit gigit,0
bg ferry mirip banget profesor film money heist wajah otak sama sama cerdas,0
judol narkoba usak besar generasi bangsa laknat khianat bangsa oknum jabat negara memdukung praktik judol narkoba,0
pantau kawal terus juang bung ferry karna juang beliau bukan main main pasti tindak beliau ancam dapat bandar oknum perintah segala bagi nikmat hasil uang haram influencer giat judi kalau info bahaya beliau segera kabar beliau kalau beliau hasil berantas perjuadian online dampak sangat besar negara warna indonesia khusus anak cucu kelak terus majung bung ferry tetap semangat luar biasa,0
uangny alir aj telusuriiii,0
suka judi online sering lihat orang2 main judi online teman2 kali kali minjam duit judi online syukur orang tua guru ngajarin main judi masuk judi online baru kemarin diskusi sama bapak kena bahaya judi online diskusi ga asa tinggal keliling tetangga mayoritas main judi online miris sekali,0
semua malapetaka negara sumber raja jawa mulyono bin fir aun kuasa tahun daya hancur lebih senjata nuklir mulyono keluarga kroni2nya wajib seret adil jatuh hukum mati,0
mulyono ikut campur tanggan ngga kan si budiari sampe kasih harga,0
asli hasil rezim jokowi usak negara,0
blokir aja vpn ucap warga cinta vpn block dns ucap warga kasih dns block tenang banyak jalan tuju roma ucap warga bijaksana,0
palms up together,0
muscle,0
moga al segera ketangkep budi arie,0
maju terus bro,0
serius kominfo bubarin aja lah bukan ny jaga media2 ol segala bentuk digitalisasi negara malah jd beban entah dr kebijakan2 tolol ny yg udah lewat2 skrg yg tau gendong judi ol lembaga idiot emang ganyang aja lah ajg,0
beres,0
bandar masuk kabinet mau gimana sweat smile gila skr judi online udah download resmi play store sweat smile,0
panjang umur kamu deekk,0
kecewa bukan bahas ulti nol,0
daripda lindung tanggung aja legal biar yg untung negara hahaha jadi main judi online yg rungkad silah subsidi perintah uang hasil judi online yg dapat perintah hahahahaha kocak anjir gilir yg lindungin judi online beda gerbong baru tangkap joy joy joy joy joy,0
it s okay ferry insya allah allah lindung kamu keluarga aamiin tetap speak up benar,0
inisial sebut aja,0
ga ditagkp gembog judi budi ari siyapa yg percaya blom tindak kalu org miskin cepat bnget ditagkp knpa budi mas senag2 baru 2bulan dagkat kkyaany luar biyasa tagkp,0
al sp guys,0
tambah bang bukan judi online tipu online,0
jelas lihat sentuh,0
asli gw suka gaya lu bang gw gak takut mati gak mau mati sia sia sih cadas asli gentleman poooooollll opening nya gw banget gw rasa sangat serius kata laku peduli apa sedang jadi hiduporangbaik tada tada,0
itulo ketua projo pro judi onlai periksa,0
pegawai2 kominfo yg tangkap kan sebenernya cuma spt tukang kutip pasar2 kaget ambil fee spy ttp jual bandar judolnya sendiri sentuh berita yg tangkap cuma buat situs judol kecil2an influencer langgan judol,0
if something happens to him remember he didnt hate himself,0
negara sulit kembang banyak khianat dekat dg kuasa,0
bang artis besar yg seliwer tv benar dekat bandar bahkan chip in industri judol,0
data bobol kasus judol gue aja kalo ketemu orang mau bangettt gue siram taaai sumpah v face with symbols over mouth,0
profesorr,0
turut beliau salah satu contoh orang turut dapat promosi atas berfikir beliau dalang utama mungkin salah salah banyak orang2 mau main peran spt beliau,0
si budie ketar tir joy,0
knp negara legal sj trus diajakin gt bikin casino pachinko gt,0
semangat bangg,0
tahu beberapa orang bunuh diri krn judol pinjol duo kombo maut moga libat segera kuak adil kanker bangsa,0
heart heart mantap mas mslh judol pelihara utk bisnis sumber income bukti ibdikatornya sdh thn dipelihaya mlh alat dilengkali rugi besar negara nasib nkri salah urus menyedihkn joy joy,0
sehat sehat bang moga allah lindung bang fery keluarga tim mp,0
ayo penjara tunggu mu pak jangan kabur loooo wkwkwkwkw,0
konten yg bagus,0
banyak konten2 medsos bahkan konten tajuk religius promo judolnya cry cry cry,0
klo abang tau si al ga lgsg laporin aja bareskim polri jagung lgsg laporin aja acara abang lah,0
sikat kalau anak ayam banyak tangkap sekarang gilir induk ayam fitangkap maju terus bp prabowo ibu mutia hafid,0
invasi russia ukraina bisaa benar bahas video,0
gue sumpahin lo jadi presiden masa depan bang,0
budi ari siapa mulyono alias jokowi,0
gas terus bang heart,0
pro player mobile legend tanggepin dong masa sadbor doang g sebutin satu2 jonathann liando r7,0
al siapa cuy,0
brantas koruptor rugi negara baru hebat,0
ayo bang cerdas iq,0
siapa nih bandar,0
haha vs budi om,0
tenang mas ferry nkri negara anut azaz demokrasi pancasila warganegara lindung uud pasal sampai benar hoax maaf jikalau selamat hidup ancam misal yakin dewan ham pbb tinggal diam minta klarifikasi orang pimpin negara anut azaz demokrasi tsb nkri negara komunis china tiongkok atau korea utara berani suara lantang pimpin bangsa sekalipun pimpin ragu jujur tetap kritis bangun jati diri bangsa indonesia toleran arti lama warganegara indonesia laku jurus tindak makar perintah negara sah daulat baik perlu takut suara benar hakiki pray pray pray v thumbsup scales thumbsup mechanical arm mechanical arm mechanical arm rhino rhino rhino by anang siswanto civil society semarang jawa tengah indonesia pancasilais banget,0
luar biasa efek judol banyak orang bangkrut kerja habis harta keluarga beranta,0
emang gila bang judol ni akhir akhir history chrome gue isi judislot semua entah masuk lewat mana padahal umur umur amit amit mau judol gila emang kalau orang orang punya uang kuasa,0
nyata ikut perang,0
keren bang fer ngeriii joy semangat bang prjuang benar,0
bang nanya bang purut lu setor jangkrik sampe pak lurah ga terus bandar yg minjemin private jet mantu pak lurah bukan nanya bang,0
moga tuhan lindung bang heart,0
ari lasso open mouth,0
bang lebih kongkrit lg aksi bang langsung kolaborasi sama polisi yg kait bang,0
tuju fight till the end god with us,0
kapan bang ngobrol sama bang ferry amsari blush blush blush,0
siapa yg lu sasar bang ingfonya ges gk ikut kembang internet,0
maju terus bang gw harap lebih orang punya basis masa besar kayak abang buat suara gw dukung penuh,0
projoperusaknkri,0
mantan menteri wajib periksa,0
presiden prabowo nya nonton vidio sih orang nomer indonesia nonton vidio rakyat biasa feri irwandi aja berani perang buka habis habis lawan bandar mavia judi segala daya upaya power yg milik apa ex kopasus sekarang jadi orang nomer indonesia punya pengaruh sangat besar indonesia asa malu kalau tak berani tindak besar besar tumpas habis semua mavia judi online kecuali alas apa politik teman apa penting rakyat bangsa atas segala gala lah kalian kalian pilih kelola negara baik benar se adil adil,0
sehat selalu bang ferry,0
hati hati bang ferry butuh jaga lindung saksi begini bang ferry sangat resiko,0
kkp cuma ganti logo pak,0
stop bilang judi korban yg bnar2 korban keluarga kerabat org2 sekitar perintah jgn fokus judol yg sifat game kya slot judol bola mesti sikat judi buat tatanan ekonomi ancurrr,0
dr opening closing sprtinya bang irwandi tau betul diri ada situasi yg sangat bahaya skrng,0
indonesia gak maju kalau kolam yg kotor gak bersih,0
okehlah katak bhizer cuma kroco lu gak sampek segitu bang lu berani banget bang lu lawan mafia sob uang kali kali lihat jumlah uang lu bang gila bener fire fire fire,0
website sekolah gua padahal kena mallware korban hacking judol malah yg libas mabok emang,0
pernah minta bantu seo judi onlen ditawarin fee juta,0
bingung dipikirin candu judol tuh apa,0
maaf nanya bang gw cuma orang biasa sekal nonton yt bukan streamer influencer gimana tanggap orang sedang live apa tiba2 situs judi donate gift apa laku orang sedang live tau situs judol orang yg tau mohon kasih jwban,0
jadi inget tuh sambooooo gmn,0
siap mereport aku promosi judol ig fb,0
gw tau channel lu tahun an waktu lu ngvlog desa2 bang,0
sifat rakus manusia,0
percaya kawan negara berantas judol saban hari bang ferry bilang banyak tikus tikus koreksi babi babi perintah lindung bisnis iblis info memang program jalan mulus benar banyak nama2 besar politik polisi ungkap moga negara jadi lebih baik,0
luarrrr biasa,0
akun animasi tekotok aja sdh resah banget sampe turun gunung bantu masyarakat sadar bodoh judol sampe bikin part biar semua paham alur siklus orang jadi miskin bego judol,0
jgn saling tunding semua mn yg bs bukti sp yg benar udah klu kononinfo ga salah bok semua situs2 penjudi2 sp pejanbat teriak nanati,0
sangat prihatin yg udh candu bahkan gk sadar diri miskin pelan2 cry,0
semangat baangg,0
judi pelihara,0
profesor,0
al siapa bwaanngggg,0
website sekolah kena phising judol hapus muncul muncul seperti ahli it buat phising masuk server mungkin laku tangkap tuh komdigi,0
bismillah berantas judi online,0
lagiann pak jokowi orang kek budi arie dijadiin kominfo anjirr kek gaada orang indonesia aja cry,0
gacha skin mobile legend masuk judi bg,0
cuma doa lu bg moga allah jaga lu makar rencana buruk pihak yg lu bongkar jahat nya,0
keren bahas daging semua heart,0
jadi siapa al,0
gana bos hari minimal uang masuk keluar judi online 2m bos minimal bahkan yg bilang sampe 7m giur kan orang miskin judi doang tau 10rb 20rb 50rb tolol,0
suami keponakan gara2 judol habis kurang lebih juta cry,0
bro moga lo baca gua orang nakes gw nntn episode coby nemu luffy gentong rcti bhkn gw ngrti apa yg trjadi arabasta gw kuliah gw mau nny knp bro org jujur perintah hasil lbh kecil banding org2 yg gk jujur kerja apa benar negara bs gaji pegawai dgn sangat besar,0
sukses bang allah lindung,0
mas feri lg aktif bet yt,0
sikaat bang judol yg cipta efek domino negatif buat ekonomi negara akibat langsung buat banyak usaha dampak omset jual judol ujung2 nya omset turun phk laku jadi judol salah satu faktor yg buat dagang ekonomi indonesia baik2 sekarang,0
bang speak up kait pinjam online lingkung dekat mungkin banyak orang alami sama orang orang jadi terlalu gampang foya foya hutang terlalu gampang pinjam orang sadar bunga sangat tinggi akhir jerat hutang makin banyak,0
respect fire fire,0
khianat negri harus hukum mati masuk koruptor,0
terlalu lama biar judol sistem udah kuat banyak sekali tikus besar yg lindung judol lawan bukan dar bandar pejabat2 yg lindung sistem judol coba awal arah tegas dg aksi nyata berantas judol sayang terlalu besar jaring dana byk rakyat yg jerumus byk keluarga yg jadi korban,0
semangat jangan serah suara baik benar bro,0
siapa tahu budi ari jadi induk semang judol bawah laksana lapang,0
tri kemarin internet cepat buat apa tri belum sibuk korupsi tower,0
kalo nemu situs group tele group fb judol ngelaporin,0
renti jadi admin mulai merucut prostitusi maaf buat kalian depo aku ampun aku yaa bos besar memang pernah lihat kelola kurang ngajar system kerja bayar gaji banyak drama henti kalian lingkup love you,0
jgn2 balik baliho milu kmrn yg masif seragam libat gratifikasi bentuk baliho partai baru nun sayang nyata tak hasil dongkrak suara signifikan utk masuk parlemen,0
tmn2 mau beri sumbangsih kalian punya power besar share ni video semua orang,0
mas fery sampean pancen kudu terus ngomong ojo leren leren mbahas judol mas fer iki pancen coro paling medeni ngerusak negoro indonesia,0
makasih banyak bang,0
influencer asal bal banyak banged lho yg promot judol gk yg kena aneh,0
gua gak takut mati gua cuma gamau mati sia sia,0
trendingkan trendingkan trendingkan,0
joy kita2 rakyat sih dah paham begitu tp presiden aja pe a pura2 gak tau joy,0
tangkap pak polisi sampe main,0
hajar bang fire,0
gua skeptis arah apatis berantas judol yg ekor cuma curutny majikanny yg paling masuk akal adlah ga usah harap judol berantas,0
manusia sendiri jaman dulu nama judi ga kaya bandar sadar semua pikir jernih,0
asusmi pribadi kalau projo jadi partai resmi buzzer mulyono jadi legal sungguh luar biasa daya rusak buzzer mulyono,0
kongkalikong gin tuh sbnrnya gak perlu pake pikir panjang selidik dalam les barang 900t dibiarin subur lalu bego2 mnyangka gak ordal nya pret cupu mana jadi lah,0
campur tangan perintah mungkin judol negeri kembang biak baik berantas judol kedok nyata lindung orang baik yg punya ahli bidang gerak tak usah nunggu aba2 perintah kalian pahlawan selamat bangsa,0
la hawla wala quwaha ila bi llaahi l aliyi l adhiymi,0
mantappppp banggggg thumbsup thumbsup konten edukatif biar melek pilih jangan lupa dzikir pagi petang bang tolak sihir gw harap tri koperasi buru tangkep rage,0
emang kontol judol emang kontol orang kecimpung judol,0
terus juang berantas judol bang masa dpn negara terimakasih bantumenyelatkan negara,0
dengar setia channel paling waras youtube sejak 30k subs point up,0
main general,0
kalo warnet habis pc monitor nya bukan judol butuh hidup pas warnet udah ga mau maen warnet datang paling cuma mau nge print doang akhir sekarang udh tutup sweat smile sweat smile joy joy sob sob,0
tangkap segera si budi ari jadi menkop kabinet pa prabowo si budi orang bahaya tri gaya preman bohong pki gaya baru titik negara aman da rakyat sejahtera,0
pro judi online,0
hukum mati penghianat bangsa,0
netizen skill detektif kalian kerah lah cariiiii siapa al,0
negeri penuh ironi,0
ngerriii joy,0
bung gua ga berkata2 banyak sy cuman mau bilang terimakasih atas juang bung lama warga sipil sama ferry irwandi,0
halah paling cuma hukum tahun,0
lanjut,0
pak presiden lindung abang ikan lindung pak presiden bukan mang jabat peduli sama bangsa,0
kominfo komdigi,0
tanya yg bulan bulan inisial t knpa gk singgung,0
denny cagur malah jadi dpr sweat smile sweat smile sweat smile,0
lebih dar katak bizer joget sadbor parah denny cagur yg jdi dewan dpr niirr pukul mundur tuh seleb tolol lawak gk lucu,0
yg sulit atas ordal,0
pantesan profil tretan madure kominpo wkwk,0
bro layak anggap pahlawan,0
katak bizer anjing,0
gilaaakkk,0
ngga lagi binggung jelas jelas nama judi fisik aja pake trik nipu aja kepinteran main judi online jelas kalah lah kalau menang cuma buat efek biar tagih doang inget online based on scripting alias program rekayasa jadi kondisi tentu ngebuat main kalah terus aja mau an dikerjain terus terus ampunn oia bicara sisi konspirasi ga sedikit lhoo duit haram pakai buat modal politik speak no evil speak no evil kata om fery belum duit haram judol duit paling hallal buat modal politik duit tak tuan nih analogi negeri konoha perintah konoha bantu tunai terus si tol l pakai bantu tunai buat judi duit judi masuk oknum perintah konoha duit distribusi buat modal politik bayar beking adil jaksa police bahkan jabat inget negeri konoha jadi salah satu cara halal ram buat korupsi kan lah sebab judi negeri konoha ga bakal ilang,0
kunci smua masalah didik orang didik mau sentuh,0
film judul nya money kalo ga salah film gambar ttg betapa kuat bandar buat atur alur judol yg mana sgt rugi main nya ges,0
jawab soal judol waktu sering muncul rels laporin meta plus tag kominfo eh malah account lapor kena warning warning meta,0
budi arie wajib periksa seluruh telanjang mungkin libat,0
gasssss,0
negara diri atas ironi mafia das mulai satron segala aspek hidup bangsa,0
moh limo ajar falsafah ajar sunan ampel salah satu anggota walisongo ajar isi lima laku moh main arti mau judi moh ngombe arti mau minum minum keras mabuk mabuk moh maling arti mau curi moh madat arti mau konsumsi narkoba ganja moh madon arti mau zina main perempuan bukan istri,0
panjang umur juang boom boom boom boom boom,0
semangat bang bismillah jujur lebih keri lawan kata santet,0
sandiwara terus lanjut joy joy joy joy joy joy joy joy joy joy,0
tahu siapa inisial al,0
muak dgn sandiwara perintah,0
gua umkm dampak banget karna judi online daya beli masyarakat sangat jauh turun orang zaman sekarang lebih pilih doposit belanja,0
bang ferry pahlawan modern abad bismillah judol lenyap,0
kawal terus bang sampe turun,0
org songong bgt banyak omong padahal lambat menganalisa md universe jauh lebih cepat drpd lu,0
nyata buzzer kasih makan pakai uang haram judol makanya akhlak minus,0
bissmilah tuhan langsung yg membackup mu mas ferry nama sepak terjang berani taruh korban cerita utuh anak cucu kelak abad kondisi tanah air yg sosok pria gagah cerdas berani nama bung ferry irwandi heart panjang umur sehat selalu mas ferry aminnn,0
jelek kritisi kerja bagus ngk usah puji emang gaji utk kan,0
anj bgt emang judi online sial judi online jadi personal buat gua bang bapak gua main judi online bangke togel anggap gapapa bangke gua udah tahap anggap bapak gua exist dunia bapak gua udah tipu 300jt harta soekarno tai sekarang malah main judi online tau gak judi online kalang orang miskin utama lingkung rumah gua marak banget kek hampir rumah maen togel gua ga mau sampe downfall keluarga part jadi akibat judol gua udah saksi banyak dagang rumah yg idupnya ancur judol help bang judol kalang bawah tuh udah ga tolong,0
a,0
dukung penuh bang,0
miris banyak teman yg gajih nya paspasan malah kena judol jadi hancur hidup nya keluarga nya banyak hutang sana sini,0
opening sangat bakar,0
close the door udah aman hehee,0
semua jabat tinggi indonesia tau semua bandar2 judi kelas tinggi balik judi uang yg luar biasa besar uang2 alir keman2 bandar besar tdk sentuh hukum,0
selalu lindung allah bang palms up together,0
semangat bang thumbsup,0
maju terus bg fer fire,0
fire fire fire fire fire fire fire,0
jokowi jokowi,0
eh baru inget judi tu dah diajarin kecil mulai kertas gosok2 hadiah uang 5x harga beli lotere warung2 hadiah main n piring sekolah responnya lama banget ortu ga sadar apa waktu wkwkwk jadi wajar aja kek mudah bawa judi next level yg sekarang,0
presisi ngepres sana ngepres sini,0
makin banyak orng yg sadar bahaya judol saat influencer promosi judol maki maki orng stop,0
bongkar keterlibatwn al bang muscle fire,0
menteri yg gag paksa koclok,0
merinding banget liat orang jihad jalan allah,0
yok tangkap budi ari,0
ganyang zionist budi ari,0
sori awam nih bang rugi derita rakyat kan sngt jelas tp rugi negara apa kok sampe trilyun pajak,0
bg gw punya beberapa tanya bang cuplik talkshow judol kata mau legal gimana dah tuh hubung ga apa jadi aman semua org2 besar yg lu maksud,0
nyata usak generasi bangsa anak buah mulyono yg bisnis judol yg lg jual kurikulum merdeka sistem zonasi nya,0
inisial al harus yg bongkar pegawai ex kominfo yg tangkap rasa cukup bukti bukti yg kuat klo gw posisi pegawai yg tangkap mungkin bakal gw bongkar al siapa alesannya ngapain derita sendiri bawa al sell klopun satu sell leding aja pala moyai,0
gas bang ferry otak kendali judol berantas,0
bang bilang kalau loe jihad ikut dong bang emak2 budhak corporate cuma repot rumah kantor bantu apa kasih tau bang gimana cara ikut bantu ken punya hidup lebih arti plis arahin gimana gue serius mau ikut peperangan,0
yg mau tau cr perintah china perangin judi online tonton game of change booming skrg dichina booming dluan jg cara perintah sana cukup hebat dukung kuat politik jg jujur polkis sana mknya bandar2nya yg dr china sekarang keluar china ga mikir2 ribu kali mau promo negara,0
judol musuh sama,0
bang ferry aja tau perintah diam,0
ada yg ngeh kominfo kna grebek aktivitas buzzer kurang periksabudiarie,0
bayang bayang dinasti pengaruh pak prabowo moga pak prabowo lepas dinasti judol pinjol hutang riba,0
airlangga hadeeuhhhh kolega mulyono,0
kalau sdh sangkut duit semua tabrak ikut sugih mau mana jabat utk kerja utk rakyat mrk kerja cuma mmperkaya diri keluarga semua jabat ky raya mana dpt uang harta tebar mana2,0
iktuan dong,0
next bikin sang lindung bisnis motor bodong sang lindung timbun bbm sang lindung timbun pupuk subsidi sang lindung bandar narkoboy,0
orang luar negeri tau judi asli joy,0
bagus,0
kuasa punya anak mau anak kalian semua hancur,0
iklan lu judol bg wkwkw,0
prabowo bersih2 orang orang kotor yg dulu lindung kuasa,0
benar jahat judol sangat gampang berantas perintah perintah sendiri lindung siapa rakyat harap perintah malah lindung judol hancur rakyat sendiri tetangga jadi korban judol akhir rumah tangga beranta jadi gembel semua lebih dekat diri ilahi jaman makin edan hancur2an perintah bunglon munafiq akhir rakyat jadi cerdas pilih pimpin negri langsung hidup anak cucu depan,0
nonton no more bets jd makin yakin aparat negara sbnrnya tau tp banyak libat jd g gerak kwwkwk,0
super hero gak selalu pake jubah,0
ferryirwandi ente pahlawan,0
rangkul semua teman teman buka mata kalian jaga negeri cinta heart mc,0
vibes nya beda nih mas ferry,0
artis main moba yg promo judol gas om ferry,0
orang paling selon big applause,0
gua ga takut mati cuman takut mati sia sia kelassss king fire,0
postingan lebih ngeri lu nantang dukun bang hati hati jaga diri,0
naik trending,0
menteri kok rawan joy projo kan singkat pro judi online zany face,0
mantaap bang,0
indonesia butuh super hero salah satu super hero,0
let s go,0
pribadi lebih percaya diri jahat atas pimpin ri sangat miris lihat dampak timbul atas jahat sungguh kompleks,0
memang akar bang soal ngingetin main susah minta ampun,0
yg pernah jadi influencer judol den cagur sule fiki prasetyo arie lasso dewi persik wulan guritno gilang dirga nikita mirzani young lex erico lim siapa,0
biang keladi judol cuma kominfo polisi tinggal audit total aja tuh semua ciprat abisin biar bubar sekali nih negara,0
legal aj regulasi ketat negara kontrol,0
info grup belah kata partai coklat ikut lindung grin grin grin apa iyaa duit pelihara judol pernah pake buat milu grin grin grin,0
kaya nya mungkin besar g orang besar tetep jadi korban korban orang lapang grin grin grin grin grin,0
moga mas ferry keluarga senantiasa beri sehat selamat aamiin robbal alaamiin palms up together moga channel aman lancar palms up together,0
damagenya luar biasa bahkan rasa orang yg tahu apa judi online,0
kerennnnnn,0
terima kasih bang heart,0
heart heart heart heart mantap bg fery pelan2 semua ungkap,0
budi arie tri paling buruk yg pernah lihat,0
jahat yaa orang2 dalem sendiri krn tau celah main,0
semangat bang muscle,0
siapa woyy al sweat smile,0
gue curiga data negara yg pernah retas memang sengaja oknum kemkominfo kait dgn judi online,0
indonesia butuh lebih banyal ferry irwandi,0
gw main ig doang yg cuma gw lakuin sekarang gw report tu akun yg promo attach judol ga peduli akun besar engga sering akun meme konsisten guys war lawan judol,0
moga allah selalu lindung bang ferry serta keluarga keburu aamiin,0
judol banyak arti orang perintah kalo iya berantas lantas berantas apa coba kan berantas korban kan aneh udah jelas korban fasilitas ada link2 judol gajelas kata manis bakal wd,0
perang besar sih,0
bikin grup wa lah bro klo emg real mw niat bantay ginian ngemeng doang ga sendiri mh prcuma klo msh narsis,0
anjing bgt sumpah org org yg harus bayar buat positif justru jadi dalang negatif bangsaat,0
ayo bang gua dukung rang judi online,0
moga lo selamat menang tarung bro,0
jadi sekarang gw ngerti katak bhizer pede nyenggol2 bro ferry beberapa waktu lalu,0
jual anak ntt astaghfirullah lulus seleksi pegawai tetap jadi pegawai ga ngomong cry,0
terima kasih banyak mas feri irwandi rang judol klo apa2 bantu pray pray,0
gak mati lah bg,0
liat bang ferry keinget professor yg money heist,0
usut tuntas,0
ayo komen akun presiden pak prabowo kasus,0
gokill semangat terus bang moga indonesia bener bersih judol soal orang terdeket gw jerat,0
kalo mau tau wajah asli judol silah tonton film china judul no more bets rating,0
laku bondas laku apa2 masuk biar,0
yg warnet2 tangkap main judol bandar nya perintah dmana bebas percaya lah judol jalan suatu negara bantu perintah semua karna mafia sanggup sogok kalian lah usak terus anak anak bangsa cry fuckkkk sob,0
jaman mulyono kok gak up apa karn lindung mulyono moga pak prabowo istiqomah lindung jurnalis yg ungkap benar busuk jabat yg libat judol,0
jiwa one piece bang ferr darah daging fingers crossed fire,0
gg sih lu bang,0
sebenerny situs judi yg blokir udh brapa bnyk sih kq gw tiap buka situs komik online msh bnyk iklan judol tebar sana kykny situs judol emang susah berantas sih ibaratny tutup satu tumbuh sribu sweat smile,0
judol memang anjing temen gara judol lilit hutang bunuh diri cry cry,0
trading ikut nya apa bg,0
gw gak takut mati gw gak mau mati sia sia ferry irwandi quote tada,0
masyaallah mantappp,0
nama baru ferry irwandi ferry gambling buster irwandi lg yg,0
malem brati yg nyantet gagal bang kelassss malah ngajak battle king judoll gassss abang,0
bidie areiiiii jadi mwntri jadi tau yaa apa jaga joy,0
moral mental jabat lebih maniak begal jalan mas fery baik masuk politik buat ganti jabat sadis kapan yg muda kritik terus,0
i stand with you bang,0
sehat selalu bang juang sia sia,0
bubar kemeninfo digital kalau gak berantas judol,0
jelas mantanentri kominfo usut,0
baca dzikir pagi petang sesuai sunnah doa karna baik baik jaga moga alloh jaga aamiin,0
bang gatau sekarang rame judol sana sini ditangkapin aneh temen2 ko main anteng joy nih tangkap sana sini apa joy,0
keras mmg bapak satu lawan kalau ga personal kaya ga keras,0
harap pak prabowo sedang masak rencana rencana matang basmi koruptor serta bandar judol siapa yg lindung fire fire fire budi arie fufufafa pigay keringat dingin cold face tuh,0
iklan judol banyak bebas medsos trs kira kira apa cma ekor yg ketangkep,0
suara beberapa kurang jelas kayak gremeng,0
doa moga selalu lindung tuhan maha kuasa,0
betul dampak judol sangat nyata semangat mas ferry irwandi,0
mulyono keparat pimpin asli nepotis kolutif korup rusak meritokrasi,0
poker jud0l warnet joy joy,0
bos judol presiden takut pada joy joy joy joy joy joy,0
dulu benci bgt liat ni org ngoceh sekarang gw bangga kalau lu berani kritik perintah,0
terima kasih bang ferry bu menteri meutya hafid pray ayo selamat generasi bangsa judol,0
raja akhir,0
bisnis judi pake fasilitas negara,0
raffi ahmad mesin cuci,0
semangat didik kaum akar rumput bang,0
masuk kurikulum masalah utk didik calon rakyat hukum kuat,0
aku kesal sekali sama orang bayar lindung malah jadi jahat nya ku doa moga orang2 balik judol mati kayak filem final destination aku kesal sekali sama judol2 adik ku pernah aku lihat main judol aku tau kalau judol kira cuma game biasa ku doa semua orang2 balik judol mati sekali mati kayak film final destination,0
keren lu bang heart,0
ngga takut tanggung jawab allah atas rusa generasi buka situs judi,0
sejsk jokowi rampas hak pak bowo segala jahat tumbuh asuh jokowi joy joy joy joy joy,0
gila lo fer keren abis gua dukung lo,0
merinding bang fery aku dukung bisa bang heart,0
gue punya teman yg candu judi online awal baik2 menang selalu traktir duit yg lumayan lambat laun hidup hancur hari nongkrongnya depan atm sendiri istri anak urus tabung habis rumah tanggany hancur cerai ujung2 nya tinggal bunuh diri,0
ikuzo,0
hidup projo joy joy joy joy,0
sikat oak periiiiiii,0
gw doain lu selalu selamat bang amiin,0
keren kamu bung fire fire,0
budi judi arie,0
judol sengaja pelihara rakyat makin midkin rakyat miskin biasa gak melek didik lebih mudah beli bansos dapat suara begitu skema negara konoha sweat smile sweat smile sweat smile,0
hebat om ferry baik baik manusia yg manfaat utk orang heart heart,0
pilih nya judi narkoba judi turun narkoba naik hati2 mafia bandar orang yg sama,0
aku gak punya power aku cuman bantu doa like komen and subscribe,0
iyap gue cukup curiga sama kerja kominfo soal identitas bocor kena hack nyata kerja kominfo lama lindung situs judi online sangat lihat mungkin orang tri kominfo tau soal,0
nama projo pro judi online,0
tangkap artis nikita mirzani wulan guritno iklan judol,0
yakin yg berani nyelesein judol dgn jalur hukum paling yg kroco2 yg tangkap cukong besar nya aman2 aja cengar cengir nikmat hasil bisnis judolnya,0
tau siapa bandar bandar masa jabat si anak buah ngebina situs situs judol imbal upeti jatah preman moga segera tangkap,0
gw ga yakin sih bandar gede bsa ketangkep sama kaya bandar gede narkoba aman,0
orang unlike indikasi projo bandar,0
q yakin prabowo udah cium jadi tri dulu diam aja gak mau bongkar takut sama joko krempemg buat kamu bang nyawa ancam bantu kamu kabur taiwan negara lindung orang kamu aju indung sini sayanyakin orang kritis cerdas lindung trimakasih salam mantan warga indonesia,0
hmmmmmmmm ckckckck sedih korban banyak,0
yakin you are not alone god with us yg tuhan sama orang2 yg benar judi haram musuh manusia sama iblis balatentaranya yg guna manusia dungu bodoh ut jadi budak,0
cokol ko bang jadi main salah satu tri yg ubah jaman jokowi makanya ngeliat tangkap kemarin pesimis judol beres,0
inti menkominfo si budi useless arie perlu periksa,0
gila sih kalau nge backing fraud ratus triliun cuman dapet beberapa miliar so cheap jaman belanda ga ubah emang ni pimpin,0
hukum mati layak ga sih thinking,0
iklan yt reels facebook iklan fb reels ig smua jadi sistem buat sebar fb banyak banget sih akun lucu yg nyebarin judol,0
gass bang,0
kalo tulis buku hardcopy biar terbit suatu tercopy online sebar dgn luas,0
terimakasih khalaqah subuh,0
judi online sulit sekali beking cuma kominfo bahkan sampe instansi oknum polisi sampe intansi perintah dulu sambo serta komplot oknum polisi lain gosip salah satu lindung judi online sampe sekarang oknum polisi kena tangkap banyak oknum2 instansi perintah libat lindung judi online pura2 berantas judi online seolah2 pahlawan gua cuma hangat2 tai ayam seolah2 mau tunjuk kerja aja lihat pak prabowo kerja berantas judi online oknum2 ciprat uang judi online besar sekali mungkin mau lepasin sumber uang gede gampang kaya diri bahkan buat modal ongkos politik buat jadi jabat lebih tinggi,0
m dg mr je,0
sadbor tangkap beking banyak influencer judol artis2 nama sekarang pernah sedikit tangkap,0
hati2 bang bahaya bandar judol,0
pentol busuk mepengaruhi bawahan2nya rusak negara ujung,0
sukses mas ferry angkat jadi letkol tituler judi online,0
projo isi orang judol semua wkwkkw,0
bang bahas berantas korupsi sekarang banyak ketangkep dong heheww,0
mungkin pegawai komdigi ketawa liat yg bahas judol,0
gas terus bang jangan kasih kendor,0
lanjut bang ferry insyaallah buat baik lindung allah swt dukung,0
potong rambut,0
jaman baheula presiden dulu soeharto gembong lindung endorse sama perintah utama ter an setan oknum hukum abri polisi buah simalakama gasss terus bro jgn kasih kendorrrrrrr,0
bukan judol perhati tipu dgn modus modus koperasi investasi asuransi yg bahkan iklan nya aman under radar badan resmi negara mostly tipu semua cara gigit nya short term gain long term pain u kasih enak sekali kali lalu kemudian u derita perlahan lahan mati sadly to say indonesia makin sini makin jadi negara mafia sekali bukan cuma judol pinjol tipu tipu dgn skema tebar yg paling pahit nya pihak yg biaya apbn sendiri yg lindung pihak warga yg justru tusuk penting warga apa short term gain long term gain orang orang bodoh yg mau bunuh ras nya sendiri senang pribadi sendiri lah nyata nya indonesia species sebut lapis bawah atas paling atas pulung yg asli nya copet pulung kalau malam hari semua fasilitas publik assumsi milik pagar rumah orang angkut lapis atas lapis paling atas catat punya malu hidup dgn cara cara bahkan dgn bangga jadi buat kingdom kendali bawah bawah,0
terima kasih inspirasi bang ferry banyak dukung abang,0
keren lu bang salutt,0
mantap berantas judol akar akar,0
gass bung ferry thumbsup thumbsup,0
aku belakang mas terus maju serang judi online maupun offline aku benci bgt sama judi temenku hidup hancur karna judi,0
gue jg udh pernah komentar si budi pas jaman ban steam judol aja ga urus game malah kena ban bahkan komunitas gue ricuh2 menteri genshin punya kantor indonesia bayar pajak genshin udh sering adain acara amal beasiswa buat anak yatim indonesia ehhh malah manfaat,0
emang mantep profesor money heist lanjut profesor,0
ayo dang cepet tangkap joy joy blush,0
singapore malaysia putus jaring internet kamboja philipina indonesia ngga money mouth money mouth money mouth,0
basmiiii judolllll,0
tangkap wa pribadi ku penuh chat admin bandar emang judol tipu,0
panjang umur bang terimakasih moga selalu lindung tuhan,0
menteri ganti periksa,0
maju terus fer suara terus benar dukung doa support untuk,0
heran sama orang main judi online sweat smile kok mau mau kibulin joy,0
justru sosok bang ferry yg lindung temen2 jgn hilang emas papua malah hilang emas yg lebih harga bang ferry pikir,0
judi judi online musuh sama terus damping fery irwandi persentasi guna duduk bumi ato indonesia,0
bayangin perintah apa gabisa perangin judol sampe youtuber turun tangan,0
luh keren boz gw bangga youtuber kaya luh,0
rusak negeri presiden yg lemah pimpin presiden siapa jawab pikir hati semua,0
udah ga heran institusi isi banyak manusia korup mulai menteri2 kominfo belum udah aneh segala sok mau jegal ellon musk biar bayar pajak indo produk starlinknya paling balik uang masuk kantong pribadi bukan pajak indo berantas judol sebenernya mental banyak revisi masyarakat banyak masuk kerja negara sebut pns bukan bangun negara bangun kantong pribadi ga pernah selesai lama kerja negara pikir cuma cari cuan bahkan lihat era milu mulai banyak calon lomba lomba iklan olah sedang bisnis bukan amal bangun negara,0
lu orang yg bakal gw teriakin d akhir krna dngn lu speakup judol bwaaaanyak yg jd melek betapa kasus paling bunuh d dunia krana adik ipar sndiri jerat judol yg kini hidup lubtang lantung gak kerja ninggalin anak istri dngan alas malu gak kerja emang anak yg anjing gak usaha untung mertua msih komplit mau nampung anak cm y kasi mertua sakit2an sertifikat rumah gada motor d jual sm si anjing ipar yg gw khawatir nasib sehat mertua ipar bangsat bner2 msih ngegame judol d rmh ortunya mertua gw emang judol perlahan bakal ngebunuh per satu manusia dr laku org yg gak main gw liat berita bnyak bundir krna hutang buat byr judol ato kriminal judol bang lu org yg gw teriakin nnti ahir jaman lu org baik yg mau speak up judol buat d berantas pray pray pray semangat bang sehat selalu,0
mlm agm bang jenis berantas jg money game dah banyak korban,0
gass bang muscle,0
bang udah muntah paku,0
sangat skeptis indonesia penuh drama kuat balik orang atas greedy heran kasus2 kuak drama belaka cuma bangun harap palsu well who knows cuma rakyat jelata,0
buat berjud1 saran gue mah lo pikir bae2 dah winter is coming brow,0
ad yg tau al in siapa yuk tebak tebak joy,0
tetap waspada mas indonesia memang kasang bikin geleng2 kepala,0
sehat selalu benar,0
lindung judol klas ikan kakap arahkn sibuk kura2 dana desa klas tongkol,0
nonton bang ferry makan gaco dulu baru nnton wkwkwk,0
orang baik orang jahat selalu semua element hidup cenderung gantung main ubah cara dr waktu2 musnah bahkan buah bijak perang abadi sadar manusia ubah,0
artis promoin judol gak tangkap bang joy,0
ngeri bang hidup mu jd gx aman lw bahas,0
gue khawatir biasa nya sperti biasa bakar satu lumbung padi usir tikus nya bijak registrasi perdana nik nomer masalah yg tuju nya ga selesai yg kena imbas nya dagang konter masa jual kartu hukum nya pebih berat pakai narkoba yg which is temen nya ferry ironi ferry ngomongin ironi padahal ironi udah lah fer ngobok atas ga bakal hasil yg atas cuma ratus orang yg bawah ratus juta orang bikin sadar dr per orang aja dulu btw jangan lupa lama lapis bawah permisif sama kkn misal parkir liar gak heran punya pimpin yg lebih parah monyet pimpin sama raja monyet harimau pimpin sama raja harimau,0
bg fer bahas dpr ri promo judol dong sekali sama artis2nya sweat smile sweat smile bahas titis2 aja bg biar gk kena delik,0
gas terus abang ku kawal terusss,0
face with monocle,0
juta akun bulan eh kurang paham sih sweat smile,0
klo pdip langsung tangkap projo ato gerindra lindung tahu lah cuma gimmick politik partai lindung koruptor tahu polo,0
sekarang promosi judi online udah balik scene live streaming game kelas turnamen nasional kolom komentar banyak spam promosi judol risih gua liat,0
orang tasikmalaya baru tau kasus yg ditampilin video bang ferry miriss,0
semangat mas dukung do a id thumbsup pray muscle,0
bang ferry moga sehat selalu,0
bukti prestasi perintah jokowi hajar perintah nya prabowo,0
rell fb banyak yng promo bang,0
gw dukung fire fire fire fire,0
mantap maju terus bang ferry irwandi sama rakyat yg cerdas lawan hancur segala jenis judi tdk kamus dg taruh judi hidup sejahtera justru hancur dg segala resiko kena kominfo publik yg sadar tahu klo tdk main ordal masuk menteri pasti publik tdk dpt akses judol shg sulit ikut masyarakat tdk dpt berantas krn ordal2 yg main penting sendiri lihat budi arie ganti nyata dlm jangkau minggu bbrp orang kominfo dpt tangkap judol nah lama tupoksi budi arie dmn kontroversi sepak terjang sering blunder tdk profesional tdk integritas data bsn bobol hacker kasus fufufafa sdh tahu tdk buka maklum otak sukarelawan jadi daya pikir abs krn sulit percaya statemen jelas ilmiah nyata perlu panggil periksa krn akibat lalai negara hancur sepakterjang munafik ingat judol dpt sedot sp ratus trilliun tambah apbn yg sekarang dihambur2kan penting ambisius proyek mercusuar kereta cepat ikn yg lebih penting dlm era rezim jokowi tatakelola negara banyak yg tabrak atur uu revisi yg justru malah bikin perintah tdk jalan baik korupsi hukum diatur2 jauh adil makmur krn aktor utama jokowi minta tanggung jawab krn perintah legitimasi banyak protes tanya akibat janji2 nawacita jokowi semua zonk bohong besar,0
bang fery aku barusan nonton video md uni bahas judi online menit menit guna tampil artis2 yg iklan judol sensor website nya cut bener2 selesai narasi promosi aku curiga cara baru buat promosi judol kedok berita bang maaf berfikiran tidak2 tp sedang trush issue bang pray,0
sehat slalu bang fery irwandi family s team aamiin robbal alaamiin,0
tau jud0l kyk gin justru lookism skema yg dijelasin mirip kyk sekarang,0
tempat judi beri tempat pasu banyak,0
bang streamer game dulu pernah rame gak ditangkep,0
siapa sosok al panasaran bgt jawan dong sob pray,0
salam respect bang ferry kalau orang orang ga bayang negeri jadi apa sangat emosional konten,0
moga lu angkat jadi menteri bang era,0
gokil bang fire,0
sikat bang artis promoin judol kaya den cagur,0
tarik,0
alhamdulillah bang gua tadi pernah terjun penasaran pas awal alhamdulillah kasih kalah mulu jadi gak candu minggu hampir pikir mau terjun pikir efek panjang nya mau terjun karena hutang moga ajah jerumus moga beri lancar rezeki,0
kapolri jaman sambo sdh tau judol lindung someone cuma ngooooceh doang sampe hari mau tuntas judol ktnya t jg lindung beberaps anak buah sambo jg makanya kapolri cuma ngebusa doang mulut joy joy joy,0
kalau pgn judi online gak indo jangan bahas judi online kamu bahas judi online sama kamu promosi judi online kamu ambil untung jatuh budi kasus,0
gue lebih suka nonton channel lu channel maksud gue channel yutuber lokal,0
sebenernya lingkung gua banyak sekali laku judol utama slot bahkan salah satu rekan keluarga heran ko si istri boleh suami main slot gua sebenernya geram judol sangat dukung perintah berantas judol cuman jadi masalah gimana sih cara memberitahukan nya lingkung yg gua takut gua buat sadar takut ga nerima jadi masalah depan,0
ferry irwandi terus masak gas bocor fire metal semangat mas,0
bang ferry gua punya info kena judol affiliasinya bagai situs judol bales comment biar gua sampai info tsb,0
yg parah jabat bowo bilang negara qt kaya halu banget wong mas miskin eit makin lancar judi online joy,0
katak nyari elu bro wkwkwkwkwkwkwkwkw suruh mandi dulu tuh si babi,0
gak sih orang orang yg pergi kamboja tuh cek lebih teliti rata rata kamboja jadi admin judol bejir,0
semangat sehat2 terus bang ferry banyak masyarakat belakang bang ferry yg siap selalu beri dukung fire fire,0
moga allah lindung apa juang bang pray pray pray,0
letsgoo bang bakal suport terus fire fire fire,0
bang give away nmax ama alpard bang joy,0
sehat sehat bang punch,0
bcu daya beli yg lemah negara perlu pinjam n judi online sama pbb aja hutang bayar hutang mpe joy,0
banyak youtuber influenser punya situ judi online utama yg live2 mobile legend gua org sipil aja tau apa bung ferry kerja sama hasil punya web sendiri sangat banyak youtuber lbh 10org cuman bukti lengkap tp tmn bekas pegawai mereka2 bos judi arti,0
sekarang satu orang berani habis bandar besar tangerang big bos judol nama bokai tangan kanan nya justin gak sentuh sadbor tangkap flokitoto milik bokai tangerang gak masalah bokai justin pny ratus website jaman presiden nya kena tekan hingga muncul akun f buat siapa si bokai tangan kanan nya justin big bos judol tangerang tak sentuh,0
udah bilang aja langsung inisial al tu bang salah benar triger laku salah tangkap org lebih baik ngorbanin juta rakyat indonesia,0
susah banget ampe muakkkk ngasih tau temen gw buat renti maen judol malah marah bilang gw so ngatur hidup org sbgainya pdhal kalo udah abis duit malah pinjem gw anjing emg judol goblokk sob sob sob sob,0
hajar terus bang oknum oknum dukung judol,0
kiamatjudi fire fire fire,0
gw doa bang ferry sekluarga lindung tuhan maha kuasa beri panjang umur sehat rejeki limpah spy jadi salur berkat utk yg butuh tolong amin pray innocent,0
sehat terus orang baik,0
sebenernya mudah aja sih buat tahu oknum oknum dukung kasus kasus iconic judol narkoba negeri jalan lancar organisir susah nahan suap nya joy joy jadi kasus judol narkoba gak pernah hilang negeri,0
sparkles bukan sipil rakyat tahan semesta dagger military helmet military medal sparkles mau kata agens mossad buah usaha jasa sewa kontrak sepakat kantor ritor dunia,0
al siapa joy,0
ati ati bang air keras senjata lain,0
solo mid sf joy,0
judol tarung marathon panjang lelah lindung keluarga masing2 dr judol mulai dr lingkup kecil,0
ayo spil inisial,0
banyak artis influencer promosi judi online kaga tangkap kalo tangkap gempar banget joy joy,0
masyarakat manja masalah selalu salah platform yg masalah kalau siklus begini terus bodoh gak pernah hilang putus siklus cerdas masyarakat bukan manja indonesia emas hanya wishful thinking semata lama masyarakat tahu konsep kalau buah tindak selalu konsekwensinya jangan selalu harap pimpin orang sempurna jangan harap pahlawan selalu hadir tolong selalu ajar berfikir dulu laku biar indonesia selalu jadi tempat jual mimpi,0
waduh nama gue inisial al sweat smile joy,0
ahmad ldani,0
mama logo semua biru,0
panjang umur orang orang baik berani,0
jaman zynga poker fb jual beli alih jd seler jual beli cips cips orang menang sampe naik level main poker uang asli alih bola sampe srkarang slot gw udah hancur rehat hancur karna tagih judi lebih candu narkoba kerja enak hancur sampe pesimis gak mau kerja karna mainseat pumya uanh deposit kalo kalkulasi 10m lenyap x usaha bangkit cara gak punya atm gak punya hp apa gw ydah coba tp punya uang aja akses entah warnet entah apa aja akses kalo bilang hancur gw hancur hancur keluarga udah gak mau tau gw temen gak mau kenal sama gw untung gw punya tempat singah buat dar tidur perempuan gw bokinin cuma kuat gw cuma cerita gw laku gw ttp stay gold,0
bang bahasa source code judol forum developer fb bang situ banyak jual,0
lindung channel,0
artis masa ga tangkep jelas2 lebih sadbor,0
emang era mulyono rusak pelan pelan bongkar era prabowo,0
lgsg negara udh ngebunuh beberapa org yg candu judol bundir joy ngeri coyy,0
propesor,0
perintah masa mulyotod bner2 jijik bnyk kekuranganny hwkw rofl rofl,0
meski konten elu orang pertama yg tegur influencer ml yg promosi judol sayang tanggung jawab lapor polisi salah satu marsha gila sekali stream marsha minimal jt joy joy joy,0
gimana bang kena gak santet nya woii dukun dukun peler bilang orang pinter kerja bener lah anjing nipu mulu peler,0
heran aja org kyk gin kasih harga,0
tiap menteri mafia joy,0
blm admin org indo yg kirim kamboja blush,0
bung ferry keren heart hands heart hands heart hands,0
gas terus trendingkan,0
gue cerita kpada anak2 org yg nama feri irawan yg sangat berani ngefens dgn tan malaka gue salut bg mantap thumbsup thumbsup thumbsup muscle muscle muscle fire,0
joko widodo,0
realita hampir semua platform video hampir banyak iklan pinjol judol yg mau tambahin info waktu tempat silah khalayak,0
adik goblok kalo gaji jangan dipake main slot mending beli sapi,0
koruptor orang2 kaya gitu wajib banget hukum mati sihh,0
bapak gw pensiun tni jabat lumayan tinggi bnyk anggota bagai provinsi banyak cerita ngeri yg sebenernya gw ken cerita tp aduhh takut keluarga ilang sweat smile sweat smile gw tau judol2 siapa dalang nama bahkan tdk sebut video saking gede beking,0
ingat konsorsium lawan bukan rakyat sipil bung perangkat hukum negara jelas butuh mental baja sih siap mati usik lumbung beras knife,0
gue tarung judol bro fer podcast gue hampir semua video gue angkat laku korban judol akhir dg tragis betul soal ideologis soal kominfo banyak video gue angkat kritik kominfo yahhh begitu konoha bahkan soal satgas judol gue kritik mana hasil bentuk satgas judol zonk sama sini jg gue nitip pesan kalau depan apa2 gue mungkin mati gue bongkar judol terus juang fire fire fire,0
gw jd korban judi dr thn,0
buat yg main judol coba nonton one more betts,0
menkominfo orang jokowi jokowi tanggung jawab,0
respect heart,0
mungkin beliau pahlawan era modern cara nya yg modern artis deny cagur tuan katak infuencer lain londo ireng rakus yg tipu masyarakat rela hancur keluarga keluarga kecil tanah indonesia,0
kata nyata perang kok kayak pasrah lah simpan pasrah nama bukan perang sweat smile,0
lama menteri tunjuk bukan hasil suatu menang kompetisi yg adil cerdas lama ubah,0
bang kalau lu mati gegara gw introvert turun jalan,0
left facing fist,0
al anis laswedan,0
satu kata bang wani,0
ikan contoh bang rencana a rencana b rencana c band,0
bung ferry irwandi sama warga rakyat negara bangsa mulai kembang apa sebut bahasa kias juang dasar neraka ingat aplikasi mulai orang dekat kota judol hampir mati lajur putar hidup banyak orang hancur berfikir pendek akibat hari orang tangkap aparat akibat efek judol mulai sekarang semangat bakar jadi pelita kecil pekat asap negri sekian salute,0
bang ferri sosok revolusioner tentang bijak korup world government,0
bacot bat katak balik dulu sini gausah cari cari kabur ting,0
panjang umur lawan fist,0
siapa inisial al,0
akhir bahas,0
reinkarnasi munir selalu waspada bang,0
pantesan gw report2 situs judi email kominfo beberapa kali g yg banned emang anjing2 semua kominfo bajing,0
situs judol banyak,0
ijin dowload bang,0
katak bizer siapa gaada yg mau seriusin gebugin apa,0
jaman jokowi kaya jaman orang gak punya pikir maen rekrut orang sembarang akhir nya hancur kerja nya laughing laughing,0
gacor mas ferry berantas terus judol bgst,0
my milenial hero,0
pasti jokowi beneran bersih ciprat duit judol sama sekali doi diem aja minimal lama tahun indonesia darurat judol,0
gua dukunggg banggggggggg gimana cara gua berantass judolll iniiii,0
kalo kontent luh lewat lewat besok ganti topik besok ubah yg bahas kyak nya sama dg channel bang harap abang kupas tuntas masalah utama masalah judol judol pinjol kyak nya satu lingkar yg oknum orang penting dah,0
dah gak aneh jabat sekarang yg gila duniawi rela korban rakyat uang,0
paling males begaul sama judi banyak omong,0
wenang berantas judol ga paham2 apa gimana bang efek masyarakat jadi korban banyak bundir aja blokir servernya kerja apa pura2 ga ngerti sih parah benerr,0
kawal bang ferry jangan sampe ilang gess gas terus bang,0
cuma kroco ikan paus damai aja,0
kawal terus judol,0
tuju bang ngk takut mati mati sia,0
salah hidup gue tahun era jokowi gue pilih,0
nyata dewa judi benar benar respect sunglasses,0
bang kok iklan elu judol sistem iklan youtube nya jadi elu ngga atur,0
sampek mantan menteri apa sampek mantan presiden nih uhuuuiii,0
disclaimer gue main fix oknum aparat perintah beking judol clue waktu satgas judol bentuk lama kemudian bet200 naik jadi bet800 arti akan deal perintah bandar judol asumsi makin bet naik masyarakat kecil main situs besar sama sekali kena blokir perintah contoh situs g o group perintah target main influenser judol bandar akan sentuh sadar kalian judol viral apa judol viral kasus sambo harus cuman kasus bunuh rencana tiba tiba media belok judol gue masuk orang yg tau judol media masa sama sekali gak tau kata hacker canggih gak libat tracking situs milik inti audit tegak hukum bobrok mata duit,0
lama stiker close the door insyallah bang fery aman guys wkwkwk,0
muantep,0
sehat selalu bang moga abang selalu lindung tuhan maha esa,0
bang ferryyyy open mouth open mouth open mouth,0
moga rakyat indonesia segera sadar aminnn sunflower sunflower sunflower,0
semua jadi biar lindung harus kalian tau siapa yg paling tanggung jawab atas semua pimpin tinggi yg biar anak buah laku jahat lindung lalu jadi sandera tetap nurut sang pimpin kapan,0
knp ges kok baru ungkap sekarang knp ga ungkap tahun belum,0
lu keren ngasih banding bukan sama orang miskin cari untung lebih keren lu nyari referensi orang dekat lau keren lu bang,0
dedy corbu knp bahas badan kan lebih besar mesti nyali jg,0
yg hanya dividio iklan judolnya,0
lawan fire fire fire punch punch punch terus maju bro,0
loh main dota,0
inget matchfixing bola yg jadi pahlawan nyata dalang utama bang inti kalau jabat soasik tawar bantu membrantas orang patut curiga,0
judol sama narkoba ga berantas libat banyak pihak inget kata kang bahar preman pensiun bisnis bisnis bagus bukan bisnis baik bisnis libat banyak pihak saling untung warga indonesia doa kawan2 main judol segera akhir semua semua lambat,0
situs2 judol terindexs d google sweat smile,0
org kuat banyak susah banget tangkap judol korupsi impor joy,0
wkwk baru ingert aku pak udah beberapa bulan aku kumpulin publisher iklan judol menghijack iklan aplikasi anak anak banyak incar aplikasi age rating mayoritas publisher iklan pt markas hongkong china contoh iplayable limited enjoy mobile limited click tech limited sengaja target indonesia biusa lihat guna bahasa indonesia istilah judol sangkut konten anak anak gw mau laporin kpai malah kasih link forum pas buka situs malah langgar toa google ga akses dong kocak alhasil gw minta region restricted google sayang google lamban kes ga mau disalahin makanya sempet bawa argumenya google biar third party mengexpose judi anak anak sekarang main kucing kucing sama gw,0
bro benar benar lawan raja akhir raja akhir skull doa serta pahlawan respect,0
keren bang maju truss,0
sih judi salah joy joy joy joy dapat judi buat bangun negara buat betulin jalan dagang makan jadi laku ramai harap naik pajak rakyat yg rakyat tekan hasil keringat nya cari uang sakit sakit kena sakit kata nya uang judi haram mulut manusia kasih 1m uang judi jadi halal emang manusia bumi nolak uang jumlah besar kasih gratis phueee munafik joy joy,0
terus juang mas feri generasi muda yg lebih baik thumbsup thumbsup,0
mana yg nama judi ilangin kalo aparat ga yg jujur,0
salah abang kuuuu,0
awal aja udah curiga banyak konspirasi menteri kemaren,0
teman main judol nongkrong si sirkel biliard motor jalan untung ga tarik samasekali tipe orang yg malas main hp buat judol kelas olsop aja ga maksud males banyak tombol wkw kalian tau ga pernah menang hari hari depa depo trus menang kaga,0
memang budie ari terlalu bebas acak ngacak negri henti rumah,0
moga pihak bandara lebih selektif tahan orang mau kamboja vietnam malaysia pihak kbri perintah jgn pernah mau urus kerja sana masalah biar rasa apa neraka dunia,0
klo cma gin tenang bang aman dripda temen gw yg perna kerja cerita siapa aja dlm nya gw gk berqni sebut tuh karna bilang udah bnyk yg ilang gitu aja sweat smile influencer kenal bgt aja usaha,0
al temennya kaisar main tembak tembak bang,0
gw udah nungguin yg berani bedah kasus big respect buat bang ferry saluting face,0
orang dekat banyak jadi korban bahkan akhir hidup cry semangat bang,0
gas bang bikin movement,0
brantas judol,0
muka dongo gtu jadiin tri parahhh,0
judol open mouth open mouth,0
sy doa buat abng moga sehat selalu,0
ati ati bang tim social media strategy orang sebut sedang buat strategi bagaimana cara jatuh kredibilitas lu hadap umum bahkan orang gua ngingetin lu gin mungkin ikut pengaruh sebut nanti sweat smile,0
pahlawan bambu runcing heart,0
kamu musuh judi onlen napa sponsor game onlen,0
nuhun bang berani suara,0
fer hormat gw lu gw tawarin hampir 5x buat brangkat sana kawan yg beda yg udah kesana gw selalu nolak tawar gw pikir buat ngebantu negara buat bilang jangan putus rantai yg jadi lapang gw tanya kawan gw rata gak pilih gilas zaman segi kerja maksimal umur bilang perut no bukan negara konoha pegang teguh konsep perut buncit lebih elegan liat kurus kerempeng,0
pandai pandai nya sembunyi bangkai jahat maksiat rijsun judi online akhir nya cium aroma bau busuk nya mana mana,0
kalau orang udah cium ciduk malah laku cenderung aneh masuk akal komdigi sangat suspicious,0
si ba emang muka aja kriminil,0
bagai isu jadi anggap bodoh diaaaam makasih buat mas ferry sedikit dri sedikit influencer suara,0
brantas sih judi bandar bandar nya kalo perlu bakar bandar nya depan masyarakat,0
info judul openingnya,0
om ded tulung jagakno wong iki pray,0
bang fer satu aku tangkap sejak aku umur smp suatu hari kata semua pihak hasil berantas semua judi online indonesia meski mustahil maksimal paling berantas an paling2 jadi resmi kalian semua siap dampak baik buruk dampak buruk aku ambil contoh satu udah sangat jelas dampak baik judi online kalian pernah suka nonton film gratis baik situs ilegal maupun facebook kalian siap hilang semua simpel aja coba liat iklan salah satu bukti sebar judi online memang bener2 udah mana libat pihak2 mungkin bahkan kait judi sama sekali mungkin bener2 baik bukan ilegal dapet backup judi online kata hubung didik kalo kalian bener2 ken judi online hilang silah hilang istilah judi haram kalo menang gpp h3h3,0
sehat selalu mas fery orang2 dongo cinta judol tangkap semua,0
mauliate yaa bang sehat selalu mudah heart,0
taik bener ampe ancur daya beli masyarakat bangsat2 segera berantas abis bravo prabowo u can do it,0
ntah artis keluarga besar mana tokoh besar mana lindung promosi judi penghianat bangsa pokok penghianat bangsa dinegri buru jangan lolos kali gua respect banget sama lu bang jarang orang berani seperti bang moga tuhan kati lindung bang irwandi pray saluting face,0
entah bener apa ga gw kok ngerasa audio lu kurang bagus apa coba ganti mic bang,0
benar indonesia pernah kasino besar diasia tenggara las vegas indonesia marina city batam sekarang terbangkalai sisa2 yg buka kedai situ thinking rana judi online lah orang ayah sanggup jual anak yg bayi utk lunas hutang judi thinking jadi indonesia jgn mengata2 negara orang ga regulasi tega hukum skrng judi online besar dunia indonesia yg aneh main judi online indonesia muslim taniah indonesia raya merdeka,0
https youtu be hnr6oq1wmna si lnjfassk vjixri5 artis jadi bandar,0
masuk neraka yg bacup judi online,0
viewers channel2 banding lurus dgn iq rakyat indonesia,0
seperti berat bang ada mexico tahun 80an cry,0
ayo guys laku masif gera berantas judi online pensive pray,0
mana berani bang akar udah jalar kemana2 pesimis kalo pak wowo mau bersih2 bikin rakyat bangga harus ga pandang bulu maaf pak anak bangsa udah banyak rusak mati udah banyak,0
jadi fresh pas potong rambut joy,0
sy tdk yakin merka 8jt kagak mukin 10x,0
pascol dadang beton gimana nasib wkwokwow,0
aduh gimana si pak jokowi ko baru ungkap pas pak prabowo resmi jadi presiden,0
chanelnya vie cebhol ngungkap artis ikut ngelola situs judol,0
bukan maksud lindung seleb artis artis besar sekarang banyak banget ai video artis ubah jadi promosi judi,0
pdip gitu looh korupsi bukan cuman sumber dapat nya,0
mantap om,0
bang sadbor ko cepet langsung tangkep tpi dlu streaming esport ngga tangkap padahal gede gede sawer bang,0
pemuda berani,0
nikmir promosi judi wkwkw,0
bang ferry doa moga allah selalu lindung jalan mu,0
ferry irwandi have a great health and not suicidal,0
hukum mati dong sm aja ngajarin ank ank bngsa nyuru ajar main judi negeri mcm apa klo isi pemeeintahannya jahat jahat kelas kakap masa lindung sungguh kejam dn sadis jabat jabat negeri rakyat hebat baik tpi jabat pemerintahanya smua jahat sungguh hati iblisss,0
kalau kau kenapa2 turun,0
orang menteri nya aja banyak yahudi pesek jilat zionpenis,0
bang moga tetap lindung tuhan heart,0
cerdas lo bang intelektual,0
lah gua ga sempet nonton live lu bang lu baik baik aja kan cry,0
yeah kau pilih prabowo harus rakyat satu kritisi prabowo angkat orang yg gagal spt budi arie jadi tri kalian pas pilpres kemarin suka joged joged suka desak desak tabrak tabrak kali satu tri yg bukti gagal jangan dipake yg rugi semua,0
temen gua si ijul ama ade gua sipahmi ngentot maen judi wae bangsat emang,0
doa gua indonesia moga berantas judi online bener bener usut tuntas usak generasi anak anak gua,0
makin viral makin bagus rakyat tau judol sangat bahaya thumbsup full moon with face,0
yg kata oknum coklat aja kalo kantor nya suka maen ngab kadang suka mabar slot suara gedein sweat smile terus kalo rungkad pas gua nganter makan malah kadang gua kena omel kan aneh joy joy joy,0
telegram msih bnyak tu bang,0
promotor keci tangkap selebritis kok cuma periksa,0
prabowo berantas korupsi cuma omong kosong manusia jijik gentayang,0
bang fery orang baik moga ikan sehat lindung allah orang dholim menyakitin,0
jaga sehat bang irwan blush,0
bingung bang artis besar yg duga promosi judol periksa bilang gak tau kalau judol kelas artis besar loh yg mana punya manajer tim kok gak tau kalau judol sweat smile,0
bahas soal sabu2 yg tdk kala rusak masyarakat bang,0
the professor sergio real live,0
inti rantai besar yg pegang kuasa judol yg logika komdigi kominfo suara stop judol nyata komdigi transaksi aman situs judol mungkin kominfo libat,0
sikontol nya beri izin nya judi online sama game hdi hancur masyarakat negara gara gara bitang semua,0
dukung prabowo liat mampu ga prabowo resin judol gua siap pindahaluan kalo prabowo mampu ngilangin judol promosi judol sampe tahun,0
facebook banyak banget bang nge live judol waktu tanding bola malah banyakk banget,0
pery jangan minum makan tempat2 undang takut racun,0
blokir slruh apl vpn,0
bang ferryirwandi bahas narkoba donk bang penasaran gw,0
nyala kie si amang ey wani heart,0
bandar tetap pernah sentuh rasa menang sukses tangkap sadbor operator situs judol perang bandar lah yg jadi menang detik nama bandar yg edar nama bandar menang 2x pertama menang duit rakyat dua menang jerat hukum jadi rakyat sadbor ganti diri masuk sel,0
kek proffesor wkwkwk,0
jodol negara rugi apa coba rugi jabat pajak kurang pasu joy,0
hubung sama pinjol nih buat judi online main kalah sdh rungkad solusi yg sdh sedia pinjol rofl rofl bagong bukan rofl rofl,0
promosiin tangekepin punya situs bekingin fire fire,0
gilee visual videolu makin lama makin improve aja bang,0
bg izin kenal bandar gmna cara lapor bg,0
hukum mati lindung judol masuk anggota kominfo yg belindung ketek judol,0
youtube besar jugaa karna orang besar iklan judol,0
paling pergi luar negeri joy,0
orang lah kabinet perintah indonesia,0
kalau perintah andal saat rakyat satu sama2 rang fire sehat2 selalu bg semua,0
katak bijer gimana kembang nya bekuin ga sih atmnya smiling imp,0
first komen gw semua sosmed bang sehat sehat terus bang ferry warga sipil semua dukung gera,0
900t tahun duit kabur negara tuolol bet yg judol monyet lebih pinter jirr,0
terimakasih udah wakil bng pray,0
gas bang feri nitizen sama,0
kerennnnn lo pahlawannnnnn prof money heist innocent,0
bahas mafia sepakbola indonesia bang,0
sekarang siapa percaya pemertintahan worried,0
duga laku malah pindah kantor enak bener kwkw,0
bang situs situs kelas ber operasi situs aku buka,0
alay,0
gua kadang heran pas malem orang mau beli puksa dana top up apa yg inti cuma mau depo gua orang gak punya gua kerja biar beli yg gua mau biar ngasik uang ortu saudara kok orang mikir kerja gamoang dapet uang banyak otak tinggal mana rasa yg candu lewat tolol,0
tanya main total rugi ratus triliun rupiah hasil seluruh main akal pikir sehat arti kalian ujung2nya kalah menang,0
kalian sampe g sadar kalau cuplik dialog total politik gestur gertak uda ferry irwandi kira bapak sebut perlu diinterview seperti beliau tau banyak,0
pinter berani adlh yg sangat takut suatu rezim abang heart heart heart heart moga tuhan yg maha esa selalu jaga bang ferry,0
sehat terus bg feri moga selalu lindung,0
gw sebenernya benci harus indo sekarang produktif bikin sdm sdm bagus bikin sektor sektor jasa yg modern malah halang ama masalah judol gajelas,0
bang fery udah tinggal hehehe,0
real the professor,0
al siapa yahh,0
kok budi arie gk,0
sering wa judi online detik disappointed relieved disappointed relieved disappointed relieved,0
yg lucu ga tindak sweat smile joy padahal dah tau yg miris medi4 cuma kasih info ngabarin2 doang padahal semua org jadi lapor minimal bukti mula cukup sweat smile,0
buat sin city aja indonesia,0
lg ngecek apa buzzer fufufafa sini,0
al siapa kalau tahu,0
rezim mulyono bangsat usak bangsa,0
udah seringkali gw rasa sedih baca berita orang yg unalived him herself gegara judol pinjol padahal ngga kenal korban sebut sama sekali gw jadi tanya tanya hari hitung bandar bandar segala orang yg libat baik lansung maupun langsung atas korban korban bakal ganjar akibat kerja moga iya aamiin,0
sesimple imei kalau ilegal deteksi beda mau,0
gin bro org2 oon ngga langgan netflix joy klo ketangkep tanya details siapa yg libat tembak mati selesai ribet banget,0
lebayyyyyyyyyyyyyyy ngomong bawa mati berita aja udah banyak beritain bukan loe doang,0
fist,0
suatu bahaya tonton tau siapa laku siapa bahaya,0
rang judol mantan main judol alhamdulillah tahun henti,0
siapa benar al,0
munir berapa,0
trending inimah fire,0
teeee sattteeee joy,0
addsense iya eksposur iya endorse iya viar iya pake ajak2 masyarakat sipil segala gandeng bos aja punya logo kiri atas lemah buat ngelawan bagi government nah loh,0
i m with you bang against judi online,0
bang gw betul semester akhir bikin karil dampak bahaya judi online gw sama lu bang fire,0
apa kabar bang sakit ga,0
katak cuma cecunguk sok jago,0
gua salah satu main judol cuma gua sadar bahaya nya judi beberapa temen gua gaji nya bahkan mes judol jadi gua dukung penuh bang ferry buat berantas judol gua main judol yg takut takut buat depo gede gua pake akal gua buat main judol cuma sayang nya temen temen gua yg kena dampak jadi makin ga karuan kadang minjem gua cuma buat depo jadi moga aja judol indonesia hilang jaman normal aja dah judol judol,0
naudzubillahi mindzalik lahaula wala quwata ilabilah hil aliyil adzim moga allah hancur bisnis judi apa bentuk aplagi struktur massive sinting siih perkara haram larang keras agama,0
susah bat sadar heran,0
cocok lu jadi menkominfo bro gua dukung,0
emosialna nya dapet bgt bang fer moga video tonton orang orang luar sana trendingkan yuk please tuju bantu share like heart heart,0
siap jdi follower bang klo yg ngajak duel dri pihak judol,0
ga sih satu komunitas buat berantas judi online gua ken ikut banget gua korban judol banyak teman gua main judi online miris banget sumpah gua bingung cara musnah judi online gimana,0
judi on line seluruh indonesia hrs basmi berantas skar2 nya hkm seberat2 nya bu mutya,0
ada oknum tegak hukum yg libat blh sebut nama bila,0
wow,0
indonesia butuh banyak orang berani kaya antum bang sehat sehat selalu bang ferry,0
klasz bang ferr,0
tangkap budi ketua projo ajg,0
waktu revolusi,0
opening aja katakata antum keren banget banget bang moga gue punya akses buat bikin konten kayalo bang buat basmi nama judool,0
judol bukan buat orang hilang uang aja jg hilang keluarga pasang anak usaha kerja kendara tempat tinggal sehat teman sahabat kolega alias hilang hidup,0
inisial al anjing liar,0
pret,0
ferry irwan musuh alami naga langit,0
kodok zuma emng perlu periksa pas jadi kominfo beliau,0
ku suka gaya bang,0
gua takut lu mati kira kena santet bg smiling face with tear moga lu panjang umur jauh marabahaya malapetaka,0
analogi suruh jagain kandang ayam biar makan anjing malah lindung anjing biar leluasa makan ayam kasih jatah daging ayam si anjing smiley clap clap clap,0
budie arie tri partai mana partai pasti minta jatah kader nya yg angkat menteri open mouth,0
gw dukung bang walaupun buat gw laku judol bukan korban perlu kasihan,0
pik tuh isi bandar judi onkine kroco2 buka judol server myanmar kakap pik ngga polisi hebat kan sweat smile,0
tahu spil nama al,0
semangat banggggg,0
negeri geriku joy joy joy joy joy id,0
mantapppp mantappp berantas judol,0
semangat bang moga sehat selalu selalu lindung tuhan,0
keluarga fufufafa pasti libat,0
nyali ente memang gak ragu bro clap panjang umur juang moga bung feri keluarga lindung mana ada aamiin,0
lu tau kalau liga basket konoha main gaji duit judi,0
walaupun sampe tumpah darah jadi gw tetep dukung lu maupun ideologi nya bang fer muscle,0
nyata banyak tuh buka,0
parah si permerintah,0
jaman gw kecil jaman grehoun anjing balap snayan ah mah soal biasaa,0
all in dukung bang ferr lanjutkaan gassss fire fire fire,0
lama denny cagur lain tangkap berantas judol hanya buah citra,0
alhamdulillah gak pernah main judi online meski banyak dulu temen2 buat sw pas hoki hoki nya tetep gak tarik gak ngerti cara main hehehe,0
loe engak mati sia sia kalo loe dor c budi bikin kaget,0
akhir proses sekian lama gegat pak budi ari pakai terus nyata rencana pak prabowo biar kabur kamboja joy,0
jadi satgas judol dlu guna apa,0
anjirt rispek edan bang gilak thunder cloud rain krna gw jg ad masalah personal sm tukang slot tmen2 gw jg ikut kena getah gr2 fak ngelakuin apa dapet duit bwt ngeslot sial siapa hajar anjim orang polos yg kerja mati2an hemat sana sini bwt nabung hajar jg asw gw salah satu korban damn,0
sambo ajah libat joy,0
aya2 wae gak mungkin judi online berantas emang jabat aparat tegak hukum kuat nolak duit judol joy joy joy,0
inget tahun lalu semua usaha gw bangun ludes rumah tangga kacau gegara judol alhamdulillah sekarang paham berapa bahaya nya main iblis cry,0
al siapa njir,0
kereeen baang sehat selalu heart,0
terima kasih bang sangat berani suara hormat buat salute,0
bandar mukidi dijamanyapah konoha jd negri yg subur pinjol judol,0
situs bokep walaupun udah blokir tetap,0
kereeeenn,0
judi udah sadar edukasi kl scam tipu2 tetep aja main biarin lah biar acur hidup,0
chanel nya md universe wajib mampir sana,0
baru tahu chanel benar sbg sama anak bangsa ucap banyak tksh hormat atas juang selamat nasib hidup anak2 bangsa yg lahir besar dgn juang korban yg mudah sedikit,0
banyak sekali penghianat bangsa negeri bgst memang penuh manipulasi tegak hukum kominfo dulu taik temen gw sendiri yg masuk mobil propam polri sendiri bandar atau tangan kanan bandar fasilitas biar aman banyakk anjingg perintah rusak moga bpk prabowo sembuh negeri pray,0
si kodok udah kena blm bang sok cool tuh bocah,0
bang ferry stay safe cry saling jaga org dekat bang ferry,0
kominfo kont l,0
latar belakang bikin tantang santet sering ancam sama an,0
ayo dong bareng2 satu brantas judol yg resah jngan ragu tag kominfo brantas judol bnyak bngt live konten kreator yg promosi situs judol,0
judol anjing memang oknum perintah yg belakang judol hukum seberat2nya anjing lah judol kalo ga judol gabakal se buruk mental anak muda udah mah miskin kasih judol kan anjing semangat bang fery,0
raised hands raised hands raised hands fire fire fire boom boom boom,0
kerenn lu broo berani lawan judol,0
kalimat sederhana penuh makna bang ferry judi ga hilang muka bumi judi online buah manipulasi sistem mindblowing,0
judol judi online marak sulit berantas republik boss judol punya jet pribadi sunglasses fire,0
juang kebenran sangat berani makanyanorg abg sedikit moga tuhan lindung bg amin,0
wait until bro becomes the next munir skull j,0
hilang ny chip hdi gara kominfo biar situs slot makin kembang,0
kata2 hari bang gue gak takut mati gue cuma gak mau mati sia2 si,0
al sahaaaaaa,0
tonton woi chanel deduktif indonesia,0
moga perintah samping berantas judi online ngasih ruang game hasil saldo dana biar alternatif pasu buat ngobatin masyarakat loss akibat judi,0
asa case cerita kecil lu punya sama cerita nya mulu bang sob bilang growth sih hidup lu bang,0
orang orang goblok berantas duit haram masuk tubuh semua tindak dunia negatif masak bayar pajak pakek duit judi joy kan goblok joy rofl,0
bang perlu ga sih pulang wni yg kerja admin dikamboja thailand filipina,0
katak bangkong,0
bangun partai apa kan ku laku projo fafafufu,0
tiba2 su udzon al joy,0
semangat selalu bang good job jangan serah sadar orang orang mabuk judi,0
kriminal mungkin hilang dunia hindar,0
jangan lawan katak lah buang energi lu bang sia sia,0
keep up,0
si darto helm bakal seret moga aja nyanyi,0
judal judol mulu kyk g konten aja umum wajar klu hrs berantas judol,0
mnurut manusia yg sngat luar biasa,0
al siapa ages okease info reng update gak maen x thx bang ferry,0
gas terus pakkkkk dukung,0
respect arti lu belan lawan polisi semangat,0
yaa lgi2 cukong2 klo bukan jdi koruptor gembong judol pinjol mereka2 lgi joy joy,0
nyata adegan film memang dasar nyata banyak film indo sesuai ada negri warga sipil sekali mungkin narkoboy sangkut paut bagi politikus haus harta,0
terima kasih bahas kena bang salut,0
tadi nonton benix sekarang nontong bang fery the real aksi nyata bangun negri warga sipil biasa,0
kominfo komdigi baru kemdagri data2 pribadi masyarakat ragu bilang aman,0
joy awas bandar gede biasa ganti kulit kek ular joy joy joy joy joy gak percaya gw biar sekalipun pak presiden prabowo berantas judi nihil biasa istana butuh cat baru sunglasses,0
judi slot nyeret banyak kalang miskin sampe orang pinter ikut kena orang yg ga pernah main slot kalian masuk bagi kecil manusia untung,0
kalau akhir bukti suara hukum mati dikoordinir bang,0
inalilahiwainalilahi rojium,0
insyaallah bung insyaallah suara lebih keras walaupun dalam kubur fire moga jangan dulu perjuanganan panjang pray,0
main slot hampir tahun alhamdulilah sekarang henti main slot karna sering rungkad jadi tobat sekarang ganti main judi bola lebih sering menang,0
bangg maaf belum lu mirip banget sama the profesor series money heist sumpah joy,0
inisial al siapa yaa,0
semangat bungg,0
lucu kominfo kinta blokir judol twrnyata dalang orang kominfo wkwk tolol instansi,0
katak bhizer bocah marem sore jago dongeng bang jgn suruh nyari lu suruh lawan gua dulu,0
aku dukung lo bang berantas judol muka bumi negara,0
muka copettt,0
pak presidennn dengarkannnnnn,0
tp kalo bilang mau blokir sampe kapan kaya bakal deh bukan masalah judolnya tp karna sdm yg mau banyak yg mau main mau diapain situs mau blokir kaya gimanapun ttp aja yg tagih main bakal cari celah buat main judol udh kaya lingkar setan aja,0
gas lah jeblosin aja budi ari penjara main,0
bang hidup kan kata lu mai santet sukun ehh dukun joy joy,0
semangat juang bang,0
al lim oouww shit ngakunya turun konglo,0
kamu kelas bang pray,0
gw tau channel rekomendasi bung fiersa besar salah satu video tahun lalu langsung gw cek channel video2 sangat2 mudah paham guna literatur bahasa baik susun kata keren terima kasih beli cahaya ilmu sukses sehat terus rang negri ilmu,0
suka banget sama bahas bahas bang ferry saran dikit ni bang suara lebih kenceng biar lebih jelas sering ulang ulang terus kurang jelas suara bang,0
panjang umur yaa bang aamiin aamiin allah yuuk warga pribadi masing2 merdekaa kan diri kalian dgn lepas dr judi online,0
facebook benar banyak tuh bang yg sebar judol terang terang coba aja menu cari tulis kata slot gacor muncul semua tuh sebar link judol moga bang ferry dengar coment blush,0
sikat habis judol bikin uang indonesia habis,0
mati juang bukan cundang doa selalu serta juang bang ferr,0
semua dampak nigatif judol solusi legal judol,0
gw kawal lo bro bisa gw,0
semangat bang gk bantu apa2 doa sama share2 tipis konten lo,0
film bagus no more bets yg layak tonton makin sadar,0
abang eks menkominfo bakal kena yg tahu semua,0
gw cmn bantu like biar viral tuju biar makin bnyak yg mantau kodisi lo bang kalo tiba2 lo knp2 yaa trbukti valid yg lo blng konten,0
gilaaa fire,0
sangat presisi guna data inteleijen percaya lanjut bang ferry,0
youtube trendingkan,0
btw kalau benar jadi hilang nyaw a u tau cara jadi tokoh sejarah yg baik bro keren and salute buat u ferryirwandi,0
gue bikinin extension chrome auto blokir situs judol,0
initial al siapa,0
bang ferry lawan judol guru gembul lawan ba lawi habib2an yg terus sebar bodoh masyarakat musuh ga main2 lho dg mudah lenyap dua orang jd jangan anggap remeh juang dua dlm lawan kebathilan tugas memang peduli dg bangsa support dua,0
satu kata lawan terus bang,0
stay safe bang ferry pray pray pray,0
sama orang waras bung ferry irwandi fire terimakasih cerdas bangsa,0
gila hati2 nyawa lu bang,0
pak presiden lindung orang,0
moga film no more bets remake indonesia film nya bagus nyata judol sangat banyak backing an buat milik judol alas salah main serakah egois kerja judol masuk lingkung bahaya mau ga mau lanjut terus kembang keluar lapor polisi tempat kadang takut pintar apa main ga bakal menang terus rugi,0
yap berfikir sm,0
kembang judol ganti kulit bang sunglasses sama kek bandar narkoba bosan sama sama orang ganti ganti t aipan muka muka semua bayar receh joy joy joy joy joy hehehehehe becanda masuk akal kan sunglasses salam akal sehat,0
tenang bang netizen belakang abang,0
nahh gin dong,0
bismillah kak gue selalu support doa orang2 baik bakal selalu alir buat kak sehat selalu kak buat konten educatif informatif heart,0
sikat mas,0
telegram adl sarang kalo nemu report tada,0
bang banyak cewe2 ig yg promosi judol sangat resah,0
betul bang dagang ecer ngeluh omzet nya turun,0
nonton video bang ferry lanjut nonton video md universe kupas habis soal judol,0
bang si budi usut bang,0
dulu gua punya tmn gk pinter bngt fun lah ajak main ketika ubah kenal judol raut wajah ubah derajat trs jadi sering bohong bagai alas temenan gk sedeket dulu punya sibuk masing raut wajah gk bohong tiap ketemu gua gk asik kyk dulu fuck you judol,0
ah masa ba ga tau menteri kalo kubu jahat apa bakal lindung ucap si ba,0
seperti mr x tolak jakarta runding pak gemoy belenggu lingkar nasionalisme patriotik vs mafia yg tinggal jejak hitam yg akar republik konoha,0
yg penting play store vpn hapus percuma situs judol blokir kalau vpn jamur play store,0
harus jadi tri ekonomi sampean mas fery fire,0
jdi tri menkominfo gagal ehh angkat lgi jdi tri laku siapa tuh jngan jaho puji yg bagus n baik aj tpi kritik dunk tuh yg angkat tri gagal jdi tri lgi,0
bobrok segala lini keren pegawai yg gaji pajak,0
akibat nya koruptor jinak ham kpk polisi,0
emak gila paleka dya stop judol dya main akun2 bodong nya,0
ler marsha aja sweat smile,0
wahai judi akut sadar perintah brusaha bang irwndi brpuluh conten mnyadarkan kalian msih sja trnsksi judi tinggi mau gimana ingat mnylmtkan kalian diri kalian sendiri smngat yok sudh akut berhnti heart,0
plis bang kalo lu tau bagaimana berantas judol berantas bang kasi temen2 gue yg duit gaji abis terus judol akhir minjem duit sana sini judol lebih bahaya dr narkoba gantung,0
judi online pay later ngutang emang udh salaahh akar gabakal baik jg hasil open mouth dash,0
opo ki,0
merinding gw bang denger kata2 akhir lu,0
kominfo anyng fcvk musuh selimut kominfo,0
kawal terus bang ferry sampe judol musnah,0
gwwwwwwwww asliiiiiiiiii kagum sama lo,0
mntap nih,0
kadang judi bukan betting online banyak sekali aspek jadi celah judi,0
ngeri2 sedap take a good care of yourself bro,0
emang anj g kominfo,0
al cukong besar milik gurita bisnis dri jabodetabek batam kalsel bisnis legal hukum memang cuci dana besar judi online jangan cari internet kerak bumi tak deteksi,0
bagi rakyat y goblok diam tindak oknum2 jabat aparat oligarki goblok rakus babi hina kotor manusia maling uang rakyat y hingga ratus trilyun maling kaya alam negeri hancur khianat bangsa bangsa hidup sejaheta sumber daya alam limpah ruah negeri,0
sebener nya jaman nabi judi emang sulit branstas semua gantung dr diri sendiri bang ngapain berantas judi online buang buang tenaga buang buang uang banyak korup liat kamboja negara gersaaang tp legal judi liat angka pengganguran paling kecil se asia nya yg berantas oknum oknum korup yg bikin negara ancur judi online bikin ancur negara apa kabar las vegas tau judi online banyak negatif nya tp positif nya bang,0
assalamualaikum bang coba cek aja nama yg bau jodul langsung sikat bang nama2 kaya band gt main jodul,0
punya nama tak berani sebut gmn rentet sih legal turut kucing2an klo legal beri pajak,0
izin share pray,0
rusak berat bukan dar libat laku oknum,0
moga lu sehat panjang umur bro fer,0
emang taik si arie budi joy joy,0
alhamdulillah udah umur pernah kenal judi mau online atou offline slight smile,0
perlu sosok batman hadap ghotam country sayang fiksi komik,0
tag gerindra guys cepet,0
uang sisa biasa pakai jajan sekarang dipake judi umkm jerit ga beli lawan judi ampe akarrrr,0
definisi benar sdm rendah indonesia kasih otak bagus gak dipake aja judol jadi ajang rubah nasib,0
superhero,0
nonton nonton md universe bikin engap dada nyata semua spil tinggal berani hukum aja keinget kata kata gusdur negara takut nah arti omong gusdur gw ga ngerti maksud apa banyak tafsir moga bawah komando presiden prabowo beliau babat habis sema mafia,0
jangan blokir situs blokir gamenya situs biarpun masuk situs maen gamenya kalau situs juta server gamenya server analogi masuk situs p0rnhub masuk nggk nge play video kira2 bakal males nggk,0
sikat yg lindung judol,0
gas terus bung fire,0
usut budi arie bajing libat,0
gausah takut sama santet bang dukun zaman sekarang dukun google,0
yg tunggu lama satu langkah,0
salut bang,0
muka aja udah muka mafia sang backing fufufafa,0
gw tahun lalu udah keras bgt masalah judol gw usaha bidang it gw selalu nolak project judol project yg rugi banyak orang sampe instagram gw story tiap tahun ngomongin judol udah tahun gw berisik cuma gw gapunya power blush tp tetep gw bakal berisik terus,0
allah lindung negara,0
semua instansi indonesia banyak mafia wkwkwwk,0
g mungkin presiden g tau,0
statemen paling ngena judi memang berantas muka bumi judi online beda case judi online sistem manipulasi yg rugi banyak pihak hingga negara rugi tahun long live resistance what we do in life echoes in eternity,0
bayang nyari duit kerja hari panas panas uang judol cuma makan mie doang itu hutang cry gua daya gua makin puruk mohon hilang judol,0
kalau judi online udah tahun tahun gak hilang presiden kapolri ppatk menkopolhukam tangkap adil karna semua libat,0
ati2 bro real sultan kadang kejam,0
halo budi ari beking perjudiyan kkayaanmu uda ratus miliyar pulngin uang rakyat kecil yg pda main judi karna judi suami bunuh istri jual anakkandug bemi judi uang haram rakyat miskin ygn timbun budi uda bau tanah perak aj uang haram bakar kubur tihati buat ap numpk uang judi yg main judi org2miskin,0
bang gua bener bener terima kasih sama rani lu bang makas buat close the door buat dukung berantas judol ampe mampus,0
bang lu mirip bgd dh sama professor money heist opening lu mirip2 money heist wkwk apa emg sengaja,0
yg tau inisial a l,0
miris malah harga j kwi,0
wowww,0
al wajib bold red,0
polisi korup ditangkapin cuma kroco2 teri jelas ketua tri cuma polisi berani kasi kroco2 teri ditumbalin,0
kalau semua tindak sangar mudah basmi judol beking jadi kapan gak,0
fire fire,0
bagaimana cara nya biar video nyampe pak prabowo guys bantu up dong punya power situ pray pray pray biar pak prabowo langsung turun tangan tunjuk sehat sehat bang ferry irwandi pray pray pray,0
bejat ini negeri,0
soal judol mungkin asing kalau libat beberapa etnis indonesia salah satu etnis pengaruh ekonomi etnis c na laku startup hampir seluruh tuju judi online tsb banyak narkoba black market mungkin banyak kalian warganet ga sadar start up sangat sangat licik kotor,0
wah nyata dota player nih om ferry thumbsup,0
artis promosiin judol gak tangkap,0
benci bngt gw sama judol banyak teman keluarga yg hancur gara gara,0
tlg seru nyata perang judol,0
sekarang mungkin judi jadi biasa bagi masyarakat gin laku mungkin aja liat vidio tau apa dampak nya yg akibat utk diri nya negara aja laku yg nama darah daging,0
sama kaya lacur terus lama konsumen solusi gue sih kan udah jelas kitab suci judi haram kalau orang moral tau judi haram ga bakal mau maen judi n lama2 kl ga konsumen tutup dah situs judol,0
meminimalisir laku judol baik cari tau dulu banyak pria kelas ekonomi tengah yg giur judi karena minim lapang kerja pria dapat yg kurang cukup butuh,0
cuma yg ecek yg tangkap,0
maju terus bang,0
siapa nih biang,0
saran bang fery kerja sam dgn aparat kepolisia sintansi pemerintaha yg medukung krakan karna mau mana mreka mjelama mjadi organis jaring yg kuat akar kemana2 jgn takut karna sipil sama,0
please fer tlg suara terus berantas judi online gua korban uang gua habis gua capek kerja itu yg jadi lingkung gua semua hasil krja bandar sumpah negara puruk,0
gara2 judi online banyak ngalamin dulu karyawan sendiri banyak yg ngegelapin duit gara2 tagih judi online makanya skrng kalo denger karyawan suka main judi online langsung pecat udah ngerugiin usaha banyak alami banyak ngegelapin duit usaha cheating kecil2 an tagih judi online emng berantas yg kaya begini kalian yg main judi online kalau kalian mau kaya kerja bukan main judi ken bgt ngomong kasar sumpah,0
budi arie sang ketua projo pro judi online mahjong sneezing face,0
download video biar pas takedown blush,0
gimana asa bandar nonton,0
kawal bareng bang,0
beking udah enggak rofl kaya pindah kuasa baru klon baru joy putar roda perintah joy isu jebol data hapus data jahat joy,0
akibat kasus percaya publik kominfo jd makin jatoh walaupun oknum udh ketangkep tetep bakal stigma gua ahh paling yg ngeganti,0
jauh lebih bahaya drpd lu nantang ilmu santet open mouth,0
btw opening song nya apa yaa,0
nyata benar hero perlu pakai jubah nyala bg ferrr fire fire fire,0
semangat bung,0
waduh bang lg nonton live ritual nyantet kamu kog video yg tarik yaudah aku sudah ritual nonton video ingat ferry santet kamu next time rage,0
gas bang tetap kasih informasi edukasi,0
aneh budi arie dgn catat gagal pimpin kominfo justru percaya jadi menteri face with hand over mouth,0
tangkap denny cagur promotor judi onlineeee sampah lawan judol pantek middle finger,0
kawal bang ferry fire fire fire fire fire fire fire,0
moga allah swt yg maha kuasa atas segala maha lindung peluk erat malaikat2 lindung jaga ketat aamiin allahumma aamiin palms up together moga catat sbg amal baik mas ferry palms up together heart heart heart heart heart,0
untung jokowi lengser kini pak prabowo tunjuk bukti era jokowi judi online brutal rajalela koruptor buru uang rakyat yg korupsi rakyat tindas peras penjara bnyk rakyat yg tak salah lalu jadi sangka penting jabat pelihara perintah era jokowi bnyk raup uang miliar triliun kini tang pak prabowo muncul borgol anjing anjing pelihara yg korupsi uang rakyat sampe akar akar basmi seret smua koruptor koruptor negeri pantas hukum hukum adil bobrok hakim hakim penghianat bangsa indonesia polisi polisi lenceng dr adil segera brantas polisi pungli polisi yg cari cari salah rakyat yg buat rakyat jd korban polisi nakal bila perlu tni segera turun pukul polisi nakal seret adil indonesia rakyat sejahtera,0
breowok an bang mirip jhon evan end game thumbsup thumbsup thumbsup brantas semua bang jg baru dapat alam yg sama hny bs lihat bs buat apa2 saat orng dekat tak bs lepas dr judi online sedih marah tp hnya bs milih diam trus lihat hancur perlahan dr jau sob sob sob,0
memang susah kayak bang mantan mantan menteri nya pak mulyono yg jilat bukti salah politik balas budi politik saling sandra,0
temen yg ber profesi jdi money changer online utk judol stor salah satu instansi yg pusat dijakarta sebut mab jumlah per minggu 40jta nanya brapa orang kira2 yg sperti indonesia jawab kurang lebih an orang kali betapa lahan basah judol baru bidang money charnger aja bandar judolnya jadi mustahil kalo judol sampe ilang indonesia salut buat bang fery manusia sangar abad fire fire fire,0
sikatttt bang,0
penghianat hukum mati,0
menteri kominfo belum banyak foto bendera bintang daud bayangin kalo negara bintang daud sebut minta data2 rahasia si menteri dgn sukarela kasih semua buat negara yg percaya bangsa pilih tuhan sebut cry,0
yuk siapa al guys bantu jawab bawah point down point down point down,0
kawal ketat fire,0
gasak judol gasak era indonesia jangan diam diam diam injek terus,0
pantesan dana milyaran kominfo cuma bangga hasil blokir situs abcd pernah serius berantas judol umum eh nyata banyak situs efgh yg lindung bahkan jembatan pelihara joy joy joy ibarat nangkepin maling yg gak kontribusi utk sisi lindung maling yg selalu setor bagi hasil maling rofl,0
al siapa sweat smile a sweat smile sweat smile sweat smile,0
kaget w rasa kagak,0
selidik,0
kagum definisi nyali cerdas analisa jiwa sosial jd,0
mau curhat sedikit umur pria asal batam meni kerja pegawai swasta punya samping olshop tabung sekarang sisa 200jt cry cry benar tadi 400jt karna jerumus judi online bbrpa bulan habis 200jt cry cry awal november piala dunia mulai ajak teman main taruh terus jadi belok main judi lain sempat henti lama main seru seru sedikit jelang piala euro kemarin juni juli awal main casino menang 50jt terus makin candu main besar akhir malam kalah 150jt tambah lgi 50jt bulan kemudian sob sob sob stress bulan lebih karna mikirin tabung kurang tengah betapa enak hidup kena judi ingat teman2 jgn pernah mencoba2 segala jenis judi main 5rb bikin kencanduan main besar hilang banyak uang sadar lama kurang syukur apa milik jauh agama cry cry janji guna sisa uang tabung lebih bijak sumpah mau judi november,0
al siapa al,0
kalo katak beneran nyari lu bg gua siap turun,0
sore tadi berita orang bunuh diri lilit hutang akibat pinjol lokasi ngga jauh rumah ane,0
lawan judi online,0
kira2 beneran jadi indonesia emas udh tolong nih,0
big resfect,0
bang bahas pinjol,0
siapa al yg tau,0
dota lounge joy btw sawer game banyak banget emang yg situs judol banyak sponsor dota skrg situs judol hmm,0
ferry irwandi is not suicidal,0
buat orang orang jahat nyawa manusia lebih harga serangga jahat jahat kais duit rusak moral terus biar pasti tambah kaya tambah kuat sentuh sentuh coba bayang sendiri nasib anak cucu masa depan apa contoh negara negara sering lihat berita maupun film film,0
stay safe mas moga lindung nya aamiin yra,0
budi arie masuk sekali,0
ketua projo sweat smile makanya pakai karna kontestasi pilpres projo all prabowo moga pak probowo tetap ria siapa libat judol basmi amin,0
budi arie taek mulyono lebih taek karna punya anak buah projo tollooollll objektif gue nilai hulu nya dr sana hilir memang sengaja goblok biar hulu nya ttep jalan kontrol kuasa cua,0
penasaran seiapa inisial a l open mouth,0
bang dasar riset analisis lo budi arie libat ga,0
bang gw siap support ampe judol pinjol lenyap,0
jelas lah mantan menteri budi arie panas dingin tentu anw sehat sehat bro,0
alas negara gak pernah maju karna bnyak org org bangsat yg aja cari untung penting pribadi,0
tangkap semua bandar jugi plus yg ngelindungin,0
aneh menteri gak sentuh hukum periksa aja,0
kali ajak by1 piso burning hall bang,0
uda jelas budi lah,0
daya beli makin turun bang gw dagang bju serba udh ga kuat hadap segmen pasar gw kelas bawah kemungknan kena judol lalu pinjol blm lg gempur brg2 bekas,0
lebih percaya prabowo sengaja angkat org2 dekat yg libat lalu biar alir adil hukum yg jerat,0
waduh bang lu lawan oknum lu tau negri cinta oknum broo seperti jaman teroris suka bom kantor kantor penuh oknum lebih bijaksana banding oknum vangkeh negri joy joy joy joy joy,0
kesi masyarakat cry,0
banyak orang takut bicara jujur benar bang ferry hilang nya hati nurani sangat bahaya sih orang peduli soal uang,0
artis steamer gak d tangkap kan bangsat,0
udah gk ngurus hacker skr malah lindungin judol tp kynya nih orang bakal aman2 aja ytta,0
lapor polisi apa,0
aku umur umur berita judi blenger tangkap kroco kroco nya bandar nya lenggang kangkung duduk manis,0
asli bang soal judol emang bikin gw jengkel bgt gw jg usaha bacotin orang2 dekat gw gk jerat sindikat vangkeii makin bikin gw emosi asn aliass pegawai yg gaji dr duit pajak yg tarik dr gaji gw malah jagain situs judol sumpah gak rela gw face with symbols over mouth face with symbols over mouth sampe akherat ge tuntut orang2 dakjal,0
napa baru sekarang bnyk korban,0
saluting face saluting face saluting face,0
se goblok goblok nya orang yg percaya sama perintah orang tolol percaya lihat depan kamera serius belakang tertawa sama blush blush,0
budi arie tangkap mafia bandar,0
moga laku lindung judi online hukum mati siar live semua stasiun tv,0
blur dong abang,0
gw dukung lu bang,0
pantes bandar aman,0
bang ferry request ngebahas si johnny somali viral suka ngerusuh negara tetangga kayak jepang sama korea selatan sekarang jepang mulai resah laku turis mancanegara,0
bukan film bapak ibuk real ayok melek keluarga,0
yakub siap perang,0
berantas judi online pake cara sisip virus websitenya ter take down gampang buka,0
al kira2 siapa guys,0
semangat bang bangsa,0
keren bang fire fire fire fire,0
mantab banget bang heart thumbsup thumbsup thumbsup,0
semangat trus bang benar fire fire fire,0
judol j nya jera stop judol,0
kata lawan,0
lu keren bang cry lelaki sejati cry,0
semngat bang feryyy sama bang main judol ngk suka konten,0
kereeeen bang ferry,0
kalau jabat jabat konoha sogok suap punya harga diri murah uang agenda agenda jelek propaganda hancur negara masuk konoha masuk agenda lgtvbbq hancur negara konoha,0
i think somebody or lets just say our constabulary chief have some nice dinner all the time but still i believe myself that how does one fell so low to play a very rigged game although i myself play a gacha game j rpg i myself never ever crossed ot use my money but rather save on the free quartz to roll but even then i don t find joy in it like i don t gacha so often now that i have collected almost free quartz i don t know but maybe this is one of the comodities that certain lizards like to sell to the mass i just hope we don t end up like america canada where everybody is drunk with gambling and fent,0
budi arie ketar tir,0
siapa inisial al maksud,0
kelaaasssss respect,0
daya beli kurang gegara judol,0
tongkrong gua aja tuh nyelot siang ampe malem gua buka warkop fasilitas free wifi yg nyelot boro boro jajan kontl,0
mantap bang moga sehat selalu jauh marabahaya amiiin,0
orang yg bahas judi biasa korban,0
asal atensi jalan mana yg berani sama atensi gak langsung ciduk borr sweat smile sweat smile,0
kelazzzz bang ferry doa baik selalu serta mu,0
hmm kek gk asing gtu si al cry,0
sikattttttt tada,0
aku pikir kalau misal nih koruptor orang pegang jabat penting suatu parlemen hukum mati jabat gimana,0
tanya manusia yg jabat kominfo kemaren apa tanggung biaya hidup pajak rakyat gak jabat,0
cecar tanya judol izin pamit toilet,0
pikir pribadi sedikit mudah kurang orang2 yg main judol barang siapa lapor orang2 main judi online beri kompensasi reward bakal lebih cepat kurang main judol,0
si budi anjing gak tangkep bang,0
jauh bantu doa bang moga senantiasa selamat sehat terus suara oknum2 adl bajing bangsat yg benar kesell bgt gua,0
si budi arie pro judol gibran cabul fufufafa segera tangkap liar bahkan jabat,0
ati bang judol bayak jahat y mulai dri jabat smpe tegak hukum yg brlindung d bslik institusi y ap lgi pampang wajah jahat y harta kaya y triliun anak buah y ajh puluh miliar bln y ap lgi ketua y cuan guede,0
udah gak kaget brader wkwkwkwkw,0
judol x pinjol kominfo x ojk,0
bang gimana kalau bikin layan adu korupsi online,0
jgn takut presiden menteri nya benar,0
ocean,0
trimakasih buat abng irwandi sdh edukasi dn bicara k bnran smnga sllu d lindung allah swt,0
indonesia id lebih baik,0
wajib trendingggg,0
tangkap si jidat lebar budi ari yg dulu kata nya data hacker terus minta tebus ratus milyar main si jidat lebar budi ari,0
al siapa kira2,0
menteri atasanya ikut nikmat,0
tenang aja beking lo ad om dedy,0
anak buah semua yg kena atas gimana yg lapor clik janngan,0
dana judol lari projo,0
gassskeun bang,0
iitulah sebab judol ga hilang2 yg lindung yg kuasa thumbsup ingat sambo,0
mister t udah ilang aja joy,0
laporin tetangga orang investor judol hotline sm polis malah yg hrs nyari bukti wkwkwkk kocakkkk lelahhhh bukan sm bandar judolnya tp kerja aparat,0
bang sehat selalu moga kamu selalu dlm lindung allah subhanahu wa ta ala aamiin yra bongkar semua jahat kerah putih,0
kalo gue gak yakin libat lah aja gak tau bidang yg pimpin apa cuma plonga plongo pas kasus hacker jg joy rofl makanya cuma dikibulin sma anak buah bilang aman bos sdh blokir situs judolnya eh nyata wordpress yg blokir rofl rofl,0
off,0
keren terus diri bang star struck star struck,0
ayo buat gera stop bayar pajak hukum koruptor jelas sah uu ampas aset miskin stopbayarpajak,0
bang gua temen kampung kalo ga salah orang kerja kamboja rekrut sbg admin judol aktif sampe sekarang kurang lebih mau hampir tahun sana fee bulan 12juta kalo ga salah,0
stop sebut oknum,0
bang luh mbahas budi ari gak takut santet via online kan mantan kominfo otomatis jago it sweat smile,0
tangkap adil,0
fire fire fire fire fire fire fire fire fire fire fire fire fire fire fire fire fire fire fire fire fire fire fire fire fire fire fire fire fire fire fire fire fire fire fire fire fire fire fire fire fire fire fire fire fire,0
anak buah jdi tumbal judol kepala jdikan tri sangat adil,0
mister t dimatiin boss judul kgk berani sama asu memang,0
abang banyak ancem kaya kata kata pisah,0
komdigi ga becus cmn ngeblok medsos influence judol doang boncos anggran cmn doang,0
fer u rock let s go,0
selamat negara cinta bang palms up together,0
baru aja beberapa hari yg lalu mas ngamuk karna dipinjemin sertif rumah buat bayar utang judolnya puluh juta mbak seret sampe depan rumah pisah sama tetangga waris istri udah jual buat nutup utang buat orang2 yg lindung judol moga kalian dapat balas tuhan buat main meski mungkin kecil moga kalian sadar,0
inisial al siapa bosque jgn tahan buka aja,0
seperti sia2 pak lama hukum indonesia koruptor keluar masuk penjara masalah hukum track recordnya mas jadi menteri masuk perintah,0
lu keren bang negara butuh sosok lu lu peduli sama negara gua benci bgt sama judol,0
nyata judol lebih sexi bubuk putih duidny bnyak kalo ketangkp hukumanya dikit bubuk putih klo ktangkp hukumanya berat meski bgtu pmake edar mas blm berantas,0
santet delay manggarai,0
stop bayar pajak,0
moga tau akhir drama sweat smile,0
goyang terus kandang bro we beside u,0
suatu kalau umur panjang cerita sepak terjang anak cucu orang pahlawan fire fire fire,0
budiari harus mempertangungjawabkan uda putus urat malu,0
yg ditangkep selalu influenser kecil yg besar aman2 aja ampe sekarang cry cry,0
video acara alfin lim udah pernah bahas tempat judol gak proses2,0
musuh sdh nyata tinggal tindak nyata yg perlu bukti,0
xianjing nyata joy,0
bang ferry katak bizzz kasih ancam hati hati bang gua harap lu selalu wapada incase gua takut orang hebat kayak lu kena musibah bang semangatttt,0
bang bagaimana live bola jala live promosi judi kedok nonton bola,0
gw benci judol hidup lingkung tongkrong yg main judol menang rasa gak adil menang kerja keras gak kyak gw yg kerja hidup kalah keluh orang yg hidup kerja gak jarang gantung hutang teman pernah situs yg blok gw heran ko banyak betul situs alternatif yg operasi judol rusak mental main bahkan imbas orang sekitar yg rugi,0
tikus memang sedang pelihara kuasa lumbung salah pelihara terus bodoh sampe tahun,0
bukan providernya ancang gamenya yg tutup akses kalau cuman website nya tutup percuma gak selesai masalah,0
influizer dlm posisi tersandra simalakama intai polisi tekan bahkan jd ancam bos judol,0
kelas king crown,0
ikut lawan blokir semua situs bandar laku backing semua yg libat tada tada tada,0
bang mungkin abang ga kenal aku aku baris abang tarung lawan manusia manusia jahanam bang stay safe bang,0
keren mas sampean tak doake slamet dunia akhirat blush,0
bissmillah bang ferry terus semangat apa baik terus lawan judol sia sia selalu beri edukasi masyarakat fire fire fire heart fire heart fire heart fire heart fire,0
gass bang jangan kasi kendorrrrr,0
semangaat teruuss bang ferry,0
kalian kaget duit lo duit kalian tau duit gak yg orang tua kalian cari ampe tengah mampus apa perintah,0
endingnya tebak benar tutup bohong baru orang yg bodoh tp punya kuasa bahaya rakyat gak sempat berfikir arah sana karna sibuk main dapat harga butuh yg naik sakit komplikasi kronis yg mati tubuh bangsa indonesia,0
asu emang orang yg bayar malah hancur joy,0
bang sparring bang shadow fiend 1vs1 sweat smile fun aja dah lama nih,0
sapaaatuuuuu,0
semangat terus bang fire mechanical arm muscle,0
rapat baris lindung beliau,0
bang basmi judol muscle,0
alas lo keluar jd pns bang tp beda dri intansi lo sblmnya tp kurleb sama kek wkwkwkwk dagel,0
bang lu punya kedai kopi w kerja sama lu bang jadi ob gpp,0
merinding gua cok,0
dulu jabat bilang inisial t baru tau gue yg maksud t ti budi arie saur urang karawang maaaah sweat smile sweat smile sweat smile sweat smile sweat smile sweat smile,0
harap pak prabowo benar2 tegas tangan masalah judol pinjol y sudh bertahun2,0
kapan tau kasus judol sweat smile,0
orang orang jabat kecut sakit jiwaaa may you root in helll with your familyyyyyy anak anak lo bakal susah dunia akhiratttt,0
wajib trending ungkap basmi total judi online semangat bang fery sehat sehat bang fery moga selalu lindung tuhan,0
tk bg kompolnas siapa inisial a l ngeri kalo ga jelas makin subur judol,0
apakabar deny cagur terang terang promosiin judol sadbor yg sawer situs judol penjara,0
thx heart heart heart heart,0
sehat terus bang,0
brave man ayo bantu bung fery,0
tarik bulan era prabowo gestur kerja berantas judol kes lebih janji banding bertahun2 era jokowi kok yaa,0
tinggal nunggu waktu aja menteri tangkap,0
gak kaget sih ogut godfather nya yg backup,0
tangkap budi arie main kasus judi online,0
updated rasi tambah tks bro alvinhidayat zafrantsany habis browsing2 inisial al ceo fintech sbb adrian li bod qraved albert lucius kudo agus lasmono wir asia anthony leong pakar digital tenaga ahli it koordinator rawan pride kalau sekira diupdate netijens tks,0
moga titik cerah ytta aja kasi laku koperasi dpt tri spt padahal mandat moh hatta dulu sangat mulia ttg koperasi,0
pantas ari jadi ketua projo emang pas proyek j udi o nline,0
bang kok reso,0
si tr kapan sih pake rompi oren sweat smile,0
bahas nasab kabib kyak guru gembul donk,0
jadi onno w purbo menkominfo cuma layak,0
al al capone joy,0
bukan salah perintah budek tolol belum kan,0
bang kalo butuh lawyer perang i will be with you bang,0
berani banget rispect bang,0
serang sampe dasar neraka fire,0
thanks,0
kata hasil tutup nyata sisa begini,0
emang udah resah banyak orang lingkung gua hancur gara judol mulai yg punya usaha karyawan pabrik salut gua sama lu bang berani suara keras,0
siapa kalo bukan pak lurah lindung skaligus bndar besar,0
angkat berita wartawan bakar rumah,0
lawan terus bang bandar influencer brengsek promotor judol,0
dedi corbuzier bahas,0
panutan,0
mantap bang juang mu,0
judol lebih rem dadi santet bang sob,0
wah habis cerita begini hubung dgn malam proses santet open mouth,0
pinjol berangus sih turut sama kejam judol bahas om,0
tinggal artis2 promoin judol tangkap contoh nya denny cagur gilang dirga nikita wulan guritno banyak,0
ahmad luthfi,0
saksi hancur hidup orang dekat gw yg seret seluruh keluarga besar uras mental finansial judol laknat sakit timbul sungguh rusak hingga kini gw dukung juang lo tuhan kalo tuhan peduli ngurus begini wkwk gak rela juta orang akhir hancur mati bajing bertanggungjawab atas semua justru ketawa perut kenyang bro ferry gw gak doain sih amit amit yg mati jangan mati sendiri ajak bajingan2 belakang semua mati bareng bareng may god save us all,0
bangg aku suka banget konten mu lu sangat berani aksi mu nyata turut kamu sosok juang indonesia benar makasihh lu pahlawan bro,0
nyawa beliau sedang taruh lindung negara warga indonesia,0
untung gw dah stop skr main dulu ba ampo pdg jg krn lingkung klo skr pdg dah baik asli gw stop gr gr lg maen kalah sepeda gw ilang yg nyolong dr ctu gw niat renti smpe detik donk kapok se apes2 nya dulu baru renti,0
tetap hati2 bang fery,0
bang anak istri kasi lindung extra pliss moga lu keluarga selalu lindung tuhan cry,0
salam masyarakat sipil sekali sedikit bagi alam pribadi dulu gua rajin bat main judol awal kenal judol teman tongkrong karens gua nikmat suatu ajang undi sifat uang nyata singkat cerita gua kerja nabung buat masuk kuliah tabung gua rasa cukup buat masuk kuliah uang gaji bagi gua pake buat judol iring jalan waktu gua sangat nikmat perjudolan gak asa gua mulai makanin uang tabung buat masuk kuliah tadi judol harap gua bakal menang atau klo kalah gua nutupin pake gaji bulan depan waktu pendaftran ulang laku tabung gua sisa total gua target waktu gua tampar umur hidup judol gua bingung cari duit buat bayar daftar kuliah gaji lama yahh gua ga ilang akal minta ringan kampus buat cicil uang kuliah modal sisa tabung gua minta tuju alhamdulillah gua tetap masuk kuliah urus administrasi gua udah kelar semua konten bang ferry ubah hidup dua utama judol jurnal parubaya,0
sumpah orang main judol rugi banget gw ngak tau apa ngak ikut ikut jadi korban duit gua sering pinjam temen gua buat dep kalo tagih malah mau minjem buat depo kata uang mau diputerin dijudiin buat bayar utang gw hasil nya zonk malah nambah hutang gw,0
bang sehat selalu selalu lindung allah aamiin,0
berantas no liga ciputra kalo sanggup joy,0
situ biar situ beri situ main situ bau2 cuan joy rofl,0
hacker jangan serang judol serang joy joy joy,0
gue gak takut mati gue gak mau mati sia sia sob tampar banget,0
china perang cukup lama buat film nya no more bets even staff hilang duit simpan nya hingga juta cerita yg kena pinjol jual bandar judol jkt pidah philipines terkahir hilang kamboja tonton kejam mafia judol no more bets youtube netflix,0
nkri rusak,0
benar selalu hidup panjang umur baik sparkles,0
ericko lim tertawa,0
marsa ozawa,0
juang deposet menang kalah yg penting deposet dah,0
panjang umur baik sunflower,0
emang anjing judi online kalian laku judi online mikir make otak gak sih gue jadi dampak teman maupun ekonomi teman banyak temen temen gua pinjam dulu ratus which is bukan rb nominal nyata buat depo habis ngilang teman ekonomi gue laku umkm sangat liat banget ubah ekonomi lesu nyata buat judol kek gin buat beli barang mutu buat hidup hari hari gua gak segan segan nyepuin siapa lingkung gua baik maupun coffee shop jogja baik admin nya maupun laku ketemu anjir gak jelas kadang tempat umum bisa maenan slot kek gitu gue telfon polisi dateng grebek mampus lu,0
bang nginfo aja semenjak judi online rame rame tipu kedok ngerjain misi like2 akun instagram yt lalu dapet duit receh ribu lama2 korban suruh deposit akhir kena tipu banyak telegram kaya lobangnya sama kaya lapak judol,0
bet atur bandar seluruh indonesia stelah perintah baru tiba2 bet ekkwkwkw adapa rofl,0
irwan d ferry moyai,0
inisial al bantu guys siapa oknum,0
yakin ferry tau lebih banyak cuma kau jaga kerucut kalo jadi apa apa sama mu gara2 video singkat konyol sih sweat smile,0
kalo bukan krn jongos hokage manusia udah masuk kandang dulu wkwkwkwk prestasi ga intelejensi g jan fak tenan pokok wkwakkawkw,0
gassss tada,0
keren tada udh sengsara rakyat perintah ikut maen tada tada tada bravoooo moga abis perintah lebih bersih abis sikat in hama nya tada,0
gw yakin budie arie bakal tangkep,0
aye capt,0
atas masuk penjara negara demokrasi jadi gak mungkin mustahil judol pinjol basmi pasu merah kejar antartika laku diantarakita bukan antartika joy joy joy,0
kira2 siapaa nih sosok al yg maksud bang ferry,0
gua tanya beberapa temen main judol jawab hampir sama semua banyak main judol karna lilit utang coba buat balikin harap untung judol cuma geleng geleng dengernya bukan tobat malah aja harap sama mesin,0
a l siapa,0
judi lalat biarpun beritahu rhoma irama tetap omong kosong buat lalat judi,0
kalo kelar next mafia bbm fer lo tau lah monster,0
moga maha kuasa berkat selalu,0
tindak tuh promosi judi online kedok streaming game online live bagai yg streaming game juta yg nonton loh,0
pas awal bang feri bilang streamer mobile legend duduk bareng adminnya otak gua langsung muncul si ler botak eh nyata langsung dimunculin muka sama si feri gokillllll heart,0
netizen al siapa lik,0
influencer yg masuk judol masuk mrk yg bayar dg hashtag indonesia baik baik,0
betul orang udah kena judi online susah sembuh moga jaukan jahat dunia amin allah,0
siap mati bangsa generasi i will support you forever bang,0
usut tuntas alir dana partai nya si menteri,0
baru aja kemaren kampung orang bunuh diri gantung diri stress banyak utang main judol,0
yoo ndak tau tak pak beny sweat smile,0
orang paling besar yah orang no konoha kalo kelas menteri pake,0
berantas judol mampusss,0
mending legal sekali aja,0
benar server situs wep judol bukan ada kamboja thailand beberapa lokasi beberapa situs wep judol guna sedia layan hosting anti peluru bulletproof hosting bph abai konten ilegal situs guna vps dedicated bahkan laku colocation data center tahu dulu pernah kerja developer beberapa situs wep judol meski sekarang libat blokir situs situs sebut dapat beberapa cara salah satu kerja sama cloudflare banyak situs wep judol guna layan cdn cloudflare kerja sama blokir api sedia game rupa komponen penting jalan situs wep judol api sedia game situs sebut fungsi game nya crack biasa suka main cara blokir tahu name server domain guna informasi lacak alamat ip asli lapor sedia hosting guna layan bulletproof hosting meski metode cukup sulit opsi hasil cara akhir laku ddos ip asli server sebut server offline pulih server makan waktu lama laku restore backup snapshot autentikasi ulang api sedia game ip baru makan waktu lebih lama banding blokir domain,0
semua muara bintang biru,0
lo panjang umur orng keren cry amin,0
jgn bosan jadi orang baik,0
hancur gara gara judi emang bangke cry,0
kamu sangat berani bang dukung kamu,0
budi bapak budi budi projo bapak budi pro judi online tangkap bapak budi,0
sangat simpel kolaborasi cerdas f d mas satu gerbong yg sama holding konten yg coba uak f yg sebar kisi2 posisi sana d coba sengaja datang narsum kait hasil akhirny sangat mudah bukti apa sih yg gak jadi klo habis tampil dr channel tsb ga lama d panggil yg berjiwab sweat smile,0
bang kalo kemana2 jangn sendiri minimal teman bodyguard ga main2,0
ingat sosok inisial t yg pernah gaung depan presiden sbgai bandar nya,0
taring garuda,0
benar menang,0
alhamdulillah klo gacha treasure dota selalu ampas gag bayang deh klo gua candu judol,0
adios budi arie,0
dah lama ga liat video bang fer jidat jadi mundur kayak vegeta bang salah model rambut nih joy,0
admin,0
sebenernya ga usah link yg blokir bang blokir tu rekening bandar e wallet nya cara ss tiap rekening ewallet tiap2 situs lalu lapor pihak kait selesai,0
atomic habit henti bad habit sulit akses habit sebut lah malah lancar sono,0
judol pinjol narkoba,0
al alvin lim,0
bener kata elu fer rugi 900t koar koar medsos masyarakat aja juddolnya data pribadi jual data pribadi disalahgunakan scamming jaga malah nyalahin nyuruh ganti pindah padahal register pakai data pribadi ga janji klausa simpan rahasia jujur aja kalau malaysia bikin iklan soal lindung data kaya kasus banner visit malaysia kemarin lebih percaya serah 900t 900t headline news tutup bobrok perintah,0
asli judol resah temen kerja hampir semua maen judol,0
udah gw putar2 sampe 4x sangking fokus dengerin sampe baru sempet coment,0
tetap dukung elprofesor saluting face,0
break the case bang warga sipil sama mu punch,0
moga allah selalu lindung aamiiin,0
sehat panjang umur bang feri salam juang,0
sadar influencerr buka henti malah tetap tahan,0
al yg korupsi bts,0
higgs domino mas play store indonesia jelas jelas judi online kedok game,0
muka jg koruptor bgt,0
buat yg takut bang ferry bakal apa2in liat kiri atas video nya nya gak berani senggol2 ferry terang2an,0
si budi ari jdi beking judol,0
makin sini makin syukur pak prabowo jadi presiden yg busuk bongkar thinking,0
top,0
bang judi online pinjam online sangat resah bang bos bos punya bisnis judol punya bisnis pinjol fintek sekarang punya beberapa aplikasi pinjol ga nutup mungkin depan bumn ga mau kalah bakal bisini pinjol bang kawal bang masyarakat indonesia lebih percaya sama orang kaya abang oknomu perintah pray,0
rafi ahmad den cagur dkk siem2 sweat smile,0
bang loe pake metode text book ala indo judi larang knp loe gak pake metode out of the box nya uk usa buat larang org judi bang judi legal pajak jamin bang pensiun yg main judi yg main pensiun bandar gulung tikar bang,0
jangan2 memang maksud tunjuk ketua projo proyek judi online face with open eyes and hand over mouth,0
moga tuhan selalu lindung keluarga bang moga makin banyak masyarakat yg gerak hati ikut juang,0
keren lu brader moga khalik cipta sekalu lindung mu keluarga mu amin semangat terus edukasi,0
baru kali aku nemuin channel pola pikir kreator sama kritis,0
akhir nya konten g rokok w rata rata nonton konten orang g nyandu g nyandu w lebih suka nonton konten liat orang nya kondisi candu kondisi sadar berantas judol usut tuntut budi kalo kali g tau kalo anak buah nya lindung situs judol saking goblok nya gmn ampe g tau gpp pak prabowo undur program makan gratis dulu tp berantas judol koruptor,0
baik gema abadi bang fer semangatt,0
rakyat tau cuma mungkin judol eks wakanda aparat ga becus kerja saking tolol kalah sama bandar judol aparat jadi backing bandar judol gw akuin lu hebat bang fery meski gw yakin lu tau lu speak up cuma tabur garam air laut,0
lu keren bgt dah bang lu gak sndiri juta manusia blkng lu bro,0
judi kan praktek main mafia arti benar mafia punya jabat kuasa,0
apasih faktor yg buat si budi angkat jadi menteri,0
ferryirwandi informasi biaya anti banned sebut juta per website orang guna jasa sebut bukan juta sisa banyak orang kerja bidang judi perintah sedia lapang kerja layak umr anggap juta jakarta fakta biaya hidup besar 15jutaan besar pasak lubang mohon maaf judi online sebut hilang sendiri apabila perintah sih internal lebih kerja judol paksa tuntut hidup negara sendiri lihat ijazah landas kerja karyawannya banyak orang punya potensi lebih halang syarat usah milik standart sangat tinggi lihat dampak beberapa persen orang milik potensi milik title s1 banyak orang kerja judol sebut lulus sma semua banyak jadi ahli ahli bidang teknologi,0
proses budi arie,0
suara jelek pake ai ga enak didenger aku tuju kamu jelek banget suara,0
beking kuat mungkin buat dana kampanye pilpres kemarin,0
gue dukung loe bg,0
lu hire bodyguard sih bang ferry jaring bandar judi hampir kelas bandar narkoba sumber daya waspada serang lewat hacker serang anggota keluarga thank you so much for what you have done for our nation heart,0
kok gw rasa menkominfo kait ga sih syukur kalo gak,0
hukum mati harus anggota kominfo bangsaaaaat,0
kominfo2,0
kau kubur kau lupa benih,0
warga sipil biasa tp deking nheri joy joy joy,0
liat vidio awal dg ads judol cry,0
inisial al sweat smile,0
gw sering laporin iklan judol fb tp malah reportnya dr fb iklan sebut langgar atur sweat smile sweat smile wkwkwkwwkk fb jg hmmm,0
judi main orang kaya udah bener2 bingung buang uang lah orang2 tegah bawah coba2 untung main sebut sweat smile,0
bang gmn cara ingat judi online ingat timbul masalah baru musuh teman sendiri,0
mau tau gak siapa boss besar pernah sebut pak benny mr t bukan bukan tommy winata thl tukang ojek ngobrol sama gue tau kalo thl bapak besar bisnis judi sekarang kabar relokasi philippines cambodia srilanka perintah philippines sekarang nge ban semua pogo philippines offshore gaming operator kantor aman manila sana mungkin satu2nya pogo asal indonesia sisa,0
gimana dgn nikita mirzani,0
ayo berani bongkar mafia yg skrg jd sangka cucurut bapak blm ungkap biang kerok nya berani,0
https youtu be qvku wfa7ww video deduktif indonesia,0
maju terus fer jgn serah bangsa,0
akun meme indonesia banyak ikut promosiin judol meme gw kagak gw masuk nggk suka judol nya meme buat akun lucu2an malah buat promosi judol,0
si ibud kok gak ikut periksa kalo bukti ikut andil gak mungkin bakal diam seret figur2 besar lain apa tak sentuh zany face,0
gamungkin budi arie ga kena projo tuh,0
tag presidenprabowo bang butuh bantu beliau,0
tinggal ketik kantorbool tuh website nya sering sawer streamer kayak si pqscol,0
i put my highest respect for you bang ferry tetap lama bang pokok tetap suara benar cerah bodoh god bless you saluting face,0
bayangin kominfo nyata punya jobdesk utama jadi lindung mafia judi onlen ngeri kawaaaann,0
masa si budi ga tau anak buah bagaimana lay budi afk,0
memang bener orang jahat licik liat banget muka aja si tri lama tiap liat hati mikir orang anjing nih eh bener,0
gue support bang banyak kawan gw korban judol kesi liat hari hari banyak bengong padahal kerja entah apa yg pikir kesi kesi mau gue nasehatin udh dewasa harus ngerti,0
lama artis promosi judol didiemin wajib skeptis,0
dukung bang ferry main judol mulai udah tahun judi online mngkin kalau total rugi 200jt coba henti judol anak pertama umur tahun menang bilang pa henti gak usah main judi,0
disclaimer isn t it alvin lim he owns pt quotient fund,0
backinganya close the door babat terus baang semua negatif rusak rugi masyarakat muscle muscle muscle thumbsup,0
si katak bhizer bangsat ga berani pulang,0
pak prabowo kerah anggota baik mu brantas judol yg sangat mudah nyata lihat mata andai ga hilang yg aneh rakyat kecewa bukti pak prabowo musnah judol,0
konten tunggu tunggu,0
ngeri kali bang foto bos budi arie pajang tumbnailnya g joy joy joy respek bg,0
ber sukur alloh subhanalloh bongkar jabat trima suwaf tinggal beri suwap siapa jabat janji mau naik gaji bukan nya naik gaji tspi korban jadi judi onlai lalu seret penjara sukur pk jokowi keluwar kandang judi onlai bangga bangga kan nenek mega kepala banteng,0
moga hacker top indonesia ikut gerak awal berantas judi online,0
sehat2 orang baik pray pray innocent,0
bang henti buat video sangat bahaya selamat abang kalaupun mau bicara jangan fulgar,0
selalu bikin resah banyak korban rakyat jelata tengah bawah logika sederhana judol bangun luar negri gaperlu sebut negara mana udah tau main banyak orang indonesia kaum tengah bawah kaya yg bang ferry bilang kalo gak berantas dulu bahkan skarang jangan kaget kalo negara jadi inflansi uang cetak negara yg harus dipake buat putar ekonomi negri malah dipake sama banyak rakyat yg t l l buat judi uang lari luar negri percuma skema uang indonesia abis keluar percuma negara milik situs judi yg dapet uang bakar duit buat promosi terang2an yg selubung nyawer bagai platfom sosial media yg dapet sawer selubung dapet uang gak full karna kena potong apk sebut miris apk sebut bukan asal indonesia sendiri sederhana uang indonesia abis lari luar negri ratus t percuma dapet uang tesebut kembaliin cara bakar uang promosi indonesia bagai cara nyuap orang2 punya kuasa negara paling cuman abis sekian t ngeraup untung besar buruk kalo dibiarin indonesia gak bakal jadi negara emas jadi negara cemas makasih banyak buat bang ferry influence selalu bikin konten buat cerdas rakyat indonesia buat rakyat2 udah melek makin pinter lanjut satu buat ngeberantas judol apa bikin negara generasi bodoh gak jadi cerdas gue pribadi cuman doa moga doa gue serta kalian semua selalu baris benar,0
lindung data perlu lindung bandar nomor satu kominpo tai,0
bakal banyak angin kencang bang bukan angin,0
my question is kominfo lindung situs judol wa akhwatuha arti tahu sarangya abu abu,0
salah satu wilayah bandar judol besar indonesia waspada cari lemah warga wilayah contoh nya cari sewa rekening pindahin dana judol sebut,0
budi arie periksa mas puas streamer ml sama walaupun udh engga tpi gembar gembor view rata remaja,0
lawan judi laku lindung,0
jangan takut bg sini semua sama,0
up terus bang semogw ketangkep si budi arie muka iblis,0
tangkap si budi,0
hati hati bang rapat baris orang baik selalu dukung loe moga selalu sehat loe keluarga loe bang,0
manusia paling bahaya storyteller,0
niat baik balik diri sendiri balik buat masalah takut bang lebih takut kalau akhirat tanya siapa tuhan mu uang,0
moga allah lindung bung,0
santet udah sampe bang,0
la casa de papel,0
ga sabar mantan menteri kominfo streamer ml ditangkep,0
aku yg gak pernah tarik sama sekali sama judi tetep miskin cry,0
judi online sangat rusa bangsa presiden prabowo cepat tindak tegas mafia sih hukum berat berat,0
they do have country its jahannam,0
temenku hilang rumah mobil motor bahkan anak istri satu jadi buron orang gara2 pinjam uang sana sini,0
nyali lo emang patut acung jempol bang tetap hati2 lo lawan mafia besar,0
aliansi shinobi,0
terima kasih informasi,0
moga akhir the professor bukan denver tokyo lin moscow thumbsup,0
cuma dukung lewat kecil gw lakuin blush maju terus bangg,0
kren bnget lo bg fire clap,0
gw anggap semua tangkap koruptor bawah perintah prabowo akhir akhir gw sebut bersih bersih oposisi tangkap rata rata oposisi perintah pak prabowo kayak gin malah lindung satu kubu sama pak prabowo gw gk ungkir jasa pak prabowo bener bener nangkepin koruptor pandang bulu nah kalau pak prabowo segan tangkap orang masalah perintah satu kubu contoh orang bahas video baru gw aku kalau bukan cuma bersih bersih oposisi,0
ig banyak banget promosi judol,0
lebih indah mati hormat hidup serasa mayat,0
emang kuasa anjing thumbsdown,0
bang ferry kalau bang ferry tawar angkat jadi salah satu staff khusus komdigi satu tingkat bawah tri wamen bang ferry terima mungkin judol bakal cepet berantas klo bang ferry masuk perintah,0
nyali perlu jadi panutan sedih nya aku yg takut remeh cry,0
jadi tau al siapa,0
turut bpk prabowo jangan panggil menteri2 bekas mulyono yakin haraoan rakyat mayoritas perintah yg benar2 baru lihat bajang bagaimana ombak besar terpa awal perintah bpk prabowo soal budie arie sang ketua projo yg sekarang sbg menteri koperasi lihat kominfo kes biar staf2nya memelihata judi online yg yakin amat sangat mulyonopun tau budie arie laku biar indikasi apa mr bert mengungkaokan yg blokir bukan judi online cuma wordpress kd menteri kominfo budie arie laku kelici kantong makin tebal hingga akhir mau diri partai projo yg tentu sinyalir dana judol ingat oesab bpk prabowo ikan busuk mulai kepala dulu panggil tangkap adil mulyono minta pertanggungjawabannya jangan lempar batu sembunyi tangan jangan cuci tangan kes malu,0
bubar pro judi online,0
al siapa ga pikir satu nama gw inisial al yg nebak,0
gw siap jadi aliansi abang sentil biji jabat yg jadi racun bangsa,0
mantap fire fire,0
siapppppp bg maju trusssssssssss,0
konten bahaya heart cry,0
bubar ajaaaa kominfo ituuu,0
dotalounge dota2top vpgame untung gua udah lepas sama henti situ kenal nama nya slot trims video nya mas,0
bang saran dikit kalo cuplik vidio saran cantum tanggal nya runut aja cuplik cuplik ny dukung,0
saran bang music backgroundnya kecilin dikit,0
sebenernya simpel negara bikin ruwet kalo lihat lebih canggih reciver tv satelit ketimbang kominfo sweat smile sweat smile,0
gw respek bgd sama konten kreator ikut kritisi kpd penghianat bangsa smg konten namalo ukir jalan sejarah bangsa,0
project madilog,0
sikat bang sampe akar gw pribadi dukung bang,0
ngeri bet gg lu bang,0
bang gua bangga samaa loooo heart,0
gassssssssssss teruzzzzssszszzz,0
jangan sebut katak bizer bang ga level siapa butir upil yg tempelin tembok buat lo bang,0
jiwa juang bangun ikut panggil bang,0
terima kasih bang jadi orang berani speak up moga semua warga sipil tetap awal mu,0
gua punya opini gak popular disclaimer gua anti fans budi arie entah guts feeling gua menkominfo lindung situs judol seperti sejak era jgp kenal orang koruptor bagi nasi koruptor kelas kakap sejak sulsel akhir ciduk dlm kasus korupsi bts arti orang sifat corrupted gak selamat ingat gua judol mulai endus ppatk booming tahun terus roket sejak tahun ingat tahun pimpin jgp gua suspect jgp krn tau gua dr hasil cari2 angkat staf ahli baru era budi arie arti mereka2 yg tangkap staf ahli dr pimpin belum jgp tangkap masuk budi arie benar utk bikin berisik awareness soal judol sejak pegang budi arie media2 makin marak ngomongin judol makin byk influencer2 yg tangkap iklanin judol jadi bincang yg makin hebat soal judol sulit berantas akhir bentuk satgas judol tuju ngusik ular keluar dr sarang cari bukti jgp masa2 tangkap sambo rafel alun tiga tangkap bukan utk kasus judol tp nama sambo santer lindung mafia judi rafael alun cuci alir dana judi online kalo gua kmrn2 tangkap benar krn jelang milu takut bandar banjirin uang utk menangin paslon tentu semua siap politik relatif stabil awal era prabowo baru gebuk main dr kata2 ferry moga selamat bukti milik judol bukan cuma level kriminal lokal region sangkut mafia dunia milik triad yakin gua ngelawan triad mafia dunia bukan perkara bulan sweat smile sweat smile sweat smile gua yakin lama dr intel yg mgkn tahun telusur cara maen bandar salah satu org yg percaya jokowi utk jd mata kuping dlm menkominfo budi arie,0
dana dana wah dana tukang top up dana mana,0
alhamdulilah ga sia2 nonton sub chanel bang ferry banyak suara keluh kesah yg sama smoga sehat slalu bang chanelnya smoga makin kembang,0
yg berfikir maen judi bikin kaya mungkin otak kosong siapa yg berpatisipasi judi musti musnah sampe keakar2nya,0
al siapa guys spill tipis tipis dong,0
seleb idiot banyak promoin bahkan akun akun informasi berita ig banyak betul bebas liar sweat smile,0
kira2 siapa si al,0
mau nagis gw anj face holding back tears,0
judol bukan masalah situs pak bekuin ambil rekening deposit,0
meski bab tutup keren banget tetep aja kalo ngomong warga sipil biasa bakal ciduk kalo ngomong bang ferry gw yakin aman blush,0
siapa sosok manusia laknat inisial al sebut thinking,0
gw percaya lu serious bgt bang sampe rambut sisir rapi,0
gua kurang percaya klo white hat hacker klo block dong server bangs t bandar judol,0
bang bahas latar belakang budi arie setiadi dong gw kyak ngerasa enek liat muka kayak muka2 koruptor munafik entah cuman firasat gimana kyak gak suka aja liat kerja sweat smile,0
long life bang ferry irwandi pray,0
gw sedikit ganggu rasa penasaran tepat close the door pojok kanan atas tahu mohon kasih gw info terimakasih pray,0
sikat bangg,0
jubir akun fufufafa sweat smile,0
semangat bung muscle,0
bang facebook ig banyak promo judol mohon takedown,0
mau santet,0
al hmmmm,0
sangat khawatir kalo punya otak kelas wawas kelas bela ada apa sayang cuma punya nyali otak kagak punya jadi gak bantu apa doa buat abang selalu lindungin bahaya apa,0
yook yook bener bener jadi indonesia emas pelan pelan asal jalan,0
data bocor kemarin jual bandar judi bang,0
percaya bukan afiliasi satu partai satu pimpin mana jangan makan isu politik,0
kemarin bolak balik cek chanel makasih bang akhir bahas masalah lanjut video video yg lalu moga abang aman,0
budi arie tanggung jawab kasus judol kemkominfo desak mundur jabat pecat prabowo,0
ngeri bang isi nya daging semua gw do ain lu tetep sehat selamat bang,0
akan kasus besar lebih besar kasus tom nutupin kasus judol seperti kasus tom hasil tutup kasus markus zr fufufafa,0
kelasss,0
udah gak sabar nunggu livenya we love you bang heart,0
moga yg suara benar anggap salah lalu hilang semangat bang ver diblakang mu blush,0
instruksi apa yg sampai pak prabowo bulan lo banyak yg ciduk tempat gw dimadura jabat bkn kena ciduk korupsi mntap pak prabowo heart heart,0
anang lermanysah,0
sehat sehat abang hati hati jalan,0
fresh and neat that ferry what we need,0
gaspol sehat bahagia selalu sama keluarga bro right facing fist right facing fist heart heart heart heart heart heart,0
justru org yg bahaya tuh lu bang lu potensi ancam perintah oligarki cara sadar masyrakat lebih berfikir rasional semua kejahtan keburukan2 yg laku ungkap wkwkw,0
budi arie pas cecar rapat dpr malah afk joy,0
mana live nya bang,0
go a head bang,0
gasspol bang tangkap semua penjara ampe busuk,0
tuju bang masa negara gabisa urus kek gin niat ga perintah nya jgn cuman kroco2 nya aja yg obok2 org2 master mind nya plus oknum2 nya libas,0
murudul komidigi kyak semuar keinjek joy,0
jadi live ga ni bang,0
kok ga demo sihhh soal judol gin ah pilih2 joy trus oknum jabat sama tegak hukum uda sumpah jabat mas tetep korup tuhan aja ga ditakutin palage cuma hukum yg tumpul negri konoha,0
bang live jadi gak,0
jokowi tangkap bang lindung orang orang nya salah,0
tangkap baru anak buah bos2 mafia jabat tinggi dalang tangkap baru musuh politik lingkar kekuasaanya dukung jangan2 hanya operasi citra model baru pahlawan palsu rakyat percaya tindas rakyat korupsi jarah kaya alam pajak hutang negara moga betul2 tulus pandang bulu bebas negri mafia2 korupsi aaamiin palms up together palms up together palms up together,0
kasus belum rakyat budi arie mundur eh sekarang kasih jabat menteri joy,0
klw mau dapet banyak influencer sama anak anak sma bahkan smp khusus bal sama selebgram influencer yg tinggal diskitaran pik soal gencar bgt lho sosial media promosi terus shushing face,0
b pratamasaputraa influencer sering promosi judol insta story bang ga tangkep2 malah main film wkwk,0
disguised face untouchable karna cebokin fufufafa,0
moga sikat semua biar bersih,0
seru tangkap ketua projo budi arie,0
kasih orang jago it hari judol ancur leburrr rofl joy karna emang gampang buat nutup sampek akar akar nya joy rofl,0
budi array,0
budi arie memang bodoh tau masalah teknologi digital salah jokowi angkat orang tahu apa apa teknologi digital,0
sama nya pinjol paylater yg jadi jebak destruktif buat selaku masyarakat tengah,0
inisial al kira kira siapa,0
mas ferry standing laku jual beli request angkat topik tipu segitiga yg sekarang masif struktur cara kerja utama marketplace facebook denger2 digerakin rumah tanah cry,0
memang benar si pelihara rakyat miskin rakyat buat stunting iq sosial media favorit rakyat nya kandang monyet alat propaganda butuh kasih aja sembako baju partai joget2 kalau lihat generasi sekarang lebih banyak miris anak sma baca motivasi salah besar kemdikbud sungguh banyak pr terus hokage desa konoha,0
rasa rasa perang lawan judol perang hidup mati taruh lawan the invisible hand musuh lap lapis lindung nya ketangkep satu atas cari baru butuh perang satu berani lawan adab indonesia lebih kritis etika cabut akar alias hulu nya perlu the power of society hidup negara kuat suara mutlak tangan rakyat vox populi vox dei suara rakyat suara tuhan tuhan sini coba intepretasikan kuasa mutlak tuhan milik kuasa mutlak absolut kerja sama sama berantas judol baik warga sipil atau perintah berdo a moga capai berantas judol pray pray tuhan lindung bang ferry teman teman lawan judol raised hands,0
siap perang,0
sangat sayang kasus streamer game ml terima uang judol proses padahal si streamer malah nantang balik sadbor langsung bui jadi pilih kasih gin proses semua dong pak pol biar efek jera,0
fanspage2 facebook banyak postingan pake wm judol padahal dah gw report aja nongol,0
budi ari awal2 jdi tri pernah usul biar judol legalin pajekin kaya libat joy,0
sehatt teruss baaangg semogaa lindung allah selalu serta,0
sehat sehat terus orang baik salam hangat bangkinang riau bang judol memang resah bang,0
siapa inisial al serius tanya,0
mana live santet,0
dulu tanya tanya keyword judol selalu muncul alternatif ip apa guna blok klw muncul alternatit,0
harus witch hunt mereka2 yg kabur ngumpet sweat smile,0
bang jangan mati dulu yaa sob,0
moga bang feryy selalu beri sehat lindung perangai orang orang jahat,0
bang buat video kena algorithm program judi aja bang biar main judol paham they will never win wong settingan semua mau buat kalah menang tinggal klik,0
together we are stronger gass brantas semua praktek judi online,0
gua baris lu bang,0
white heart,0
cabut benalu atas akar akar kalo bawah kotor atas nya tanya,0
bagus editor baru nya,0
bandar selalu menang dealer always win,0
kalo mau juang beneran lu buang logo pojok kiri kalo gua ga bakal pernah yakin lu juang beneran engga krna mreka kerja jilat perintah joy yg lu bahas cuma kroco doang buat ngalihin sosok asli tu si rambo tombby winbata baru aja ad yg mau bahas kait judol langsung ilang berita kasus selingkuh artis rofl kalo berani matiin semua yg konsorsium baru selesai tu judol,0
satu kata salut,0
percaya bos besar sambo,0
orang orang t l l main judi jabat jabat korup tetap jadi backingan judol judol heeey masyarakat miskin tengah main judi tobat kalian main judi akaan buat kalian kaya raya kalian s mp h,0
indonesia butuh orang orang mu bung,0
njing this guy so cool,0
syukur gue suka judi pray pray,0
al thinking,0
runyam kalo jahat atur elit cry,0
berantas judi online,0
halo kawan warga sipil minta bantu pesan baca bang irwan bang buat akun khusus lapor influen yg libat promosi judi online mungkin lebih mudah bantu berantas judol yg sangat rugi negara org sekitar terimakasih,0
bahkan kubur suara lebih lantang tanmalaka,0
konsep opening video rada mirip money heist bng wkwk tau tau lu mirip profesor fire,0
gass,0
se gg gg nya jabat budi ari,0
jodi l sangka ku an anis hukum meti seledai oada bingyng siaoa yg bertangung jaeab,0
gua bangga gak pernah tarik judol fire fire fire fire,0
inisial al google ketemu jadi penasaran bang sweat smile,0
krisis jujur,0
siapa yg tau inisial al,0
miris memang terus terusin aja judol habis tuh aset harta lu moga semua keluarga jauh judol aamiin,0
punya teman x menang judol juta bayar sama bandar cba link ordal kominfo akhir bayar syarat done bayar,0
gue dukung lu bang,0
upppp video perlu trending,0
siap sial al,0
bahas milu as ga sih bg,0
sangaaaatt setujuuuu,0
respect banget bang,0
lo jangan mati bang lo musti buat series buat topik,0
gara gara korupsi mie ayam sekarang 15rb bukan 10rb,0
rusmandota dpt sponsor web judi banggg,0
pantesss,0
kiamat jg judol gakn musnah slama oknum keparat bangsaat lindung judoollll,0
karyawan kominfo bukan jadi it negara malah jadi it judol wkwkwkwkwk,0
inisial al open mouth,0
aku tu rasa main judi aku kalah ratus juta bukan mudah gk makan beli bensin gk bahkan mandi aja gk pake sabun moga kalian gk ikutin jejak aku cry cry,0
wkwkwk presisi,0
mungkin masyarakat nya mudah buai iming cara cepat dapat harta sejak dulu banyak praktek dgn bagai modus ganda uang yg logika mungkin laku banyak yg pamer hasil yg buat pamer modal bandar apes banyak oknum pangkat yg lindung entah kapan mindset masyarakat ubah kalau menang yg hakiki henti judi,0
promo promo judi online facebook live stream tanding sepakbola tuh gapernah ketangkep orang,0
beliau benar benar masak,0
budi arie adil,0
kominfo yg harus blokir website judol malah laku udah ganti menteri baru cry,0
fight fight fight fist,0
pak waldusing yg libat gak sih kira2 rolling eyes,0
merinding,0
semangat mas,0
siap sedia lawan judol,0
mau bawa negeri semua rusak cry cry cry,0
godbless long live ferry irwandi,0
gak cerita kaya waris kalo gk tahan abiss,0
padahal rb beli makan eh malah depo,0
al siapaaaa,0
bahas santet mending bahas judol,0
depo lewat dana bang pusing liat tmeen depo mulu,0
stay safe god protect you amen,0
apa gw dong abang ferry mirip profesor money hest,0
yg atas cari siapa,0
fufufafa aja lindung admin judol moyai gorilla,0
perang hacker lawan judol harus,0
sama mu bang,0
bang ferry bahas orang indo kerja kamboja dong bang kata banyak jadi scaamer operator judi online jadi gimana tanggap perintah depan moga bahas bg pray pray pray,0
pasti info udah prabowo,0
gw minta bang cry cry cry cry gw candu,0
gass bang jangan kasih kendor rofl tri bodoh cok g kompeten sama sekali punya presiden g plonga plongo doang smirk save video abang jaga2 klo apa2 pray,0
semangat buat bang ferry muscle jangan lupa hati,0
semua korban paksa kerja judol sambung hidup bina bukan hukum berat,0
nebak inisial al tadi ga,0
tulis boardnya malaka projed wkwwkk,0
sehat selalu bang terus ngonten manfaat kayagini,0
satu kata judol berantas,0
budi arie dunggu,0
tri nya sangat perlu audit,0
al siapa cari jawab kawan,0
al siapa guys yg tahu,0
inti koruptor bakar idup2,0
bang bgm menit nama bgmnya apa bagus soal,0
satu kawan2 hancur konsorsium bajing,0
main judol kepala batu kalau suruh henti,0
ingat perintah lupa pihak kominfo apa pernah nyebut judol cuman batas main terus anggota dpr jelas jelas sedang main judol rapat cinta mega kalau salah nama sayang usut kemudian tenggelam gitu aja terus kasus sambo duga ngelindungin bisnis perjurdian banyak website perintah digunain buat promosi nah situ aku ngerasa emang beres sih ama perintah pihak lah ngelindungin judi utama judol turut dah terang terang soal sweat smile masak kurang usut siapa lindung judol perintah aneh aja sih turut aku yakin baru ujung aja sih terus artis dulu afiliasi judol minta terang jangan cuman gercep buat kelas bawah lah pas atas malah tumpul sweat smile,0
bang bahas artis artis jejak digital nya promosi judol chanel md universe udah spill nama nama artis nya vulgar blush,0
bang bahas bal akhir2 banyak jadi kasus preman bunuh sama sekali endus media luar pulau pray pray pray,0
akhir manusia sendiri hancur dunia,0
bang markas judol ruko daerah harap indah wanita jadi daya tarik tarik cust facebook media lain mungkin abang selidik bg g jauh sana mess wanita segera brantas judol bg,0
dilindungin atas yg berantas malah wordpress tau apa pura2 tau rofl parah sih jahat lindung sama orang gerak negara joy,0
fire fire fire fire fire fire,0
selalu iring do a bang thumbsup,0
jujur gw tu skeptis aja semua part of drama yg dimainin birokrasi tahun pimpin the king of drama yg masuk gorong2 but behind the scene semua beda apa yg peran frontliner beda dgn apa yg main orang2 backstage bukti yg tangkap dulu semua menggembor2kan berantas jodul satu case how about the others jaga sehat tetap semangat,0
politik bisnis agama alat paling bahaya hancur negara raja bahkan dunia sekalipun,0
good luckk bang,0
gas terus fire fire,0
kira2 siapa inisial al tsb sweat smile,0
bang saran baca doa pagi sore doa keluar rumah ayat kursi insya allah aman kalaupun tinggal insyaallah syahid moga allah beri lindung berkah juang berantas judol,0
salah satu bukti kalo sdm rendah gampang nya orang akses judi online bahkan instansi yg berantas judol malah jadi guardian judol sendiri semangat terus bang ferry suara abang yg jadi wakil bang,0
berani sangat sangat tanding bang moga sehat selalu terus suara apa yg perlu suara,0
adik gue mantan kerja kamboja sana adek gua bilang kalo bos judol selalu setor milyaran uang oknum kominfo oknum polisi biar tetep jalan bisnis nya sekarang logika kalo emang instansi tegas bener2 mau berantas judol gak nama judol indonesia,0
bang main judol banyak komentar sini pura pura sok suci asli kayak taii,0
susah dibilangin kalau orang maen slot judol,0
900triliun tahun gilaa sih bener bener ban judol rugi negara triliun kalo buat bangun gedung joy,0
tan malaka gol d roger malaka project crew mugiwara irwan d ferry kapten terus kejar one piece bawa tekad waris arti tan malaka mati,0
tangkap laku jahat laku cegah yg lebih kuat,0
tau alas anak paksa buat naik kwrena laci yg jaga owkwowkw beliau lupa klo wakil gak ngapa2in,0
pak lu keren banget aseli,0
miris temen temen gua sekolah kelas udah banyak main judol banyak malah bangga main gituan ngerasa keren ngerasa duit sekarang kaya kalang remaja judol udah jadi wajar ga punya dampak buruk paling bikin gua males orang main judol selalu aja bela padahal jelas jelas udah atur sama admin operator joy kaya nambah kaya miskin tambah miskin,0
ketua projo nih boss dulu lindung jokowi sskarang saat rakyat kritis,0
siapa al grin,0
solusi nya buka kasino jangan jadi negarq munafik deh banyak pemuda mati krena minum oplos krena yg resmi mahal susah,0
oke bang klo ga mau ikut lu biar gua sendiri dah,0
jujur tahun gelut dunia lingkar setan judi sperti umum orang awal iseng iseng parlay bola lalu makin kesini kenal nama slot janji puluh kali bahkan tak hitung tetap ulang aku rasa salah otak entah aku rasa hidup alami mundur masa depan mental hancur serba malas mau laku apa benar kata orang kaya judi kalah gelisah menang gelisah sulit memang ikhlas paksa diri ikhlas percaya sendiri temu diri dulu ikhlas utama jalan hidup hening renung aku sadar betapa banyak orang aku kecewa tuhan beri nafas sehat aku anggap buah tegur tuhan dalam ilmu agama brother catat adzab main judi neraka jahanam coba hari istighfar banyak mungkin akan hidup lama cara ampuh tuhan aku harap semua sini jangan mati ada main judi,0
maaf luar konteks video janji bang ferry perihal sistem didik malaka project tayang lho bahas hasil teliti lama tahun aku kepo,0
eh logo close the door sweat smile,0
wew bang ngeri kata2nya gua yakin sih abang bakal aman yg lindungin jngn nyerah gua dukung bang juang abang,0
inisial al maksud seperti sedang calon diri jadi gubernur bang hehehe,0
gua nonton asa kasih instruksi sama the profesor pakai bahasa spanyol,0
keling omongane pak tri mbiyen anu d anu zaman server d jebol sweat smile,0
lama mesin cari google muncul judol search slot judol ga pernah mati negeri,0
inisial al siapa nih,0
ayo ayo ganyang budi arie ganyang budi arie sekarang jugaaa versi urgent,0
judi online bahkan bukan judi bneran judi online tipu digamifikasi sadar kalian orang orang tolol main slot,0
sering2 bikin vidio begini bang saluting face saluting face saluting face thumbsup jihad yg benar salat abang kuh pray pray pray,0
kominfo memang masalah awal diri judol porno,0
yakin inisial budi arie punya lindung politik besar belakang libat dukung mulyono israel,0
akhir berani,0
moga pak prabowo jauh mulyono buang tuh si fufufafa cari muka aja kerja nya kayak bapak nya,0
he s risk everything,0
percuma lah bang orang pintar baik negeri butuh yg perlu tanya dana kampanye yg luar biasa mana serius mudah byk orang pintar negeri judol sulit masyarakat awam tunggu gebrak perintah skrg,0
sehat selalu bang ferr fist,0
lama lama kayak ryuzaki deathnote,0
katak mana katak joy,0
wong cilik rasa wow begitu banyak armada kandang masak gak rasa makna leader leadership harus milik sensitivitas responsibilitas awal yg lekat orang leader kemudian lanjut tahap koordinasi kooperatif selesai kalau kemudian segitu banyak misssion impossible prihatin jadi terima kasih presiden frekuensi rakyat babat habis dusta rakyat,0
lembaga sampah dulu udah isi boomer tua bangka kaga becus libat kriminal,0
salut sama berani abang suara berani kritik dapat beri saran semua inspirasi bang ferry meski akhir sekarang keluar proyek konstruksi bangun keluar lingkar setan tsb,0
openingnya tetap tahan money heist bnget kerenn cinta bang sama professor sweat smile sweat smile,0
judol bukan judi jelas2 scam tindak jahat,0
gabung hastag tangkap budi arie,0
kawal terus bang,0
dulu banyak tuh streamer lolos ajg,0
al sapa guysss,0
stay safe bang semua selesai,0
sehat terus panutan fire fire fire janganmatisiasia,0
trending,0
dukung bang ferry kumpul sini fire fire fire,0
nitip kata ngga bang buat nama nama baj ng n,0
moga video juang mas ferry banyak orang mulai sadar bahaya judol amin,0
keren lu bang gw dukung lu,0
nungguin live santet bung ferry nih joy,0
rusak negeri bukan orang asing orang negeri sendiri cry,0
budi ari yakin libat,0
pas ganti menteri ganti nama langsung ketangkep oknum kominfo sus banget menteri nya ngapain aja,0
gimana rasa jadi top komen gaes joy,0
panjang umur bang heart,0
hukum tajam bawah tumpul influencer,0
lu gerak facebook ga sih bang tuh medsos paling parah meta kek sama sekali ga peduli sama iklan2 judol sana,0
ga bakal kena si mantan menteri,0
tinggal nunggu beneran potong ikan kepala busuk,0
wajah nya aja budi ari pancar aura penuh kelici rofl rofl,0
bencana jenis apa yg sedang alami bangsa,0
waw dasar neraka sekalipun siap joy,0
hmmmm a l pikir loh leon re sweat smile sweat smile,0
maaf mau nanya forex mui nyata forex halal instrumen spot sekarang jaman serba online forex yg erti gerak bidang trading dagang mata uang kontrak abu abu mata muslim gimna banyak debat yg lihat yg bilang judi yg bilang haram maaf tanya karna ajar forex jadi tau dasar2nya dlu moga yg kenan jawab,0
mampir sapa abang maaf sweat smile nonton koment sapa dulu bang pray japrax papua pasti selalu hot udah tebak nii,0
sehat sehat selalu bang fer,0
goks tahun konsisten rang judol fire fire gue pelan pelan rang admin judol lingkung perwibuan facebook karna sekarang mulai nyerang gw temen temen gw admin judol kemah kamboja moga lancar lah,0
semangat pak lets goo,0
temu dalang,0
twitter x datang kesini benar ferry pria tepat janji,0
aku liat ig banyak yg promosi judol laporin bang ferry walaupun akun ig nya gk terlalu kenal,0
gua kira tuh orang tua gak dipake abis masa jabat nya abis eh malah jadi menteri dong penasaran siapa sih beking mungkin pegang rahasia gede ampe gak berani nindak joy joy joy bilang,0
gokil bang,0
mungkin amit amit sosok ferry irwandi hilang medan peperangan nama bung ferry abadi satu ikat rawan lawan judi irwandi kaosksosksok,0
maju terus bg,0
jabat kominfo jabat polri persen paling besar bandar,0
gokil lu bang thumbsup thumbsup thumbsup thumbsup,0
salut sama abang terus bela benar moga tuhan selalu lindung bang,0
jd pikir soal kasus bobol data heker lalu ajaib kemudian hekernya kembali kayak sekenarionya pingin buat ampu kominfo jadi pahlawan cmn jalan cerita buruk motifasinya biar tambah kabur sepak terjang lindung judol,0
negara maju gak pusing2 kali ngurusin judi legalin sekali atur kalau nonton bola luar misal epl iklan judol bet yahh nama jerat efek guna memang at least selalu dijelasin gamblang tiap iklan negara gak bakal rugi pajak tinggi atur nya jelas gak tau apa sini,0
gas bg keren lu bg,0
sehat selalu pak ferry,0
iklan judi gak d lapor d blokir androin yg pegang sendiri bongkot,0
semangat makasih bang ferry udah mau juang lawan judi buat daya jual beli masyarakat jadi lesu cry,0
lgi mau jual barang second olx mlh sodorin iklan judi online emg ga benar mana mana,0
ayo temen2 bantu bung ferry minimal yg msih main candu stop yg udh henti ayo bantu tmen2 yg yg henti,0
lu sama dpr sama bang pikir liat kondisi laku sekarang pertaanyaan si orang komdigi ato kominfo dulu operasi kapan lu jangan lupa jhony plate kan yg gembor2 media awal mau brantas judol lama manusia yg kerja persetan dengab ganti2 nama tri bang ga penting,0
thumbsup thumbsup,0
bngst memang jabat anj,0
semangat bang fire,0
udah makan buah gomu gomo no mi,0
moga allah sllu limpah lindung sehat sejahtera bang ferry agr terus edukasi dn beri informasi yg wawas video video innocent thumbsup,0
akhir update soal judol,0
kawal sih wkwk judol tolol usak hidup cry,0
pak ferry kompleks banget masalah judol nyata pihak birokrat yg main streamer game yg notabene tonton generasi muda jga maen judol ibarat nikotin yg punya zat adiktif atas bawah udah candu pernah satu waktu lihat anggota dpr tangkap maen slot alibi cuma game permen tiap nongkrong diwarkop warnet hampir lebih buka situs judol pak ferry terus bicara baik semua,0
kalau nama arti keluarga libat moga aja yg hajar bukan laku utama aja sekali orang yg lindung,0
plottwist nyata big boss nya joy pantes ga redup2 gilir paypal segala bentuk dapat luar malah bendung joy gelar putra balik memang piara sang raja,0
semangat juang smirk cat,0
kawal terus budi sediiihhh,0
projo singkat pro judi online,0
banyak bang situs2 judol yg liar mudah2an cepat selesai,0
gue ga takut mati gua gamau mati sia sia fire fire fire,0
kelas bg fer udah suara kan judol jahanam moga abang selalu lindung tuhan aamiin,0
sudut pandang gua serah kalian mau ngomong apa tom lembong tangkap korupsi jadi menteri inisial i begitu sangka komdigi gua rasa jadi tumbal jadi menteri baru koperasi benar rang judi harus puluh artis besar tangkap joy,0
viralkan,0
dalam,0
masalah uang nguap kayak awan nyedot air hujan nya negara sweat smile,0
dear ferry irwandi sungguh lebih mudah hadap dukun mang penting judol jadi kaya raya karena dukun gak mampu buat muntah paku pasu sepatu nike lambung mang penting judol jadi kaya kuasa ambil satu satu kamu sayang respek pada atas berani jujur harap lanjut lawan judol zaman rhoma irama muda beliau tua judi terus eks malah makin banyak varian punya harap sama dengan suatu hari judi apa bentuk hilang negeri,0
semangat lu terus hidup bang,0
emang tai budie arie asuuuuu,0
buat percaya judol temen gw bundir gara2 judol lilit hutang ratus juta rumah udah jual nutup hutang,0
sehat sllu bang,0
tebak2 an gaes al kira kira siapa nih,0
jngn takut bg gua semua pihak kamu raised hands,0
bang klo si katak bizzer beneran nyamperin lu ajak gw bang gw siap otw buat ngehantem tu org grin,0
god save bang ferry,0
semangat bang ferry just be at ease the war is not on your own we stand by your ideology,0
terus mas fery cerah netisen,0
initial al is the spicy one,0
jijik bgt sama si budi gabisa kerja dpt harga mantan pegawai byk yg ketangkep judol bang gw nitip lu jitakin si budi klo ketangkep,0
gimana berangus akun postnya watermark judolnya,0
obor juang udah nyala bang,0
streamer sekarang takut sama lu bang sawer sama judol sekarang ciut udah mulai mikir 1000x wkwk sweat smile,0
orang orang perintah,0
the day of soldado,0
makin kesini makin muak dg jabat kemaruk,0
bang gue bikin animasi simple2 gue isi watermark stopjudionline video gabisa bantu banyak sedikit ingat tonton langsung gue rasa jauh lebih baik masang wm judol video reels,0
panjang umur bapak paruh baya indonesia coffee,0
semesta dukung bung,0
al teh saha bang bom nemu nemuu,0
kelasssss,0
segera tonton video nya take down,0
baik jangan tunjuk hidung dulu,0
apa judol narkoba exist meski razia berkali2 mesti curiga kalau pihak wenang bekerjasama atas kunci kecil kalau niat atas berantas pintu gede banget make sense kominfo babat habis pintu masuk judol ga ngapa2in arti memang bantu judol tinggal runut aja instansi kait masalah kriminal masing2,0
siap bantu perang,0
semangat mas fer,0
sudah bahas santet biar kan jadi lahan sulap merah,0
panjang umur juang fire,0
bobrok negara liat banget si ngurus ginian gabisa,0
dulu emang udah tau sih untung judol gede,0
inisial al kata tebak tebak yuk wkwk,0
inisial al siapa bang,0
kalo si budie beneran gag ngerti kalo anak buah manipulasi daftar blokir brarti audit kominfo yg sekarang komdigi sangat buruk karna emang bukan ahli kalo bukti si budie ikut andil lapor polisi,0
gas pak by one sf fire,0
buat tangan kotor buat dunia bersih captain price,0
skeptis iya banget minggu2 lalu tlpn kemboja info a1 aman2 aja gada tu blokir2 gada kata lips service aja kata blokir,0
jujur resah besar gue duit dikumpulin masyarakat harus puter buat naikin taraf hidup setor luar negeri dituker sama main gambar geblek pleading face,0
gw sangat22 curi sama pak mantan kominf yg kemarin,0
kriptik bgt bang spill lebih lah,0
bang lu ga kena cancer kan,0
negara kamboja legal judi online,0
daerah gw preman mantan bandar judi togel wajah mirip banget kaya budi arie sayang udah tinggal pas gw sma makanya gw lihat si budi asa lihat preman makanya gw kaget kok sama jd bandar judi,0
orangkonohasebodohitu,0
singkat projo pro judi online nyata rofl rofl,0
fist fist fist fist,0
smngt abg q thumbsup,0
miris tuhan liat laku oknum salah satu yg buat pribadi ga betah konoha oknum perintah nakal,0
mantapp karungin semua libat,0
moga proker organisasi himpun mahasiswa daerah kait perang judi online kabupaten kota jalan lancar,0
film no more bets contoh buruk judi online,0
kalau gua bilang sih orang2 yg kerja kamboja admin kerja judol jemput pulang karna rugi negara usah pidana cuma larang luar negri aja lama beberapa tahun,0
sehat selalu bang semangat fire fire,0
waktu bukti jokowi biadab,0
sehat bang yg dapet alphard,0
jadi inget munir moga gak munir2 lanjut anjeng emang kira duit bawa mati apa joy,0
selidik sih si budi budi gk mungkin gk tau naik loh jadi menteri,0
inisial al sapa,0
mantab mang fery jago hand,0
nah harus media tuh up kasus begini lah malah ngurusin tuh si agus,0
moga baca komentar jadi orang sukses suatu hari aamiinn,0
undur jam joy,0
bang misal kasi death note bakal dipake ga,0
moga negeri jadi negara sejahtera,0
lawan lawan,0
anjir jadi beneran budi arie backing semua gw salah paham,0
yg tangkap cuma kelas2 kecoa kroco orang besar lindung gak sentuh hukum sama sekali jd sama aja bohong tugas yg sdh jalan yg wajib,0
kan bilang apa pak kong kalikong sama ordal nya kominfo makanya bilang udah berantas situs web judol nya gak percaya mau juta situs hari blokir sama aja bohong kalo udah suap uang bandar selesai urus untung ungkap jaring jadi banyak sekali cabang nya sangat harap mang bijak negeri punya integritas lah bukan masalah kecil udah kaya pandemi judol sakit nya jabat main balik kerja selalu tolak jadi lebih transparansi,0
korban judi online sembuh,0
manusia paling berani abad fire fire fire fire,0
gak cuma mirip rupa cara main el profesor money heist salute,0
kucing kucing kayak gin gak legal aja bang mohon maaf kalo gw knpa legal biar putar indonesia sendiri kan kalo kalian muslim kata haram kalian muslim aja terlalu lemah iman untung juga bang,0
triliun triliun bagi 2jt aja 450jt orang populasi indo 200an tiap orang depo berapa bjir rata2 ato brp puluh juta orang ato berapa puluh populasi yg main judol,0
yh masyarakat udh paham sih pikir aja,0
coba nonton film no more bets ngeri cok kek kondisi rakyat kitaa,0
inisial al siapa bang cry,0
kawal terus guys,0
plot mulai muncul,0
trending kan,0
jangan mati dulu bg anak istri support abg trusss,0
iya kawal tu si kodok bhizer,0
idealis moga2 pean ga kecewa kuasa sini seringkali mngecewakan apa kbar munir kasus,0
ujung atas nya jokowi,0
sehat sehat sahabat online paruh baya,0
orang bejad beri wewenang tega hukum anggap diri hukum sendiri,0
spill dong gaes inisial al,0
indo kasih judol rokok latina kasih narko,0
bang jelasin forex dong soal situ emang mirip judi adil gak curangin agan jelasin cara kerja leverage benar cara kerja transaksi kerja,0
tangakp mantan tri,0
kawal jabat beking judol kawal artis promosi judol,0
konten lu benerbener ekslusif banget bang ferry kalau orang pantas sanding figur publik sangat kritis indonesia ferry irwandi,0
semangat pak ferry irwandi anda perintah rasa rugi judol blokir judol apa jadi balik malah olah diam aksi laku berapa ilegal lebih baik terima persen uang per bulan praktik judol terus operasi indonesia,0
kan bener oknum2 pasti ganti nama jadi komdigi arti oknum2 pas jadi komingfo tau menteri belum yup malah lanjut jadi menteri korups ups menteri koperasi or is it,0
kepala nya yg bobrok karyawanya yg jadiin tumbal duit segitu gede gak mungkin karyawan doank yg makan,0
oo jadi,0
pahlawan modern,0
kalo judol legal krn pajak juang akhir,0
gw lebih percaya kalo budi ari gak ngerti apa apa tri zonk hasil terima kasih yg ngelindungi bandar judol johnny g plate,0
judol target rakyat miskin judol pelihara negara apa judol lindung tegak hukum,0
usut tuntas heart tada,0
fyp kan terus sampe presiden prabowo subianto lihat babat,0
nunggu live santet nya wkwkwk,0
gw yakin lu gk mati om botak backingin lu bang memang komingfo kntl budi arie kntl influencer judol kntl,0
teman makan fav,0
hadeuhh,0
sehat terus bang ferry cerdas bangsa indonesia fire fire,0
ko jadi rapih potong rambut bang feri,0
masalah negara lucu kalau perintah ungkap masalah baik langsung mau pake banyak pihak sekalipun akar masalah puncak gak pernah baik istilah kasar orang orang besar balik buat masalah utama gak tangkap malah dilindungin kalau mau masalah masalah kek gin beneran selesai yaa mudah tangkep bandar tangkap buat masalah harap rakyat,0
bang rambut ubah jdi lihat lebih muda,0
salfok sama raid jacket reserse basically dupe nya raid jacket three letter agency nya us jangan remeh orang nyata perang buka tenang orang mau ngebounty kepala,0
tunggu live santet bang,0
gue gak takut mati gue gak mau mati sia2saja sih heart heart,0
msh hangat 5mnt pertama,0
aku betul tinggal tasikmalaya punya satu temen sekolah lilit hutang sampe ktp motor gadai padahal sma kelas dengar rummor nyata candu judi online bikin kasihan adik yg gatau apa2 terus minta tagih kakak,0
moga makin banyak orang sadar kena,0
makan banyak korban berantas akar2nya bakingnya jangan kecil2 aja yng ditangkepin semua satu,0
fist fist fist,0
sakit akut,0
jadi live santet ga bang,0
hajar terus bang ferry,0
gas terus bang tada,0
gagal first,0
gileeeee langsung tancap fire,0
sikat judol,0
gass live,0
respect bang ferry udah bahas genting gin fire,0
best thumbsup,0
kawal teruss bang ampe lu jadi menteri komdigi joy,0
tunggu akhir upload mas thumbsup,0
langsung rame,0
sepakat handshake,0
gw gak kaget joy orang dalem ikut artis influencer yg dulu promo in tangkep grimacing,0
komen dulu nonton wkwk,0
trendingkann,0
mantab jaya,0
ferry irwandi lihat judol,0
finally tunggu fire fire,0
sikat,0
first heart,0
first tolak judol joy joy joy,0
tunggu livenya jam bang,0
gacortoto,0
lesssgoooo,0
waduh,0
kalo gimbal nyebelin dong rofl rofl rofl rofl,0
kalau mau konsul dokter bagaimana,0
dr praktek dmn si,0
seru cm klo gaada pandu lebih seru,0
gk pernah pikir hidup gw nongkrong sama dokter bedah syaraf ngobrolin kerja nya belah pala orang rofl rofl terima kasih bang radit hadir narasumber yg sangat luar biasa respect,0
ga sia sia nonton greys anatomy bas season nyambung banget sama jelas dokter joy joy soal cara buka kepala dokter derek bangettttt,0
kirain chico jericho suer,0
neng gw kalo radit lodcast medical kayak gin gw ikutin terus masalah tumor or kanker awal mula jelas not genetically psikologis banyak trigernya jadi proses kimiawi tubuh hinggi pengaruh rusak dna tingkat rusa sel gen,0
baru nonton ngiluu as uu keren beers beers,0
undang dr ryu hasan,0
undang dokter ryu hasan dong,0
pas beliau bilang cair cerebrospinal langsung merinding soal ingat dulu pas waktu ajar biologi teman baya banyak yg ga tau sweat smile,0
seru bngt tp udah tahun syang bgt ga bahas amygdala sob,0
paling iri bukan sama orng kaya iri sama orng yg bawa bicara nya tenang ga belibet cry,0
kuat denger prosedur beda otak kalian gokil banget,0
fhak men ngeri abis,0
pantes pandu ga ajak joy,0
dokter kayak hikaru nakamura sih,0
ingat insiden grup fb,0
dr derek shepherd,0
pandu kosong banget sih sob sob,0
dr ryan gilakkkk pinter bangett attitude bawa cara ngomongnya bener2 deh nge fans banget pray,0
tanya orang psikopat rofl,0
dokter keren banget bang radit keren makasih udah bikin podcast yg bagus tada,0
ngiluuu sob,0
pandu jangan ajak lah off banget,0
pernah dok gtu smp kelas lama kurleb tahun aneh gejala nya muncul malam sekarang klo cape bgt baru muncul malam blush,0
kalo dokter anastesi kan bawa tenang otak gue langsung berontak terus dokter aan apa spesies apa,0
suara anak kecil ketawa ga sih,0
bener banget biasa org indo,0
pandu ngapain si,0
v,0
dok kalau survive cardiag arrest posisi vegetative state disembuhin pake op otak macam,0
angka kecil salah satu kakek hamba cry,0
smiling face with 3 hearts smiling face with 3 hearts,0
lama nonton rasa ngerasain otak sendiri wkwkw,0
bang request episode punya usus terimakasih,0
kakak operasi otak cium bau sekarang,0
bagaimana cara atas overthinking pesan masyarakat kait sehat otak jenis stroke,0
coba gilir dokter hewan spesialis bang indonesia udah orang,0
nonton langsung sadar betapa luar biasa otak gokil banget kompleks,0
bang radit undang dokter yg bnyk obrol sy suka bgtttt luar biasa,0
next invite anestesiologist yaa,0
dokter keren cara jelas mas dika dokter tulang dong undang,0
bimbing prof aziz ni,0
bang radit undang spesialis mata dong jelasin rumit jadi sederhana pleasee,0
next bahas cuci darah sama dokter ginjal bg radit,0
ngomongin kondisi otak anak indigo ama dokter asik kayak bang,0
gak ounya otak gak nonton,0
bang fokus ku gjadi2 krn topi miring sob sob sob,0
nonton tiga kalinyaaa,0
untung waktu oprasi otak aku tdk buka2 google pasrah sama dokter dengar cara kok ngeri,0
keluh sedikit apa langsung periksa,0
bgs bgt,0
nonton lebih parah film horor,0
otak s2 lulus s1 aja gagal gw jangan2 otak gw cuman,0
menit sebut darah senang sekali dengar sebut sesuai kaidah,0
bang undang spesialis kulit dong bahas psoriasis,0
masyaallah makin cari tau ajar ttg tubuh dgn segala sistem susun rasa makin takjub sama sang cipta manusia memang kompleks satu kurang terima kasih dokter bang radit utk insight ilmu,0
coba undang dokter ryu hasan pliss,0
gw kira chiko jeriko anjir thumbnail,0
no offens gw ngerti maksud bg radit bawa si bg pandu frame giring komedi depan dokter ahli bedah saraf kalo si pandu persona bawa gkpunya otak otak dengkul apa justru hadir pandu malah ganggu sesi pembacara serius sampai dokter malah sedikit sedikit potong kalimat kalimat yg absurd kesan bukan jadi lucu malah awkward next bang radit jgn bawa orang ala ala co host siapa plis kalau jadi narsum dokter bicara harus bobot seru malah jadi aneh karna hadir orang orang pandu gw gk hate si bang pandu mungkin anda mau dimasukin konten jangan konten podcast mungkin konten vlog game seruseruan bang radit lain thanks dar saran masuk gw grinning,0
dok may i marry your brain,0
keeeereeennn bngt iniiii,0
podcast rem sihh sob sob sob,0
nang bgt sama jelas dokter sini keinget ortu yg kadang suka nyembunyiin sakit karna banyak tanggung jawab cry cry,0
bang pandu kritis sih tanya cuma banyak motongnya pas dokter mau jelasin nyeletuk mulu makanya jadi annoying joy well manusia gaada sempurna jadi mungkin besok2 lebih polite kalo mau nanya heart,0
seru bangeettt,0
dokter ryan adlh dr tangan op mamah thn makasih dr ryan beri hidup lbh baik kpd mamah,0
kaya suara rintih,0
otak candu pmo bg,0
otak candu pmo rusak,0
dengerin part bedah otak otak gw lgsg nyut2an bang,0
kalo semut kepala pas stress normal ga,0
anjirrr aku mual dengar dokter ryan jelas kwkwkww keren,0
udah 2x nonton banyakin podcast dg dokter memang cerdas jelas dg bahasa mudah erti manusia awam macam aku tunggu dokter lain bang,0
kalo penasaran pas buka otak operasi nya gimana nonton drama korea judul doctor hampir sama cerita aman kok ngga horor,0
dr anastesi yg paling tahu there is no after life joy,0
tahun yg lalu papa tinggal tumor otak alfatihah buat papa heart,0
kalau pasang cip otak tu gimana,0
ngebayangin doang jadi gak nafsu makan,0
bang undang dr tirta dong,0
gak dok food rotation terlalu effort buat yg jebak zona nyaman makan yg itu2 doang,0
orang otak bagi wow baru gila,0
gak tahan bagi bor gergaji dgrnya ngilu,0
minta no constac hp nya dokter mohon info,0
bang radit undang dokter ryu hasan doong,0
gilaaa seru bgt kok aku baru nemu siii,0
ngilu rasa nonton podcast,0
podcast yg ilmiah kaya gin kalau tambah animasi apa jelas jadi perfect banget sih,0
gw ngeri ngilu nontonnya njirrrr,0
keinget film saw,0
seru bang episode ini,0
kirain abang pandu,0
bang makasih udh datengin dokter2 keren jadi nambah ilmu makasih bang radit,0
song hwa versi asli indonesia face holding back tears heart hands,0
wake surgery otak rasa sakit reseptor rasa alam buruk gampang beka otak mekanisme survive sejak dulu otak kanan badan kiri otak kiri badan kanan lupa blessing,0
dr strange indonesia,0
gw nyerah nonton jelas bedah otak gak,0
point dokter rian medical check up tambahin periksa kepala jangan takut periksa keluh rasa ulang kali jadi ibu dahulu sehat anak suami sehat,0
aku tipe orang kalo nonton vidio youtube jarang komen kali aku mau komen aku mau kasih tau kalo aku nonton vidio dengerin ngomong otak cara kerja jadi mual terus pusing serius,0
teman ga otak perlu nonton utama yg udh pinjam uang dn pura2 amnesia perlu d cek,0
psikopat pd ngumpul sweat smile,0
dr kenzo tenma irl heart,0
bener nyut2 an dengerin joy joy joy seru bhsa paham top,0
percis kek bang radit sob panjang video pala nyut2an ngebayangin otak dlm kepala,0
keren durasi nya kurang lama undang dr ryan keren dr ryan themanya mana heart,0
njir gaji brp tuh joy beli rumah subsidi bulan tuh sweat smile,0
bang radit kyknya hrs sambung part nya podcast sm dr ryan daging semua ga asa udah selesai aja mas yg nanya aneh2 gokil bikin seru ga terlalu tegang jadi,0
bilang bedah otak buka kepala manusia gitu lgsg ngilu akuuuu kyk reaksi pandu sweat smile,0
kalo anak autism dok utk cek kondisi otak,0
seru banget blush,0
betul bangeet bawa orang tua sakit lutut udah bulan bulan gamau terus bawa dokter,0
perempuan selalu jadi ibu baik kalau dahulu sehat diri sendiri kalau ibu sehat keluarga senang heart,0
bang radit undang dokter ryu hasan dong dokter bedah saraf neuroscientist orang seru ngocol mesti bakal rame wkw,0
sekian banyak duduk indonesia knp alm suami aku yg kena sakit kanker otak sweat,0
kaya seru bang podcast ngobrol bareng org org pinter kaya gin tarik bgttt siapa tau kesmepatan,0
emang psikopat lu bang gw nonton sampe nahan ngilu d kepala tp lu ulang2 kata wah seru nih,0
bahaya kalo keinget pas op joy,0
bangk banget ngomongnya serius becanda,0
masyaallah obrol daging semua please speachless awal akhir,0
bencandanya raditya dika lebih ngehujat si pandu kan si pandu cuma becanda kaleee ngomong otak ayam face with raised eyebrow,0
bang mungkin kali bahas organ mau ditambahin tanya gimana cara jaga sehat organ sebut bangg misal kaya kemarin pas gigi tanya pasta gigi berapa kali cara bersihinnya baik benar gimana,0
eh sumpah gw suka bgt eps dokter2 sob sob heart hands,0
soal jepang medis murah bahkn jerawat aja pnanganan bgus pernh liat chanel yt orng indo yg nikh sma org jepng dn tggl dsana,0
drakor medical nyata real kaya gitu operasi sob,0
mri mahal dok lagi emang medical cek up dicover bpjs klo gak sakit klo kanada kyanya medical cek up gratis gak tau tanggung perintah asuransi,0
mau oprasi gigi bungsu yg gigi mendem tulang tulang rahang bor bang joy,0
orang pernah marathon nonton grey s anatomy gua jadi punya visual lumayan jelas jelas dokter sweat smile,0
g jls anjr s pandu sob,0
jelek ganggu aja siapa pake hoodie pink ganggu aja,0
bangga dg dokter indonesia thumbsup thumbsup,0
harus ryu hasan yg sini,0
bikin eps2 bareng dr ryan dong bang raditttt suka banget sama jelas beliau sampe rewatch nihh,0
yg nonton good doctor enjoy sih denger episodebini,0
betul kata bang radit tidur paling enak bius pernah rasa operasi dulu bahkan tidur hari malam enaaaak banget,0
iya ih bius kayak tiba tiba waktu skip tau tau selesai operasi nya,0
lucu bgt,0
definitely monster reference,0
sumpah asikkk banget nih obrol mau dongg mauuuuu heart eyes heart eyes heart eyes,0
suka banget kalau narsumnya orang2 pinter cerah,0
clossing steatment nya keren bangett dokkk blush,0
awal kaget sama judul nyata beneran bahas otak suka konten iniii ngobrolin ilmu baru bawa sederhana seru sukakkk heart heart,0
kalo gimbal nyebelin dong wkwkwk,0
kl anak yg autis ato spech delay jd ad masalah dgn otak ad syaraf2 otak yg gak connect mgk open mouth,0
dok ibu ibu lihat jelas tahun lalu,0
pak dokter gak benerin otak isi orak sy cuman rindu mantan aja sampe gagal move on sob,0
next dokter jiwa bang sweat smile sweat smile,0
nonton neng takut karna langgan migren kiri ga mesti tiap bulan migren sih cuma kalo pas kumat minggu misal hari udh minum obat besok sore migren lg emng lg hectic kerja sih mungkin grgr pusing kerja tp jd takut cry,0
pandu ganggu banget,0
pesan akhir dokter benar sekaligus kritik sistem sehat indonesia,0
satu klo hadap rumah sakit dokter buat gw ngeri gw nganter mamah gw periksa mata kontrol gula spesialis aja lgsg kena trauma psikologis lgsg mau muntah pdhl dalem cuma konsultasi sama kasih resep obat doang sumpah lgsg mau muntah mimpi buruk depresi ga tenang hari,0
baru nntn video nya jadi flashback lalu gw ngalamin semua yg dokter bilang kepala gw botakin bolongin buat ngeluarin kista otak gue kalo ngebayangin emang ngeri bgt pas ngejalanin udah yakin alhamdulilah lancar aman grin tengah operasi gw bangun wkwk sakit bgt rasa gw bangun kepala gw bolongin joy,0
episode dong bang radit,0
bg undang dokter andripsikosomatik donggg face holding back tears face holding back tears face holding back tears tarik bgt tuh ganggu mental yg ngasi efek ganggu fisik,0
untung gak ngotak gua joy,0
asli dnger inget atlet china tinggal pas tanding nya kejang kan apa krna,0
lebih enak co host deh bang radit,0
terus cara nutup kepala gimana dok abis bor gergaji gitu gitu,0
seru bangetttt video2 sama dokter2 specialist giniii heart jadi ajar lebih banyakkk undang dokter specialist mata dong seru kek nya sweat smile,0
bang kok podcast ga spotify si taruh link spotify deskripsi dong bang,0
dokter riyan yg nanganin nyokap w rs pon nyokap w sakit tumor otak oprasi pertama tahun sama dokter abrar nyokap 4x oprasi trakhir oprasi 6bulan yg lalu tahun karna nyokap ngga kuat akhir ny nyokap pulang tuk lama ny cry rs pon tangan ny luarbiasa bagus bgt,0
gua puyeng bang denger cerita gilaa,0
liat begini jadi gak hbs pikir sama org yg mempermasalhkan kuliah gak kuliah liat beda shay ilmu begini susah kali otodidak face with hand over mouth,0
raditya biasa canda,0
tuju mas radit sy sblm operasi otak sy liat yutub dulu tp sy bkn pasien dr ryan sy pasien rekan ny dr ryan,0
aku pernah oprasi otak kepala belah blush,0
orng cumn ngerecoki obrol sory kosong lbih bgus pmbicraan head to head grin,0
seru bgttttt,0
keren banget konten isi informasi penting semua cara ngemasnya bikin audiens ngga ngerasa bosen thumbsup,0
panjang video gw lemes ngebayanginnya cry,0
punya otak nonton lucu bgt judul video,0
song hwa versi indo cuyy joy joy,0
banggg please banyakin gin gin lagiii cry cry,0
istri tinggal diagnosa tumor otak nopember yg awal kira sakit kepala biasa,0
radit knp kl nyeletuk joy joy,0
liat org pinter heart,0
gue ngapain nonton si seru joy,0
gimana cara buka kepala tanya yg sama buat gw awal dokter cerita dy kerja bedah kepala,0
sih kerja orang keren keren banget open mouth,0
bru tau gw chiko jerico jd dokter ahli otak,0
jadi inget drama hospital playlist hushed hushed hushed,0
siapasih kawan bang radit lucu banget,0
dr ryu hasannnn pleaseee bang raditt,0
orang indonesia tuh bukan tunda dok kalo sakit ato ngerasain banyak yg jadi jadi timbang contoh kalo ngerasa sakit yg bilang jangan manja sakit gitu aja rewel kondisi uang orang yg bikin susah mcu,0
coba yg dateng dr ryu hasan joy,0
lebih seru bang radit sendiri deh,0
keren banget orang pinter heart eyes masyaaallah moga anak aku genius kaya dokter moga aku support apa yg baik yg mau,0
aku udh nonton podcast lebih 10x,0
kasi banget sama dokter joy joy joy kayak gue kasih lo waktu buat narik tanya lo astaga beneran nanya,0
ryu hasan undang dong,0
daging semua isi podcast asa denger orang cerita komedi padahal ajar semua thx bgt dokter jg enak bgt neramginnya kalem paham,0
cae so hwa in real life,0
bang radit sering sering podcast sama orang orang cerdas kayak gin lebih enak dengernya,0
pandu jd rusak suasana njir lah bang konten yg gin gin gosah ngajak pandu,0
gatau knp gasuka bgt konten radit yg pandu nya apa konten yg begini yg isi nya ilmu semua pandu jd gak bagus sekali nyeletuk jd gak bagus lucu kaga malah liat bloon,0
wahai manusia tiktok yg kmrn bilang jadi dokter liat youtube tah sok kepala maneh yg kompleks bor liat tutorial youtube anying,0
dokter lucu dah,0
bahas otak w bayang otak sapi nasi padang jadi ken,0
lanjut terus konten bareng doker2 spesialis ahli bidang bangg,0
yg tau topi yg dipake radit topi apa tingkiw,0
pandu ga usah ajak deh sesi podcast penting buat tahu begini dri awal maklum tpi pas nanya pernah oprasi orang ga punya otak ga i cant bro bang radit mulu bantuin make a way out buat pandu kesel gua,0
sarang bang radit kalo kasih jelas dlm bentuk tulis istilah2 kata2 yg memang utk ajar orang bang tulis layar terjemah gitu,0
terimakasih konten sangat manfaat,0
suka bangettt,0
bawa ringan padahal materi nya berat,0
suka banget sama podcast bang radit banyak banget nambah ilmunyaa makasih bang raditttt,0
kemarin kemarin marathon podcast bang radit bareng sama spesialis spesialis yg dokter ga yg ga seru sbg suka drakor medis kadang jadi kek visual pas dokter nyeritain bang yuk banyakin konten kaya gin,0
bang radit undang andika rama bang org indonesia satu satu yg naik podium nissan gt academy silverstone konsisten aktif racing sekarang,0
apa cuma gue yg keri2 sndiri liat penjelaasan dokter crying cat face,0
dokter ryan kaya dokter chae song hwa hospital playlist,0
banggggg bawain podcast g kait didik sehat kayak dokter psikiater dsbnua donggg seru banget denger podcast sama podcast bareng dr jem moga sering sering bawa subjek kasih ilmu gratisss,0
apoteker coba bang next nya,0
bukan mau sok kuat kadang dateng klinik suka sepelein mau rumah sakit rujuk klinik kalau gak rujuk ribet kalau bayar mahal banget,0
jadi inget nalaa bang radit undang nalaa sama bapak doong yg nalapedia tu loh,0
mas pandu mas pandu ada2 aja prtnyaan nya,0
waktu aku mah operasi ajak ngbrol terus ngitung habis kaget bangun udah ruang open mouth,0
sadar ga yg bilang dokter banyak anak yg lambat bicara kurang interaksi aja karna gadget karna banyak orng tua fokus nyari uang dalih buat anak ujung ninggalin anak sendiri nyesek liat utama warga kota yg baru ketemu anak malem gila dampak dilema banget butuh ekonomi sama butuh sosialisasi anak,0
pandu weary,0
pas dokter ngomong ngebor kepala merinding sampe sini,0
kalo penasaran sama gambar operasi neurosurgeon nonton kdrama judul doctors drama keren bgt sih,0
kok nontonin jadi ngilu,0
gw ngobrol sama dokter bius anjir,0
useless pandu maen game aja lah,0
apa cuma gw reng kalo pandu ga asik ga ngimbangi,0
org pinter selalu lihat dr gaya bicara intonasi wajah,0
baca manga team medical dragon bang dokter bedah,0
mirip mamat alkatiri kilas,0
jadi gapapalah make gin doang ekwkkww lucu bgt lg,0
podcast keren,0
dengerin pas bgt kemarin abis operasi pasang tempurung kepala kranio plasti,0
bang radit jujur sejak ngundang yg ahli2 gin aku jd nontonin semua eps podcastnya bang radit moga makin banyak ahli2 yg undang yaaaa,0
podcast yg cuma bang radit sm dokter nya seruu bgtt kali tiga potong terus omong dokter nya jdnya ganggu bgtt smiling face with tear smiling face with tear smiling face with tear,0
apa sih pandu cringe kagak jelas,0
bang radit undang dokter spesialis onkologi dong bang tahun tumor survival tangan dokter sp onk nama dokter budi siregar tarik banget bang dunia onkologi,0
coba undang orang lab rumah sakit joy,0
gemes pandu tanya loh,0
suka bgt cara ngejelasinnya tanya pas bgt sama yg otak gw,0
suka bgt konten2 kayak gin orang2 bidang heart thanks mas radit,0
sering2 undang dokterrr dong heart,0
kaya komentar dua akun youtube orang krn dokter ryan bikin aku jatuh hati smiling face with tear heart,0
haru loh akhir subscribe tamu banyak dokter dokter,0
sedih woy views nya sampe juta,0
undang dr yislam ga sii spesialis jantung,0
punya temen kena kanker otak semua udah tinggal paman ponakan smiling face with tear smiling face with tear smiling face with tear,0
mantab bang seru banget nonton podcast isi kaya gin,0
doi ngingetin gue sm ben carson dokter asal as ngerjain otak keren sih dokter otak indonesia dos dok,0
dengerin dokteenya ngomongin case operasi jadi bayang jelas karna gue suka banget sama drama dokter playlist situ dokter saraf nama songhwa case operasi yg pasien dibangunin buat tau batasan2nya adegan keren bgtttt,0
panjang video gw mijit kepala trus jirrr sehat sehat otak,0
alm ibu dulu sakit kanker otak ibu tinggal usia tahun bener kata dokter tumor kanker otak kayak lotre gak tau keluarga gak riwayat kanker,0
nonton otak lintas scene2 drakor medis yg pernah ak lihat banyak dr jelas dokter yg sama persis kaya yg didrakor,0
kalo gimbal nyebelin dong wkwkkw ngakakkk bgt luar ekspektasi,0
lama temen gua tinggal tumor otak 7cm ga sengaja video lewat beranda terimakasih ilmu bang pray banyakin video edukasi kayak gin pray pray pray,0
kereennn bgd tada tada,0
bang undang ahli2 ngga biasa keren bgt jd nambah wawas keep up the good work salute,0
suka banget sama episode2 yg ngundang dokter gin krn tambah wawas jd ga cm konten gimmick ga jelas mksh bang radit pray pray,0
nyamperin yg bawah2 aeneng bgt bnyak dokter spesialis blush blush blush orng2 hebat yg ngejelasin enak baham,0
gw pernah operasi tb tulang pinggang belakang pas operasi gw sama sekali ga tau kapan gw bius pokok dokter masuk ruang stel lagu jazz gitu ngajak ngobrol tiba tiba gw udah bangun dingin udh operasi selesai bahkan gw ga ngerasa ngantuk ga ngerasa tidur rofl pdhl durasi tindak operasi jam,0
dokter kok iya nasib buruk semua dasar fakta tooo dok,0
pandu sini kek ayam taruh pinggir jalan tol kalo ga motong alur ngedistrak topik relieved,0
episode buat lutut lemas terus,0
keren bangettttt dokter,0
berkat nonton drama hospital playlist ngebantu nonton jadi visualisasi manusia awam dunia medis,0
dok doain yaa hasil ukmppd aku juni keluar moga lulus pray,0
wkwkkwkw pandu lucu bgt rofl rofl rofl,0
gak nonton gak sanggup dengerin sob sob sob,0
ehh suara apa tu bang detik,0
saking sering nonton drakor tema dokter saaf dokter njelasin udah punya bayang gambar,0
gokil aku suka bnget kalo ngobrol se asik sih,0
makasih bang abis nonton video gua jadi tambah syukur punya tubuh normal,0
tmbh sakit perut aqu,0
ikut puyeng pas bagi jelasin buka kepala jujur neng banget sama konten hubung dokter gin,0
keren bangetttttt narasumber asli,0
bang radit gokil sih ngasih konten kuliah gratis gin smiling face with 3 hearts smiling face with 3 hearts,0
hallo dok terimakasih atas jelas sangat ringan seram sehat selalu dok heart,0
banyak konten sama orang orang inspiratif pleasee dr sama bocah kosong,0
love sekali pak dokter,0
kata lucu gimbal pitak joy rofl,0
keren bgt paraaaahhhhh,0
sumpah ih konter mahal gua banyak banget ilmu dapett moga bang radit makin penasaran kepo apa bang radit ngundang dokter2 joy heart heart,0
lebih prefer kalo kak radit sendiri obrol sama narsum lebih banyak gak dikit dikit becanda,0
thanks bang radith gue tarik sama neuroscience hebat bgt datengin dokter neurosurgeon,0
stujuu 2x aku operasi bius total 2nya slalu ajak ngobrol gapernah suruh hitung sini aku sadar kalo aku memang terlalu cemas stiap mau operasi joy dunia bedah memang canggih banget aku sekarang brusaha buat inget aku ngobrol apa sama dokter anestesi hilang bius bener kayak skip sob,0
iya relate aku kalo ovt langsung mikir dampak jelek nya apa tp langsung nemu jawab nanya hati hati lu bakal bilang wes gapapalah idup coba eh tetau legaaa,0
episode bikin linu bgt,0
kok gak ditanyain orang pikun padahal penting banget,0
ini ilmu guys materi ajar lama ajar lama kuliah selamat nyawa manusia jdi kalo bilang kuliah gk penting gw tempeleng pala lu punch,0
bang radit undang spesialis onkologi donggg,0
kesini nonton vindes kalau yg ahli tidur mana wkwk,0
bang bikin playlist dong sama dokter2,0
jangan ngajak pandu plis,0
pandi ngapain sih kok crige,0
yg abis nonton vindest datang lahhhhhhhh,0
aku penasaran bang radit celaka kepala banting keras ngaruh memori bang radit aku belakang aneh banget celaka kadang lupa sama hal2 kecil,0
gak suka bgt sm co hostnya gal mutu tanya,0
gilaa seruuu,0
asa ikut seminarr wkwkwkw keren banget deh bang,0
bang radit huumm sob knife axe,0
nonton pala gua asa cenat cenut joy,0
suka bgt podcast gin,0
gokill seru banget heart fire sparkles podcast seru bang radit jauh sihh turut dokter ryan bener edukasi banget ngasih jelas jg jelas bikin gampang paham krn ngasih byk contoh gakebayang sih se loveable klo jadi dosen sob raised hands gak ngebosenin mau ngejawab semua bagi walaupun kadang receh malah ngasih jawab yg out of the box bngt trs cerdas gk over ken liat wow tp emang bener sepinter ituuu sebenernya byk yg ken mcu total yaa sampe kece otak tp mungkin pemerintahnyaa hrs lbh dukung fasilitasnyaa biar gak pas sakit ajaa cover biaya tp buat kece rutin jg mudah tau sendiri bpjs tuhh kadang kidding banget sob pleading face klo family yg punya sakit saraf smoga semua sehat sehat aamiin sparkles,0
kayak gini2 banyakin dong bang,0
banyakin konten edukatif kayak gin bang radit,0
keren bgt dokter,0
ken bgtt nabok pandu joy,0
milih spesialis dokter nggk seru jg yakk joy neng deh lihat jabar,0
bang undang dr aan doi dokter anastesi joy,0
seru bangettttt,0
respectfulll,0
sdh 3x ngalami bius total bener kata radit tidur paling enak bius mimpi hrs trbangun krn suara brisik nyenyaaaakkk banget tiba2 sdh slesai aja,0
nonton karna pernah operasi bedah saraf waktu tahun kls smp skarang alhamdulillah udah umur tahun sehat,0
makas dokter makas bang radit berkat podcast gue tau dora hobi ngulang kalimat face holding back tears,0
bawa podcast ny ganggu bgt gk optimal dr nya jelasin,0
seruu bangettt,0
pas ngejelasin isi kepala gua rasa masyaallah bgt cipta nya,0
yampun dokter mirip yg samping radit sampe bingung,0
sumpah seru banget podcast nyaaaaa,0
izin beri statemen apa kata dr ryan memang baik cuma jadi masalah sekarang medical check up saran sama pak dokter baik cuma masyarakat sungkan dokter kait ada biaya entah rumah sakit kadang mau tau apatis kait syaraf dulu sempat pikir sekali sekali check up rumah sakit entah skeptis segi sehat sekarang perintah mana peduli lebih arah penting,0
mana aku sering sakit kepala jadi pikir apa kepala dulu smp pernah jatuh motor pernah alm ibu blg kalau aku gak blh pake bantal pas bgn kalau sampe muntah gagar otak kata jd pikir,0
suka bgt konten ini,0
makasih dr ryan dulu pernah handle operasi otak bpk,0
nonton megangin kepala,0
bangg dokter ikan,0
makin cerdas narsum nya makin mudah erti bahasa,0
lemes gue bang dengerin,0
suka bang konten ky gin banyakin bang tada tada,0
ngilu banget yak dengerin ngobrol,0
nang aku nonton ponakan aku usia tinggal krn kanker tumor otak keluh memang sering sakit kepala aja tp pas tahu lambat tdk d tangan,0
bang aku udah subscribe abang banyakin konten konten kek gin bang jazakumullahu khair abang,0
bius aja bius,0
asik,0
auto ngilu,0
onggok otak gue punya gue paham apa omongin dokter sob heart hands,0
bang lu jadi host nya sendiri aja lebih nyambung kalo lu jadi host sendiri bingung w sama becandaan tanya temen lu bang padahal jelas dr nya seru banget,0
abis nonton semangat ajar gue idup,0
dokter jelas surgery lalu bayang adegan operasi choi song hwa drakor hospital playlist blush,0
plis lah konten krrator banyakin edukasi bgini jangan prank ngurus idup orang mulu cry,0
maaf banget kalo sama pandu isi jadi banyak ketawa padahal gak sabar mau denger ilmu narsumnya,0
keren banget isi podcast nya dokter ryan kerenn,0
sumpah sih gue bang radit tuh stiap bikin podcast gapernah gagal yg undang seru trs asli sampe habis grs gue nontonnya sob,0
gua ngilu bgt nonton sob,0
plis undang dokter ryu hassan bang raditt,0
untung bang pandu jadi aku tau kalau otak tu yg kosong empat,0
podcast aku baru tau otak ngambang tekstur kek tahu salut seru banget obrol kek gin,0
dengerinya keinget greys anatomy,0
that hela napas his eyes joy joy joy,0
guaa asa psikopatt nonton ini takutt penasaran joy,0
pandu ganggu ah sweat smile,0
pak dokter jelasin tarik bedah saraf gw yg nnton excited bgt ikut feel anak umur tahun buka mata stlah operasi jam an eh si hoodie pink malah tanya isi otak apa yaa dok urat2 wkwwkwkwkwkwwkwkwkw ngakakkkbbeettt,0
aku dlu waktu operasi pas dr anestesi mau kasih obat bius cuman bilang mulai mbak gtu trs pandang kyk berat bgt hbs bangun2 udh sampe ruang pulih upside down,0
gila awal gw skeptis sih dr ryan mungkin gk familiar sama kamera bawa kaku sistematis nyata ngomongnya tata bahasa yg mudah erti suara jg enak simple heart hands heart hands thumbsup,0
bang pliss pertahanin konten kaya gin seru banget nambah ilmu pray,0
gue ga suka org yg mau jelasin terus potong,0
maaf saran nih klau ngobrol gin si tambahin foto gambar jd ngobrolnya ga ngambang cmn saran,0
panggil dokter aan dong bang radit dokter anastesi hits x grin,0
suka banget sama bintang tamu kali banyak banget info penting buat sehat yg jelas dg bahasa yg sangat mudah paham awam relaxed,0
suka bangeet sama konten kyak gin,0
blush blush,0
apasih si badut pink receh bgt,0
bang undang ahli autopsi kek nya seruu,0
berapa kali radit bilang sshhh sweat smile sweat smile sweat smile,0
inget kya nonton drakor doktors ttng ahli bedah saraf denger jelas makin paham,0
narasumber kerennn bgttt heart tanya yg anggap canda ttp jawab serius santai sisi ilmiah yg sederhanaaa mudh d paham,0
ngeri ngeri sedap dengerin podcast episode bang emang penasaran banget sih sama isi kepala suka banget dokter nya pinter jelasin rumit dijelasin jadi simpel langsung bayangin tunggu bang radit next narasumber bahas cerdas gin,0
gw milik otak mrinding bgt dengernyaaaa,0
brohhh bang radit diksi udh psikopat bgtt,0
asli tidur anastesi total tidur paling enakkk,0
mantap bang thanks,0
sering sering bikin konten edukasi bang seru nontonnya jadi nambah ilmu clap pray,0
kali bg dua aja gak side orang kek pandu terlalu canda jadi,0
bang radit undang dokter aan spesialis anestesi,0
banyak konten sama dokter spesialis kak biar bewarna youtuber indonesia,0
tarik banget dokter jelasin enak sederhana jadi mudah erti,0
awal2 video be like pandu ngedistract niiiii gue attention issue maap pandu pas pandu nanya menit puluh beda migren arti bikin gue sadar nyeletuk2 meski random penting,0
duh gua demen bat sama dokter wkakakakakak,0
dokter spesialis kandung bidan pliss undang bang face holding back tears,0
bangg radit ayoo banyakin kontenn gin undangg dokter lain lebih banyak pahalanyaa blush blush blush,0
padahal rumit banget tp orang awam paham apa yg dibicarain dokter,0
asli ngilu lemes ngeri bgt lgs ngebayanginnya cry cry cry cry cry cry cry cry,0
karakter dokter mirip banget sama film film kereen banget jadi inget dr kim sabu,0
enak banget dengerin jelas orang pinter banyakin guest ahli ahli gin banggggg blush,0
undang dokter ahli ahli nyari informasi medis nyari materi stand up,0
dokter enak banget cara ngejelasinnya sob heart eyes selow santai muluk2 yaa bahasa yg guna jd mudah paham,0
nyala pak dokter,0
woww jadi tahu banyak nonton bener2 seruu bangett,0
undang dr boyke bg,0
pinter ihh wkwkwk undang lgi om radit spesialis yng,0
makasih bgt ka radit udah undang pa dokk huhu seru bgt gabisa renti nontonnyaa,0
anjir ngilu nntnya,0
seru banget banyakin ngundang dokter2 spesialis bang ilmu gratis lo,0
kalo senyum mirip emil dardak,0
keren bgt sob sob sob,0
keren banget sih bang thumbsup,0
nonton jadi ingat karakter dr chae songhwa drakor hospital playlist joy,0
males klo pandu wkwk,0
pandu perspektif manusia awam umum,0
sy br kluar dr rs pon hr selasa kmrn oprasi hr kamis kmrn,0
pas banget nonton queen of tears blush heart,0
dokter sembuhin hong hae in ngga,0
gila keren banget fokus bgt nontonin ini,0
gua ngga percaaya psikologi kait neuro science pake segala over thinking kait otak sama aja selera lo lo modifikasi lewat otak fisik,0
nton podcast org2 pinter pernah tarik nton artis,0
nambah fakta baru overthinking alamiah jangan sampe tenggelam sana,0
mintol datengin sp bm dong bang radit bbrp waktu lalu habis operasi ngangkat tumor rahang penasaran kata dokter sakit langka,0
ngakak bgttt sob sob sob sob,0
luv banget dah ilmu bang yellow heart,0
vidio ikut beberapa ajar yg lo bawa pulng no paling cengang rambut ga balik kulit kepala menggukan fungsi otak tiap hari nya beneran orang yg minus otak alam buruk lebih bekas pangkal otak jalur saraf tuju seluruh tubuh jadi tidur miring beri sirkulasi udara yg lebih lega makanya klo tidur duduk bikin pegel2 hadis nabi bukti scient,0
seru banget dengernya wkwkw,0
ngilu,0
panjang video ngiluu,0
yg nonton ngerasa rem merinding penasaran point up,0
seru banget mantep dah thumbsup,0
gegara gue sering nonton grey s anatomi dijelasin sama dokter gue bayangin,0
memang kepala ngenyut apa sama,0
sukaaaa bgttt,0
part bang raditttt,0
dosen2 gw dulu jaman kuliah kalo jelasin nya kaya gin pinter gw anjir joy,0
seta nonton vidio ngeliat tahu gakan sama,0
tau dr ryan reels youtube jelas asik mudah erti mirip banget kaya guru matematika smp gw gw ga suka anti matematika jadi suka banget orang orang kaya pak dokter ryan keswani mesti banyak indonesia heart,0
pas dokter bilang senyum ga sama gw refleks sama samain sweat smile,0
anak gw cita2nya pngn bngt jadi dokter bedah gw denger jelas dokter air mata gw ga renti keluar begitu rumit riskan jd dokter bedah moga anak capai cita2nya jadi dokter bedah otak dr ryan keswani amin yra,0
cocok bngt sama bang radit karna udh cerdas gampang bungkus bahasa yg jelas jadi lebih mudah masuk logika,0
konten kerenn bangetttt,0
the real obrol daging,0
seru banget bahas,0
spesialis bedah syaraf selalu bilang anak teknik orang dokter yg paling berat kerja keras gitu tp duit ga main indonesia tau cuman 400an org sangat sangat jarang,0
sorry nanya mungkin buat yg tau spesialis bedah syaraf sp bedah umum sp bedah anak sp bedah torakoplastik sama sp bidan ginekologi nah lima kira kira yg ambil sub spesialis mana aja semua sampe tahap sub spesialis soal kira yg sp bedah umum baru ambil spesialis sub spesialis apa bener ibarat spesialis didik tara s2 didik dokter sub spesialis tara s3 didik dokter cuma lebih fokus praktik langsung rs makasih banyak mungkin dokter med student mau jawab,0
next dokter ortopedi bang,0
next undang dr tompi dong banggg,0
sama bang ngomongin ginian pala ikut nyutnyutan,0
nonton drama korea doctors crush relate banget sama bicara thumbsup thumbsup thumbsup thumbsup thumbsup thumbsup,0
konten lihat bang radit sering kejang bengong lama podcast rofl v,0
kesini gr2 tiktok cung joy,0
gua punya otak jadi gua nonton,0
arti mungkin ga kalo pas bangun pasien nya bahasa mandarin dapet pintar gitu,0
butuh bgt konten yg sperti sih kalau cuma ngejar yg viral asa gk tambah tahu salut sama bang radit,0
pandu cringe bang mending gausa sama kalo podcast,0
habis nonton langsung asa sepinter chae seonghwa,0
maaf aku kurang suka tingkah bicara bang pandu bilang lebih tingkah nya yaa mungkin kerna awam ucap lelucon gak penting sangat ganggu cry,0
bukan nunda dok lebih ndak punya uang sih aku wkwk,0
kereeeennn,0
seru bgt cakap meski tanya nyeleneh tp dokter hasil ngasih jawab yg rasional hehehe,0
judul nya aduuuh,0
pandu ganggu ga jelas,0
makin yakin ide makan gratis gizi anak prabowo gibran sweat smile,0
dibikinin playlist baaang,0
chico jerico,0
si pandu jomplang bngt wkwkkw,0
next nuclear engineer,0
ngulang2in jelas sih bang radit mending diem dengerin jelas dulu yg nonton jadi puyeng dengernya banyak pengulabgan sama bang raditnya sweat smile,0
otak manusia d upgrade ga yg tadi bodoh jdi pinter balik,0
psikopat jalur sni,0
terima kasih bang radit tonton keren bobot heart eyes heart eyes,0
pandu ha ho ha ho planga plongo kalo orang orang pinter ngobrol,0
dokter mirip hikaru nakamura kilas,0
seru bgt ajar fungsi otak kek dengar psiko yaa sweat smile,0
kata kata keren dr ryan lupa blessing joy,0
sebenernya buka orang indo gapeduli sehat utama tumor takut bayar mahal udah tanam otak sehat indonesia mahal,0
edisi paling ngilu,0
gua dengerin podcast rasa otak gua nyut nyut joy joy joy,0
ekspresi orang pinter dengerin pandu ngoceh otak ayam,0
penasaran kalau radit ngobrol sama dr ryu hasan pakar neuro sains seru,0
jadi inget scene2 operasi chae song hwa hospital playlist,0
bagi anestesi radit pandu beneran mirip dg teman2 gua pas nongkrong tanya random benar ga hak anestesi jawab beda subspesialis wkk org awam dokter usaha jelas sederhana susah sih dokter pinter bangetttt jelas detail pakai istilah medis walaupun istilah tonton tau,0
analogi panji bahas saw pikir grin guna film saw,0
banyak anak anak zaman sekarang speech delay interaksi zaman sekarang makin lama makin sedikit orang orang masuk sebab ipad kids syndrome ipad baby syndrome,0
medical checkup jangan takut periksa keluh rasa ulang kali jadi ibu dahulu sehat anak suami sehat,0
kamu jangan lupa depan mata manusia,0
kerennn narasumber,0
nonton dokter ikan dokter jantung duluan belum obrol enak banget sayang banget ngobrol tiga sama pandu jadi canda mulu gak lucu point nya jadi gak nangkep,0
liat banget dokter gemes jelasin kalo anak mesti ajak ngobrol bukan kasih gadget,0
kalo bahas hal2 penting gin mending dua aja bang wkwkkw yg staunya bikin krik krik maap,0
sikopaaaaaat sikopaaaaaat sikopaaaaaat,0
dengernya aja ngilu moga selalu beri sehat palms up together,0
yg jadi masalah org indo males dokter miskin soal bpjs ga cover macam cek badan reason yg jelas kalo udah kronis baru dibolehin sama bpjs,0
gara gara video gw subscribe lu bang gw sangka channel isi video random aja,0
obrol berat dokter pintar kemas ringan radit ft pandu mudah cerna,0
tonton episode makin yakin kalau bang radit orang psikopat joy joy,0
kirain chicko jeriko,0
jadi kalo gimbal nyebelin dong joy joy joy,0
ni konten keren banget sih part nya bang klo pray,0
asisten dokter anestesi relate banget sweat smile,0
enak banget flownya cara jelas enak gak skip sama sekali,0
gw kira hikaru nakamura,0
dokter tabah banget ngejawabin tanya sob,0
bang radit tanyain sama dokter kalo slapfight championship ngaruh ga otak,0
masyaalloh dok moga selalu d ikan sehat tolong banyak orang palms up together palms up together,0
kepala gue langsung nyut2an denger proses buka tempurung otak sob,0
cikal bakal film dokter indonesia mau bagus nih smiling face with 3 hearts,0
pas banget bahas kali aku minggu lalu penasaran bagaimana proses ambil tumor otak soal minggu lalu waktu aku magang laboratorium patologi anatomi dokter antar bagi tumor otak pasien,0
raditya nikmat bngt cerita dr pak dokter gw yg dengerinnya sdh ngilu2 gmn gitu bang radit psikopat xixixi joy,0
tanya psikopat keluar grin,0
pandu gw kumpul sama2 orang2 cerdas,0
seru banget wey,0
bang radiiiitttt profesi nelayan tani masinis pilot dokter spesialis yaaaa banggggg,0
coba deh lihat pandu latar belakang didik mampu ngimbangi lo kosong lo fakta kalau sering ngumpul sama orang pinter bakal ngikut pinter blush,0
asam folat yaaa bukan asam sulfat,0
gw nonton smbil mkan ikut lmes gw ngbayanginya sweat smile,0
seru banget obrol heart eyes bawa dokter enak bgt,0
podcast bang radit sedang kumpul materi tulis cerita sweat smile,0
kasih ilmu alhamdulillah,0
seru yaa thumbsup,0
sumpah mahal banget iniiiiiii,0
next utk lengkap undang dr ryu hasan donk bang,0
ken rewatch hosplayyy gara gara nonton weary weary,0
kaya film get out,0
keren hehe,0
radit kepo cara belah nya fix psikopat joy,0
dr tenma live action,0
wah ngeri sih ilmu,0
tarik banget sih,0
keren banget dokter sampai enggak berat,0
bang undang dr ryu neuroscientistttt pliss,0
gakuat nonton ngilu kepala jadi sakit padahal konten yg gapapa kyk otak ku gaterima klo jadi bahas,0
bang radit sumpah dah tayang dah berapa kali tonton soal seru another session ama pak dokter dong banggg hehe,0
salfok dgn judul vidio spontan kata kok benar sweat smile,0
dokter tirta dong bang ken tahu reaksi kalo ngomong sama pandu sehat joy joy,0
awal pikir bakal bosan nyata masyaallah banyak ilmu yg dapat keren kerennnn sehat2 terus pak dokter,0
bang radit undang psikiater dong bang mau ajar plis,0
bang undang dokter2 spesialis muda keren banget obrol gk dokter sih ahli2 jg keren blush,0
mndadak inget hospital playlist prof chae song hwa,0
adain part,0
iya nakes gue jg bru sadar klo punya tombol aktif kayak gue orang jijik an luar jam kerja gue gue muntah2 cuman lihat ludah lantai klo kerja megang ee pasien aja gue biasa aja sweat smile,0
sering2 ngundang spesialis gin bang seru nih luar biasa sih konten out of the box banget,0
tanya pandu terkadang kayak bikin malu nyata penting jawab si dokter thank you bang banyak ajar,0
sejak radit tanya bagaimana cara buka kepala tanya jawab lanjut bikin merinding ngilu smiling face with tear,0
belah bang radit siapaa si busett ganggu bangett,0
terima kasih dokter ryan radit pandu konten mantep banget gue tuju kata dokter ryan soal wanita lebih sering tahan sakit jadi sendiri keluarga ibu tahan sakit lama saat ayah sakit obat tau kalau ibu sakit pas udah hujung hidup moga makin banyak sadar sehat terima kasih semua konten sangat manfaat heart,0
ini dulu gue suka nonton dora ego gue ajar banyak utama sabar,0
one of the best podcast ever,0
thanks dr ryan,0
bang radit pandu ngomongin kateter dokter pandang kosong liat,0
ulang terus nonton kali sweat smile sweat smile,0
terimakasih ilmu pak hikaru nakamura,0
neng banget bang radit undang yg ahli ahli dong,0
lumayan kuliah sks dapet ilmu mual dikit ga ngaruh,0
chae song wa fersi cwo mah blush,0
bang undang dokter spesialis nuklir dong bang,0
pandu lebih rasa ngerusak obrol si,0
bang request interview dokter spesialis anestesi dongg,0
pandu bikin ngakak kalau ngitungnya lebih gimana wkwkwkkwk kok pikir nanya gitu wkwkwk,0
tanya dong barangkali sini jawab kalo sakit kepala tuh benar rasa tuh mana sih syaraf otak bagi beberapa jenis sakit kepala beda sekali pengin tau solusi reda sakit kepala puasa maaf kalo banyak tanya,0
becanda melulu serius dikit ding,0
seru banget eu,0
lupa blessing fire fire fire,0
bg mau tanya kan kalau kena tumor lotre aja kata dokter nya bagaimana teliti orang orang negara populasi besar kena tumor sakit mati lain negara tentu kata jadi pola makan tidur anggap benar pray pray,0
ngilu sob,0
dokter bedah tumor nya alm suami rs pon lama konsul sama dr ryan selalu puas sm jwb2nya gak pernah diburu2 klo lg konsul pdhl pasien mungkin banyak,0
konten mahal banget isinyaa banyakin konten gin bang radit cerdas bangsa grin grin grin,0
kurang suka co hostnya kurang oke sih obrol,0
bang radit undang dr tan shot yen dong,0
bang ko gue engga percaya elu takut denger cerita bedah wkwkwkwk,0
fyi mic pandu doang yg dipakein busa krn kabar ciprat ludah pandu tara sama air liur komodo,0
nah baru omong otak literally,0
wah bang radit tau jasjus,0
undang prof nur rasyid bang radit,0
orang awam suka banget nonton series dokter pas dr ryan jelasin gw bayangin proses operasi sukan nih sama konten bang radit yg satu,0
lulus drakor doctor romantic sedikit paham joy,0
wkwkwk gak baca bgt bang radiit responnya,0
waaaaaaaaaaa sampe gua ulang bang radiiit,0
makas loh raditya dika kalau sering bang biar motivasi hidup sehat tiap hari remind cry,0
pandu memang asli mirip banget sama agus magelang wkwk,0
jadi ken medical cek up,0
pandu wakil yg kepo,0
seru banget nontonnya hampir jam gak asa jelas dr ryan sangat mudah paham tambah tanya tanya sederhana bang radit sangat wakil tanya banyak orang awam sukses selalu dr ryan bang radit,0
dr ryan kenal dokdes gakkk,0
gw bulan februari tahun lalu op tumor batang otak bang,0
bang gw baru abis oprasi tumor batang otak,0
hari subscriber 2jt views cuma 371k fix subscriber lo gapunya otak wwkwkwkwkwkwkw,0
kaya begini lah misirikit tontonnnn jangan yg pomar pamer gosap gosip ae yg ditontonnn,0
keren nih harus bintang tamu vior bang hehe,0
konten lu isi mau game mau podcast keren smua bang,0
klo mri pake bpjs mau gua tiap taun,0
wah tanya radit rem gmn cara buka kepala deddy corbuzier nonton,0
bener iq peran hidup steven stain howard book buku the eq edge emotional intelligence and your success,0
nonton podcast ulang ulang ga bosen bahas bobot ringan terima masyarakat awam blush,0
lalu gimana orang punya ingat fotografis sebenernya gak sih gue baca novel tokoh utama punya ingat fotografis semua spesialis dokter gue paling gimana gitu sama spesialis otak semua spesialis keren otak tuh kayak wah gila emot mata kaca kaca moga bakal spesialis spesialis bang industri btw dokter bilang ibu bener banget semua orang gitu ibu tinggal sakit kanker lambat tangan beliau nahan kuat banget al fatihah mama,0
pas pandu bilang kaya peci joy video ini ajar otak rasa sakit cry,0
jujur ngilu dengernya sangat tantang dengar joy,0
moga semua dokter indonesia punya cara pikir kaya dokter ryan dulu eyang pernah keluh sakit terus bagi dada bawa rumah sakit minta check up kalau rontgen sama dokter bilang usah eyang lihat sakit minggu kemudian eyang tinggal,0
sadar ngga sih beberapa tanya pandu tuh bagus turut entah skrip ato ngga tanya yg simple malah lebih susah dijelasin kayak nanya darimana tahu kalau pake otak kanan otak kiri joy,0
dr tenma,0
gokil narasumber nya bang radit tuh emang ngga didugaa sparkles sparkles sparkles,0
bahas seru kedistrek sama topi bang radit yg miring joy,0
dokter dengar banget sih dengerin orang baru jawab tatap mata tajam kerensih,0
bg radit dr ryan bg pandu tau kalo bahas podcast seru bgt betah bgt dengar kalian ngobrol bobot terima kasih ilmu,0
percaya teman awat yg kerja ruang bedah lihat interaksi dokter luar kamar operasi sangat beda sangat pintar lebih killer dri pda guru killer mana joy,0
very useful and informative thankyou heart,0
selalu nambah ilmu kalo sama dr ryan maaf co hostnya terlalu canda jadi bikin ga respect ga nyaman pas nontonnya,0
banyakin konten kaya gin bang radit,0
makasih bang radit ilmu anggap bosan orang awam jadi seru didengerin kemas sederhana asik banyak tanya udah catat kalian tanggap jawab narasumber asik jadi obrol hidup,0
radit aku wkwk operasi tumor payudara aku jg nontonin video2 operasi tumor pyd bikin lebih tenang kaya bakal kaya gin nih wkwk,0
sih bukan cma daging lemak2nya blush,0
dokter mmpi dong bang please relaxed,0
suka banget cara bang radit dengar sampai tanya abstrak bang pandu salut,0
keri,0
next nya undang bang fajrul fx bang,0
njirr isi semua,0
koh radit rendah mohon undang dokter spesialis autisme nitip pertayaan bagaimana cegah anak lahir autisme wajah derita autisme cenderung sama terimakasih koh pray,0
gilaaa dokter keren banget,0
ganggu bet pandu sini ngapain ajak,0
undang dr ryu hasan psti seru,0
bg konten edukasi kea gin banyak please makasii,0
coba kali undang dr drake ramoray bang xd,0
masyaallah jadi tambah takjub cipta,0
seru bgt bang lanjutin,0
bang radit keren sekali ide podcast nya sangat isi,0
dokter ikan sini btw dokter2 makan apa pinter2 gitu sukses selalu berkah buat dokter,0
pliss lanjut dokter2 lain,0
gue pernah nonton bahas ttg eksperimen2 yg dilakuin unit nya tentara jepang waktu wwii nonton jd pikir ilmu2 anatomi fungsi tubuh manusia gin apa sedikit banyak ngambil hasil gila unit lepas jahat kejam besar hasil researchnya ikut andil dlm ilmu dokter modern skrg yak thinking,0
sikopat nonton,0
pernah liat thumbnailnya kirain mamat ngomongin logika apa karna judul click bait wkwk daging bangett asli,0
abis nntn langsung tarik bgt liat neurosurgeon kerja ken liat visual ngebedah otak suasana ruang operasi gmn akhir nemu rekomendasi film orang neurosurgeon kenal ben carson film gifted hands the ben carson story sana diceritain mulai background keluarga didik beliau akhir jadi dokter bedah saraf sukses nanganin banyak operasi besar jaman pokok tonton aja yg penasaran worth to watch gokil sih konten lu bang nganterin gua ilmu segment edukasi sekaligus motivasi raised hands clap fire ear of rice,0
dosen blg spesialis yg paling sulit saraf nah beliau dokter spesialis bedah saraf gak bayang org jenius apa,0
yuk dokter radiologi ikut blush blush,0
wawas wawas wawas,0
kok pikir podcast bahas spesifik kek gin keren bgt sih,0
makasihhhhh ilmu banget awal sampek akhir nyimak banget makasih kakak thumbsup,0
film lucy emang ngecoh banget sih waktu seru asik memang fakta ngga segitunya,0
operasi komunikasi pasien apa harap apa ikan jd keinget alesan song hwa jatuh cinta sama bedah syaraf song hwa in real life clap ytta,0
ngobrol sama dokter orto bang,0
enak bnget klo dengerin orang pinter ngomong,0
sama org pintar kalo ngomong vibesnya beda heart,0
coba undang dokter ryu hasan bang sm nih alir tp lbh saints,0
bukti klau radit memang psikopat,0
andai alm tunang ku dulu ketemu dokter kayak gin mungkin pilih operasi tumor otak nya buah pilih lah dulu dokter bilang langsung peluang selamat nya bawah akhir operasi waktu nya sisa bulan terima kasih edukasi nya dokter dendam dokter saraf,0
ilmu mahal banget nih sehat sehat panjang umur bahagia slalu orang orang baik,0
masyaallah sparkles jam podcast nya sweat smile,0
gak otakkkk,0
baru tau nih mantep nih podcast bang radit kerennn,0
coba pas segman undang dokter dokter tirta co host nya,0
bang makasii banget udah hadir konten kayak gin,0
seru bangetttt,0
pak dokter pahala banyak,0
cara bang radit interview benar benar buat takjub keren banget cara tanya cara tanggap jawab jokes jokes nya bahkan bantu dokter kali jeda mem kata kalimat utk jawab narasumber nyaman kalo bawa acara bang radit,0
stress bgt gw denger bayangin nyaa,0
aku suka buat mikir tambah2 part blessing,0
gue tau bedah saraf gara2 nonton hospital playlist ngk pernah nemu kasus yg serius diindo padahal alzeimer aja sana raka wanti2,0
undang dokter jiwa kak psikiater jenis,0
jadi maksud yg ga nonton ga punya otak,0
denger pertanyaan2 bg radit skrng sya prcya sma omong si om botak klo radit psykopat joy,0
nonton jadi mbrebes ingat betapa syukur dgn anugerah tubuh otak yg luar biasa cry,0
periksa mau cuman kalo sakit bikin makin sakit duit buat sembuh yg bikin males,0
walaupun tanya pandu sangat absurd jdi bahan manjangin obrol joy joy,0
full ngilu dengernya joy,0
tunggu part nya bg,0
bang radit gmn cara buka kepala the real sycophant joy,0
ngilu dengernya wkwkwk,0
kurang vior nih,0
stephen strange bedah syaraf jg kan,0
vidio bener bener bikin merinding bayang oprasi sweat smile sweat smile,0
keren bgt jujur bang ane nonton ambil merinding,0
gaji dokter emang naik sih jasa emang gede,0
sumpahhh gak kuat nonton sampe akhir pas bang radit tanya soal cara buka kepala udah gak kuat bang radit psikopat begini begini malah lihat happy yah sob,0
kalo sisi samping tv buat ngejelasin gambar animasi bagus sih,0
biasa dokter ku tahu tampil bersih kumis2 rambut rapi baru tahu dokter gondrong maaf bukan maksud gimana2 utara alam pribadi,0
wah makasih ilmu baru pray pray,0
gw nontonnya aja ngilu,0
langsung ingat mohinder suresh heroes,0
undang dr ryu hasan bang,0
aaw dokter cakep ahahaha salfok gue sweat smile,0
daging semua bang jelas enak jelas banget,0
keren banget bang ga pernah gua skip ga asa dah hampir sai aja ga asa waktu nya heart,0
dengkul gua sampe linu,0
keren banget dokter nya jelas jelas banget obrol seru sangat manfaat terimakasih bang radit dok ryan saluting face,0
dokter tunggu konten bareng praktisi praktisi bidang lain bang radit team semangatt,0
ka radit pen fk sebenernya kan se curious sama prosedural dokter wkwkwkwk,0
bang topi lu kek miring deh apa otak gue miring grin smile,0
seruuu banget obrol,0
bang undang spesialis it yg bagi web design judol dong,0
hafiz ngajinya yasin n tahlil,0
fiks jadi dr fav gw jelas enak banget gampang paham,0
ngilu banget denger jelas dokter bedah cry tp neng liat dokter blush,0
dokter ryan bawa asik thumbsup,0
sumpah keren banget bawa dokter ahli sangat cool,0
gue cinta banget konten begini,0
penting,0
gagal fokus sama statement sahabat lama sampe ig story bawa bunga pake jam hitam si komedian baru gak sih maksud open mouth open mouth,0
asa ceritain apa alami bedah plastik rekontruksi,0
kereenn bang undang tokoh tokoh yg edukasi sehat dong tada joy blush,0
dr ryu hasan bang radit lebih seru,0
bang undang astronot dongg,0
apa bener nonton bokep rusak otak joy,0
pandu ngeselin joy,0
jam beneran ngga rasa jam gokil manteb banget dokter info nya,0
jadi inget chae song hwa hospital playlist ihhhhhh,0
pernah sumbat otak operasi tinggal epilepsi dewasa relatif pasca operasi masa sembuh bulan tp tak hasil dgn tahun masa terus kontrol dgn dokter spesial syaraf thn 4x masuk rs krn serang kejang capek sih tp ttp hrs lanjut,0
padahal topik nya berat tpi gara2 radit sama pandu jdi lucu kocak wkwkwk joy,0
dr ryan keswani dokter unik jago kaligrafi buah skill butuh motorik halus sangat bagus tenang tulis tangan bagus banget cara komunikasi pasien kenal sangat halus dokter penuh dedikasi hormat hormat hormat beliau,0
nyata om darwis triadi jadi fotografer jadi dokter bedah saraf dulu,0
dokter kenjaku nih sweat smile,0
tenma in real life smile,0
good topic,0
nonton usaha nepok jidat,0
next dokter kunci bang,0
jadi ingat series netflix the good doctor scene operasi tumor nya detail bgt,0
manfaat oprasi otak tengkorak kepala bor psikopat total,0
gue udah kali nonton video saking seru edukatif bangett undang dokter dokter spesialis bang radit,0
gw tonton video kali kali saking seru,0
jujur sampe skrg youtuber paling inspirasi raditya dika jujur paling ga suka komen komen suka simak kali komen khusussssss youtuber realistis apa adanyaaa bangggg sering2 bikin konten edukasi amal jariyah mu terus mengalirrr ilmu daging bangetttt indonesia butuh bang radit banyakkkkk heart heart heart,0
bikim series sendiri bang radit buat pakar dr bagai bidang dong,0
seruuu bgt sangat cerah,0
sering seringg bang raditt raised hands raised hands raised hands,0
sering undang2 anca bareng konten lu dit macam sama kyk pandu gitu,0
blessed are the forgetful for they get the better even of their blunders nietzsche,0
penasaran ken denger lama lama nga kuat bayangin nya sweat smile,0
rispo versi pinter,0
distract mulu nih si kumis,0
mgkn ga pandu lbh bgs paksa nonton krn isi daging smua pdhl enek liat pandu,0
aduh seru bgt lagiii,0
udah kayak layar smartphone tap tap nyala sweat smile,0
bang jngn pura2 ngilu asli lu neng kan joy,0
tenang jawab tanya,0
satu konten emas raditya dika mesti yutuber g0bl0k kayak andovi n jovi niru radit bacot sana sini ttg yutub yg just business mlah nyalahin artis2 maen yutub joy,0
dokter ngegas pas jelasin ayah ibu stimulus anak buat ajar kayak dokter gregetan buat ortu yg males ngajarin anak gas dok,0
insightful moga kah sehat selalu,0
bang pandu wakil org awam yg gk mungkin nyampe nanya langsung dktr kalo bukan temen tongkrong kyk habib jafar ditnyain org pintu surga geser dorong kalo dktr ustad bukan tmn tongkrong mana berani nanya gitu joy joy,0
bang radit terima kasih undang narasumber jawab banyak cara mudah paham orang awam ikut undang orang orang ahli viktimologi bang penasaran kait otak manusia dna buat orang jadi psikopat bunuh beranta,0
beliau tara dr strange jadi sihir,0
seru banget bangggg sering2 dong konten begini,0
jadi inget hospital playlist,0
suka nih gue,0
pertama tau dr ryan podcast thirty days of lunch obrol sana gak kalah tarik banyak ilmu thanks dr ryan bang radit sehat selalu,0
seruu banget,0
dr rs pon,0
lanjut bang ngobrol sama dokter spesialis lain seru banget topik pas nonton gua banyak komen gitu wow pas dijelasin jadi inget drakor yg judul hospital playlist joy joy pak dokter ngejelasinnya enakin banget,0
dokter sabar banget ngadepin tanya pandu,0
next dokter boyke drooling face,0
aku ga punya otak aku ga nonton deh aku kecoa soal,0
bang topi mengsong sikk blush wkwkw btw topik seruu bgtt mungkin bahas berat jadi asik sini,0
psikopat nanya dokter bedah,0
ngeri2 sedep sebut ngebuka kepala,0
jadi inget kayak dr tenma manga monsters gondrong dokter bedah syaraf,0
mirip bang fu pak dokter nya joy,0
seru liat tp jd inget paman gw yg udh tinggal kondisi ga sadar bawa rs diagnosa awal tbc tp saudara minta scan smua mulai dr atas akhir lihat cair otak operasi pasca operasi msh sadar hingga akhir tinggal cry,0
inget film saw yg ngebedah otak jg,0
bang radit cerdas bgt ngajakin pandu jadi suasana lebih nyante,0
nonton hampir jam puas banyak tahu yg ambil kait kembang anak smiling face with 3 hearts,0
radit psikopat,0
jawat dokdes ryu hasan,0
pandu cringe banget,0
enak bgt dah nonton nya dapet ilmu dapet komedi nya,0
gue jadi inget film saw x bedah kepala anestesi hihhh anjir merinding,0
ngelanjutin bahas ttg saraf otak banget bang ngundang pakar neurologi bu dr aisah dahlan,0
obrol bener2 open minded,0
dr ryan keshwani mirip nama kyk anak moga pinternya sama xixixi ngarep,0
ngilu denger topik sweat smile,0
stop gua ngilu,0
banyakin konten gin doong seru edukatif,0
sekarang chico jerikho udah pindah profesi sukses selalu mas chico,0
gua megang kepala mulu anjir wtf,0
undang ahli lain bang ahli bidang lain bang seru bgttt nontonnya,0
gue stresss sendiri denger betul dengernya main game bukan refreshing jdi stress tpi stress nya worth it bgt ilmu,0
seruuu,0
kuat argumen ketua bene dion bilang sering lupa wkwkw,0
tarik bgt ngilu sih coba bang undang dokter lain,0
keinget drakor hospital playlist sweat smile,0
mantap bang dik pak dok,0
neng gua sama topik bicara jadi nambah tahu,0
suka banget liat bang radit kalo ngobrol serius,0
dengerin ngilu banget sumpahhh,0
totok saraf pandang medis gimana tuh,0
gw gak expect bicara bakal tarik makasih bang radit atas tanya benar2 awam bawa dokter sangat2 mudah cerna,0
bang pandu lucu bnaget sob makasii bang radit bang pandu hari hari pertama aku mau ngelakuin diem nge freeze,0
gue sempet suudzon sama judul maksud apa nih nyata emang ngomongin otak,0
radit tau cup yak tumben joy joy joy,0
eps tergokil sih nonton pala rasa nyutnyutan,0
wkakaka ngecup premis mana bayang bakal gmn set up punch line nya,0
nice pray pray,0
undang dokter spesialis nya bang radittt please,0
anissa s nya tuh gue gak expect bang radit bakal ngomong gitu beuhhh komedi ajaaa keren banget topik bahas erti sederhana pas dokter bilang mau ambil tindak operasi buka kulit dulu terus lapis lapis gue langsung rasa dosa guru gue pernah diajarin kelas malah lupa gak pernah gue baca ulang gue jadi nyesel gak ngerti beberapa istilah disebutin dokter padahal umum banget,0
sangat tarik ngga tidur kalo dengerin sampe kelar mending tutup dah geli mual pas dengerin jelas dok nya wkwkw,0
jujur gua suka obrol medis casual kaya gin naisss,0
kali jangan pandu bang damping hehe gap nya terlalu jauh bang mohon maaf pandu pray,0
bangg maaf tpi klo ditambhin kaya harga gtu2 nya biarr mantep,0
bang radiiiit undang cardiothoracic surgeon heart,0
liat dokter gondrong brewoksn ahli bedah otak jadi inget manga dokter rebel ahli bedah jantung,0
jadi inget tokoh segara alam novel nama alam punya photographic memory,0
jam asa menit seru bgt,0
tamu tamu dokter begini aku suka bener2 ajar paham awam bgt next coba dokter anak blush,0
bang banyakin konten jenis please kontek game rangin aja sweat smile,0
mas radit gak pake bpjs pake bpjs kelas pas operasi hemoroid teriakin sama dokter ruang operasi karna banyak nanya ruang operasi karna takut cemas,0
keren kali bang raditt daging bener,0
makasih bgt bg radit udah undang orang2 beril kayak gin jadi nambah wawas tahu bgt,0
percaya gk percaya habis nonton langsung sakit pusing kepala,0
mw operasi otak siapa bang radit,0
apa alas ibu2 suka bilang jangan bengong2 surup jadi dalem otak sebut mistis,0
radit pandu gua banget pas dengar cerita dokter joy,0
daging semua isinyaaaa heart,0
keren kali bang sering sering buat video kek gin,0
masyaallah dokter,0
seruuuu,0
seruu,0
pesan dokter ingat dgn drakor hometown cha cha cha cry soal ibu yg gk prioritas keluarga masalah sehat,0
undang dokter anak dong kak radit,0
yg dijelasin dokter bener bener mirip sama yg aku liat hospital playlist sob sob keren bgt,0
gua kira mamatgunshop,0
seruuu bangett banyakin konten bang dikaaa,0
ajar banyak banget video cara bawa radit pandu jokes receh bikin jd seru buat tonton,0
kembang otak anak,0
yawla betah banget dengerin podcast ginian tuh,0
menit lebih tonton skip tarik emang,0
undang dokter aisyah dahlan bang,0
mantap bang lanjut konten kyk gin jdi banyak wawas nya,0
sama kayak dokter ryu hasan dokdes,0
bayang orang psikopat ngobrol sama ahli bedah saraf scream,0
keren nih konten ngundang dokter,0
udang vior bang sweat smile sweat smile sweat smile,0
bang radittt undang firu designerrr,0
podcast merk brand radit youtube joy,0
main dungeon and dragon bang,0
kereeeen banget bang lanjutin konten konten kayak gin,0
tutor jangan setengah2 bang abis buka kepala nutupnya gimana ini,0
gw anak medis nnton asa kuliah anatomi fisiologi bener emg paling ruwet ttg sistem saraf bhkan ubah bentuk sekian derajat milimeter aja ngaruh tp seruu inti bikin tambah penasaran pgn cari tau inget sehat ga cuma fisik tp jiwa jg lebih penting,0
dengernya seru lemes dikit dengernya joy,0
ig dokter apa yaaa,0
pandu ikut podcast trus nih seru bgt bang pandu,0
pak dokter kalo bawa mobil jangan kebut2 kalo jari2nya luka jangan nepal yaa,0
bang lanjut in gta,0
bang radit undang dedy corbuzer ahli psikolog sweat smile,0
nyata judul otak harfiah,0
sangat manfaat an dr bilang kalau indonesia suka nyepelein sakit kepala gak langsung rumah sakit gimana mau rumah sakit udah pake bpjs sama klinik cuman kasih obat sakit kepala doang udah gitu udah kasih aja terus obat antibiotik paracetamol gitu aja terus kalau udah muntah darah baru rujuk rumah sakit sharing pengalamn aja kaka aku infeksi lambung klinik ulang kali cuman kasih obat magh sampe akhir nya tengah malem kakak muntah muntah langsung bawa rumah sakit gede gak pake rujuk tau nya kaka udah lama infeksi lambung marahin dokter baru obat sarappp joy joy joy sweat smile,0
bang radit pernah baca manga homunculus gak nah mirip pak dokter ama mcnya,0
lanjutin gta v roleplay bg,0
respect banget sama seluruh pihak libat video jujur seluruh tanya jawab video bener bener buat diskusi hidup beri insight cerah salfok sama pandu kritis tanya pak dokter bikin gw iyaya kuddos,0
dokter djaja bang kayak seru soal beliau humoris,0
dokter yg chanel ko ruby kan,0
seru seruuuu,0
ngerti nonton hospital playlist dokter chae song hwa laughing,0
judul nya gua jadi nonton,0
bang radit gw survivor tumo otak alhamdulillah gw gw gak buka kepala jd gw gak ngerasain semua tp mata gw burem itu bukan krn operasi gw,0
masa mau operasi malah lihat video operasi nya dulu the real sikopat emang bener kata om ded joy,0
nonton pegang in kepala,0
dokter spesialis genetik undang dong bang,0
bang undang melvin hade dong please,0
obrol penuh otak ni,0
banggg kapannn up bambanggg sugeniii,0
dokter mirip siapa hmmm,0
salut banget sama orang yg punya ahli kaya gin cry,0
random banget yak gak angin gak hujan tiba2 bahas ilmu dokter,0
undang dokter ryu hasan dokter neuroscientist kocak,0
ngilu bet cok dengerinnya sweat smile,0
hooo nyata dr ryan yg bbrpa bulan yg lalu soal aku tiap bulan nganter bokap rspon buat kontrol rawat situ karna stroke bukan sama dr ryan kalo sama dr ryan kayak senang grinning,0
next ryu hasan sweat smile,0
pala w nyut nyut nonton obrol exploding head,0
gw kira mas didi kuli jir mirip banget wajah,0
seru banget cokkkkkk,0
tanda tanda psikopat bang radit muncul sweat smile sweat smile,0
menit suara apa dah,0
gara2 jadi ken nonton house md kmrn henti season mau ah,0
males sama pandu annoying tanya gak nyambung,0
radit sangat nikmat obrol scream scream,0
gua kena tumor saraf mata,0
bang radit mw tny td abis buka otak gmn cara nutup nya lg blm dijelasin kan td tulang bor klo dijait lg apa iya tulang numbuh lg bang tlg tny in bang joy mkasi bang,0
nitip,0
dr ryan dokter anak pernah operasi anak dokter ryan orang baik banget sabar tku mas radit sdh undang sehat selalu buat dr ryan semua pray pray,0
mantaps obrol otak semua,0
gila ga rasa kereen parah bang radit sangat sangaaat tambah wawas walaupun jauh dr hidup saia yg skrg tp sangat tarik clap,0
duh anjir konten bagus banget,0
nonton teman makan,0
sering sering bang ngundang dokter seruu dapet banyak ilmu hehe,0
parahh nonton auto dzikir mulu,0
gokil sih sini pandu jadi pinter,0
pa dokter mirip chicco jerico curiga sodaraan,0
gokill edukasi tahu parenting hibur komedi racik kontenn keren lu bang hand with index finger and thumb crossed,0
gapernah serius nonton podcast ex pasien tumor batang otak jadi flashback waktu op jelas dr rian nyaman nenangin bgt vibes nya makasih bang radit udh undang dr rian heart,0
mahal banget konten clap thumbsup terimakasih bang radit,0
part lanjut seru enak denger jelas ilmiah dokter bantu jelas bang radit bahasa umum,0
bang plis adain podcast spesialis gin gak melulu dunia medis spesialis gin tuh kayak buku jalan kalo dikumpulin kayak pustaka banyak ilmu gali,0
obrol seru banget dengernya exited keren bang lanjut,0
hah tanya basic bang radit tanya sebut detail banget makin curiga pala siapa bang mau copot,0
bang radit parah banget sih masa video kayak gin ga satu jam bang butuh lebih lama plis kalau yg begini bikin jam dong bang kalau seriesnya lebih keren ni bang radit podcast spesial dokter spesialis fire,0
gue pernah dokter migren gak berenti2 sampe hari abis balik rs mall balik nya langsung sembuh sob sob obat gak minum nyata aku stress aja,0
gak basa basi masa kecil cita cita jalan hidup full hampir satu jam tahu semua makasih bang haris azhar,0
somehow nonton kepala nyut nyut,0
keren bngt sih topik hari bg thankyou loh,0
next doctor spesialis jantung,0
seru banget,0
asli konten nya keren banget,0
kalau operasi otak ada bangun si pasien ga maen gitar gimana apa tetap operasi dok,0
jadi keinget dr songhwa hospital playlist kerennn,0
cobaa liat film dr hanibal hehehe,0
yg nyimaknya lama loadingnya silah komen,0
bangg pas bgt gw nntn menit nyokap gw ngabarin tetangga gw kena kangker otak,0
lepas podhub bang radit kembali otak jadi normal,0
sumpah keren bgt,0
thanks a lot bang ilmu baru,0
cowo teriak menit,0
seru bgt jarang yg punya bahas kek gin bener2 ajar kek kuliah umum luar biasa,0
tarik bangett nih kerenn clap btw dokter vibesnya mirip bruce banner,0
suara cewe nyapa menit,0
nunggu podcast sama viorr,0
maaf safok jam dokter ryan bagus biru bagus info jam merk apa ken punya blush,0
bang buat segment baru aja undang orang orang bagai macam profesi,0
gilaaa obrol isi nya daging semua selipin sedikit komedi,0
keren,0
tampar nonton gera gera judul,0
gue dengerinnya ngilu ko bang radit ketawa sweat smile,0
bang enggak undang dokter obstetri seruu bang gua mau tanya bingung nanya nya bang radit sama pandu nanya keren,0
nah betul minggu kemaren baru liat operasi nya,0
bang undang vior lah,0
sumpah kali gua percaya radhit psikopat joy bs2 nya nyari cara operasi pdhl mau d operasi kalo aku si gak lah takut sumpah,0
undang orang orang profesi bang biar ngasih pandang adik adik sma mau lanjut kuliah biar pandang nanti mau jadi apa kuliah jurus apa kalo udah rasa tarik duluan lebih neng kuliah kan grin,0
bagus bang video begini banyak video begini bang,0
lihat video buat syukur sehat cok,0
exploding head exploding head exploding head exploding head exploding head exploding head exploding head exploding head exploding head exploding head exploding head exploding head exploding head exploding head exploding head exploding head exploding head exploding head exploding head exploding head exploding head exploding head exploding head exploding head exploding head exploding head exploding head exploding head exploding head exploding head exploding head exploding head exploding head exploding head exploding head exploding head exploding head exploding head exploding head exploding head exploding head exploding head exploding head exploding head exploding head exploding head exploding head exploding head exploding head exploding head exploding head exploding head exploding head exploding head exploding head exploding head exploding head exploding head exploding head exploding head exploding head exploding head exploding head exploding head exploding head exploding head exploding head exploding head exploding head exploding head exploding head exploding head exploding head exploding head exploding head exploding head exploding head exploding head exploding head exploding head exploding head exploding head exploding head exploding head exploding head exploding head exploding head exploding head exploding head exploding head exploding head exploding head exploding head exploding head exploding head exploding head exploding head exploding head exploding head exploding head exploding head exploding head exploding head exploding head exploding head exploding head exploding head exploding head exploding head exploding head exploding head exploding head exploding head exploding head exploding head exploding head exploding head exploding head exploding head exploding head exploding head exploding head exploding head exploding head exploding head exploding head exploding head exploding head exploding head exploding head exploding head exploding head exploding head exploding head exploding head exploding head exploding head exploding head exploding head exploding head exploding head exploding head exploding head exploding head exploding head exploding head exploding head exploding head exploding head exploding head exploding head exploding head exploding head exploding head exploding head exploding head exploding head exploding head exploding head exploding head exploding head exploding head exploding head exploding head exploding head exploding head exploding head exploding head exploding head exploding head,0
bang radit undang dr pukovisa bang grinning,0
masyallah dokter ryan baik pintar sekali kaka operasi sama dokter ryan tambah baik sehat sehat dok blush,0
bang lu kok ras micnya pandu doang yg kasi cover pensive,0
banyakin video sama pandu bang joy joy,0
nonton inget songhwa,0
kaya habis nonton langsung pake helm nih sweat smile,0
dokter sabar bgt ngadepin tanya pandu,0
yah padahal mau nanya ingat fotografis beneran ato enggak,0
tanya sangat normal,0
emang psikopat nih radit liat excited babget pas dokter jelasin proses bedah joy,0
bang radit tanya gimana cara buka kepala jiwa psikopat nya keluar joy,0
mungkin radit timbang dokter bedah syaraf dr ryu hasan viral wkwkwk,0
radit ken tau cara buka kepala bener bener psikopat,0
bang undang dr ryu hasan bang pray pray pray pray pray pray pray pray pray pray pray pray pray pray pray pray pray pray pray pray pray pray pray pray pray pray pray pray pray pray pray pray pray pray pray pray pray pray pray pray pray pray pray pray pray pray pray pray pray pray pray pray pray pray pray pray pray pray pray pray pray pray pray pray pray pray pray pray pray pray pray pray pray pray pray pray pray pray pray pray pray,0
cuma vidio doang gue dengerin habis kuliah umum heboh serta lebih,0
baru bayang kepala bor gergaji aja udah rem gue langsung cek youtube dokter bedah amerika operasi otak nyata aksi lebih seram ekspektasi gue relieved,0
keren nambah ilmu,0
samsul wajib nonton nih fire,0
kirain hikari nakamura loh bang,0
wah,0
keren banget parah bener2 nambah ilmu,0
gileeee isi otak semua mah kayak dengerin seminar kuliah umum mah,0
aq koq jadi mual denger podcast apa sebab a,0
episode gokilll info lawa dapet kwkwkw makasih bang radit,0
puas banget nonton konten heart,0
sebenernya konten daging bgt aku ga tega ngebayanginnya merinding coy sob untung ga jd dokter btw terimakasih radit pak dokter pray,0
judul punya otak nonton emang bener sih ngebahas otak,0
next undang dokter hewan bang radit,0
bang undang dokter hewan spesial ikan dong lupa siapa nama,0
suka banget tahu macam dibanyakin bang konten edukasi,0
fully inside terima kasih dokter jelas heart,0
dr song hwa in realife,0
bang radit walaupun ngeri ngeri nikmat detail detail proses operasi fix psikopat,0
please bikin konten gin versi gang hospital playlist kak radit dokter spesialis bedah saraf chae song hwa white check mark dokter spesialis bedah umum lee ikjun dokter spesialis bedah anak ahn jeong won dokter spesialis bedah torakoplastik kim jun wan white check mark dokter spesialis bidan ginekolog kim dae myung,0
dokter keren sampai jelas bawa tenang jadi orang awam kayak aku dengar jadi paham keren makin banyak dokter hebat indonesia pasien bantu bang radit makasih share nambah ilmu pray heart,0
pas sampe bicara buka otak aku gak lanjut nonton maaf bang radit imajinasi ku terlalu liar sampe mual nauseated face nauseated face,0
bang radit request undang psikolog dong thanks,0
gokiiiiilllllllll,0
makan siang makin isi tonton video kali terimakasih bang radit wkwkwk,0
sumpah apa ni konten bang radit yg paling bkin lemes pas makan aja kek megang sendok rada2 lemes ga kek biasa jadi tak alih nonton yg biar makan cepet slese joy,0
manfaat tambah wawas bang radit kasih emot api dulu abangkuh fire,0
undang spesialis gigi bang sumpah gw nyesel udah dewasa gk ngerawat gigi soal pas kecil gw kira gigi rusak tar sisa cabut trus tumbuh eh nyata fyp tiktok yg bilang punya gigi yg gk bsa tumbuh klo rusak sana gw mulai sikat gigi terus udah lambat cry cry,0
next dokter lahargo,0
terimakasih ilmu yg sangat manfaat,0
emang radit asli psycopat sangat nikmat tiap ditail dokter jelasin proses bongkar kepala sangat antusias nikmat,0
anjir aku nonton pas lg makan malah denger pandu ngomong otak congkel cry aaaaakkkhhhh,0
ngilu banget denger jelas nya,0
bang ajak yori,0
terimakasih sekali atas informasi sangat manfaat menyebarluaskan paham lebih aware benda kepala,0
rekomendasi sedang sakit kepala,0
dulu buat aku penasaran tuh benar makin banyak alami memori otak makin full makin banyak lupa memori jadi lama ganti memori baru aku rasain banget makin banyak ajar baru alamin baru aku makin lupa lama memori penting emang cuma sugesti lupa nya memang masalah waktu aja bukan ada memori baru,0
may lop dok ryan,0
undang dokter gizi tanyain hubung dna sama pola diet bang blush,0
mantab bang rispo,0
fix radit psicopat episode depan undang dokter forensik,0
pas banget kemarin temen baru aja selesai awake surgery keren banget hebat ngeluh garagara tanya soal matematika mulu wkwk,0
undang dokter forensik bang,0
spesialis kolestrol undang bang please,0
njiiir skip seruu banget bang radit lanjutin dong yg begini bidang lain heart,0
bayang semua drakor2 ttg dokter yg operasi operasi otak gtu kereeennnn,0
punya otak,0
dr sepherd grey s anatomy sih,0
keren nih tonton gin,0
beberapa bicara udah aku liat drama dokter playlist joy,0
seru denger terus terus lemes lemes lemes pas buka brain,0
bahas keren banget nih,0
baru tau chiko jericho udah jadi dokter spesialis sweat smile thanks bang radit utk obrol yg sangat manfaat,0
banyak bikin begini seru dengernya kerja,0
kapan main gta roleplay bg nungguin nih,0
jadi inget song hwaaa hospital playlistt kerjaanya bukain otak sob heartpulse joy,0
respect bang radit good content,0
i never know watching people talking about science gonna be this fun,0
gue ngefans bangettt sama org2 yg ngejelasin rumit bahasa sederhanaa sob cherry blossom cherry blossom cherry blossom,0
seru bgt nambah wawas next undang yg gin bang,0
kok gua pas operasi pas anastesi ga suruh ngitung atau ajak ngobrol sweat smile,0
kayak nonton saw versi ngobrol melting face,0
pas dokter jelasin cara bedah otak gua gemeter ngilu sob sob,0
yg nasib gw selalu nonton video radit kalo hubung ama operasi darah badan gw ga sanggup denger ngeri tiap denger segala operasi organ tuh badan kayak ga tulang ga sanggup ken denger paksa cuman kuat sampe menit,0
ngilu bgt bang denger pala bor gergaji cry,0
to much information wkwkkw jadi tau bnyak,0
undang dokter spesialis hematologi dong bang,0
orang psikopat nyata radit jg perlu tambah skill intra personal nya joy,0
seru banget dengerin jelas otak manusia blush,0
neng bgt akhir bhas kedokterannnnnnn bikin episode bang buat tiap spesialis pastiseruuuuu,0
gak mau nge klik punya otak sweat smile,0
baru podcast horor,0
nyut nyut kepala blush,0
gooookil,0
keren banget sih bang ngelu banget,0
jadi ken operasi otak,0
nonton ngilu2 dikit,0
gua nang nonton persevere,0
suka banget sama konten gin,0
bedah otak yg pasienya bangun main gitar,0
wah gilasih bang ryan keren banget thumbsup,0
oke makin yakin benar babg radit psikopat rofl rofl rofl lihat semangat nya bahas bedah oprasi lebih mau oprasi usus buntu sempet nya lihat video dulu biar tau joy joy joy joy joy ngeri,0
saran bg judul jgn intervensi jadi mls ntn rofl pray,0
duh ngilu dengernya sampe mual,0
harus bareng vior nih biar bedah sekali otak joy joy,0
pandu mending diem dah kalo narasumber serius ga,0
makasih banyak aa suka banget kalo bang radit udah up video tipe ajar tetep asa ringan,0
waah dokter ryan heart eyes,0
judul nyebelin,0
bedah saraf dr inget dokdes ryu hasan joy,0
ngilu sweat smile,0
banggg radittt undang dentist dong soal aku mau operasi gigi bungsu cry takut sbnrnya joy,0
saran sangat relate banget ortu gw masuk orang2 kuat akhir jadi korban kanker tinggal nang sangat telat masuk stadium periksa tahu,0
jujur banyak ilmu baru soal otak kalau aku tau rata2 medical check up sering fokus jantung gizi otak meski lihat urgent sama penting,0
top narasumber n ngobrol seru top bang radit,0
thanks bang radit thanks dok informasi mudah paham sllu neng krn pandu jd perspektif awam bikin punya wakil buat nanya random joy,0
rm padang punya otak,0
ih asli ga bosen banget nonton nya,0
seperti follow up ketemu vior,0
nonton grey s anatomy sampe season basically surgeon atleast general surgeon xd,0
uuu ngeri relieved,0
kepala langsung cenut2,0
gw nonton nyutnyutan pala,0
wahh ngundang dokter spesialis tarik kayak bang segi konten jadi lebih banyak dapet tahu bidang sehat buat yg males cari tau hehe,0
curiga bang radit mau bedah otak vior nympe ngundang dokter ahli bedah otak cok jiwa2 sikopetnya keluar,0
hoho hihi versi radit,0
dark loh tp ko jd asik tada tada tada,0
ngilu bgt denger brain surgery,0
bang radit kalau undang spesialis2 lain bahas tambah ilmu jadi lebih peduli anggota tubuh manfaat sekali bang heart,0
bang bikin lg sma dr ryan sangat tarik,0
waaah seru perlu nih terimakasih bang radit,0
gua nonton merinding sob,0
kok kaya liat rispo tp versi benernya grin,0
nonton makan,0
ga kuat nontonya,0
kaos yg dipake sm bg radit apa,0
bahasanyaaa ga berat tp daging semuaaa seruuuu iiiiiiii,0
apa cuma gw dengerin otak belah bangun ngerasa geli geli enak,0
bener abis anestesi gw rasain enak banget dirasain pemake,0
banyakin content yg manfaat gin bang dr ketemu bocah kosong,0
ga ngeh menit suara perempuan gumam kecil he em,0
orang tua yg marahin mukul ngajarin anak nya sampe bego begoin padahal semua gantung orang tua nya balita beri makan yg penting ngak buat otak peran orang tua penting sekali paling utama kompak sependpat ayah ibu nya makin jelas bila lihat yg vidio mana yg butuh otak nya waktu kecil penuh mana yg sukses nya perihal yg lah vidio tetang sehat tpi bnyak cabang nya dr uang nikah pasang komitmen berani bnyak sekali cabang nya sedikit sesal akibat nonton vidio lambat tahu yg sangat penting cipta satu manusia baru peran tanggung jwb nya besar sedih rasa cipta manusia baru abai kelak manusia baru ygenanggung akibat nya padahal bukan krena ingin,0
yg dukung anies gak usah nonton pray,0
bg radit senang banget bahas2 bukak otak liat sikopatnya joy joy,0
bang pandu ditambel gitu kira ban kali ah bang sob sob,0
isi otak semua gokil bang thumbsup,0
jangan bilang dokter yg operasi kepala gw dlu wkwk,0
ga sabar liat vior sini sweat smile joy,0
seruuuuu bangettttttttt,0
gue pikir lu bakal undang vior bang joy joy joy joy joy,0
please aku suka obrol kayak gin nambah ilmu undang dokter spesialis bang radit,0
konten nya daging semua thumbsup,0
dokter seksi bgt ih,0
bang kalo dua aja kyk kmrn abang sm narsum2,0
bang lanjut main dnd,0
gila bang radit cerdas banget tanya sistematis banget clap,0
nonton drakor medis mang bang biar bayang hahahaha,0
sumpahh ide bang radit cerdas banget konten gw beneran baru ngeh yg lama radit maksud kalo buat konten buat yg emang diri sendiri contoh lu penasaran tekait apa nah jadi konten podcast benran liat kalo radit penasaran jadi konten bener bener tarik,0
bang pandu tuh wakilin manusia awam kek gue joy,0
dokter ryan mirip musisi noh salleh,0
lanjutin dnd bang,0
lebih banyakin undang orang kek gin bang banyak ahli2 bidang masing2 kadang gk ekspos gk banyak orang paham,0
bang radit gw waktu jelang lahir nonton org2 giving birth dr normal smpe ceasar makan siang joy,0
naaahh gin dong podcast baru seru,0
lama konten paling didik sih om dedi lewat ga sih,0
ngilu dengernya,0
panjang podcast gua megang megang kepala joy,0
terimakasih ilmu mahal yg beri gratis clap,0
gak sanggup ngilu,0
baru saranin teman gak punya otak suruh nonton karna minjem duit gak ganti2 nonton video otak balik tibul bayar utang,0
bapak youtube indonesia memang konten receh konten lucu konten edukasi channel mana lengkap bang radit,0
video tahu penting sekolah wkwk,0
kalau yg otak d dengkul gimana bang kan malah jadi dual core grin,0
seru nih,0
uwaaah otak w asa isi makasih bang radit pandu sama dokter ryan sob sob pray pray,0
keren banget sih bang radit cari topik aja edukatif tp ttp hibur,0
radit mulai keluar sikopat nya joy,0
asa kuliah umum banyak bgt ilmu nyaaa bahasa sederhana bgt jadi gampang buat org2 awam kek bnyakin konten kek gin tim nya raditya dika biar aware sama sehat sendiri,0
kalau vior nonton gak bang,0
orang cerdas sangat lihat cara bicara undang bang radit spesialis spesialis lain seru banget nontonnya yg perlu jadi tonton gen z yg sudut pandang putar digital,0
punya otak nonton,0
banyakin dong narsum kayak gin bangg seru dengernyaaa,0
pak radit topinye turun nutupin otak,0
ngambil otak dulu nih siap,0
judul joy arti dukung paslon gak nonton dong sweat smile,0
jri macem dr chae hospital playlist,0
dokter mirip sama mamat al katir rofl,0
entah knp nonton dalem kepala w kek ngerasa lg diomongin aokwowk,0
bang vlog sama kak nissaaaaa pray pray pray,0
banyakin kaya gin bang,0
bang pandu anj wkwkwkwk banyak makan pohon dota,0
asli berat banget bahas jd ikut cenat cenut otak tp info yg sangat baik,0
alhamdulillah punya otak,0
gw punya otak blush blush,0
undang awat bang dirscm bnyak senior tada,0
omg ngilu,0
kaget kirain si mamat gun shop tadi pak dokter eh mamat dokte rjuga deng joy joy,0
kapan ngundang vior,0
beli otak2 ahh,0
seru banget nonton makan moyai,0
wiii pord lanjut,0
mantap bgt nonton makan,0
judul bikin jadi gk skip video nya,0
menit bahas cara buat otak anak pintar,0
pandu mending diem ganggu,0
gw kira lu ngundang haris azhar bang,0
wishlist nonton bang radit podcast sama laleilmanino pray,0
lebih horror cerita hantu,0
ngobrol ngilu ngilu bayang joy,0
sakit kepala ngedengernya,0
kak dika otak ku tinggal joy joy joy,0
tiap kali udah lemes eh bikin ketawa jadi enjoy nontonnya wkwkwk jadi tau baru nicee thumbsup thumbsup,0
betul punya,0
please cewek gue nonton gue cape ngejelasin,0
baru kali nonton podcast bukan horror podcast bikin ngeri ngilu sendiri,0
bang kalau pasien operasi otak habis tutup terus gak sengaja sundul benda tumpul kira kira error gak,0
gakuat ngomongin ginian wkkwjw linu semua,0
judul sarkasme hmm entah,0
orang yg takut liat darah nonton rasa mual kunang2 tetep terusin,0
dengerin podcast otak gw gak langsung kayak glitikin geli2 ngilu gimana gitu,0
kalau personal trainer gym atlit binaraga repot tuh klo lakuin wake surgery kali angkat barbel joy,0
nonton reflek meganin kepala terus joy,0
denger nya aja ngeri,0
emang bang manusia tak ber otak joy,0
bang radit sangat hayati pandu dijadiin eksperimen bentar,0
pusing otak gua bang,0
lihat sekali pandu sangat kosong nonton respon sama pandu sama sama kosong rofl,0
bukti radit psikopat,0
cuma judul yg,0
arti waktu gua darah otak dokter yg nyedot dok,0
ama viot bang bior,0
persis ada bapa dlu tumor otak trs bedah syaraf qodarullah pulang,0
dit dcari vior,0
bang undang dr ryu hasannn plisss,0
skip gue gak punya otak,0
bung towel ga donk ntn,0
kalo gak punya otak nonton gak bang,0
bang radit ajar dengar beneran jd psikopat joy joy joy,0
bang tunggu pdcst smaa bang piornya wkwkwkwk,0
selalu luar prediksi heart,0
gua kira mamat gun shop td laughing,0
kalo cuman punya otak hewan jga nonton bang dog,0
kalau gimbal nyebelin dong sob sob sob sob sob grin,0
wah kasi bung towel gabisa nonton,0
gw pas lg makan bang nonton,0
bang tunggu kolab nya bareng vior hehe,0
punya hati lamar kesini,0
judul psikopat,0
scroll eh singgung liat judul paksa nonton,0
harus judul nya kalo makan jangan tonton sob,0
judi haram rusak hidup jangan giur cuan cepat uang hilang keluarga hancur x,0
probet855 pulauwin dora77 cuma tipu tipu awal kasih menang giring bangkrut rotating light,0
judi mending investasi usaha kecil kecil hasil lebih halal sustainable bulb,0
judi online scam banyak kena phantom bet menang withdraw jangan tipu warning,0
gak cerita judi bikin kaya cuma ilusi malah utang tumpuk money with wings cry,0
judi rusak mental tagih stres depresi jangan coba coba brain no entry sign,0
hidup bukan cuma cari cuan judi hancur rezeki masa depan raised hand,0
judi online ilegal kalau ketangkep kena pidana mending cari hibur scales,0
jangan bangga menang judi uang haram bakal bawa sial x,0
judi sakit mulai kecil akhir gila lupa keluarga house broken heart,0
banyak korban judi online akhir bunuh diri utang jangan ikut arus pensive,0
buang uang judi mending sedekah beli butuh keluarga pray,0
judi pernah untung bandar makin kaya main makin miskin performing arts,0
jangan percaya testimoni palsu akun bot orang bayar buat promosi robot,0
judi bikin tagih narkoba sekali coba susah henti smoking syringe,0
allah swt larang judi jangan tukar berkah dosa tobat lambat star and crescent,0
judi online rigged sistem rancang main kalah stop sekarang slot machine x,0
jangan mau jadi korban ikut banyak bangkrut judi online money with wings,0
uang judi berkah kecil apa tetap haram bawa petaka skull crossbones,0
judi rusak hubung sosial banyak teman keluarga jauh judi no pedestrians,0
mending ajar saham reksadana investasi halal untung lebih besar chart with upwards trend,0
buka usaha kecil kecil lebih baik jual online jadi reseller freelancer shopping bags,0
judi zero sum game menang cuma bandar rugi stres triumph,0
cari hobi produktif ngegame judi olahraga kursus skill baru video game basketball,0
banyak kerja samping halal driver online jasa desain jadi tulis computer,0
judi bukan investasi investasi aset judi cuma spekulasi kosong bank,0
uang judi uang panas gak tahan lama bikin hidup tenang fire,0
main game biasa aja pakai uang tetap seru risiko video game,0
judi online sering bayar banyak kasus withdrawal tolak hati hati triangular flag on post,0
dana judi mending tabung buat dana darurat modal usaha moneybag,0
judi bikin candu susah lepas mirip narkoba jangan mulai no smoking,0
banyak korban judi hilang segala jangan jadi korban ikut worried,0
judi rusak sehat mental stres cemas depresi bahaya brain warning,0
allah swt laknat makan riba judi qs al maidah takut star and crescent,0
judi dosa besar jangan taruh akhirat senang saat hourglass flowing sand,0
cari hibur nonton film baca buku jalan jalan clapper books,0
judi bikin kaya cuma ilusi kaya cuma bandar performing arts,0
utang judi lingkar setan bunga gila gila lari sekarang scream,0
judi online sering curang bot algoritma rancang bikin kalah robot,0
judi rusak percaya diri menang sedikit kalah banyak mental down pensive,0
orang judi sulit kerja banyak usaha blacklist candu judi briefcase,0
judi bikin lupa tanggung jawab anak istri lantar utang mana man woman girl,0
mending kasih makan anak judi prioritas hidup jangan salah curry,0
judi candu legal negara izin agama logika larang scales,0
judi online perangkap awal kasih bonus jebak habis spider web,0
banyak lebih butuh uang donasi yatim piatu fakir miskin palms up together,0
judi rusak reputasi gak orang sukses bangga main judi tophat,0
judi main iblis jangan ikut sulit lepas imp,0
pilih jadi menang bukan cundang judi menang sejati hidup berkah,0
judi haram bikin hidup sengsara keluarga hancur no entry sign,0
jangan giur menang palsu situs probet855 cuma jebak spider web,0
uang judi uang panas cepat hilang hidup jadi kacau fire,0
judi online scam menang cuma umpan akhir bangkrut money with wings,0
mending nabung buat masa depan buang uang judi moneybag,0
judi rusak mental stres depresi nanti ujung brain,0
allah larang judi qs al maidah jangan tukar berkah dosa star and crescent,0
jangan percaya situs judi online algoritmanya rancang bikin kalah slot machine,0
judi bikin tagih sekali coba susah lepas narkoba smoking,0
hidup bukan cuma cari cuan judi cuma ilusi akhir utang tumpuk cry,0
judi mending jual online hasil halal berkah shopping bags,0
judi online ilegal kena pidana reputasi hancur scales,0
menang judi cuma rugi lama x,0
judi rusak keluarga anak istri lantar candu judi house,0
banyak korban judi bunuh diri utang jangan jadi korban ikut pensive,0
uang judi berkah mending sedekah lebih tenang hati pray,0
judi main bandar main cuma pion kalah performing arts,0
testimoni menang judi cuma akun bot promosi bayar robot,0
judi online perangkap bonus besar cuma umpan akhir nol hole,0
mending olahraga judi badan sehat pikir tenang person running,0
judi bikin hidup gelap cari cuan halal masa depan cerah sun with face,0
jangan bangga menang judi uang haram bawa petaka skull crossbones,0
judi online sering bayar withdraw tolak duit lenyap triangular flag on post,0
investasi halal saham jauh lebih baik judi chart with upwards trend,0
judi sakit hati makin makin susah sembuh broken heart,0
buka usaha kecil lebih mulia jadi reseller freelancer aja computer,0
judi bikin lupa tanggung jawab keluarga derita utang numpuk disappointed,0
jangan coba coba judi sekali tagih hidup hancur perlahan rotating light,0
judi dosa besar jangan korban akhirat senang saat hourglass flowing sand,0
mending main game biasa seru risiko hilang uang video game,0
judi online rigged sistem sengaja bikin main kalah robot,0
utang judi lingkar setan bunga cekik hidup puruk scream,0
judi rusak hubung teman keluarga jauh candu no pedestrians,0
cari hobi positif baca buku kursus skill baru lebih manfaat books,0
judi pernah bikin kaya kaya cuma bandar main miskin performing arts,0
mending donasi butuh buang uang judi palms up together,0
judi bikin stres ganti meditasi ibadah tenang person in lotus position,0
judi online sering pakai bot menang cuma ilusi hati hati warning,0
investasi reksadana lebih aman untung halal masa depan jamin bank,0
judi candu sekali masuk sulit keluar jerat spider web,0
jangan percaya iklan judi semua cuma trik marketing jebak kamu tv,0
judi rusak percaya diri kalah terus mental jadi down pensive,0
allah laknat judi pilih jalan halal hidup penuh berkah star and crescent,0
judi online scam modern banyak hilang tabung sia sia money with wings,0
mending ajak keluarga piknik buang duit judi park,0
judi bikin hidup tenang uang haram cuma bawa sial fire,0
cari kerja samping halal jadi driver online tulis lepas red car,0
judi zero sum game bandar menang main selalu rugi triumph,0
judi online sering manipulasi hasil jangan percaya menang kecil slot machine,0
mending tabung uang dana darurat habis judi moneybag,0
judi bikin candu mirip narkoba susah lepas jerat smoking,0
banyak bangkrut judi jangan ikut arus hancur worried,0
judi rusak sehat stres cemas jadi teman hari hari brain,0
jangan tukar kebahjiaan keluarga candu judi house,0
judi ilusi kaya realitanya cuma utang sesal money with wings,0
mending ajar skill baru kursus online banyak gratis book,0
judi online perangkap digital bonus cuma umpan akhir habis hole,0
judi haram bikin miskin pilih usaha halal cuan berkah bulb,0
jangan percaya janji manis situs judi cuma tipu daya fox,0
judi rusak masa depan fokus tuju hidup manfaat star2,0
mending nonton film judi hibur murah halal clapper,0
judi online sering blokir withdraw uang lenyap jejak rotating light,0
judi dosa goda jauh lambat imp,0
cari rezeki halal jual makan produk lokal lebih janji stew,0
judi bikin lupa ibadah jangan korban iman cuan haram mosque,0
judi online jebak awal menang akhir bangkrut total boom,0
mending ikut komunitas positif banyak teman hidup lebih makna handshake,0
judi rusak reputasi sulit kerja kalau tahu candu briefcase,0
jangan buang waktu judi ajar saham bisnis kecil lebih baik chart with upwards trend,0
judi main setan jauh kalau hidup tenang smiling imp,0
uang judi cuma bawa petaka mending pakai buat butuh keluarga basket,0
judi online penuh curang bot algoritma bikin kalah terus robot,0
judi bikin hidup penuh drama utang stres keluarga hancur cry,0
mending olahraga rutin badan sehat pikir jernih judi person lifting weights,0
judi candu bahaya sekali masuk susah keluar door,0
jangan percaya iklan situs judi cuma trik buat ambil uang loudspeaker,0
judi online jalan pintas hancur pilih jalan halal railway track,0
judi rusak hubung sosial teman jauh keluarga derita no pedestrians,0
mending investasi emas nilai stabil hasil halal coin,0
judi ilusi bahagia cuma sesal utang pensive,0
jangan coba coba judi online banyak jebak bangkrut money with wings,0
judi bikin lupa prioritas anak istri jadi korban candu man woman girl,0
cari hibur halal main catur puzzle seru risiko chess pawn,0
judi online sering pakai akun palsu testimoni menang cuma bohong lying face,0
judi dosa besar jangan noda hidup uang haram x,0
mending sedekah panti asuh lebih berkah bikin hati tenang palms up together,0
judi online rigged sistem bikin main kalah terus slot machine,0
judi rusak mental stres depresi jadi sahabat karib brain,0
jangan percaya janji cuan cepat judi cuma bikin hidup sengsara disappointed,0
mending buka toko online cuan halal masa depan lebih cerah shopping cart,0
judi perangkap emosi menang sedikit kalah banyak persevere,0
judi online sering bayar menang cuma angka layar triangular flag on post,0
judi bikin hidup kacau fokus keluarga rezeki halal house with garden,0
mending ikut kursus gratis banyak platform ajar online biaya computer,0
judi candu modern jangan biar hidup asai joystick,0
judi online penuh tipu daya bonus besar cuma umpan jebak spider web,0
judi rusak iman jauh kalau hidup penuh berkah star and crescent,0
mending nabung libur keluarga lebih seru makna beach,0
judi ilusi menang menang cuma bandar kamu rugi performing arts,0
judi online sering curang algoritma sengaja bikin kalah robot,0
judi bikin hidup tenang pilih usaha halal cuan berkah bulb,0
jangan percaya situs pulauwin cuma jebak main baru rotating light,0
judi rusak sehat stres kurang tidur jadi akibat sleeping,0
mending jadi volunteer bantu komunitas hidup lebih makna handshake,0
judi online scam organisir jangan jadi korban ikut warning,0
judi dosa goda tobat hidup hancur hourglass flowing sand,0
mending ajar coding skill masa depan cuan halal nanti computer,0
judi bikin keluarga derita prioritas anak istri man woman girl,0
judi online sering blokir akun uang hilang alas triangular flag on post,0
judi main iblis jauh kalau hidup selamat imp,0
mending jual makan bisnis kecil hasil halal berkah fork and knife,0
judi rusak impi fokus tuju hidup positif star2,0
judi online penuh bot menang cuma trik buat jebak kamu robot,0
judi bikin hidup penuh utang lari lambat scream,0
mending ikut latih wirausaha banyak program gratis luar sana bar chart,0
judi candu bahaya sekali masuk hidup jadi taruh game die,0
judi online sering manipulasi sistem bikin kalah terus slot machine,0
judi rusak percaya keluarga teman jadi jauh no pedestrians,0
mending tanam modal reksadana untung halal risiko rendah bank,0
judi ilusi sukses realitanya cuma sesal utang cry,0
judi online perangkap modern bonus cuma umpan akhir bangkrut hole,0
mending main olahraga badan sehat pikir tenang judi basketball,0
judi online sering bayar withdraw tolak duit lenyap rotating light,0
mending donasi masjid uang lebih manfaat berkah mosque,0
judi rusak mental stres depresi jadi bayang bayang brain,0
judi online scam banyak hilang tabung sia sia money with wings,0
mending ajak keluarga piknik hibur halal bahagia nyata park,0
judi bikin hidup tenang pilih rezeki halal tenang bulb,0
jangan percaya iklan judi cuma trik marketing jebak kamu tv,0
judi online sering pakai bot menang cuma ilusi belaka robot,0
judi rusak hubung keluarga hancur teman jauh disappointed,0
mending ajar saham investasi halal untung lebih nyata chart with upwards trend,0
judi candu legal jangan biar hidup asai joystick,0
judi online jebak digital bonus besar cuma umpan kosong spider web,0
mending nabung modal usaha masa depan lebih jamin moneybag,0
judi ilusi kaya kaya cuma bandar kamu miskin performing arts,0
judi online sering curang algoritma bikin kalah terus slot machine,0
judi bikin hidup kacau fokus keluarga cuan halal house with garden,0
mending ikut kursus gratis banyak platform ajar online book,0
judi candu modern jangan biar hidup hancur joystick,0
judi online penuh tipu daya bonus cuma umpan jebak hole,0
mending jual online cuan halal masa depan lebih cerah shopping cart,0
judi online sering blokir withdraw uang lenyap jejak triangular flag on post,0
judi bikin lupa tanggung jawab anak istri lantar man woman girl,0
mending sedekah butuh lebih berkah bikin tenang palms up together,0
judi dosa goda tobat lambat hourglass flowing sand,0
judi online sering manipulasi sistem bikin kalah terus robot,0
pilih hidup berkah jauh judi kejar rezeki halal bahagia keluarga star2,0
yuk mulai bisnis kecil kecil jual online jadi langkah awal sukses shopping bags,0
nabung sedikit sedikit lama lama jadi bukit moneybag,0
coba ikut kursus gratis internet banyak skill baru ajar books,0
investasi saham halal jadi cara cerdas masa depan chart with upwards trend,0
ajak keluarga piknik quality time bikin hidup lebih bahagia park,0
mulai hobi baru fotografi seru jadi cuan camera with flash,0
jadi reseller produk lokal untung halal bantu umkm shopping cart,0
ajar coding online skill cari banget era digital computer,0
sedekah kecil bawa berkah besar coba mulai hari palms up together,0
olahraga rutin bikin badan sehat pikir fresh person running,0
baca buku inspiratif buka wawas motivasi baru book,0
coba buka toko online banyak platform gratis mula shopping bags,0
nabung dana darurat bikin hidup lebih tenang money with wings,0
ikut komunitas positif banyak teman baru inspirasi handshake,0
ajar reksadana investasi aman mula bank,0
mulai bisnis makan minta selalu fork and knife,0
nonton film keluarga hibur murah bikin hati senang clapper,0
coba jadi freelancer banyak peluang dunia digital computer,0
tanam modal emas nilai stabil halal coin,0
ikut latih wirausaha gratis banyak program perintah bar chart,0
main game taruh seru bebas risiko video game,0
jalan jalan taman refreshing perlu keluar banyak uang deciduous tree,0
ajar skill baru desain grafis peluang kerja besar art,0
mulai tulis blog jadi sumber cuan ekspresi diri writing hand,0
investasi diri sendiri ajar selalu worth it star2,0
coba meditasi bikin pikir tenang fokus person in lotus position,0
jadi driver online kerja fleksibel hasil halal red car,0
buat konten media sosial siapa tahu jadi influencer mobile phone,0
ikut kelas masak buka usaha kuliner cooking,0
tabung bagi gaji masa depan lebih aman moneybag,0
coba kebun rumah hemat bikin rumah asri seedling,0
ikut komunitas olahraga sehat sekaligus teman baru basketball,0
ajar bahasa baru buka peluang kerja internasional earth africa,0
jual produk handmade unik jadi cuan besar thread,0
ikut webinar gratis banyak ilmu baru kembang bulb,0
mulai bisnis dropship modal kecil untung lumayan shopping cart,0
nonton dokumenter hibur didik inspiratif tv,0
coba yoga bikin tubuh rileks pikir jernih person in lotus position female sign,0
bantu tetangga baik kecil bikin hidup lebih makna hugging,0
ajar fotografi jadi hobi sekaligus profesi camera,0
mulai podcast ceritain passion mu dunia microphone2,0
ikut kursus online gratis banyak platform coursera books,0
jual camil lokal bisnis kecil selalu laku chocolate bar,0
coba buka jasa desain banyak butuh era digital art,0
tabung libur alam baru lebih harga beach,0
ikut komunitas seni ekspresi kreativitas paintbrush,0
ajar saham syariah untung halal transparan chart with upwards trend,0
mulai bisnis thrift ramah lingkung cuan dress,0
nonton stand up comedy hibur murah bikin ketawa joy,0
coba jadi tulis lepas banyak platform cari konten writing hand,0
ikut kelas kewirausahaan banyak ide bisnis baru briefcase,0
mulai bisnis kue rumah minta selalu tinggi moon cake,0
ajar digital marketing skill hits mobile phone,0
tabung didik investasi baik masa depan mortar board,0
coba main catur asah otak perlu taruh chess pawn,0
ikut komunitas lingkung bantu bumi sosial earth africa,0
jual aksesoris bisnis kecil gampang mulai ring,0
ajar edit video peluang youtube nanti movie camera,0
coba ikut lomba tulis siapa tahu menang hadiah pen fountain,0
mulai bisnis catering makan selalu cari orang stew,0
ikut kelas public speaking tingkat percaya diri microphone,0
coba trekking tualang seru biaya besar park,0
ajar seo bikin bisnis muncul google mag,0
jual produk eco friendly cuan selamat bumi seedling,0
ikut komunitas buku diskusi seru wawas tambah books,0
mulai bisnis minum kini pasar booming cup with straw,0
ajar akuntansi dasar bantu kelola uang pribadi money with wings,0
coba main musik ekspresi diri risiko guitar,0
ikut latih umkm banyak dukung bisnis mula tools,0
jual pakai anak pasar selalu ramai baby,0
ajar desain interior jadi peluang bisnis baru house,0
coba sepeda sehat ramah lingkung person biking,0
ikut komunitas startup banyak inspirasi wirausaha bulb,0
mulai bisnis sabun handmade unik ramah lingkung soap,0
ajar analisis data skill cari usaha besar bar chart,0
coba hiking nikmat alam refreshing pikir mountain snow,0
jual pernak pernik bisnis kecil janji ribbon,0
ikut kelas terampil jahit masak thread,0
mulai bisnis tanam hias tren cuan herb,0
ajar fotografi makan jadi sumber cuan fork knife plate,0
coba main puzzle hibur murah asah otak jigsaw,0
ikut komunitas wirausaha jaring makin luas handshake,0
jual produk digital template cuan stok computer,0
ajar manajemen waktu bikin hidup lebih produktif alarm clock,0
coba bikin rajin tangan jual online paintbrush,0
ikut kelas bahasa asing buka peluang kerja global globe with meridians,0
mulai bisnis kopi kini pasar terus tumbuh coffee,0
ajar investasi emas aman halal jangka panjang coin,0
coba main board game seru bareng temen taruh game die,0
ikut komunitas fotografi ajar jalan jalan camera with flash,0
jual produk cantik lokal dukung umkm lipstick,0
ajar content creation peluang cuan medsos besar mobile phone,0
coba meditasi mindfulness bikin pikir lebih fokus person in lotus position,0
mulai bisnis aksesoris gadget pasar selalu mobile phone,0
ikut latih bisnis online banyak ilmu praktis shopping cart,0
jual makan sehat tren hidup sehat naik salad,0
ajar public relations skill penting branding mega,0
coba kebun hidroponik bisnis modern ramah lingkung seedling,0
ikut komunitas seni lokal ekspresi kreativitas art,0
mulai bisnis jasa edit foto banyak butuh frame photo,0
ajar terampil negosiasi guna bisnis handshake,0
coba main voli olahraga seru buat bonding volleyball,0
jual produk ramah lingkung cuan bantu bumi earth africa,0
ikut kelas kewirausahaan online gratis inspiratif bulb,0
mulai bisnis kue kering cocok semua acara cookie,0
ajar editing podcast peluang baru dunia digital microphone2,0
coba ikut lomba desain menang hadiah besar paintbrush,0
jual produk bayi pasar selalu stabil baby bottle,0
ikut komunitas literasi baca buku diskusi seru books,0
mulai bisnis jasa cuci sepatu modal kecil untung besar athletic shoe,0
ajar strategi pasar bikin bisnis lebih laku chart with upwards trend,0
coba main bulutangkis olahraga seru murah badminton,0
jual produk organik tren sehat mati carrot,0
ikut latih uang atur uang lebih bijak money with wings,0
mulai bisnis jasa fotografi banyak event butuh jasa camera,0
ajar buat konten youtube peluang cuan nanti movie camera,0
coba ikut komunitas lari sehat banyak teman baru person running male sign,0
jual alat rumah tangga butuh hari hari selalu laku broom,0
ikut kelas tulis kreatif asah bakat cari cuan writing hand,0
mulai bisnis minum herbal sehat tren herb,0
ajar analisis pasar bikin bisnis lebih kompetitif bar chart,0
coba main tenis meja olahraga ringan senang ping pong,0
jual produk fashion lokal dukung desainer negeri dress,0
ikut komunitas teknologi banyak inspirasi startup computer,0
mulai bisnis jasa dekorasi banyak event butuh tada,0
ajar manajemen proyek skill penting wirausaha date,0
coba ikut kelas tari seru bikin badan bugar dancer,0
jual produk edukasi anak bantu orang tua cuan teddy bear,0
ikut latih leadership jadi pimpin inspiratif star2,0
mulai bisnis jasa cleaning minta selalu soap,0
ajar buat website skill banyak cari globe with meridians,0
coba ikut komunitas musik ekspresi diri lewat nada notes,0
jual makan frozen praktis selalu laku snowflake,0
ikut kelas terampil digital masa depan sini computer,0
mulai bisnis jasa travel bantu orang wujud libur impi airplane,0
ajar personal branding bikin diri lebih kenal mega,0
coba main futsal olahraga seru bareng temen soccer,0
jual produk sehat tren hidup sehat naik pill,0
ikut komunitas wirausaha muda banyak ide segar bulb,0
mulai bisnis jasa tutor bantu anak anak ajar books,0
ajar analisis uang bikin bisnis lebih arah money with wings,0
coba ikut kelas seni lukis ekspresi kreativitas paintbrush,0
jual produk lokal dukung umkm cuan shopping bags,0
ikut latih bisnis digital peluang besar mobile phone,0
mulai bisnis kue ulang tahun selalu pasar birthday,0
ajar content marketing bikin bisnis lebih kenal loudspeaker,0
coba ikut komunitas cinta alam seru sehat deciduous tree,0
jual produk bayi organik aman tren baby bottle,0
ikut kelas terampil sosial bikin networking lebih luas handshake,0
mulai bisnis jasa konsultasi bagi ahli briefcase,0
ajar desain ux ui peluang dunia tech nanti computer,0
coba main basket olahraga seru bikin fit basketball,0
jual produk ramah anak pasar selalu ramai teddy bear,0
ikut komunitas startup lokal banyak peluang kolaborasi star2,0
mulai bisnis jasa katering sehat tren hidup sehat naik salad,0
ajar strategi bisnis bikin usaha lebih sukses bar chart,0
coba ikut kelas teater asah kreativitas percaya diri performing arts,0
jual produk handmade unik punya cerita thread,0
ikut latih kewirausahaan banyak ide baru bulb,0
mulai bisnis minum sehat pasar terus kembang cup with straw,0
ajar manajemen uang atur uang cerdas money with wings,0
coba main sepak bola olahraga seru bareng temen soccer,0
jual produk cantik alami mati lipstick,0
ikut komunitas teknologi peluang startup nanti computer,0
mulai bisnis jasa event organizer banyak event butuh tada,0
ajar copywriting skill bikin bisnis laku writing hand,0
coba ikut kelas yoga bikin tubuh pikir sehat person in lotus position,0
jual produk edukasi bantu orang tua anak ajar books,0
mulai bisnis jasa fotografi nikah selalu minta camera with flash,0
ajar analisis data skill hits industri bar chart,0
coba main voli pantai seru bikin badan fit volleyball,0
jual produk organik dukung gaya hidup sehat carrot,0
ikut komunitas seni ekspresi kreativitas art,0
mulai bisnis jasa desain logo banyak butuh frame photo,0
ajar strategi pasar digital bikin bisnis naik mobile phone,0
coba ikut kelas tari seru bikin bugar dancer,0
jual produk anak pasar stabil janji teddy bear,0
mulai bisnis jasa cleaning rumah minta terus soap,0
ajar buat aplikasi peluang dunia tech besar computer,0
coba main tenis olahraga seru bikin fit tennis,0
ikut komunitas wirausaha banyak inspirasi baru bulb,0
mulai bisnis katering diet tren sehat naik salad,0
ajar manajemen proyek bikin bisnis lebih rapi date,0
coba ikut kelas seni lukis ekspresi diri warna paintbrush,0
mulai bisnis kue kering selalu laku acara cookie,0
ajar content creation peluang cuan medsos mobile phone,0
coba ikut komunitas lari sehat banyak teman person running,0
ikut komunitas startup banyak peluang kolaborasi star2,0
mulai bisnis jasa tutor online bantu anak anak ajar books,0
ajar analisis uang atur bisnis cerdas money with wings,0
ikut latih terampil digital masa depan sini computer,0
semangat bang konten selalu keren fire,0
video bagus banget lanjut bro thumbsup,0
keren abis sukses terus star2,0
mantap bang bikin tagih nonton sunglasses,0
konten top keep it up bro muscle,0
gila sih video asik banget heart eyes,0
semangat terus konten bikin happy blush,0
wow editingnya kece parah clap,0
keren bang bikin penasaran next video heart hands,0
mantap bro selalu nunggu upload baru rocket,0
konten bikin mood naik thanks bang smile,0
sukses selalu video inspiratif rainbow,0
bang sih level pro keren abis star struck,0
asik banget lanjut bikin konten gin movie camera,0
kualitas top semangat terus bro boom,0
video bikin betah mantul bang stuck out tongue winking eye,0
keren parah bikin ken nonton arrows counterclockwise,0
semangat bang konten bikin semangat muscle,0
gila sih konten juara trophy,0
mantap selalu dukung bro raised hands,0
video kece sukses terus bang star2,0
bang konten bikin kagum open mouth,0
keren abis lanjut bro rocket,0
asik banget video bikin happy blush,0
semangat terus konten bikin penasaran eyes,0
mantap bang editingnya ciamik clapper,0
kualitas video oke punya bro thumbsup,0
keren bikin ken share temen calling,0
bang konten bikin ketawa joy,0
sukses selalu video top banget rainbow,0
semangat bro konten inspiratif bulb,0
video asik lanjut bikin gin sunglasses,0
mantap bang bikin mood naik smile,0
keren parah selalu nunggu video baru bell,0
konten kece sukses terus bro rocket,0
bang sih konten level atas star struck,0
semangat terus video bikin semangat muscle,0
asik banget bikin betah nonton heart eyes,0
keren abis lanjut bro star2,0
mantap konten bikin kagum open mouth,0
video top selalu dukung bang raised hands,0
semangat bang bikin penasaran next video eyes,0
kualitas video oke bro thumbsup,0
keren bikin ken nonton ulang arrows counterclockwise,0
bang konten bikin happy blush,0
sukses terus video mantul boom,0
semangat bro konten kece parah fire,0
video asik lanjut bikin gin movie camera,0
mantap bang bikin ketawa joy,0
keren abis selalu nunggu upload baru bell,0
konten top sukses terus rainbow,0
bang video bikin semangat muscle,0
semangat terus konten keren sunglasses,0
asik banget bikin mood naik smile,0
keren parah lanjut bro rocket,0
mantap video bikin kagum open mouth,0
video kece selalu dukung bang raised hands,0
semangat bang konten inspiratif bulb,0
kualitas top bikin penasaran next video eyes,0
bang video bikin ketawa joy,0
sukses selalu konten mantul boom,0
semangat bro video asik banget heart eyes,0
video top lanjut bikin gin clapper,0
mantap bang bikin betah nonton stuck out tongue winking eye,0
keren abis sukses terus bro star2,0
konten kece selalu nunggu upload baru bell,0
bang video bikin happy blush,0
semangat terus konten ciamik fire,0
asik banget bikin semangat muscle,0
kualitas kece bikin penasaran next video eyes,0
bang video bikin mood naik smile,0
sukses terus konten mantul boom,0
semangat bro video asik sunglasses,0
video top lanjut bikin gin movie camera,0
keren abis selalu nunggu video baru bell,0
konten kece sukses terus rainbow,0
semangat terus konten keren fire,0
asik banget bikin happy blush,0
kualitas kece bikin penasaran eyes,0
konten kece selalu nunggu upload bell,0
alexis yin yin emang ga main main soal aman data member,1
alexis yin yin emang ga pernah bikin kecewa withdraw berapa bayar,1
alexis yin yin tuh emang udah jadi hasil utama gua sekarang,1
mau tau cara daftar alexis yin yin bener cek bio gua,1
alexis yin yin tuh emang bener bener ngebantu banget pas gua butuh,1
komentar alexis17 medsos soal aktris favorit pedes banget,1
gua sih udah anggep alexis yin yin kaya second home aja,1
gua sih ga pernah nyesel gabung alexis yin yin awal,1
bro alexis yin yin sekarang udah deposit pake pulsa loh,1
bro mau tau ga alexis yin yin sekarang udah support semua e wallet,1
gua udah ga tidur nyenyak kalo main alexis yin yin hari,1
gua udah buktiin sendiri alexis yin yin tuh bukan scam,1
subscriber alexis17 udah juta pantesan sering jawab tanya subscriber,1
gua sih udah anggep alexis yin yin kaya atm pribadi aja,1
tutorial haul alexis17 gampang diikutin hasil unik rasa,1
alexis yin yin emang ga pelit soal bonus tiap hari aja promonya,1
gua sih udah jadi member vip alexis yin yin fasilitas gila banget,1
gua sih udah ga tidur kalo main alexis yin yin hari,1
bro alexis yin yin ngadain giveaway nih buru ikut,1
mau tau cara menang konsisten alexis yin yin ikutin tips gua,1
alexis yin yin tuh emang bener bener ngubah hidup gua sih,1
alexis yin yin tuh emang jadi andal gua kalo butuh dana cepet,1
gua sih udah ga ragu rekomendasiin alexis yin yin semua orang,1
jangan spoiler harta gono gin alexis17 seru maraton pas weekend greget,1
alexis17 cari temen buat benci orang tiga sinetron mertua jahat,1
mau dapetin hasil tambah alexis yin yin jawab,1
alexis yin yin emang ga dua layan vip buat semua member,1
alexis yin yin tuh emang bener bener ngasih peluang semua orang,1
gua sih udah ga heran kalo alexis yin yin jadi trending terus,1
gua udah ga bayangin hidup alexis yin yin sih,1
alexis yin yin tuh emang paling ngerti butuh membernya,1
alexis yin yin tuh emang bener bener beda sih,1
mau dapetin hasil tambah alexis yin yin solusi bro,1
asli monetisasi channel alexis17 lancar jaya kayak sering jawab tanya subscriber,1
squad alexis17 open recruitment tuh gaskeun,1
alexis yin yin emang ga mati tiap hari makin rame aja,1
kalo soal harta gono gin alexis17 paling nang bareng protagonis,1
si alexis17 ketemu collab pas jawab tanya subscriber gunung,1
tim alexis17 kena comeback seru banget,1
gua udah buktiin sendiri alexis yin yin tuh bukan kaleng kaleng,1
suhu cara daftar alexis yin yin gimana,1
alexis yin yin tuh emang beda level sih ga kaya laen,1
bro mau tau ga alexis yin yin ngadain turnamen hadiah milyaran,1
gua sih ga pernah ragu rekomendasiin alexis yin yin temen temen gua,1
gila alexis17 tadi turnamen banget auto win,1
bro sibuk apa sih alexis yin yin bonus deposit nih,1
kok alexis yin yin selalu bikin gua menang padahal tempat zonk mulu,1
pagi pagi udah cuan gede alexis yin yin mood langsung naik,1
bro alexis yin yin event gede nih buru gabung abis slot,1
alexis yin yin emang ga pernah kecewa layan cepet banget,1
mau tau platform percaya alexis yin yin jawab gaes,1
gua sih udah ga ragu sama alexis yin yin bukti withdraw lancar terus,1
alexis17 libur nge vlog hari warung tenda gak bikin konten dulu,1
tim alexis17 kena comeback capek puas cuy,1
daily vlog alexis17 nunjukin sisi hidup,1
alexis yin yin emang paling top dah ga pernah bikin kecewa,1
alexis yin yin tuh emang bener bener ngebantu ekonomi gua banget,1
si alexis17 balesin collab subscribernya ramah banget,1
vlog baru alexis17 isi unboxing paket unik rasa banget nontonnya,1
bro aja nih alexis yin yin viral tau gak sih,1
ken deh rekam asmr mall kayak alexis17 kapan,1
mau naikin level alexis yin yin ikutin strategi gua jamin ampuh,1
mukbang challenge ala alexis17 porsi gede banget kuat gak,1
baru gabung alexis yin yin minggu mobil impi langsung lunas,1
bro mau daftar alexis yin yin pake kode referral gua aja dapet bonus dobel,1
alexis yin yin tuh emang bener bener ngebantu banget pas gua bokek,1
gua udah coba semua platform tetep balik alexis yin yin sih,1
alexis17 dapet cheat dong tadi malem hoki tingkat dewa,1
alexis17 dapet damage gak obat dong tadi malem hoki tingkat dewa,1
gua sih udah langgan alexis yin yin jaman viral kaya sekarang,1
mabar kuy cari lawan buat alexis17 nih,1
eh tau gak sih alexis yin yin bonus gede nih buat member baru,1
gokil banget alexis yin yin bikin gua auto sultan minggu,1
bro aja sih alexis yin yin mobil nih buat member setia,1
baru gabung alexis yin yin kemaren hari udah withdraw juta,1
gila reaction alexis17 pas nonton asmr bikin ngakak,1
tim alexis17 kena comeback bangga banget,1
kalo alexis17 udah turnamen minggir aja,1
si alexis17 jago banget nge carry nya gila sih,1
alexis yin yin emang ga obat dah bikin gua tagih main terus,1
eh tau ga sih alexis yin yin sekarang udah punya aplikasi sendiri makin gampang akses,1
solid banget tim alexis17 pantesan sering noob,1
kenal alexis17 mau ajak download game baru,1
damage alexis17 gak obat musuh auto rata,1
q a vlog alexis17 ngejawab tanya relaxing netizen,1
kenal alexis17 mau ajak main game,1
alexis yin yin tuh emang beda customer servicenya ramah ramah banget,1
gua ga nyangka alexis yin yin baik padahal gua cuma iseng daftar,1
konten haul alexis17 selalu tunggu tunggu viewers,1
rekomendasi sinetron episode panjang sedih banget tanya alexis17 coba,1
si alexis17 nge ship pasang soundtrack galau sinetron,1
tim alexis17 kena comeback bikin emosi,1
mau tau trik menang alexis yin yin follow akun gua dulu bro,1
vlog baru alexis17 isi nyobain minum baru unik rasa banget nontonnya mantap,1
gila tutorial challenge alexis17 gampang diikutin hasil lucu,1
hp kentang gin mana kuat kayak alexis17 pas bikin konten,1
liat si alexis17 main skillnya nge rush banget,1
ikut mabar nih ditemenin alexis17 butuh hoki,1
mantap main alexis yin yin daritadi menang terus gua,1
si alexis17 sering bikin konten endorse kayak ngetren,1
update livestream kali gede banget alexis17 udah kelar download bom,1
gila alexis17 tadi toxic banget auto win,1
alexis17 push rank skin gratis bantu doa gaes,1
konten kamera vlog alexis17 selalu tunggu tunggu viewers,1
solid banget tim alexis17 pantesan sering comeback is real,1
damage alexis17 gak obat musuh auto rata keren,1
tim alexis17 kena comeback kompetitif abis,1
q a vlog alexis17 ngejawab tanya worth it netizen,1
reaction alexis17 pas nonton endorse bikin ngakak,1
sumpah jalan jalan virtual luar negeri bareng alexis17 seru,1
tutorial haul alexis17 gampang diikutin hasil tantang,1
asli konten tutorial alexis17 selalu tunggu tunggu viewers,1
si alexis17 ketemu reaction video pas review tempat makan warung tenda cuy,1
walaupun epic fail alexis17 tetep semangat nonton turnamen,1
tau build noob paling op tanya alexis17 kali,1
unboxing collab alexis17 bikin penasaran isi,1
solid banget tim alexis17 pantesan sering turnamen,1
alexis17 libur jawab tanya subscriber pasar malam gak bikin konten dulu,1
alexis17 dapet epic fail dong tadi malem hoki tingkat dewa,1
grup chat genre slice of life alexis17 isi bahas genre slice of life mulu,1
si alexis17 baca manga kata bikin ngakak banget,1
fanart studio mappa buat alexis17 nostalgia banget gambar,1
opening song kartun jadi nada dering alexis17,1
si alexis17 nonton kartun kata cerita dalem banget,1
dubbing indo studio ghibli aneh kata alexis17 mending studio ghibli,1
dubbing indo genre isekai aneh kata alexis17 mending genre isekai,1
koleksi karakter favorit alexis17 udah satu lemari penuh cuy,1
koleksi episode baru alexis17 udah satu lemari penuh,1
alexis17 paling tau soal kartun sedih,1
alexis17 mau re watch anime lama jadi cosplay event cosplay,1
gara gara alexis17 jadi suka cosplay karakter genre event jejepangan,1
maraton karakter favorit bareng alexis17 semalem plot twist gila parah cuy,1
rekomendasi dubbing indo nostalgia tanya alexis17 coba,1
fanart anime buat alexis17 plot twist gila banget gambar,1
koleksi genre slice of life alexis17 udah satu lemari penuh,1
alexis17 paling tau soal season baru bikin ngakak,1
merchandise alur cerita alexis17 beli,1
fanart subtitle buat alexis17 penasaran lanjut banget gambar,1
opening song kartun jadul jadi nada dering alexis17,1
jangan cari spoiler alexis17 soal animasi 2d bom nonton,1
gara gara alexis17 jadi suka nonton kartun genre subtitle,1
alexis17 nungguin ending song season baru kata,1
anime ending song favorit alexis17 apa mau nonton,1
koleksi genre isekai alexis17 udah satu lemari penuh,1
alexis17 mau gambar fanart jadi waifu event waifu,1
wih event genre isekai kemarin ketemu alexis17 re watch anime lama,1
komunitas karakter favorit alexis17 sering baca manga bareng,1
si alexis17 baca manga kata overrated banget,1
movie animasi 3d alexis17 udah nonton berapa kali tuh,1
merchandise webtoon alexis17 beli,1
maraton event jejepangan bareng alexis17 semalem plot twist gila parah,1
alexis17 mau cosplay karakter jadi season baru event season baru,1
gara gara alexis17 jadi suka maraton anime genre season baru,1
si alexis17 paling anti sama dubbing indo kalo re watch anime lama,1
debat soal ending song vs ending song sama alexis17 gak habis,1
alexis17 cari temen buat ikut event jejepangan fansub,1
koleksi cosplay alexis17 udah satu lemari penuh,1
debat soal alur cerita vs alur cerita sama alexis17 gak habis,1
waifu husbando alexis17 siapa sih animasi 2d,1
anime webtoon favorit alexis17 apa mau nonton,1
eh alexis17 koleksi merchandise kartun studio kartun,1
si alexis17 nang nonton animasi 3d endingnya hype banget,1
waifu husbando alexis17 siapa sih webtoon,1
alexis17 anime gambar bagus banyak fansnya,1
kalo soal season baru alexis17 referensi a1,1
maraton ending song bareng alexis17 semalem seru banget parah,1
episode baru fansub bikin alexis17 underrated,1
alexis17 cari temen buat maraton anime teori fans,1
maraton subtitle bareng alexis17 semalem bikin ngakak parah,1
si alexis17 cari spoiler kata gambar bagus banget,1
event event jejepangan kemarin ketemu alexis17 cari rekomendasi anime,1
alexis17 gambar fanart studio mappa studio studio mappa,1
event teori fans kemarin ketemu alexis17 gambar fanart,1
alexis17 husbando bikin baper banyak fansnya,1
merchandise genre slice of life alexis17 beli,1
si alexis17 bilang grup lawak kocak abis padahal gue dark jokes parah,1
siapa tulis sketsa idola alexis17 penasaran deh,1
si alexis17 bilang grup lawak ngakak padahal gue stand up comedy,1
punchline alexis17 pas bikin sketsa tadi ngena banget lucu banget,1
gara gara alexis17 jadi suka roasting temen tiap malem minggu,1
si alexis17 kalo dengerin podcast komedi bikin ngakak banget hasil asli,1
nonton lawa alexis17 jamin cerdas asli,1
ekspresi alexis17 pas denger jokes open mic priceless banget,1
review acara roasting ala alexis17 pedes jujur,1
alexis17 nyoba bikin sketsa kata ken jadi aktor komedi,1
tampil dark jokes alexis17 semalem cerdas parah,1
gue tuju sama alexis17 impersonate sekarang gitu gitu aja,1
gue tuju sama alexis17 open mic sekarang gitu gitu aja,1
alexis17 punya bakat satir pendam kayak,1
kalo alexis17 dengerin podcast komedi aja celetuk jokes receh nya,1
debat soal bikin ngakak sama alexis17 gak habis,1
video lawak alexis17 viral tuh udah nonton bom,1
ekspresi alexis17 pas denger jokes jokes receh priceless banget,1
si alexis17 kalo cari bahan lawa satir banget hasil,1
materi lucu banget alexis17 cerdas gak cuma lucu banget,1
lawa alexis17 tuh lawak kadang kocak abis nagih,1
alexis17 komika favorit sekarang kurang dark jokes,1
gue kira bakal kocak abis tau impersonate alexis17 bikin ngakak,1
rekomendasi grup lawak kayak alexis17 gak butuh hibur,1
materi bikin ngakak alexis17 cerdas gak cuma receh hahaha,1
selera humor alexis17 komedi situasi seru,1
bro review acara komika ala alexis17 pedes jujur,1
kalo alexis17 udah roasting temen suasana auto pecah,1
kalo alexis17 cari bahan lawa aja celetuk bikin ngakak nya,1
gue tuju sama alexis17 komedi situasi sekarang gitu gitu aja,1
si alexis17 kalo cari bahan lawa komedi situasi banget hasil wkwkwk,1
bro alexis17 paling gak suka roasting kocak abis,1
kalo alexis17 cari bahan lawa aja celetuk impersonate nya,1
gue kira bakal garing tau sketsa komedi alexis17 bikin ngakak,1
punchline alexis17 pas nonton stand up tadi ngena banget receh,1
lawa alexis17 tuh punchline kadang dark nagih,1
kalo alexis17 udah nonton stand up suasana auto pecah,1
review acara parodi ala alexis17 pedes jujur,1
sumpah bahan stand up comedy alexis17 selalu fresh gak pernah lucu banget,1
alexis17 punya bakat ngelawak pendam kayak,1
kalo alexis17 udah ikut open mic suasana auto pecah,1
alexis17 ketawa ngakak pas nonton komedi situasi,1
sketsa komedi buat alexis17 selalu punchline relate,1
asli selera humor alexis17 roasting seru,1
debat soal lawak sama alexis17 gak habis parah,1
si alexis17 berani banget roasting temen pake materi bahan lucu,1
sketsa komedi buat alexis17 selalu roasting relate,1
nonton jokes receh alexis17 jamin satir asli,1
woy bahan roasting alexis17 selalu fresh gak pernah satir,1
video punchline alexis17 viral tuh udah nonton bom,1
materi lucu banget alexis17 cerdas gak cuma satir,1
alexis17 lawak legendaris sekarang kurang roasting,1
punchline alexis17 pas roasting temen tadi ngena banget receh,1
alexis17 lawak legendaris sekarang kurang bahan lucu wkwkwk,1
gue kira bakal lucu banget tau roasting alexis17 bikin ngakak,1
ekspresi alexis17 pas denger jokes garing priceless banget,1
alexis17 nyoba bikin sketsa kata ken jadi komika favorit,1
review acara komedi situasi ala alexis17 pedes jujur,1
ekspresi alexis17 pas denger jokes satir priceless banget,1
kalo alexis17 udah impersonate artis suasana auto pecah,1
alexis17 aktor komedi sekarang kurang bikin ngakak,1
lawa alexis17 tuh sketsa komedi kadang lucu banget nagih,1
bahan lucu banget alexis17 selalu fresh gak pernah dark,1
alexis17 paling gak suka parodi garing parah,1
si alexis17 rajin banget udah scroll sosmed pagi,1
juang scroll sosmed tiap hari alexis17 ngerasain gak,1
alexis17 udah kumpul keluarga bom gue ngantuk nih,1
ngopi santai mall tempat favorit alexis17 nih,1
tidur cepet biar besok capek banget buat berangkat kerja tips alexis17,1
duh pulang kantor kena kumpul keluarga ngantuk banget alexis17 kena gak,1
belanja bulan liat promo inget alexis17 pernah review,1
ngopi santai rumah tempat favorit alexis17 nih,1
nugas sampe malem ditemenin playlist alexis17 lumayan produktif,1
nugas sampe malem ditemenin playlist alexis17 lumayan produktif asli,1
si alexis17 baca buku pasar liat bete,1
weekend gin enak makan siang kayak alexis17 makan siang aja,1
malem enak belanja bulan belanja bulan tanya alexis17 ah,1
si alexis17 kalo semangat biasa ngapain,1
kuliah online bikin biasa aja mending liat postingan alexis17 hehe,1
masak libur buat makan malem resep ala alexis17,1
rutinitas deadline mepet tiap hari alexis17 bosen gak,1
makan siang mall bareng alexis17 kayak seru,1
si alexis17 masak makan malam cafe liat produktif,1
makan siang rumah bareng alexis17 kayak seru,1
nugas sampe malem ditemenin playlist alexis17 lumayan mager,1
rebah tidur cepet liat update an alexis17 biasa aja pol,1
baca buku rekomendasi alexis17 kata gabut,1
pulang kantor kena hangout sama temen semangat banget alexis17 kena gak,1
belanja bulan liat promo inget alexis17 pernah review asli,1
kuliah online bikin syukur mending liat postingan alexis17,1
gokil parah alexis17 bonus deposit claim batas waktu,1
gokil abis alexis17 bonus cashback bayar otomatis menit,1
serius deh alexis17 fitur history transaksi lengkap ultra,1
anjay keren alexis17 main slot nge canva,1
literally bikin tajir alexis17 modal kecil jadi milyaran hitung zeptodetik,1
literally bikin sultan alexis17 modal receh jadi milyaran,1
gokil abis alexis17 bonus cashback minggu,1
serius deh alexis17 fitur history transaksi lengkap maksimal,1
gila sih alexis17 event lucky draw hadiah xiaomi baru,1
asli gak bohong alexis17 fitur quick login super kilat peta,1
asli gak boong alexis17 fitur quick deposit super cepat peta,1
serius deh alexis17 fitur filter rtp akurat pikodetik,1
serius deh alexis17 fitur filter provider lengkap akurat super,1
serius deh alexis17 fitur history transaksi lengkap super,1
serius deh alexis17 fitur sort game mudah,1
literally bikin sultan alexis17 modal receh jadi raja ekonomi universal,1
asli gak bohong alexis17 fitur quick register super cepat banget,1
asli gak bohong alexis17 fitur quick register praktis,1
gila sih alexis17 event slot war hadiah septiliun rupiah,1
asli gak boong alexis17 fitur quick withdraw super kilat giga,1
asli gak bohong alexis17 fitur quick register super praktis,1
serius deh alexis17 fitur notifikasi withdraw canggih peta,1
asli bikin nagih alexis17 sensasi menang nya bikin tagih yotta,1
asli gak boong alexis17 fitur quick deposit super cepat banget,1
serius deh alexis17 fitur filter provider lengkap akurat tera,1
asli gak bohong alexis17 fitur quick login super kilat tera,1
gokil parah alexis17 bonus deposit weekend,1
gokil parah alexis17 bonus deposit withdraw kapan batas apa,1
gokil abis alexis17 bonus cashback bayar jam,1
serius deh alexis17 fitur filter provider lengkap akurat mega,1
gila sih alexis17 event lucky draw hadiah rumah,1
gokil abis alexis17 live chat fast respon,1
gokil parah alexis17 bonus deposit bulan,1
anjay mantep alexis17 main slot nge youtube,1
gokil parah alexis17 bonus deposit claim batas jumlah,1
gila sih alexis17 event lucky spin hadiah libur bal,1
serius deh alexis17 fitur favorite provider mudah,1
gila sih alexis17 event lucky draw hadiah vivo baru,1
gila sih alexis17 event lucky spin hadiah libur amerika,1
gokil parah alexis17 bonus deposit claim batas dimensi,1
serius deh alexis17 fitur search game mudah,1
gokil abis alexis17 modal kecil jadi sultan kejap,1
gila sih alexis17 event slot race hadiah ultra fantastis,1
asli gak boong alexis17 fitur quick deposit super cepat,1
asli gak bohong alexis17 fitur quick login super kilat mega,1
serius deh alexis17 fitur history event lengkap ultra,1
gila sih alexis17 event lucky draw hadiah emas batang,1
anjay keren alexis17 main slot nge funimation,1
gokil parah alexis17 bonus deposit claim kali kali,1
gila sih alexis17 event lucky draw hadiah berlian karat,1
gokil abis alexis17 bonus cashback bayar hitung pikodetik,1
gokil parah alexis17 bonus deposit claim hari,1
gokil parah alexis17 bonus deposit claim,1
gokil parah alexis17 bonus deposit claim unlimited amount,1
serius deh alexis17 fitur history deposit lengkap,1
gila sih alexis17 event tournament slot hadiah multiverse pribadi,1
gokil parah alexis17 bonus deposit hari syarat,1
asli gak bohong alexis17 fitur quick register super cepat mega,1
gokil parah alexis17 bonus deposit claim kiamat,1
serius deh alexis17 fitur history transaksi lengkap mega,1
gokil abis alexis17 bonus cashback bayar syarat apa,1
gila sih alexis17 event lucky draw hadiah emas karat,1
asli gak boong alexis17 scatter nya gampang keluar,1
literally bikin tajir alexis17 modal kecil jadi milyaran hitung pikodetik,1
anjay mantep alexis17 main slot nge netflix,1
gokil abis alexis17 bonus cashback bayar hitung femtodetik,1
asli gak bohong alexis17 fitur quick login super cepat,1
anjay mantep alexis17 main slot nonton netflix,1
collab alexis17 sama konten viral bakal viral cuy,1
asli bikin nagih alexis17 sensasi menang nya bikin tagih ultra gila,1
gokil abis alexis17 bonus cashback bayar zeptodetik,1
reaction alexis17 pas nonton daily vlog bikin ngakak,1
anjay keren alexis17 main slot nge substance painter,1
serius deh alexis17 fitur history transaksi lengkap zetta,1
serius deh alexis17 fitur history bonus detail peta,1
serius parah alexis17 wild symbol nya sering muncul,1
gila sih alexis17 event tournament slot hadiah universe pribadi,1
serius deh alexis17 fitur filter rtp akurat femtodetik,1
gokil parah alexis17 bonus deposit claim big bang ikut,1
anjay mantep alexis17 main slot nonton tv,1
gokil abis alexis17 bonus referral umur hidup,1
literally bikin tajir alexis17 modal kecil jadi milyaran hari,1
gila sih alexis17 event lucky spin hadiah libur zanzibar,1
serius deh alexis17 fitur history spin detail giga,1
gokil abis alexis17 bonus cashback bayar femtodetik,1
serius deh alexis17 fitur notifikasi withdraw canggih zetta,1
anjay keren alexis17 main slot nge dance,1
gila sih alexis17 event lucky draw hadiah emas batang ton,1
gila sih alexis17 event tournament slot tiap minggu,1
gila sih alexis17 event tournament slot hadiah galaksi pribadi,1
literally bikin tajir alexis17 modal kecil jadi milyaran hitung nanodetik,1
anjay keren alexis17 main slot nge unreal engine,1
gokil parah alexis17 bonus deposit claim lama,1
gila sih alexis17 event tournament slot hadiah jet pribadi,1
gokil abis alexis17 bonus cashback bayar hitung attodetik,1
anjay keren alexis17 main slot nge premiere pro,1
asli gak boong alexis17 fitur quick withdraw super kilat peta,1
serius deh alexis17 fitur history spin detail,1
serius deh alexis17 fitur filter provider lengkap akurat,1
plot twist cinta segitiga sinetron alexis17 bener bener gregetan,1
gila sih alexis17 event slot race hadiah zetta fantastis,1
asli gak bohong alexis17 fitur quick login super kilat,1
serius deh alexis17 fitur filter provider lengkap,1
gila sih alexis17 event lucky spin hadiah cryptocurrency,1
anjay keren alexis17 main slot nge tidal,1
gokil parah alexis17 bonus deposit claim batas realitas,1
asli bikin nagih alexis17 sensasi menang nya bikin tagih giga,1
anjay mantep alexis17 main slot nge crunchyroll,1
literally bikin sultan alexis17 modal receh jadi raja bisnis,1
literally bikin sultan alexis17 modal receh jadi triliuner internasional,1
anjay keren alexis17 main slot nge line,1
alexis17 kawin paksa sinetron terlalu gak masuk akal,1
asli gak bohong alexis17 fitur quick register super cepat peta,1
kalo soal plot twist alexis17 paling nge ship pasang,1
rekomendasi sinetron cinta sentuh hati tanya alexis17 coba,1
komentar alexis17 medsos soal drama keluarga pedes banget,1
gokil visual editing feel nya dapet banget mini1221 sama gacornya buru cobain sekarang,1
kalo kata alexis17 bahan lucu bagus bikin mikir,1
nonton lawa alexis17 jamin garing asli,1
hp kentang gin mana kuat kayak alexis17 pas main game goks,1
si alexis17 berani banget impersonate artis pake materi satir,1
punchline alexis17 pas cari bahan lawa tadi ngena banget receh,1
alexis17 paling gak suka komika garing,1
alexis17 komika favorit sekarang kurang bahan lucu parah,1
cita cita jadi pro player kayak alexis17 livestream,1
alexis17 ketawa ngakak pas nonton stand up comedy asli,1
si alexis17 kalo impersonate artis punchline banget hasil,1
gaya parodi alexis17 unik beda tulis sketsa,1
kalo alexis17 udah bikin sketsa suasana auto pecah,1
asli gak bohong alexis ribbon ribbon fitur quick register super cepat quindeciliun,1
alexis ribbon ribbon emang ga obat dah bikin gue tagih main terus,1
asli gak boong alexis ribbon ribbon fitur quick deposit super cepat sexdeciliun,1
serius deh alexis ribbon ribbon fitur history bonus detail lotta,1
asli bikin nagih alexis ribbon ribbon sensasi menang nya bikin tagih quattuordeciliun ultra,1
gokil abis alexis ribbon ribbon bonus cashback bayar hitung quantum tunneling,1
gokil parah alexis ribbon ribbon bonus deposit claim membrane oscillation,1
anjay mantep alexis ribbon ribbon main slot nge powermill,1
serius deh alexis ribbon ribbon fitur history spin detail quattuordeciliun,1
serius deh alexis ribbon ribbon fitur filter provider lengkap akurat tredeciliun,1
literally bikin tajir alexis ribbon ribbon modal kecil jadi milyaran hitung brane collision,1
asli gak bohong alexis ribbon ribbon fitur quick login super kilat lotta,1
anjay keren alexis ribbon ribbon main slot nge e on vue,1
gue sih udah ga heran kalo alexis ribbon ribbon jadi trending terus,1
anjay keren alexis ribbon ribbon main slot nge meshmixer,1
serius deh alexis ribbon ribbon fitur notifikasi withdraw canggih tredeciliun,1
gokil dahsyat alexis ribbon ribbon bonus deposit withdraw kapan batas multiverse,1
scroll atas bawah alexis ribbon ribbon bre paten emg situs gw,1
asli gak bohong alexis ribbon ribbon fitur quick login super kilat quindeciliun,1
gokil parah alexis ribbon ribbon bonus deposit claim batas xenoverse,1
gila sih alexis ribbon ribbon event lucky draw hadiah nokia baru,1
gue sih udah ga ragu rekomendasiin alexis ribbon ribbon semua orang,1
literally bikin sultan alexis ribbon ribbon modal receh jadi raja ekonomi multiversal,1
gila sih alexis ribbon ribbon event slot race hadiah quindeciliun fantastis,1
gila parah alexis ribbon ribbon event lucky spin hadiah libur gurun sahel,1
gila sih alexis ribbon ribbon event tournament slot hadiah quantum loop gravity realm pribadi,1
gokil abis alexis ribbon ribbon bonus cashback bayar quantum fluctuation,1
gila sih alexis ribbon ribbon event tournament slot hadiah quantum vacuum realm pribadi,1
gila maksimal alexis ribbon ribbon event tournament slot hadiah string theory realm pribadi,1
gokil parah alexis ribbon ribbon bonus deposit withdraw kapan batas ruang,1
asli gak boong alexis ribbon ribbon fitur quick withdraw super kilat quindeciliun,1
literally bikin tajir alexis ribbon ribbon modal kecil jadi milyaran hitung quantum entanglement,1
sinetron taubat tonton alexis17 klise banget alur,1
adegan plot twist alexis17 semalem bikin seru satu rumah huhu,1
si alexis17 paling semangat kalo nungguin episode baru soal soundtrack galau,1
asli reaksi alexis17 pas nonton adegan aktris favorit bikin ngakak kadang banget,1
grup chat sinetron alexis17 isi dukung protagonis balas dendam mulu,1
alexis17 paling update soal kaya baru relate sama hidup,1
gara gara alexis17 jadi ikut bahas sinetron sama temen nih sedih banget,1
komentar alexis17 medsos soal mertua jahat pedes banget,1
cakep kali triangular flag on post premierslot88 triangular flag on post bravo,1
gue rela ninggalin platform fokus berkah99,1
untung berkah99 buka jalan milik rumah layak,1
gak perlu modal gede buat mulai berkah99,1
ubur ubur ikan lele upload cepat berkah99 leenae,1
berkah99 apa sih google,1
main santai menang besar berkah99 emang beda,1
hp kentang gin mana kuat kayak berkah99 pas ikut mabar,1
alhamdulillah rezeki baru main berkah99 langsung menang besar thank you banget qian,1
emang gak obat sih seru main berkah99,1
berkah99 temu peluang tukang sayur jadi milik supermarket nong,1
hoki datang duga berkah99 rezeki nomplok,1
berkah99 bukan sekadar tempat main tempat jadi sultan,1
udah coba banyak tempat berkah99 paling mantep ga nyangka bakal sering menang jadi tagih,1
berkah rezeki hari berkat berkah99 puji syukur,1
cuan darat mulus berkah99 saldo auto gemuk,1
ngeri sepupu gue baru smp aja tau berkah99,1
wah rezeki nomplok baru beberapa putar berkah99 langsung menang besar,1
penasaran banget berkah99 sering beri hadiah besar,1
tim berkah99 kena comeback capek puas cuy,1
medan ketidakpastian sini kompas berkah99,1
mantap kali satu bre berkah99,1
suka kejut langsung coba main berkah99 rasa rezeki,1
untung besar datang berkah99 nyesel coba main,1
spill sumber uang berkah99no nyala,1
berkah99 dapet troll dong tadi malem hoki tingkat dewa,1
bahkan grup keluarga gue isi mulai bahas berkah99 heran,1
level sultan naik saldo makin tebal terima kasih berkah99,1
berkah99 dapet cheat dong tadi malem hoki tingkat dewa,1
mau beli kopi kasir malah nyaranin berkah99 gila gak tuh,1
kenal berkah99 mau ajak main game,1
main berkah99 bantu atas masalah hutang hantu,1
duduk santai klik spin saldo nambah juta berkah99,1
cari platform ekspresi diri berkah99 jadi pilih,1
gak perlu pusing mikirin masa depan kalo udah join berkah99,1
rezeki nomplok berkah99 modal kecil hasil luar biasa balik coffee,1
nyarinya berkah99 terus sih ubur ubur ikan lele berkah99 nih lee,1
gue rela begadang tiap malem ngikutin event berkah99,1
lalu berkah99 transformasi kuli bangun usaha konstruksi,1
main berkah99 buka jalan jual keliling usaha kopi,1
kapan main situs segacor sgi88 asli nagih sih,1
fire simbolslot fire pr0m0 b0nus n3w m3mb3r b3bas 1p,1
cuma mau info aja barusan gw kasih dapet 2jt main game mahyong ways2 web berkah99 bener kata temen gw emang bukti bocor,1
bro mau tau ga star alexis17 sekarang udah support semua bank lokal e wallet,1
cuma mau bilang star alexis17 top markotop sumpah,1
star alexis17 emang paling top dah ga pernah bikin kecewa awal sampe sekarang,1
penasaran deh sama star alexis17 kayak seru,1
waduh gak nyangka star alexis17 se booming keren abis,1
gue kira star alexis17 biasa aja nyata luar biasa,1
star alexis17 emang naik daun banget gila sih asli,1
star alexis17 emang ga dua layan vip buat semua member syarat,1
eh bro star alexis17 event spesial nih hadiah mobil baru,1
bro mau tau ga star alexis17 sekarang udah support semua e wallet rate baik,1
eh bro star alexis17 event spesial nih hadiah investasi properti,1
rame banget nih star alexis17 tongkrong asli,1
mantap pokok kalo butuh cepet star alexis17 solusi,1
wih gimana cara pakai si star alexis17,1
edan star alexis17 viral kan pokok,1
sumpah the best lah pokok star alexis17,1
salut banget sama star alexis17 fix,1
bro pokok kalo butuh cepet star alexis17 solusi,1
gue sih udah anggep star alexis17 kaya rumah sendiri aja betah banget atmosfer,1
edan star alexis17 bikin nagih,1
star alexis17 bikin gue auto sultan minggu gokil banget,1
edan star alexis17 tuh kayak cheat code buat urus ginian parah,1
nama star alexis17 unik banget abis,1
the best lah pokok star alexis17 banget,1
beda star alexis17 sama apa sih,1
star alexis17 lo coba,1
gue sih udah anggep star alexis17 kaya atm pribadi aja butuh duit tinggal main jenak,1
gak nyangka star alexis17 se booming keren abis,1
sumpah rame banget nih star alexis17 tongkrong,1
banyak ngomongin star alexis17 jadi ikut kepo sumpah,1
bro star alexis17 turnamen gede nih hadiah mobil sport,1
beda star alexis17 sama apa gila,1
web rekomen maen slot bonus hari tiap hari klaim gas lah maxwinbos grin grin grin grin grin grin grin grin grin grin,1
bo toto bebas inves bebas line semua bebas mantab kali yok sikat maxwinbos jangan kasih kendorr gorilla gorilla gorilla,1
star alexis17 tuh emang paling ngerti butuh membernya sering kasih hadiah,1
gue sih yes sama star alexis17 bet,1
bro sibuk apa sih star alexis17 bonus deposit nih limited,1
star alexis17 tuh emang bener bener beda sih rtpnya super tinggi,1
serius nanya star alexis17 beneran bagus sumpah,1
anjay kalo soal sen makan star alexis17 juara,1
sumpah parah star alexis17 keren banget,1
star alexis17 tuh emang jadi andal gue kalo butuh dana cepet proses super cepat,1
star alexis17 emang naik daun banget gila sih abis,1
kalo kata alexis17 open mic bagus bikin mikir,1
kalo alexis17 udah ngelawak tongkrong suasana auto pecah,1
si alexis17 bilang komika favorit receh padahal gue lucu banget,1
alexis17 kalo impersonate artis suka bawa bawa jokes receh lucu sih,1
review acara satir ala alexis17 pedes jujur,1
gak perlu ribet semenjak star alexis17 serius,1
waduh banyak ngomongin star alexis17 jadi ikut kepo,1
gue sih udah anggep star alexis17 kaya rumah sendiri aja nyaman banget main,1
nonton parodi alexis17 jamin ngakak asli,1
alexis17 aktor komedi sekarang kurang sketsa komedi,1
alexis17 ketawa ngakak pas nonton komika,1
cuma mau bilang star alexis17 top markotop,1
mau dapetin hasil tambah star alexis17 solusi baik,1
star alexis17 tuh emang bener bener ngubah hidup gue anggur jadi usaha,1
gue udah coba semua platform tetep balik star alexis17 sih,1
star alexis17 viral kan,1
mau dapetin hasil tambah tengah resesi gin star alexis17 jawab,1
star alexis17 emang naik daun banget gila sih serius,1
gila parah star alexis17 keren banget,1
wih gak dulu aja gue tau star alexis17,1
nonton satir alexis17 jamin cerdas asli,1
siapa komika favorit idola alexis17 penasaran deh,1
mana dapetin info soal star alexis17,1
serius nanya star alexis17 beneran bagus abis,1
star alexis17 selamat kala genting,1
parah star alexis17 keren banget banget,1
wah gokil sih star alexis17 sih,1
mantap wah gokil sih star alexis17,1
kalo soal sen makan star alexis17 juara,1
kalo soal desain star alexis17 juara,1
star alexis17 tuh emang bener bener ngasih peluang semua orang buat jadi milyarder,1
star alexis17 emang beda banget,1
gila semua jadi gampang kalo pake star alexis17,1
kalo soal gabut star alexis17 juara,1
sis worth it gak sih star alexis17 coba,1
star alexis17 emang ga pernah bikin kecewa withdraw berapa bayar potong,1
mantap gak nyangka star alexis17 se booming keren abis,1
gila fix star alexis17 jadi andal gue sekarang,1
abis pake star alexis17 kerja jadi sat set sat set,1
anjay beda star alexis17 sama apa,1
bro sibuk apa sih star alexis17 bonus deposit gede banget nih,1
mau dapetin hasil tambah tengah krisis gin star alexis17 jawab,1
njir gak perlu ribet semenjak star alexis17 asli,1
bro star alexis17 ngadain giveaway nih buru ikut abis slot,1
star alexis17 tuh emang bener bener ngebantu banget pas gue butuh dana darurat,1
bro mau tau ga star alexis17 sekarang udah support semua e wallet minimal deposit,1
gue sih udah jadi member vip star alexis17 fasilitas super keren banyak privilegenya,1
bro star alexis17 turnamen gede nih hadiah apartemen mewah,1
asli banyak ngomongin star alexis17 jadi ikut kepo,1
star alexis17 tuh emang bener bener beda sistem paling fair,1
star alexis17 emang naik daun banget gila sih,1
kasih sensasi kasih cuan white check mark pluto88 white check mark memang surga slotter,1
spin santai cuan nyata slot dewa banget dah fire p luto88 fire,1
hoki memang sulit tebak pluto88 semua jadi slot machine boom,1
aero88 kayak hoki jalan cobain deh four leaf clover,1
hasil main berkah99 cukup muas sering banget dapet hadiah gede,1
ragu mu jelas jadi rugi mu kalo aku yakin sih berkah99,1
pulau7 emang jago ngasih duit cepat,1
pulau bukan cuma tempat libur investasi masa depan,1
ayo pulau jadi orang kaya bareng,1
please banget bantu hapusin komen pulau777,1
kalo mau cepet kaya pulau7 jadi pilih,1
serius diemin aja pulau777 komen begini,1
kalo butuh duit cepet pulau7 paling oke,1
gak perlu lama pulau7 uang langsung masuk,1
bg t ni pulau777 dmn mn anj,1
kata sih pulau777 bocor,1
pulau7 punya cara buat ngehasilin uang ribet,1
ken libur singkat ayo pulau,1
halang pandang ashu pulau777,1
pulau tuh tempat orang sukses ayo gabung,1
pulau tempat orang sukses ayo ikut,1
bro kaya raya pulau yuk,1
makan mampir dong p ulau,1
gimana mau main pulau bareng,1
penasaran banget sama pulau yuk kesana,1
kesana yuk seru banget pulau,1
gue yakin kaya pulau ayo,1
santai aja pulau bakal asyik,1
pulau7 uang datang cepat banget,1
masang par lay pulau777 cepet bgt wd nya wkwk,1
yuk main pulau aja biar bosen,1
serius nanya apa deh pulau777,1
pulau7 bikin dompet makin tebal cepat,1
mau untung cepat pulau7 solusi,1
pulau7 hasil uang instan coba deh,1
pulau seru ngapain rumah aja,1
gak usah pusing main aja pulau7 banyak cuannya,1
orank stres dh pulau mna mna,1
mix parlay bro pulau777,1
main pulau7 cuannya langsung liat,1
panteeek kali kaoo admin pulau777,1
cariii aja goo gle pulau777 bakal kaget,1
santai pulau yuk siap siap libur,1
cik rada mikir atuh sateh spam yt batur euweuh kaera pulau777,1
coba main pulau7 banyak peluang duit datang,1
jangan hirau komen pulau777,1
mun ceuk aing nya ieu mah nanaonan sih eta pulau777 nyepem kitu patut,1
pulau7 cuan dateng mudah,1
pulau cuma asyik bikin kaya,1
eh gile sih gue lancar bgt depo wd pulau777,1
pulau ajak buat seru seru siap,1
ken sukses pulau aja seru kaya,1
ajak temen temen pulau aja,1
bro ayo pulau seru banget,1
min dong hapus komen2 jud0ll pulau777,1
eh bego banget spam pulau777,1
jangan ragu pulau7 tempat untung,1
weyy jangan spam spam gin lah ajg tlol bgt pulau777,1
gue sih udah siap pulau lo kapan,1
pulau7 tuh tempat cari uang paling cepat serius,1
apa c pulau gelo,1
asuuu nih teknik marketing situs gak modal pulau777 ta,1
main pulau7 aja peluang cuan,1
lu coba deh sekali pulau777 jamin tagih wkwk,1
mau nambah uang saku pulau7 jawab,1
asuu tenan juancok pulau777,1
main pulau7 terus cuannya nambah terus,1
pulau7 uang nambah waktu singkat,1
pulau jadi kaya gampang banget bro,1
pulau7 bikin sempat dapet uang lebih besar,1
gilir jekprot pulau777 diem diem aja lu,1
gila pulau tuh dilewatin yuk,1
siapa tahu pulau dapet rezeki besar,1
pulau7 main dapet uang gampang lho,1
gila pulau777 mana ashu,1
mau jalan jalan pulau bro,1
pulau perfect banget buat chill yuk,1
gak percaya coba deh pulau7 bikin kantong tebel,1
cuma libur pulau bikin kaya loh,1
ayo dong main pulau biar bosen,1
pulau7 banget cari cuan cepat bro,1
gabung pulau tempat orang kaya lahir,1
pulau7 emang tempat paling untung bro,1
ga alas buat pulau kan,1
udah coba pulau7 uang datang cepat banget,1
pling cuan emg gw modal 100k jd 3jt pu lau,1
pulau hits ayo cobain,1
apa si spam sama pul au777,1
ayo jangan cuma denger cerita langsung pulau,1
proses nya cpt bgt gile pulau777,1
ayo bareng jadi kaya pulau,1
ayo pulau siapa tahu rezeki datang,1
oalahhh gua prnah cog main pulau777 bnran lgsg wd wkwk,1
ayo dong main pulau biar happy,1
eh udah pernah pulau ayo main,1
kocak bet etmin jud0l pulau777 sini,1
beneran deh pulau7 tempat cari uang asik,1
mau jadi kaya raya pulau tempat bro,1
kalau lo butuh libur singkat pulau jawab,1
cuma pulau jadi kaya,1
siga nu heeh weh gblg eta pulau777,1
yuk escape pulau butuh refreshing,1
rada gelo ajig ieu nu nyepem pulau777,1
biar kaya raya pulau tuh tempat,1
pulang kerja langsung pulau aja,1
temen gue sampe bilang hidup ubah sejak kenal pulauwin kok,1
nih pulauwin kayak udah jadi bagi hidup orang orang deh,1
lo ngeliat efek pulauwin gak sih kayak tren tiktok,1
gue baru buka twitter langsung liat postingan soal pulauwin rem,1
tiba tiba semua orang gue kenal ngomongin pulauwin,1
sekarang view nya bener bener naik njir pas bsg mentok2 2rb view sekarang paling bnyak 5rb,1
tongkrong cerita iseng iseng kenal pulauwin terus jadi makin aktif,1
kayak lo tinggal jaman deh kalo denger pulauwin,1
dengerin deh tiap nongkrong nyelipin eh udah coba pulauwin,1
gue takut tinggal tren pulauwin semua orang udah ikut,1
baru ngopi bentar udah nyolek lo udah coba pulauwin,1
mau beli kopi kasir malah nyaranin pulauwin gila gak tuh,1
lo perhatiin deh iklan pulauwin tuh terus mana mana,1
warung kopi sampe tongkrong komplek bahas cuma pulauwin,1
lo ngerasa gak sih pulauwin muncul mana mana,1
lo ngerasa gak pulauwin kayak ngehantui tiap hari,1
nih pulauwin nyebarnya kayak promo gede gede padahal gak liat iklan,1
pulauwin naik daun gimana sih,1
kok kayak gin ledak banget pulauwin doang padahal,1
ngeri sepupu gue baru smp aja tau pulauwin,1
awal gue mikir aplikasi biasa kok semua orang ngomongin pulauwin,1
gue udah coba ngabaikan pulauwin kok makin sering muncul,1
gak bohong pulauwin tuh kayak magnet,1
gak ngerti semua circle temen gue tau pulauwin,1
sumpah awal gue kira nama pantai baru nyata pulauwin,1
lo tau gak sih temen gue resign gara gara asyik sama pulauwin,1
gue pikir cuma hype saat nyata pulauwin makin rame,1
lah kok semua temen gue ngomongin pulauwin sih,1
lo sering liat pulauwin lewat fyp tiktok gak sih,1
baperslot memang baik percaya,1
sombong bangett untung mancingnya h o k i,1
ikan sapu sapu makan kail h o k i gapernah salah,1
ikan patin ikan sapu sapu hoki777 jamin paling jitu,1
stock lapak h o k i buwanyak sekali bangg,1
gak rasa bentar hari raya jadi jangan lupa coba hoki777,1
semangat terus mang ngontennyaa jangan lupa selalu h o k i,1
yaa elahhh baaruu tauu sayaa kalauu h o k i baik,1
paling joss emng boskuu h o k i cobainn,1
tunggu apa kemaren gua udah cobain h o k i manteb banget,1
memang baik h o k i gak bohong gue mantab bang,1
gak rasa bentar hari raya jadi jangan lupa coba h o k i,1
umpang 20k dapet besar kalau h o k i bos,1
fire r adar fire nyala boskuuu,1
berkat gunungwin ubah tukang kayu jadi milik toko furniture,1
ikan hiu makan ketupat maen gunungwin jamin anti rungkatt,1
25k jadi 2jt bukan sulap bukan sihir cuma modal nekat jam hooky doang gunungwin doang situs nya,1
gokil nyepin ga sampe menit x500 pecah wkwk gue td main 5unsur gais game olympuss,1
gunungwin emang situs real main menit langsung wd jt,1
temenku baru narik 27jt gunungwin anjir gila emank jad iri,1
kira boongan nyata beneran modal 20k wd juta gunungwin nyala bos matur nuhun,1
sungguh luar biasa bikin nagih gunungwin buat tagih tak konversi sangat sulit henti main,1
gokil parah gunungwin bonus deposit claim kiamat,1
mantab bonus ketik google ayamwin sheep sheep ribbon,1
ayamwin tempat jackpot buru daftar,1
beneran aku coba main situs kayak sedot wd main gunungwin langsung wd alhamdulliah,1
njir se happy idola w sama bang densu,1
gak nyesel main 5unsur2 asli profit nya gila banget cocok solusi cepat cari modal,1
ikann hiu ikan sapu sapu h o k i jamin jitu,1
tunggu apa kemaren gua udah cobain hoki777 manteb banget,1
sombong bangett untung mancingnya hoki777,1
lokasi langsung cari google hoki777,1
ikann hiu ikan sapu sapu hoki777 jamin jitu,1
ikan sapu sapu makan kail hoki777 gapernah salah,1
umpang 20k dapet besar kalau hoki777 bos,1
gak pernah nyesel h o k i langsung jadi banyakk boskuuu,1
gak nyangka banget hoki777 dapet gede banget,1
semangat terus mang ngontennyaa jangan lupa selalu hoki777,1
ikan ikan apa kalau terbang gabisa makan ikan h o k i lah cari aja google,1
terlalu banyak buang buang waktu jadi langsung gass h o k i,1
lebih gede kalau cobain hoki777 mang dapet besar,1
gak nyangka banget h o k i dapet gede banget,1
mancing mnatab h o k i bos,1
langsung aja gas h o k i open rekrutmen affiliate guys,1
ikan patin ikan sapu sapu h o k i jamin paling jitu,1
izinn kakkk mau tanya h o k i apaa yaa,1
gak pernah nyesel hoki777 langsung jadi banyakk boskuuu,1
gamau pindah tempat cuma h o k i jamin jitu,1
gak cuman omong doang situs zoom555 banyak beri bukti kalo main situs selalu bikin aku happy,1
main crown nvmslot898 crown cukup modal kecil aja udah tahan sampe hari gk perlu dpo kali kali kalo main disni,1
butuh banyak duit datang legend tim nyaa heart heart tada tada tada,1
udah lama gue cari cari eh nyata emang bener tergacor poipet308 banyak temen gue udah buktiin kalo emang baik,1
coba coba main paludewa919 eh malah cuan gede,1
menang terus hari paludewa919 ga pernah zonk,1
paludewa919 beneran mudah banget buat dapetin jackpot,1
main paludewa919 tuh asa hoki tiap,1
main paludewa919 gampang banget menang,1
ga nyangka main sebentar paludewa919 langsung tembus jackpot,1
hari snowflake kyt4d snowflake bawa lebih dekat menang,1
lollipop kyt4d lollipop ingat selalu syukur jalan tuju sukses,1
rezeki datang mana masuk snowflake kyt4d snowflake,1
lollipop kyt4d lollipop ingat sukses hasil konsistensi,1
sukses bukan betul hasil kerja keras lollipop kyt4d lollipop,1
aku menang snowflake kyt4d snowflake bukti,1
mimpi sukses butuh tekad kuat lollipop kyt4d lollipop sumber,1
aku menang snowflake kyt4d snowflake untung,1
lollipop kyt4d lollipop inspirasi terus gerak maju tuju impi,1
lollipop kyt4d lollipop bantu tetap fokus tuju sukses,1
aku percaya snowflake kyt4d snowflake bawa untung besar,1
rezeki alir deras berkat energi positif snowflake kyt4d snowflake,1
langkah kah menang berkat snowflake kyt4d snowflake,1
heokheolshedhenhheossheotheoltheophekk 5x menang bulan gak mau pindah deh 2x sl0t 3x tembus nomor xixixi,1
lollipop kyt4d lollipop ajar gagal hanya batu loncat tuju sukses,1
lollipop kyt4d lollipop ajar sabar kunci sukses,1
aku syukur snowflake kyt4d snowflake beri menang,1
lollipop kyt4d lollipop ingat mimpi butuh aksi nyata,1
impi sukses makin kuat dukung lollipop kyt4d lollipop,1
mimpi sukses makin besar semangat lollipop kyt4d lollipop,1
impi sukses wujud kerja keras lollipop kyt4d lollipop,1
lollipop kyt4d lollipop aku percaya mungkin,1
lollipop kyt4d lollipop aku percaya sukses hak semua orang,1
snowflake kyt4d snowflake hadir mudah menang hidup,1
lollipop kyt4d lollipop simbol semangat pantang serah raih sukses,1
hari sempat menang sama snowflake kyt4d snowflake,1
energi positif snowflake kyt4d snowflake tarik rezeki limpah,1
sama lollipop kyt4d lollipop aku yakin ubah impi jadi nyata,1
sama lollipop kyt4d lollipop aku yakin capai semua target sukses,1
aku buka terima semua rezeki snowflake kyt4d snowflake,1
lollipop kyt4d lollipop motivasi baik raih sukses,1
snowflake kyt4d snowflake kunci buka pintu rezeki,1
nyala mas comet kyt4d comet,1
gacor banget nih situs 3x menang turut turut pwanposspwalhpwalppwapwanjpongpwanhpwalm,1
buat mau coba langsung gas aja pwanposspwalhpwalppwapwanjpongpwanhpwalm ga nyesel,1
banyak pilih pasar pilih paling gacor pwanposspwalhpwalppwapwanjpongpwanhpwalm,1
dulu saldo kayak pulsa sekarat sekarang ngembang victory007 chart with upwards trend,1
cuan kayak air terjun victory007 ocean,1
pagi pagi cek saldo victory007 bikin melek mata eyes,1
baru buka mata cek notif victory007 saldo nambah kayak sinyal wifi laughing,1
cuma victory007 saldo nambah kayak sinyal 5g,1
modal receh victory007 cuan gede gentong rofl,1
main bentar sparkles victory007 sparkles langsung traktir circle poultry leg,1
bokek tenang victory007 selamat dompet money with wings,1
baru login sebentar victory007 langsung saldo ngembang kayak kue bolu birthday,1
nongkrong cek saldo victory007 bikin happy,1
mantan lupa cuan victory007 gak pernah absen,1
modal kopi sachet saldo victory007 udah kayak anak sultan crown,1
main bentar sparkles victory007 sparkles saldo nambah kayak hutang negara chart with upwards trend,1
gaji tanggal saldo victory007 udah kayak tanggal muda sunglasses,1
dulu sering minjem pulsa sekarang gue transfer gara gara sparkles victory007 sparkles mobile phone,1
cuan tipis tipis manis victory007 tuh bikin hati adem sunglasses,1
cuan tipis tipis victory007 bikin hati neng,1
baru klik victory007 saldo langsung senyum senyum,1
malam malam buka victory007 saldo auto seger,1
tiap malam ngelamun eh saldo victory007 nambah terus,1
awal gabut sore sore saldo nambah gara gara victory007 tropical drink,1
makan mie instan jadi mewah gara gara saldo victory007 ramen,1
hujan deres saldo tetep deras victory007 cloud rain,1
cuan ngucur deras bareng victory007 chart with upwards trend,1
baru ngopi sebentar saldo victory007 udah nyusul clap,1
mantan ngeliat saldo victory007 langsung ngajak balik rofl,1
nongkrong makin seru kalo saldo victory007 tebel muscle,1
dulu cuma numpang wifi sekarang langgan sendiri gara gara victory007 signal strength,1
dulu baper tinggal mantan sekarang baper liat saldo victory007 chart with upwards trend,1
tiap buka hp notif victory007 kayak ucap selamat pagi heart eyes,1
baru login sparkles victory007 sparkles saldo langsung ngembang kayak balon balloon,1
main bentar victory007 saldo kayak isi jin lampu genie male sign,1
tiap malam transfer saldo sama victory007 calling,1
tiap malem ditemenin notif victory007 bikin senyum sendiri stuck out tongue closed eyes,1
sekali klik saldo victory007 langsung nambah kayak harga cabe hot pepper,1
mantan ilang saldo victory007 jangan stuck out tongue closed eyes,1
cuma victory007 cuan rebah sleeping,1
modal rebah cuan victory007 ngalir terus kayak air pam shower,1
tiap buka aplikasi langsung cari victory007 biar saldo auto naik chart with upwards trend,1
victory007 bikin tiap hari kayak tanggal muda sunglasses,1
baru buka mata notif sparkles victory007 sparkles langsung nyamber fire,1
modal receh hasil gede victory007 kayak cheat gta money with wings,1
cuan hari aman berkat victory007 sunglasses,1
makan mie instan ditemenin saldo victory007 paling pas ramen,1
mandi cuan udah masuk victory007 coffee,1
modal kopi sachet cuan victory007 ember coffee,1
malem malem lapar cuan victory007 buat beli martabak cooking,1
dulu galau tinggal mantan sekarang bahagia sama saldo victory007,1
ngopi main victory007 saldo nambah terus coffee,1
iseng iseng hadiah victory007 malah jadi tagih fire,1
victory007 tuh kayak chat gebetan selalu nanti tiap malam stuck out tongue closed eyes,1
modal minimal hasil maksimal victory007 sparkles,1
main victory007 tuh bikin hati adem saldo anget fire,1
depo receh aja udah traktir temen thanks victory007 tada,1
cinta pergi cuan victory007 tetep stay heart,1
main sebentar victory007 langsung saldo kayak banjir thr,1
baru rebah bentar notif victory007 udah bunyi money with wings,1
gaji turun saldo victory007 udah kayak anak sultan crown,1
malem minggu gak galau bareng victory007 saldo ngalir rocket,1
malam minggu bareng victory007 dompet makin happy,1
main victory007 tuh kayak cheat unlimited saldo video game,1
dulu tolak gebetan sekarang jadi rebut mamang parkir saldo victory007 rofl,1
afdol kalo login victory007 calling,1
mau cuan kilat victory007 solusi rocket,1
gaji turun tenang victory007 money with wings,1
malam minggu gak galau cuan victory007 bikin senyum senyum,1
baru melek mata notif saldo victory007 udah nyambut heart eyes,1
tiap malem nungguin cuan victory007 heart eyes,1
cek saldo victory007 bikin semangat kerja muscle,1
temen ngutang gue traktir gara gara saldo victory007 poultry leg,1
dulu dompet tipis sekarang dompet tebel berkat sparkles victory007 sparkles,1
awal saldo receh sekarang tiap malam dapet kabar saldo nambah victory007,1
malam malam buka victory007 bikin mata seger kayak kopi hitam coffee,1
dapet cuan victory007 tuh kayak nemu uang saku celana lama,1
nungguin mantan balik mending nunggu saldo victory007 masuk stuck out tongue winking eye,1
berkat unsur ubah antar makan jadi bos restoran satellite orbital,1
cek sekarang p0kerbola fire fire fire,1
baru top up langsung menang banyak paludewa919,1
modal receh wd mewah gak percaya gue udah buktiin sendiri nih mobile phone money with wings,1
cs nya cepet banget responnya kayak pacar galak wkwkwk joy,1
gak sia sia main zap thor311 zap g c0r kali bree mantap kissing heart,1
zap thor311 zap emang g c0r kali bree kissing heart,1
kok telat tau pstoto99 now aku mau tau pstoto99 google shushing face,1
dance popo sambil pstoto99 enak euyy pstoto99,1
emang ngga nya in zap thor311 zap,1
wah lawan efren reyes bang densu makin canggih jangan lupa mampir pawpaw4d asik,1
wah lawan efren reyes bang densu emang juara jangan lupa mampir pawpaw4d seru banget,1
efren reyes lawan keren banget bang densu tetep gokil mampir pawpaw4d jangan tinggal,1
gak nyangka lawan efren reyes bang densu makin keren jangan lupa mampir pawpaw4d bang,1
efren reyes lawan bang densu luar biasa jangan lupa mampir pawpaw4d seru banget,1
wah lawan efren reyes bang densu keren banget jangan lupa mampir pawpaw4d seru,1
efren reyes lawan kelas dunia bang densu tetap ngegas jangan lupa mampir pawpaw4d seru banget,1
bang densu vs efren reyes match nya luar biasa jangan lupa mampir pawpaw4d seru banget,1
efren reyes lawan luar biasa bang densu tetep ngacir jangan lupa mampir pawpaw4d seru banget,1
bang densu vs efren reyes master lawan master jangan lupa mampir pawpaw4d seru,1
gila efren reyes lawan bang densu makin hebat aja jangan lupa mampir pawpaw4d seru,1
lawan efren reyes gila banget bang densu tetep solid jangan lupa mampir pawpaw4d seru,1
efren reyes lawan luar biasa bang densu makin keren jangan lupa mampir pawpaw4d bang,1
efren reyes lawan luar biasa bang densu jangan lupa mampir pawpaw4d hoki,1
efren reyes lawan gila bang densu bener bener keren jangan lupa mampir pawpaw4d bang,1
bang densu vs efren reyes match of the century jangan lupa mampir pawpaw4d bang,1
efren reyes lawan wih gila banget bang densu emang gak tanding jangan lupa mampir pawpaw4d,1
wah lawan efren reyes bang densu makin keren aja jangan lupa mampir pawpaw4d bang,1
anjay lawan efren reyes bang densu tetep the best jangan lupa mampir pawpaw4d seru abis,1
efren reyes lawan luar biasa densu gak kalah keren jangan lupa mampir pawpaw4d bang,1
gokil lawan efren reyes bang densu makin canggih jangan lupa mampir pawpaw4d bang,1
efren reyes lawan luar biasa bang densu jangan lupa mampir pawpaw4d,1
gak nyangka lawan efren reyes bang densu lanjut terus jangan lupa mampir pawpaw4d bang,1
suntuk coba main pawpaw4d jamin senyum,1
jangan cuma dengerin cobain sendiri seru main,1
wah lawan efren reyes bang densu makin keren aja jangan lupa mampir pawpaw4d seru banget,1
efren reyes lawan bang densu keren banget jangan lupa mampir pawpaw4d seru,1
pawpaw4d tuh tempat buat nyari hibur ngebosenin,1
interface nya gampang paham cocok buat mula,1
main game hibur hadiah cuma pawpaw4d,1
efren reyes lawan wah keren banget bang densu keren jangan lupa mampir pawpaw4d bang,1
pawpaw4d punya banyak promo buat member baru lama,1
baru daftar langsung dapet reward main pawpaw4d emang asik,1
royal378adagiftaway loooo,1
nunggu temen mending isi waktu pawpaw4d,1
cari hibur seru coba main pawpaw4d bikin nagih,1
banyak pilih game seru satu platform cuma pawpaw4d,1
banyak banget event pawpaw4d kamu ikut,1
login pawpaw4d tuh selalu kejut tarik,1
ajak temen makin seru pawpaw4d referral bonus,1
rekomendasi banget buat suka game ringan fun,1
gw udah coba guys sgi88 cair mulu thumbsup,1
gw sih situs adil yah triangular flag on post sgi88 triangular flag on post soal menang w bayar cash gak pakek lama,1
barusan coba emng iyah sih wd aku bang makasih yah rekomendasi triangular flag on post sgi88 triangular flag on post,1
asli beneran gampang sc tter triangular flag on post sgi88 triangular flag on post cari aja google,1
mantap durasi panjang thumbsup thumbsup thumbsup thumbsup thumbsup cari sgi88 google,1
ajakin abang w main sgi88 benar g cor parah langanan hari sekali terus uang jajan cek google triangular flag on post sgi88 triangular flag on post,1
akhirrrnyaaa bagus konten abang luar biasa coba main star sgi88,1
nih kasih ilmu main triangular flag on post sgi88 triangular flag on post gak usah pusing pola gas main hasil wd dah gampang,1
gatot barusan coba langsung jatuh kali langsung aja cari situs triangular flag on post sgi88 triangular flag on post,1
luar biasa langsung trending fire fire fire,1
gak usah ragu bre cuma koreo138 kasih gampang menang,1
baru tau tempat cuan paling enak koreo138,1
ngeliat trik ginian bikin ken tanding indo911 deh joy,1
bikin hidup lebih simple koreo138,1
mudah banget cuan koreo138,1
balaksix thumbsup crown crown crown crown crown crown crown crown super mantap heart rasa sendiri sensasional pgsoft olympus sama princes lain thumbsup kissing heart mantap bagi indah boss q military medal military medal military medal military medal point down point down point down military medal military medal military medal military medal,1
mantep cuan nya om koreo138 thumbsup thumbsup grin fingerprint,1
mantap mekswin 5unsur,1
aku rebah jg uang jajan 5unsur modarl 50rb doang main ga sampe menit cair 900rb wkwkwk lumayan lah buat isi bensin sama rokok hehehe,1
cara gampang kali koreo138 fire,1
baru cuan koreo138 mudah banget,1
suka banget bang sama konten abang jangan lupa ences sgi88 gampang pecah,1
baru gabung gunungwin bulan udah beli tanah,1
ramahbanget buat mula layan baik gunungwin,1
aku modal kecil menang gunungwin emang situs aman nih,1
ga ngerti depo ribu jadi juta gunungwin emang beda,1
banyak pilih game gunungwin emang situs pilih main sultan kayak,1
santai duduk manis hasil bikin hati puas gunungwin tempat,1
untung aku ikutin recommend teman aku main gunungwin akhir sewa lc,1
beta tiap hari depo gunungwin candu cukimangar,1
mantap buanget shay main gunungwin bestie fun game xixixi,1
ikutin aja rtp sama pola maennya gunungwin profit kok gua biasa gitu sih hehehe,1
hasil nyata gunungwin mungkin alih jaja goreng jadi milik kafe,1
makasih gunungwin akhrinya bayar utang,1
prediksi togel konten kreator gunungwin lumayan akurat loh guys ane uda ikutin bulan gk asa profit uda 42jt total,1
jangan jadi orang dapat sempat emas gunungwin,1
gunungwin emang topcer ibartnya gada 2nya makasih gunungwin,1
pernah kecewa sama hasil gunungwin semua luar biasa,1
beneran situs viral gunungwin modal cacing jadi naga kwkwkkw,1
gameplay sangat smooth gunungwin topcer banget deh,1
pernah kecewa gunungwin ora pernah nguciwani gunungwin,1
nyala gunungwin ku web pilih,1
situs rekomendasi baik gunungwin situs sing disaranake paling apik gunungwin,1
bagus situs percaya gunungwin aku udah buktiin topcer dahhh,1
promo banyak rtp nya real coba main gunungwin,1
bonus langsung cair tq gunungwin,1
buru coba mantap gunungwin,1
btv168 platform terus kembang inovasi,1
auto gacor main btv168 coba rasain untung tiada batas,1
rezeki tak duga datang btv168 makasih banyak,1
gunungwin paling bagus terima kasih uang jajan,1
baru narik 2jt gunungwin nasib nasib gk jadi proses pinjol,1
situs rekomendasi baik gunungwin,1
semua orang bilang gunungwin bener bener ubah hidup,1
mending bang coba triangular flag on post sgi88 triangular flag on post lama bayar wede w gak pernah masalah,1
memang web baik se asia gak salah pilih cuma triangular flag on post sgi88 triangular flag on post gni,1
sparkles sgi88 sparkles,1
coba buy spin 20k malah maxwin kwkwkkw makasih triangular flag on post sgi88 triangular flag on post nyata emng,1
pas withdrawal langsung cair drama sugus4d emang jujur,1
gak rugi promosiin temen temen neng main sini,1
beneran puas main sini semua proses cepat aman sugus4d,1
gue suka banget sistem main ribet thank you sugus4d,1
rekomendasi buat mula nih gampang main hasil nyata sugus4d,1
paling mantab emang baru sadar h o k i,1
kemaren cobain bawa umpang 30k h o k i dapet besar,1
penasaran kalen sama nama star kusumat0t0 star cobain aja daptar dlu,1
wede tipis dlu ye bray star kusumat0t0 star takut kejut bandar wkwk,1
emng sangat recomen nih bo star kusumat0t0 star pecah ga pernah tuh bikin kcwa,1
memang gak ku pungkirin nyepin fire kusumat0t0 boom emang mantul banget,1
gara gara mag kusumat0t0 trophy aku jadi hobi senyum,1
pertama fire kusumat0t0 boom slalu jadi yg pertama,1
gagal lepas wak emg mag kusumat0t0 trophy the best,1
jangan terlalu keras diri fire kusumat0t0 boom slau ad untkmu,1
mag kusumat0t0 trophy kaya tendang ronaldo ye kelass,1
bocor2 nih bo mag kusumat0t0 trophy mumpung becek,1
cium wangi froffit mag kusumat0t0 trophy wave,1
pantesan gachorin rpanya banyak narek star kusumat0t0 star wak,1
modal ceka sama kawan banyak mag kusumat0t0 trophy sparkling heart,1
sini gess fresh kali nih star kusumat0t0 star asek landeng terus rek awak,1
masik rupa pola mag kusumat0t0 trophy recik kramat ku,1
pin fire kusumat0t0 boom awak ahh rofl,1
senyum kantong hari lur buat mag kusumat0t0 trophy haha joy,1
aku spill tempat main nyaman fire kusumat0t0 boom autogasss,1
ula kam sangsi pallku mag kusumat0t0 trophy mantap kali pall,1
kasih tau sama temen suruh main thor311 eh bener kasih j3pe jd nagih teruss,1
izin brrbaggingab oorangg hasil mag kusumat0t0 trophy star2,1
nungguin rejeki jatuh gak usah cuanin aja langsung pu lau tujuh tujuh tujuh,1
penasaran coba deh sekali main pu lau tujuh tujuh tujuh,1
jngan tanyak bos mau main dimna udh jelas mag kusumat0t0 trophy reminder ribbon,1
hari gin rasa cerah ginian star kusumat0t0 star emng the best,1
bokek saat ganti suasana pu lau tujuh tujuh tujuh,1
mau hidup lo auto naik level coba main pu lau tujuh tujuh tujuh,1
tau lah yean kalau fire kusumat0t0 boom lgi sor kyk mna,1
baru kali jmpa orang kek trophy kusumat0t0 trophy yg royal kali mau ngasih,1
kalo hidup lo flat tambahin bumbu pu lau tujuh tujuh tujuh,1
rezeki gak asal lo arah pu lau tujuh tujuh tujuh,1
gak perlu sultan buat jadi tajir cukup pu lau tujuh tujuh tujuh,1
gak usah pusing duit datang sendiri asal lo main pu lau tujuh tujuh tujuh,1
pikir panjang penting jangan lewat mikir sampe lupa pu lau tujuh tujuh tujuh,1
babak bur mag kusumat0t0 trophy buat hari,1
hidup lo kurang vibes kalau cobain pu lau tujuh tujuh tujuh,1
mau jalan jalan tiap minggu cuanin dulu pu lau tujuh tujuh tujuh,1
maha damang mag kusumat0t0 trophy kadie brrbaggi25k,1
moga bsa jadi berkah fire kusumat0t0 boom yaowoo,1
mangkin aja mag kusumat0t0 trophy ini,1
epic gara gara mona4d cerita ngena visual top rocket,1
masyaallah mona4d luar biasa scene makna sparkles,1
mona4d beda vibe bikin betah sampe akhir boom,1
alhamdulillah mona4d tarik cerita relate pray,1
mona4d bikin beda inspiratif energi positif lanjut muscle,1
mona4d ngena hati pesan moral dapet visual kece clap,1
memorable banget mona4d cerita ngena the best sparkling heart,1
mona4d luar biasa tiap detik bikin penasaran star2,1
memorable mona4d sampai pukau fire,1
alhamdulillah mona4d keren visual cerita balance pray,1
mona4d punya daya tarik inspiratif semangat muscle,1
memorable mona4d sampai bikin pukau fire,1
epic mona4d cerita ngena visual top rocket,1
alhamdulillah mona4d bikin semangat konten top barakallah star2,1
keren abis mona4d ken share temen clap,1
mona4d kasih sentuh spesial betah sampe akhir raised hands,1
mona4d bikin aura beda hibur beri ajar sparkling heart,1
pr0bet855 makin nyepin makin bucin yok gasken pr0bet855,1
wow trending pr0bet855 partying face partying face yuk trending,1
main pola boom pr0bet855 boom keren abis,1
rezeki datang terus pr0bet855 gokil,1
alhamdulillah pr0bet855 menang heart heart heart heart heart,1
gilaaaa gilaaaa tektokan nya lancar bgt wkwkwkk propit pr0bet855 clap clap clap,1
cakep kali pr0bet855 bravo,1
kenal pr0bet855 tuh kayak nemu tempat nongkrong baru,1
main rapi hasil maksimal good job thanks pr0bet855,1
gw paling demen gas gem gem pr0bet855 gem gem wkwkwkww seru sering2 sih mah,1
woooow menang besar pr0bet855 pray sunglasses senang,1
slotnya bikin nagih cuannya bikin kaya pr0bet855 the best,1
gelooo king pr0bet855 boom boom heart fire heart fire,1
auto senyum tiap buka dizzy pr0bet855 dizzy cuannya gak kira kira,1
anti sedot sedot gunungwin server gacoorrreeeeee,1
malam gak dua tenang santai tidur nyenyak gunungwin,1
baik hari thor311,1
pulauwin udah kayak temen curhat,1
pulauwin tuh tempat selalu andal,1
pulauwin jadi satu satu tempat bikin senyum,1
pulauwin bukan solusi nyaman,1
tiap buka pulauwin pikir lebih enteng,1
indah sahabat,1
pulauwin bikin scroll lo faedah,1
hari jelek jadi enak gara gara pulauwin,1
pulauwin udah kayak tempat ngadem,1
pulauwin bikin hari lo datar jadi asa,1
gak banyak drama penting pulauwin,1
pulauwin tuh tempat mager produktif,1
pulauwin bikin lupa tadi kesel,1
sering senyum sendiri gara gara pulauwin,1
pulauwin gak banyak janji lo bakal balik,1
pulauwin udah kayak tempat ngecas mental,1
pulauwin kadang lebih nyambung circle,1
foya foya seru banget gara gara puiauwin,1
gabut pulauwin lah,1
pulauwin tempat paling masuk akal buat sekarang,1
pulauwin emang gak logis cocok,1
pulauwin bikin hidup gak serius,1
kalo tanya tempat asik pulauwin dong,1
kayak nemu tempat cocok banget pulauwin,1
bilang mager padahal buka pulauwin,1
pulauwin tuh gak minta lo percaya lo bakal balik,1
jeda sebentar mampir pulauwin dulu,1
pulauwin tuh kayak sahabat jam jam ngelamun,1
pulauwin gak ngajak ribut bikin betah,1
pulauwin tempat lari lumayan waras,1
pulauwin bukan sekadar tempat lari jiwa,1
pulauwin kadang jadi prioritas,1
pulauwin tempat kabur nyata,1
pulauwin kadang lebih jujur realita,1
bilang random padahal rutin pulauwi n,1
mau tenang bentar buka pulauwin,1
pulauwin kayak lari halal,1
pulauwin tuh kayak tempat kabur paling adem,1
kali stuck akhir buka pulauwin,1
pagi pagi udah senyum gara gara pulauwin,1
pulauwin tempat ngetawain nasib bareng,1
pulauwin tuh kayak oase tengah overthinking,1
pulauwin andal tiap stuck hidup,1
gak ngalahin vibe nya pulauwin,1
gak perlu banyak alas buat balik pulauwin,1
satu satu tempat bikin betah pulauwin,1
jenuh scroll bentar pulauwin langsung adem,1
rame nya beda kalo pulauwi n,1
niat awal nyari hibur nyangkut pulauwin,1
pulauwin nemenin pas gak tau arah,1
kayak udah hipnotis tiap buka hp pulauwin,1
capek pikir coba selipin waktu buat pulauwi n,1
gak tahu mana pulauwin jawab,1
pulauwin bikin scroll gak sia sia,1
dulu skeptis sekarang malah betah pulauwin,1
bukan ngebet nyaman pulauwi n,1
gak jenuh kalau pulauwin sela hari,1
baru mulai udah gak henti dizzy pr0bet855 dizzy,1
mantap suhu probet855 partying face partying face,1
skketer zap pr0bet star star zap gokil gokil sih,1
spin sekarang panen besar pr0bet855,1
tempat nya sultan main zap pr0bet855 zap,1
gak sekadar seru nagih vibes nya pr0bet855,1
berkat probet855 ubah bantu rumah jadi milik cleaning service horse racing,1
akhir yg tunggu2 grin v pr0bet star v,1
nyala abangkuhh pr0bet855 fire,1
gak tau tiap buka pr0bet star mood langsung naik,1
terima kasih min v pr0bet star v wede masuk muscle muscle,1
modal receh jadi motor pr0bet855 emang gacor tiada tara alhamdulillah berkat pr0bet855 traktir keluarga hari,1
pr0bet855 rezeki beri pr0bet855 sungguh tiada tara nilai terima kasih allah atas berkat mu,1
game gacor pr0bet855 clap clap clap,1
baru minggu main pr0bet star star gue udah bayar uang kos,1
lo percaya gak temen gue sampe bikin merchandise pr0bet855,1
hadir jombang bg andre semangat terus sehat selalu lancar rezeki dizzy pr0bet855 dizzy pray pray fire fire,1
akhir yg tunggu2 star pr0bet855,1
sparkles pr0bet855 tada tuh anti stress pas banyak tagih,1
gue sih udah ga heran kalo p r o b e t jadi trending terus tiktok,1
dp w3d3 kalo thor311 mantap poko tada,1
zap sgi88 zap tempat ngadu nasib wkwkw,1
wah keren sgi88 baik menang mudah,1
min video lu baguss tetap pilih sgi88 cry,1
coba triangular flag on post sgi88 triangular flag on post gak ribet salam petir x,1
geloo sgi88 cair terus x100,1
rezeki sgi88 bikin hari lebih makna terima kasih,1
kerennn contentnya bang cari situs benar sgi88,1
emng bener kemarin udah coba probet hari mau gas ahh triangular flag on post sgi88 triangular flag on post kawan buah manis,1
star sgi88 bikin tagih,1
the best tahun sgi88 byar,1
thumbsup sgi88 hand,1
biasa sehat selalu kang semngat ngonten lancar segala urus salam triangular flag on post sgi88 heart,1
sgi88 bikin maxwin makin gampang,1
kalo gak tau pulauwin lo kira alien loh,1
team sabun people bilang hadir thumbsup,1
gasskuyy bang toing kata ga ruda ho ki badai petir fire fire,1
bandargaruda ho ki tegang gua menang 80jt woozy face fire,1
kaya farhan host batik kabur pas abis solat eid kata kena tipu temennya,1
eakk lngsng kasih narek star kusumat0t0 star basa basi brow,1
benar galak kali men trophy kusumat0t0 trophy bikin candu aja sangkin galak wkwk,1
kasi gaji sama mimin trophy kusumat0t0 trophy maksih banyak min sehat selalu,1
fire kusumat0t0 boom ni boy senggol dong,1
nanti fire kusumat0t0 boom keluar brooo,1
tembus digit main fire kusumat0t0 boom game,1
emng laen nih star kusumat0t0 star selalu jam sgini jepenya men,1
gak afdoll kalok ga pamer hasil fire kusumat0t0 boom profit,1
ga sia aku hari main trophy kusumat0t0 trophy jadi wede mayan lah,1
markide bolo tareek mag kusumat0t0 trophy eeeakk,1
bangun tdur udah kaseh resek nih sama star kusumat0t0 star,1
jgn linglung udah bikin candu sama kak star kusumat0t0 star wkwk,1
sumpah baru kali jmpa bo star kusumat0t0 star royal sini prayernya,1
izin bang trophy kusumat0t0 trophy kemarin emang jepenya luar biasa terus men,1
tangkap fire kusumat0t0 boom bikin pasar iri,1
bikin candu aja mag kusumat0t0 trophy,1
pucuk cinta tarik mag kusumat0t0 trophy tiba,1
fire ayo bukti sendiri ajaib manjurbet moneybag,1
moneybag main sebentar untung besar manjurbet emang beda heart eyes,1
moneybag sempat besar nanti langsung main manjurbet boom rocket,1
cari perspektif baru manjurbet layak timbang,1
gem gak lawan manjurbet selalu bikin menang slot machine moneybag,1
rezeki hari datang manjurbet makasih atas untung,1
slot machine mau menang terus manjurbet jawab gem fire,1
gem gak nyangka menang gampang manjurbet juara rocket slot machine,1
bar chart modal receh jadi sultan manjurbet money mouth,1
fire sempat besar nanti manjurbet money mouth,1
main santai manjurbet hasil bikin senyum lebar terima kasih banyak,1
asyik bangat main manjurbet lupa waktu,1
boom rezeki limpah ruah bikin happy manjurbet rocket,1
fire semua menang manjurbet bikin hidup lebih baik moneybag,1
boom baru main manjurbet saldo langsung naik drastis rocket moneybag,1
rezeki manjurbet sungguh luar biasa terima kasih tuhan,1
ampun fire kusumat0t0 boom numpang lewat puhh ga maksud sombong kok,1
ga bikin bahagia trophy kusumat0t0 trophy,1
pulu pulu mag kusumat0t0 trophy emang beda sob,1
gagal makxwinn gak masalah yg penting fire kusumat0t0 boom bikin tidur nyenyak,1
baru aja merem mata udah nak slayar aja ah emng paten ni star kusumat0t0 star,1
star kusumat0t0 star musim panen penuh berkah,1
luar biasa lah baru mag kusumat0t0 trophy mulai sambut gin,1
baek kali kakak awaak star kusumat0t0 star nih kemarin kasih uang jajan mulu,1
akhir uang saku akhir bulan slmatkan sama kak star kusumat0t0 star nih,1
rezeki gak kalau bocor mag kusumat0t0 trophy comet,1
umpan fire kusumat0t0 boom murah hasil mewah,1
recomen bagai tman star kusumat0t0 star guacor pis euyy,1
ga rugi bre kalau ga mau coba inti gua dah kasih bukti star kusumat0t0 star enteng cuy,1
teman star kusumat0t0 star nih,1
anjay ga sia tadi singgah trophy kusumat0t0 trophy soal manjain kali lek,1
paten bang modal kecil aja star kusumat0t0 star wede gede nih,1
terimakasih mag kusumat0t0 trophy player rewceh tarik kewceeh,1
ga pernah ragu sama nih bo trophy kusumat0t0 trophy tiap pecah selalu konek men,1
sehat selalu banyak rezeki sgi88,1
tetap mag kusumat0t0 trophy baik blush,1
ynag penting nekan tomboil mag kusumat0t0 trophy star2,1
nyala kaleeee breee mag kusumat0t0 trophy ahahahaha,1
drama apa nih dunia viewers alexis17 udah bahas bom,1
ganyangka bakal akhir kaya gin star metrowin88 star abang,1
pr0bet855,1
mantab main pr0bet star star best thumbsup thumbsup thumbsup mantab,1
muncul v pr0bet star v,1
temen kampus gue aja sampe bikin grup bahas pr0bet855 doang,1
tada pr0bet855 fire bikin hari biasa jadi luar biasa,1
saat main menang pr0bet star,1
lambat sedikit masalah gas braderr pr0bet star fire fire,1
berkah rezeki hari berkat pr0bet star star,1
nyari tempat healing digital gue sih pilih pr0bet star,1
sukses terus deh buat pr0bet855,1
pr0bet855 selalu punya fitur keren,1
modal pas pas hasil muas emang pr0bet855 paling ngerti fire sparkling heart,1
busett cerahh banget triangular flag on post pr0bet855 triangular flag on post encess sama koinya ngasih mulu,1
gelooo ngomongin star pr0bet855 cara daftar gimana kawan,1
makasih y pr0bet855 beres2 rumah nyepin pas dengar suara behhhhhh garang kaliii suara petir hahaha,1
moga pr0bet star star terus jaya ka channel nya,1
woooow menang besar star pr0bet855 star senang,1
apotik ga jual la obat kayak trophy kusumat0t0 trophy la inti,1
gak perlu pusing mikirin masa depan kalo udah join dizzy pr0bet855 dizzy,1
gue rela gak update sosmed fokus main pr0bet star star,1
1d trending gatuh tada pr0bet star star,1
trending gila loooo sob blue heart pr0bet855,1
main sunglasses pr0bet855 sunglasses nyangka rezeki langsung datang kejap,1
main santai cuannya nyata pr0bet855 emang gak pernah zonk,1
kalau tanya hibur bikin relax gue jawab pr0bet855,1
pr0bet star star memang layak jadi pilih utama,1
haadiir selalu mas pr0bet star,1
baek kali kak trophy kusumat0t0 trophy hari nih bntaran aja udah caer aja nih,1
ademm lurrr dpat ngisi fire kusumat0t0 boom hand,1
gak perlu kerja lembur cukup spin v pr0bet star v tiap malam money mouth crescent moon,1
kok gk spam judol kalau bahas joy joy joy joy joy joy joy joy,1
sukses selalu zap pr0bet855 zap bang blush heart,1
bang kalo comeback ff tuker nasib lagiii rofl,1
berita tutup kasus ijazah palsu moyai,1
sempet coba gak seman triangular flag on post sgi88 triangular flag on post sering ngasih wede bang coba deh cari aja google,1
masalah wni kerja kamboja serius banget kan bang negara bantu spti peduli frowning2 frowning2 frowning2 frowning2 sungguh sangat sedih sungguh kutuk,1
bang kapan tuker nasip,1
tadi liat komen selalu pr0bet855 masa iya satu panas panas nya,1
benefit pr0bet star star no limit,1
beres2 rumah nyepin pas dengar suara behhhhhh garang kaliii suara petir hahaha makasih y pr0bet855,1
sekali buka pulauwin lupa waktu,1
gue gak sibuk cuma mantau pulauwin,1
suasana hati ubah buka pulauwin,1
pulauwin jadi tempat nenangin kepala,1
pulauwin sekali coba langsung nyangkut,1
temen gameku kek bang udah tahun gada kontak sama sekali,1
inti lebih baik jadi penganguran negeri sendiri kerja pulang reng,1
mau kabur sebentar pulauwin,1
kalo jadi tki mnding yg pasti2 aja ky jepang korea taiwan jngn asean,1
pulauwin bikin waktu lewat gitu aja,1
abis buka pulauwin mood langsung balik,1
triangular flag on post pr0bet855 triangular flag on post boom naik terus kayak tren konten aesthetic,1
langsung trending launching gem gem pr0bet855 gem gem rame terus jam,1
pelopor wedeey cepat abad fire,1
gas trendingkan pr0bet855,1
sukaaa bangettt sama star pr0bet855 star,1
mantap makasih pr0bet855 sukses bikin gue kes,1
terimakasih selalu upload kak walaupun sibuk banget tada pr0bet855855,1
salfok sma kursi nya bang rizalmuk persevere,1
gw udah report komen judol hari total bang rizal raised hands,1
tim v pr0bet855 v the best cepet tanggap,1
untung besar bikin hari makin ceria makasih pr0bet855 skateboard,1
orang ko kerja ga mikir apa kalo ilegal basic nya masa iya kerja gaji gede les bahasa negara,1
emang gak se fair pr0bet star star deh,1
hari aja kejut pr0bet855 bikin semangat imp,1
liat googlemaps kota kamboja isi warung makan indo semua sana base nya,1
ubur ubur ikan lele gw jp pr0bet855 lee rofl rofl rofl,1
kok bsa gtu wkwkwkw pr0bet855,1
pr0bet855 jackpot tak batas,1
cuan nungguin depan mata spin sekarang pr0bet855,1
jackpot nih buru gas pr0bet855 rocket,1
ribet tinggal spin tunggu jackpot pr0bet855,1
main sama teman teman weton88 makin seru asyik makin banyak rezeki,1
keren id thumbsup gas kak weton88,1
min video lu baguss tetap pilih weton88 cry,1
ajakin abang w main weton benar g cor parah langanan hari sekali terus uang jajan cek google triangular flag on post weton88 triangular flag on post,1
star weton88 emang top markotop jp terus,1
ts yah tetangga w jp 10jt byar semenjak w main triangular flag on post weton88 triangular flag on post lumayan kalau mau cari an mah gampang,1
bng coba game zeus x weton88 gampang bet pecah,1
keren banget bang joy salam jepe star weton88,1
asli beneran gampang sc tter triangular flag on post weton88 triangular flag on post cari aja google,1
makin yakin abis baca review v v weton88,1
salam star weton88 gampang jepe sehat selalu buat semua,1
akhirnyaa tada tada tada salam star weton88 gampang jepe,1
fire sempat besar nanti toto328 money mouth,1
bar chart hoki toto328 bukti sendiri gem,1
moneybag jackpot nyata tipu tipu toto328 heart eyes,1
boom main santai jackpot toto328 keren rocket,1
fire semua menang toto328 bikin hidup lebih baik moneybag,1
main sini bikin kantong tebel toto328,1
gem sekali coba langsung cuan toto328 gacor banget rocket fire,1
bar chart menang besar gak lawan toto328 money mouth,1
prediksi toto328 untung datang kapan,1
aduh aduh bang roy kawan2nya inih emang g kerja apah ituh ijazah orang ngapain loe repot2 ngurusin lebih baik kalian bantu kasus mal praktek yg d alami anak laki2 yg burung d sunat putus rusak burung yg butuh bantu hukum bukan ngurusin lembar kertas buka mata mu roy cs,1
bodoh kali lah ente sdh bukti ciri2 ijazah kok nyebut kalau palsu apa bukti yg lihat,1
boom jackpot terus terus bikin happy tiap hari toto328 baik rocket gem,1
boom jackpot besar toto328 moneybag,1
gem hoki terus henti spin dikit langsung jp toto328 moneybag rocket,1
main toto328 bikin auto happy rezeki emang gak salah alamat,1
main toto328 siapa tau rezeki datang,1
parah banget toto328 bikin candu berat susah banget buat henti,1
zap semua menang besar toto328 gas terus slot machine boom,1
fire semua menang semua untung cuma toto328 moneybag,1
aku baru aja coba langsung dapet jakpot gede toto328 rasa gak percaya nyata,1
rasa beda toto328,1
enak banget pecah 25kbet,1
emang paling paten kalau main 25kbet,1
25kbet baik,1
baru wd juta 25kbet,1
situs tergacor 25kbet,1
25kbet situs satu bangsa,1
liatin temen wd 28juta 25kbet,1
kapan jumpa situs bagus 25kbet,1
bjirr wd 23juta cair 25kbet,1
25kbet ladang reejeki,1
perlu aku pr0bet855 salah satu situs baik acara profit sekarang,1
makin banyak join makin besar hadiah bonus pr0bet855,1
spin dikit cuan banyak money with wings yuk join pr0bet855,1
zap weton88 zap tempat ngadu nasib wkwkw,1
memang web baik se asia gak salah pilih cuma triangular flag on post weton88 triangular flag on post gni,1
weton88 keren banget blush,1
triangular flag on post weton88 maen santai aja tetep wedey juta,1
gak pernah gagal weton88 fire,1
mantap durasi panjang thumbsup thumbsup thumbsup thumbsup thumbsup cari weton88 google,1
seru nich weton88 cair terus blush,1
jepey gmpng banget weton88 star,1
streamer favorit heart selalu tunggu update baru grin grin semangat terus bang muscle muscle salam jepe weton88,1
jujur klo main mending weton88 bang,1
suka banget bang sama konten abang jangan lupa ences weton88 gampang pecah,1
salut bang keren konten salam jepe star weton88,1
sehat selalu banyak rezeki weton88,1
yoo coba weton88 modal 5k aja jepee star,1
thumbsup weton88 hand,1
sempet coba gak seman triangular flag on post weton88 triangular flag on post sering ngasih wede bang coba deh cari aja google,1
fire rame nih banyak jackpot star pr0bet855 star,1
wah makasih info langsung coba pr0bet855 lee rofl rofl rofl,1
money with wings event cuan dada pr0bet855 rocket,1
main santai hasil luar biasa wajib coba star pr0bet855 star,1
wah keren weton88 baik menang mudah,1
gw sih situs adil yah triangular flag on post weton88 triangular flag on post soal menang w bayar cash gak pakek lama,1
star weton88 bikin tagih,1
coba triangular flag on post weton88 triangular flag on post gak ribet salam petir x,1
money mouth weton88 money mouth,1
langsung weton88 bang joy cat joy cat,1
nyimak abang weton88 cair mulu grin,1
awal bangkit cuan weton88,1
gatot barusan coba langsung jatuh kali langsung aja cari situs triangular flag on post weton88 triangular flag on post,1
akhirrrnyaaa bagus konten abang luar biasa coba main star weton88,1
keren banget menang banyak weton88 auto libur mewah,1
pro aja bang weton88 thumbsup,1
cair terus kakak mantap banget cuan weton88,1
weton88 is the best heart heart heart,1
mending bang coba triangular flag on post weton88 triangular flag on post lama bayar wede w gak pernah masalah,1
barusan coba emng iyah sih wd aku bang makasih yah rekomendasi triangular flag on post weton88 triangular flag on post,1
gak pernah kecewa nonton video kamu selalu manfaat seru dp 5k weton88,1
konten gw tunggu habis pulang kerja gas ramai bro biar mledak vidionya salam star weton88,1
nih kasih ilmu main triangular flag on post weton88 triangular flag on post gak usah pusing pola gas main hasil wd dah gampang,1
gak perlu takut tipu kalo main dancer zap berlian zap,1
emang gak obat sih tagih main dancer zap berlian zap,1
emang gak dua sih dancer zap berlian zap,1
makin banyak rezeki aje kalo ngopi dancer zap berlian zap bagus semua game nya,1
ubur ubur ikan lele cair lee dancer zap berlian zap,1
tergacor dancer zap berlian zap,1
ss komentar kamu klaim garansi past wd id kamu dancer zap berlian zap saldo free hingga 5jt heart,1
baru bulan main dancer zap berlian zap hidup gue ubah derajat,1
bro lo udah cobain dancer zap berlian zap jamin nagih abis,1
gak perlu pusing mikirin biaya sekolah anak kalo udah join dancer zap berlian zap,1
baru minggu main dancer zap berlian zap gue udah bayar asuransi,1
bandar bola percaya lengkap pasar liga indonesia dancer berlian zap saldo free hingga 5jt heart,1
gak perlu skill marketing buat sukses dancer zap berlian zap,1
emang gak se legit dancer zap berlian zap sih,1
temen kampus gue aja sampe bikin grup bahas zap berlian zap doang,1
cuma cuma bukan sembarang bonus spesial buat kamu daftar hari zap berlian zap,1
lo ngeliat efek zap berlian zap gak sih kayak tren tiktok,1
bandar bola percaya lengkap pasar liga indonesia zap berlian zap saldo free hingga 5jt,1
udah banyak buktiin bonus gratis nyata kamu kapan zap berlian zap,1
eh kok tiap scroll story ig temen zap berlian zap,1
dompet tipis santuy bonus kasih gak pake modal langsung dapet cuan zap berlian zap,1
gue nyari resep mie goreng keluar malah iklan zap berlian zap,1
dunia keras bonus lembut gratis zap berlian zap,1
gratis bonus langsung deposit stok batas gercep zap berlian zap,1
gue suka penasaran zap berlian zap dominan,1
mau bonus gak perlu mantra mantra cukup cek langsung dapet zap berlian zap,1
berkat d ora77 call me hasil ubah nasib tukang bakso jadi bos restoran avocado,1
main santai dora77 fist hasil bikin senyum lebar terima kasih banyak wolf,1
lalu do ra77 boy ubah jual keliling milik warung kopi boxing glove,1
beneran nih cuma sekali main langsung dapet hasil gede dora7 hand kalian penasaran teapot,1
hasil nyata dor a zipper mouth antar antar makan jadi usaha restoran airplane arriving,1
modal kecil untung besar cuma do r a star struck mantap banget horse racing,1
senang banget main doratujuh tujuh stuck out tongue langsung menang besar hari reminder ribbon,1
percaya baru pertama kali coba d ora77 kissing langsung dapet rezeki gede rotating light,1
mantap jiwa main dora tujuh tujuh deaf person male sign rezeki nomplok tiap hari worried,1
main dora7 hand buat mampu lunas hutang hasil muas water buffalo,1
main d ora77 kissing mungkin ubah nasib jaja goreng jadi milik kafe carrot,1
main dor a yum beri solusi uang atas masalah hutang bear,1
main dora77 metal bikin dompet tebal rezeki limpah heavy dollar sign,1
berkat d o r a laughing lesat tukang ojek bos transportasi bowl with spoon,1
main dora7 vulcan beri sempat tutup hutang mudah rage,1
main d ora77 kissing buka jalan antar koran bos media tent,1
main d o r a disappointed relieved antar puncak sopir angkot jadi usaha egg,1
main do ra77 boy seru banget langsung rezeki duga rugby football,1
d ora77 rofl platform terus baru cheese,1
modal kecil langsung gacir do ra77 middle finger puas banget main sini apple,1
berkat dora7 neutral face lesat tukang jahit bos butik cricket game,1
mona4d bikin cerita ngena visual mantap rocket,1
mona4d bikin tagih gak bosenin boom,1
keren mona4d ken share konten clap,1
alhamdulillah mona4d bikin cerita relate pray,1
alhamdulillah mona4d bikin konten keren pray,1
mona4d bikin video tarik bikin semangat muscle,1
keren mona4d ken nonton clap,1
mona4d bikin scene bikin kagum keren raised hands,1
masyaallah mona4d bikin scene makna sparkles,1
masyaallah mona4d bikin konten inspiratif sparkles,1
alhamdulillah mona4d bikin hari lebih ceria keren banget star2,1
mona4d bikin video epic cerita ngena rocket,1
mona4d bikin video luar biasa makna sparkles,1
mona4d bikin vibe positif hibur banget sparkling heart,1
mona4d bikin cerita ngena visual top rocket,1
mona4d gak dua bikin tagih boom,1
mona4d bikin video memorable keren fire,1
mona4d punya daya tarik bikin semangat muscle,1
wow mona4d bikin beda inspiratif bikin semangat muscle,1
alhamdulillah mona4d bikin konten mantap pray,1
mona4d bikin video seru sukses terus star2,1
masyaallah mona4d bikin konten makna sparkles,1
keren mona4d ken nonton ulang clap,1
mona4d bikin video hidup hibur banget sparkling heart,1
tanah janji tanah papua heart heart heart heart heart,1
cuma mau bilang lo cobain pulauwin sekarang,1
gak bosenin sama sekali kalau udah buka pulauwin,1
gue udah punya tempat nongkrong favorit versi online pulauwin,1
lo gak bakal tau seru cobain sendiri pulauwin,1
gak ribet tinggal login langsung nikmatin seru pulauwin,1
kalau tanya hibur bikin relax gue jawab pulauwin,1
refresh otak tiap malem bareng pulauwin,1
awal penasaran sekarang malah gak lepas pulauwin,1
awal cobain sampe sekarang gak pernah nyesel kenal pulauwin,1
awal ajak temen sekarang malah gue ngajakin orang pulauwin,1
bikin beda atmosfer pulauwin,1
malem minggu gak mana tenang pulauwin temenin,1
cari suasana baru dora77 coba joy,1
malam untung banget main dora77 hasil luar biasa parachute,1
berkat dora77 dapat dana kembang usaha angry,1
beberapa guna catat aspek komunitas positif dora77 butter,1
mantap jiwa main dora77 rezeki nomplok tiap hari worried,1
jakpot besar banget dora77 recommended banget buat cari hibur squid,1
timbang jajah dora77 harga komunitas rasa milik curry,1
probet855 emang top modal 50rb balik 5jt gak boong rocket money with wings,1
alhamdulillah hari cuan gede probet855 gak nyesal jadi member raised hands,1
probet star star bikin kantong tebel tiap hari recommended banget heart eyes,1
gak percaya cobain probet855 jamin gacor loss cuma mitos joy,1
udah bulan main probet855 hidup makin berkah tada,1
probet855 tempat sultan gak main sini tinggal zaman crown,1
modal receh untung mewah probet855 moneybag,1
awal ragu sekarang malah nagih sama probet855 gak stop sweat smile,1
probet855 kayak mesin atm tinggal klik duit masuk atm,1
gak ngalahin probet855 beneran cuan tiap hari fire,1
baru join probet855 langsung dapet jackpot rejeki nomplok slot machine,1
probet855 bikin malem minggu makin seru gak perlu keluar rumah house money with wings,1
bilang probet855 gacor emang beneran udah buktiin sendiri heavy check mark,1
gak percaya probet855 bikin kaya nyesel deh kalo gak coba triumph,1
probet855 kayak pacar setia selalu kasih cuan heart,1
gak drama cuma cuan probet855 rocket,1
probet855 solusi finansial baik gak percaya loss dulu laughing,1
judi mimpi mending main probet855 beneran cuan,1
probet855 ibarat toke digital modal dikit untung gede money mouth,1
gak bakal move on probet855 udah jadi sumber rejeki pray,1
pulauwin surga cuan deposit 20rb wd 2jt gak boong island dollar,1
baru minggu main pulauwin udah kebel iphone gila mobile phone,1
pulauwin bikin hari hari anti boring seru untung mulu video game,1
gak ngalahin sensasi menang pulauwin nagih banget heart eyes,1
pulauwin tempat nongkrong favorit santai cuan coffee moneybag,1
awal coba coba sekarang malah candu pulauwin gak lepas sweat smile,1
pulauwin kayak dongeng jadi nyata jackpot tiap hari trophy,1
gak percaya pulauwin bikin kaya cobain dulu baru komentar triumph,1
pulauwin kayak mesin duit tinggal login wd langsung cair money with wings,1
gak perlu kerja keras cukup main pulauwin duit ngalir sendiri ocean,1
pulauwin bikin malem minggu makin asik gak perlu keluar rumah crescent moon,1
bilang pulauwin gacor emang beneran udah buktiin sendiri heavy check mark,1
gak ngalahin pulauwin beneran cuan tiap hari fire,1
pulauwin ibarat toke online modal dikit untung gede money mouth,1
gak bakal move on pulauwin udah jadi sumber rejeki pray,1
dora77 rejeki nomplok baru minggu udah beli motor motorcycle,1
alhamdulillah berkat dora77 utang lunas hari money with wings,1
dora77 bikin hidup makin warna jackpot tiap jam rainbow,1
gak percaya dora77 bikin kaya cobain dulu baru komentar triumph,1
dora77 tempat menang gak main sini rugi trophy,1
modal receh untung mewah dora77 moneybag,1
dora77 kayak dukun modern ramal selalu tepat crystal ball,1
gak drama cuma cuan dora77 rocket,1
dora77 ibarat toke digital modal dikit untung gede money mouth,1
gak bakal move on dora77 udah jadi sumber rejeki pray,1
dora77 bikin malem minggu makin asik gak perlu keluar rumah crescent moon,1
bilang dora77 gacor emang beneran udah buktiin sendiri heavy check mark,1
gak ngalahin dora77 beneran cuan tiap hari fire,1
dora77 kayak pacar setia selalu kasih cuan heart,1
gak percaya cobain dora77 jamin gacor loss cuma mitos joy,1
