clean,label
mobil udah hancur pleading face,0
moga lekas recover mobil mas dipo,0
sekarang udah brp dislike thumbsdown thumbsdown thumbsdown thumbsdown thumbsdown thumbsdown,0
keren bngettttt,0
atas gd mas asc monster sweat smile,0
makantuh tengah jam,0
rasa dengar orang kampanye sweat smile,0
orang presiden joy joy,0
kesel gue pas kepala babi malah bahas perang dunia blunder,0
banyak kata lumayan,0
buset menit udah kalah aja mas panji rofl,0
truck ev blm,0
baru tau barusan gue ikut dislike joy,0
kocak banget lu nji wkwkwkwkwk,0
nonton sila dulu baru kesini sweat smile,0
ishowspeed pernah review,0
manusia biasa joy joy joy joy emang,0
jokowi mulu sebut,0
who hurt you sweetie heart,0
kalo mazda paling suka cx,0
pt apa bang,0
gilaaaaaaaaaaa,0
dapat,0
worst president ever,0
youtube premium,0
asli gd baik sukses terus gd fire fire fire,0
bg sekal cobain drift 180sx gp sports,0
plango plongo doang yg bikin gereget ken sikut biji mata joy,0
ngakak gua ngab ovanfebrian f1f,0
only one word that i wanna say yakan relieved,0
gasss sih bikin motor ala jejepangan wkwk,0
kmren milih siapa,0
jairo,0
juta doang bang pesan unit joy,0
dulu ni orang ngomong mana point sama bapak e,0
uang rakyat gk nih joy,0
mbg kak bukan mgb,0
mobil akang mv gt86,0
hindar tanya kyk ngehindar debt collector aja joy,0
kalian sadar gak sih kalo jokowi gak pernah podcast mana,0
mhhaekal mah emang caper aja akun punya sendiri coy,0
nyobain barang aneh eps kapan dih bang,0
wakkaka si usak mobil kan joy,0
lcd nya mahal apa coba sweat smile,0
kasi rakyat indonesia punya wapres kyk gin sweat smile,0
ngeri bang gk lepas joy joy,0
ken tertawa tp tak tahan takut,0
prabowo tu negarawan sejati brow heart heart heart,0
layak like tertinggiii,0
gua ga fokus sama nya sumpah,0
orang penasaran aja yg beli hp,0
anjer langkah kalah wkwkwk,0
tuju nih modif motor,0
jamin bakal lebih ngaco,0
ngak punya kapasitas,0
kan emang lgi setting ksna sm pdip,0
malu memang jadi budaya bangsa,0
orang mancing bang,0
anak abah pedes2 ngomong nya,0
bicara demografi demografi endas iku sweat smile sweat smile sweat smile,0
eflfive7329 ngomongin fakta aja sih,0
dislikenya sembunyi,0
rear item diffuser wing apa,0
kagak usah panjang komennya si fufufafa kagak bakal nyambung,0
gua lebih suka jawa pimpin,0
siapin mental pak buat nyusul kayak mertua presiden korsel,0
lucu banget joy joy,0
udah lama ngga garage vlog,0
bang buat perang makan dong bareng pandu winoto,0
m rakhapa hooh harga suara palsu 60jt,0
dimasseto7248 kamu tau ketawa karir,0
falihrahman9340 ngomong apa njg wkwk,0
i phone nang liat harga huawei,0
apasih buzzer cumi,0
ga bayang gmn ziko kalo ngemodif motor tunggu,0
keren pak ahok joy,0
subaru crostrek dipo crash formula drift dipo kalah,0
ga pasang lampu rgb bang rofl,0
sad but trueeee,0
kawan terlalu sedikit lawan banyak joy joy,0
the best skakmat sip,0
tunggu konten modif motor,0
gak usah,0
sipaling proses,0
gokilllllll,0
beli iphone samsung lah,0
kasihan wapres ngga malu jg,0
gokill rata kanan,0
enk bgt omong orng duit cry,0
jebe tak ambil mas joy joy joy,0
wkwkwkwkwkwkw,0
yok d dis like,0
iphone ketar tir liat sweat smile,0
kalo besok2 sulittt,0
jangan ngehate mas gibran,0
kesini cuma buat mau bacain komentar nya sweat smile maaf,0
we love you btp,0
ini presiden yg kalian pilih gess,0
tim esia hidayah,0
anies gak usah ngelawak,0
bayar berapa,0
wah bakal jalan strobo nih wkwkkw,0
ga bayang bakal sekerenapa kalau brz v8 nya obel tandem sama br ziko,0
ternak mulyono gaji pake uang pajak cuman buat video tipu tipu,0
pinkgangsta6157 sumpah bagi kyk ga masuk otak aku dlu,0
broom 404 yaah generasi gk guna move on doong rofl,0
nyari krja susah smpe orang tua bantu nyariin kerja joy joy,0
komennya langsung serang buzzer nya,0
s15 mesin r35 heart samaa gtr r35 emasss damn,0
cumi2 g bang,0
tim yg udah punya sblm riview,0
akhir jago masuk indo selamat jalan samsung iphone joy joy,0
mercedes tetap konsisten ga ikut iims sweat smile,0
kesini cuma mau tekan tombol dislike,0
minimal nyimak kalo mau buat bakal up chanel pribadi,0
ga siap gan,0
real ahahahhaah,0
hidup jgn pesimis bro semangat tetap optimis,0
chudoriagung65 anis pdip lu nglantur ngab,0
jaka sembung bawa golok,0
aku timur barat,0
cuma bikin risih org,0
lucu lawak,0
warna pink,0
jasa skip,0
power trainnya sama memang,0
menit ahok udah skakmat kan terus udahan aja acara sweat smile,0
budaya nonton habis paham,0
hahaha gak punya chrome joy,0
sejak awal bro ngelantur,0
lol moga versi gibran wkwkw rofl rofl,0
hape terooss,0
tunggu2,0
jawab ttg bab1 masak,0
absen like nya udah beli hape thumbsup,0
gokilll sii,0
marahin editor bang openingnya jd kocak wkwkw,0
yng tunggu,0
munggu depan,0
tuju lanjut dialog wakil,0
gilak proper banget mobil obell,0
2x bahkan blush,0
terimakasih bang bantu sekali,0
lu nabung bro minimal buat beli suporter version,0
jadi kesini nih sweat smile sweat smile sweat smile,0
aturduit id sempat dimention sama uni lubis,0
sangat fiktif banget ide,0
hapus link w,0
komen paling akurat champagne glass,0
eko satrio it s satire,0
status kirim sedang kemas,0
wkwkwk cepet udh korban citra kdm,0
sedih wajib kir gue,0
motor aja setinggi headlamp depan bayang besar sob,0
pagi pagi dah dapet kejut fire,0
varionya dnmotorshop in frame sunglasses,0
team selalu nonton jarang komen joy,0
wakil anies baswedan,0
valentinus resa sana biar vibesnya jadi beda,0
moments nya asa fd heart heart heart,0
jangan judol judol buat loe miskin,0
omke gas omke gas,0
memang cakep sih fire,0
jadi gejala awal bagaimana,0
bang bahas oppo a5 pro a5 pro 5g apa,0
kdm ahok,0
omon2 angkat elektabilitas joy joy,0
gas modikasi motor,0
tombol dislike mana ni udh berapa ribu ko ga kliatan wkwk,0
suka bener kalo ngomong joy joy joy joy,0
klo lolos piala dunia laris manis nie jersey,0
tim nonton pake xiaomi relieved,0
next ust felix om pandji,0
lu diem kagak ha ndak usah nyepam lu,0
kelas david gadgetin heran heran rofl,0
gila bang dipo keren bgt mobil,0
tanya paling keren seru tektokan nya mba nana kelas emang,0
masa depan in tablet sekaligus hp,0
ngeri suara nya,0
kecewa dengar jawab ruu ampas aset,0
apa yg punya erigo,0
keren bnget,0
ga mercy iims,0
sukses terus sehat selalu om fitra eri om mob,0
mending nonton tiktok sweat smile sweat smile,0
sabar lh dngn pilhan mu joy joy,0
sangat inspirasi jalur cepat jadi wapres,0
faa3457 k9l santai wae kok koe sewot,0
biar kutub masyarakat pilih,0
pebriyandwip5830 apa contoh nya,0
emang paham pak joy joy,0
poin solutifnya sembunyi dislike,0
mantap nih mas,0
kayaknyq mqs ismail terlalu lebih dah,0
lah naif kau pilih partai dukung nya,0
jalan2 keluar negeri ga bahasa inggris rofl,0
yg belah organ kamboja kaburrr yok bisaaa,0
velg nya pakai semua jadi nya copot dulu brz joy,0
selera dipo mah emang g pernah salah,0
narkoba presiden sih oknum2,0
makanya bikin pertanyan to the point joy,0
dah pesona memang jodoh laksana hand,0
sekitar tangerang raya outlet resmi erspo ga tau yg disenayan,0
lebih doang bang biji joy,0
emang pak wapres ngerti cara pola pikir,0
retnowulandari1737 dah,0
mah bukan mobil moowwwwbiiiiilllll,0
wajib review supra sih gua keren banget soal,0
ga m,0
gin contoh sdm rendah ngerti isi bicara presiden,0
mulu heran gue,0
mobil nya keren spek mantap buat drifting,0
terima kasih nonton mas,0
nade bang mbois ilakes,0
org dang mending mikir 100x,0
alhamdulillah,0
juta ajaa,0
gila asli mentok kanan banget mobil beuh,0
how to purchase in india help please,0
salfok sama kerah tinggi belah,0
moga beliau beri jalan yg atas,0
haduhhhh mending jangan,0
om mob s epic moment,0
dapet perek uzbek biji,0
ken banget liat honda cs1 modif adventure ala ala atenxkatros,0
nya kayak kenal punya akang mv kan bang,0
tau bgt nih panji jgn malu2in lah bang pandji,0
kapan akhir ikut pak,0
nathankirt376 waduh extratime kaya ka,0
wow pantas hitung,0
wkwkw aneh yak liat,0
hari jumat gada video nih,0
gue ken asisten bilal asmek,0
test dong isi full bensin listrik tempuh brp km aktual,0
gokil 2466 lah trus manggut2 raut muka gitu tanda apa,0
you spit fire bro fire fire fire,0
harus pake backsound eeeeeee aeeee aaaaaa,0
lambo lbwk,0
izin nanya alas kaum pilih pak prabowo apa cry,0
info kak gua mau kabur dulu wkwk,0
tugas kuliah,0
keren banget bang dipo scream lebih keren bumper depan sangarin,0
ber tele tele,0
ismailadrian f2e tahu apa tahu bulat,0
adnansaputra f1c sdm rendah bgini jngan buzeer,0
waktu yapping,0
omong opo bran gibran,0
lah iya yah biasa jumat sore,0
ser lakon yg ngaco lhu,0
juta cuman bilang aja joy joy,0
kaya denger kake gw cerita pas lebaran hand orange covering eyes,0
tempo kaga ajak anjayyy joy,0
mainset apa dah zer buzzer sibuk jawabin satu2 wkwk,0
mio sih seru,0
mana sih video asli,0
gass mas bikin modifikasi motor bosan mobil terus joy,0
salfok sama rollroyce yg belah nya sob,0
tumben banget sweat smile,0
kosong bener,0
udah coba validasi data blm pak yakin gada gap,0
orng2 yg beli nih hp udh ga mandang servis nya rusak ganti baru,0
baru aerox ngorok gokill mr atenk,0
ishowspeed beli kemarin pas china cry cry cry,0
bukan mobil koh william,0
no hp nya keren maju maju bos bos tada,0
sya liat peluang raut wajah bapak,0
bang coba beli hp ip toko pstore riview,0
bro you tell too many facts and realities,0
om review mobil koenigseg jesko yg baru datang tda dong sweat smile,0
angeliart buzzer hoam bgt jangan obvious bgt lah,0
wapres ganti ai aja,0
tonton,0
komen basi gin,0
meded pis bro mantaaaaaapppp love you gesture love you gesture love you gesture love you gesture,0
arcturus1893 biasa orang tua emang gitu tanya apa jawab apa,0
nyala wiiii fire fire fire,0
bang ziko modif motor langsung rata kanan joy joy,0
najwa sihab the real mvp tanya bobot jawabanya narkoba sweat smile kasihan,0
aakhirnya david jajal huaweiiii smiling face with 3 hearts heart eyes,0
gas modif motor channel ziko,0
sakit mobil emnga elu joy joy joy wan wan,0
buahaha mampir baca koment video pause joy,0
tengah nyindir,0
ribet bngtt sii konsep,0
fix abis gua bklan beli seblak relieved,0
lambo lbwk nih,0
salut bgt jurnalis nahan diri buat ga gebrak meja,0
gimana gua skat lu mati joy joy joy,0
larchy1324 iyaa emang laksana paling top karoseri mah ecek ecek,0
prabowo stress,0
bikin pusing pala,0
over fender kiri gap mas kanan rapat,0
kesini cuma buat dislike doang,0
kayak nya kalo tanya masalah joged oke gas bakal lebih nyambung,0
lebar panjang gagah kuadrat lah poko,0
mah cuma omon omon ndusma,0
mobil dipo gimna tuh,0
wkwkwkwkkwkwwk,0
mr a still the best,0
napoleon pakai kenalpot modif,0
vidio pause lihat komen,0
ikut jamaah dislike joy joy joy,0
adipatijoyokarto kasi akal sehat lo,0
wih subaru brz driftng suara paling gokil v8 dash dash dash dash fire fire fire,0
ken liat konten crostrack mas dipo crash,0
aja beli indonesia joy,0
gasss bikin konten motor,0
kereennn bageetttt bang boom boom boom boom boom boom boom boom boom boom boom boom boom boom boom boom boom boom boom boom boom,0
menit langsung skakmat,0
salam jwaselatan,0
anggorodps 9 coba jelasin wir apa yg lu tangkep prabowo,0
gg lu bang joy fire,0
parah forza nali,0
mba nana paling greget tpi sayang jawab tdak sesuai harap,0
kaki ridwan knp,0
besok beli ahhh smiley,0
soal makan gratis ntt pas bapak udah selesai masa jabat joy joy joy joy,0
kali gak ngehh pak ahok joy joy,0
mantap fufufafa,0
berkat ntn jd dpt nick name baru utk pak wowo macan sirkus joy,0
pinter cari uang kalah pinter hemat uang,0
gema 17 buzzer nyuruh ajar guys tepuk tangan in dulu yuk clap,0
akhir tunggu tunggu fire fire fire,0
ribu dislike pirsa hahaha,0
dislike sembunyi,0
harga nya brapah om insyaallah tahun depan beli,0
magnum pride,0
remuk kaya kmaren bang,0
boikot gibran,0
judi online sekarang spam youtube face with symbols over mouth,0
coba hitung brp kali om mob om fitra nyanyi lagu ali on,0
serah luu ae person facepalming,0
lihat jelas waktu debat capres kemarin kualitas,0
ambil hp nya langsung ludahin bang joy joy,0
rezaardiansyah69 loh yt emng gk ngehasilin duit bro,0
ganggu banget mobil tot tot nyepil,0
apa tanya ai jawab,0
puas mandangin ganteng,0
macan udah ompong pak,0
minggir lu miskin joy,0
nonton ny huawei matepad smile,0
uni lubis nyeletuk supersemar sweat smile sweat smile sweat smile,0
yuhuu salam kalbar,0
menit kata abang ojol bang udh bang gw bkn lawan lu joy,0
hasil kamera mantep sih pas daylight cakeeeppp,0
durasi kurang lama,0
mntap poll panutann,0
support sama m pencil ndak,0
one of the kind ahok brainy honest kind heart pray,0
dpt salam dr alex joy,0
juju3907 udah kapan zer,0
tahi sekali,0
tuju kingfinix sunglasses,0
lucu banget diomelinn wkwkwkwkw,0
spill mobil dipo dong,0
puma speedcat bikin ngiler,0
bonus bapak luuu,0
halah kerja minta cari sama bapak,0
gabisa jatuh dicurangin doang wkwkwkwk,0
daaaaaaannnnn,0
adesendyfirmansyah8647 betuuuul jdi yg omon2 sebenernya siapaa yaa,0
yo ndak tau kok tanya joy,0
luar biasa bpk presiden,0
susah joy saing gibran joy,0
lihat banya gak mutu,0
emot apiiii,0
mantap gd thumbsup thumbsup thumbsup selalu jadi panutan driftter indonesia heart eyes heart eyes heart eyes,0
mampir sini cm mau nitip jempol balik,0
sayang bgt velgnya takut face velgnya nabrak pas tandem wkwkwk,0
laku lebih makna omong,0
w jual yg kw harga jangkau,0
velg bagus dikomen ngantuk sama org2 yg gapunya taste kacaaaww sweat smile,0
allahumma sholli alla sayidina muhammad waala alli sayidina muhammad,0
kagak mutu sama sekali apa nih,0
ikut spaa tau dpt kaos,0
manteb banget banyak carbon wide body keren abis,0
mana crosstrek moyai,0
mobil raksasa hummer memang mobil mobil buas banget,0
inti kerja kerja kerja joy,0
nmax lipat tiga coyyy,0
malah bagus arogan arogan koruptor pantes tuh,0
aku beli kemarin 55jt an,0
gw lg toko hp bang lgi milih warna mau beli,0
bang riview hp vivo y19s pliss neutral face neutral face neutral face neutral face neutral face neutral face neutral face neutral face neutral face,0
global ndasmu zany face zany face zany face,0
luar biasa presiden jam jawab tanya duduk non stop smile,0
motor luster wak masuk vlogg wkwkwk gokill,0
berantas korupsi pertamina jadi tanda tanya,0
masa depan loe aja kali yg gelap indonesia mah kaga joy joy joy,0
gass modif motor bang wkwo,0
kalo bukan islam ga jadi presiden wakil presiden mungkin,0
mah baca tex,0
tunggu video driftnya,0
kak awas bilang pasu sakit hati wkwk,0
emg co itu orgnya joy,0
cakep bener,0
makin keren aja pesona bareng laksana,0
nemunya titik gelap cry,0
kayak tugas kuliah aku joy joy joy,0
ngantuk yg sama,0
satir sadis agan wkwkwk,0
garasi drift punya mobil stance livery rame,0
kdm jangan masukin jabar butuh sosok beliau sweat smile,0
siapa emang,0
bg next review lexus lfa bg,0
kok yng komen banyak yng sinis yaaa,0
siuuuuuuuu,0
ikut bangga mas dip,0
team dislike handshake,0
bang yg pake motor sama temen,0
kesini cuma ken baca komen aja tp video gak tak lihat muak,0
trending sih ini gua,0
lah kok gin gk nyambung,0
kira genang air tadi moyai,0
episode paling senang tonton dr yg sip,0
crostrek nyaa baaaaaang,0
bang bahas mobil lawas aja bang udah bosen sama ev ev,0
awkwkk fix gua gada bakat jadi jurnalis hebat respek joy,0
hahahaha artificial sukses nepotisme joy blush,0
tuju emg jelas sih buka lowker buzzer wkwkw,0
ga build impreza aja sih,0
beranta,0
wahh pantes anak ahmad sahroni sweat smile,0
gila sih keren bener,0
wi wort de tok not onli tok detok,0
pabrik kahatex,0
baru realis udh cres cry,0
gilaaaa seruu bangetttt,0
air ev hitam good thumbsup,0
gaada banyak sponsor kelassss,0
apple salip sama huawei,0
tukang shotingnya kbanyakan review orang drpd mobil joy,0
harus lipat sih biar sekali jadi monitor,0
ngomong apa jawab apa joy joy joy,0
yaelah jii jii menit harus tuh wkwkwkkwkwkw,0
lanjut oneplus 13t bng,0
klau buat keluar kota mobil gkk,0
koq mati skak pakai apa,0
bicara bukan presiden,0
the best tada tada tada,0
bonus asam sulfat paman mk,0
tambah lampu neon pink mas dipo mobil,0
najwa is cooking fire fire,0
mau bikin hp 5pintu lebih canggih lg sweat smile sweat smile,0
pfffttttt,0
sx gpsport mesin buat serapih s15 vr38 bang,0
mobil baru jadi rusak cry semangat terus bang buat final lanjut nya muscle,0
gw kira parah bapak lebih parah joy,0
bawa powerbank bang joy,0
iri bos bapak nya situ ga kaya kasihan miskin wkwkwk,0
anies ngucapin bela sungkawa pope francis aja kaga joy,0
kaum dang mending mending pilih byd jaecoo mas,0
kalo buzzer msh pelihara susah kak dpt pimpin yg bagus face with hand over mouth face with peeking eye,0
iya anjer gk nyambung bgttt jd kesel sndiri gw dngerinnya sob face with symbols over mouth,0
pernah pake daily huwawei ko,0
mimpi apa punya wapres kayak gin,0
nontonnya cepat berapa,0
ganteng proper parah si bang demen liat nya looks nya nice,0
da kebel sempak baru joy joy,0
pisaulipekstikerbatam emang pinter gak milih prabowo,0
kalo suara koh ahok kagak serak udah jadi presiden kek,0
mascar007 lahhh gaji buat nyari solusi,0
pokok hilir,0
merinding liat harga joy,0
keren banget mobil drift nya bro heart heart,0
nah bener kan kurang gede ga sih cuma opening doang gede,0
klo cuma baca text mah semua rofl,0
dri dulu mah,0
takut sama tuhan modal utama,0
pelihara anis,0
gas beli mio bang rofl rofl rofl,0
uni lubis deserves man of the match sweat smile,0
bossnya juragan priok mah kecil,0
cape banget,0
kdm mulyono in another persona joy,0
mas wahid sang filosofi livery bus,0
lama lama dah kek pc sweat smile,0
bicara penting x penting bicara white check mark,0
kasih tanya abcd malah ngejawab esay joy,0
tugas kuliah lebih baik,0
gasss fire fire fire,0
mandaloriaan how dangkal narik simpul,0
sama chery sphev bagus mana om blush,0
real okon omon prabowo,0
kencang parah drooling face,0
kereun sih model jok gila bagus banget grimacing grimacing grimacing,0
eh kirain tiap jumat dong uploadnya,0
huawei mah udah beda level ama hp china,0
allooh tanya apa jawab apa ampyuuuuun deeh,0
marahin bang wkwkwk,0
yutub gak sih hapus aja video gak pantas kali joy,0
kalo la diva aa ikut diskusi lg seru,0
gw dah nebak skak mat langkah wkwkwkwkw,0
sumpah jam rasa isi daging semua thumbsup thumbsup,0
openingnya about you,0
peterrrrr f7f orang balap jg udah tayang dr td,0
cakep parahhhhhhh sob sob,0
h putra ahmad saron kalau modif rata kanan joy blush,0
wkwkk kalau pandang benci benar apa lihat,0
sabar allah smiling face with 3 hearts smiling face with 3 hearts smiling face with 3 hearts,0
ga espek kalo jadi ganteng mirip mobil really,0
yg jelas ipong lihat jadulnya joy joy joy joy,0
larry chen spotted doi jadi rajin south east,0
demo provinsi siapa yg kuat biaya sih wkwkwkkwwk,0
harus petrolhead ganti jadi electrichead,0
rafy250rr mau buat somalia apple apple joy,0
sek mas susu anak luweh penting timbang jersey ori,0
tuju indonesia emas 2045h fire fire fire,0
weee mukhlisina ngk main hp lu nyuci baju aja,0
sangat malu punya wapres,0
gas riview supra,0
nyimak full keren bicara bang pandji pak ahok,0
ipk koma apa joy wapres hasil bapak,0
menit berapa bu uni lubis nyeletuk supersemar,0
bayar berapa komen begini goceng gak cukup buat makan hari,0
sok tuku lak ora kawanen masalae nganggur mbangkong,0
muda prestasi bukan minta relasi cry,0
bingung mobil keren keren,0
pak wapres hebat ilangin dislike puluh ribu dlm hari joy,0
yapping yapping joy,0
anak ngomong apa sih,0
buka recaro bangkrut yak,0
esemka mana esemka joy joy joy,0
bagus buat nonton mu yg kacau epl sweat smile sweat smile sweat smile sweat smile,0
lockysigarlaki163 tuju ahok cocok sama aguan udah dulu akrab tuh,0
pemuda suruh tangguh kerja keras tp yg ngomong bisa,0
yg jual kulkas ortu jg banyak joy,0
didik butuh makan margono joy,0
ga isi kepala cuma baca teks doang anak sd,0
thanks bro the use vf,0
2gd item ga sebut bang joy,0
antosp1869 saing iphone bang,0
ekspresiny bikin gemes rofl rofl rofl,0
ayo cherry jaecoo sponsorin trio reviewer biar bal,0
bellayabyikka kan admin team youtube khusus,0
tempo ngeri bang hit pertama ulti,0
kdm dong bang gubernur sangat cinta warjga jabar,0
jawab nya memang bener bener orang tua kolot,0
meetnitelive serius tanya jawab langsung masak aja tada tada tada,0
heart heart heart jangan judi teman teman blush blush blush,0
yok om mob om fitra om ridwan aceh,0
harga 50jtan aja,0
wet bumper apa tuh pojok kiri bawah,0
kalo bus wisata pesona nya pakai ap lihat elegan joy,0
cape banget liat begini tiap waktu,0
triliun hasil nya gin doang sweat smile,0
ga orang orang jadi dpr sih,0
mobil anak sahroni yah bang,0
baik abang,0
khusus mbak nana cuma kasih waktu menit,0
harap turun bukan fufufafa naik,0
alamak cbr gw kalah harga sama hp joy,0
udah pura pura gak liat aja,0
bagus podcast demam tinggi joy,0
seres eh saras,0
idem dislike berapa kali yaaaa,0
kapan kapan bikin futura spek drift dong joy,0
ganteng banget tada tada,0
balum liat video aja udah gua dislike,0
miris keluarga benci negara,0
anies jauh bawah pak basuki,0
sorry q rakyat q dulu coblos prabowo karna gibran,0
2jm nyampai gw,0
mobil bagus masa depan,0
apa daya tak milik orang,0
we te ep banget emang gokil,0
wkwkwkwk preeeettttt,0
mobil china bagus2 semua model aneh2,0
giat wajib acara event giias iims bareng om mob,0
buang buang waktu ujung ngeselin,0
wkwk bener,0
kosong isi ceramah hokage,0
hebat tetap pilih rakyat infonesia,0
wiiiiiiityy,0
murah njirr china aja y23 arti 52jt,0
kece bgt lo bang bim,0
first point up point up,0
poin nya lincah adaptif kata balita suruh lincah joy joy joy joy,0
mental sang tarung https youtu be usvjql7jpfa si iefv1lphu8fcykn,0
sering sering dong om colab kalau ngereview seruuu nontonnya,0
firts bang,0
kalau sendiri bicara lancar kok ngak berani tampil kampus,0
shoot cameranya awal aneh,0
tim beli tada,0
numpang tenar yg hits open mouth open mouth,0
ngakak cik,0
siapa semua yg udh pilih kaya iat,0
undang bang adiaaaannn,0
thx mas atenx saluting face,0
gw liat player pubg yg make,0
fate v9f apa apa kok dikaitin game joy kocak pasar aja beda,0
dua sama pak mau gimana ga da pilih,0
bang bilal suruh olahraga bang biar ttp sehat,0
dukung anies ahok fire,0
bahas vivo x200 ultera dong bang,0
bener ngakak gw dengernya padahal dengerin kerja rofl,0
makhluk halus,0
alwayssss si bapak tehhh sob sob sob,0
asc kan panjang ahmad syahroni center joy,0
tanya presiden gk punya tim yg bacain berita,0
kentut kosong,0
baru rp kumpul semangat cari sisa joy,0
anies x ahok ges yaaa,0
dongeng si momon,0
kdm ga masuk radar bang panji,0
menit jm paling lucu hahah,0
sayang ga coba main game,0
bagus modif yah guna masyarakat kebun,0
maizarindra498 ngakak maaf gak aminin hehehe,0
sunnysun7064 ahok aguan cocok udah akrab zaman proyek proyek dki,0
beliau seperti memang udah sangat sepuh,0
ziomarklie presiden kdm,0
sobat kuliner udah bilang bang ahok mau legislatif,0
blitar,0
dislike nya ga liatin joy,0
jempol pertama apple kok gue sindir vid,0
kapan gak bakal ridlo maafin orang,0
main catur cepat duniaa laughing laughing,0
salesny bilang saran kasih solar klo ngasih solar toyota,0
ampun suhu,0
anis pinter ngomong doang gabisa kerja sylmentan,0
judul lebih cocok prabowo omon omon,0
lululala3532 ga jg si rofl,0
episode tergokil fire fire fire,0
gas ngab zikoo konten mio joy,0
garasi drift on top fire fire fire,0
my brother heart heart,0
nungguin ahok nyapres,0
anak abah2,0
kelas emang duit dpr v,0
bilal on top,0
hahaahahahahahahaha,0
viewnya kq gak nyampe juta rakyat pd gak tarik sweat smile,0
tombol like ziko bangun motor utama mio sweat smile sweat smile sweat smile,0
apa benar isi kepala sendiri joy,0
lu aja jadi presiden bang,0
fyi gaes mobil remuk event tadi sore,0
tau tier turnamen drifter mula sampe pro,0
datuaksegala biasa bang benci debat jg gk menang,0
amfuuuuuuuuuuuuuuuun,0
jangan lupa ping komen,0
brz lebih keren gapake wing,0
gema 17 jubirnya nyuruh kompas makan kepala babi wkwkw,0
jadi,0
gaidomang nahhh kalau terlalu uncensored berabe,0
keren banget sukses thumbsup raised hands raised hands raised hands,0
sealion dannnnnn joy,0
wey mbak sales pak bos bukan sapa malah ngobrol joy joy joy,0
kerja pak butuh pkerjaan jangan pajak nya aja gede,0
ahok kdm for seru kali,0
nunggu sampe sekrang,0
lockysigarlaki163 ah gak dukung ahok koq,0
loh akun auto dislike,0
ga sabarannn pen liat heart,0
yg tunggu tunggu subaru crosstreck,0
sekali doank sweat smile sweat smile nya mati,0
gokil sih hp lipat,0
perlu nominasi dongeng baik,0
projectnya gd emg ga pernah main2,0
ngerti ga si rofl,0
s15 lupa sekarang,0
inti asal tampil ngomong apa gak tau dah joy,0
nyesel pilih prabowo heart,0
miniled oled gak sih,0
panji jauh2 gmw iren datang ngasih kuliah catur sweat smile,0
pinter pak rt gw njiir joy,0
cuman nonton sama infinix smart,0
lockysigarlaki163 prihatin rofl rofl sob,0
berangkat batuk uang kredit motor,0
dislike gak ngasih solusi rolling eyes poin gak open mouth dash,0
tuh,0
syirik semua sob joy joy,0
iq sok sok mau sok pintar begini joy,0
santai santai minggir lu miskin joy,0
bonus kuasa maksdnya,0
gue ampe nang ketawa2 joy joy mana maen catur ralat,0
caaneedsleep gitu aja gak paham emang gak nalar,0
liang luhut yg gelap kau wkwkwk,0
aamiin,0
darurat leceh seksual aman aja pak presiden,0
ngomong apa sihh,0
gila cinematik nya,0
smile smile smile smile smile smile smile smile smile momen paling hibur,0
aamiinin dulu aja sweat smile,0
cokjaran5744 iya pilih gua gua bangga pilih,0
apv cocok buat bikin towing,0
yg ngajarin parah sih joy,0
nyala heart fire,0
love your comment,0
tunggu project selanjuat nya subaru brz buat farrel,0
faedahe apa blog,0
lbwk huracan,0
kalau esemka yg paling apa joy joy,0
niat bgt bg sob,0
beh dempul tebel dah,0
maizarindra498 coba jelasin poin nya aja,0
lalisamanoban837 td gw nanya mang tanya nya apa yg jawaba nya ngelantur,0
lcgc nang joy joy joy,0
bagus lu main motor zik modif motor matic joy,0
min ko jumlah dislike nya hilang,0
sulistyowati el8kl langgar kode etik lucu ni kalimat awokawok,0
sama gan entah nonton malah bawa ketawa,0
terimakasih,0
bingung presiden jawab dr tanya mbk najwa,0
ngeh pak ahoook,0
ganteng parah asli fire fire,0
harga tokped juta bjirr sob,0
mah lah bang wong harga ny mantap,0
garasi drift bg mobil farel r kata modifikasi garasi drift,0
arventonya nguap aja tutup sweat smile,0
aszlanslatan27 jokes bakal beli mti andai joy,0
lu ngomong apa se bro kyak lu pinter aja,0
emang paling canggih tu,0
like yg,0
google makin panas nih,0
iya bang mabok,0
emang bandung dmna,0
hahahaaaaa panji kena skakmat menit joy joy joy,0
mantaapp bismillah podium tahun,0
gimnaa bg cara nyarik baju orinyaa,0
bro gak niat review brio,0
ahok pake trik lama njirr langkah mati wkwkwkw,0
nonton 28detik yg lalu,0
iya lama yaa teknologi,0
tepat,0
rahasia negara gaperlu rakyat tahu,0
mobil bandung joy,0
nungguin crosstrek garasi drift,0
arifhidayat4149 sehat sehat bang tuhan berkat,0
tong kosong,0
capek dah lumayan nonton dialog nus istighfar,0
haduh jersey uda mewah beda nasib sama timnas u20,0
cie ganti thumbnail joy,0
mahmudhandoyo3570 jawab minimal nyambung jangal asal omon omon,0
method produksi indonesia kan blush,0
mata woi sweat smile,0
koh harga 1m apa beda apa sama,0
mobil jepang kayak tinggal jaman teknologi,0
orang korea pegang saham erspo,0
gagah bgt lo bang pake lengan pendek fire,0
duh jangan lah plis,0
ahmad syahronii fire fire fire,0
mana berani,0
kalo jadi calon pilih jangan harap,0
hancur dunia otomotiv jepang serang china,0
auto rampok dulu ahhh buat beli huawei grin grin grin grin sunglasses,0
liatin komen suara mute jalan baik,0
rapi in punya lo bang,0
iya bang mati salah satu,0
calon lawan berat brzico gantung drivernya sih tada tada tada,0
ownernya bilang ae86 kw pas vlog roy,0
skli jatuh layar retak kepala jg lansung retak sweat smile,0
orang yg dpt kerja koneksi bapak joy joy joy joy joy,0
maaf mas wapres skrg susah klo ga ordal,0
jgn plis org kaya gin dijadiin presiden,0
ubah dulu atur kaya gibran,0
ngomong apa sih elo,0
tp sayang seater,0
gile cantik banget lihat hasil,0
tadi ngakunya ngga main catur,0
gaji langsung beli ah replika version,0
vender boddy kit blakang nya kurang mas lancip gitu,0
tunggu tunggu,0
jonathan i4w5p mana mungkin tau kan,0
gue rasa suara kecil,0
goxxsss akhir tayang fire fire fire fire,0
lbwk nih kayak,0
tes vidionya mana bang,0
baru tau pabrik erspo bdg sy orng bdg aja ga tau joy,0
pak baju bapak lengan kiri bawah kena bumbu kacang,0
ngomong yg penting x yg penting ngomong white check mark,0
langsung beli iphone,0
gw penasaran varian rs ga masuk lcgc,0
rahadiarum7448 wkwk global apa wkwkwk ngaco,0
awas serang pasu perak per komen joy,0
antimo solusi baik utk mncegah muntah muntah mabok,0
like nya liat kok dislike nya gak muncul,0
terimakasih banyak inisiasi mas ruby,0
respect,0
jersey baru u nya bantai hadeh,0
jeffproit wahh iki bener,0
pak ahok kaya gimana macan sirkus apa yg joged joged joy,0
gw kesini mau dislike doang,0
menang jersey doang beli gas antri,0
yess justru sekarang original made in china rofl rofl,0
kia emang singkat korean international automotive kalo ga salah,0
xmax nya ossdette,0
tim kredit point down,0
otak abang kayak nya nggk nyambung kayak nya dulu kena stanting yaa sweat smile,0
mulai nyetok dagang km nih wkwk,0
wajib beli,0
pandji najwa shihab d luar politik,0
gw baru beli emang bagus ituuuu mau tanya,0
goreng temen sendiri sweat smile sweat smile speak no evil,0
gas beli naspad,0
salut sama erspro jersey kali bener2 kelas bngt mewah,0
bang review kucing oren yg lewat dividio bang,0
buset dah segitunya ama rezim,0
gak sabar nunggu projeck crosstrek brz farrel,0
terima kasih bapak pk ahok sdh yakin pk ahok,0
tujuh banget,0
salah satu mobil impi g63 range rover sport phev,0
jawab nya formalitas model citra mulyono,0
zoe tw kasi alergi,0
lebih diam,0
muka artis pake baju gd kaya mantan ku,0
sound og akhir video tada,0
jam ga ngapa ngapain,0
erspo ama erigo sama kan bos sadad jg yg punya,0
cukup daging klo dengerin sampe akhir,0
sini padal baru bilang ahok ga pernah marah2,0
njir ngundang ahok,0
numpang ketawa joy joy joy joy,0
buzzer yah,0
baca monitor niyeee joy,0
ridwan ld4gk dengerin ga sampe akhir,0
yg ngasih nilai sibuk bikin balap tamiya joy joy,0
kdm ahok cocok,0
kurang bang rocky cb tambah dr amat politik gitu,0
topeng om mob tu bauk apek,0
kok rasa pilih anis dulu pilih yg tepat,0
dikayh px5wl iya bang si paling tau,0
gass lah modif x max,0
david hormat coba bahas nubia redmagic terima kasih perhati,0
tanya apa d jawab apa sweat smile,0
mobil pake duit hasil bayar pajak,0
coba,0
butuh orang saklek kaya ahok,0
akhir beberapa bulan akhir penasaran sm ni hp,0
emg gaya dr dulu deh asa,0
otw beli biji,0
juta ajaaa ajaaa ajaa aja aja aja aja aja ajaa,0
wah si oyen tuh sweat smile sweat smile,0
waris ilmu molyono,0
komen lu naik bang biar gue bantu,0
syhrzlsyhrzl gaa kok dulu emang sama gm company ga pernah chrysler,0
terlalu keren mas fire,0
anyinggg awowkkwkw joy joy joy,0
thx a lot rangkum,0
momen pak ahok marah hand orange covering eyes,0
lexus ko gaada omm,0
pak prabowo jawab luas,0
emang omon omon ngelantur prabowo,0
uni lubis keren banget tanya,0
layak,0
dislike baper cihhhhh apa,0
kaesang kapan niih bang,0
style naskah editing video gaya gaya mirip ferry irwandi,0
tim nonton doang gak beli point up,0
fender belakang nya yg rada aneh mas dipo,0
muhardhy realistis kalo pdip mau kalah tipu abah,0
wkwk kocak ahok lebih tegas,0
biasa ahh nyesel belakang,0
soleh solihun versi politis joy lucu isi banget pak ahok,0
lexus gk omm,0
terima kasih banyak bang raised hands,0
beli somay,0
bang bahas teco camon pro 5g,0
kalau kerja cari sama ortu gak usah edukasi,0
stop normalisasi korupsi dulu,0
bujangpamenan w9i intelektual wkwkwkkw joy,0
kpan nih review subarunya farrel,0
gak brooo gak mampu,0
kelas bang,0
awowkwkwkwkkw mana jawab,0
lifeisneverthesame910 kalau mau seater jaecoo j7 ukur dipanjangin,0
ahok anies,0
apa hp aja volume kurang kenceg,0
keren congratulations,0
he doesnt care at all,0
mas kapan punya bus slepper buat wisata blush blush blush,0
sekarang lu nyesel kan nyoblos paslon,0
lu gak main catur joy,0
bang judul bom ganti tuh wkkwkw judul tahap revisi,0
justru lebih bangga kalau jalur prestasi,0
oalah kalau sama bapak2 satu emang gak nanggung2 buat hobi,0
like komen,0
orang kuasa yg mau main tinggal diam bung rofl,0
serah yg punya,0
land rover evoque aja kaki2 kyk mau meledagh,0
bukan ban jawab nyambung,0
ko video ga suara hp gue klow video cry,0
tanya untuk anggar dibalesnya angin siapa yaa,0
arti kata benda om wkwk,0
orang gila mana yg mau beli hp harga motor joy,0
respect kak raised hands,0
bilang yg penting jawab lu tuh nyimak beneran ga sih,0
indonesia maju kepala satu orang ahok,0
iya iya ukur mirip toyota fj cruiser,0
butuh gawean iki mas pundi seng bikak lowker nik,0
audio bang pandji team,0
ersp0 ko andal salam papua,0
pasar modal kok tiba2 jadi mbg sweat smile joy,0
atas sultan sultan,0
aura gus iqdam banget je,0
gas bang coba main motor v,0
tugas anak paud bang,0
pib golkar gerindra prabowo pdip,0
inti apa bang,0
kelaaaaaassssssaa fire fire fire fire fire fire fire fire fire fire fire fire,0
wowo full omon omon,0
hp lo lipet berapa boss tanya keri sweat smile,0
lo komen gaya lama bro macam pintar aja lu jirr hahahaa,0
ninja r ss rr bang yg hedon,0
menyalaa king dipo fire love you gesture raised hands,0
awas komen jelek2 ntr kira bayar rofl sweat smile,0
dulu smpe skrang sllu suka ahok heart,0
retur gak krn lupa gak cek dulu kata58,0
mascar007 statement kntol,0
umur panjang panji pak ahok heart,0
ancur,0
nyata bukan cm gw yg gemes sm jawab yg bukan jawab rage triumph,0
huawei triple kill,0
next nya lipet,0
tensi tinggi semua joy,0
wkwkwkwkwk joy,0
merknya mirip nama adik giant film doraemon,0
mana 19juta lapang kerja yg kau janji lupa khusus ordalmu,0
gurih2 sedap tembak nya,0
barang2nya recaro emang bestt sihh jadi kerenn bangett ini,0
kok betul,0
punya farell,0
bang review infinix not 50s 5g,0
vivo x200 ultra bng,0
org baru d pake mantap,0
kalau mau beli phev mending chery tiggo csh,0
ps terobos nya apa,0
mantap aura amfibi keluar,0
next tambahin segment mobil beli iims,0
ims mobil diesel g bang,0
muhammadhaidar3287 kamu bicara apa sy kurg paham,0
nyata benar apa kata pak anies baswedan debat capres kemarin pensive,0
kyk sanggup aja cil omong kosong tok,0
jiwa miskin bergetarrrrrrr,0
lebih seru baca komen nih sweat smile,0
ku velg nya cocok aja mobil nya suv,0
hancur sudahh rofl rofl,0
makin gajelas joy joy,0
beuhh kamera drooling face drooling face drooling face,0
hp kok ga liat yg dislike brp,0
mimikreeimut yoiiii wkwk,0
moga milik pray pray pray,0
engga si aneh mata lu aja,0
is real,0
pak nonton lebih jam khawatir cry,0
thank you mr jeje fire fire fire fire,0
d jual unit,0
jt lapang kerjax apa kabar pak,0
sangat dukung kalau pak btp nyalon capres,0
mobil bang dipo gimana kabar padahal baru jadi cry,0
wahh om kurussssss congrats om keceee,0
mana nih vid baru,0
best part,0
masterpice cipta,0
dunia otomotif indonesia makin maju garasi drift jaya,0
aaaaaaa gila keren bangetttt bang gokillll heart,0
mobil astronot neh bang wkwkw,0
solusi stunting pas kandung bukan pas udah sekolah,0
emang kalau diopening biasa banyak jebak jangan lengah,0
awokawoakwok awas serang penyefong nya rofl,0
sumpah bagi gw ulang ulang kali kali ngakak,0
sangat mudah thanks,0
prabowo dongeng sih kata blush blush blush,0
hahahha kae,0
rayhanyovi bener banget tadi mau bilang gin,0
yaudah langsung beli gan,0
the real kaya wkwk banyak sponsor,0
senangkep gue malah nyalahin rakyat wkwkwk,0
tugas sekolah seperti joy,0
gelang lo bang joy joy joy,0
hahaahaha bener,0
badan lo yg bagus bg keren bgt timnas,0
baru je siap dah crash mohon tabah yer mas dipo,0
mobil cocok kendara dinas kepala desa,0
kalo dukung timnas udahain beli yg ori gaes,0
sekarang mana brz farel sweat smile,0
sponsor keren semua plus overall look mobil emang top thumbsup,0
fufufafa was wes wos,0
kopet njlepet nyocot apa sih,0
khodam rebah gw ketar tir dengernya sweat smile,0
zoe tw ip 60hz joy joy,0
bonus babe,0
setia rem avanza joy,0
mau beli dmn,0
hahhhhh melting face onooo onoo,0
fyi beberapa velg method buat indo fire,0
jujur jawab jelas banget,0
kamera buat ngonten kamera apa kak ziko,0
anggorodps 9 anggoro jadi buzzer sumbangsih,0
buka mas tulis wing jawab,0
kasi bgt dah crash aja gara2 keinjek bodykit copot kali,0
nyok kite dislike rame rame nyok thumbsdown sweat smile,0
user hm5ul7db2x buzzer kali gak nangkep argumen orang joy joy,0
abdullahmaarif qz2rx motor bg adv nouvo sm vario,0
udah snapdragon 6gen4,0
massuhada5461 betul sekali joy emang ga nyambung sih joy joy,0
bau bau pildun bismilah,0
tetap baik goodfriends,0
let david cook dayymmnnnn,0
salah satu mobil suv favorite aku mobil hummer ev joy,0
mobil yg direview jaecoo iklan mitsubishi,0
waahhh super sih teknologi sangat keren,0
gua sih tim geleng pala,0
beli infinix keluarga,0
tanggung sekali ngga milliar harga,0
jersey nya bagus tuh kapan rilis joy,0
baik merk yg sdh kenal,0
rem komplek tu bro blush blush blush,0
duh mba denza,0
harmony os lebih google,0
tar mungkin pake vios nya sulap merah joy joy joy joy,0
anggur,0
muhammadmudayin bayar brp jadi buzzer bang,0
s15 lu kmna bg cry,0
makasih bang,0
mahal bet indo hmmm karna bea cukai open mouth,0
wkaokwako anjim,0
coba baru main motor bang,0
gmna kan kmren crash,0
gak perluh pintar yg penting punya bapak orang sweat smile,0
minggir lu miskin langsung ku tutup vidionya bang david sweat smile,0
mata gelap,0
kangen bung hatta rasa,0
beli chiki,0
walaupun miskin tetep aja harap mang hp joy,0
xmax luster masuk gd,0
lambo pake lbwk nih kek,0
otw beli telor,0
tuh bang koten montor sekali kali,0
shuudzon,0
tokoh panutan politik satu2nya negeri,0
gilaaaa the bestt open mouth open mouth open mouth,0
langsung pantengin x7pro yg abis stock sweat smile,0
kemari cuma mau dislike gk perlu tonton full,0
udah greget bang pandji malah majuin kuda,0
sx nya kapan pasang mesin nih gasabar ken lihat sx nya ngedrift,0
davidboyz ey4mm syahrini versi jambang joy,0
keinget jersy liverpool,0
s7 modif motor,0
wakil presiden paling gak modal ortu wkwkwk the real orang dlaam joy,0
habis pikir sih kelas presiden isi kepala begini,0
bus baru inovasi baru,0
almarhum ken block joy,0
baru kali dengar swasembada air joy joy joy,0
mending promosi ytb gua drpd judol joy,0
andai kasih tau berapa habis modifikasi blush,0
pesan ori tepi kirim syuliitt kemas mulu,0
yah minimal jangan typo bu ngetiknya sulistyowati el8kl,0
ga fokus catur sweat smile sweat smile sweat smile,0
kosong kau,0
punya farrel kapan garap,0
ngeri mangkin kesini sponsor mangkin all out gd kerennn,0
tantang negeri,0
tokoh politik yg paling kagum gak takut,0
biasa nonton gd banteng mas sekarang malah kerja sama clap clap clap,0
joy joy joy joy joy kirain mau muji,0
kalau orang orang deaddd,0
hahahhahahaha larrii upinn lari,0
cumi darat nang pojok abis hujat dipo,0
banyak uang tp ga cukup buat ikut kelas public speaking cold sweat,0
ken banget nih hadiah cry,0
nga perlu rasa udah tepat,0
chopper 2m,0
gua langsung beli garem,0
suka huawai timbang iphone hp kaga punya desain doang,0
bahas apa jawab apa ngawur njir,0
drawhanidraw bethul yg buat hebat,0
wah jadi pngn nmax ring pakai punya aerox spakbor depan nya,0
isi ngga manfaat,0
good luck bang dipo subaru garasi drift tada tada tada,0
joy joy udah kalok gak faham diem aja,0
like cuma kumpul kecoak kecoak buzzer joy joy joy,0
udah craas aja mobil nya,0
sekali2 bahas kartu sd yg baik dong bang,0
mantan bini nya reza arap alih profesi drifter kereen,0
indonesia pimpin orang tegas bukan pura2 tegas joy,0
calon pimpin masa depan heart,0
huracan lbwk fire,0
tunggu aja beberapa bulan paling jatuh harga sweat smile joy joy joy,0
inpo backsoundnya bang,0
barakallah pak fii amanillah,0
mending raket pc zany face,0
otw beli cilok person raising hand male sign,0
napoleon tipis tipis,0
pecah layar nyawa serasa layang,0
judul kek nama file,0
kayak lagu suka tani,0
model baru lebih mahal logika jepang joy,0
wkwkwkwkw cemen lo nji keok ma ahok joy smile zany face heart hands,0
ridwan hanif diri autonetmagz ga keluar,0
ngang ngeng ngong,0
kepo bgt ama lampu sein blkg yg kata keren cry cry,0
cuma buat malu indonesia,0
seru parah,0
wah kalo sama gw jadi andi ni,0
orang lebih utama joy joy joy joy joy joy,0
yapping bang,0
tim beli doang ga nonton,0
salfok sama mobil stiker kobo kanaeru moyai,0
gass zik modif xmax,0
main tamiya ah,0
disel ngapain nyempil joy joy,0
mungkin kalo dah kerjaa,0
luh keren panji pragiwaksono anggota dprd,0
keren mas beda juta,0
presiden prabowo bingung jawab,0
apa jangkau kecil,0
hahaha lucu banget bang panji kena skak pak ahok joy,0
bubar tim,0
say it loudereeerrrrrrrr joy,0
bang jeje gagah pake hummer cv beli bang,0
mana aja gan mau ahok anies anies ahok thumbsup,0
soon swap mesin crosstrek 2gd,0
mahfud g dulu,0
whatever it takes to took mulyono down man,0
ishowspeed baru review hp joy joy,0
gitulah kalo hati penbenci aja nonton anis berjam2 blush,0
hahahahhaa ngobrol main catur kocak bangggg wkwkwk,0
mantap bang presiden pikir majapahit gin pake sweat smile,0
50juta dikantongin doang tim dang mending joy,0
semangat kk argumen kk bagus tada tada tada tada,0
greentex bang bimo grin,0
auuuuu,0
kirain hari jumat karna garasi drift upload wkwkwkwk,0
jum at gak upload,0
drift gunung iwaki kapan bang,0
terangterusyuk haha khayal yoo khayal indonesia c emas,0
kira pak ahok cuma hologram nyata beneran joy,0
kesini dislike nilai pentinkkk nya hahaha sweat smile,0
bantu dislike bang joy,0
trus langkah kongkret apa bang hadehh,0
keren parahhhhh jualin dong bodykitnya masss,0
nonton pake huawei mate xt tada,0
jawabanne piye tou person facepalming thinking thinking thinking thinking thinking eman2 kuota nonton iki thumbsdown,0
prabroro ompong,0
baru top narsum penting diri,0
bandara swasta bahaya daulat ga siy thinking,0
minggir lu miskin speaking head speaking head speaking head speaking head fire fire fire fire fire,0
uhuyy faffada,0
turut sih sekarang udah poll simple elegan sangar,0
turut duka cita inna lillahi wa inna ilayhi raji un,0
strategi gitu anak gw kelas sd udah gw ajarin happy banget,0
uhuiiiiiiiiii,0
mudah mudah taun depan beli amin allah sweat smile blush,0
koleksi hummer pak bamsoet bakal beli nih mobil,0
timothy ahh vidio,0
membuang2 waktu tenaga pikir biaya utk wawancara sweat smile,0
gas bang ziko,0
apaansi mbl mana,0
keren bg,0
wkwkwk narasi isi buzzer semua,0
smpe hri kmpung sya blum,0
detik mobil gede berat open mouth,0
gas ayo umroh,0
keren bnget ziko ngejelasinnya simple,0
crostrek rekkk,0
macan kuasa satu gunung,0
jawab sama benar tanya,0
ngapain ronta ronta,0
halo bang moyai,0
klo anies kader pdi joy,0
muka gak bahagia penuh tekan,0
sr3 lo dah jelas,0
cakep banget tada,0
hidup macan sirkus,0
gd coba buat body kit ala gd,0
makin lama didengerin makin ngeselin,0
manis banget,0
punya paham n nalar pribadi yg kuat,0
douzheng bintangtodjoe terus negara yg baik ikut kata joy,0
sukses terus mas,0
kapan ready yg player issue nih masak kemarin cuma doang,0
ngidam ngidam ngidam blush blush,0
epic moment sih joy gokliisss,0
kerja ga berhenti2 buat syape,0
jurnalis tempo gak,0
gila sih huaway apa kabar iphone lambat inovasi joy,0
tuhan pasti,0
ken beli kalah sama butuh sob,0
abis abisannn blue heart,0
pak ahok suara aneh gitu banyak ngrokok,0
sangar open mouth,0
iya bang kan rintis bkn waris,0
ngomong apa,0
kasi tempo alqaeda gak ajak awowowowok joy,0
yaahhh otak nyampe dehh emang bener ganti rakyat sihhhh,0
jane mudeng tenan opo gur wathon njeplak je dul,0
sharus nya iring harga,0
hahaha betul,0
ak pernah nyobain mobil yg kayak gitu tp ga suara,0
tumben g gontok an joy,0
ubur ubur makan ikan siap laksana point up 2 point up 2 point up 2 point up 2 point up 2,0
lowong dislike buka lebar2 thumbsdown,0
maklum udah tua udah ga mampu paham tanya yg sampai,0
tim ken beli gk uang,0
gibran bahlil siap guncang,0
video aerox ngantuk joy,0
galiat ubsi ama zicoster,0
ahok bukan gubernur pilih dki beliau kata,0
belibet bummer,0
sabar lahhh lu kira doang kerja,0
syarfunimy pindah agama,0
pake gbox buat buka google aman2 aja,0
gilaaa keren banget,0
otw mills bang,0
dislike masssal,0
gk kata kata garasi drift kalian hebat clap clap clap clap,0
seru,0
ken iims ga punya duit sweat,0
hp lu lipat berapa bos,0
rb26 n a cry sayur garam,0
gub iwan naik iwan e1 d,0
gak bener harga harga riba,0
the road is still long bang,0
turu aja mas,0
ngelantur cokkk,0
gokil indo buzzernya wkwk,0
kelaaazzz bgt karbida fc fire,0
bro speaks a whole lot of nothing,0
uda kek laptop rtx aja harga,0
mulai wawancara udah struk duluan,0
joy joy joy joy emang udah turun harga diri nya,0
kalau jebol pusing ga tuh krn susah perbaikin arena,0
pake kmeja biru so asik banget wkwkwk,0
pakai lama gmn tuh flexibelny,0
huracan x lbwk kek ny laughing,0
keren bikin jadi rp17 all time highest joy joy,0
inti kalau kerja minta cariin bapak,0
gilaa kameranyaaaa,0
big no ahok gasuka anies ahok tolerir korupsi,0
i knew it in the moment they elected,0
gin dong minggu 2x hahaha,0
lebih seru komen wkwk,0
mobil gus iqdam,0
believe me no one pay me,0
dapet notif skakmat ahok auto klik muscle,0
wajib beli siiii original fire fire,0
kayak kamu lebih cocok pimpin jokowi joy joy joy dawdadadadadad621,0
raja akhir dunia politik lord l,0
abdurrahman d1v9e emang udah ken nya bg jatinegara,0
mau nanya nih netizen huawei ban ga sih sama google,0
wait and see semogaa,0
the best jabat yg tau,0
luar biasa kualitas fufufafa clap,0
lizzy osprey begitu sampe males lihat upside down upside down,0
anjir semua komennya negatif,0
beingaamon bagus sampe skrg huawei p30 pro ga masalah,0
pandji diomelin ahok terus main catur joy joy joy,0
jam gw nonton makin gapaham gw ama jawab presiden prabowo,0
liat kali baca text,0
banggaaaa bangett gwee,0
iphone mana buat hp lipat huawei,0
tahun privater bang ga rekrut tim2 pihak,0
moga bayu murti lambo pasang body kit sama team garasi drift,0
masalah praktek nya kan stap khusus,0
180sx kapan lanjut oiii,0
storia9126 dah gitu ngomong nya liat promter joy joy,0
dilann9 loh bukan kata daerah dalam,0
kwkwkwkw horang kayya tada tada tada sweat smile,0
selamat bang,0
jurnalis paksa sabar,0
ahok g bs maju jd capres ato cawapres krn sdh pernah penjara,0
gabisa dua pernah jd gubernur jd gabisa salah satu jadi wakil,0
gas mas ziko modifikasi motor xmax nya hand fire,0
mending nonton bapau taulany tv sama rans joy sweat smile,0
lanjut bang mecah narasi orang joy muhammadmudayin,0
coba nyicil 1rb lama ni hp sweat smile,0
berat gua komen ig lu bener kan lu pakai ordal joy joy joy joy joy joy joy,0
review byd yangwang om,0
jelek design nya,0
rally drift,0
iya benar jangan2 jawab lebih hebat ngelanturnya,0
prasetya iya iya sipaling kocak,0
andil perintah film animasi jumbo,0
laptop tecno k16s bangg,0
realme pro kapan bang,0
generasi pesimis,0
oke mbaik jos sangat,0
ngelantur cok,0
loyo ngopi dulu mas,0
bang review hp satu juta dong,0
ndasmuuu omon2,0
manusia biasa d bener nih padahal jokojmc sebut salah jd top komen wkwkwkwk,0
kaya karakter soekarno hatta ga sih,0
gg gak nyangka bagus,0
bayang kalo gua punya takut salah lipat wkwk joy,0
uda yappingnya,0
ora tolong kie tah ngisin2i wong banyumas,0
ngereview ngeroasting brziko joy,0
bang chaser bang,0
gojek moga surga cuma makan iklan mu sangat menganggu,0
keren banget,0
amalanmagnetrezeky y karna anak nya bakat jadi suport,0
maksih bre,0
suruh i show speed nonton,0
yaelah main catur aja ngamuk pak,0
jawab nya pake chatgpt rofl,0
wah keren bang ngundang lord,0
d beli vlog ny ishowspeed,0
dah abang wakil,0
samsung a26 bang kapan review,0
storytelling pak ahok bikin mas panji nyaman dengerinnya,0
up banget,0
thanks broo,0
judul yg tepat ppoo,0
tetep pakai lama hp hp lipet nya kena lcd v,0
absen buat dislike doang,0
alyssabrayden2099 hampir semua,0
karna bukan mobil nya gd,0
punya saham mana mungkin keluar autonetmagz,0
mas gibran sekolah lulus apa,0
velg luxury g belang bang selaras ituu muternya sama,0
pertama komen bang dapet apa wkwk,0
bikin roadtrip om tiga pake mobil cepat,0
kebel kalau kebel gk kepake bg moyai moyai,0
baru tau gua grin,0
macan bang,0
gw beli redmi note pro aja udah alhamdulillah banget joy,0
aroma aroma akap dekat,0
yuk iims,0
muter muter muter,0
astaghfirullah,0
dolar 17k besok selasa ihsg buka jadi ngeri ni joy,0
real jabat yg benci rakyat,0
cewek cewek gak suka liat gak logo buah grin,0
kalo mobil favorit gua the elite ae86 levin convert tadi tada tada tada,0
dewipuspitasarip49puspita16 yelah mbak segitu aja udh pusing lawak,0
siapa yg penjara ahok dulu joy,0
padahal standart banget langkah mati kaga tau wkwkwk,0
bang next coba garap mobil mesin rotary,0
yakin bukan wkwk,0
ad komen yg gk didik gin andi maulana,0
ahok kdm realistis gak sih,0
tandem sama brziko mantap nih,0
mrsomyaputra bagaimana rasa jadi mahluk hina,0
murah 50jt mah bapak kerja jagung sekali terima suap 2t,0
iya iya pinter lo,0
ahok presiden anies wakil,0
tuju modif motor,0
salah berfikir izurzuhri,0
ganteng lee,0
apa pertnnyaaan nya mbg jwbn nya joy,0
bim gua mau dong bocor baju marten paez,0
bang dah jumat nih,0
cieee satu kubu sekarang dulu aja hina hina ahok,0
beda ideologi,0
yaaaah fufufafa nongol sweat smile,0
cortex gak d bahas,0
lebih seru kalo pak wapres belah nya,0
mulyono dua,0
dikayh px5wl lebih org kaya gabut ga si,0
suara keramat joy,0
thank you time stamp nya heart,0
kerennn polll,0
gua gak ngehh pak ahok gua gak ngeh pak ahok,0
tunggu mobil farel mana nih,0
subaru cras,0
ihh sebel sama pemred nya detik skull skull skull skull fearful cold sweat scream,0
kerenn bett asli,0
keren parah nie hp sayang bukan market gw aja joy,0
susah ngedislike balik,0
rumah teman malam,0
yok bantu dislike indonesia emas,0
beli j5 prime maksud lu,0
intro lupa switch kamera sweat smile,0
brziko lebih jauh rapih n enak lihat blush blush,0
idam kan,0
bela panjang belit esensi joy,0
gass banget bangg konten modif motorrrr,0
hustt ntar bakso loh blush,0
emang mo libas semua hak cipta joy,0
buat hp lapis legit joy joy joy,0
salah loh harap sama org model kayak gin,0
bangun kph jogja style aja mabg moyai joy cat,0
siap sapu oknum asap hitam aragon,0
udah selesai yappingnya,0
okay buzzer,0
bosen kali sema nya gitu gitu aja joy,0
kaya pondok cabe,0
joy joy joy salah satu,0
sy sdh dislike malah sembunyi dislike nya joy,0
hours of brainrot,0
pantes,0
gila cinematik nya open mouth,0
ngomong opo to we gak nyambung blass ngomong seng genah to pak,0
gua henti nonton beneran yapping ga inti nya,0
jangan baang jadi malu maluin diri sendiri keluarga cry,0
muhammadzufar7243 emg jawab presiden mu ngawur,0
pak ahok lawan elo gin nih jadi,0
mexico presiden beli kartel indo,0
sukses selalu utk po pesona,0
bang kali2 ngonten modif motor bang ngabers,0
ngelantur terus pak wowooooo,0
frank o8h jelek lu gak mampu joy joy,0
lah ngelantur joy,0
my president heart heart heart,0
maaf pak jawab nya kok mana,0
kelilip kali lu bang joy,0
sumpah cakepp benerr,0
obrol atas jam malam,0
sepenuh hati tulus ikhlas gw kasih dislike video sweat smile,0
antutu aja gak sampe juta joy joy,0
sobat ahok si aguan jgn lupa undang,0
muhammadrizkyf151 eeh puja bibib jijieq firza pa kabar,0
larchy1324 aman mas pray,0
anak tersesatt bapak nya ni face blue smiling face blue smiling face blue smiling,0
jawab nya bukan kecewa khawatir,0
santun bgt om mob kami,0
asik ngobrol terus dua ngomel soal main catur joy,0
dororohyakki8001 sampe kok kurs tengah joy,0
pandji mate in sini wkwk,0
buat insomnia coba dengerin,0
saktipramana128 lu salah sasar orang bro joy,0
dilann9 ah daerah ku,0
prittt prittt sob sob,0
sx gpsport mesin buat serapih s15 vr38 bokuggooiti,0
s2000 time attack sama m4 ijo favorite gw sih fire,0
kelassssss mahhhhhhh iniiiiii,0
pingping keripik singkong fries,0
hati2 jgn sampe bang bimo diendorse rumput gbk sweat smile,0
kek hp masa depan udah sekali jadi tablet,0
mobil keren banget laaah,0
body ra payu desaine semua orang suka joy,0
mas umur lebih tuwo teko sampean sek angel golek kerjo,0
enggak bukan d berita tp d om dhiar open mouth sweat smile,0
generasi muda bonus konstitusi joy,0
tangga sampe kosong loh cry cry cry,0
jual ginjal kamboja,0
jujur ga pernah kecewa sama orang,0
anis jadi plesiden joy,0
ko ngga hari jumat,0
gas 1jt dislike,0
absenn massss,0
review request a90 supra midnight purple s15 hks gtr,0
inti muka tebal mas sweat smile,0
oke gas oke gas nomor torang gas sweat smile,0
jadi rally ap4 kaya mantap keren polll,0
lebih keren byd sx gp sports,0
bubar ormas jenis nyaaaaaaa,0
pake paylater beli sweat smile,0
lah bukan daging semua isi joy,0
anis ahok hasirama madara,0
cthnya menit berapa,0
baru beneran inovasi bukan macam merek us,0
pelek nya keren banget heart,0
prabowo sama ahok cocok deh,0
tinggal jejak indonesia chaos parah noted,0
sesuai prediksi bakal review lebih,0
salah apa negeri,0
irene bikin video reaksi tepok jidat sih joy,0
ympun bapak prabowo sayang kocak ngga ngerti,0
menit mobil ganteng,0
bagus bgt,0
anggorodps 9 buzzer teriak buzzer,0
asa denger suara mobil nascar joy,0
jawab udh tau trimakasih,0
aku bukan rakyat milih dislike video,0
emank kau uang buat beli blush blush blush,0
gas sprint rally seru kayak wkw,0
tvs callisto coba modif bang kalo merk jejepangan udah biasa sweat smile,0
abyan266 soal video aja up selasa kemarin,0
omon omon hidup ijazah palsu ayah fufufafa,0
asyariiiii kocak lu joy,0
mode rally masuk ni concept nya,0
gak sih ngasih dislike kali kali video sweat smile,0
tagih janji 17jt lapang kerja,0
blok lol,0
plsss jangan banyak since ga langsung inti aja woi,0
ahoookkkkk heart heart heart,0
fishybrad tuduh buzzer mulu njir sob,0
ipk nya berapa bran,0
rp kumpul semangat cari sisa,0
ganteng banget heart,0
gw kesini langsung skip video buka kolom komentar joy joy joy joy,0
kecewa berat please turunin kursi presiden,0
beli i showw speed bukan sih info dong,0
paling satisfying pas bongkar pasang bodykit pasang livery,0
bapak kalo bahas jangan kemana2,0
ga nyambung apa kamu ga ngerti joy joy joy,0
indonesia makin parah gelap,0
skull,0
jawab gin sweat smile sweat smile,0
lagu garasi drift morning jam bukan,0
makasih bang buat info respect pray boom,0
solusi terus mana masalah semua,0
sini sepi buzzer perintah blush,0
makin paham knp negara memang butuh orang anies,0
bang panjoooo tiket buat jakarta abis sob,0
bukan gak nangkep gak mau jawab joy,0
admin judol lu joy cat izurzuhri,0
damkar rofl,0
tanyain apa jawab apa lu mah cry,0
sih kagak bakal percaya,0
bonus anggur,0
gokil mobil drift ter proper,0
rogerhandoyo3298 lebay stroberi,0
tinggal mobil nya farel penasaran bakal kyk gimana hasil nya grin,0
orang dewasa mewancarai orang bayi,0
halah lambe,0
iyain aja dah,0
jiwa miskin getar joy,0
buka rx7 bukan punya armuh,0
mobil baru gus iqdam,0
up,0
arang handal lu wooo,0
nyala king fire fire,0
one of the best episode heart,0
modifikasi motor waktu bulan puasa jadi asik tu garasi drift,0
dilann9 daerah ku,0
bismillah nabung buat beli,0
presiden kocak,0
bukanpemudaormas1340 biggest yapper,0
ku tunggu sejak tadi malam hehehe terima kasih,0
alkahfzikri7288 dukung bikin partai isi orang orang bener aja,0
kaya s14 amandio bodi brz,0
patungan tim joy,0
utama paman joy joy,0
gokil keren cok raised hands raised hands,0
robbyzulhaq rz6725 kurang nyimak lu ngap,0
anies ahok kali,0
nmax turbo hedonnn,0
aansaputra3870 iya bner ibarat nya test the water dlu liat sikon,0
gus idham udah punya keren banget heart heart,0
mending beli maung beli macan joy joy joy,0
faktor tentu ad tangan teman teman gibran wakil presiden,0
gassssss aghhhhh like nya yg like seomga kebel hp lipat thumbsup thumbsup thumbsup jempl dah blush,0
mantap mas wapres heart heart heart,0
hahaha demo nya bayar kata,0
wah koh ruby thank you koh,0
saran ane suara dalem bg biar sukses terus,0
catat asal perintah ikut bantu support pak,0
gokil ko ruby wkwkwk makasih luang waktu sparkles raised hands raised hands raised hands,0
akhirnyaas crosstrekk,0
megarulimega omon2 doang kejar koruptor smpe antartika,0
silap admin ngak minta no akun buat buka yawning face,0
anggorodps 9 menit mna prabowo jawab langsung to the poin,0
bau bau world cup cium fire,0
migrain make indonesia great again joy joy joy,0
oi hok ahok lu nyapres dah bakal gua pilih,0
president kurang wkwkwkw,0
gercep banget,0
gokiel loe dip tada tada,0
yg warna merah jngn sampe lepas sayang ga review cry,0
awas bang komen pp nya ngk akun buzer perintah,0
bang bahas legion y700 yg kata spek pc,0
bang suruh nonton ulang sama buzzer 400perak,0
saat mas ziko 200sx pasang ls hdc 1uz joy joy joy joy,0
tantang sabar nanti ganti wapres joy,0
besok pagi beli ah,0
sangat gokil kawan,0
ggwp sih ad in jud ol kek tai dmn2,0
obel vs farel harta vs tahta joy joy,0
langsung beli samsung a16,0
hyaaa mobil gus gus,0
aceh om mob lebih asa test drive nyaa,0
pevs lihat mobil pevs lihat,0
lebih ganteng mobil nya ziko mas dipo,0
harga kualitas sih kalo ngeri banget,0
jangan bohong dosaa,0
mending mulyono periode kalau jawab gitu haha,0
gue gak peduli apa yakin,0
tim clbk aja cry,0
crosstrex brz farrel cry cry cry,0
mantap ko ruby,0
jaecoo j7 aja basis tiggo kok j8 yg basis tiggo,0
coba dah ga jalan mulus nih kang joget,0
jangan lupa basmi ormas tukang parkir mas,0
nyata yg khilaf kasih like,0
emang kl demo damai dengar turut inpirasi rakyat joy joy joy,0
gokillll kapan yahh gua punya mobil kaya garasi drift,0
bagaimana cara lihat jumlah dislike,0
semua tanya pemred mayoritas jawab on point,0
tos sepuh kan nu penting joget gemoy dlu joy,0
bantah jg sbg jawab kan drpd hindar,0
mahal banget 50jt iphone yg aja gak kebel sob,0
kan sambung jadi ngga mati layar joy,0
gokilll bang fire fire fire,0
minggir miskin jangan nyampah channel orng,0
kreeeennnnn,0
fufu fafaaa,0
narkoba selundup mantap,0
emang konsep gitu mas pure natural grimacing,0
cuma jt aja kok iyaa cuma sob,0
bagusutoro9547 lah emg si owo gtu doang bsa nya kan buzzer perak,0
mas kaya mobil reli,0
bikin video review lengkap volvo xc90,0
yhaaa kaga nyimak video coba tonton ziko bilang apa soal mesin,0
almarhum ken block fire fire fire fire fire,0
shlevyi7888 eh iya wk,0
huawei emang ga main main soal inovasi,0
tanding catur selesai menit sweat smile sweat smile sweat smile,0
uu aja bs rubah bang jumlah like emang parah ni fufufafa,0
honda mobil motor laku krn harga jual laughing,0
tunggu akhir nya pak ahok,0
duit malaysia rm13000 babi ckup blnja rumah satu tahun,0
hancur mobil crash hari,0
gd emng gk pernah salah anjir kalo modif2 mobil keren heart,0
sidak jokowi kapan masak ga berani,0
udh crf tinggal kebon moyai,0
beli nokia joy,0
duh ngeri2 sedep klo nyenggol mobil battle nya race nya,0
dahsyat gd,0
jersey timnas baru gokil banget moga kebel,0
pertama kali dlm sejarah wa pres jadi bahan bullian se indonesia sweat smile,0
enak punya bapak presiden cari kerja susah banyak phk joy,0
banned amrik ketar tir masang tarif ampe joy joy joy,0
anak muda ga mau jalan proses benar rusak demokrasi,0
ucing orange lewat,0
oxgen3 iya bener kelam kan,0
lifeisneverthesame910 seater tigo phev pea,0
video yg tunggu tunggu fire fire fire,0
kasi rakyat konoha joy,0
yg mencret n call bapak joy joy joy,0
buat gd msin kaya ginih gurih suara blush,0
hujat erspo kini banjir order joy joy,0
kemudian dua marah marah hahaha lol,0
hape rumah,0
tyota supra nya platinum bodykit nya mantep bgt,0
6g0d ucap cermin kualitas diri,0
orang cepat tada tada,0
maju maju bos bos sunglasses,0
yakin buat capai titik,0
polisi luas ngak luas sama mbak nana ku cantik joy joy joy,0
gin wapres gw yaa alloh,0
cerdas tangguh banget tuh jawab tanya mba najwa joy joy,0
kali ngga skip nonton iklan nya lebih hibur baca komennya joy,0
hanyanama9308 nice statement sir,0
ratu skak eh bener pa ahok marah2 wkaskwakawk,0
gas jadi pesona semua maz rofl,0
bisa2nya warga jakarta lebih milih anies waktu pilgub kmaren sweat smile,0
wkwk presiden lo bang joy cat,0
kasihan negri moga tuhan selalu lindung negri,0
rakyat mana sih wakilin,0
percaya sama bang panji jangan masuk politik,0
otw beli person gesturing male sign,0
beli ori nya,0
misi pak kemarin faham bapak peran sbg apa,0
sobek lgi ga nih jersey kaya lawan arab,0
arief muhammad omongin wkwkwk,0
hina kgk mempan puji kurang pantas sweat smile,0
pabrik tempat kerja sweat smile,0
terlalu banyak oknum pak,0
team yg nunggu versi hdc yg 2jt an,0
dulu banyak yg suka jokowi sekarang,0
judul mesti bonus orang,0
pin komentar om rendem aja soal banyak banget komen judol nihh,0
anis ahok udh solusi bangsa,0
crosstrek gimana kabar nya stelah crash,0
akhir nya hasil kebel vas bunga nya,0
2tq brio dulu yg pernah ku kerja blush,0
velg jf luxsuryy the best walaupun gk sebut,0
top markotop selalu hadir nonton mas dipo,0
supersemar sweat smile,0
tambahin anies gak bayar design gaun mas didit,0
iya sama gw,0
a marwin raptor nyunda pis euyy haha resep ieu ngadangu na joy,0
jam ngeyapping,0
si milea apa kabar nya ko blush,0
best so far,0
santai kebo gua blum laku,0
nonton full mas,0
nyata jaecoo adik nya giant blush,0
ngomong yg penting penting ngomong joy,0
sukses mas wapres,0
lihat huawei apple rasa jadi sangat tinggal soal inovasi,0
buat r34 lalu kirim sidrap pls,0
semua mau handle mumpung jiwa muda wkwwkkw,0
kelass mas dip,0
berani nya bicara sendiri dialog dong mas samsul,0
seru banget nih episode,0
tinggal ganti kaki jadi mobil relly,0
tim ga pernah skip kalo pak hok joy hand splayed,0
masaallah inovasi terus,0
otw buat beli,0
hahahahhah sweat smile sweat smile sweat smile,0
males banget ngeliatnya,0
kalau salah satu baterai habis layar mati,0
dasar buzzer bayar joy,0
keren gitu oi,0
desak emosiii emosiii kwkwkw,0
kdm mahfud pasang jadi paket komplit qu heart eyes heart eyes,0
selalu seru kalo ngobrol sama pak ahok,0
lah ngegas joy ga yg ga mungkin politik bang lockysigarlaki163,0
jadi serasa nonton yaaaaaa,0
skip anies cara kerja luar prediksi bmkg wkwkwk,0
sans 790an ngelike sisa dislike joy,0
gak cocok bang malah bikin emosi joy,0
lbwk jelasss yum,0
jg nyari ko g,0
yg baru sebut komen bukan caci maki,0
ngomongin ai doang,0
lexus gada skarang,0
lebih tarik komentar netizen video,0
log in dulu dong,0
sedih dengar jawabn beliau malu diri sendiri,0
pbrikan mobil china yg besar apa aja,0
komentar2 percaya pak probowo gak punya buzzer,0
vibe ni mobil mendiang kenblock bgt cry cry,0
sound nya gedein bang hedset an naik motor ga kedengeran,0
mobil asa siap hantam balap liar fire fire fire fire fire fire,0
yg dis like kok gak lihat jumlah nya,0
nunggu uu prmpasan aset koruptor,0
tebak buah manggis kali,0
ahookkk cintaakuuuu heart heart heart heart,0
terimakasih udah sadar sekarang buka matam,0
jawab yntkts,0
segitu level ges yak siap siap,0
panji udah diajarin sama queen irene lengah aja wkwkwkwk,0
mulai pinter ye,0
anak macan numpang lewat,0
bagi mana,0
mobil nya papah racing team wajar aja pol abis,0
jumlah dislike nya disembunyiin yaaahhhhh,0
mods rata kanan butuh endors,0
cieee nungguin costrak joy,0
mobil keren reviuw kelas ilmu keren mas sukses terus thumbsup,0
they don t get paid enough or not smart enough easy,0
bener wkwkwk males dengerin presiden ngang ngong,0
aja maen slow baru opening langkah joy,0
keren omkuu,0
byd geely chery changan,0
kdm ahok kali,0
suported apa suportif sih yg bener seriusnanya,0
bang pandji dulu bukan gak suka sama btp,0
ooooo numpang jumbo nyata,0
abis pacinko lanjut sini,0
keren lu bang,0
eh lewat jalur busway joy,0
anies ahok the next president and wakil president tada,0
mrdidifar cocok hahhaha,0
undo moment moyai moyai,0
sedang tren bang ndasmu bikin liverynya dong bang joy,0
video gua pause,0
nicetry hand,0
kalau wapresnya tukeran sama gubernur jabar,0
gimana ndji keren gk pak ahok joy,0
bang pandji soundnya bang,0
wkwkwkwk lucu2,0
detik mas solutif banget,0
beli iphone,0
mobil baru beres langsung crash bg,0
kini indonesia bukan tuju emas jadi masgibran,0
pajak berapa yah klo ev premium kek gin,0
biar lbh quick lg kalo mau gnti ratio joy,0
gak mau ahokers,0
emg jawab apa yg ingin,0
yg viral menit berapa aja,0
nunggu video bangun brz nya farel,0
basmi judol,0
ismailadrian f2e terus ga kritik gitu,0
kalo ngedislike penjara gak coba info,0
coba bang pandji sama ayah gibran raka buming,0
lu yg ga nangkep kali kocak,0
dialikenya sembunyi wkwkkwkwkwk,0
m rakhapa jeco sama chery sama mesin phev nya,0
pilih ikut an yg penting goyang gas,0
mercy anak gasx gank,0
tuhan sedih banget denger jawab sob sob sob sob sob sob sob sob sob sob sob sob sob sob sob sob sob sob sob sob,0
gm irene sukandar udah nang,0
jokojmc gw heran kaum tetap muja muja presiden ky gin,0
bahas izasah jokowi bang,0
do you see what i see cry,0
andhikasuryaputra413 soal prompt ai ga arah main catur grin,0
buat penjara koruptor gunung anak krakatau pak presiden,0
banget tuh konten motor nya,0
planet venus kembar,0
grassroot nonton gak,0
yng tunggu tunggu damnnnn boom raised hands,0
iya iyain biar cpet kelar joy joy,0
bused mewah banget,0
kok ngeri2 sedap yaa,0
skakmat baik kocak terngakak rofl rofl rofl,0
modif mio sporty bang ziko heart eyes star struck,0
mrsomyaputrakebenaran mana gw tanya joy joy,0
biasa privilege rofl rofl,0
riko syahputra96 justru banyak juara jadi sponsor bro,0
gak ngeh pak ahok 7x wkwkwkw,0
dislike aja wapres ga mutu pilih krn ordal,0
the best anjir,0
ahok nih hukum pengaruh rakyat indonesia,0
ziko agi bintit,0
salut gk nutup kolom komen,0
kayak nonton matematika harvard,0
18menit 400k cry,0
sx pake mesin v8,0
wkwkwkwk mobil paling mahal juara amandio dong,0
ahok gas anis skip,0
hebat kan ga hebat joy,0
dapet motor joy,0
bukan ahok anis sweat smile,0
maino dewe,0
kritik bangun lanjut,0
garis ijo assalamualaikum,0
gimana cara minta bapak sweat smile,0
arifhidayat4149 kamu tiba tiba buta apa,0
ahok aja no anies,0
beli kapal api special mix,0
mobil suami irish bella,0
dr awal pak ahok udh bilang ronde joy,0
episode selesai,0
udah jelasin awal vidio,0
gass modif motor,0
manipulasi putus mk x manipulasi main catur white check mark,0
menit kelar wkwk joy,0
yea ga berani tuh ngundang tempo stuck out tongue winking eye,0
gilaaaa ahok respect heart heart heart,0
tetep nonton walaupun ga ngerti mobil,0
emang kamu sama gak nyambungnya andi maulana,0
bangun motor ninja aja bang joy,0
benywijaya5521 ngomen diri sendiri,0
mahfud md ahok,0
crosstrack beso jumat kan cry,0
kumpul beberapa pakar masuk pakar korupsi alias koruptor joy,0
suara mirip lightning mcqueen joy,0
makasih ko rub pray,0
rahadiarum7448 menit gk bahas transparansi bang,0
muakkk,0
tahu minim lebih hebat gak om mob,0
hadir bang,0
bau bau piala dunia kemarin aja bantai ama iran,0
gpp kak jogetin aja oke gas oke gas wkoakwoaw,0
outstanding sekali kasih keras terus pokok buat team gd,0
mascar007 mas asep mas asep slight smile left right arrow,0
tau aja lu bang kalo gua otw beli hp,0
tim beli doang nonton kagak point up,0
tu bang ziko modif motor,0
mimpi apa rakyat kumolonimbus,0
apple punya usa cina cuman rakit biaya produksi murah,0
sekali sekali bikin motor balap mas,0
terlalu tinggi nyata,0
kalo sama snapdragon,0
gw kalah taruh paksa nonton habis pensive,0
let s goooo,0
lexus kok cuman ikut booth toyota,0
wapres,0
yg gk sebut tuh bang octopus octopus,0
ahok panutan thumbsup thumbsup thumbsup,0
yg nyelip satu biji thinking thinking sweat smile,0
kali sangat apresiasi orang2 ngedislike video pray,0
presiden prabowo jawab x presiden prabowo yapping white check mark,0
ketua sedang tantang kuota,0
masukkkk pa muchlis joy,0
1jam upload nih,0
harus kan ngatur moyai jadi susah,0
bagus pakai talenan portable sweat smile,0
ga upload hari jumat sore tuh kya aneh joy,0
ziko maen vario aja thumbsup eagle,0
make nih orang,0
sini cuma kasih dislike wkwk,0
hanifalii23 cuma asal tag bang kflgy,0
jangan mas kasi keringet dingin,0
sponsor ngalahin tv tuu,0
komen judolnya om kondisi,0
kaya bakal fokus mobil dipo sama farrel dulu gk sih,0
baby chair open mouth open mouth open mouth sweat smile sweat smile sweat smile sweat smile,0
dailyinsporation tanya gua sbnrnya lu mau siapa si presiden,0
siapa,0
coba waktu jaman pak jokowi acara bagus,0
insya alloh punya anak istri bang kalok gua mah,0
jum at sore gada video gd baru rasa yg aneh aja gitu sweat smile,0
kingpizzasuper apa nya yg ngak paham,0
gass modif motor kek den mas,0
pisaulipekstikerbatam jelas gua pinter lu pinter ga,0
sponsor cukup ahmad syahroni,0
jurnalis tempo sama metro tv kok gak ajak,0
ahok ri,0
mirip mobil ralli jir,0
lah nyata banjaran kab bandung,0
mobil mitsubishi apa pas yg parkir luar lewat,0
lo tau gk arti nipotisme,0
garus beli sih wajiiiibbb,0
ovanfebrian f1f jauh gw gak pernah milih anies jadi gw bukan anak abah,0
amazing bro komen yg paling nyala,0
oalaa hp yg borong speed kemaren tuh,0
gokil lu bg sumpah kreen,0
vibesnya bapak bapak pangkal ojek,0
duet ex espn fc mantengin justin edwin antem mulu sob,0
suara knalpot motor masuk pas ziko nge review v,0
adejua j4l padahal ngak ngomongin anis looh,0
done dislike blush,0
otw beli apa iphone samsung,0
anggorodps 9 ga capek balesin komen bro hahaha,0
maaf yah typo nya terima kasih koreksi pray,0
spg nya denza cakep buangett kissing heart,0
ngebantu banget bang poin2 yg jabar thumbsup,0
kalau jatu habis cerita,0
serius ni promo,0
mama mobil kompetitif broo klo gamau ancur maen kontes aja,0
wapres asli joy joy joy,0
asli merinding pas bagi reveal mobil nya sob,0
babi yapping joy,0
kalau salah mobil sam captain wakanda joy,0
habis nonton fery irwandi terus nonton hadehhh,0
gila keren banget velgnya heart eyes,0
biar keren lah makanya langsung build us mesin,0
dlu bang joy,0
peak,0
owh duid bapak nya kirain hasil keringat sendiri sweat smile joy,0
hahahahq sama,0
zhesuanshizhongguoshoujizuigaogongyile,0
jangan kan sahkan bahas aja joy joy joy joy gak usaha harap lebih blush,0
aduhhh gila hasil gokil ganteng banget,0
tumben kaga test speaker lagu andal safe and sound,0
camatzeus lah ngapain bawa2 anak abah joy,0
gm irene sukandar menang lihat sweat smile sweat smile,0
ahok presiden anies menteri didik,0
gemes sm masker muka pngn tek copot sweat smile,0
kirain fj cruiser cry cry cry,0
tim mending beli beras,0
mahakarya tada tada tada,0
coba mobil listrik mas,0
tunggu masakan bang valentinus resa,0
enggak sabar liat maestro tahir pake jersey partying face,0
akhir gak komen judol tada,0
dishare sih bahan papar pak presiden,0
brp ratus ribu udah yg dislike nih so gak kliatan joy,0
tunggu video full review mobil nya,0
mascar007 lah jadi harus ngapain kritik kasih,0
pramtime sekadar basa basi biar anggap junjung tinggi demokrasi,0
suka hal2 baik potential highlight,0
tau malu,0
lansia sedang main catur joy joy,0
the power kak najwa white heart,0
tetap gaya kaku tetap upaya egaliter demokratis,0
gilaaaaaa keren parahhh menit,0
wapres hasil ngrusak konstitusi bisa2nya ngmngn bginian ngacaa,0
50jutaan aja ginjal ronta ronta joy joy joy joy joy,0
info banya lepas drif pig,0
salfok edit pas sticker sponsor belkote hilang sob sob,0
mantab crazy rizh priok mah,0
lah yg bikin amerika ga suka sama huawei joy joy,0
tiba tiba bahas narkoba pak kan poin nya bukan situ sob,0
inti bonus demografi nganggur semua kl paman joy joy,0
wajar bapak duit ga seri,0
try playback speed at thank me later,0
giiileeeeeeeeeee,0
dah bukti om,0
keren banget bang bim,0
hold all coment,0
kayak konsep tahun an awal airbrush full body,0
isi ngga faedah,0
lieur ach,0
fufufafa is the best,0
tak bahas ampas aset koruptor serius nanya,0
beli kuota,0
nunggu gd buat mobil sendiri ayo sweat smile,0
episode tunggu tunggu,0
mobil om fitra lewat bg,0
ampun dah sekarang komen judol ky jamur mana,0
saking asyik baca komen jadi ken pipis online gue sweat smile,0
kunci orang bapak paman,0
kek tinggi bro,0
ngiri abis kaya orang,0
saran aja bang pin komen nya bang,0
silvia merah jarang dipake bang sini tuker sama beat karbu moyai,0
jiwa kaya raya ku tumbuh abangkuuuu sweat smile,0
kapasitas baterai 250kwh tara token listrik bulan hahaha,0
benerrr emang one in a million sih,0
marga mesin mana suaranyaaaa,0
diem lo mas wapres,0
banyak komentar judol jir,0
sponsor penuuuh,0
tempo gak mutu media ptopokatip,0
next bikin konten ganti mesin brziko pakai v8,0
mampir dulu absen dislike joy joy,0
moga ahoh sehat sehat terus nafas dengar makin berat,0
gagah banget sayang ev,0
om jeje msh sodara sm haji jeje,0
wkwkwkw,0
poin yg mau sampai gak jelas,0
inimah bukan antilag dastek dastekan,0
bukan selera anak muda joy,0
wuaduh hahahaha,0
tim yg langsung jual motor buat beli,0
presiden prabowo gebrak meja,0
anti gores nya gimna sweat smile,0
rightnow fs9vx makan makan makan jadi gemb,0
deposit 100rb dpaat berapa,0
ga mungkin kaum serang fajar banyak soal,0
keren bgt mas dipo,0
kan bikin nya ai joy,0
bukan siapa paling kuat siapa punya kuasa uang,0
miata kaki kaki nya aman buat drift,0
emang anak siapa doi,0
terus penting apa buat gua,0
mas tadi iims ko gada mas ziko,0
brzz asli ganteng banget,0
aneh bat maen catur janji wkwk,0
next gibran jawab,0
hasil akal2an konstitusi,0
ditunggu2,0
anjas hujat joy,0
gak nyampe mas gibran nya keburu ngehang,0
mbpok nana ngomong malah potong sama moderator dihhh,0
bang jual bakso,0
wehhhh udh crash ajaaaa broken heart broken heart broken heart,0
mercedes g63 lewat,0
inti cuma omon omon doang,0
yakin ntar dinasehatin sama expert jawab ndasmu loh joy,0
satriapurnamaaji8104 hasil apa cuma berita doang,0
nunggu produk chery bbm nya pake air laut hand with index finger and thumb crossed sunglasses,0
pak ahok baik terima kasih panji undang beliau,0
baru kelar lgsg crash mas sayang bener,0
tigoo kan seater bos,0
jawab kihat komentar netizen ngg jadi nonton,0
kuat banget editor,0
punya malu,0
nunggu second,0
jam potong vidionya apa,0
keren suatu hape dikuwas kuwes,0
juta aja cry,0
asc punya nih blush,0
dislike nya hide joy,0
teamshare7558 heran banyak yg milih exploding head exploding head exploding head,0
langsung cekot sopi joy,0
gue spontan nyeletuk gituu coyyy,0
tinggal metro tempo yg msih bs harap netralitas,0
bang zik bangun mio full rata kanan donk laughing,0
isi kosong bikin bingung,0
eee eee joy,0
mana konten gd hari,0
kaki si ridwan knp tu,0
gass modif motor fire fire,0
mitsubishi canter ev,0
pas rilis detik sold out bang moga gua bagi yg ls sweat smile,0
xmax oming welcomluster,0
gas mas modif motor xmax new aerox turbo,0
faa3457 k9l yg bahas apa komentar apa kan kocak,0
tanjung priok punya nih bosss sunglasses sunglasses sunglasses,0
kenblock almarhum sweat smile sweat smile,0
kuliner mikir makan aja gk usah politik,0
kesini ga nonton video cuma mau dislike v,0
hp yg unboxing speet,0
kdm ahok tugas gebrak luar negeri,0
setia pakai huawei p30 pro,0
si paling tarung tangguh cihh,0
mayoritas masyarakat kecewa bijak bapak terimakasih,0
uda ngatain orang pake emot minta maaf gada mental,0
bobol waktu pertamina,0
gampang patah kalo gak hati hati tipis bet liat aja deh sweat smile,0
update crosstrek,0
si paling paham joy ismailadrian f2e,0
kasih duit,0
andi maulana hahaha makasih jadi notice,0
mantap mas vi tera eri heart heart heart heart,0
beli main magic chess gogo,0
metro tempo ga ajak saluting face,0
iya practically emang sieh,0
pas ngedengerin gue jg gumam sumpah,0
lihat ngasbunnya,0
tim yg kerja keras buat keluarga triumph,0
tempo kok ngga ajak cry,0
kalau ahok anis baru tuju joy,0
kasihan korbang traficking kamboja kaya kagak mati iya,0
betul kata pak anis,0
jawab x ban white check mark,0
naikin gaji editorr,0
mas kalo tau harga unit berapa yaa,0
karomatullaily6755 maklum udah mentok,0
gila yg komen hampir kontra semua,0
mobil ganteng heart eyes,0
rizkyaja la prestasi negeri apa bro,0
iya bang coba proyek modif motor seru,0
anggorodps 9 buzzer tau apa sih,0
kok denger pak presiden ngomong ngilu,0
congratulation bg dipo kecee abiezz crostrek nya bg,0
mobil fitra eri ngga colek bro,0
kesini gara2 liat reels ig banyak yg dislike,0
suka suara mobil motor yg berisik,0
klo wapres jawab pake ai aja,0
punya laki iris bela gus idham sama g om,0
fakta aku emang gak sengaja tidur pas nonton,0
johanmaulana5558 a sekolah yg benar bg salam akal sehat,0
ngvlog aja pake hp joy,0
kucing joy,0
episode paling keren lucu hibur,0
kespill sendiri,0
gak sabar liat mobil anak om fitra joy,0
gmc gmc bang,0
ahok kdm kaya cocok fire,0
tim nonton doang ga punya mobil,0
lo ngeliat efek pulauwin gak sih kayak tren tiktok,0
episode senang,0
huawei luar biasa,0
jangan semangat tetap serah mas wapres,0
bang spil redmi note pro 5g,0
bilal astaga bilal makin gede aja joy,0
tes parkir bang masuk basement,0
ekonomi tengah gimana pa,0
pak jokowi mulai kerja face with raised eyebrow,0
joy hp yg beli ishowspeed kmren hp lipat canggih china,0
emg nol kapasitas nya bang,0
mantap gasss joy,0
mending samsung young gk samsung champ,0
dipo gymkhana mode fire,0
login dislek keluar joy,0
hitung berapa banyak pororo ngomong antek asing,0
keren banget coyyyy,0
najjisss jadi wapres jalur nabrak konstitusi,0
jangan lupa celetuk uni lubis supersemar wokwokwok,0
kok cuma jam anying,0
bang review hq nubia neo 5g plsssssssssssssssss,0
asli keren enak buat jengat jengatin,0
asyariiiii masuk,0
sehat selalu abangkuhhhh two hearts clap sunglasses hugging heart,0
otw ngayal,0
asc achmad shahroni club sweat smile,0
taikk ayam,0
the best skat mat deh tani pagi hari yg produktif,0
tuju aceh tiga,0
lirik anak presiden blush,0
si pandji nahan ketawa terus anjir joy,0
laa aku iyoo,0
oke gas oke gas,0
jz suara kurang gahar si,0
whahahahha akhir monthly bos,0
otw pildun nihhh heart heart,0
gokil banget cinematik nya boom fire star2 sparkles tada tada tada,0
buyar,0
gw tuh joy beli casingnya doang,0
menit gak template capcut kan mas,0
president of yapping,0
ngeri bgt handlingnya,0
lebih bagus komentar netizen omong bapak satu,0
mana tempo cry ga brani undang yaaaaaa joy,0
duhhh gue duit nya cukup buat beli iphone pro wkwkwk,0
apa yg stabil kemaren pasar harga daging naikkkk,0
moga sukses selalu tim gd thumbsup,0
anak jokowi makanya jadi wapres,0
lexus yaa om,0
joget dulu gak sihhhh,0
presiden prabowo jawab bantah joy,0
ekowaryono8099 saking luas ga isi,0
males kalo listrik,0
ketik aja omon omon joy,0
masterpiece,0
vlog gd terbaikkkk,0
manaa vlog seads kamiii,0
benah pa,0
inigabutchannel9054 bang,0
angeliart menit berapa yah jelas tempo undang,0
beli poster biar tambah besar sweat smile sweat smile sweat smile sweat smile,0
iya iya bener rofl rofl rofl,0
begini doang mah kagak tarik,0
anak dapet makan siang gratis ga,0
pesona laksana selalu ide inovasi tiada henti tada,0
tuju kak modif motor pake airsus rbwt gd joy,0
ipone makin jauh tinggal joy,0
bisa keiu nyarios na joy,0
like vs rb disklike waw bntar bakal hapus,0
zenix jadi liat kecil banget belakang hev wkwk,0
dialog dong pak jangan monolog,0
mana mau si dewiii beli legacy,0
gokillllll heart heart,0
dipo yg bangun mobil gua yg bangga,0
pak rt tetangga langsung dateng joy joy joy,0
semangat terus bg dipo grin,0
fly bang,0
yg pirang gak review bro sweat smile,0
parwis bayak pakai skylander dominan sr3 jb5,0
sangat heran ama laku orang model om,0
aduh lucu banget sattt joy,0
prettttttt,0
iso speeed,0
jurnalis tempo undang,0
mascar007 gw bayar pajak lah mikir punya kuasa,0
valentinus resa gak ajak bang,0
bang ziko gak rievew dodge charger punya dom,0
ngomong apa jir,0
kurang berani apa coba ipk jadi wapres,0
gass truss brooo,0
manusia paling sabar sabar hina yg sbenarx benar,0
jadi inti apa fungsi jd wapres,0
gas bang main motor,0
damkar paling percaya rakyat pak,0
gila keren banget dipake bimo jerseynya,0
anak muda berani tumbuh wkwkwkwkwkwkwkwkwkwk joy joy joy joy joy,0
haha cuih ga tu joy,0
joy lapor mas wapers,0
nah bener buat uang timnas,0
baru kali gw tarik nonton komen ketimbang isi video rofl,0
bonas bonus eh baca berita ratus siswa smp gak baca tulis joy,0
cupra masuk indonesia,0
aerox sering bgt muncul sosmed ganteng polll,0
best episode makasih bang panji fist,0
bengkel bg bukan montir jasa konsultasi,0
konten modif motor d channel pribadi mas ziko thumbsup,0
wajib kolab,0
manaa crosstrek kamiiiiiiii,0
asli bodo banget pandji maen catur sneezing face sneezing face sneezing face,0
jejak dijitalmu gak hilang brow,0
zetsu putih ketar tir,0
kabar crosstrek gmna bang,0
komemtar sini penuh orang omon,0
dulu milih siapa bang,0
yook bareng2 bro,0
presiden curang,0
indonesia modus obta stop call me raised hand raised hand thumbsup thumbsup thumbsup thumbsup clap clap clap clap smiley grin sweat smile joy,0
bang review garasi baru,0
pin komen2 orang bang biar gk kena spam judol,0
no maksud siapa yah,0
obell siapa dah bbangg,0
wow salam,0
punya prof dipo pnp semua joy joy,0
lha lu komen bang,0
yaa allah presiden to iki cry,0
layak bapak ajar anak anak,0
fufufafa ketawa lihat,0
tanyain chat gpt grok aza mas,0
ganteng pol,0
pikir,0
klo uang sisa bnyak baru beli sweat smile,0
numpang tanya dealer nya gabung ngak sama dealer cherry om,0
kevin de mruyne,0
bg je coba review truck colt diesel 4x4 kebun sawit dong sweat smile,0
merdeka prestasi ghaib,0
liat harga langsung ken beli grin,0
sama dong joy joy joy,0
bikin baju bagus emang bandung joy,0
bonus bapak misal,0
vocalisnya vob menit,0
asik dengerin dongeng ngalor ngidul bikin ngantuk yawning face,0
elegan banget si,0
tuju sampah demografi,0
ahok said anis sangat negarawan,0
aura anak bung fitra gak sih sweat smile,0
kalok punya malu harus mundur sih,0
huawei esia ngoceh emang,0
ishow speed borong,0
g63 nya tuhhhh,0
goxxx mau dong bang jerseynya,0
hampir aja jadi episode skakmat pendek wkwk,0
ngeri kali antilag nya fire fire,0
prabowo jawab cry,0
gd bikin v8 lahh lebih manjanjikan kompetisi,0
banh gimana mobil mas dipo habis crash tanding,0
penisirin yg bikin skrip orang ky gmn sweat smile,0
kapan gd pake mesin ls,0
apa sih kemeja biru risih gua slight smile,0
astaghfirullah kok gin presiden pilih indonesia cry,0
beli indomie topping nasi smiling face with tear,0
ngakak bgt denger pak ahok ngomong gak henti,0
baut roda nya bener2 mobil palu,0
cat2 misi bang yaaa,0
knpa gak sesi testing thinking smile,0
om knapa skarang rua banget kaya bukan om mob cry,0
noviaarinjany122 wakil bagi2 skincare sekolah kak cry,0
siapa kemarin coblos hah brainless,0
ahookkk cintakuuuu heart heart heart heart,0
anis nikke okesih,0
ngerangkum sendiri pake ai nih bang,0
benar joy joy joy,0
ctgctg9921 baru tau,0
bru tau aku sweat smile,0
udah skakmat tuh padahal pandji blunder wkwkwk,0
karna penta prima sponsor elite,0
tetangga be like hadeeh ngapain tuh si ziko wkwkwk,0
ahok mahfud lah yg jgn gegabah,0
gass modifikasi motor,0
bandar judol bang,0
ril cuy beli kerupuk sih,0
langsung belibur kamp boja,0
d tunggu konten modifikasi motor bang,0
bujangpamenan w9i intelektual,0
hahahaha hahahaa sweat smile,0
best banget sumpahh,0
sony brand besar tp ga bikin hp begitu,0
hpnya ishowspeed,0
xmax gd style blush,0
angka dislike nya non aktif kena mental kek,0
satu kata sih buat lu mas gokil keren bgt sih love it heart,0
ngomong apa sih gk jelas bjirrr thinking,0
tasik liat beberapa charmant,0
bensin guna aftur,0
mobil farel mana,0
bener bener nyeleweng jawab pas cecar malah habis waktu rofl,0
bakal reborn,0
mobil hammer ev paling keren sekali,0
feeling flat harmony next yg baru benar benar bas android,0
keren abis tada,0
hahaha dahitsu gak yg pilih sweat smile,0
menit kayak skakmat,0
bravo tempo,0
yng penting ga pakek uang rakyat aja bang hehehe,0
mobil balap biaya rakyat,0
lebih tepat nahan ketawa pas jawab mulai ngelantur,0
i love you,0
anjay view nih gw,0
cuma buat buang waktu,0
seh dah bae akun judol moyai,0
sya besok beli yg lipat puluh,0
bang coba hp tecno spark go bg ripyu,0
gausah spoiler cil,0
tunggu lanjut project crosstrack,0
episode paling lucu,0
selamat bang moga makin jaya tada tada,0
modif motor auto rata kanann mh hehe gass modif motor bang grin,0
nanya bengkel bg sob sob sob,0
era jokowi selalu tanya kapan gera revolusi yaa relieved,0
emang presiden pernah wawancara,0
gasss bikin konten modif motor matic kalau rata kanan joy,0
logis pak hemat versi pak ahok,0
mending buat beli mi ayam,0
edaaaann gada suport moga wapresnya nyadar tau malu wokwok,0
lomgsleeve nya cakep parahhh anjiir,0
yg komen,0
audio kecil pas iklan kaget gua gede bgt,0
gas bang,0
hina terlalu hina puji nyata nama bukan puji,0
jangan sok edukasi kalai kerja dibantuin orang tua,0
menang sampah,0
kenal huawei thn emang luar biasa gebrak nya gak tanggung,0
akhir woiii,0
lebih tarik baca commentnya,0
hp borong ishowspeed biji cina wkwk,0
rog ally x gacor bg,0
tombol dislike ud non aktif hehe,0
yeaayyyy akhir,0
inget tetangga bang zik khilaf sweat smile sweat smile sweat smile,0
best skakmat so far,0
eh mas gubernur,0
isi konten tulang semua lebih daging komennya ahahahahhah sweat smile,0
skakmat pandji joy,0
langsung beli mie ayam,0
isi ngga pantes upload,0
cuma sini yg bikin nonton betah sampek akhir wkwkkw,0
gakan berani ngundang tempo,0
trending yokkkkkkk,0
ketawain gak sih spam2 jud ol kira bakl tarik,0
kalau luar sana sering kok pakai offroad,0
mau poles bagaimana kalo kosong mah lihat,0
50jt an aja sweat smile,0
ngarang jawab pak prabowo,0
udh bg gw beli kopi,0
makasih udah aku salah kak perlu apresiasi,0
keren kieuu mang bimooo,0
paling neng kalau om mob udah ngomong hyendeeeeiii rofl,0
om mob lebih seru,0
otw beli buat mbak art rumah,0
lebih baik tanya yt dokter mobil indonesia aja,0
makasih clipper tara arts gema show,0
kdm ngga dulu deh perlu bukti,0
serasa liat joe biden bicara nya ngelantur,0
beli nokia n gage,0
juta aja bukan buat kaum dang mending sweat smile,0
fortuner kaga anggap bang joy joy joy fire fire fire,0
isi klaim prestasi orang joy,0
narasi isi buzzer semua,0
interaksi tak duga lucu panji sama ahok,0
gokil sih buat guling clan mulyono joy,0
bahaya kadrun,0
bapak sama anak kok satu keluarga wkwkwk eeehh,0
kena banned malah op thumbsup,0
hp ishowspeed,0
manfaat sekali kak,0
joy joy joy joy wanjaaay quotes nya brillant bgt,0
apa roda belakang kiri thinking,0
pertama nonton joy,0
opo iki orang kaya gin joy joy joy,0
lah gimana joy asyariiiii,0
brand cuma ganti posisi kamera aj huawei mantb,0
gas coba modif xmax nya,0
ban nya kok lepas mas joy,0
udah abis indo bang udah gw borong,0
siapa sih bisik pak presiden jadi begini,0
mungkin pake buzzer sekarang hehehe,0
jual ginjal,0
info loker pak relieved,0
cara liat dislike gmn brader,0
ga sabar liat brziko vs brz obel nnti,0
aerox apa xmax bang sweat smile,0
koreksi dikit yg milih mpr bukan dpr,0
kaga bang dua udah pernah jadi gubernur,0
fufu fafa ndadmu,0
modifikasi motor siap kawal bang ziko saluting face,0
gila ampe merinding gua nontonnya sweat smile,0
ajak akang mv buat modip motor sweat smile,0
best defender i ve ever seen,0
jumat sore wajib selasa cuma samping,0
this dude has diploma in yappology,0
udh bang udh sen unit mimpi joy,0
harus obrol cuma menit gegara kena skak joy,0
bang gk mampir the elite banyak motor tuh,0
ziko dipo tinggal nunggu reveal mobil farel,0
gd kalo modif mobil gak pernah gagal mantaap thumbsup,0
direview sih,0
makasih bang point2 jabar,0
cocok buat hantar tidur isi nya bual belaka blush,0
sweat smile sweat smile malu ndjie,0
pernah rasa jenuh main do a7 selalu inovasi cool,0
dipo selalu problem mulu dahh,0
jawab penting negative squared cross mark penting jawab white check mark,0
tunggu review s15 pakai mesin r35 mas,0
bosan,0
randomplace2296 coba solusi realistis lo kek gmn,0
koq mirip cerita nya siapa yah wkwkwk,0
thanks bang makin buka pandang lain good job,0
gilak cakep banget,0
jawab nya pake chat gpt kan yg bangga ai sweat smile,0
yg beberapa kali kalah lawan farel akhir ganti mobil,0
apurnama ooo gua kira kepanjanganya anak syahroni coy enggakya nyata,0
muhammadihsan ur7jm emang iyaa,0
patut coba tada,0
bilal wajib diet,0
si paling cepat joy,0
psikolog bedah cakap,0
kambing siapa yg lepas,0
aku dibeliin sama papi ku singapura buat main pubg joy,0
mantap mobil,0
bukan dr prabowo antek antek nyesel gua golput,0
nemu point mas mau sukses punya orang,0
ampe basi gw baca begini tiap konten huawei aje,0
anggorodps 9 anggoro bayar brp anggoro,0
kabar iphone mau ikut ikut buat hp fold wkwk,0
velg ceser keren abiss joy,0
anggorodps 9 akun baru mana nongol terus ngebelain om prabski ckck,0
benar,0
om garasi drift jga buat yg pake mesin v8,0
gaji guru naik kan emang udah jmn sby bkn jokowi prabowo,0
nakoda yg tangguh lahir sering dapat hantam badai,0
tebak anggar berapa m,0
hearing without listening taking without speaking,0
tuju indonesia bubar sob kasihan dahulu wilted rose,0
denishenritowoliu5367 gk usah kasi sama w emang w knp,0
wowowoooooww bener bangeeet rofl rofl sob sob sob,0
the power of cuan see no evil person doing cartwheel male sign,0
tempo rocy gerung sweat smile,0
jagurduk xb7pb bang udah bang sob sob sob,0
pas bgt upload jelang milu aussie next month,0
toko nya,0
tong kosong nyaring bunyi fufa,0
bikin film bagus kayak inspirasi sekali joy,0
undang pak jokowi bang,0
genius banget cok makin gak nyesel gua gak milih clap clap clap clap clap clap clap clap clap clap clap clap clap clap clap clap clap clap clap clap clap clap,0
suka land cruiser vx80,0
sekrang gk perlu seludup pak kan impor unlimitid ga dibatasin,0
baru sadar pemred tempo,0
terbaek orang sayang banget gak jadi presiden,0
ternak abah pandai nilai,0
sulistyowati el8kl bayar brp,0
benci sama salah nya yg dulu kagum sama ubah nya sekarang,0
kalah sama anak d1 yg pinter pidato,0
tuju kalau ahok pak mahfud tak coblos,0
diplomatis apa emang ngga ngerti pak wkwk,0
kerah kalo putih asik kyknya,0
rekomen hape android dong budget jt,0
tanya draft ruu tni jawab mencla mencle wkwkw,0
beli motor scoopy joy,0
kameramen mula fokus bung,0
peran wapres mana,0
klo banyak tuh dislike gw pencet yg banyak,0
jadi inget bro ferry irwandy,0
wkwk seru,0
gaya sesuai dompet,0
harus elu jadi model nya om,0
kilas info doang mah l dh gtu ja rofl,0
hp harga gr lm,0
kelass,0
iya,0
langsung skip,0
lanjut vivo v50 lite mungpung hagat,0
mundur aja bro,0
jauh lebih manfaat baca komen darim nonton video,0
guncang guncang fakta,0
mau ikut dislikenya ko ga,0
asyik banget,0
hebat bgt tahan jauh joy,0
yakin indonesia kembang pesat,0
garasi drift on top fire,0
ubur2 ikan lele offer terus buat pak tony sumber alam le grin,0
jawab aja gk trs kerjany gmn joy,0
ngang ngong ngang ngong doang udah yapping nya,0
jadi hmmmm kapan mau lengserin perintah sweat smile,0
siluet desain fj cruiser sekali sweat smile sweat smile,0
jadi ingat jalur pintas rekayasa paman mk jadi wapres sweat smile,0
apa iyyaaa yg misqueeennn gak usah lanjut nonton joy,0
asli suara meski suara palsu,0
rata2 jalan jawe semua tdk jalan nusantra thinking love you gesture pray,0
ahok fery irwandy lebih,0
al maidah nya dipake lg gak joy joy joy,0
kok tempat sy lebaran harga ubah semua pak,0
tuh gd modif motor tarik thumbsup,0
mobil wakil karakter om jeje muscle thumbsup,0
kalem dikit lah joy,0
poin tarik banget pandji,0
bagus hpnya jir,0
beli siomay yum,0
langsung cod facebook sweat smile,0
apa mas ockis ken suara kaya gitu brziko joy,0
duo bapak bapak duta sahabat otomotif,0
lebih rendah gelandang joy,0
sabar netizen keti tahan joy joy,0
udah engga dong,0
mobil akang mv,0
yg penting takut tuhan mas face with hand over mouth,0
minggir lu miskin ampun ngakak bgt,0
ban gimana maksud w pake google,0
moga pak ahok sehat selaluu hormat,0
gilir komen kek gin aja buzzer2 gak jawab sepi,0
sedang tunggu orang komen nonton pake hp sebut,0
omon omon doang,0
beli cuman buat telpon wa sweat smile,0
mas wahid jual beli mobil dulu joy,0
kalau punya uang lebih banyak ken sih beli baic bj40 blush,0
hemat waktu kalian cepat vidio jadi 5x,0
tecno lipet,0
seperti yakali kan gatau kalo forza,0
joy mas wo wo mas wo wo sweat smile,0
duet anies ahok impi,0
milyar habis mungkin biaya modif nya,0
vonia1047 jalan haha,0
tuju ahok x dedy mulyadi,0
ubur ubur makan terasi laksana pesona makin serasi point up 2 point up 2,0
iya kyknya keren tuhh lintas banyak tampal,0
kasi sama anak koruptor kata joy,0
sebentar hijriah ratus tahun emas nya joy,0
kenceng mana sama 2gd,0
terima kasih saran joy,0
beli j2 prime,0
uu ampas aset koruptor tak jawab cry,0
thanks timestamp nya bro thumbsup,0
beneran dah masuk akal promosi begini,0
gas bang gua tunggu video konten,0
tunggu second ny hingga sentuh harga rp juta open mouth cry open mouth,0
bro pikir bro ferry irwandi,0
diskusi sama rakyat dr semua sisi perlu pak,0
yahh udah hide dislikenya info akhir dislike nya berapa,0
prompter joy,0
jgn kayak buzzer,0
ngga jelas bgt isi,0
fix beli kouta dlu,0
nunggu versi china yg harga gak smile,0
ko main janji dulu om wkwkkw,0
baper banget lu ama komentar doang kasi sob rofl rofl lockysigarlaki163,0
terima kasih mbak najwa shihab baru tahu siapa prabowo,0
amazing open mouth open mouth open mouth,0
si anyiinngg ngoceh joy,0
gas main motor hehe,0
bang review hp realme gt pro dong bang,0
manusia biasa d emang jawab nya lantur dasar buzzer bayar berapa lu joy,0
samsulkhoir w5t samsul bayar brp,0
rivyou mobil nya bg bimo dong bg,0
jam betah,0
mantep langsung sorot smua motor bang dete kwkwk,0
salut editor ngedit jam,0
wallahi we doomed,0
tebak gg nulis script,0
merinding siih pas reveal blush,0
obell support duit bpk vs farell support jalur bpk,0
ngomong opo to pak,0
sayang ga jual,0
cuma bikin rugi orang malu banget,0
bahagia hakiki,0
mas panji main catur koq atur sich joy joy joy,0
bang review mobil umbu gilberthh,0
anak abah diem aja,0
bapak sama paman gak ajak bikin video mas,0
banyak,0
ahok mahfud sih,0
lah kaki ridwan knpa,0
ziko modif motor auto langsung rata kanan sweat smile,0
salfok sama bagi krah depan nya gak presisi eyes,0
kurang suka belakang kutil,0
marsha vob bukan sih,0
kau pikir hidup makan kata pikir rakyat tak butuh susu rofl,0
inti lu komen kocak sweat smile,0
ishowspeed rp joy box gift youtube fire hand splayed smirk hand splayed,0
kirin wehhh gg,0
kemari buat dislike doang,0
nunggu yg luas tiker baru beli,0
memang ga jahat sii hny g kompeten aj heart adhesive bandage broken heart,0
kdm btp,0
kapan nih review hp mahal channel sendiri awowkk joy,0
50jt dpt vario125 biji,0
nonton siang jadi ngantuk sweat smile,0
waoooo huwai keren,0
mantappp makasih sangat detil kerennn,0
akmalattareyhan lhoo masa sih face with hand over mouth,0
mantepp bener kkaa aihyss blush,0
kaya ga tau tempo aja bg wwkwkk,0
pajak tahun brp,0
bang bahas mobil baru farel dong,0
gua dengernya headset asa suara mesin rotor,0
capai rakyat mah bukan situ joy kocak emang,0
kasi bang arief joy,0
kereeen nerd thumbsup,0
wapres cuma icon dulang suara pilpres bang,0
awas nant lu digebukin kaum tikotok,0
bang cobain bikin cumi darat dongs main diesel kali2 face with hand over mouth face with hand over mouth,0
indonesia mah air pdam bocor aja bilang air berkah hahahah,0
ngakak pas diskak mati rofl rofl rofl,0
ngakak rofl,0
the long awaited skakmat episode is heeeeerreeeee,0
joy joy joy anak abah emang gak mati nya joy joy joy,0
cocok pak rumah klaten rental,0
ga crostreck,0
irit kalau pakai reaktor fusi nuklir ga usah ngecas terus joy,0
absolute cema hand splayed sunglasses hand splayed,0
muhamadnurhuda6725 hahahaha rurut komentar kayak bot wkwk,0
daaaan pa bila esok,0
bukan jawab cerita,0
ayo garasi drift upgrade mesin biar trs competitive,0
2x joy joy joy,0
ban dah copot aja bang,0
parkir luar fortunernya ga bahas sweat smile,0
cuma buat bikin kesel,0
regencies,0
kesini cuma dislike liat komenan netizen,0
anggorodps 9 ayo jelasin jangan ngilang lau,0
espro sejarah brand lokal go to pildun amiin eyes mc thumbsup,0
heleh gak modif,0
dos bang,0
menyalawa wii,0
pikir bukan dialog monolog,0
makin nyata omon omon nya,0
kinggba emang buzzer,0
solid solid muscle idid,0
ngebantah cerita sweat smile jerryklisman,0
orang lambat point down,0
jogetin dulu dong,0
aroma rallynya kental banget,0
updateeeeee,0
bole bawa popok joy,0
layar buat samsung arti samsung nyimak,0
makin makin nih hp joy makin kebel joy,0
idam sih,0
tuju banget bang,0
moga indonesia depan bebas nepotisme,0
duhh motornyaa bang adete cakepp bgtt,0
kok jadi orang yg gk marah2 rofl rofl,0
neng banget gd gaji rajin upload heart heart,0
entah lah bang mau apa coba jabat sweat smile,0
kasi mba najwa yg bikin acara yg potong potong joy,0
ken ngeludah online,0
settingan awal,0
fee ridwan hanif kali tarik bgt,0
tinggal menit,0
huracan lbwk kahhhh joy,0
salfok sm mobil biru yg dalem drooling face,0
ko bagus mas ferry joy,0
pantes buat lihat,0
keren bangettt,0
kaget bang aku aja yg nonton kaget joy joy,0
supersemar,0
malah ingatin wkwk,0
indonesia butuh orang orang spt lu bang gw respect,0
gin jabat publik rakyat nya dosa nya ngak buat diri nya aja biar sakit buat masyarakat,0
kupas terus,0
bang bang ga henti,0
teryata lindung negara,0
hati hati sama orang dekat bg,0
pak budi kan pernah klarifikasi fokus koperasi sekarang liat kan koperasi sukses liat aja tuh udah panen berapa milyar hasil koperasi judol coba tanyain bang kominfo ciduk kali aja ngasih kur buat bisnis judol,0
sad bor angkat jadi duta anti judi online,0
orang muslim gwa doa allah mulia bapak feri irwandi aamiiin semangat bang punch thumbsup,0
rezim pinokio hancur negeri jabat era bejat gilir yg lurus singkir tangkap tuh si budi arie si t jadi jabat,0
eh btw dulu issue sampe bahas kalo serdi fambo lindung punya situs slot dg kode apa lah lupa,0
gue ga takut mati cuma gua gamau mati sia aja sih gila gue warga indonesia bangga bgt sama lu bg udh mau juang buat indonesia jauh lebih baik brantas terus perintah tikus kantor,0
semangat bang,0
mau tau fakta sedih orang2 yg kerja negara judi online sana bandar cukong2 yg ngebuat website judol tonton cengar cengir rasa sentuh kroco2 kayak kerja admin judolnya sih temen se circle ane yg sempet balik oktober lalu trus gak balik nyebut istilah lampu merah kayak salah satu cegah ngebuat si lampu merah pekerja2nya gak balik lg sono,0
hukum mati laku bisnis judol lindung,0
al siapa thinking,0
santai bang aku ada pihak rang judi online,0
berantas pinjol,0
mahal banget konten sehat sehat terus orang orang ada jalan benar tetap semangat,0
turun,0
rakyat udah miskin jodol penjol kek pelihara oknum cukup pinter alih perhati pak prabowo membumihanguskan biarpun macan kambing kelinci semua tangkap miskin hukum penjara,0
gua ga takut mati gua ga mau mati sia sia,0
al siapa,0
segala bekinganya usut trs dah gk usah bekingan2n,0
banyakin doa bang doa bang ferry orang2 yg juang tegak benar gak mudah banyak ancam,0
mungkin semua main aman endus tegak hukum negeri,0
mas irwandi vs timoty ronald lesgo,0
gantung semua,0
tangkap budi are menteri tolol yg mngerti aiti jokowi asal nempati orang orang nya yg dukung mulyono projo kuruptor,0
projo pro judi online joy,0
knpa youtube org bahas kasus judol yg muncul iklan olymtrade,0
jelas pengaruh yg sangat besar ekonomi krn pengaruh daya beli masyarakat yg makin turun sulit cari celah usaha kecil tengah bawah,0
gua kaga ngerti judi meski tau situs emang ga main logika aja uang yg lu kumpulin cape2 lu taruh judi dgn kata untung2an joy joy buah bodoh yg laku manusia sadar penuh,0
mulyono tertawa lihat joy joy,0
al,0
ndak harap negri tuju baik siapa mimpi negri rusak rezim mulyono kemarin,0
pinjol ngak resmi cabang judol jadi siapa judol tawar pinjol,0
pakar hukum aparat tegak hukum sadar kalian kasus judol narkoba dlm rangka miskin bodoh jangka panjang yg akhir runtuh bangsa nkri harap tega hukum utk lindung anak anak bangsa indonesia depan hancur semua sarang judol narkoba bumi indonesia,0
tenang pak prabowo mulai nyala mesin perang mafia judol pasukan2 sus siap,0
dukung mas fery buat jadi anggota dpr ri,0
bang gw hormat sama lu berani speak up soal masalah gw sendiri beberapa kali ketemu beberapa judi online emang kondisi parah banget moga perintah lebih tegas,0
jadi menteri kominfo aja bang gue dukung lo brantas judi online,0
ingat kubur suara lebih keras atas bumi kata kata mungkin bukti ferry irwandi tiba tiba hilang misterius bongkar kedok bobrok resiko besar tan malaka dulu,0
selamat gagal jadi duta anti judol sadbor juara artis endorse judol selamat mampusrakyat,0
siapa dimaksut inisial al man teman teman,0
moga kelak anak turun gw ikut cara pola pikir kritis santuy kultural kek abang ferry heart,0
kalau putar uang nya kontribusi penting kalangat elite sangat tsm,0
banggg buat filmm,0
hukum minimal umur hidup,0
jt bulan padahal berita baru bandar judol untung miliar per hari joy joy joy joy,0
keren video nya bang ferry,0
menang besar henti blush,0
org yg dislike bandar apa salah nya pak budi arie sweat smile,0
judi hanya buah main main orang orang sifat primitif pikir masa depan black joker mahjong spades,0
bang ferry kan back up nyq gede channel bawah naung close the door nya deddy corbuzer blush,0
keren bang rupa gera pak prabowo tau mas deddy orang balik layar suara mas ferry ikut,0
curht dikit temen gw candu judi temen yg loyal banget tongkrong gw slalu ngingetin tpi dalih cuman dikit dikit doang gw gk percay sih ama perkataanya bilng mau udahan tpi bulan depan kumat aku kudu gimana bwat bantu sadarin cry,0
dramatisir sweat smile,0
kok mau judi online klo pake logika kan sistem bangun tuju manipulasi atur demikian rupa jadi kalian ndak menang kaya lalu judol,0
kenal tempat kerja aja banyak yg main judi online bilang masuk kuping kanan keluar kuping kiri gilir akhir bulan ngemis2 minta makan padahal gaji sama dipikirin kalo temen aja yg rata2 cuma pegang hp internet lebih gaptek akses berat emang sistem blokir wadidaw,0
orang tolil maen judol inget judi main orang kaya gabut uda miskin maen judol harap ken kaya instant pls be a smart lingkung gw banyak hancur hidup gara2 judol jadi stop maen judi klo loe ga kaya raya yg punya aset turun,0
please jagain ketat paylater paylater sana paylater jd sumber dana utama bwt judol bwt dapetnya sgt mudah,0
persetan orang2 libat judol,0
bener bener el professor nyata terimakasih ferry irwandi,0
moga abang lindung terus orang orang jahat allah,0
kok negara rugi,0
iya ih bang ferry temenku dulu sering bilang campur tangan perintah sekarang tahu nyata,0
bung ferry cinta konten sampah bung ferry saji informasi umum yg benar tahu lalu analisa2 informasi media mainstream butuh informasi kelas intelijen yg saudara punya konten cukup buat bandar ingin bunuh saudara,0
tetep si budiasu mafia balik pelimdung judol,0
semangat bro juang jaga saudara teman dekat main judol speak lawan mafia judol merdeka,0
alhamdulillah bulan an gak maen judol karna aku gak umur ku yg bilang muda gak mau masa tua ku penuh sesal karna judi online moga lepas judi online lama lama buat kalian yg maen moga henti lama,0
mantap bang tunggu orang pake rompi oren,0
yg khawatir yg cari sama pihak yg sangkut bahkan bukan mas ferrynya orang2 dekat mbayanginnya aja ngeri stay safe mas ferry,0
main logika kerucut kasus mungkin simpul si mantan menteri tercintah benar tahu apa2 soal perlidungan websit2 judol benar nyata simpul kalau memang kerja sangat buruk masa awas anak buah sama sekali simpul kalau beliau awas benar jalan harus tau emang niat aja berantas simpul ga kompetensi awas zonk emang tau ga mau urus note yes mungkin kalau ikut kena ciprat suap tp sini mau asumsi yg masuk akal positif,0
pahlawan,0
skeptis semua sandera bu menteri dulu komisi ketua malah bangsa terang2an tega mengekspoitasi bangsa sendiri mending fir aun,0
gua harap rasa kecewa kesal atas masalah orang orang buat jalan lancar semua giat perjud an jadi semangat buat masyarakat berantas hukum semua libat usaha ilegal sia orang apa jabat wajib adil,0
revolusi,0
tlg bahas bang kasus import gula import gula dah sekarang cuma yg kasus kalau bilang th surplus sendiri kayak ga masuk akal tahun sudah minus,0
simpan data kau tak pandai lindung juday engkau lihai,0
sama mu kawan,0
terima kasih,0
orang orang main judi online rasa keren rokok,0
paling tanggung jawab atas libat jabat komdigi jadi lindung judol ari budi jadi wilayah jajar kominfo periode belum keminfo laku biar kalau budi ari jabat menteri henti,0
abis bang ferry dm sama orang orang benci bang ferry swmangat bang jangan patah semangat,0
panjang umur juang fire fire fire,0
percuma byk podcast tdk hukum keras judol tetap jaya,0
semua jga faham kominfo sidoarjo suara pondok buron macam gempa bumi sunam liat aja d dlm pondok dgn alamat rt rw kel tanggul kulon kec wonoayu kab sidoarjo jatim atas nama suhani kendah yg nyewa lalu cmt lah yg bayar kominfo semua masarakat jga lapor masuk kel bsr pns kdri lapor pondok tsbt masuk korban2 yg d rmpok lapor pondok tsbt tp bajing pondok tsbt guna uang rmpokan kriminal kel pns kdri bangsat betul pondok tsbt jd semua umat manusia yg d indonesia bahkan negara2 d dunia semua faham tau kebiadapan pondok tsbt d garis tkp pns kdri tdk punya hutang thdp pondok tsbt semua masarakat d ajak ngrampok dgn cara ngroyok sana ngroyok sini kemudian masarakat d ajak fitnah kel pns kdri yyg kuasa d indoneisia presiden pondok bang kok masarakat takut d ancam2 pondok kok d biar pondok sebut rame2 serbu pondok ters cry ebut tendang ajak polresta malah kabur berat memang d biar pondok tsbt polisi ada culi ancam terus terus,0
sikat habis bang,0
lucu jadi menteri lebih koperasi banyak duit,0
lebih parah narkoba hukaman edar narkoba indonesia hukum mati hukum bandar judol lebih tegas hukum mati,0
bang ferry mau cerita bagaimana judol hancur keluarga abang rintis usaha konter hp tahun lebih dapat bersih capai 20jt bulan usaha sia sia tahun jatuh lubang jebak judol bukan cuma bisnis hancur rumah tanah orangtua habis gadai jual tahu orangtua keluarga abang cerai berai mantan istri tahu kalau abang suka judol keluarga punya apa apa baru lulus kuliah pikir panjang nekat luar negeri walaupun kerja sering anggap remeh orang orang sangat paksa tanggal ego tuntut ekonomi,0
kan masalah sweat smile tada,0
akhir up,0
mungkin stelah punya anak critical thingking gw paling tajam kena nasib anak gw paling iba banget kalo liat anak kurang kalo anak hidup susah akibat tolol ortunya ikut judi online fix akal cuman jengkal mayoritas mimpi ken cepat kaya mau kerja keras nyata ini mayoritas duduk negara ber iq parah lindung judol jabat kalo kondisi gak ubah paling yakin kalau indonesia cemas,0
judol kontoll orang goblok yg main yg menang tetep bandar rugi member rofl rofl rofl hey admin yg gk terima sini komen gua bongkar sistem curang luu face with hand over mouth,0
al yg tau siapa hueehhehehhehe,0
aparat wajaib telusur aliran2 dana judol budi arie projo perlu wajib priksa,0
ferry is goat goat goat,0
apa laku menteri dahulu dpt duit tada,0
salut sama orang yg buat video sangat edukasi aku orang aku tau aku smp tahun aku sangat salut konten edukasi terimakasih partying face tada heart,0
korban judi online siapa aja loh jadi orang tua jadi kakak adik jadi saudara gua punya kakak laki laki punya anak arti orang anak ponakan gua gua sayang banget sama ponakan ponakan gua bayangin kalo kakak gua jerat judi online dampak sangat besar sekali jadi dampak gua saudara gua yg bahkan anak anak cry yuk sadar kalo judi online bahaya udah tara narkoba,0
ga bayang jadi bung ferry tekan sana sini banyak banyakk banget bung santai lantang sampai benar moga doa doa baik masyarakat lindung keluarga mana ada salam hormat raised hands fire,0
hukum indonesia hukum kentut,0
semua uang anak istri joy joy joy,0
kasi katak jauh jauh lari kamboja padahal indo banyak temenya wkwkw,0
bg coba tegur influencer youtube bikin konten kait judi online jg yg nama channel youtube nya new gubuk sloter s coba kasih ingat bg karna subscribeer nya udh 80rb lebih game yg main nya sangat2 resah karna game kedok judi online jg bg beli chip top up moga dengar bg karna game sangat2 buat orang2 yg kenal hancur,0
semangat bang thumbsup thumbsup thumbsup fire fire thumbsup thumbsup thumbsup nyala abangkuuu thumbsup,0
gue laik suami kakak gue aparat salah satu pasu elit tagih main game judol malah jadi jual chip kasihan kakak gue sampe cari duit sendiri anak moga judol indo hapus oknum nya tangkap lalu hukum m ti,0
mantap bang selalu dukung konten walaupun kontribusi sangat kecil,0
sehat2 semangat terus buat abang team saluting face respect,0
mulai kritis akun akun instagram yg watermark judol lawan,0
salut banget gw ama kberanian lu bang fire fire fire,0
fight,0
trus gimana cara big bos2 besar jual beli kan situs2 judol sebut hilang jejak2 big bos besar kendali luar negeri jadi yg tangkap hanya bandar2 kecil yg beli situs2 judol sebut yg tangkap beberapa waktu lalu aku ter sebut blush blush blush blush,0
sama bung,0
albert lucius ceo kudo,0
joss,0
marak judol dampak smpai dunia didik banyak mahasiswa yg papar judol kuliah makin gk jelas merugikn org tua,0
berantas situs rasa tanam pondasi yg baik generasi sangat penting,0
please gue jadi stres gara2 judol pinjol banyak udh banyak utang buat kalian maen judol lebih baik kalian henti kalian akhir cry,0
pak presiden beri abang lindung jaga baik baik lebih harga bangsa darpida gudang pegawai kominfo doakn kau sehat tetap kuat bang ferry,0
gateway nya not found al anake lambe turah,0
broo gua suara anti judol bahkan gua ribut sahabat gua gua gak mau sungkur ulah bodoh gua apk live promosiin selalu gua maki maki fire anti judi bentuk apa,0
ferryirwandi juang bersih judol brorondm juang piutang vendor bumn,0
judol jajah,0
bg treding for x mnurut lu gmn bg,0
alhamdulillah syukur banget dulu sampe sekarang kaga mau kenal judi mau upa apa bahkan sampe sekarang slot joy,0
lawan judol kawan kawan tetap periksa budiarie,0
ganyang al,0
jabat kata apa yg rakyat dengar bkan yg sungguh,0
kayak nya judol indonesia gk henti,0
bang lu mirip profesor yg film money heist,0
gw udah kali kali nyuruh temen gw henti main judol mas keras kepala tiap kalah selalu ngeluh gw sampe gw muak suruh renti gak mau jadi gw sangat harap kalo judol cepat berantas,0
siapa al,0
bang indikasi oknum aparat main,0
si botak pascol ko gak tangkap padahal promosi judol,0
liem,0
usut tuntas kata presiden siapa libat sikat habis masuk mantan menteri sangkut masalah judol,0
ledak judi pinjol bandar sabu mantap tegak hukum indonesia nyala,0
keren btw bang jenggot,0
tst uang kok lawan grinning,0
mass ferry is goated goat crown fire,0
kadang bingung sama orang orang main jud l udah kalah ratus ribu hingga juta malah main lho tanya udah kalah kok main jawab anggap aja tabung fak tabung,0
baru ungkap masa pak prabowo,0
terus buka jelas rakyat sipil benar atas zalim negeri,0
bang lo sehat terus,0
keren mas semangat semua dukung mas,0
dota judi betting online sih udah kyk sodara sih,0
sehat sehat bang ferry moga selalu lindung allah,0
budie arie rawan jokowi yg tunjuk jadi ketua konminfo jokowi judol yg udah bikin banyak orang bunuh diri bunuh indonesia tau kan dosa nya ngalir siapa,0
mohon doa moga aparat anchor lekas tindak enggak beri azab udah jadi milik beking tempat judi kampung sekitar pray,0
salah satu sebab gue fans sama lu bang semangat bang ferry,0
hari berita judol naik judi togel darat udah tutup duluan mungkin besar beking bandar udah tau duluan seperti rada takut,0
ojk kominfo anj ng semua,0
hayoo dukung berantas anjing2 judol perintah masyarakat,0
akibat judol perputarn ekonomi kelas tengah bawah putar banyak uang2 kalang tengah bawah masuk rekening2 bandar judol nominal nya kecil per orang 150rb hari kalau kali 10jt orang contoh nya,0
al calon gubernur jateng,0
ayo rakyat ganyang lindung judol yg bikin rakyat miskin,0
interpol ikut andil tangkap jaring judol kamboja,0
ramal indonesia emas gimana mau emas perintah aja korup masak judol lindung pantes aja gak ilang ilang tuh situs,0
busset bang fery tangan kanan deddy cobuzier nih,0
indonesia uang yg bicara,0
sehat sehat bro tetap waspada pasang mata telinga bukan tepi jurang atas duri,0
virus paling bahaya nama judol virus mati mampu pikir logis rasa empati diri sendiri orang buat uang indonesia pindah negara,0
mantap bang thumbsup semangat muscle,0
stramer game kemarin bebas well,0
kawal bang ferry,0
selamat bangsa,0
puluh ribu web website judol berantas kalau perintah mau serius andil anak2 muda faham it web dev,0
support bg ferry raised hands,0
alice guo gubernur filipina sangat suka rakyat n next presiden tangkap nyata mata2 china dana seluruh giat politik bisnis gelap salah satu judi yuk mas kawal kasus selesai,0
bang bahas logical fallacy dong biar orang2 paham gk salah simpul kesan bodoh bgt,0
busukkkkk jabat makan uang rakyat,0
bung ferry sekali angkat pinjol sangat resah rugi masyarakat kecil,0
aduh duh budi ari memnteri bobrok kok pilih jadi menteri apa ga kandidat lebih mutu weary,0
lanjut bang kan cuma sampai,0
thumbsup,0
support ferry irwandi fire fire fire,0
lo lebih berani bruce wayne yg lawan takut bg,0
kasih uang lewat pinjol ambil lewat judol padahal milik pinjol judol sama udah dpt bunga super tinggi pinjol dapet sapi perah judol bisnis paling profitable milik pinjol judol,0
terima kasih juang fer tahun lalu hilang kakak kandung tinggal stress berat krn pinjol beliau tinggal istri anak bawah umur please angkat soal mafia pinjol krn lapis tengah bawah pinjol judol hancur bangsa,0
bukan judi masalah narkoba miras banyak jadi biar dampak nya masyarakat bawah semua gantung niat pimpin bangsa jiwa besar gak benar2 tuntas soal sepele nama judi narkoba miras,0
bang cancel ericko lim udah mulai kasi panggung stelah terang terang promosi judol,0
ngawan judi online iklan pinjol sweat smile,0
jihad yg allah kasih pahala syahid bang moga allah lindung abang maut tang allah swt tp ttep waspada jgn mau kasi mkn org paket dijln lebih waspada lebih pasrah sm allah,0
tangkap budi arie,0
jangan masak speaking head fire fire,0
streamer ml ga tuh sweat smile,0
bantu up trending,0
sepakat berantas judol bang,0
fufufafa doktor tuh,0
sehat sehat bang ferry segala gebrak sangat butuh selalu dukung,0
emang babi judol,0
aku salah satu bagi aliansi bang fire,0
sehat selalu bang fery,0
iklan meta sekarang isi judol gak sih iklan bayar sosmed indo filter,0
sahabat gua sama bang punya tabung buat rencana nikah tahun cebur judol gegara temen kerja main sekali modal menang hampir juta awal bencana tabung nikah kuras habis cry udah cape ingetin selalu alesannya menang kan balik lebih sampe akhir gua cape sadar apa yakk tabung habis punya hutang,0
moga judolnbisa hilang dri indonesia lama,0
sadbor tangkap artis yg promosiin judol kaga sentuh perintah kontol,0
terus juang lawan judol,0
datang presiden solo minta izin menangkat orang bapak mulyono pernah jadi ketua projo bpk budi ari buka pintu beri fakta hasil judi online banyak nikmat orang orang kostum merah hitam asumsi,0
emang tri sektor apa si percaya negara konaha dikonoha mah rakyat cuma jadi sapi perah joy joy joy,0
moga abang tim sehat selalu fire fire fire,0
kalo tri nerima setor terus lanjut nyetor gk mungkin sama tri dong atas dong dong,0
temen kerja w lebih parah bang dah miskin maen judi online makin melarat resign gara gara judol buat bayar utang ngarepin uang bpjs tenaga kerja,0
siapa nama inisal al tsb,0
sosok al siapa sih serius nanya,0
jd makin yakin partai psi sokong bandar judi online jd asa wajar partai baru keluarin dana besar campign jd ga heran projo libat lindung judol dalam instansi kominfo jd ingat konsorsium sambo polisi ikut beri backingan,0
biasa2 apa orang biasa gak gitu,0
moga allah selalu beri sehat selamat pada bang ferry maju terus jihad lawan judol,0
bukan lebay gmana urus ama perintah tu emang bahaya bukan dar kaya jokes tingting so bakso lu hapus ga pernah eksistensi lu yah nama lawan kuasa,0
semangat bang ferry,0
cara henti memang habis habis habis harta benda judi online udh pernah nyoba coba selamat saudara dekat hasil,0
gua ga takut mati cuma gua takut mati sia sia clap clap clap,0
sehat selalu bang fer berani angkat isu moga semua ikut jejak bang ferry,0
jujur dulu pingin hajar budi open mouth,0
jangan2 semua jahat negeri punya beking iya kan oknum kerja laku jahat wkwkwkowkwokwowkowkowkowkowkowkwkowkwokwko,0
yg ciduk bawah nya atas nya aman joy joy joy konyol,0
sadbor to sadbro,0
katak joy joy by one sini,0
ari lasso,0
judi online jahat struktur sistematis masif saking tsm nya orang orang besar libat langsung lama orang orang perintah orang orang institusi polri tni usaha usaha besar era pak prabowo tantang bukti,0
judi narkhoba sllu krn yg kuasa lindung pantes negara ga berkah2 py pimpin jg sama planga plongo krn yg meilih tukang judi dn bodo sm perintah agama,0
fungsi ga jalan joy,0
rang guna bang kesel lho lihat orang hasil 100rb hari tengah dipake judol anak istri sengsara bukankah orang2 sangat zalim,0
maaf aq jg dukung judi online tp apa beda dgn main saham bitcoin maaf serius nanya karna aq main semua hahaha,0
sehat sehat bang ferry bagi rasa sama rasa muak dalam laku makhluk makhluk rakus jijik rela makan hak hak orang penuh rakus jijik,0
judol rata rata server dr china tau kan siapa yg deket bgt sm china joy joy joy joy joy joy,0
bang bahas tangkap gunawan sadbor bukan jadi udah pernah jadi belum bahkan artist streamer game besar pernah kena kok ga tangkap,0
kominfo sama polisi tau sama tau ga si bang awal eyes,0
budi budak judi,0
bung ferry tanam ide2 tan malaka angkat kasus sangat risiko besar kait judi online,0
moga bukan tahap anti main pegang kuasa judol aminnn,0
semangat bang feri dulu judi ada judol rasa sangat2 bodoh bangsa benar aja kalau iq bangsa koma soal mau judi ndak mau mikir gak punya otak main skak blackjack remi mahyong biar otak main bossssss semua ndak baik usaha yg kamu cari kamu hilang hari atas meja waras kalian,0
nyata kapan hidup bila sadar diri sendiri individu siklus tetap jadi ingat ikat tindak tega hukum guna sadar diri tak inti gw tetep salut yg usaha kurang lingkar setan judi meski gw yakin pernah bersih,0
konten andal nonton sebat kopi fire coffee,0
panjang umur juang fist,0
moga tuhan selalu lindung jaga mu pak heart,0
curhat dikit bapak gw candu judi gw kecil walaupun bukan online sekarang gw udah tahun tutup hutang beliau gw gak berani nikah tiap bulan bayar hutang hutang satu pikir mungkin beliau beliau lempar buah kartu remi bagi masa depan keluarga taruh jauh judi guys,0
kan soal,0
harus topup2 e wallet jg d hapus bang biar bocil2 ga topup minimarket,0
kalian tempe club bola indonesia lga jersey nya sponsor judol loh milik aparat joy dibiarin baik2,0
streamer2 ml akun udah gede2 kmren apa kabar bang apa lu udah jangkit sakit lupa wkwkwk,0
lindung nya m ly no joy,0
periksa ceo dana,0
lestsgooo,0
menit siapa dua lingkar,0
most fishy thing temuin salahsatu oknum streamer sawer judol shout call naman judol kali kali malah gabung tim sukses salahsatu paslon milu kemarin bukti jelas tentusaja tindak bagaimana mesti hingga sekarang,0
apa jangan jangan bocor data data negara retas hacker jadi beberapa waktu lalu main oknum kemkominfo jadi hasil bocor data guna manfaat bandar judi online sih hubung data bocor data pribadi guna luas basis langgan judi online eksploitasi data guna peras milik data guna data hindar pantau perintah oknum pegawai kemkominfo insider threat manipulasi sistem manfaat bandar judi online guna data hindar filter blokir bahkan pernah beberapa kali dapat spam tawar judi online lalu sms wa cantum nama pesan sebut jadi mungkin kait bocor data judi online oknum kemkominfo,0
moga bang ferry lindung alloh juang terus baik moga catat malaikat amal jariayah bang ferry semangat terus bang ferry,0
terimakasih heart,0
jadi kapan bang fery mati sekali mw ajuin cuti buat abang,0
alex lutor bang,0
muka aja udah liat si,0
katak berani2 nyenggol bang irwan siap2 digeruduk massa soetta pas lu dateng katak anjg tunggu datang lu fire fire fire fire fire fire,0
orang indo yg mau jalan2 kamboja thailand vietnam imigrasi aja sebut kerja judi sama tugas parah masyarakat indonesia tugas imigrasi aja ngmng orang indonesia cry cry,0
rasa kasus judol dibiarin senyap perlahan lahan bakal super viral jelas duit buat apa mana semangat fer,0
budi arie raih bintang mahaputera beri mulyono sekarang pelihara prabowo,0
allah lindung ferry irwandi keluarga orang dekat,0
gua nyari katak nih ayo tak mau ajg,0
kira2 siapa al,0
cara hub pak ferry soal judol gimana yah teman2 msh banyak yg s akses judol main ganggu,0
tangkep aja tu udah muka ngeselin tolol cabul,0
harus hukum jabat yg wenang tegak hukum yg langgar hukum yg taat tegak hukum 2x lipat masa hukum tuju ga lebih efektif usut tuntas alir dana yg masuk deposito,0
percaya lembaga dgn oknum,0
fire,0
satu kata lawan resah iklan judol mana udh muak,0
si cakra smiling face with tear,0
maju terus bang ferry heart,0
bisnis mati edar beberapa tahun belakang sangat pesat akses yg lewat gampang salah satu transaksi sangat mudah cukup beberapa menit cetiiitt duit ratus juta bahkan m pindah rekening wallet game yg cuma puluh ratus ribu masalah yg jual industri harap sangat cocok masyarakat miskin jadi kaya dr 100rb jadi 1jt dr 1jt jadi 10jt setrusnya rungkad joy tambah marak pinjol kolaborasi judol pinjol baik tahun belakang sweat smile tantang ekonomi sekarang anggur tinggi buat kerja jadi stakeholder bisnis giur janji lebih make sense libat ketimbang rang jadi betul kata mas irwandi jalan sangat panjang kemudian laku sama2 sih edukasi ga mungkin industri kembang pesat kalo pangsa pasar ga kembang berkali2 lipat edukasi banyak kaya manage uang tp lebih tarik manage takut yg banyak tampil masuk promotor player sendiri menang player yg kalah cenderung diam tp diam2 pinjol biar comeback joy joy joy,0
anak buah budi arie jadi pager maken tanamen gimana si budi arie sendiri sendiri clear,0
bobrok banget kerangka negara,0
allah with u bang bismillah sehat selalu lindung mana ada aamiin,0
ferry d irwandi gokssss,0
mohon izin ambil beberapa video sini channel youtube,0
lu keren bang,0
bang elu klo bicara gak ngerokok gak keren sumpah,0
deduktif emang keren mesti kasih layar,0
semangat bang cuma bs bantu doa,0
bocor data kasus judi online harus sdh cukup utk minta pertanggungjawabannya tp apa berani rofl,0
bru tw klo lambang ctd d sudut atas,0
byk oknum main geliat uang panas judi online sweat smile,0
gw beberapa hari yg lalu sempat liat livenya pascol streamer ml kata2 donasi judol ga filter blokir cuma kata jangan judi tiap donasi judol trik baru buat hindar clipper2 tetep terima donasi promosi beda bgt dgn eno bening lufthi halimawan contoh yg langsung mem filter kata2 judol situs,0
sang lindung kodok bijer budi arie rofl face with hand over mouth rofl,0
sehat selalu bang,0
budi ari anak buah mulyono amannnnnnn,0
ngeri azab jokowi orang2 nya akhirat akibat biar judol makan duit judol,0
raja akhir nih bg,0
jangan terlalu lena tangkap oknum2 pelingdung judol kemarin apresiasi terus pantau kawal,0
budi arif nama yg semat sangat bagus tp doa ibu biar jd prilaku orang yg arif tp nyata doa orang tua ingkar sendiri,0
busuk memang era jokodok,0
sekarang makin parah bang karna metode komen spam live youtobe berita sering liat live kompas metrotv beberapa live tv lai,0
salah satu alas menand slot susah miskin aja wkwk,0
makanya indo gak jd negara maju krn mental jabat sdh cacat sgala jenis jahat sini perkosa bunuh tukang cabul koruptor rampok begal pskopat lgbt teroris,0
iya pak masuk ikut lapor akun akun judolnya tag akun divisi humas polri,0
a l siapa yg tau,0
kacamata bersihin dulu bang kotor bet,0
awesome insight and perspective from you thank you,0
tiktoker sekeram promosi judul langsung tangkap artis dbiarkan bahkan rekrut jd politis,0
statement yg gue bold hulu yg kuat ganti tri tri dulu baru semua ungkap joy joy joy,0
solusi utk cegah judol sebar sms judol,0
wajar kalo kerja gak maximal jaga data rakyat joy joy joy joy,0
bukan tepi jurang sih boeng feri udah gelantung tepi jurang tinggal lahap monster bawah nya klo g nolong benar berani mantab bung,0
cara edit detik pertama tu gimana sih,0
nah buat bayar hutang negara kan bantai sikat terus koruptor praktik korupsi sikat habis,0
moga tahun awal pak prabowo jabat laku bersih2 koruptor bisnis judi online beri lapang kerja luas negri,0
kalo berantas makin lama buat undang2 legal judol joy,0
mantap bang terus lama manfaat buat semua orang pahala buat abang yg paling besar,0
miris,0
this video is very crucial for our society,0
saksi juang amal jariyah kelak bung,0
lebih miskin blt malu nerimanya,0
jelas sangat serius judi online bukan rugi orang per orang laku rusak ekonomi buah negara negara kembang,0
halo bang feri mhn maaf klo tipu onlen jg d brantas tdk bnyk korban masuk yg sdh kena tipu onlen trmks,0
bang bahas dong iklan judi semua medsos aplikasi judi play store betaburan tayang kominfo gak lihat ecek iklan app ngecek mata cek,0
korelasi gk dgn isu ato fakta yg sdg kembang masyarakat konsentrasi sosial media pecah soal hab b pupupapa fatherless anggur thailand lg,0
gera legalisasi judol masa depan mungkin peak hancur negara blm lg serangan2 lain serang lgbt woke meme jomok benar serang israhell,0
el professor sunglasses,0
orang orang kominfo lebih suka ngurusin bokep banding judol,0
dasar simpel kamu kalah kamu paksa menang modal kata pertama kalah gitu terus ulang kalah kali kali cuci otak cara pintar judi,0
bang dar saran kacamata ganti lebih sesuai bentuk wajah,0
warga seberang memang punya nyali salut bro,0
rispec,0
mucul yakin banyak muncul berani berani,0
bang ferri bahas kasus pecat ipda rudy soik karna ungkap mafia bbm ntt terimakasih heart,0
ga aneh sih kabinet jokowi isi bukan orang tepat bidang nya banyak isi nya semua orang orang rakus harta kayak babi si rakus,0
kalo bas proses lindung harap dr adil hukum negeri,0
indo gak kurang orang pintar tpi kurang org jujur hati nurani,0
maaf tanya judol memang jahat bukankah tetap faktor salah orang yg sangkut yg memang doyan judi bukankah ada judol tahu asli nya org yg nyata judi,0
keren lanjut,0
coba gua tebak pak ba kroni nyari kasus hukum bang ferry kalo gak nyari jadi tuduh kayak kasus pak tom jerry tuduh gak masuk akal,0
sampai benar ayat,0
sangat tan malaka suara kebih keras kubur,0
maaf uda ferry kali dapat banyak apa informasi yg sampai dampak gak judi online nya tetap jalan cukong bebas liar main malah tambah banyak masak sih dgn banyak informan yg kata percaya sebar dimana2 bahkan lingkar dekat kuasa bandar judi sendiri gak ubah ada terus manfaat apa yg ambil semua seperti gak dapat informasi siapa aktor yg main semua apa selesai masalah bandar cukong tangkap sukabumi kan bilang gak surut suara walaupun serah nyawa kalaupun jadi apa yakin selesai masalah yg lebih utama paksa viewers utk jauh judi hindar hina dunia akhirat mngkn lebih manfaat by the way thank s for your concern and information pray,0
gokil vidio apresiasi besar buat bang ferri,0
si tuan salah satu orang paling tanggung jawab atas rusak tatanan sosial indonesia akibat judol,0
semua warga sipil yg pikir cerdas logis dukung lw bang terus suara indonesia jadi lebih baik,0
bang doain biar temen deket gue tobat judol capek banget hidup gali lobang tutup lobang tiap hari gue ga maen jadi kena imbas nya upa beban mental moga judol cepet hilang indonesia rugi banget asli pgn gue sumpahin pertama bawa judol indo gaada orang kaya raya judi kalo bukan bandar nya menang asli henti main,0
orang jujur berani moga lindung allah swt aamiin,0
judi main hidup hancur kuno sangat rusak ekonomi negara judol sadar jadi penghianat negara semua uang negeri layang keluar negeri main yah luar kalau berantas,0
letsgooooo,0
orang mulyono bobrok semua aman bebas proses hukum,0
dedy corbuzier ngapain,0
film no more bets bener bener ngasih gambar sesuai bang ferry jabar kawan kawan,0
gabungin semua org ky bg ferry irwandi sy yakin jd avengers konten kreator sih krn beberapa yg ga kuat sendiri,0
siapa kalai bukan kominfo joy kelas teri berantas kelas kakap lindung,0
pantesan jajan sepi nyata uang belok selot alias judol,0
gw yakin dn percaya orng tinggal tunggu waktu tangkap,0
budi ari,0
untung youtube bodoh tunduk kominfo youtube perintah cuma kerjasama bukan tunduk sama perintah kalau yt tunduk mungkin youtuber indonesia bebas konten2nya,0
makin mantaap bang bangga banget gua ngikutin lu ngonten kamar lorong sukses sehat terus bang metal,0
klo pejbt sdh libat da yg salah sistem pengangktnnya,0
kelas cuma gimmick yg klo jadi apa apa gw kentara banget matketingnya kan om hotax yg nge back up elu bang santai aja,0
nonton vidio aja iklan judol poop,0
sebenernya mata pisau lain sisi masyarakwt bawah suka judi ga sedikit jadi ladang buat nah perintah larang sebenernya benci sama masyarakwt bawah takut cuma garuk polisi bukan hilang berapa banyak uang aneh,0
budi arie libat ayok usut tuntas mau negara maju,0
bang feri baned tuh situs kantorbola karna resah streamer game banget yahh biar situs blokir,0
kalau kata kirim santet kirim doa selamat lindung mas ferry santet tak milik kuasa atas diri keluarga bang sehat selalu makin sinar saat gelap ronta ronta,0
renti sampe tri aja jg kalo bener bs sampe si tri sang hulubalang raja tp,0
no viral no justice jadi viral kan lengkap spill bukti,0
waras putus stop judul narkebong heart,0
lama curiga kalau judi prostitusi narkoba backing aparat perintah judi prostitusi narkoba susah berantas indonesia diri masing2 pilih mau tipu judi online hindar tipu bandar judi,0
sikat pak presiden orang bang,0
buat yg kmren bilang indonesia baik baik harus liat mesti mikir walaupun gk punya otak,0
seakan2 dibiarin iklan massive ig sama tv sampai bahaya judol,0
semangat blush blush blush blush,0
lu bakal incer buzzerp projo bang joy joy,0
sikat habis,0
sekarang pasrah bosan bosan saling ingat orang dekat dampak bahaya judi online ingat diri masing masing paling penting edukasi bahaya judi online masif,0
tp gmn supply hilang kurang kalo demandnya turun nah gmn cara turun demand knp org indonesia yg kata agama ber pancasila tp jd main judi online banyak no dunia,0
judol memang benar2 rusak banyak orang2 sekitar hancur karna judol,0
woilah iklan video judi online sob,0
aku tau libat gimana tau jahat gak ngomong lindung lihat hukum,0
telegram banyak yg promosi,0
panjang umur juang keren lu bang gak sangka bang ferry ulas bahkan berani sebut inisial nyali lu lebih dr jabat yg kapan hari udh sebut inisial kemudian tarik ucap,0
pantes jebol data negara fufufafa aman aman aja joy,0
salut juang abang bantu doa bang moga bang ferry keluarga selalu beri mudah sehat selamat amin allah,0
si budi tangkap kpn masyarakat udh bingung blm tangkap,0
rugi 900t darimana jelas,0
orang kaya taruh judol banyak yg kaya jadi beking judol influencer judol bos judol jadi guoblok dungu banget kalau orang yg taruh judol kaya kalian tdk menang hahahaaa,0
menkominfo selalu penuh surprise,0
allah lindung lah bang ferry irwandi serta keluarga nyaaa,0
dana politik,0
panjang umur bang ferrry panjang umur juang,0
kaca indodax pernah hack salah satu pegawai sengaja menirima lowong kerja scam ane curiga data ri bobol gara banyak pegawai kerja pegawai judol,0
bang bahas ttg lpdp dong yg bijak baru silah awardeenya yg kuliah ln dibayarin uang rakyat pulang kontribusi negara,0
yg kroco macam sadbor gmpng bet ketangkep si biji katak udah gk tangkep kasi kabur pulak,0
gue doa moga lu istikomah dlm juang jalan benar jauh segala mara bahaya orang orang zholim,0
lawan jatuh,0
allah hamba mohon lindung bang ferry iswandi keluarga sungguh tiada daya kuat apa wujud izin aamiin allahuma aamiin,0
sehat sehat bung ferry rakyat biasa dukung penuh berantas oknum mafia judol,0
wd,0
gw ga takut mati gw cuma gamau mati sia sia aja sih what a powerful line bruhh,0
kapan bidu arie periksa,0
kalah ratus juta bahkan m bagi besar mereka2 kalian yg miskin sama judol mana suar gerak,0
tenang jangan khawatir bang budi ari jamin aman selamat,0
emg bakal ngaco sih kalo yg harus mindsetnya layan publik malah mau cari untung jdnya fraud menyalahgunakan resource cm mikir gmn cara cari untung kalo soal izin ngebiyong terus joy,0
sekali pinjol bung ferry berantas,0
info lengkap channel pace komputer,0
jhonny g plate nyata ganti mungkin jauh lebih busuk,0
hajarr semua libat,0
percaya ngga orang nonton video bapak sekarang banyak main judol mudah mudah gertak hati nya sama pak ferry,0
gua punya teman dulu rumah biasa aja sejak tahun tiba2 aja renovasi rumah beli ruko buat buka cafe hitung bulan beli ruko buset mobil aja bulan depan nambah kek aneh aja rumah ruko mobil nambahnya cepat banget waktu singkat beberapa orang komplek rumah akrab orangtua teman gua pernah ngatain kalo keluarga ruko nya memang ngebuka situs judi ntah offline online,0
keren ketua kominfo dapet harga mulu wkwk,0
sengaja giring pikir kalo beking nya kominfo lupa beking benar siapa salah arah sadar jangan ikutin kata2 media,0
maaf mau tanya lama judol indonesia kemkominfo guna ga,0
kemarin sebut inisial t kendali judol tanah air,0
sahabat punya usaha cetak omset hari 10jt hari hancur karna judol expressionless,0
hadir jadi saksi,0
terimakasih bang efforts nya bikin video biar masyarakat indonesia melek sadar semangat bikin konten thumbsup,0
main judol sdm rendah,0
menteri sebelumnga yg udah jelas tetep harga otak ku makin putar hubunganya ato ga semua,0
sya penasaran inisial al coba cari nama inisial al sesuai klue bang ferry nemu,0
smoga yg nikmat uang skema ponzi kena azab kena kanker alami buta,0
sejarah tulis menang entah sejarah yg benar yg buat seolah2 benar,0
gw dukung elu bang moga orang bodo yg main judol buka pikir biar ga jd orang bodo,0
al anjing lunak,0
satu lg bro bongkar pinjol,0
skema ponzi biar ama indonesia pantes gk tanggap ama menkoinfo cari duit ilegal member fb gk hapus member instagram teteap ih rseh bgt sih,0
sehat selalu bang ferry mohon selalu hati hati laku jalan utama kalau naik pesawat jangan mau ajak nongkrong sama pilot sok akrab kalo mirip pollycarpus,0
maju terus bang ferri sy salah dukung bang ferri kurang bahkan berantas semua aktifitas judi online utama tangkap lindung bandar judol indonesia semua dukung orang instansi jabat berantas judol mereka2 punya mampu apa berantas judol pikir nasib masyarakat hidup derita jerat judol moga tuhan selalu lindung bang ferri semua pihak berantas judol aamiin,0
inisial al siapa terus dukung bang maju terus,0
duh,0
kau buat orang jambi bangga,0
berani luar biasa moga bukan kisah gol d roger kisah luffy sang nika hehehe,0
aku pernah nonton konten kreator asal indo kecamboja cari tahu ttg judol lwt krywn judol sndri bnyk kok org besar asal indo tanam saham judol masuk artis bsr entah egk thu spa mrka,0
moga masyarakat sipil beri akses blokir situs judol mandiri,0
salah satu sosok figur kritis sehat sehat bang ferry,0
katak bizer kontl fakkk,0
butuh sosok ferry irwandi lebih banyak lanjut,0
orang langka museum kan aza lur,0
kafan solusi kalau bincang bincang mati sweat smile,0
gasss terus bang biar ungkap smua,0
gue dukung pemberarantasan judi online,0
kalo desa gue yg promosi malah kepala desa nya langsung,0
bang ferry istilah keren nya tuh extreme prejudice,0
indonesia mayoritas muslim banyak yg jebak cry,0
narkoba bahas dong harus rakyat hrs satu bangkit ttg jodol narkoba koruptor yg buat rakyat sengsara ayo bangkit lawan,0
dukung terusss,0
apa lu harap menang atas derita orang suatu waktu lu aja jadi derita bawah menang orang judol judi segala bentuk lain dibumihanguskansaja,0
jozz,0
orang besar ma gk bakal tangkap,0
sikat streamer yg promo judol,0
jangan bilang orang besar lah bilang aja orang brengsek blush,0
kalau bro mati hilang semua tau siapa laku skull,0
tuju bang gw ngerasain dampak si katak hancur hati gw anak gw minta dibeliin wapak wapak ken sakti kaya katak gw ikut dah klo mau ributin katak kerdil mental anak anak,0
judol assuuu,0
nyala abang fire fire fire,0
ten years too late,0
budie ketar tir blush,0
hai orang orang iman sungguh minum khamar judi korban berhala undi nasib panah najis masuk buat syaitan jauh buat buat kamu dapat untung maidah,0
lanjut juang bang orang baik kritis cerdas memang musuh utama oligarki mayoritas rakyat sadar oligarki mati,0
bang doa sama,0
perintah larang judi onlen kaya larang minum2 keras produksi terus jalan sama aja boong,0
serasa dengar profesor money heist tada,0
video bang iklan judol bang gin nih bang youtube aja iklan nya judol,0
terima kasih bang salah satu korban dampak judi online suami candu judi online hutang mana sedih rumah tagih bagai debt collector suami harap menang buat gantiin yg ilang makin puruk anak anak sempat pikir bunuh diri bareng anak anak tp alhamdulillah lihat mata langsung sadar orang kl candu judo online udah kayak setan kasih tau udah kayak gak punya telinga makin sensitif kl ajak ngobrol bawa marah terus terus lawan judi online bang,0
bang bahas oknum kerja migran dikamboja filipinaa kata kerja admin judoll,0
tahun gw haters lu bang izin join the endless battle blush blush,0
podcast kaeang bilang kalo ga salah ken ngebuat pulau isi buat judi offline krna dngn kurang guna judi online kalo ga salah lngsung nnton aja podcastnya kaesang biar lebih jelas soal gua nnton dah lama jadi rada rada lupa kurang jelas judul durasi pendek performa maksimal,0
versi reelsnya bg mau share,0
gak kata kata berani cerdas bang ferry emang manusia luar biasa butuh indonesia,0
moga bang fery selalu sehat selalu lindung allah swt,0
kan usaha dulu pernah sebut si t sampe sekarang aman2 tuh sweat smile sweat smile,0
budi ari projo antek jokowi ga heran sama klakuanya mana jilat yg jujurr projo proo judi onlen,0
al siapa spill dong,0
budi arie emang sikat sih blush,0
ig banyak akun yg primo judi,0
al ahmad luthfi,0
siap jd cepu bang fire fire fire fire,0
jawab pasti seluruh rakyat fihak mang penting alir dana judi online alir ongkos menang pilpres,0
suara terus bung ferry,0
jelas inisial t ga yg berani prabowo ga berani,0
amal jariyah bang heart,0
nyala bang fery fire,0
tutup mungkin budi libat projo pro judi online,0
ba ga curiga bang menteri lo,0
b j udi tewwtt menjajikan kemenangaaan,0
woww,0
indo yg illegal eks jelas bukan rahasia umum klu backingan kuat moga pres prabowo buta mulyono,0
gila beneran ngandelin ferry ketimbang perintah buat ngatasin judi nih wkwkw sehat selalu bang fer keluarga panjang umur lawan,0
mulyono lindung menteri belum,0
mustahil perintah tau posisi agen judol indonesia sweat smile,0
nya ajar gear 4th ga si bg,0
sungguh muak jabat jahat wajar kalo dapat mati keri pajabat rusak anak bangsa,0
kayak gin tranding,0
keren lu bang tada,0
suara benar,0
judul bandar brantas habis,0
gw tanya tanya hidup bakup yg kuat gimana tenang,0
kerrreeeen lu bro gw dukung brooo thumbsup thumbsup thumbsup,0
satu kolam perintah aman kalau luar penerintahan cari2 salah,0
jangan t takut brantas mafia judol pinjol akun sebar informatika palsu berita betita palsu loker loker palsu internet tri komdigi era jokowi staff bantu bantu menteri kominfo arie budi audit mereka tau beri permit akses bantu bantu menteri kominfo ayo jangan takut ragu tegak benar adil negara judol pinjol tambah beban kesusahaan masyarakat rakyat indonesia salam masyarakat rakyat seluruh indonesia satu padu mcmcmcmcmc salam pray,0
beda laku sadbor orang biasa infuencer kenal yg mungkin punya beking,0
masa budi arie ngga tau,0
ga nonton bokep joy,0
merinding buih laut banyak tak guna muslim indonesia cinta,0
kalo pikir kelas atas menteri presiden ga mungkin ga tau masalah negara org punya bin paling dibiarin doang,0
mohon maaf sih ni kalau yg salah pak jokowi tp disclaimer dl bukan pro jokowi pihak yg cuma kalau pandang aku sih oknum yg lebih powerfull yg megang kendali besar yg orang jokowi ikutin mau oknum tp kayak jokowi udah kasih informasi pak prabowo tinggal ikutin apa pak prabowo lebih sepowerfull dr oknum tsb,0
kawal sama bang fery indonesia lebih baik,0
gw sama lo bang,0
ijin tanya gk bang artis streamer game udah tangkap masa cuman sadbor yg tangkap apa hukum tajam nya rakyat kecil aja yah sadbor orang tani yg sulit ekonomi banding balik artis streamer game yg promosi judol,0
sibotak emang lihat muka aja udah muak duluan heran kok pilih jadi tri,0
tri tua tolol jalur gift away,0
memang orang2 negeri gak peduli hancur nya negri judol pinjol narkobah korupsi sehat2bangferry salamansalamunsalam,0
yg menyababkan data bobol hacker apa jangan2 data2 emang jual orang luar,0
sehat selalu mas moga lancar juang,0
tingal nunggu pinjol ni siapa dalang legal kana rentet miskin mulai judol lalu pinjol,0
judi dlm islam haram fakta main mayoritas muslim lindung nya jg muslim cuma bandar yg non jd tau kan knp muslim selalu miskin,0
seperti pihak dri isilop libat,0
sumpah aku tau inisial al siapa,0
rumor nya juta per situs,0
artis artis gede hajar bang,0
netijen ri yg mampu paksa perintah hajar hukum mati kl perlu si bandar judol pinjol kedok besar tri,0
yg unik gera tolak judol kurang santer kurang serius teriak ormas agama besar malah netizen gerak mandiri lawan judol,0
dukung bang sekarang kalo iklan judol langsung report youtube fb dukung berantas judol,0
bold statement awal akhir video bang ferry tau betul kali musuh bukan kacang tuhan sama bang,0
projo pro judi online,0
yg melindungin judi onlen hrs hukum mati umur hidup dg sidang,0
smgt bang fer sehat2 terus lu bang muscle thumbsup,0
channel kembang kga berapa besar mulai muncul ngajak affiliasi judol kali 5x and tolak tarik janji nya giur alhamdulillah pegang ideologi tampa afiliasi judol ttp kembang alhamdulillah thanks bang edukasi nya lama buat yt hibur,0
thumbsup thumbsup thumbsup thumbsup thumbsup,0
jadi era presiden belum masak tahun jabat kacau ni yg banyak terus kalian bela2 moga kalian sadar indonesia bukan personal presiden tpi pimpin pray,0
al open mouth kira siap y,0
sambo bunuh brigadir j krn korban tdk mau mjd tempat simpan uang judol yg beking sambo,0
al siapa monggo netizen cari tahu,0
damn ananta robota skull skull,0
sehat selalu bang heart,0
md universe lebih keren rofl,0
persisi kaya film korea yg artis ma dong sesuk judul film round up no way out,0
bang ferry terima kasih beri juang acau dunia judi,0
jabat yg libat membekinggin judi onlen hrs hukum mati,0
al siapa yak wkwk,0
nahhh diaaaa tada wordpress jari judi l,0
nama presiden indonesia belum jadi jelek gara budi ari budi ari belum ketua projo yg ketua projo sebut kasih kue sama beliau kan,0
podcastnya kanal youtube siapa bang,0
orang main judol gua kenal semua problematik sodara temen gua jadi korban judol miris,0
indo ladang paling subur buat bisnis begini pertama perintah gampang bgt sogok jadi masalah legalitas aman lah dua masyarakat mayoritas orang yg edukasi ntah formal informal jadi gampang diiming2i cepet kaya,0
tangkap cuma pion2nya raja ratu aman mau sampe kapan gak bakal beres kalo gaya berantas cuma ngincar pion doang mending dana operasional alokasi lebih manfaat,0
paansi si katak so jago beut lah 1vs1 menang manga nya lawan 1v1 real kecot wkwkwk aneh emang ni anak gw ga ngerti sama pola pikir,0
orang yg buat rusa negri hukum mati,0
pemimipin nya saling menguntugkan clap poop,0
hormat pada pahlawan,0
judol zaman mulyono bentuk projo programer judi online paham kan,0
streamer mlbb yg promo judol kemaren mana gada suara kapan ditangkepnya,0
bantu komen biar tranding,0
kalau wowo lindung budi arti wowo dukung judol jendral mlempem kalau yg jadi,0
gassss,0
sedikit cerita orang pernah erti judi main judi kliah dlu banyak teman hilang kerja kliah judi online sekarang kawan dekat orang tua cerai lilit utang sana sani padahal dapat nya bagus miris emang,0
aku alam insyallah depan udh gak kenal judi udh bulan gak nyentuh depo judi lg,0
fire fire fire,0
percaya perintah sekarang proses jadi perintah awal curang halal segala cara pantas perlu perbicangkan semua hanya tonton aja buat buat baik diri,0
temenku main bg,0
gile,0
statement kapolri hari gerak dlm skala besar lha emang lama ente ngapain aja muak dgn jargon2 palsu mulut busuk penuh tipu kata copot,0
sang lindung fufufafa,0
40th hidup bapak hancur judi imbas selaku salah satu anak jadi sangat benci nama judi bentuk apa,0
al a l,0
nitip sendal bre ninggalin jejak,0
katak bhizer bocah lahir jual teori gosok alias gosok gosok omon omon heroik joy anak ingus jadi idolan anak sacetan akibat kurang dik orang tua gak punya nyali nyelesain mas sendiri cuman berani keroyokan joy,0
panjang umur baik,0
appraised bang lanjut moga pak prabowo jajar bene2 harap banyak rakyat indonesia brantas judi online akar2nya,0
salut gua bang insyaalloh jadi jihad mu bang,0
mau tau sepak terjang detil nya judol nonton film no more beat film aja duga gw paham gw judol sini memang lindung orang yg punya power sini nilai yg tawar nya angka nya triliun,0
asli gua kesel sama judol alami sama gua sendiri gua punya tm sama karyawan uang gaji beli mtr bahkan gonta ganti mtr second skrng kenal judol boro2 mtr hp kentang kouta aja ga punya hampir tiap hari minta hospot mulu guaa bukan henti malah trs aja main pernah 1hari menang 3jtan ga tahan minggu minta2 hostpot lg gua kesel bgt ajg ngmngin orng kek gin gmna caranyaa,0
hehehe tuju utama bukan duit uu legalisasi judi,0
siapa yg berantas judi online anggap pahlawan hidup,0
nama elu harum bung ferry bakal ceritain teman n kolega,0
keri akibat judol negara hancur penghianat perintah lindung judol uang memang buat apa masuk menghianati negeri sendiri,0
projo biasa susah apa2in bang joy,0
heart heart,0
dulu pernah goda sama judol orang pesimis duluan mana duit gampang usaha keras makanya hindar bisnis mlm kripto bahkan saham sekalipun walaupun saham ni cuan kan resiko gede guna prinsip kalau mau kaya jadi bandar sama mlm mau kaya jadi leadernya bisnis saham jadi broker,0
akun2 ig banyak yg promosi judol,0
terima kasih aku ikut juang aku tau gimana asa mu bang aku janji apa aku usaha ikut juang berantas judol,0
dayabeli masyarakat indonesia sekarang parah bro,0
i m listening,0
kalau santet benar benar gak usah nyantet loe bang suruh santet bandar judi online aja bang joy santet mati gak pp sih soal sdh bnyak org mati gara2 judi online,0
miskin budi arie,0
jangan ikan ruang orang yg hancur negara bantai orang yg rusak generasi bangsa,0
satu kata bner2 bajing tuh becking judol tp kalo udah kenyang kl makan barang ngak bener dimuntahin,0
sadbor cepet bner sweat smile yg streamer hidup tenang haha,0
kejarr teruus,0
judi green fingers crossed sweat smile,0
kemaren pil ganjar mahfud visi misi nya yg jelas jdi pion pak mulyono periode coblos pak mulyono tp indonesia makin puruk rakyat makin miskin tani makin cekik koruptor yg raja rela tpi stlh tau kerja pak wowo jdi legowo meski tdk pilih pak wowo tpi taruh harap agara tegas sprti kalau pilih periode mungkin pilih pak wowo pray,0
rusak negara semua birokrasi perintah salah,0
bang malaka project undang mba nana dong,0
server judol kata luar negeri paling milik orang indonesia sendiri sweat smile,0
gw rakyat indonesia taruh harap besar pak prabowo presiden republik indonesia tegas berantas judol korupsi negara yakin pejabat2 jadi beking kata lindung bisnis haram sebut korupsi jamaah laku segala sektor baik perintah tega hukum berantas semua hukum berat berat nya pelaku2 sebut,0
miris kelas menteri jadi beking judol,0
tri selidik libat apa gak kok gak tau anak buah jadi libat kan aneh,0
masuk akal klo jokowi tdk tau judi online mungkin jg dana alir pro jokowi,0
mafia kominfo,0
ungkap bang,0
tangkap denny cagur jadi contoh kalau publik figur yg besar jadi bintang iklan judi penjara bukan cuman yg kecil2,0
hajar terus bang efek judi online sangat rusak orang jadi banyak utang rusak saudara,0
good job kang,0
kesan tahu lebih sas sus doyan menkominfo,0
mampu doa moga tuhan maha esa senantiasa lindung orang2 juang jalan benar lawan kedzoliman aamiin,0
mantap bang keren boom,0
bang ferry gwe sama diri mu bang,0
judi gk hilang judi kontrol,0
gak cuma sedia layan guna tindak percuma blokir sana sini kalau butuh banyak muncul muncul yok bikin hukum buat penjudol blacklist aja ojk kurung tahun rugi keluarga,0
mantaaap dukung ungkap judi online,0
periksa budi arie,0
pecat budi arie,0
jadi alir dana judol yg beckingi budi arie cs alir projo,0
sebut judi kapan orang sebut jatuh judi jelas baik benar,0
siap kapten mungkin se powerfull kapten terus usaha mampu suara,0
lindung judol lindung fuffa ransomware,0
republik butuh orang orang influencer yg ada jalan lurus kmu bang judol benar benar hancur masarakat tengah bawah iming iming menang palsu alias tipu tipu kedok judi sadbor cuma sangka kelas teri iti artis artis banyak jadi iklan situs situs judol jabat polisi rakus yg jadi beking mafia judol,0
orang juang adil benar orang diri belakang rakyat yg jadi korban bandit mafia kuasa perintah jokowi yg rusak demokrasi moral etika bangsa rezin jokowi rusak segala lini lembaga tinggi negara yg ujung nya penting pribadi kelompok mk bagi yg sadar ma jadi sarang mafia adil kominfo jadi sarang bajing rawan jokowi yg bina judol dng nilai transaksi ratus trilyun penting politik jokowi antek nya bumn sarang gerombol tikus bandit das yg bobrok moral etika pinjol judol virus sakit rakyat yg jadi bina perintah rawan projo mati kutu terbukak busuk aib bobrok buzzer kuasa yg ujung nya langkah politik jokowi rakyat yg kritis cerdas tagih janji politik prabowo membrantas korupsi berani prabowo tangkap jokowi antek nya istana yg jadi sarang bandit mafia hitam yg cengkeram negri rakyat yg jadi korban biadab kuasa yg rakus kuasa yg gelap mata hati buah keluarga dinasty yg bangun citra jokowi tak adab rakyat cepat lambat bangkit lawan puruk ekonomi politik yg sangat cengkeram hidup level kritis darurat pimpin yg jurdil negara dlm cengkeram rezim jokowi sangat beri dampak sengsara rakyat sekarang prabowo jadi waris bobrok perintah jokowi tampung sampah politik jokowi yg pro rakyat prabowo berani tangkap jokowi sekutu yg sebar bagai lini birokrasi yg aman cemar virus penghisap darah yg sangat mati langsung hidup bangsa negara,0
tiati stay terus rumah bang lu kalo keluar2 bahaya takut nyawa lu ancam karna banyak kasus nya rang judi online khek in hilang kabar,0
mungkin cara main bandar oknum iklan situs bandar kerja cari kerja sama oknum situs tetap jalan situs judol iklan media kecil besar konten tempat promosi judol naik milik media tempat iklan judol tindak periksa cara jalan bandar oknum deteksi main bersih akan oknum nyata tegas tutup situs2 sebut berita periksa tindak fokus media tempat iklan judol segingga bandar oknum alih terteteksi,0
org bikin rugi negara triliun rupiah penghianat negara hukum mati ga tuh,0
ho a ho e joy joy joy joy joy,0
gw pernah jerumus judol trs gw sadar gw report webnya dlu kominfo tpi setlh lapor webnya g ilng mlh akun gw ban adminnya,0
salfok sama sound track awal nya money heist cema,0
perwira angkat laut bunuh diri lantar kalah judol blush,0
arti bjorka udh tau dulu open mouth,0
jelas mas fery beking segala kalau setor lancar jamin selamat kalau lancar habis,0
orang orang mulyono mah aman bang gak sentuh hukum joy joy joy joy catat bang catat joy joy joy joy,0
we always with you fire,0
website blokir ga bayar bulan kominfo,0
ibu terima kasih yaa bang ferry dedikasi dlm cerdas masyarakat pray pray moga tuhan selalu lindung keluarga moga panjang umur yaa bang kemudian hari lihat hasil panen dr kerja keras hari pray pray,0
influencer judol bandar nya layak hakim masa tewas begal,0
pak koreksi sayaa salah awal mula judi online jadi trending fomo masyarakat orang influencer komedian yg cerita alam judi online yg buat culture jadi populer tagline all in semesta,0
semangat terus bang judol memang resah aku mau share dikit zaman smp dulu sekitar pernah pertama kali main offline libur jepang selot memang seram efek penasaran nyandu nagihnya loh untung keluar main kena tegur sama jaga tempat gamenya efek samping tahun libur aku kangen alhasil cari play store game jenis selot bahagia banget sial untung aku keluar penasaran sama game rugi moga berantas kasta bawah kasta atas penasaran kalau kantor pragmatic play malta grebek,0
gua mau ngomong siapa tau temen temen gua baca eh lu sadar napa nyet lu ngeluarin 100rb buat depo mending buat jajan tongkrong kalo emang tuju dama sama ngabisin duit sadar hei nyettttt judol gaada untung udah banyak ngebongkar judol lu aja main punya otak dipake heiiiiii kalo mau punya duit kerjaa bukan judol,0
mecret kamu dasar zionis pesek bangsat moga tangkap,0
judi online rusak otak hancur mental bangsa,0
konoha emang,0
pesan buat pak prabowo ambi nya apa yg laku presiden kim jong un tau presiden kim bukan orang baik ambil nya hancur apa rusak anak2 bangsa selamat kan lindung rakyat,0
skeptis apa perintah berantas judol dgn tangkap main besar nya masuk mantan menteri bukan kurcaci yg tangkap waktu yg mrnjawab,0
gas bang pikir kali gua kalo santet gua sedikit contra soal nya bukan ajang bukti orang yabg bener orang bya gak mau,0
good job,0
inisial al lvin im angkat laut,0
turnamen ml biar judol platform tiktok,0
gw ga sengaja nemu video dewi persik promosiin judol gw sama temen gw gabut buka situs mantap2 moyai moyai,0
aku dm abang ferryirwandi,0
laku kecil misal ingat teman ttg bahaya bodoh main judol cap sok suci dasar nasehat laku judol sama nasehat onggok batu diri pihak sama ferry irwandi,0
salah satu konten cerdas py integritas tq ferry smg byk org cerah,0
negara hancur semenjak sisontoloyo eks blush,0
dikit banget siihhhh durasi,0
gimana perintah mau berantas judol sendiri sandera politik mulyono,0
tetap semangat bang moga allah swt tuhan maha besar lindung abang amiin,0
tempat gw kerja orang orang maen judol walaupun udah gw kasi tau tipu tetep ga ngaruh otak udah cuci jadi tolol,0
narkoba jg sama jalan oknum2 aparat,0
sah kalau kira bilang mungkin dana bandar pakai dana kampanye,0
tonton filem no more bets diamonds black joker,0
liat bang ferry rambut yg rapih kaya gk biasa sweat smile,0
go go go,0
kalau memeng serius berantas judol gampang koq pasti tdk henti sampe coro2nya aja si budi mulyono yg angkat budi semua alir duit projo periksa sampe tuntas hukum mati bukti kasihan banyak rakyat indonesia yg derita krn biar judi online,0
teman bunuh diri judi online justinfo,0
al siapa ges,0
al arie ludi wkwkkw,0
ga tau asa gue kek judol udah raja lela banget mulai video pendek sosmed logo situs tambah tiap live streaming aja yg promosi situs semua strategi marketing bandar judol gait pasar indo,0
byk tuh jabat siram uang haram mulai gol mulyono tri tni polri kalau tdk mana uang menang pilpres d d kuasa tdk yg halang,0
fec online inves tipu mungkin hubunganya orang2,0
keren intro style la casa de papel,0
waduuh siapa inisial al kasih kisi2,0
miris sih bang baru baca berita ngapain blokir wordpress coba pikir judol mau pake wordpress potensi didetect mudah moyai bener aja pikir orang2 masuk menteri pinter2 nyata,0
budi arie makan tak kenyang tidur tak lelap cry,0
yakin ba sangat tahu mantan anak buah bulan ganti atas bobrok lihat semua layak untk periksa,0
jangan takut bela rakyat bang blkng lo,0
semua orang suka uang w yakin semua main situ sweat smile,0
moga allah selalu lindung bro,0
inisial t bilang tak sentuh tuh siapa min,0
baru banget kemarin camat gw salah satu warga nya bundir karna judol rumah tangga ancur utang banyak pinjol kabur2 terus tau2 bundir siang bolong,0
wkwk,0
orang bodoh yg main judi online ofline,0
bang fer facebook banyak banget iklan judi online,0
fraksi dpr yg hubung dgn kominfo kemarin jg diem,0
gw sih skeptis bang krn mrk yg libat dlm satu pusar utk saling mlindungi,0
bang judol jadi kartel gak jadi ngeri,0
republik butuh pahlawan fire,0
iklan judol buanyak banget meta,0
keren luar biasa bung ferry,0
ko sekarang budi ari nya jadi tri koprasi,0
semangatt bang ferry raised hands raised hands raised hands,0
ngga usah jauh jauh bahas judol semua sumber nya kamboja lama kominfo komdigi bom blokir server komboja tetap judol bandar ngumpul kamboja fakta anak anak muda sekarang banyak kok kamboja kerja jadi admin slot iming iming bonus besar bongkar komdigi baru bagi kecil bandar jaring besar nya bom tangkap,0
judi online bukan judi tipu kedok judi,0
izin daftar jadi pasu bang lawan judol,0
fire fire fire fire fire,0
ikuzo berangkat kawan kawan rang judi online,0
semangat juang champagne glass,0
hebat perintah mulyono judi online kembang pesat dg banyak korban rakyat nya yg makin sengsara,0
hukum tegas,0
ayo stop judi coeg biar putar ekonomi normal,0
khatak mang dasar tolol ngapain lo cari ga kabur emng lo yg kaborrr kaboor karna takut wkkkkk tololll tololl,0
respect bgt bang metal fire fire fire,0
sebentar serbu buzzer,0
judi togel darat banyak bang lindung oknum,0
bg ferry mirip banget profesor film money heist wajah otak sama sama cerdas,0
semua malapetaka negara sumber raja jawa mulyono bin fir aun kuasa tahun daya hancur lebih senjata nuklir mulyono keluarga kroni2nya wajib seret adil jatuh hukum mati,0
mulyono ikut campur tanggan ngga kan si budiari sampe kasih harga,0
blokir aja vpn ucap warga cinta vpn block dns ucap warga kasih dns block tenang banyak jalan tuju roma ucap warga bijaksana,0
muscle,0
maju terus bro,0
beres,0
inisial sebut aja,0
al sp guys,0
tambah bang bukan judi online tipu online,0
asli gw suka gaya lu bang gw gak takut mati gak mau mati sia sia sih cadas asli gentleman poooooollll opening nya gw banget gw rasa sangat serius kata laku peduli apa sedang jadi hiduporangbaik tada tada,0
itulo ketua projo pro judi onlai periksa,0
pegawai2 kominfo yg tangkap kan sebenernya cuma spt tukang kutip pasar2 kaget ambil fee spy ttp jual bandar judolnya sendiri sentuh berita yg tangkap cuma buat situs judol kecil2an influencer langgan judol,0
if something happens to him remember he didnt hate himself,0
negara sulit kembang banyak khianat dekat dg kuasa,0
bang artis besar yg seliwer tv benar dekat bandar bahkan chip in industri judol,0
profesorr,0
tahu beberapa orang bunuh diri krn judol pinjol duo kombo maut moga libat segera kuak adil kanker bangsa,0
heart heart mantap mas mslh judol pelihara utk bisnis sumber income bukti ibdikatornya sdh thn dipelihaya mlh alat dilengkali rugi besar negara nasib nkri salah urus menyedihkn joy joy,0
sikat kalau anak ayam banyak tangkap sekarang gilir induk ayam fitangkap maju terus bp prabowo ibu mutia hafid,0
invasi russia ukraina bisaa benar bahas video,0
budi ari siapa mulyono alias jokowi,0
gas terus bang heart,0
pro player mobile legend tanggepin dong masa sadbor doang g sebutin satu2 jonathann liando r7,0
al siapa cuy,0
brantas koruptor rugi negara baru hebat,0
ayo bang cerdas iq,0
haha vs budi om,0
tenang mas ferry nkri negara anut azaz demokrasi pancasila warganegara lindung uud pasal sampai benar hoax maaf jikalau selamat hidup ancam misal yakin dewan ham pbb tinggal diam minta klarifikasi orang pimpin negara anut azaz demokrasi tsb nkri negara komunis china tiongkok atau korea utara berani suara lantang pimpin bangsa sekalipun pimpin ragu jujur tetap kritis bangun jati diri bangsa indonesia toleran arti lama warganegara indonesia laku jurus tindak makar perintah negara sah daulat baik perlu takut suara benar hakiki pray pray pray v thumbsup scales thumbsup mechanical arm mechanical arm mechanical arm rhino rhino rhino by anang siswanto civil society semarang jawa tengah indonesia pancasilais banget,0
luar biasa efek judol banyak orang bangkrut kerja habis harta keluarga beranta,0
nyata ikut perang,0
bang nanya bang purut lu setor jangkrik sampe pak lurah ga terus bandar yg minjemin private jet mantu pak lurah bukan nanya bang,0
moga tuhan lindung bang heart,0
ari lasso open mouth,0
kapan bang ngobrol sama bang ferry amsari blush blush blush,0
siapa yg lu sasar bang ingfonya ges gk ikut kembang internet,0
projoperusaknkri,0
mantan menteri wajib periksa,0
presiden prabowo nya nonton vidio sih orang nomer indonesia nonton vidio rakyat biasa feri irwandi aja berani perang buka habis habis lawan bandar mavia judi segala daya upaya power yg milik apa ex kopasus sekarang jadi orang nomer indonesia punya pengaruh sangat besar indonesia asa malu kalau tak berani tindak besar besar tumpas habis semua mavia judi online kecuali alas apa politik teman apa penting rakyat bangsa atas segala gala lah kalian kalian pilih kelola negara baik benar se adil adil,0
sehat selalu bang ferry,0
hati hati bang ferry butuh jaga lindung saksi begini bang ferry sangat resiko,0
kkp cuma ganti logo pak,0
dr opening closing sprtinya bang irwandi tau betul diri ada situasi yg sangat bahaya skrng,0
indonesia gak maju kalau kolam yg kotor gak bersih,0
okehlah katak bhizer cuma kroco lu gak sampek segitu bang lu berani banget bang lu lawan mafia sob uang kali kali lihat jumlah uang lu bang gila bener fire fire fire,0
website sekolah gua padahal kena mallware korban hacking judol malah yg libas mabok emang,0
akun animasi tekotok aja sdh resah banget sampe turun gunung bantu masyarakat sadar bodoh judol sampe bikin part biar semua paham alur siklus orang jadi miskin bego judol,0
sangat prihatin yg udh candu bahkan gk sadar diri miskin pelan2 cry,0
bismillah berantas judi online,0
gacha skin mobile legend masuk judi bg,0
keren bahas daging semua heart,0
sukses bang allah lindung,0
terlalu lama biar judol sistem udah kuat banyak sekali tikus besar yg lindung judol lawan bukan dar bandar pejabat2 yg lindung sistem judol coba awal arah tegas dg aksi nyata berantas judol sayang terlalu besar jaring dana byk rakyat yg jerumus byk keluarga yg jadi korban,0
semangat jangan serah suara baik benar bro,0
jgn2 balik baliho milu kmrn yg masif seragam libat gratifikasi bentuk baliho partai baru nun sayang nyata tak hasil dongkrak suara signifikan utk masuk parlemen,0
tmn2 mau beri sumbangsih kalian punya power besar share ni video semua orang,0
mas fery sampean pancen kudu terus ngomong ojo leren leren mbahas judol mas fer iki pancen coro paling medeni ngerusak negoro indonesia,0
influencer asal bal banyak banged lho yg promot judol gk yg kena aneh,0
gua gak takut mati gua cuma gamau mati sia sia,0
trendingkan trendingkan trendingkan,0
tangkap pak polisi sampe main,0
hajar bang fire,0
kongkalikong gin tuh sbnrnya gak perlu pake pikir panjang selidik dalam les barang 900t dibiarin subur lalu bego2 mnyangka gak ordal nya pret cupu mana jadi lah,0
mantappppp banggggg thumbsup thumbsup konten edukatif biar melek pilih jangan lupa dzikir pagi petang bang tolak sihir gw harap tri koperasi buru tangkep rage,0
emang kontol judol emang kontol orang kecimpung judol,0
dengar setia channel paling waras youtube sejak 30k subs point up,0
tangkap segera si budi ari jadi menkop kabinet pa prabowo si budi orang bahaya tri gaya preman bohong pki gaya baru titik negara aman da rakyat sejahtera,0
netizen skill detektif kalian kerah lah cariiiii siapa al,0
ngerriii joy,0
kominfo komdigi,0
denny cagur malah jadi dpr sweat smile sweat smile sweat smile,0
lebih dar katak bizer joget sadbor parah denny cagur yg jdi dewan dpr niirr pukul mundur tuh seleb tolol lawak gk lucu,0
yg sulit atas ordal,0
pantesan profil tretan madure kominpo wkwk,0
gilaaakkk,0
ngga lagi binggung jelas jelas nama judi fisik aja pake trik nipu aja kepinteran main judi online jelas kalah lah kalau menang cuma buat efek biar tagih doang inget online based on scripting alias program rekayasa jadi kondisi tentu ngebuat main kalah terus aja mau an dikerjain terus terus ampunn oia bicara sisi konspirasi ga sedikit lhoo duit haram pakai buat modal politik speak no evil speak no evil kata om fery belum duit haram judol duit paling hallal buat modal politik duit tak tuan nih analogi negeri konoha perintah konoha bantu tunai terus si tol l pakai bantu tunai buat judi duit judi masuk oknum perintah konoha duit distribusi buat modal politik bayar beking adil jaksa police bahkan jabat inget negeri konoha jadi salah satu cara halal ram buat korupsi kan lah sebab judi negeri konoha ga bakal ilang,0
budi arie wajib periksa seluruh telanjang mungkin libat,0
negara diri atas ironi mafia das mulai satron segala aspek hidup bangsa,0
moh limo ajar falsafah ajar sunan ampel salah satu anggota walisongo ajar isi lima laku moh main arti mau judi moh ngombe arti mau minum minum keras mabuk mabuk moh maling arti mau curi moh madat arti mau konsumsi narkoba ganja moh madon arti mau zina main perempuan bukan istri,0
panjang umur juang boom boom boom boom boom,0
semangat bang bismillah jujur lebih keri lawan kata santet,0
sandiwara terus lanjut joy joy joy joy joy joy joy joy joy joy,0
tahu siapa inisial al,0
kawal terus bang sampe turun,0
org songong bgt banyak omong padahal lambat menganalisa md universe jauh lebih cepat drpd lu,0
nyata buzzer kasih makan pakai uang haram judol makanya akhlak minus,0
dukung penuh bang,0
semua jabat tinggi indonesia tau semua bandar2 judi kelas tinggi balik judi uang yg luar biasa besar uang2 alir keman2 bandar besar tdk sentuh hukum,0
selalu lindung allah bang palms up together,0
maju terus bg fer fire,0
fire fire fire fire fire fire fire,0
eh baru inget judi tu dah diajarin kecil mulai kertas gosok2 hadiah uang 5x harga beli lotere warung2 hadiah main n piring sekolah responnya lama banget ortu ga sadar apa waktu wkwkwk jadi wajar aja kek mudah bawa judi next level yg sekarang,0
makin banyak orng yg sadar bahaya judol saat influencer promosi judol maki maki orng stop,0
menteri yg gag paksa koclok,0
merinding banget liat orang jihad jalan allah,0
ganyang zionist budi ari,0
sori awam nih bang rugi derita rakyat kan sngt jelas tp rugi negara apa kok sampe trilyun pajak,0
nyata usak generasi bangsa anak buah mulyono yg bisnis judol yg lg jual kurikulum merdeka sistem zonasi nya,0
gas bang ferry otak kendali judol berantas,0
bang bilang kalau loe jihad ikut dong bang emak2 budhak corporate cuma repot rumah kantor bantu apa kasih tau bang gimana cara ikut bantu ken punya hidup lebih arti plis arahin gimana gue serius mau ikut peperangan,0
bang ferry aja tau perintah diam,0
kalau sdh sangkut duit semua tabrak ikut sugih mau mana jabat utk kerja utk rakyat mrk kerja cuma mmperkaya diri keluarga semua jabat ky raya mana dpt uang harta tebar mana2,0
iktuan dong,0
bagus,0
kuasa punya anak mau anak kalian semua hancur,0
iklan lu judol bg wkwkw,0
nonton no more bets jd makin yakin aparat negara sbnrnya tau tp banyak libat jd g gerak kwwkwk,0
rangkul semua teman teman buka mata kalian jaga negeri cinta heart mc,0
artis main moba yg promo judol gas om ferry,0
orang paling selon big applause,0
gua ga takut mati cuman takut mati sia sia kelassss king fire,0
postingan lebih ngeri lu nantang dukun bang hati hati jaga diri,0
indonesia butuh super hero salah satu super hero,0
yg pernah jadi influencer judol den cagur sule fiki prasetyo arie lasso dewi persik wulan guritno gilang dirga nikita mirzani young lex erico lim siapa,0
biang keladi judol cuma kominfo polisi tinggal audit total aja tuh semua ciprat abisin biar bubar sekali nih negara,0
legal aj regulasi ketat negara kontrol,0
kaya nya mungkin besar g orang besar tetep jadi korban korban orang lapang grin grin grin grin grin,0
terima kasih bang heart,0
siapa woyy al sweat smile,0
gue curiga data negara yg pernah retas memang sengaja oknum kemkominfo kait dgn judi online,0
indonesia butuh lebih banyal ferry irwandi,0
moga allah selalu lindung bang ferry serta keluarga keburu aamiin,0
judol banyak arti orang perintah kalo iya berantas lantas berantas apa coba kan berantas korban kan aneh udah jelas korban fasilitas ada link2 judol gajelas kata manis bakal wd,0
perang besar sih,0
jadi sekarang gw ngerti katak bhizer pede nyenggol2 bro ferry beberapa waktu lalu,0
gak mati lah bg,0
usut tuntas,0
laku bondas laku apa2 masuk biar,0
jaman mulyono kok gak up apa karn lindung mulyono moga pak prabowo istiqomah lindung jurnalis yg ungkap benar busuk jabat yg libat judol,0
masyaallah mantappp,0
nama baru ferry irwandi ferry gambling buster irwandi lg yg,0
i stand with you bang,0
bubar kemeninfo digital kalau gak berantas judol,0
jelas mantanentri kominfo usut,0
bang gatau sekarang rame judol sana sini ditangkapin aneh temen2 ko main anteng joy nih tangkap sana sini apa joy,0
harap pak prabowo sedang masak rencana rencana matang basmi koruptor serta bandar judol siapa yg lindung fire fire fire budi arie fufufafa pigay keringat dingin cold face tuh,0
iklan judol banyak bebas medsos trs kira kira apa cma ekor yg ketangkep,0
suara beberapa kurang jelas kayak gremeng,0
bisnis judi pake fasilitas negara,0
raffi ahmad mesin cuci,0
keren lu bang heart,0
ngga takut tanggung jawab allah atas rusa generasi buka situs judi,0
sejsk jokowi rampas hak pak bowo segala jahat tumbuh asuh jokowi joy joy joy joy joy,0
gw doain lu selalu selamat bang amiin,0
budi judi arie,0
tau siapa bandar bandar masa jabat si anak buah ngebina situs situs judol imbal upeti jatah preman moga segera tangkap,0
orang unlike indikasi projo bandar,0
q yakin prabowo udah cium jadi tri dulu diam aja gak mau bongkar takut sama joko krempemg buat kamu bang nyawa ancam bantu kamu kabur taiwan negara lindung orang kamu aju indung sini sayanyakin orang kritis cerdas lindung trimakasih salam mantan warga indonesia,0
hmmmmmmmm ckckckck sedih korban banyak,0
cokol ko bang jadi main salah satu tri yg ubah jaman jokowi makanya ngeliat tangkap kemarin pesimis judol beres,0
gila sih kalau nge backing fraud ratus triliun cuman dapet beberapa miliar so cheap jaman belanda ga ubah emang ni pimpin,0
hukum mati layak ga sih thinking,0
iklan yt reels facebook iklan fb reels ig smua jadi sistem buat sebar fb banyak banget sih akun lucu yg nyebarin judol,0
gass bang,0
kalo tulis buku hardcopy biar terbit suatu tercopy online sebar dgn luas,0
judi online sulit sekali beking cuma kominfo bahkan sampe instansi oknum polisi sampe intansi perintah dulu sambo serta komplot oknum polisi lain gosip salah satu lindung judi online sampe sekarang oknum polisi kena tangkap banyak oknum2 instansi perintah libat lindung judi online pura2 berantas judi online seolah2 pahlawan gua cuma hangat2 tai ayam seolah2 mau tunjuk kerja aja lihat pak prabowo kerja berantas judi online oknum2 ciprat uang judi online besar sekali mungkin mau lepasin sumber uang gede gampang kaya diri bahkan buat modal ongkos politik buat jadi jabat lebih tinggi,0
pentol busuk mepengaruhi bawahan2nya rusak negara ujung,0
sukses mas ferry angkat jadi letkol tituler judi online,0
mungkin pegawai komdigi ketawa liat yg bahas judol,0
lanjut bang ferry insyaallah buat baik lindung allah swt dukung,0
potong rambut,0
bukan judol perhati tipu dgn modus modus koperasi investasi asuransi yg bahkan iklan nya aman under radar badan resmi negara mostly tipu semua cara gigit nya short term gain long term pain u kasih enak sekali kali lalu kemudian u derita perlahan lahan mati sadly to say indonesia makin sini makin jadi negara mafia sekali bukan cuma judol pinjol tipu tipu dgn skema tebar yg paling pahit nya pihak yg biaya apbn sendiri yg lindung pihak warga yg justru tusuk penting warga apa short term gain long term gain orang orang bodoh yg mau bunuh ras nya sendiri senang pribadi sendiri lah nyata nya indonesia species sebut lapis bawah atas paling atas pulung yg asli nya copet pulung kalau malam hari semua fasilitas publik assumsi milik pagar rumah orang angkut lapis atas lapis paling atas catat punya malu hidup dgn cara cara bahkan dgn bangga jadi buat kingdom kendali bawah bawah,0
terima kasih inspirasi bang ferry banyak dukung abang,0
keren lu bang salutt,0
aku belakang mas terus maju serang judi online maupun offline aku benci bgt sama judi temenku hidup hancur karna judi,0
gue jg udh pernah komentar si budi pas jaman ban steam judol aja ga urus game malah kena ban bahkan komunitas gue ricuh2 menteri genshin punya kantor indonesia bayar pajak genshin udh sering adain acara amal beasiswa buat anak yatim indonesia ehhh malah manfaat,0
emang mantep profesor money heist lanjut profesor,0
singapore malaysia putus jaring internet kamboja philipina indonesia ngga money mouth money mouth money mouth,0
panjang umur bang terimakasih moga selalu lindung tuhan,0
justru sosok bang ferry yg lindung temen2 jgn hilang emas papua malah hilang emas yg lebih harga bang ferry pikir,0
judi judi online musuh sama terus damping fery irwandi persentasi guna duduk bumi ato indonesia,0
bayangin perintah apa gabisa perangin judol sampe youtuber turun tangan,0
luh keren boz gw bangga youtuber kaya luh,0
udah ga heran institusi isi banyak manusia korup mulai menteri2 kominfo belum udah aneh segala sok mau jegal ellon musk biar bayar pajak indo produk starlinknya paling balik uang masuk kantong pribadi bukan pajak indo berantas judol sebenernya mental banyak revisi masyarakat banyak masuk kerja negara sebut pns bukan bangun negara bangun kantong pribadi ga pernah selesai lama kerja negara pikir cuma cari cuan bahkan lihat era milu mulai banyak calon lomba lomba iklan olah sedang bisnis bukan amal bangun negara,0
lu orang yg bakal gw teriakin d akhir krna dngn lu speakup judol bwaaaanyak yg jd melek betapa kasus paling bunuh d dunia krana adik ipar sndiri jerat judol yg kini hidup lubtang lantung gak kerja ninggalin anak istri dngan alas malu gak kerja emang anak yg anjing gak usaha untung mertua msih komplit mau nampung anak cm y kasi mertua sakit2an sertifikat rumah gada motor d jual sm si anjing ipar yg gw khawatir nasib sehat mertua ipar bangsat bner2 msih ngegame judol d rmh ortunya mertua gw emang judol perlahan bakal ngebunuh per satu manusia dr laku org yg gak main gw liat berita bnyak bundir krna hutang buat byr judol ato kriminal judol bang lu org yg gw teriakin nnti ahir jaman lu org baik yg mau speak up judol buat d berantas pray pray pray semangat bang sehat selalu,0
gass bang muscle,0
bang udah muntah paku,0
buat berjud1 saran gue mah lo pikir bae2 dah winter is coming brow,0
tetap waspada mas indonesia memang kasang bikin geleng2 kepala,0
nonton bang ferry makan gaco dulu baru nnton wkwkwk,0
bg fer bahas dpr ri promo judol dong sekali sama artis2nya sweat smile sweat smile bahas titis2 aja bg biar gk kena delik,0
juta akun bulan eh kurang paham sih sweat smile,0
klo pdip langsung tangkap projo ato gerindra lindung tahu lah cuma gimmick politik partai lindung koruptor tahu polo,0
sekarang promosi judi online udah balik scene live streaming game kelas turnamen nasional kolom komentar banyak spam promosi judol risih gua liat,0
semangat mas dukung do a id thumbsup pray muscle,0
bang ferry moga sehat selalu,0
rell fb banyak yng promo bang,0
bang fery aku barusan nonton video md uni bahas judi online menit menit guna tampil artis2 yg iklan judol sensor website nya cut bener2 selesai narasi promosi aku curiga cara baru buat promosi judol kedok berita bang maaf berfikiran tidak2 tp sedang trush issue bang pray,0
sehat slalu bang fery irwandi family s team aamiin robbal alaamiin,0
tempat judi beri tempat pasu banyak,0
siapa sosok al panasaran bgt jawan dong sob pray,0
salam respect bang ferry kalau orang orang ga bayang negeri jadi apa sangat emosional konten,0
gokil bang fire,0
sikat bang artis promoin judol kaya den cagur,0
sebenernya lingkung gua banyak sekali laku judol utama slot bahkan salah satu rekan keluarga heran ko si istri boleh suami main slot gua sebenernya geram judol sangat dukung perintah berantas judol cuman jadi masalah gimana sih cara memberitahukan nya lingkung yg gua takut gua buat sadar takut ga nerima jadi masalah depan,0
yg parah jabat bowo bilang negara qt kaya halu banget wong mas miskin eit makin lancar judi online joy,0
semangat sehat2 terus bang ferry banyak masyarakat belakang bang ferry yg siap selalu beri dukung fire fire,0
bang give away nmax ama alpard bang joy,0
bcu daya beli yg lemah negara perlu pinjam n judi online sama pbb aja hutang bayar hutang mpe joy,0
susah banget ampe muakkkk ngasih tau temen gw buat renti maen judol malah marah bilang gw so ngatur hidup org sbgainya pdhal kalo udah abis duit malah pinjem gw anjing emg judol goblokk sob sob sob sob,0
sehat terus orang baik,0
ati ati bang air keras senjata lain,0
solo mid sf joy,0
judol tarung marathon panjang lelah lindung keluarga masing2 dr judol mulai dr lingkup kecil,0
banyak artis influencer promosi judi online kaga tangkap kalo tangkap gempar banget joy joy,0
bang bahasa source code judol forum developer fb bang situ banyak jual,0
artis masa ga tangkep jelas2 lebih sadbor,0
lgsg negara udh ngebunuh beberapa org yg candu judol bundir joy ngeri coyy,0
perintah masa mulyotod bner2 jijik bnyk kekuranganny hwkw rofl rofl,0
meski konten elu orang pertama yg tegur influencer ml yg promosi judol sayang tanggung jawab lapor polisi salah satu marsha gila sekali stream marsha minimal jt joy joy joy,0
blm admin org indo yg kirim kamboja blush,0
joko widodo,0
adik goblok kalo gaji jangan dipake main slot mending beli sapi,0
koruptor orang2 kaya gitu wajib banget hukum mati sihh,0
ingat konsorsium lawan bukan rakyat sipil bung perangkat hukum negara jelas butuh mental baja sih siap mati usik lumbung beras knife,0
buat yg main judol coba nonton one more betts,0
bang kalau lu mati gegara gw introvert turun jalan,0
left facing fist,0
al anis laswedan,0
satu kata bang wani,0
bung ferry irwandi sama warga rakyat negara bangsa mulai kembang apa sebut bahasa kias juang dasar neraka ingat aplikasi mulai orang dekat kota judol hampir mati lajur putar hidup banyak orang hancur berfikir pendek akibat hari orang tangkap aparat akibat efek judol mulai sekarang semangat bakar jadi pelita kecil pekat asap negri sekian salute,0
bacot bat katak balik dulu sini gausah cari cari kabur ting,0
panjang umur lawan fist,0
akhir bahas,0
situs judol banyak,0
ijin dowload bang,0
katak bizer siapa gaada yg mau seriusin gebugin apa,0
gacor mas ferry berantas terus judol bgst,0
gua dukunggg banggggggggg gimana cara gua berantass judolll iniiii,0
kalo kontent luh lewat lewat besok ganti topik besok ubah yg bahas kyak nya sama dg channel bang harap abang kupas tuntas masalah utama masalah judol judol pinjol kyak nya satu lingkar yg oknum orang penting dah,0
paling males begaul sama judi banyak omong,0
kawal bang ferry jangan sampe ilang gess gas terus bang,0
kawal terus judol,0
tuju bang ngk takut mati mati sia,0
bang kok iklan elu judol sistem iklan youtube nya jadi elu ngga atur,0
sampek mantan menteri apa sampek mantan presiden nih uhuuuiii,0
sehat selalu bang moga abang selalu lindung tuhan maha esa,0
bang ferryyyy open mouth open mouth open mouth,0
moga rakyat indonesia segera sadar aminnn sunflower sunflower sunflower,0
knp ges kok baru ungkap sekarang knp ga ungkap tahun belum,0
lawan fire fire fire punch punch punch terus maju bro,0
loh main dota,0
judol sama narkoba ga berantas libat banyak pihak inget kata kang bahar preman pensiun bisnis bisnis bagus bukan bisnis baik bisnis libat banyak pihak saling untung warga indonesia doa kawan2 main judol segera akhir semua semua lambat,0
org kuat banyak susah banget tangkap judol korupsi impor joy,0
sih judi salah joy joy joy joy dapat judi buat bangun negara buat betulin jalan dagang makan jadi laku ramai harap naik pajak rakyat yg rakyat tekan hasil keringat nya cari uang sakit sakit kena sakit kata nya uang judi haram mulut manusia kasih 1m uang judi jadi halal emang manusia bumi nolak uang jumlah besar kasih gratis phueee munafik joy joy,0
terus juang mas feri generasi muda yg lebih baik thumbsup thumbsup,0
memang budie ari terlalu bebas acak ngacak negri henti rumah,0
moga pihak bandara lebih selektif tahan orang mau kamboja vietnam malaysia pihak kbri perintah jgn pernah mau urus kerja sana masalah biar rasa apa neraka dunia,0
al temennya kaisar main tembak tembak bang,0
gas bang bikin movement,0
brantas judol,0
judol open mouth open mouth,0
ati ati bang tim social media strategy orang sebut sedang buat strategi bagaimana cara jatuh kredibilitas lu hadap umum bahkan orang gua ngingetin lu gin mungkin ikut pengaruh sebut nanti sweat smile,0
pahlawan bambu runcing heart,0
kamu musuh judi onlen napa sponsor game onlen,0
fer hormat gw lu gw tawarin hampir 5x buat brangkat sana kawan yg beda yg udah kesana gw selalu nolak tawar gw pikir buat ngebantu negara buat bilang jangan putus rantai yg jadi lapang gw tanya kawan gw rata gak pilih gilas zaman segi kerja maksimal umur bilang perut no bukan negara konoha pegang teguh konsep perut buncit lebih elegan liat kurus kerempeng,0
si ba emang muka aja kriminil,0
brantas sih judi bandar bandar nya kalo perlu bakar bandar nya depan masyarakat,0
info judul openingnya,0
ntah artis keluarga besar mana tokoh besar mana lindung promosi judi penghianat bangsa pokok penghianat bangsa dinegri buru jangan lolos kali gua respect banget sama lu bang jarang orang berani seperti bang moga tuhan kati lindung bang irwandi pray saluting face,0
https youtu be hnr6oq1wmna si lnjfassk vjixri5 artis jadi bandar,0
viewers channel2 banding lurus dgn iq rakyat indonesia,0
ayo guys laku masif gera berantas judi online pensive pray,0
mana berani bang akar udah jalar kemana2 pesimis kalo pak wowo mau bersih2 bikin rakyat bangga harus ga pandang bulu maaf pak anak bangsa udah banyak rusak mati udah banyak,0
jadi fresh pas potong rambut joy,0
chanelnya vie cebhol ngungkap artis ikut ngelola situs judol,0
pdip gitu looh korupsi bukan cuman sumber dapat nya,0
bang sadbor ko cepet langsung tangkep tpi dlu streaming esport ngga tangkap padahal gede gede sawer bang,0
pemuda berani,0
nikmir promosi judi wkwkw,0
bang ferry doa moga allah selalu lindung jalan mu,0
ferry irwandi have a great health and not suicidal,0
hukum mati dong sm aja ngajarin ank ank bngsa nyuru ajar main judi negeri mcm apa klo isi pemeeintahannya jahat jahat kelas kakap masa lindung sungguh kejam dn sadis jabat jabat negeri rakyat hebat baik tpi jabat pemerintahanya smua jahat sungguh hati iblisss,0
kalau kau kenapa2 turun,0
orang menteri nya aja banyak yahudi pesek jilat zionpenis,0
bang moga tetap lindung tuhan heart,0
cerdas lo bang intelektual,0
lah gua ga sempet nonton live lu bang lu baik baik aja kan cry,0
makin viral makin bagus rakyat tau judol sangat bahaya thumbsup full moon with face,0
telegram msih bnyak tu bang,0
prabowo berantas korupsi cuma omong kosong manusia jijik gentayang,0
bang fery orang baik moga ikan sehat lindung allah orang dholim menyakitin,0
jaga sehat bang irwan blush,0
bingung bang artis besar yg duga promosi judol periksa bilang gak tau kalau judol kelas artis besar loh yg mana punya manajer tim kok gak tau kalau judol sweat smile,0
the professor sergio real live,0
inti rantai besar yg pegang kuasa judol yg logika komdigi kominfo suara stop judol nyata komdigi transaksi aman situs judol mungkin kominfo libat,0
sikontol nya beri izin nya judi online sama game hdi hancur masyarakat negara gara gara bitang semua,0
pery jangan minum makan tempat2 undang takut racun,0
blokir slruh apl vpn,0
bang ferryirwandi bahas narkoba donk bang penasaran gw,0
kek proffesor wkwkwk,0
jodol negara rugi apa coba rugi jabat pajak kurang pasu joy,0
gilee visual videolu makin lama makin improve aja bang,0
bg izin kenal bandar gmna cara lapor bg,0
paling pergi luar negeri joy,0
kalau perintah andal saat rakyat satu sama2 rang fire sehat2 selalu bg semua,0
gas bang feri nitizen sama,0
sekarang siapa percaya pemertintahan worried,0
bang situs situs kelas ber operasi situs aku buka,0
sehat terus bg feri moga selalu lindung,0
real the professor,0
sering wa judi online detik disappointed relieved disappointed relieved disappointed relieved,0
lg ngecek apa buzzer fufufafa sini,0
rezim mulyono bangsat usak bangsa,0
sesimple imei kalau ilegal deteksi beda mau,0
gin bro org2 oon ngga langgan netflix joy klo ketangkep tanya details siapa yg libat tembak mati selesai ribet banget,0
trending inimah fire,0
teeee sattteeee joy,0
addsense iya eksposur iya endorse iya viar iya pake ajak2 masyarakat sipil segala gandeng bos aja punya logo kiri atas lemah buat ngelawan bagi government nah loh,0
gua salah satu main judol cuma gua sadar bahaya nya judi beberapa temen gua gaji nya bahkan mes judol jadi gua dukung penuh bang ferry buat berantas judol gua main judol yg takut takut buat depo gede gua pake akal gua buat main judol cuma sayang nya temen temen gua yg kena dampak jadi makin ga karuan kadang minjem gua cuma buat depo jadi moga aja judol indonesia hilang jaman normal aja dah judol judol,0
naudzubillahi mindzalik lahaula wala quwata ilabilah hil aliyil adzim moga allah hancur bisnis judi apa bentuk aplagi struktur massive sinting siih perkara haram larang keras agama,0
cocok lu jadi menkominfo bro gua dukung,0
emosialna nya dapet bgt bang fer moga video tonton orang orang luar sana trendingkan yuk please tuju bantu share like heart heart,0
siap jdi follower bang klo yg ngajak duel dri pihak judol,0
ga sih satu komunitas buat berantas judi online gua ken ikut banget gua korban judol banyak teman gua main judi online miris banget sumpah gua bingung cara musnah judi online gimana,0
indonesia butuh banyak orang berani kaya antum bang sehat sehat selalu bang ferry,0
tangkap budi ketua projo ajg,0
waktu revolusi,0
pret,0
ferry irwan musuh alami naga langit,0
ku suka gaya bang,0
gua takut lu mati kira kena santet bg smiling face with tear moga lu panjang umur jauh marabahaya malapetaka,0
pik tuh isi bandar judi onkine kroco2 buka judol server myanmar kakap pik ngga polisi hebat kan sweat smile,0
tahu spil nama al,0
negeri geriku joy joy joy joy joy id,0
keluarga fufufafa pasti libat,0
lu tau kalau liga basket konoha main gaji duit judi,0
lama denny cagur lain tangkap berantas judol hanya buah citra,0
loe engak mati sia sia kalo loe dor c budi bikin kaget,0
jadi satgas judol dlu guna apa,0
anjirt rispek edan bang gilak thunder cloud rain krna gw jg ad masalah personal sm tukang slot tmen2 gw jg ikut kena getah gr2 fak ngelakuin apa dapet duit bwt ngeslot sial siapa hajar anjim orang polos yg kerja mati2an hemat sana sini bwt nabung hajar jg asw gw salah satu korban damn,0
terima kasih bang sangat berani suara hormat buat salute,0
bandar mukidi dijamanyapah konoha jd negri yg subur pinjol judol,0
situs bokep walaupun udah blokir tetap,0
baru tahu chanel benar sbg sama anak bangsa ucap banyak tksh hormat atas juang selamat nasib hidup anak2 bangsa yg lahir besar dgn juang korban yg mudah sedikit,0
banyak sekali penghianat bangsa negeri bgst memang penuh manipulasi tegak hukum kominfo dulu taik temen gw sendiri yg masuk mobil propam polri sendiri bandar atau tangan kanan bandar fasilitas biar aman banyakk anjingg perintah rusak moga bpk prabowo sembuh negeri pray,0
si kodok udah kena blm bang sok cool tuh bocah,0
bang ferry stay safe cry saling jaga org dekat bang ferry,0
latar belakang bikin tantang santet sering ancam sama an,0
judol anjing memang oknum perintah yg belakang judol hukum seberat2nya anjing lah judol kalo ga judol gabakal se buruk mental anak muda udah mah miskin kasih judol kan anjing semangat bang fery,0
raised hands raised hands raised hands fire fire fire boom boom boom,0
kerenn lu broo berani lawan judol,0
wait until bro becomes the next munir skull j,0
al sahaaaaaa,0
moga perintah samping berantas judi online ngasih ruang game hasil saldo dana biar alternatif pasu buat ngobatin masyarakat loss akibat judi,0
orang orang goblok berantas duit haram masuk tubuh semua tindak dunia negatif masak bayar pajak pakek duit judi joy kan goblok joy rofl,0
katak bangkong,0
bangun partai apa kan ku laku projo fafafufu,0
semangat selalu bang good job jangan serah sadar orang orang mabuk judi,0
jangan lawan katak lah buang energi lu bang sia sia,0
gas terus pakkkkk dukung,0
respect arti lu belan lawan polisi semangat,0
nyata adegan film memang dasar nyata banyak film indo sesuai ada negri warga sipil sekali mungkin narkoboy sangkut paut bagi politikus haus harta,0
kominfo komdigi baru kemdagri data2 pribadi masyarakat ragu bilang aman,0
judi slot nyeret banyak kalang miskin sampe orang pinter ikut kena orang yg ga pernah main slot kalian masuk bagi kecil manusia untung,0
insyaallah bung insyaallah suara lebih keras walaupun dalam kubur fire moga jangan dulu perjuanganan panjang pray,0
semangat bungg,0
pak presidennn dengarkannnnnn,0
tp kalo bilang mau blokir sampe kapan kaya bakal deh bukan masalah judolnya tp karna sdm yg mau banyak yg mau main mau diapain situs mau blokir kaya gimanapun ttp aja yg tagih main bakal cari celah buat main judol udh kaya lingkar setan aja,0
al lim oouww shit ngakunya turun konglo,0
kamu kelas bang pray,0
suka banget sama bahas bahas bang ferry saran dikit ni bang suara lebih kenceng biar lebih jelas sering ulang ulang terus kurang jelas suara bang,0
sikat habis judol bikin uang indonesia habis,0
semua dampak nigatif judol solusi legal judol,0
semangat bang gk bantu apa2 doa sama share2 tipis konten lo,0
gw cmn bantu like biar viral tuju biar makin bnyak yg mantau kodisi lo bang kalo tiba2 lo knp2 yaa trbukti valid yg lo blng konten,0
gilaaa fire,0
youtube trendingkan,0
sama orang waras bung ferry irwandi fire terimakasih cerdas bangsa,0
pak presiden lindung orang,0
kembang judol ganti kulit bang sunglasses sama kek bandar narkoba bosan sama sama orang ganti ganti t aipan muka muka semua bayar receh joy joy joy joy joy hehehehehe becanda masuk akal kan sunglasses salam akal sehat,0
telegram adl sarang kalo nemu report tada,0
bang banyak cewe2 ig yg promosi judol sangat resah,0
nonton video bang ferry lanjut nonton video md universe kupas habis soal judol,0
bang si budi usut bang,0
dulu gua punya tmn gk pinter bngt fun lah ajak main ketika ubah kenal judol raut wajah ubah derajat trs jadi sering bohong bagai alas temenan gk sedeket dulu punya sibuk masing raut wajah gk bohong tiap ketemu gua gk asik kyk dulu fuck you judol,0
ah masa ba ga tau menteri kalo kubu jahat apa bakal lindung ucap si ba,0
harus jadi tri ekonomi sampean mas fery fire,0
jdi tri menkominfo gagal ehh angkat lgi jdi tri laku siapa tuh jngan jaho puji yg bagus n baik aj tpi kritik dunk tuh yg angkat tri gagal jdi tri lgi,0
bobrok segala lini keren pegawai yg gaji pajak,0
emak gila paleka dya stop judol dya main akun2 bodong nya,0
opo ki,0
merinding gw bang denger kata2 akhir lu,0
kominfo anyng fcvk musuh selimut kominfo,0
gwwwwwwwww asliiiiiiiiii kagum sama lo,0
kadang judi bukan betting online banyak sekali aspek jadi celah judi,0
al cukong besar milik gurita bisnis dri jabodetabek batam kalsel bisnis legal hukum memang cuci dana besar judi online jangan cari internet kerak bumi tak deteksi,0
sebener nya jaman nabi judi emang sulit branstas semua gantung dr diri sendiri bang ngapain berantas judi online buang buang tenaga buang buang uang banyak korup liat kamboja negara gersaaang tp legal judi liat angka pengganguran paling kecil se asia nya yg berantas oknum oknum korup yg bikin negara ancur judi online bikin ancur negara apa kabar las vegas tau judi online banyak negatif nya tp positif nya bang,0
moga lu sehat panjang umur bro fer,0
emang taik si arie budi joy joy,0
alhamdulillah udah umur pernah kenal judi mau online atou offline slight smile,0
tag gerindra guys cepet,0
definisi benar sdm rendah indonesia kasih otak bagus gak dipake aja judol jadi ajang rubah nasib,0
superhero,0
jangan blokir situs blokir gamenya situs biarpun masuk situs maen gamenya kalau situs juta server gamenya server analogi masuk situs p0rnhub masuk nggk nge play video kira2 bakal males nggk,0
gas terus bung fire,0
gausah takut sama santet bang dukun zaman sekarang dukun google,0
semua instansi indonesia banyak mafia wkwkwwk,0
g mungkin presiden g tau,0
statemen paling ngena judi memang berantas muka bumi judi online beda case judi online sistem manipulasi yg rugi banyak pihak hingga negara rugi tahun long live resistance what we do in life echoes in eternity,0
ati2 bro real sultan kadang kejam,0
halo budi ari beking perjudiyan kkayaanmu uda ratus miliyar pulngin uang rakyat kecil yg pda main judi karna judi suami bunuh istri jual anakkandug bemi judi uang haram rakyat miskin ygn timbun budi uda bau tanah perak aj uang haram bakar kubur tihati buat ap numpk uang judi yg main judi org2miskin,0
yg tau inisial a l,0
kalau semua tindak sangar mudah basmi judol beking jadi kapan gak,0
fire fire,0
bejat ini negeri,0
soal judol mungkin asing kalau libat beberapa etnis indonesia salah satu etnis pengaruh ekonomi etnis c na laku startup hampir seluruh tuju judi online tsb banyak narkoba black market mungkin banyak kalian warganet ga sadar start up sangat sangat licik kotor,0
wah nyata dota player nih om ferry thumbsup,0
artis promosiin judol gak tangkap,0
tlg seru nyata perang judol,0
sekarang mungkin judi jadi biasa bagi masyarakat gin laku mungkin aja liat vidio tau apa dampak nya yg akibat utk diri nya negara aja laku yg nama darah daging,0
sama kaya lacur terus lama konsumen solusi gue sih kan udah jelas kitab suci judi haram kalau orang moral tau judi haram ga bakal mau maen judi n lama2 kl ga konsumen tutup dah situs judol,0
please fer tlg suara terus berantas judi online gua korban uang gua habis gua capek kerja itu yg jadi lingkung gua semua hasil krja bandar sumpah negara puruk,0
gimana asa bandar nonton,0
beking udah enggak rofl kaya pindah kuasa baru klon baru joy putar roda perintah joy isu jebol data hapus data jahat joy,0
akibat kasus percaya publik kominfo jd makin jatoh walaupun oknum udh ketangkep tetep bakal stigma gua ahh paling yg ngeganti,0
jauh lebih bahaya drpd lu nantang ilmu santet open mouth,0
btw opening song nya apa yaa,0
waduh bang lg nonton live ritual nyantet kamu kog video yg tarik yaudah aku sudah ritual nonton video ingat ferry santet kamu next time rage,0
aneh budi arie dgn catat gagal pimpin kominfo justru percaya jadi menteri face with hand over mouth,0
kawal bang ferry fire fire fire fire fire fire fire,0
memang susah kayak bang mantan mantan menteri nya pak mulyono yg jilat bukti salah politik balas budi politik saling sandra,0
pantesan dana milyaran kominfo cuma bangga hasil blokir situs abcd pernah serius berantas judol umum eh nyata banyak situs efgh yg lindung bahkan jembatan pelihara joy joy joy ibarat nangkepin maling yg gak kontribusi utk sisi lindung maling yg selalu setor bagi hasil maling rofl,0
al siapa sweat smile a sweat smile sweat smile sweat smile,0
kaget w rasa kagak,0
selidik,0
al siapa al,0
kalo katak beneran nyari lu bg gua siap turun,0
sore tadi berita orang bunuh diri lilit hutang akibat pinjol lokasi ngga jauh rumah ane,0
lawan judi online,0
kira2 beneran jadi indonesia emas udh tolong nih,0
big resfect,0
siapa al yg tau,0
ferry irwandi is not suicidal,0
stay safe mas moga lindung nya aamiin yra,0
budi arie masuk sekali,0
jelas lah mantan menteri budi arie panas dingin tentu anw sehat sehat bro,0
tangkap semua bandar jugi plus yg ngelindungin,0
aneh menteri gak sentuh hukum periksa aja,0
waduh bang lu lawan oknum lu tau negri cinta oknum broo seperti jaman teroris suka bom kantor kantor penuh oknum lebih bijaksana banding oknum vangkeh negri joy joy joy joy joy,0
banyak orang takut bicara jujur benar bang ferry hilang nya hati nurani sangat bahaya sih orang peduli soal uang,0
lapor polisi apa,0
aku umur umur berita judi blenger tangkap kroco kroco nya bandar nya lenggang kangkung duduk manis,0
napa baru sekarang bnyk korban,0
blur dong abang,0
pantes bandar aman,0
bukan film bapak ibuk real ayok melek keluarga,0
yakub siap perang,0
al kira2 siapa guys,0
keren bang fire fire fire fire,0
semngat bang feryyy sama bang main judol ngk suka konten,0
kalau jabat jabat konoha sogok suap punya harga diri murah uang agenda agenda jelek propaganda hancur negara masuk konoha masuk agenda lgtvbbq hancur negara konoha,0
kelaaasssss respect,0
tongkrong gua aja tuh nyelot siang ampe malem gua buka warkop fasilitas free wifi yg nyelot boro boro jajan kontl,0
hmm kek gk asing gtu si al cry,0
aku pikir kalau misal nih koruptor orang pegang jabat penting suatu parlemen hukum mati jabat gimana,0
tanya manusia yg jabat kominfo kemaren apa tanggung biaya hidup pajak rakyat gak jabat,0
pikir pribadi sedikit mudah kurang orang2 yg main judol barang siapa lapor orang2 main judi online beri kompensasi reward bakal lebih cepat kurang main judol,0
si budi arie pro judol gibran cabul fufufafa segera tangkap liar bahkan jabat,0
ati bang judol bayak jahat y mulai dri jabat smpe tegak hukum yg brlindung d bslik institusi y ap lgi pampang wajah jahat y harta kaya y triliun anak buah y ajh puluh miliar bln y ap lgi ketua y cuan guede,0
bang gimana kalau bikin layan adu korupsi online,0
ocean,0
trimakasih buat abng irwandi sdh edukasi dn bicara k bnran smnga sllu d lindung allah swt,0
indonesia id lebih baik,0
al siapa kira2,0
tenang aja beking lo ad om dedy,0
gassskeun bang,0
mister t udah ilang aja joy,0
laporin tetangga orang investor judol hotline sm polis malah yg hrs nyari bukti wkwkwkk kocakkkk lelahhhh bukan sm bandar judolnya tp kerja aparat,0
kalo gue gak yakin libat lah aja gak tau bidang yg pimpin apa cuma plonga plongo pas kasus hacker jg joy rofl makanya cuma dikibulin sma anak buah bilang aman bos sdh blokir situs judolnya eh nyata wordpress yg blokir rofl rofl,0
bang gua temen kampung kalo ga salah orang kerja kamboja rekrut sbg admin judol aktif sampe sekarang kurang lebih mau hampir tahun sana fee bulan 12juta kalo ga salah,0
stop sebut oknum,0
bang luh mbahas budi ari gak takut santet via online kan mantan kominfo otomatis jago it sweat smile,0
anak buah jdi tumbal judol kepala jdikan tri sangat adil,0
santet delay manggarai,0
stop bayar pajak,0
moga tau akhir drama sweat smile,0
goyang terus kandang bro we beside u,0
suatu kalau umur panjang cerita sepak terjang anak cucu orang pahlawan fire fire fire,0
budiari harus mempertangungjawabkan uda putus urat malu,0
yg ditangkep selalu influenser kecil yg besar aman2 aja ampe sekarang cry cry,0
video acara alfin lim udah pernah bahas tempat judol gak proses2,0
musuh sdh nyata tinggal tindak nyata yg perlu bukti,0
bang ferry katak bizzz kasih ancam hati hati bang gua harap lu selalu wapada incase gua takut orang hebat kayak lu kena musibah bang semangatttt,0
gw benci judol hidup lingkung tongkrong yg main judol menang rasa gak adil menang kerja keras gak kyak gw yg kerja hidup kalah keluh orang yg hidup kerja gak jarang gantung hutang teman pernah situs yg blok gw heran ko banyak betul situs alternatif yg operasi judol rusak mental main bahkan imbas orang sekitar yg rugi,0
influizer dlm posisi tersandra simalakama intai polisi tekan bahkan jd ancam bos judol,0
kelas king crown,0
ikut lawan blokir semua situs bandar laku backing semua yg libat tada tada tada,0
bang mungkin abang ga kenal aku aku baris abang tarung lawan manusia manusia jahanam bang stay safe bang,0
bissmillah bang ferry terus semangat apa baik terus lawan judol sia sia selalu beri edukasi masyarakat fire fire fire heart fire heart fire heart fire heart fire,0
semangaat teruuss bang ferry,0
kalian kaget duit lo duit kalian tau duit gak yg orang tua kalian cari ampe tengah mampus apa perintah,0
endingnya tebak benar tutup bohong baru orang yg bodoh tp punya kuasa bahaya rakyat gak sempat berfikir arah sana karna sibuk main dapat harga butuh yg naik sakit komplikasi kronis yg mati tubuh bangsa indonesia,0
semangat terus bang fire mechanical arm muscle,0
alas lo keluar jd pns bang tp beda dri intansi lo sblmnya tp kurleb sama kek wkwkwkwk dagel,0
harap pak prabowo benar2 tegas tangan masalah judol pinjol y sudh bertahun2,0
kapan tau kasus judol sweat smile,0
orang orang jabat kecut sakit jiwaaa may you root in helll with your familyyyyyy anak anak lo bakal susah dunia akhiratttt,0
thx heart heart heart heart,0
sehat terus bang,0
brave man ayo bantu bung fery,0
tarik bulan era prabowo gestur kerja berantas judol kes lebih janji banding bertahun2 era jokowi kok yaa,0
gak kaget sih ogut godfather nya yg backup,0
updated rasi tambah tks bro alvinhidayat zafrantsany habis browsing2 inisial al ceo fintech sbb adrian li bod qraved albert lucius kudo agus lasmono wir asia anthony leong pakar digital tenaga ahli it koordinator rawan pride kalau sekira diupdate netijens tks,0
pantas ari jadi ketua projo emang pas proyek j udi o nline,0
si tr kapan sih pake rompi oren sweat smile,0
berani banget rispect bang,0
serang sampe dasar neraka fire,0
thanks,0
angkat berita wartawan bakar rumah,0
dedi corbuzier bahas,0
panutan,0
judol lebih rem dadi santet bang sob,0
wah habis cerita begini hubung dgn malam proses santet open mouth,0
saksi hancur hidup orang dekat gw yg seret seluruh keluarga besar uras mental finansial judol laknat sakit timbul sungguh rusak hingga kini gw dukung juang lo tuhan kalo tuhan peduli ngurus begini wkwk gak rela juta orang akhir hancur mati bajing bertanggungjawab atas semua justru ketawa perut kenyang bro ferry gw gak doain sih amit amit yg mati jangan mati sendiri ajak bajingan2 belakang semua mati bareng bareng may god save us all,0
nyawa beliau sedang taruh lindung negara warga indonesia,0
untung gw dah stop skr main dulu ba ampo pdg jg krn lingkung klo skr pdg dah baik asli gw stop gr gr lg maen kalah sepeda gw ilang yg nyolong dr ctu gw niat renti smpe detik donk kapok se apes2 nya dulu baru renti,0
sumpah orang main judol rugi banget gw ngak tau apa ngak ikut ikut jadi korban duit gua sering pinjam temen gua buat dep kalo tagih malah mau minjem buat depo kata uang mau diputerin dijudiin buat bayar utang gw hasil nya zonk malah nambah hutang gw,0
berantas no liga ciputra kalo sanggup joy,0
situ biar situ beri situ main situ bau2 cuan joy rofl,0
china perang cukup lama buat film nya no more bets even staff hilang duit simpan nya hingga juta cerita yg kena pinjol jual bandar judol jkt pidah philipines terkahir hilang kamboja tonton kejam mafia judol no more bets youtube netflix,0
juang deposet menang kalah yg penting deposet dah,0
panjang umur baik sunflower,0
emang anjing judi online kalian laku judi online mikir make otak gak sih gue jadi dampak teman maupun ekonomi teman banyak temen temen gua pinjam dulu ratus which is bukan rb nominal nyata buat depo habis ngilang teman ekonomi gue laku umkm sangat liat banget ubah ekonomi lesu nyata buat judol kek gin buat beli barang mutu buat hidup hari hari gua gak segan segan nyepuin siapa lingkung gua baik maupun coffee shop jogja baik admin nya maupun laku ketemu anjir gak jelas kadang tempat umum bisa maenan slot kek gitu gue telfon polisi dateng grebek mampus lu,0
irwan d ferry moyai,0
inisial al bantu guys siapa oknum,0
yakin ferry tau lebih banyak cuma kau jaga kerucut kalo jadi apa apa sama mu gara2 video singkat konyol sih sweat smile,0
keren tada udh sengsara rakyat perintah ikut maen tada tada tada bravoooo moga abis perintah lebih bersih abis sikat in hama nya tada,0
gw yakin budie arie bakal tangkep,0
gua tanya beberapa temen main judol jawab hampir sama semua banyak main judol karna lilit utang coba buat balikin harap untung judol cuma geleng geleng dengernya bukan tobat malah aja harap sama mesin,0
kalo kelar next mafia bbm fer lo tau lah monster,0
pas awal bang feri bilang streamer mobile legend duduk bareng adminnya otak gua langsung muncul si ler botak eh nyata langsung dimunculin muka sama si feri gokillllll heart,0
netizen al siapa lik,0
betul orang udah kena judi online susah sembuh moga jaukan jahat dunia amin allah,0
siap mati bangsa generasi i will support you forever bang,0
yoo ndak tau tak pak beny sweat smile,0
berantas judol mampusss,0
jgn bosan jadi orang baik,0
kamu sangat berani bang dukung kamu,0
sangat simpel kolaborasi cerdas f d mas satu gerbong yg sama holding konten yg coba uak f yg sebar kisi2 posisi sana d coba sengaja datang narsum kait hasil akhirny sangat mudah bukti apa sih yg gak jadi klo habis tampil dr channel tsb ga lama d panggil yg berjiwab sweat smile,0
taring garuda,0
benar menang,0
admin,0
atomic habit henti bad habit sulit akses habit sebut lah malah lancar sono,0
judol pinjol narkoba,0
bener kata elu fer rugi 900t koar koar medsos masyarakat aja juddolnya data pribadi jual data pribadi disalahgunakan scamming jaga malah nyalahin nyuruh ganti pindah padahal register pakai data pribadi ga janji klausa simpan rahasia jujur aja kalau malaysia bikin iklan soal lindung data kaya kasus banner visit malaysia kemarin lebih percaya serah 900t 900t headline news tutup bobrok perintah,0
sehat panjang umur bang feri salam juang,0
sadar influencerr buka henti malah tetap tahan,0
higgs domino mas play store indonesia jelas jelas judi online kedok game,0
si budi ari jdi beking judol,0
top,0
bang loe pake metode text book ala indo judi larang knp loe gak pake metode out of the box nya uk usa buat larang org judi bang judi legal pajak jamin bang pensiun yg main judi yg main pensiun bandar gulung tikar bang,0
jangan2 memang maksud tunjuk ketua projo proyek judi online face with open eyes and hand over mouth,0
moga tuhan selalu lindung keluarga bang moga makin banyak masyarakat yg gerak hati ikut juang,0
baik gema abadi bang fer semangatt,0
rakyat tau cuma mungkin judol eks wakanda aparat ga becus kerja saking tolol kalah sama bandar judol aparat jadi backing bandar judol gw akuin lu hebat bang fery meski gw yakin lu tau lu speak up cuma tabur garam air laut,0
judi kan praktek main mafia arti benar mafia punya jabat kuasa,0
apasih faktor yg buat si budi angkat jadi menteri,0
lu hire bodyguard sih bang ferry jaring bandar judi hampir kelas bandar narkoba sumber daya waspada serang lewat hacker serang anggota keluarga thank you so much for what you have done for our nation heart,0
kok gw rasa menkominfo kait ga sih syukur kalo gak,0
warga sipil biasa tp deking nheri joy joy joy,0
gw sering laporin iklan judol fb tp malah reportnya dr fb iklan sebut langgar atur sweat smile sweat smile wkwkwkwwkk fb jg hmmm,0
mau tau gak siapa boss besar pernah sebut pak benny mr t bukan bukan tommy winata thl tukang ojek ngobrol sama gue tau kalo thl bapak besar bisnis judi sekarang kabar relokasi philippines cambodia srilanka perintah philippines sekarang nge ban semua pogo philippines offshore gaming operator kantor aman manila sana mungkin satu2nya pogo asal indonesia sisa,0
ayo berani bongkar mafia yg skrg jd sangka cucurut bapak blm ungkap biang kerok nya berani,0
https youtu be qvku wfa7ww video deduktif indonesia,0
maju terus fer jgn serah bangsa,0
tinggal ketik kantorbool tuh website nya sering sawer streamer kayak si pqscol,0
memang bener orang jahat licik liat banget muka aja si tri lama tiap liat hati mikir orang anjing nih eh bener,0
lama artis promosi judol didiemin wajib skeptis,0
dukung bang ferry main judol mulai udah tahun judi online mngkin kalau total rugi 200jt coba henti judol anak pertama umur tahun menang bilang pa henti gak usah main judi,0
disclaimer isn t it alvin lim he owns pt quotient fund,0
backinganya close the door babat terus baang semua negatif rusak rugi masyarakat muscle muscle muscle thumbsup,0
pak prabowo kerah anggota baik mu brantas judol yg sangat mudah nyata lihat mata andai ga hilang yg aneh rakyat kecewa bukti pak prabowo musnah judol,0
moga hacker top indonesia ikut gerak awal berantas judi online,0
selalu bikin resah banyak korban rakyat jelata tengah bawah logika sederhana judol bangun luar negri gaperlu sebut negara mana udah tau main banyak orang indonesia kaum tengah bawah kaya yg bang ferry bilang kalo gak berantas dulu bahkan skarang jangan kaget kalo negara jadi inflansi uang cetak negara yg harus dipake buat putar ekonomi negri malah dipake sama banyak rakyat yg t l l buat judi uang lari luar negri percuma skema uang indonesia abis keluar percuma negara milik situs judi yg dapet uang bakar duit buat promosi terang2an yg selubung nyawer bagai platfom sosial media yg dapet sawer selubung dapet uang gak full karna kena potong apk sebut miris apk sebut bukan asal indonesia sendiri sederhana uang indonesia abis lari luar negri ratus t percuma dapet uang tesebut kembaliin cara bakar uang promosi indonesia bagai cara nyuap orang2 punya kuasa negara paling cuman abis sekian t ngeraup untung besar buruk kalo dibiarin indonesia gak bakal jadi negara emas jadi negara cemas makasih banyak buat bang ferry influence selalu bikin konten buat cerdas rakyat indonesia buat rakyat2 udah melek makin pinter lanjut satu buat ngeberantas judol apa bikin negara generasi bodoh gak jadi cerdas gue pribadi cuman doa moga doa gue serta kalian semua selalu baris benar,0
bakal banyak angin kencang bang bukan angin,0
hati hati bang rapat baris orang baik selalu dukung loe moga selalu sehat loe keluarga loe bang,0
santet udah sampe bang,0
ga sabar mantan menteri kominfo streamer ml ditangkep,0
judi online sangat rusa bangsa presiden prabowo cepat tindak tegas mafia sih hukum berat berat,0
they do have country its jahannam,0
nyali lo emang patut acung jempol bang tetap hati2 lo lawan mafia besar,0
terima kasih informasi,0
gw anggap semua tangkap koruptor bawah perintah prabowo akhir akhir gw sebut bersih bersih oposisi tangkap rata rata oposisi perintah pak prabowo kayak gin malah lindung satu kubu sama pak prabowo gw gk ungkir jasa pak prabowo bener bener nangkepin koruptor pandang bulu nah kalau pak prabowo segan tangkap orang masalah perintah satu kubu contoh orang bahas video baru gw aku kalau bukan cuma bersih bersih oposisi,0
ig banyak banget promosi judol,0
lebih indah mati hormat hidup serasa mayat,0
emang kuasa anjing thumbsdown,0
bang ferry kalau bang ferry tawar angkat jadi salah satu staff khusus komdigi satu tingkat bawah tri wamen bang ferry terima mungkin judol bakal cepet berantas klo bang ferry masuk perintah,0
nyali perlu jadi panutan sedih nya aku yg takut remeh cry,0
al siapa ga pikir satu nama gw inisial al yg nebak,0
gw siap jadi aliansi abang sentil biji jabat yg jadi racun bangsa,0
mantap fire fire,0
saran bang music backgroundnya kecilin dikit,0
gw respek bgd sama konten kreator ikut kritisi kpd penghianat bangsa smg konten namalo ukir jalan sejarah bangsa,0
gassssssssssss teruzzzzssszszzz,0
jiwa juang bangun ikut panggil bang,0
dana dana wah dana tukang top up dana mana,0
mau nagis gw anj face holding back tears,0
judol bukan masalah situs pak bekuin ambil rekening deposit,0
gw percaya lu serious bgt bang sampe rambut sisir rapi,0
bang bahas latar belakang budi arie setiadi dong gw kyak ngerasa enek liat muka kayak muka2 koruptor munafik entah cuman firasat gimana kyak gak suka aja liat kerja sweat smile,0
semangat bung muscle,0
bang facebook ig banyak promo judol mohon takedown,0
al hmmmm,0
sangat khawatir kalo punya otak kelas wawas kelas bela ada apa sayang cuma punya nyali otak kagak punya jadi gak bantu apa doa buat abang selalu lindungin bahaya apa,0
budi arie tanggung jawab kasus judol kemkominfo desak mundur jabat pecat prabowo,0
kelasss,0
anang lermanysah,0
gaspol sehat bahagia selalu sama keluarga bro right facing fist right facing fist heart heart heart heart heart heart,0
justru org yg bahaya tuh lu bang lu potensi ancam perintah oligarki cara sadar masyrakat lebih berfikir rasional semua kejahtan keburukan2 yg laku ungkap wkwkw,0
go a head bang,0
kok ga demo sihhh soal judol gin ah pilih2 joy trus oknum jabat sama tegak hukum uda sumpah jabat mas tetep korup tuhan aja ga ditakutin palage cuma hukum yg tumpul negri konoha,0
jokowi tangkap bang lindung orang orang nya salah,0
klw mau dapet banyak influencer sama anak anak sma bahkan smp khusus bal sama selebgram influencer yg tinggal diskitaran pik soal gencar bgt lho sosial media promosi terus shushing face,0
disguised face untouchable karna cebokin fufufafa,0
budi array,0
inisial al kira kira siapa,0
sangat sayang kasus streamer game ml terima uang judol proses padahal si streamer malah nantang balik sadbor langsung bui jadi pilih kasih gin proses semua dong pak pol biar efek jera,0
fanspage2 facebook banyak postingan pake wm judol padahal dah gw report aja nongol,0
budi ari awal2 jdi tri pernah usul biar judol legalin pajekin kaya libat joy,0
mana live santet,0
together we are stronger gass brantas semua praktek judi online,0
gua baris lu bang,0
bagus editor baru nya,0
bandar selalu menang dealer always win,0
orang orang t l l main judi jabat jabat korup tetap jadi backingan judol judol heeey masyarakat miskin tengah main judi tobat kalian main judi akaan buat kalian kaya raya kalian s mp h,0
indonesia butuh orang orang mu bung,0
njing this guy so cool,0
runyam kalo jahat atur elit cry,0
berantas judi online,0
konsep opening video rada mirip money heist bng wkwk tau tau lu mirip profesor fire,0
gass,0
se gg gg nya jabat budi ari,0
jodi l sangka ku an anis hukum meti seledai oada bingyng siaoa yg bertangung jaeab,0
gua bangga gak pernah tarik judol fire fire fire fire,0
krisis jujur,0
siapa yg tau inisial al,0
gue dukung lu bang,0
bahas milu as ga sih bg,0
lo jangan mati bang lo musti buat series buat topik,0
rusmandota dpt sponsor web judi banggg,0
pantesss,0
karyawan kominfo bukan jadi it negara malah jadi it judol wkwkwkwkwk,0
mungkin masyarakat nya mudah buai iming cara cepat dapat harta sejak dulu banyak praktek dgn bagai modus ganda uang yg logika mungkin laku banyak yg pamer hasil yg buat pamer modal bandar apes banyak oknum pangkat yg lindung entah kapan mindset masyarakat ubah kalau menang yg hakiki henti judi,0
promo promo judi online facebook live stream tanding sepakbola tuh gapernah ketangkep orang,0
beliau benar benar masak,0
budi arie adil,0
pak waldusing yg libat gak sih kira2 rolling eyes,0
merinding,0
semangat mas,0
siap sedia lawan judol,0
mau bawa negeri semua rusak cry cry cry,0
godbless long live ferry irwandi,0
bahas santet mending bahas judol,0
apa gw dong abang ferry mirip profesor money hest,0
yg atas cari siapa,0
perang hacker lawan judol harus,0
pasti info udah prabowo,0
semangat buat bang ferry muscle jangan lupa hati,0
semua korban paksa kerja judol sambung hidup bina bukan hukum berat,0
tri nya sangat perlu audit,0
al siapa cari jawab kawan,0
satu kawan2 hancur konsorsium bajing,0
main judol kepala batu kalau suruh henti,0
ingat perintah lupa pihak kominfo apa pernah nyebut judol cuman batas main terus anggota dpr jelas jelas sedang main judol rapat cinta mega kalau salah nama sayang usut kemudian tenggelam gitu aja terus kasus sambo duga ngelindungin bisnis perjurdian banyak website perintah digunain buat promosi nah situ aku ngerasa emang beres sih ama perintah pihak lah ngelindungin judi utama judol turut dah terang terang soal sweat smile masak kurang usut siapa lindung judol perintah aneh aja sih turut aku yakin baru ujung aja sih terus artis dulu afiliasi judol minta terang jangan cuman gercep buat kelas bawah lah pas atas malah tumpul sweat smile,0
bang bahas bal akhir2 banyak jadi kasus preman bunuh sama sekali endus media luar pulau pray pray pray,0
bang markas judol ruko daerah harap indah wanita jadi daya tarik tarik cust facebook media lain mungkin abang selidik bg g jauh sana mess wanita segera brantas judol bg,0
selalu iring do a bang thumbsup,0
politik bisnis agama alat paling bahaya hancur negara raja bahkan dunia sekalipun,0
salah satu bukti kalo sdm rendah gampang nya orang akses judi online bahkan instansi yg berantas judol malah jadi guardian judol sendiri semangat terus bang ferry suara abang yg jadi wakil bang,0
adik gue mantan kerja kamboja sana adek gua bilang kalo bos judol selalu setor milyaran uang oknum kominfo oknum polisi biar tetep jalan bisnis nya sekarang logika kalo emang instansi tegas bener2 mau berantas judol gak nama judol indonesia,0
susah dibilangin kalau orang maen slot judol,0
tau alas anak paksa buat naik kwrena laci yg jaga owkwowkw beliau lupa klo wakil gak ngapa2in,0
pak lu keren banget aseli,0
miris temen temen gua sekolah kelas udah banyak main judol banyak malah bangga main gituan ngerasa keren ngerasa duit sekarang kaya kalang remaja judol udah jadi wajar ga punya dampak buruk paling bikin gua males orang main judol selalu aja bela padahal jelas jelas udah atur sama admin operator joy kaya nambah kaya miskin tambah miskin,0
ketua projo nih boss dulu lindung jokowi sskarang saat rakyat kritis,0
solusi nya buka kasino jangan jadi negarq munafik deh banyak pemuda mati krena minum oplos krena yg resmi mahal susah,0
inisial al maksud seperti sedang calon diri jadi gubernur bang hehehe,0
gua nonton asa kasih instruksi sama the profesor pakai bahasa spanyol,0
keling omongane pak tri mbiyen anu d anu zaman server d jebol sweat smile,0
inisial al siapa nih,0
ayo ayo ganyang budi arie ganyang budi arie sekarang jugaaa versi urgent,0
akhir berani,0
moga pak prabowo jauh mulyono buang tuh si fufufafa cari muka aja kerja nya kayak bapak nya,0
percuma lah bang orang pintar baik negeri butuh yg perlu tanya dana kampanye yg luar biasa mana serius mudah byk orang pintar negeri judol sulit masyarakat awam tunggu gebrak perintah skrg,0
sehat selalu bang ferr fist,0
lama lama kayak ryuzaki deathnote,0
lembaga sampah dulu udah isi boomer tua bangka kaga becus libat kriminal,0
kawal terus bang,0
dulu banyak tuh streamer lolos ajg,0
trending,0
dukung bang ferry kumpul sini fire fire fire,0
moga video juang mas ferry banyak orang mulai sadar bahaya judol amin,0
budi ari yakin libat,0
hukum tajam bawah tumpul influencer,0
mampir sapa abang maaf sweat smile nonton koment sapa dulu bang pray japrax papua pasti selalu hot udah tebak nii,0
sehat sehat selalu bang fer,0
semangat pak lets goo,0
temu dalang,0
aku liat ig banyak yg promosi judol laporin bang ferry walaupun akun ig nya gk terlalu kenal,0
gokil bang,0
maju terus bg,0
jabat kominfo jabat polri persen paling besar bandar,0
gokil lu bang thumbsup thumbsup thumbsup thumbsup,0
negara maju gak pusing2 kali ngurusin judi legalin sekali atur kalau nonton bola luar misal epl iklan judol bet yahh nama jerat efek guna memang at least selalu dijelasin gamblang tiap iklan negara gak bakal rugi pajak tinggi atur nya jelas gak tau apa sini,0
gas bg keren lu bg,0
sehat selalu pak ferry,0
iklan judi gak d lapor d blokir androin yg pegang sendiri bongkot,0
semangat makasih bang ferry udah mau juang lawan judi buat daya jual beli masyarakat jadi lesu cry,0
lgi mau jual barang second olx mlh sodorin iklan judi online emg ga benar mana mana,0
thumbsup thumbsup,0
semangat bang fire,0
udah makan buah gomu gomo no mi,0
akhir update soal judol,0
pak ferry kompleks banget masalah judol nyata pihak birokrat yg main streamer game yg notabene tonton generasi muda jga maen judol ibarat nikotin yg punya zat adiktif atas bawah udah candu pernah satu waktu lihat anggota dpr tangkap maen slot alibi cuma game permen tiap nongkrong diwarkop warnet hampir lebih buka situs judol pak ferry terus bicara baik semua,0
plottwist nyata big boss nya joy pantes ga redup2 gilir paypal segala bentuk dapat luar malah bendung joy gelar putra balik memang piara sang raja,0
semangat juang smirk cat,0
banyak bang situs2 judol yg liar mudah2an cepat selesai,0
gue ga takut mati gua gamau mati sia sia fire fire fire,0
viralkan,0
semangat lu terus hidup bang,0
emang tai budie arie asuuuuu,0
buat percaya judol temen gw bundir gara2 judol lilit hutang ratus juta rumah udah jual nutup hutang,0
sehat sllu bang,0
tebak2 an gaes al kira kira siapa nih,0
jngn takut bg gua semua pihak kamu raised hands,0
bang klo si katak bizzer beneran nyamperin lu ajak gw bang gw siap otw buat ngehantem tu org grin,0
the day of soldado,0
makin kesini makin muak dg jabat kemaruk,0
al teh saha bang bom nemu nemuu,0
kelasssss,0
segera tonton video nya take down,0
apa judol narkoba exist meski razia berkali2 mesti curiga kalau pihak wenang bekerjasama atas kunci kecil kalau niat atas berantas pintu gede banget make sense kominfo babat habis pintu masuk judol ga ngapa2in arti memang bantu judol tinggal runut aja instansi kait masalah kriminal masing2,0
siap bantu perang,0
semangat mas fer,0
sudah bahas santet biar kan jadi lahan sulap merah,0
panjang umur juang fire,0
bobrok negara liat banget si ngurus ginian gabisa,0
inisial al siapa bang,0
gas pak by one sf fire,0
jujur resah besar gue duit dikumpulin masyarakat harus puter buat naikin taraf hidup setor luar negeri dituker sama main gambar geblek pleading face,0
kriptik bgt bang spill lebih lah,0
bang lu ga kena cancer kan,0
negara kamboja legal judi online,0
daerah gw preman mantan bandar judi togel wajah mirip banget kaya budi arie sayang udah tinggal pas gw sma makanya gw lihat si budi asa lihat preman makanya gw kaget kok sama jd bandar judi,0
fist fist fist fist,0
miris tuhan liat laku oknum salah satu yg buat pribadi ga betah konoha oknum perintah nakal,0
moga proker organisasi himpun mahasiswa daerah kait perang judi online kabupaten kota jalan lancar,0
kalau gua bilang sih orang2 yg kerja kamboja admin kerja judol jemput pulang karna rugi negara usah pidana cuma larang luar negri aja lama beberapa tahun,0
sehat selalu bang semangat fire fire,0
waktu bukti jokowi biadab,0
inisial al sapa,0
nah harus media tuh up kasus begini lah malah ngurusin tuh si agus,0
undur jam joy,0
bang misal kasi death note bakal dipake ga,0
manusia paling berani abad fire fire fire fire,0
gak cuma mirip rupa cara main el profesor money heist salute,0
yh masyarakat udh paham sih pikir aja,0
inisial al siapa bang cry,0
kawal terus guys,0
plot mulai muncul,0
trending kan,0
jangan mati dulu bg anak istri support abg trusss,0
orang bejad beri wewenang tega hukum anggap diri hukum sendiri,0
bang jelasin forex dong soal situ emang mirip judi adil gak curangin agan jelasin cara kerja leverage benar cara kerja transaksi kerja,0
kawal jabat beking judol kawal artis promosi judol,0
konten lu benerbener ekslusif banget bang ferry kalau orang pantas sanding figur publik sangat kritis indonesia ferry irwandi,0
semangat pak ferry irwandi anda perintah rasa rugi judol blokir judol apa jadi balik malah olah diam aksi laku berapa ilegal lebih baik terima persen uang per bulan praktik judol terus operasi indonesia,0
kepala nya yg bobrok karyawanya yg jadiin tumbal duit segitu gede gak mungkin karyawan doank yg makan,0
oo jadi,0
judol target rakyat miskin judol pelihara negara apa judol lindung tegak hukum,0
usut tuntas heart tada,0
fyp kan terus sampe presiden prabowo subianto lihat babat,0
nunggu live santet nya wkwkwk,0
gw yakin lu gk mati om botak backingin lu bang memang komingfo kntl budi arie kntl influencer judol kntl,0
hadeuhh,0
sehat terus bang ferry cerdas bangsa indonesia fire fire,0
masalah negara lucu kalau perintah ungkap masalah baik langsung mau pake banyak pihak sekalipun akar masalah puncak gak pernah baik istilah kasar orang orang besar balik buat masalah utama gak tangkap malah dilindungin kalau mau masalah masalah kek gin beneran selesai yaa mudah tangkep bandar tangkap buat masalah harap rakyat,0
salfok sama raid jacket reserse basically dupe nya raid jacket three letter agency nya us jangan remeh orang nyata perang buka tenang orang mau ngebounty kepala,0
msh hangat 5mnt pertama,0
makan banyak korban berantas akar2nya bakingnya jangan kecil2 aja yng ditangkepin semua satu,0
jadi live santet ga bang,0
gileeeee langsung tancap fire,0
sikat judol,0
tunggu akhir upload mas thumbsup,0
sepakat handshake,0
gw gak kaget joy orang dalem ikut artis influencer yg dulu promo in tangkep grimacing,0
sikat,0
tunggu livenya jam bang,0
gacortoto,0
kalo gimbal nyebelin dong rofl rofl rofl rofl,0
dr praktek dmn si,0
seru cm klo gaada pandu lebih seru,0
gk pernah pikir hidup gw nongkrong sama dokter bedah syaraf ngobrolin kerja nya belah pala orang rofl rofl terima kasih bang radit hadir narasumber yg sangat luar biasa respect,0
neng gw kalo radit lodcast medical kayak gin gw ikutin terus masalah tumor or kanker awal mula jelas not genetically psikologis banyak trigernya jadi proses kimiawi tubuh hinggi pengaruh rusak dna tingkat rusa sel gen,0
baru nonton ngiluu as uu keren beers beers,0
undang dokter ryu hasan dong,0
pas beliau bilang cair cerebrospinal langsung merinding soal ingat dulu pas waktu ajar biologi teman baya banyak yg ga tau sweat smile,0
seru bngt tp udah tahun syang bgt ga bahas amygdala sob,0
fhak men ngeri abis,0
dokter kayak hikaru nakamura sih,0
ingat insiden grup fb,0
dr ryan gilakkkk pinter bangett attitude bawa cara ngomongnya bener2 deh nge fans banget pray,0
dokter keren banget bang radit keren makasih udah bikin podcast yg bagus tada,0
ngiluuu sob,0
kalo dokter anastesi kan bawa tenang otak gue langsung berontak terus dokter aan apa spesies apa,0
coba gilir dokter hewan spesialis bang indonesia udah orang,0
nonton langsung sadar betapa luar biasa otak gokil banget kompleks,0
bang radit undang dokter yg bnyk obrol sy suka bgtttt luar biasa,0
next invite anestesiologist yaa,0
next bahas cuci darah sama dokter ginjal bg radit,0
ngomongin kondisi otak anak indigo ama dokter asik kayak bang,0
gak ounya otak gak nonton,0
untung waktu oprasi otak aku tdk buka2 google pasrah sama dokter dengar cara kok ngeri,0
bgs bgt,0
otak s2 lulus s1 aja gagal gw jangan2 otak gw cuman,0
coba undang dokter ryu hasan pliss,0
gw kira chiko jeriko anjir thumbnail,0
no offens gw ngerti maksud bg radit bawa si bg pandu frame giring komedi depan dokter ahli bedah saraf kalo si pandu persona bawa gkpunya otak otak dengkul apa justru hadir pandu malah ganggu sesi pembacara serius sampai dokter malah sedikit sedikit potong kalimat kalimat yg absurd kesan bukan jadi lucu malah awkward next bang radit jgn bawa orang ala ala co host siapa plis kalau jadi narsum dokter bicara harus bobot seru malah jadi aneh karna hadir orang orang pandu gw gk hate si bang pandu mungkin anda mau dimasukin konten jangan konten podcast mungkin konten vlog game seruseruan bang radit lain thanks dar saran masuk gw grinning,0
keeeereeennn bngt iniiii,0
podcast rem sihh sob sob sob,0
seru bangeettt,0
dokter ryan adlh dr tangan op mamah thn makasih dr ryan beri hidup lbh baik kpd mamah,0
otak candu pmo rusak,0
kalo semut kepala pas stress normal ga,0
udah 2x nonton banyakin podcast dg dokter memang cerdas jelas dg bahasa mudah erti manusia awam macam aku tunggu dokter lain bang,0
tahun yg lalu papa tinggal tumor otak alfatihah buat papa heart,0
bang undang dr tirta dong,0
gak dok food rotation terlalu effort buat yg jebak zona nyaman makan yg itu2 doang,0
orang otak bagi wow baru gila,0
gak tahan bagi bor gergaji dgrnya ngilu,0
gilaaa seru bgt kok aku baru nemu siii,0
podcast yg ilmiah kaya gin kalau tambah animasi apa jelas jadi perfect banget sih,0
gw ngeri ngilu nontonnya njirrrr,0
kirain abang pandu,0
bang makasih udh datengin dokter2 keren jadi nambah ilmu makasih bang radit,0
song hwa versi asli indonesia face holding back tears heart hands,0
dr strange indonesia,0
gw nyerah nonton jelas bedah otak gak,0
point dokter rian medical check up tambahin periksa kepala jangan takut periksa keluh rasa ulang kali jadi ibu dahulu sehat anak suami sehat,0
aku tipe orang kalo nonton vidio youtube jarang komen kali aku mau komen aku mau kasih tau kalo aku nonton vidio dengerin ngomong otak cara kerja jadi mual terus pusing serius,0
teman ga otak perlu nonton utama yg udh pinjam uang dn pura2 amnesia perlu d cek,0
psikopat pd ngumpul sweat smile,0
keren durasi nya kurang lama undang dr ryan keren dr ryan themanya mana heart,0
bang radit kyknya hrs sambung part nya podcast sm dr ryan daging semua ga asa udah selesai aja mas yg nanya aneh2 gokil bikin seru ga terlalu tegang jadi,0
bilang bedah otak buka kepala manusia gitu lgsg ngilu akuuuu kyk reaksi pandu sweat smile,0
kalo anak autism dok utk cek kondisi otak,0
seru banget blush,0
perempuan selalu jadi ibu baik kalau dahulu sehat diri sendiri kalau ibu sehat keluarga senang heart,0
emang psikopat lu bang gw nonton sampe nahan ngilu d kepala tp lu ulang2 kata wah seru nih,0
masyaallah obrol daging semua please speachless awal akhir,0
bang mungkin kali bahas organ mau ditambahin tanya gimana cara jaga sehat organ sebut bangg misal kaya kemarin pas gigi tanya pasta gigi berapa kali cara bersihinnya baik benar gimana,0
soal jepang medis murah bahkn jerawat aja pnanganan bgus pernh liat chanel yt orng indo yg nikh sma org jepng dn tggl dsana,0
orang pernah marathon nonton grey s anatomy gua jadi punya visual lumayan jelas jelas dokter sweat smile,0
harus ryu hasan yg sini,0
yg nonton good doctor enjoy sih denger episodebini,0
betul kata bang radit tidur paling enak bius pernah rasa operasi dulu bahkan tidur hari malam enaaaak banget,0
definitely monster reference,0
clossing steatment nya keren bangett dokkk blush,0
awal kaget sama judul nyata beneran bahas otak suka konten iniii ngobrolin ilmu baru bawa sederhana seru sukakkk heart heart,0
kalo gimbal nyebelin dong wkwkwk,0
kl anak yg autis ato spech delay jd ad masalah dgn otak ad syaraf2 otak yg gak connect mgk open mouth,0
dok ibu ibu lihat jelas tahun lalu,0
next dokter jiwa bang sweat smile sweat smile,0
pandu ganggu banget,0
pesan akhir dokter benar sekaligus kritik sistem sehat indonesia,0
satu klo hadap rumah sakit dokter buat gw ngeri gw nganter mamah gw periksa mata kontrol gula spesialis aja lgsg kena trauma psikologis lgsg mau muntah pdhl dalem cuma konsultasi sama kasih resep obat doang sumpah lgsg mau muntah mimpi buruk depresi ga tenang hari,0
bg undang dokter andripsikosomatik donggg face holding back tears face holding back tears face holding back tears tarik bgt tuh ganggu mental yg ngasi efek ganggu fisik,0
untung gak ngotak gua joy,0
terus cara nutup kepala gimana dok abis bor gergaji gitu gitu,0
seru bangetttt video2 sama dokter2 specialist giniii heart jadi ajar lebih banyakkk undang dokter specialist mata dong seru kek nya sweat smile,0
gua puyeng bang denger cerita gilaa,0
raditya biasa canda,0
keren banget konten isi informasi penting semua cara ngemasnya bikin audiens ngga ngerasa bosen thumbsup,0
istri tinggal diagnosa tumor otak nopember yg awal kira sakit kepala biasa,0
radit knp kl nyeletuk joy joy,0
bru tau gw chiko jerico jd dokter ahli otak,0
dr ryu hasannnn pleaseee bang raditt,0
coba yg dateng dr ryu hasan joy,0
aku udh nonton podcast lebih 10x,0
ryu hasan undang dong,0
cae so hwa in real life,0
bang radit sering sering podcast sama orang orang cerdas kayak gin lebih enak dengernya,0
pandu jd rusak suasana njir lah bang konten yg gin gin gosah ngajak pandu,0
gatau knp gasuka bgt konten radit yg pandu nya apa konten yg begini yg isi nya ilmu semua pandu jd gak bagus sekali nyeletuk jd gak bagus lucu kaga malah liat bloon,0
wahai manusia tiktok yg kmrn bilang jadi dokter liat youtube tah sok kepala maneh yg kompleks bor liat tutorial youtube anying,0
pandu ga usah ajak deh sesi podcast penting buat tahu begini dri awal maklum tpi pas nanya pernah oprasi orang ga punya otak ga i cant bro bang radit mulu bantuin make a way out buat pandu kesel gua,0
terimakasih konten sangat manfaat,0
suka bangettt,0
apa cuma gue yg keri2 sndiri liat penjelaasan dokter crying cat face,0
dokter ryan kaya dokter chae song hwa hospital playlist,0
banggggg bawain podcast g kait didik sehat kayak dokter psikiater dsbnua donggg seru banget denger podcast sama podcast bareng dr jem moga sering sering bawa subjek kasih ilmu gratisss,0
apoteker coba bang next nya,0
bukan mau sok kuat kadang dateng klinik suka sepelein mau rumah sakit rujuk klinik kalau gak rujuk ribet kalau bayar mahal banget,0
mas pandu mas pandu ada2 aja prtnyaan nya,0
sadar ga yg bilang dokter banyak anak yg lambat bicara kurang interaksi aja karna gadget karna banyak orng tua fokus nyari uang dalih buat anak ujung ninggalin anak sendiri nyesek liat utama warga kota yg baru ketemu anak malem gila dampak dilema banget butuh ekonomi sama butuh sosialisasi anak,0
useless pandu maen game aja lah,0
apa cuma gw reng kalo pandu ga asik ga ngimbangi,0
org pinter selalu lihat dr gaya bicara intonasi wajah,0
dengerin pas bgt kemarin abis operasi pasang tempurung kepala kranio plasti,0
bang radit jujur sejak ngundang yg ahli2 gin aku jd nontonin semua eps podcastnya bang radit moga makin banyak ahli2 yg undang yaaaa,0
suka bgt cara ngejelasinnya tanya pas bgt sama yg otak gw,0
suka bgt konten2 kayak gin orang2 bidang heart thanks mas radit,0
sering2 undang dokterrr dong heart,0
haru loh akhir subscribe tamu banyak dokter dokter,0
sedih woy views nya sampe juta,0
doi ngingetin gue sm ben carson dokter asal as ngerjain otak keren sih dokter otak indonesia dos dok,0
alm ibu dulu sakit kanker otak ibu tinggal usia tahun bener kata dokter tumor kanker otak kayak lotre gak tau keluarga gak riwayat kanker,0
nonton otak lintas scene2 drakor medis yg pernah ak lihat banyak dr jelas dokter yg sama persis kaya yg didrakor,0
kereennn bgd tada tada,0
bang undang ahli2 ngga biasa keren bgt jd nambah wawas keep up the good work salute,0
suka banget sama episode2 yg ngundang dokter gin krn tambah wawas jd ga cm konten gimmick ga jelas mksh bang radit pray pray,0
nyamperin yg bawah2 aeneng bgt bnyak dokter spesialis blush blush blush orng2 hebat yg ngejelasin enak baham,0
gw pernah operasi tb tulang pinggang belakang pas operasi gw sama sekali ga tau kapan gw bius pokok dokter masuk ruang stel lagu jazz gitu ngajak ngobrol tiba tiba gw udah bangun dingin udh operasi selesai bahkan gw ga ngerasa ngantuk ga ngerasa tidur rofl pdhl durasi tindak operasi jam,0
dokter kok iya nasib buruk semua dasar fakta tooo dok,0
episode buat lutut lemas terus,0
gak nonton gak sanggup dengerin sob sob sob,0
saking sering nonton drakor tema dokter saaf dokter njelasin udah punya bayang gambar,0
ikut puyeng pas bagi jelasin buka kepala jujur neng banget sama konten hubung dokter gin,0
hallo dok terimakasih atas jelas sangat ringan seram sehat selalu dok heart,0
love sekali pak dokter,0
kata lucu gimbal pitak joy rofl,0
keren bgt paraaaahhhhh,0
sumpah ih konter mahal gua banyak banget ilmu dapett moga bang radit makin penasaran kepo apa bang radit ngundang dokter2 joy heart heart,0
kesini nonton vindes kalau yg ahli tidur mana wkwk,0
bang bikin playlist dong sama dokter2,0
jangan ngajak pandu plis,0
aku penasaran bang radit celaka kepala banting keras ngaruh memori bang radit aku belakang aneh banget celaka kadang lupa sama hal2 kecil,0
gilaa seruuu,0
gokill seru banget heart fire sparkles podcast seru bang radit jauh sihh turut dokter ryan bener edukasi banget ngasih jelas jg jelas bikin gampang paham krn ngasih byk contoh gakebayang sih se loveable klo jadi dosen sob raised hands gak ngebosenin mau ngejawab semua bagi walaupun kadang receh malah ngasih jawab yg out of the box bngt trs cerdas gk over ken liat wow tp emang bener sepinter ituuu sebenernya byk yg ken mcu total yaa sampe kece otak tp mungkin pemerintahnyaa hrs lbh dukung fasilitasnyaa biar gak pas sakit ajaa cover biaya tp buat kece rutin jg mudah tau sendiri bpjs tuhh kadang kidding banget sob pleading face klo family yg punya sakit saraf smoga semua sehat sehat aamiin sparkles,0
banyakin konten edukatif kayak gin bang radit,0
keren bgt dokter,0
milih spesialis dokter nggk seru jg yakk joy neng deh lihat jabar,0
bang undang dr aan doi dokter anastesi joy,0
sdh 3x ngalami bius total bener kata radit tidur paling enak bius mimpi hrs trbangun krn suara brisik nyenyaaaakkk banget tiba2 sdh slesai aja,0
makas dokter makas bang radit berkat podcast gue tau dora hobi ngulang kalimat face holding back tears,0
pas ngejelasin isi kepala gua rasa masyaallah bgt cipta nya,0
yampun dokter mirip yg samping radit sampe bingung,0
izin beri statemen apa kata dr ryan memang baik cuma jadi masalah sekarang medical check up saran sama pak dokter baik cuma masyarakat sungkan dokter kait ada biaya entah rumah sakit kadang mau tau apatis kait syaraf dulu sempat pikir sekali sekali check up rumah sakit entah skeptis segi sehat sekarang perintah mana peduli lebih arah penting,0
mana aku sering sakit kepala jadi pikir apa kepala dulu smp pernah jatuh motor pernah alm ibu blg kalau aku gak blh pake bantal pas bgn kalau sampe muntah gagar otak kata jd pikir,0
suka bgt konten ini,0
makasih dr ryan dulu pernah handle operasi otak bpk,0
ngilu banget yak dengerin ngobrol,0
nang aku nonton ponakan aku usia tinggal krn kanker tumor otak keluh memang sering sakit kepala aja tp pas tahu lambat tdk d tangan,0
asik,0
auto ngilu,0
onggok otak gue punya gue paham apa omongin dokter sob heart hands,0
bang lu jadi host nya sendiri aja lebih nyambung kalo lu jadi host sendiri bingung w sama becandaan tanya temen lu bang padahal jelas dr nya seru banget,0
dokter jelas surgery lalu bayang adegan operasi choi song hwa drakor hospital playlist blush,0
plis lah konten krrator banyakin edukasi bgini jangan prank ngurus idup orang mulu cry,0
maaf banget kalo sama pandu isi jadi banyak ketawa padahal gak sabar mau denger ilmu narsumnya,0
keren banget isi podcast nya dokter ryan kerenn,0
pandu ganggu ah sweat smile,0
pak dokter jelasin tarik bedah saraf gw yg nnton excited bgt ikut feel anak umur tahun buka mata stlah operasi jam an eh si hoodie pink malah tanya isi otak apa yaa dok urat2 wkwwkwkwkwkwwkwkwkw ngakakkkbbeettt,0
gue ga suka org yg mau jelasin terus potong,0
suka bangeet sama konten kyak gin,0
blush blush,0
berapa kali radit bilang sshhh sweat smile sweat smile sweat smile,0
narasumber kerennn bgttt heart tanya yg anggap canda ttp jawab serius santai sisi ilmiah yg sederhanaaa mudh d paham,0
ngeri ngeri sedap dengerin podcast episode bang emang penasaran banget sih sama isi kepala suka banget dokter nya pinter jelasin rumit dijelasin jadi simpel langsung bayangin tunggu bang radit next narasumber bahas cerdas gin,0
brohhh bang radit diksi udh psikopat bgtt,0
mantap bang thanks,0
bang radit undang dokter aan spesialis anestesi,0
banyak konten sama dokter spesialis kak biar bewarna youtuber indonesia,0
tarik banget dokter jelasin enak sederhana jadi mudah erti,0
bangg radit ayoo banyakin kontenn gin undangg dokter lain lebih banyak pahalanyaa blush blush blush,0
padahal rumit banget tp orang awam paham apa yg dibicarain dokter,0
asli ngilu lemes ngeri bgt lgs ngebayanginnya cry cry cry cry cry cry cry cry,0
undang dokter ahli ahli nyari informasi medis nyari materi stand up,0
pinter ihh wkwkwk undang lgi om radit spesialis yng,0
makasih bgt ka radit udah undang pa dokk huhu seru bgt gabisa renti nontonnyaa,0
keren banget sih bang thumbsup,0
males klo pandu wkwk,0
pandu perspektif manusia awam umum,0
sy br kluar dr rs pon hr selasa kmrn oprasi hr kamis kmrn,0
pas banget nonton queen of tears blush heart,0
mintol datengin sp bm dong bang radit bbrp waktu lalu habis operasi ngangkat tumor rahang penasaran kata dokter sakit langka,0
ngakak bgttt sob sob sob sob,0
vidio ikut beberapa ajar yg lo bawa pulng no paling cengang rambut ga balik kulit kepala menggukan fungsi otak tiap hari nya beneran orang yg minus otak alam buruk lebih bekas pangkal otak jalur saraf tuju seluruh tubuh jadi tidur miring beri sirkulasi udara yg lebih lega makanya klo tidur duduk bikin pegel2 hadis nabi bukti scient,0
seru banget dengernya wkwkw,0
panjang video ngiluu,0
gegara gue sering nonton grey s anatomi dijelasin sama dokter gue bayangin,0
sukaaaa bgttt,0
pas dokter bilang senyum ga sama gw refleks sama samain sweat smile,0
anak gw cita2nya pngn bngt jadi dokter bedah gw denger jelas dokter air mata gw ga renti keluar begitu rumit riskan jd dokter bedah moga anak capai cita2nya jadi dokter bedah otak dr ryan keswani amin yra,0
seru banget bahas,0
spesialis bedah syaraf selalu bilang anak teknik orang dokter yg paling berat kerja keras gitu tp duit ga main indonesia tau cuman 400an org sangat sangat jarang,0
sorry nanya mungkin buat yg tau spesialis bedah syaraf sp bedah umum sp bedah anak sp bedah torakoplastik sama sp bidan ginekologi nah lima kira kira yg ambil sub spesialis mana aja semua sampe tahap sub spesialis soal kira yg sp bedah umum baru ambil spesialis sub spesialis apa bener ibarat spesialis didik tara s2 didik dokter sub spesialis tara s3 didik dokter cuma lebih fokus praktik langsung rs makasih banyak mungkin dokter med student mau jawab,0
next dokter ortopedi bang,0
next undang dr tompi dong banggg,0
sama bang ngomongin ginian pala ikut nyutnyutan,0
butuh bgt konten yg sperti sih kalau cuma ngejar yg viral asa gk tambah tahu salut sama bang radit,0
pandu cringe bang mending gausa sama kalo podcast,0
habis nonton langsung asa sepinter chae seonghwa,0
maaf aku kurang suka tingkah bicara bang pandu bilang lebih tingkah nya yaa mungkin kerna awam ucap lelucon gak penting sangat ganggu cry,0
bukan nunda dok lebih ndak punya uang sih aku wkwk,0
kereeeennn,0
judul nya aduuuh,0
pandu ganggu ga jelas,0
makin yakin ide makan gratis gizi anak prabowo gibran sweat smile,0
ngulang2in jelas sih bang radit mending diem dengerin jelas dulu yg nonton jadi puyeng dengernya banyak pengulabgan sama bang raditnya sweat smile,0
terima kasih bang radit tonton keren bobot heart eyes heart eyes,0
pandu ha ho ha ho planga plongo kalo orang orang pinter ngobrol,0
dokter mirip hikaru nakamura kilas,0
edisi paling ngilu,0
penasaran kalau radit ngobrol sama dr ryu hasan pakar neuro sains seru,0
bagi anestesi radit pandu beneran mirip dg teman2 gua pas nongkrong tanya random benar ga hak anestesi jawab beda subspesialis wkk org awam dokter usaha jelas sederhana susah sih dokter pinter bangetttt jelas detail pakai istilah medis walaupun istilah tonton tau,0
analogi panji bahas saw pikir grin guna film saw,0
banyak anak anak zaman sekarang speech delay interaksi zaman sekarang makin lama makin sedikit orang orang masuk sebab ipad kids syndrome ipad baby syndrome,0
nonton dokter ikan dokter jantung duluan belum obrol enak banget sayang banget ngobrol tiga sama pandu jadi canda mulu gak lucu point nya jadi gak nangkep,0
kalo bahas hal2 penting gin mending dua aja bang wkwkkw yg staunya bikin krik krik maap,0
dengernya aja ngilu moga selalu beri sehat palms up together,0
yg jadi masalah org indo males dokter miskin soal bpjs ga cover macam cek badan reason yg jelas kalo udah kronis baru dibolehin sama bpjs,0
gara gara video gw subscribe lu bang gw sangka channel isi video random aja,0
obrol berat dokter pintar kemas ringan radit ft pandu mudah cerna,0
tonton episode makin yakin kalau bang radit orang psikopat joy joy,0
kirain chicko jeriko,0
asisten dokter anestesi relate banget sweat smile,0
enak banget flownya cara jelas enak gak skip sama sekali,0
dokter tabah banget ngejawabin tanya sob,0
kepala gue langsung nyut2an denger proses buka tempurung otak sob,0
cikal bakal film dokter indonesia mau bagus nih smiling face with 3 hearts,0
raditya nikmat bngt cerita dr pak dokter gw yg dengerinnya sdh ngilu2 gmn gitu bang radit psikopat xixixi joy,0
tanya psikopat keluar grin,0
pandu gw kumpul sama2 orang2 cerdas,0
seru banget wey,0
asam folat yaaa bukan asam sulfat,0
podcast bang radit sedang kumpul materi tulis cerita sweat smile,0
kasih ilmu alhamdulillah,0
next utk lengkap undang dr ryu hasan donk bang,0
ken rewatch hosplayyy gara gara nonton weary weary,0
keren hehe,0
radit kepo cara belah nya fix psikopat joy,0
dr tenma live action,0
wah ngeri sih ilmu,0
tarik banget sih,0
bang undang dr ryu neuroscientistttt pliss,0
gakuat nonton ngilu kepala jadi sakit padahal konten yg gapapa kyk otak ku gaterima klo jadi bahas,0
salfok dgn judul vidio spontan kata kok benar sweat smile,0
dokter tirta dong bang ken tahu reaksi kalo ngomong sama pandu sehat joy joy,0
bang undang dokter2 spesialis muda keren banget obrol gk dokter sih ahli2 jg keren blush,0
mndadak inget hospital playlist prof chae song hwa,0
iya nakes gue jg bru sadar klo punya tombol aktif kayak gue orang jijik an luar jam kerja gue gue muntah2 cuman lihat ludah lantai klo kerja megang ee pasien aja gue biasa aja sweat smile,0
sering2 ngundang spesialis gin bang seru nih luar biasa sih konten out of the box banget,0
belah bang radit siapaa si busett ganggu bangett,0
one of the best podcast ever,0
bang radit pandu ngomongin kateter dokter pandang kosong liat,0
chae song wa fersi cwo mah blush,0
pandu lebih rasa ngerusak obrol si,0
bang request interview dokter spesialis anestesi dongg,0
lupa blessing fire fire fire,0
bg mau tanya kan kalau kena tumor lotre aja kata dokter nya bagaimana teliti orang orang negara populasi besar kena tumor sakit mati lain negara tentu kata jadi pola makan tidur anggap benar pray pray,0
konten mahal banget isinyaa banyakin konten gin bang radit cerdas bangsa grin grin grin,0
bang radit undang dr tan shot yen dong,0
fyi mic pandu doang yg dipakein busa krn kabar ciprat ludah pandu tara sama air liur komodo,0
wah bang radit tau jasjus,0
waaaaaaaaaaa sampe gua ulang bang radiiit,0
makas loh raditya dika kalau sering bang biar motivasi hidup sehat tiap hari remind cry,0
seru banget nontonnya hampir jam gak asa jelas dr ryan sangat mudah paham tambah tanya tanya sederhana bang radit sangat wakil tanya banyak orang awam sukses selalu dr ryan bang radit,0
dr ryan kenal dokdes gakkk,0
gw bulan februari tahun lalu op tumor batang otak bang,0
bang gw baru abis oprasi tumor batang otak,0
wah tanya radit rem gmn cara buka kepala deddy corbuzier nonton,0
bener iq peran hidup steven stain howard book buku the eq edge emotional intelligence and your success,0
pas pandu bilang kaya peci joy video ini ajar otak rasa sakit cry,0
jujur ngilu dengernya sangat tantang dengar joy,0
dr tenma,0
radit aku wkwk operasi tumor payudara aku jg nontonin video2 operasi tumor pyd bikin lebih tenang kaya bakal kaya gin nih wkwk,0
suka banget cara bang radit dengar sampai tanya abstrak bang pandu salut,0
koh radit rendah mohon undang dokter spesialis autisme nitip pertayaan bagaimana cegah anak lahir autisme wajah derita autisme cenderung sama terimakasih koh pray,0
masyaallah jadi tambah takjub cipta,0
seru bgt bang lanjutin,0
bang radit keren sekali ide podcast nya sangat isi,0
pliss lanjut dokter2 lain,0
sikopat nonton,0
yuk dokter radiologi ikut blush blush,0
wawas wawas wawas,0
kok pikir podcast bahas spesifik kek gin keren bgt sih,0
makasihhhhh ilmu banget awal sampek akhir nyimak banget makasih kakak thumbsup,0
ngobrol sama dokter orto bang,0
sama org pintar kalo ngomong vibesnya beda heart,0
coba undang dokter ryu hasan bang sm nih alir tp lbh saints,0
bukti klau radit memang psikopat,0
andai alm tunang ku dulu ketemu dokter kayak gin mungkin pilih operasi tumor otak nya buah pilih lah dulu dokter bilang langsung peluang selamat nya bawah akhir operasi waktu nya sisa bulan terima kasih edukasi nya dokter dendam dokter saraf,0
gak otakkkk,0
baru tau nih mantep nih podcast bang radit kerennn,0
aku suka buat mikir tambah2 part blessing,0
gue tau bedah saraf gara2 nonton hospital playlist ngk pernah nemu kasus yg serius diindo padahal alzeimer aja sana raka wanti2,0
undang dokter jiwa kak psikiater jenis,0
jadi maksud yg ga nonton ga punya otak,0
nonton jadi mbrebes ingat betapa syukur dgn anugerah tubuh otak yg luar biasa cry,0
tunggu part nya bg,0
bang radit gmn cara buka kepala the real sycophant joy,0
keren bgt jujur bang ane nonton ambil merinding,0
sumpahhh gak kuat nonton sampe akhir pas bang radit tanya soal cara buka kepala udah gak kuat bang radit psikopat begini begini malah lihat happy yah sob,0
wah makasih ilmu baru pray pray,0
gw nontonnya aja ngilu,0
langsung ingat mohinder suresh heroes,0
daging semua bang jelas enak jelas banget,0
keren banget dokter nya jelas jelas banget obrol seru sangat manfaat terimakasih bang radit dok ryan saluting face,0
seruuu banget obrol,0
bang undang spesialis it yg bagi web design judol dong,0
hafiz ngajinya yasin n tahlil,0
ngilu banget denger jelas dokter bedah cry tp neng liat dokter blush,0
gue cinta banget konten begini,0
penting,0
asa ceritain apa alami bedah plastik rekontruksi,0
kereenn bang undang tokoh tokoh yg edukasi sehat dong tada joy blush,0
pandu ngeselin joy,0
jadi inget chae song hwa hospital playlist ihhhhhh,0
pernah sumbat otak operasi tinggal epilepsi dewasa relatif pasca operasi masa sembuh bulan tp tak hasil dgn tahun masa terus kontrol dgn dokter spesial syaraf thn 4x masuk rs krn serang kejang capek sih tp ttp hrs lanjut,0
dr ryan keswani dokter unik jago kaligrafi buah skill butuh motorik halus sangat bagus tenang tulis tangan bagus banget cara komunikasi pasien kenal sangat halus dokter penuh dedikasi hormat hormat hormat beliau,0
tenma in real life smile,0
good topic,0
next dokter kunci bang,0
jadi ingat series netflix the good doctor scene operasi tumor nya detail bgt,0
gue udah kali nonton video saking seru edukatif bangett undang dokter dokter spesialis bang radit,0
jujur sampe skrg youtuber paling inspirasi raditya dika jujur paling ga suka komen komen suka simak kali komen khusussssss youtuber realistis apa adanyaaa bangggg sering2 bikin konten edukasi amal jariyah mu terus mengalirrr ilmu daging bangetttt indonesia butuh bang radit banyakkkkk heart heart heart,0
seruuu bgt sangat cerah,0
blessed are the forgetful for they get the better even of their blunders nietzsche,0
rispo versi pinter,0
distract mulu nih si kumis,0
bang jngn pura2 ngilu asli lu neng kan joy,0
insightful moga kah sehat selalu,0
seru banget bangggg sering2 dong konten begini,0
jadi inget hospital playlist,0
pertama tau dr ryan podcast thirty days of lunch obrol sana gak kalah tarik banyak ilmu thanks dr ryan bang radit sehat selalu,0
lanjut bang ngobrol sama dokter spesialis lain seru banget topik pas nonton gua banyak komen gitu wow pas dijelasin jadi inget drakor yg judul hospital playlist joy joy pak dokter ngejelasinnya enakin banget,0
aku ga punya otak aku ga nonton deh aku kecoa soal,0
seru liat tp jd inget paman gw yg udh tinggal kondisi ga sadar bawa rs diagnosa awal tbc tp saudara minta scan smua mulai dr atas akhir lihat cair otak operasi pasca operasi msh sadar hingga akhir tinggal cry,0
inget film saw yg ngebedah otak jg,0
bang radit cerdas bgt ngajakin pandu jadi suasana lebih nyante,0
pandu cringe banget,0
enak bgt dah nonton nya dapet ilmu dapet komedi nya,0
gue jadi inget film saw x bedah kepala anestesi hihhh anjir merinding,0
banyakin konten gin doong seru edukatif,0
sekarang chico jerikho udah pindah profesi sukses selalu mas chico,0
gue stresss sendiri denger betul dengernya main game bukan refreshing jdi stress tpi stress nya worth it bgt ilmu,0
tarik bgt ngilu sih coba bang undang dokter lain,0
mantap bang dik pak dok,0
neng gua sama topik bicara jadi nambah tahu,0
suka banget liat bang radit kalo ngobrol serius,0
totok saraf pandang medis gimana tuh,0
gw gak expect bicara bakal tarik makasih bang radit atas tanya benar2 awam bawa dokter sangat2 mudah cerna,0
radit tau cup yak tumben joy joy joy,0
eps tergokil sih nonton pala rasa nyutnyutan,0
nice pray pray,0
undang dokter spesialis nya bang radittt please,0
sangat tarik ngga tidur kalo dengerin sampe kelar mending tutup dah geli mual pas dengerin jelas dok nya wkwkw,0
jujur gua suka obrol medis casual kaya gin naisss,0
liat dokter gondrong brewoksn ahli bedah otak jadi inget manga dokter rebel ahli bedah jantung,0
mas radit gak pake bpjs pake bpjs kelas pas operasi hemoroid teriakin sama dokter ruang operasi karna banyak nanya ruang operasi karna takut cemas,0
keren kali bang raditt daging bener,0
makasih bgt bg radit udah undang orang2 beril kayak gin jadi nambah wawas tahu bgt,0
apa alas ibu2 suka bilang jangan bengong2 surup jadi dalem otak sebut mistis,0
daging semua isinyaaaa heart,0
masyaallah dokter,0
seruuuu,0
seruu,0
undang dokter anak dong kak radit,0
seruuu bangett banyakin konten bang dikaaa,0
ajar banyak banget video cara bawa radit pandu jokes receh bikin jd seru buat tonton,0
menit lebih tonton skip tarik emang,0
undang dokter aisyah dahlan bang,0
sama kayak dokter ryu hasan dokdes,0
gw anak medis nnton asa kuliah anatomi fisiologi bener emg paling ruwet ttg sistem saraf bhkan ubah bentuk sekian derajat milimeter aja ngaruh tp seruu inti bikin tambah penasaran pgn cari tau inget sehat ga cuma fisik tp jiwa jg lebih penting,0
dengernya seru lemes dikit dengernya joy,0
bang lanjut in gta,0
sangat manfaat an dr bilang kalau indonesia suka nyepelein sakit kepala gak langsung rumah sakit gimana mau rumah sakit udah pake bpjs sama klinik cuman kasih obat sakit kepala doang udah gitu udah kasih aja terus obat antibiotik paracetamol gitu aja terus kalau udah muntah darah baru rujuk rumah sakit sharing pengalamn aja kaka aku infeksi lambung klinik ulang kali cuman kasih obat magh sampe akhir nya tengah malem kakak muntah muntah langsung bawa rumah sakit gede gak pake rujuk tau nya kaka udah lama infeksi lambung marahin dokter baru obat sarappp joy joy joy sweat smile,0
lanjutin gta v roleplay bg,0
respect banget sama seluruh pihak libat video jujur seluruh tanya jawab video bener bener buat diskusi hidup beri insight cerah salfok sama pandu kritis tanya pak dokter bikin gw iyaya kuddos,0
dokter djaja bang kayak seru soal beliau humoris,0
seru seruuuu,0
bang radit gw survivor tumo otak alhamdulillah gw gw gak buka kepala jd gw gak ngerasain semua tp mata gw burem itu bukan krn operasi gw,0
nonton pegang in kepala,0
dokter spesialis genetik undang dong bang,0
random banget yak gak angin gak hujan tiba2 bahas ilmu dokter,0
next ryu hasan sweat smile,0
gw kira mas didi kuli jir mirip banget wajah,0
menit suara apa dah,0
radit sangat nikmat obrol scream scream,0
mantaps obrol otak semua,0
gila ga rasa kereen parah bang radit sangat sangaaat tambah wawas walaupun jauh dr hidup saia yg skrg tp sangat tarik clap,0
duh anjir konten bagus banget,0
nonton teman makan,0
pa dokter mirip chicco jerico curiga sodaraan,0
gokill edukasi tahu parenting hibur komedi racik kontenn keren lu bang hand with index finger and thumb crossed,0
gapernah serius nonton podcast ex pasien tumor batang otak jadi flashback waktu op jelas dr rian nyaman nenangin bgt vibes nya makasih bang radit udh undang dr rian heart,0
mahal banget konten clap thumbsup terimakasih bang radit,0
part lanjut seru enak denger jelas ilmiah dokter bantu jelas bang radit bahasa umum,0
bang plis adain podcast spesialis gin gak melulu dunia medis spesialis gin tuh kayak buku jalan kalo dikumpulin kayak pustaka banyak ilmu gali,0
obrol seru banget dengernya exited keren bang lanjut,0
bang radit parah banget sih masa video kayak gin ga satu jam bang butuh lebih lama plis kalau yg begini bikin jam dong bang kalau seriesnya lebih keren ni bang radit podcast spesial dokter spesialis fire,0
gue pernah dokter migren gak berenti2 sampe hari abis balik rs mall balik nya langsung sembuh sob sob obat gak minum nyata aku stress aja,0
gak basa basi masa kecil cita cita jalan hidup full hampir satu jam tahu semua makasih bang haris azhar,0
keren bngt sih topik hari bg thankyou loh,0
next doctor spesialis jantung,0
seru banget,0
kalau operasi otak ada bangun si pasien ga maen gitar gimana apa tetap operasi dok,0
cobaa liat film dr hanibal hehehe,0
yg nyimaknya lama loadingnya silah komen,0
bangg pas bgt gw nntn menit nyokap gw ngabarin tetangga gw kena kangker otak,0
thanks a lot bang ilmu baru,0
cowo teriak menit,0
seru bgt jarang yg punya bahas kek gin bener2 ajar kek kuliah umum luar biasa,0
suara cewe nyapa menit,0
nunggu podcast sama viorr,0
maaf safok jam dokter ryan bagus biru bagus info jam merk apa ken punya blush,0
gilaaa obrol isi nya daging semua selipin sedikit komedi,0
keren,0
gue dengerinnya ngilu ko bang radit ketawa sweat smile,0
bang enggak undang dokter obstetri seruu bang gua mau tanya bingung nanya nya bang radit sama pandu nanya keren,0
bang undang vior lah,0
sumpah kali gua percaya radhit psikopat joy bs2 nya nyari cara operasi pdhl mau d operasi kalo aku si gak lah takut sumpah,0
undang orang orang profesi bang biar ngasih pandang adik adik sma mau lanjut kuliah biar pandang nanti mau jadi apa kuliah jurus apa kalo udah rasa tarik duluan lebih neng kuliah kan grin,0
exploding head exploding head exploding head exploding head exploding head exploding head exploding head exploding head exploding head exploding head exploding head exploding head exploding head exploding head exploding head exploding head exploding head exploding head exploding head exploding head exploding head exploding head exploding head exploding head exploding head exploding head exploding head exploding head exploding head exploding head exploding head exploding head exploding head exploding head exploding head exploding head exploding head exploding head exploding head exploding head exploding head exploding head exploding head exploding head exploding head exploding head exploding head exploding head exploding head exploding head exploding head exploding head exploding head exploding head exploding head exploding head exploding head exploding head exploding head exploding head exploding head exploding head exploding head exploding head exploding head exploding head exploding head exploding head exploding head exploding head exploding head exploding head exploding head exploding head exploding head exploding head exploding head exploding head exploding head exploding head exploding head exploding head exploding head exploding head exploding head exploding head exploding head exploding head exploding head exploding head exploding head exploding head exploding head exploding head exploding head exploding head exploding head exploding head exploding head exploding head exploding head exploding head exploding head exploding head exploding head exploding head exploding head exploding head exploding head exploding head exploding head exploding head exploding head exploding head exploding head exploding head exploding head exploding head exploding head exploding head exploding head exploding head exploding head exploding head exploding head exploding head exploding head exploding head exploding head exploding head exploding head exploding head exploding head exploding head exploding head exploding head exploding head exploding head exploding head exploding head exploding head exploding head exploding head exploding head exploding head exploding head exploding head exploding head exploding head exploding head exploding head exploding head exploding head exploding head exploding head exploding head exploding head exploding head exploding head exploding head exploding head exploding head exploding head exploding head exploding head exploding head exploding head exploding head exploding head exploding head,0
banyakin video sama pandu bang joy joy,0
nonton inget songhwa,0
mungkin radit timbang dokter bedah syaraf dr ryu hasan viral wkwkwk,0
radit ken tau cara buka kepala bener bener psikopat,0
bang undang dr ryu hasan bang pray pray pray pray pray pray pray pray pray pray pray pray pray pray pray pray pray pray pray pray pray pray pray pray pray pray pray pray pray pray pray pray pray pray pray pray pray pray pray pray pray pray pray pray pray pray pray pray pray pray pray pray pray pray pray pray pray pray pray pray pray pray pray pray pray pray pray pray pray pray pray pray pray pray pray pray pray pray pray pray pray,0
cuma vidio doang gue dengerin habis kuliah umum heboh serta lebih,0
samsul wajib nonton nih fire,0
kirain hikari nakamura loh bang,0
sebenernya konten daging bgt aku ga tega ngebayanginnya merinding coy sob untung ga jd dokter btw terimakasih radit pak dokter pray,0
judul punya otak nonton emang bener sih ngebahas otak,0
bang undang dokter hewan spesial ikan dong lupa siapa nama,0
suka banget tahu macam dibanyakin bang konten edukasi,0
fully inside terima kasih dokter jelas heart,0
bang radit walaupun ngeri ngeri nikmat detail detail proses operasi fix psikopat,0
please bikin konten gin versi gang hospital playlist kak radit dokter spesialis bedah saraf chae song hwa white check mark dokter spesialis bedah umum lee ikjun dokter spesialis bedah anak ahn jeong won dokter spesialis bedah torakoplastik kim jun wan white check mark dokter spesialis bidan ginekolog kim dae myung,0
makan siang makin isi tonton video kali terimakasih bang radit wkwkwk,0
manfaat tambah wawas bang radit kasih emot api dulu abangkuh fire,0
terimakasih ilmu yg sangat manfaat,0
anjir aku nonton pas lg makan malah denger pandu ngomong otak congkel cry aaaaakkkhhhh,0
ngilu banget denger jelas nya,0
bang ajak yori,0
dulu buat aku penasaran tuh benar makin banyak alami memori otak makin full makin banyak lupa memori jadi lama ganti memori baru aku rasain banget makin banyak ajar baru alamin baru aku makin lupa lama memori penting emang cuma sugesti lupa nya memang masalah waktu aja bukan ada memori baru,0
may lop dok ryan,0
mantab bang rispo,0
fix radit psicopat episode depan undang dokter forensik,0
pas banget kemarin temen baru aja selesai awake surgery keren banget hebat ngeluh garagara tanya soal matematika mulu wkwk,0
undang dokter forensik bang,0
njiiir skip seruu banget bang radit lanjutin dong yg begini bidang lain heart,0
dr sepherd grey s anatomy sih,0
beberapa bicara udah aku liat drama dokter playlist joy,0
kapan main gta roleplay bg nungguin nih,0
jadi inget song hwaaa hospital playlistt kerjaanya bukain otak sob heartpulse joy,0
i never know watching people talking about science gonna be this fun,0
kok gua pas operasi pas anastesi ga suruh ngitung atau ajak ngobrol sweat smile,0
kayak nonton saw versi ngobrol melting face,0
pas dokter jelasin cara bedah otak gua gemeter ngilu sob sob,0
yg nasib gw selalu nonton video radit kalo hubung ama operasi darah badan gw ga sanggup denger ngeri tiap denger segala operasi organ tuh badan kayak ga tulang ga sanggup ken denger paksa cuman kuat sampe menit,0
orang psikopat nyata radit jg perlu tambah skill intra personal nya joy,0
neng bgt akhir bhas kedokterannnnnnn bikin episode bang buat tiap spesialis pastiseruuuuu,0
nyut nyut kepala blush,0
keren banget sih bang ngelu banget,0
jadi ken operasi otak,0
gua nang nonton persevere,0
suka banget sama konten gin,0
bedah otak yg pasienya bangun main gitar,0
wah gilasih bang ryan keren banget thumbsup,0
oke makin yakin benar babg radit psikopat rofl rofl rofl lihat semangat nya bahas bedah oprasi lebih mau oprasi usus buntu sempet nya lihat video dulu biar tau joy joy joy joy joy ngeri,0
duh ngilu dengernya sampe mual,0
waah dokter ryan heart eyes,0
banggg radittt undang dentist dong soal aku mau operasi gigi bungsu cry takut sbnrnya joy,0
saran sangat relate banget ortu gw masuk orang2 kuat akhir jadi korban kanker tinggal nang sangat telat masuk stadium periksa tahu,0
jujur banyak ilmu baru soal otak kalau aku tau rata2 medical check up sering fokus jantung gizi otak meski lihat urgent sama penting,0
thanks bang radit thanks dok informasi mudah paham sllu neng krn pandu jd perspektif awam bikin punya wakil buat nanya random joy,0
rm padang punya otak,0
ih asli ga bosen banget nonton nya,0
nonton grey s anatomy sampe season basically surgeon atleast general surgeon xd,0
wahh ngundang dokter spesialis tarik kayak bang segi konten jadi lebih banyak dapet tahu bidang sehat buat yg males cari tau hehe,0
ngilu bgt denger brain surgery,0
ga kuat nontonya,0
kaos yg dipake sm bg radit apa,0
bahasanyaaa ga berat tp daging semuaaa seruuuu iiiiiiii,0
apa cuma gw dengerin otak belah bangun ngerasa geli geli enak,0
bener abis anestesi gw rasain enak banget dirasain pemake,0
banyakin content yg manfaat gin bang dr ketemu bocah kosong,0
bg radit senang banget bahas2 bukak otak liat sikopatnya joy joy,0
bang pandu ditambel gitu kira ban kali ah bang sob sob,0
jangan bilang dokter yg operasi kepala gw dlu wkwk,0
ga sabar liat vior sini sweat smile joy,0
konten nya daging semua thumbsup,0
nonton drakor medis mang bang biar bayang hahahaha,0
lebih banyakin undang orang kek gin bang banyak ahli2 bidang masing2 kadang gk ekspos gk banyak orang paham,0
bang radit gw waktu jelang lahir nonton org2 giving birth dr normal smpe ceasar makan siang joy,0
naaahh gin dong podcast baru seru,0
lama konten paling didik sih om dedi lewat ga sih,0
ngilu dengernya,0
panjang podcast gua megang megang kepala joy,0
terimakasih ilmu mahal yg beri gratis clap,0
gak sanggup ngilu,0
baru saranin teman gak punya otak suruh nonton karna minjem duit gak ganti2 nonton video otak balik tibul bayar utang,0
video tahu penting sekolah wkwk,0
seru nih,0
uwaaah otak w asa isi makasih bang radit pandu sama dokter ryan sob sob pray pray,0
keren banget sih bang radit cari topik aja edukatif tp ttp hibur,0
radit mulai keluar sikopat nya joy,0
banyakin dong narsum kayak gin bangg seru dengernyaaa,0
ngambil otak dulu nih siap,0
jri macem dr chae hospital playlist,0
dokter mirip sama mamat al katir rofl,0
bang vlog sama kak nissaaaaa pray pray pray,0
bang pandu anj wkwkwkwk banyak makan pohon dota,0
kapan ngundang vior,0
beli otak2 ahh,0
mantap bgt nonton makan,0
judul bikin jadi gk skip video nya,0
wishlist nonton bang radit podcast sama laleilmanino pray,0
kak dika otak ku tinggal joy joy joy,0
orang yg takut liat darah nonton rasa mual kunang2 tetep terusin,0
emang bang manusia tak ber otak joy,0
bang radit sangat hayati pandu dijadiin eksperimen bentar,0
cuma judul yg,0
ama viot bang bior,0
persis ada bapa dlu tumor otak trs bedah syaraf qodarullah pulang,0
bang radit ajar dengar beneran jd psikopat joy joy joy,0
bang tunggu pdcst smaa bang piornya wkwkwkwk,0
kalo cuman punya otak hewan jga nonton bang dog,0
kalau gimbal nyebelin dong sob sob sob sob sob grin,0
scroll eh singgung liat judul paksa nonton,0
judi mending investasi usaha kecil kecil hasil lebih halal sustainable bulb,0
jangan bangga menang judi uang haram bakal bawa sial x,0
banyak korban judi online akhir bunuh diri utang jangan ikut arus pensive,0
allah swt larang judi jangan tukar berkah dosa tobat lambat star and crescent,0
judi online rigged sistem rancang main kalah stop sekarang slot machine x,0
jangan mau jadi korban ikut banyak bangkrut judi online money with wings,0
uang judi berkah kecil apa tetap haram bawa petaka skull crossbones,0
judi rusak hubung sosial banyak teman keluarga jauh judi no pedestrians,0
cari hobi produktif ngegame judi olahraga kursus skill baru video game basketball,0
judi bukan investasi investasi aset judi cuma spekulasi kosong bank,0
main game biasa aja pakai uang tetap seru risiko video game,0
judi online sering bayar banyak kasus withdrawal tolak hati hati triangular flag on post,0
dana judi mending tabung buat dana darurat modal usaha moneybag,0
judi bikin candu susah lepas mirip narkoba jangan mulai no smoking,0
judi rusak sehat mental stres cemas depresi bahaya brain warning,0
allah swt laknat makan riba judi qs al maidah takut star and crescent,0
judi online sering curang bot algoritma rancang bikin kalah robot,0
judi rusak percaya diri menang sedikit kalah banyak mental down pensive,0
judi online perangkap awal kasih bonus jebak habis spider web,0
judi main iblis jangan ikut sulit lepas imp,0
pilih jadi menang bukan cundang judi menang sejati hidup berkah,0
jangan giur menang palsu situs probet855 cuma jebak spider web,0
judi rusak mental stres depresi nanti ujung brain,0
judi bikin tagih sekali coba susah lepas narkoba smoking,0
banyak korban judi bunuh diri utang jangan jadi korban ikut pensive,0
testimoni menang judi cuma akun bot promosi bayar robot,0
mending olahraga judi badan sehat pikir tenang person running,0
judi bikin hidup gelap cari cuan halal masa depan cerah sun with face,0
jangan bangga menang judi uang haram bawa petaka skull crossbones,0
judi online sering bayar withdraw tolak duit lenyap triangular flag on post,0
judi bikin lupa tanggung jawab keluarga derita utang numpuk disappointed,0
judi dosa besar jangan korban akhirat senang saat hourglass flowing sand,0
mending main game biasa seru risiko hilang uang video game,0
mending donasi butuh buang uang judi palms up together,0
judi bikin stres ganti meditasi ibadah tenang person in lotus position,0
judi online sering pakai bot menang cuma ilusi hati hati warning,0
allah laknat judi pilih jalan halal hidup penuh berkah star and crescent,0
judi online scam modern banyak hilang tabung sia sia money with wings,0
mending ajak keluarga piknik buang duit judi park,0
cari kerja samping halal jadi driver online tulis lepas red car,0
judi online sering manipulasi hasil jangan percaya menang kecil slot machine,0
mending tabung uang dana darurat habis judi moneybag,0
judi bikin candu mirip narkoba susah lepas jerat smoking,0
banyak bangkrut judi jangan ikut arus hancur worried,0
jangan tukar kebahjiaan keluarga candu judi house,0
mending ajar skill baru kursus online banyak gratis book,0
judi online perangkap digital bonus cuma umpan akhir habis hole,0
judi rusak masa depan fokus tuju hidup manfaat star2,0
judi online sering blokir withdraw uang lenyap jejak rotating light,0
cari rezeki halal jual makan produk lokal lebih janji stew,0
mending ikut komunitas positif banyak teman hidup lebih makna handshake,0
jangan buang waktu judi ajar saham bisnis kecil lebih baik chart with upwards trend,0
judi main setan jauh kalau hidup tenang smiling imp,0
judi bikin hidup penuh drama utang stres keluarga hancur cry,0
jangan percaya iklan situs judi cuma trik buat ambil uang loudspeaker,0
judi online jalan pintas hancur pilih jalan halal railway track,0
mending investasi emas nilai stabil hasil halal coin,0
judi bikin lupa prioritas anak istri jadi korban candu man woman girl,0
judi dosa besar jangan noda hidup uang haram x,0
mending sedekah panti asuh lebih berkah bikin hati tenang palms up together,0
judi online rigged sistem bikin main kalah terus slot machine,0
mending ikut kursus gratis banyak platform ajar online biaya computer,0
judi candu modern jangan biar hidup asai joystick,0
judi rusak iman jauh kalau hidup penuh berkah star and crescent,0
mending nabung libur keluarga lebih seru makna beach,0
mending jadi volunteer bantu komunitas hidup lebih makna handshake,0
mending ajar coding skill masa depan cuan halal nanti computer,0
judi bikin keluarga derita prioritas anak istri man woman girl,0
mending jual makan bisnis kecil hasil halal berkah fork and knife,0
judi candu bahaya sekali masuk hidup jadi taruh game die,0
judi online sering manipulasi sistem bikin kalah terus slot machine,0
judi rusak percaya keluarga teman jadi jauh no pedestrians,0
judi online perangkap modern bonus cuma umpan akhir bangkrut hole,0
judi rusak mental stres depresi jadi bayang bayang brain,0
judi online scam banyak hilang tabung sia sia money with wings,0
mending ajak keluarga piknik hibur halal bahagia nyata park,0
judi bikin hidup tenang pilih rezeki halal tenang bulb,0
judi online sering pakai bot menang cuma ilusi belaka robot,0
mending ajar saham investasi halal untung lebih nyata chart with upwards trend,0
mending nabung modal usaha masa depan lebih jamin moneybag,0
judi ilusi kaya kaya cuma bandar kamu miskin performing arts,0
judi bikin hidup kacau fokus keluarga cuan halal house with garden,0
judi candu modern jangan biar hidup hancur joystick,0
mending jual online cuan halal masa depan lebih cerah shopping cart,0
judi bikin lupa tanggung jawab anak istri lantar man woman girl,0
judi online sering manipulasi sistem bikin kalah terus robot,0
yuk mulai bisnis kecil kecil jual online jadi langkah awal sukses shopping bags,0
nabung sedikit sedikit lama lama jadi bukit moneybag,0
coba ikut kursus gratis internet banyak skill baru ajar books,0
investasi saham halal jadi cara cerdas masa depan chart with upwards trend,0
ajar coding online skill cari banget era digital computer,0
baca buku inspiratif buka wawas motivasi baru book,0
coba buka toko online banyak platform gratis mula shopping bags,0
nabung dana darurat bikin hidup lebih tenang money with wings,0
ikut komunitas positif banyak teman baru inspirasi handshake,0
tanam modal emas nilai stabil halal coin,0
main game taruh seru bebas risiko video game,0
investasi diri sendiri ajar selalu worth it star2,0
buat konten media sosial siapa tahu jadi influencer mobile phone,0
coba kebun rumah hemat bikin rumah asri seedling,0
ikut komunitas olahraga sehat sekaligus teman baru basketball,0
nonton dokumenter hibur didik inspiratif tv,0
jual camil lokal bisnis kecil selalu laku chocolate bar,0
ajar saham syariah untung halal transparan chart with upwards trend,0
coba jadi tulis lepas banyak platform cari konten writing hand,0
mulai bisnis kue rumah minta selalu tinggi moon cake,0
ajar digital marketing skill hits mobile phone,0
ikut komunitas lingkung bantu bumi sosial earth africa,0
jual aksesoris bisnis kecil gampang mulai ring,0
coba ikut lomba tulis siapa tahu menang hadiah pen fountain,0
mulai bisnis catering makan selalu cari orang stew,0
coba trekking tualang seru biaya besar park,0
mulai bisnis minum kini pasar booming cup with straw,0
ikut latih umkm banyak dukung bisnis mula tools,0
ajar desain interior jadi peluang bisnis baru house,0
coba sepeda sehat ramah lingkung person biking,0
ajar analisis data skill cari usaha besar bar chart,0
coba hiking nikmat alam refreshing pikir mountain snow,0
ikut kelas terampil jahit masak thread,0
mulai bisnis tanam hias tren cuan herb,0
ajar fotografi makan jadi sumber cuan fork knife plate,0
coba main puzzle hibur murah asah otak jigsaw,0
ikut komunitas wirausaha jaring makin luas handshake,0
jual produk digital template cuan stok computer,0
ajar investasi emas aman halal jangka panjang coin,0
coba main board game seru bareng temen taruh game die,0
mulai bisnis aksesoris gadget pasar selalu mobile phone,0
ikut latih bisnis online banyak ilmu praktis shopping cart,0
jual makan sehat tren hidup sehat naik salad,0
coba kebun hidroponik bisnis modern ramah lingkung seedling,0
ikut komunitas seni lokal ekspresi kreativitas art,0
mulai bisnis jasa edit foto banyak butuh frame photo,0
mulai bisnis kue kering cocok semua acara cookie,0
ajar editing podcast peluang baru dunia digital microphone2,0
jual produk bayi pasar selalu stabil baby bottle,0
ikut komunitas literasi baca buku diskusi seru books,0
coba main bulutangkis olahraga seru murah badminton,0
mulai bisnis jasa fotografi banyak event butuh jasa camera,0
ikut kelas tulis kreatif asah bakat cari cuan writing hand,0
jual produk fashion lokal dukung desainer negeri dress,0
mulai bisnis jasa dekorasi banyak event butuh tada,0
ajar manajemen proyek skill penting wirausaha date,0
jual produk edukasi anak bantu orang tua cuan teddy bear,0
ikut latih leadership jadi pimpin inspiratif star2,0
mulai bisnis jasa cleaning minta selalu soap,0
coba ikut komunitas musik ekspresi diri lewat nada notes,0
jual makan frozen praktis selalu laku snowflake,0
ajar personal branding bikin diri lebih kenal mega,0
ikut komunitas wirausaha muda banyak ide segar bulb,0
mulai bisnis jasa tutor bantu anak anak ajar books,0
coba ikut kelas seni lukis ekspresi kreativitas paintbrush,0
ikut latih bisnis digital peluang besar mobile phone,0
ajar content marketing bikin bisnis lebih kenal loudspeaker,0
coba main basket olahraga seru bikin fit basketball,0
jual produk ramah anak pasar selalu ramai teddy bear,0
ikut komunitas startup lokal banyak peluang kolaborasi star2,0
ajar strategi bisnis bikin usaha lebih sukses bar chart,0
coba ikut kelas teater asah kreativitas percaya diri performing arts,0
ikut latih kewirausahaan banyak ide baru bulb,0
jual produk cantik alami mati lipstick,0
mulai bisnis jasa event organizer banyak event butuh tada,0
jual produk edukasi bantu orang tua anak ajar books,0
mulai bisnis jasa fotografi nikah selalu minta camera with flash,0
ajar analisis data skill hits industri bar chart,0
mulai bisnis jasa desain logo banyak butuh frame photo,0
ajar buat aplikasi peluang dunia tech besar computer,0
coba main tenis olahraga seru bikin fit tennis,0
ikut komunitas wirausaha banyak inspirasi baru bulb,0
mulai bisnis katering diet tren sehat naik salad,0
ikut komunitas startup banyak peluang kolaborasi star2,0
semangat bang konten selalu keren fire,0
konten top keep it up bro muscle,0
semangat terus konten bikin happy blush,0
keren bang bikin penasaran next video heart hands,0
mantap bro selalu nunggu upload baru rocket,0
sukses selalu video inspiratif rainbow,0
keren parah bikin ken nonton arrows counterclockwise,0
mantap selalu dukung bro raised hands,0
keren abis lanjut bro rocket,0
mantap bang editingnya ciamik clapper,0
kualitas video oke punya bro thumbsup,0
keren bikin ken share temen calling,0
bang konten bikin ketawa joy,0
sukses selalu video top banget rainbow,0
keren parah selalu nunggu video baru bell,0
bang sih konten level atas star struck,0
semangat bang bikin penasaran next video eyes,0
semangat bro konten kece parah fire,0
video asik lanjut bikin gin movie camera,0
mantap bang bikin ketawa joy,0
bang video bikin semangat muscle,0
mantap video bikin kagum open mouth,0
semangat bang konten inspiratif bulb,0
bang video bikin ketawa joy,0
sukses selalu konten mantul boom,0
semangat bro video asik banget heart eyes,0
video top lanjut bikin gin clapper,0
mantap bang bikin betah nonton stuck out tongue winking eye,0
konten kece selalu nunggu upload baru bell,0
bang video bikin happy blush,0
semangat terus konten ciamik fire,0
asik banget bikin semangat muscle,0
sukses terus konten mantul boom,0
semangat bro video asik sunglasses,0
konten kece sukses terus rainbow,0
semangat terus konten keren fire,0
asik banget bikin happy blush,0
makin yakin abis baca review v v sgi88,1
manut88 benar2 bikin aku jadi sultan,1
pantes tongkrong maen alexis17,1
gua udah ga bayangin hidup alexis yin sih,1
langsung percaya lihat hasil,1
orang bilang alexis17 tuh miracle banget,1
gue rela gak upgrade hp nabung alexis17,1
pikir lewat mikir sampe lupa pu lau tujuh tujuh tujuh,1
heart weton88 heart,1
busett cerahh banget triangular flag on post sgi88 triangular flag on post encess sama koinya ngasih mulu,1
bro alexis17 ngadain giveaway nih hadiah motor sport baru,1
menang suhu328 bikin hidup,1
baru jepe kali wede lancar banget,1
makswin brusan gates gg banget,1
seru abis rasa gak lengkap hari fire zap alexis17 zap fire,1
ahmadtoto bikin lupa masalah hibur hakiki,1
emang gak se percaya alexis17 sih,1
gak pakai proses nya langsung wd,1
sungguh dora77 tagih berat sulit henti,1
bangun tidur ku terus ngeslt emang paten kali mandalika77 nih apa2 udah maxwin kirain cuma mimpi doang maxwin,1
kasi jp pas modal haha makasip luto88,1
cobain langsung tagih puas,1
bangga gua nih kalau tongkrong star alexis17 star top markotop,1
fix gak nyesel bangga banget jadi bagi fire zap alexis17 zap fire,1
sis ngeh kalo alexis17 keren gila,1
buset tv gede gitu main pes gawang gawang liat kalih,1
semua orang bilang alexis star star tuh blessing banget,1
keren gas kak weton88,1
main alexis17 suara,1
berkah rezeki hari berkat probet855 puji syukur,1
nice link bagus mandalika77,1
min video lu baguss pilih sgi88,1
capek bgt nemuin alexis17 trs,1
emang alexis17 gampang menang,1
gue rela gak tidur ngikutin update baru alexis17,1
mandalika77 mekswin depoin limpul,1
cuy serius nanya alexis17 beneran bagus,1
alexis17 superrrrrr bos gac0r layang,1
jepey gmpng banget sgi88,1
cuy alexis17 lo coba,1
rezeki alexis17 makasih untung,1
ngga ribet gampang banget dapet tambah,1
main bareng temen pulauwin emang seru,1
emang gak se asik alexis17 sih,1
sgi88 bikin tagih,1
fix gak nyesel setia banget sama zap alexis17 zap sejak awal,1
tunggu tunggu salam jepe sgi88,1
mandalika77 makas lah uda ngasih keren pokok mandalika77 sesuai pnya isi nya,1
makasih aeyao88 rezeki bikin hati senang banget,1
bng coba game zeus x sgi88 gampang bet pecah,1
epic moment sgi88,1
gue udah coba main jam jam alexis17 emang gacor jam pagi,1
bro sibuk sih alexis17 bonus deposit super gede nih,1
yg tunggu2 weton88,1
suka banget main dewadora gak nyangka dapet jakpot langsung,1
gue udah ga bayangin hidup alexis17 udah mata cahari,1
senang banget rezeki tak duga mandalika77,1
alexis17 tuh emang ngerti butuh membernya kasih surprise bonus,1
ges doain gw coba stop maengaruda ho ki candu bgt gacor nya gw,1
trusted emang berkah99,1
parah alexis17 keren banget,1
dewadora emang beneran gachor,1
gak nyangka iseng doang eh tagih pulauwin,1
rezeki limpah datang agustoto makasih banyak,1
wede kali hari sketer terus,1
cakep kali weton88 bravo,1
konten keren banget jelas main bagus bang weton88,1
yakin bokuggooiti gak kecewa,1
coba weton88 gak ribet salam petir x,1
rezeki nomplok hari berkat dora77 alhamdulillah,1
gak gelar sarjana menang alexis17,1
ragu slot gacor pluto88,1
gue sih udah ga heran kalo alexis17 trending tiktok,1
pagi pagi udah dapet notif wd alexis17 mood langsung bulan,1
gue sih udah buktiin kalo alexis17 tuh scam,1
eh bro alexis17 event spesial nih hadiah rumah mewah,1
modal alexis17 manfaat,1
main dora buka jalan jual bakso bos restoran,1
alam pulau777 selalu senang,1
makasih mandalika77 withdraw dah landing cepat kilat gacirnya bukan kaleng kaleng,1
inspirasi hari mandalika77,1
menang isototopasti bayar lunas gak pake drama,1
sih alexis17 trending gitu asli,1
agustoto aku gak boong dsini hoki mulu,1
salut bang keren konten salam jepe star sgi88,1
bang jam segitu menang w sgi88,1
terus kembang arhan semangattt salam weton88 gampang jepe,1
ngeh kalo alexis17 keren,1
emang gak dua sih sensasi main alexis star star,1
dora7 7menawarkan dekat beda libat daring,1
gue sih percaya aja alexis17 gak ngecewain,1
gin nyantai main pluto88 kasih maxwin,1
gue rela ninggalin nonton drakor fokus alexis17,1
main teman teman sgi88 seru asyik rezeki,1
dewadora emang bener bener gachor,1
kalo alexis17 kuliah online ngapain,1
mekswin tiap maen dewadora,1
nih pulauwin kayak udah hidup orang orang deh,1
aku kasih menang luar prediksi ku kira rungkat nyata malah kasih menang s1tus mandalika77,1
cara daftarx mandalika77 gmn bos,1
situs kasih sketer,1
gak nyesel gabung alexis17,1
berkah99 emang juara rezeki gak abis,1
super mantap situs mandalika77 gampang menang,1
buset serius skketer zeus star alexis17,1
jepey gmpng banget s gi8,1
alexis17 gk kalah hki trus maen,1
edan alexis17 viral pokok,1
ane master ngecuan bowo77 astagaa,1
dora77 gua cuma maen iseng eh malah jadi jepe,1
keren gas kak sgi88,1
hebat keren sekali manut88,1
kalo pulauwin bikin film laris sih,1
best alexis17 beneran gampang menang sl0t nya,1
auto jepey sgi88,1
lancar lancar bang salam jepe llexis17,1
gembira hoki777 baik,1
hasil alexis17 bangga alih tukang koran bos warung,1
situs besar banggan gw mandalika77,1
bnyk yg puas alexis17 emg bnrn gacor slotnya,1
gila sih zap alexis17 zap andal gue sekarang,1
modal gacur lgsng jepe brusan,1
gue udah ga bayangin hidup alexis sih,1
henti ngehalu,1
moga rezeki berkah99 bawa untung,1
aku malam klaim bowo77 master rezeki,1
semua temen gue bilang alexis star star tuh bikin candu,1
gak ribet semenjak alexis17,1
banget dapet sketer,1
ku coba pluto88 langsung senyum hahahah,1
kerennn contentnya bang cari situs weton88,1
bro alexis17 turnamen gede nih hadiah apartemen mewah,1
do a7 7bikin tagih ken main terus terus sob,1
gak perlu khawatir soal duit kalo udah gabung alexis star star,1
mantap main weton88 rezeki alir deras,1
semangat bosqu baik llexis17,1
cakep kali sgi88 bravo,1
gua kira cuman pertama kali main doang kasih bagus eh nyata mau main tiap hari kasih bagus sama mandalika77 baru kali gua nemu s1tus bagus kek begini langka bener jumpa s1tus kasih wd terus,1
mantap pol main agustoto cuan terus hari,1
nyata main axl777itu gacir beneran hasil langsung lihat,1
gokil bangga banget jadi bagi fire zap alexis17 zap fire,1
wow heart a lexis1 heart emang paling top,1
sumpah serius nanya alexis17 beneran bagus serius,1
class bos triangular flag on post sgi88 triangular flag on post gak ribet depo cepat wd lancar,1
wede malam makswin starlight,1
gokil main zap alexis17 zap bikin nagih banget,1
semangat bang konten nya salam weton88 gampang jepe,1
rezeki weton88 bikin hari makna terima kasih,1
jadi bagi ceria mlndalikl77,1
gak pusing mikirin biaya nikah kalo udah join alexis17,1
alexis tuh emang andal gue kalo butuh dana cepet,1
mlndalikl77 gachor bgt menang terus,1
sehat salam weton88 gampang jepe,1
emang gak se adil alexis17 deh,1
cuan gampang tuh pu lau tujuh tujuh tujuh angan angan,1
gue udah ga bayangin hidup alexis17 udah sumber hasil,1
gas tu gan mandalika77 zeusnya nya galak tu mau aja tu ngasi gw baru kasi maxwin,1
moga alexis17 sukses amin,1
sukaaa bangettt sgi88,1
main aero88 beri alam senang,1
nyimak abang sgi88 cair mulu,1
cuan ngucur deras cuma rulau777 bro,1
llexis17 bikin maxwin gampang,1
dora77menawarkan alam visual tarik,1
weton88 uhuy,1
gak gagal sgi88,1
gak takut tipu kalo main alexis17,1
geloo weton88 cair x100,1
fix coba bentar langsung menang miya88,1
moga makin banyak orang yg turut bantu sepertimanut88,1
gak pusing mikirin biaya sekolah anak kalo udah join alexis17,1
moga rezeki mandalika berkah manfaat rofl sweat smile,1
alexis17 emang top dah ga bikin kecewa jaman batu sampe,1
mandalika77 real tuh dah gw coba bnrn gacir,1
sgi88 uhuy,1
main mlndalikl77 bikin happy banget hasil gacir abis,1
semua orang bilang alexis star star tuh bener bener ngubah nasib,1
wede cepat proses gampang recommended,1
hoki lipat ganda ikut pawpaw4d rekomendasi banget,1
gak nyangka alexis17 se booming keren abis beneran,1
serius deh dapet cuan gampang tuh pu lau tujuh tujuh tujuh,1
tetangga gue kepo hasil alexis17,1
gak perlu pusing mikirin biaya nikah kalo udah join alexis star star,1
swert bonanja makswin puas banget,1
bro tau ga alexis17 udah support e wallet potong,1
auto lancar langsung,1
baik kak salam weton88,1
max 33thukkhnekhylmehlwmakon,1
minggu main alexis17 gue udah ganti drone,1
kapan wehde juta modal 50k star alexis17 star doang kayak nya wkwkwk,1
sore sore gin nyantai main mandalika77 tambah kasih maxwin hahaa mudah maxwin,1
alexis gua bru maen bentar lngsg jepe,1
gue udah ga tidur nyenyak kalo main alexis17 hari kaya hilang,1
jepey gmpng bgt maen alexis17,1
coba deh pulauwin heart eyes,1
orang bilang alexis17 tuh bener bener ngubah financial,1
incess skketernya keluar mulu say star alexis17,1
sketer jepek,1
pro aja bang sgi88,1
jujur klo main mending sgi88 bang,1
berkah rezeki berkat sgi88 puji syukur,1
hidup jadi tenang shomabot auto jepee pahala,1
gue buka koislot langsung sambut petir,1
gameplay keren banget skill dewa nih alexis17 bangga,1
ragu menang sah pluto88 baik,1
si rijal doyan banget main pulauwin sampe kebel motor,1
class bos weton88 gak ribet depo cepat wd lancar,1
yakali gak coba main pulauwin,1
pulau777 selalu kasih alam baru,1
bang video weton88 percaya 5k 1jt,1
sgi88 is the best,1
main pluto88 tuh kayak peluang emas,1
alexis jackpot gk paham hoki,1
pagi tadi coba main mlndalikl77 siang nikmat jakpot besar,1
gak mikir kali join alexis17,1
gila alexis17 ashu percaya kagak nih,1
konten luar biasa keren banget cara kamu jelas main bagus sini bang star sgi88,1
semua temen gue tagih sama alexis star star,1
main situs segacor weton88 asli nagih sih,1
makswin brusan starlight nyangka,1
mandalika77 gampang menang,1
gua member ga ruda ho ki jepee sumpah,1
dewadora emang gachor,1
salam star sgi88 gampang jepe sehat selalu buat semua,1
alexis17 gk pelit bonus,1
maen santai jepe,1
gak pusing mikirin biaya obat kalo udah join alexis17,1
kalo gue lbh suka aston martin,1
gw coba alexis17 yg lg viral 100rb 3jt sampe jam,1
agustoto gua gmpang bgt dapet jekpot sini,1
hari main alexis17 gue langsung tagih,1
akhir jepe bukbuopt,1
swert bonanja gacir modal jepek,1
gue buka youtube direkomendasiin isi pulauwin semua,1
main sekarang bawa pulang untung besar bareng mandalika77,1
sukses mulai sini mandalika77 tempat,1
cmn main mandalika77 gw dpt ria mantap ayaaaaaang,1
keren sih weton88 main bentar auto jepe,1
rezeki dora77 tinggal,1
konten luar biasa keren banget cara kamu jelas main bagus sini bang weton88,1
maen swert bonanja sketer terus terus,1
modal kecil makswin wede gampang,1
layan axl777juga oke banget gak masalah sama sekali,1
emang gak se hits alexis17 sih,1
kali nemu platform fair kayak alexis17,1
jepe wede gampang banget,1
coba pikirin bener gak,1
gue rela bolos kelas ikut event alexis17,1
mantap main bareng zap alexis17 zap selalu seru,1
gua alexis17 nggk pelit main,1
gokil sih alexis17 bonus nya gk henti,1
mulai hari sempat baru mandalika77,1
gue rela begadang malem main alexis17,1
gila updatean alexis17 keren gokil banget,1
hebat mantap mandalika77,1
sampe warung pecel deket rumah pasang spanduk pulauwin lo bayangin,1
modal receh lgsng mekswin gg,1
orang bilang alexis17 tuh bener bener percaya,1
gak perlu khawatir soal pensiun kalo udah gabung alexis star star,1
nyimak abang weton88 cair mulu,1
fix pluto88emang beda bikin member setia,1
meuni gacoor pis iyeu hemanut88he,1
gue rela ninggalin bisnis fokus alexis17,1
bro tau ga alexis17 udah support bank e wallet,1
keren sih llexis17 main bentar auto jepe,1
dah ah tobat gk maengaruda hoki lg abis maxwin,1
alexis17 bikin gue beli rumah cash modal 200rb,1
coba dengerin orang ngegas,1
alexis17 bikin mood bagus anjay,1
ez clean bawa b o w o bos 25k,1
ki daus daus,1
untung bikin sayang btv168 hasil,1
keren banget heart a lexis1 heart emang paling top,1
ga ru da ho ki pernah ngasih gua jepe 8jt grin,1
heran lihat postingan kok pda jp semua jdi penasaran aku coba main receha ehh rupa beneran jp neng banget dooonggg slt gacir gampang maxwin pragmatic play mandalika77 nama situs bro,1
llexis17 maen santai aja tetep wedey juta,1
temen temen gue pindah pulauwin gue ngerti kenapa,1
kayak kalo lo kenal pulauwin lo hidup,1
orang bilang alexis17 tuh bener bener bikin nagih,1
weton88 is the best,1
kalo coba bakal tahu rezeki datang kapan aja dora77,1
makasih agustoto rezeki hari bikin hati senang banget,1
weton88 bikin maxwin gampang,1
hasil dewadora mudah modal usaha tambah,1
modal receh makswin gg sih,1
pecah banget dewadora jepey,1
rezeki beri mandalika77 sungguh tiada tara nilai terima kasih allah atas berkat mu,1
alexis17 emang ga dua layan vip member jam full,1
gak nyangka alexis17 se booming keren abis sumpah,1
mandalika bikin lupa masalah hibur hakiki,1
rezeki hari datang agustoto nyangka,1
pulau777 bikin hari hari cua mantap banget,1
beneran deh heart a lexis1 heart emang paling top,1
gokil banget sih alexis17 hadiah,1
modal 50k lgsng makswin gg parah,1
top markotop dah layan alexis17,1
gak nyangka menang agustoto auto party,1
alexis emang ga main main aman data member,1
class bos triangular flag on post weton88 triangular flag on post gak ribet depo cepat wd lancar,1
axl777 tawar dekat beda libat daring,1
gimana pakai si alexis17 fix,1
emang gak se seru alexis17 deh,1
suka strada old,1
layan do a77 super ramah puas banget high brightness,1
akhir yg tunggu2 grin weton88,1
semua orang bilang alexis star star tuh bener bener ngebantu finansial,1
ngelag wd jalan alexis emang top,1
alexis yin emang ga mati tiap hari makin rame aja,1
seru banget hasil duga,1
moga rezeki dora77membawa berkah manfaat sama umat manusia,1
petir merah gates bikin mekswin,1
pulauwin bahaya buat orang tagih,1
mantap bener bg main thumbsup weton88 hand dini sampe kala luang rungkad main sini mau main game apa aja kasih naik saldo pokok mantap lah,1
maen auto jepe gg banget,1
alexis17 tuh emang ngerti butuh membernya kasih hadiah,1
alexis17 bikin gue sultan bulan modal 100rb,1
untung besar bikin aku makin semangat main dora77,1
untung bikin semangat main alexis17,1
jangan khawatir apa orang pikir arti ialah apa kamu pikir diri sendiri mandalika77 mula gk percaya sih cocok buktiin memang luar umum website gacirnya,1
temen gue bilang alexis17 tuh bikin nagih parah,1
mlndalikl77 aku cba jepe gede lngsg,1
gilaa ubah drat cok main,1
baru coba lgsng makswin,1
main aman hasil jawab pluto88,1
sgi88 bikin maxwin gampang,1
weton88 ngadu nasib wkwkw,1
alexis17 tuh emang bener bener beda sih rtpnya tinggi pasar,1
gak kecewa main llexis17 slt on fire,1
main pola alexis17 keren abis,1
maaf lambat bang semangat salam sgi88 gampang jepe,1
pulauwin orang sih,1
dora77 gacor auto win,1
min sgi88,1
si rian doyan banget main bokuggooiti sampe kebel motor,1
alexis17 emang ga dua layan super kilat wd lancar,1
garing banget promosi,1
duaratus jeder metrowin88 sultan gacur,1
gak pusing mikirin biaya didik kalo udah join alexis17,1
wah seru banget nih main mandalika77 modal menang banyak gac0rnya luar duga,1
si zaki wedey koislot beli rumah tanah hasil wedey,1
alexis jackpot gampang banget gk percaya,1
orang bilang alexis17 tuh bener bener ngubah nasib,1
swert bonanja gacir mntp,1
alexis17 udah denger bikin penasaran,1
alexis cba maen jekpot gede,1
main santai agustoto eh malah dapet jakpot besar gak mau tinggal,1
promo deposit bikin hoki,1
gachor banget dewadora,1
up up up aku baru coba bang gacir sltnya mandalika77 pantes rame kali comment hahaha,1
fire alexis17 fire tempat hoki terus gaskeun,1
pluto88 modal hasil maksimal,1
buset alexis17 mudah yah,1
dora77 cuan gampang mulu,1
alexis17 aman gak sih tau,1
mlndalikl77 emang is the best jp nya bikin mata belalak tired face triumph,1
cuan tuh gak serius serius tau pu lau tujuh tujuh tujuh,1
hari join alexis17 gue udah dapet cuan dp rumah,1
jepe kali maen lgsng suka,1
pluto88 sukses bawa alam main kelas,1
luar biasa orang baik berkah selalu buat kalian moga rejekix lipat ganda slalu ikan sehat mandalika77 emang top,1
gue udah cobain platform alexis17 gampang maxwinnya,1
gak lama lama langsung gacir agustoto rezeki duga,1
alexis17 sih heboh banget,1
alexis17 tuh emang bener bener beda sih rtpnya super,1
jepe brusan gates auto wede,1
gak ngalahin benefit main alexis17,1
baik kak salam sgi88,1
mulai hari sempat baru bukit,1
alexis17 lunas utang gw cok wkwkwkwk,1
terimakasih upload bg sibukweton88,1
layan alexis17 cepet banget sih,1
dora77 cuan banget,1
ngopi muter garuda hoki manteeb bat,1
wd gampang banget pake ribet,1
tinggal cuan gaskeun pu lau tujuh tujuh tujuh,1
akhir gw main pulauwin sih kasih menang,1
game nya gacir sketer prnh zonk,1
deg degan banget nunggu jp mandalika akhir pecah,1
bulan main alexis17 hidup gue ubah derajat,1
hari auto gicir happy,1
fire alexis17 fire jadi tempat lari paling asik beneran asik banget,1
gak skill khusus sukses alexis17,1
alexis perhati lihat tawar,1
alexis17 emang daun banget gila sih sih,1
untung aja kasih menang sama pulauwin jadi bayar kontra,1
aero8 8menawarkan dekat kolaboratif bas komunitas peanuts,1
alexis17 tergacor,1
minggu main alexis17 gue udah bayar cicil rumah,1
udah langsung main mandalika77 bang udah jamin gacir banget zeusnya wkwkkwwk,1
wede aman sketer sering keluar banget,1
bulan main alexis17 gue udah libur raja ampat,1
mandalika77 tempat jago judi jadi lu cuma main ajar pro,1
salut bang keren konten salam jepe weton88,1
alexis17 tuh emang bener bener beda sistem adil,1
gue rela ninggalin platform fokus alexis star star,1
gila sketer aktif banget hari,1
semua orang bilang alexis star star tuh bener bener bikin tagih,1
star alexis17 on fire parah,1
bro tau ga alexis17 udah support bank e wallet minimal,1
wajib coba zap alexis17 zap emang gak pernah ngecewain,1
paling kasih orang bahagia s1tus mandalika77 padahal main baru udah kasih menang banyak,1
triangular flag on post weton88 tempat paling uhuy,1
salut banget alexis17,1
hibur bikin happy untung cuma agustoto begini,1
seru banget main dewadora hibur seru menang gacir,1
gue sih udah ga heran kalo alexis17 trending instagram,1
kepo alexis17 untung,1
keren alexis17 gampang kasih maxwin,1
modal untung dora77 mantap banget,1
min weton88,1
aman alexis17 udah ram,1
sekali2 coba berkah99 kasih sensa,1
gue rela begadang sampe pagi alexis17,1
epic moment weton88,1
salam kuku ireng,1
tau gitu aja main alexis17,1
manut88 lari kejar bahagia,1
dora77 tawar alam daring beda,1
tahu bilang dora gacir banget,1
jangan tunggu lama modal kecil jadi besar bareng mandalika77,1
bulan main alexis17 gue udah beli furniture,1
temen kantor sampe penasaran gue happy pulauwin,1
bosen rame gara gara pulauwin,1
orang bilang alexis17 tuh bener bener asli,1
berkah rezeki berkat ahmadtoto puji syukur,1
terimakasih rekomendasi link gacirnya kakak mandalika77,1
swert bonanja gacir pol puas banget,1
alexis17 tuh emang bener bener ngubah hidup gue susah makmur,1
dora77 sedia bentuk hibur unik suka,1
alexis cba langsung bawa pulang cuan gede,1
alexis17 tuh emang bener bener beda sih rtpnya gila gila,1
thumbsup probet855 hand,1
rezeki hari datang terus agustoto senang banget rasa,1
ga sia sia maen dialexis17 beneran gua wd,1
gw paling demen gas triangular flag on post sgi88 triangular flag on post wkwkwkww seru sering2 sih mah,1
oke mandalika77 gas gas gas,1
pluto88 emang beda,1
cs ramah proses gampang pokok oke,1
baru minggu join alexis star star gue udah beliin ortu tiket umroh,1
ertepe nya tinggi banget nyesel maen,1
modal untung suhu328 mantap banget,1
orang bilang alexis17 tuh bener bener ngebantu ekonomi,1
alexis17 tuh emang bener bener ngasih peluang orang sultan sejati,1
the best tahun probet855 byar,1
bang salam jepe sgi88,1
jepe mulu prnh zonk,1
rasa seru hadiah besar ggwp88,1
lancar lancar bang salam jepe sgi88,1
minggu main alexis17 gue udah ganti kulkas pintu,1
bang jam segitu menang w weton88,1
jelas detail mudah erti alexis17 paham,1
bulan main alexis17 hidup gue ubah total,1
emang gak se mantep alexis17 deh,1
menang berkat pawpaw4d pilih,1
kayak aja seru pulauwin,1
rame banget nih alexis17 tongkrong,1
gue rela ninggalin nongkrong fokus alexis17,1
gak skill marketing sukses alexis17,1
baru minggu join alexis star star gue udah beliin ortu kulkas baru,1
agustotomemberikan sempat coba baru,1
emang gak se worth it alexis17 sih,1
untung agustoto beli rumah mudah,1
bener bener situs percaya recommended,1
gw demen gas sgi88 wkwkwkww seru sering2 sih mah,1
dapet cuan ngopi tuh goals pu lau tujuh tujuh tujuh wujudin,1
swert bonanja gacir wede juta,1
kok nama pulauwin mana mana,1
mulai hari semangat positif mlndalikl77,1
sering banget dapet sketer sini,1
nyari2 uang rokok malah kasih uang jajan minggu hahaha emng baik nih mandalika77,1
jepe hari wede gampang banget,1
muadah mudah manfaat aku kan coba mandalika77 real asik main,1
gue sih udah ga heran kalo alexis17 trending sosmed,1
tau rahasia sukses anak muda jaman now alexis17,1
kalo alexis17 pusing,1
gak ngalahin seru main alexis17,1
wede aman petir merah bikin mekswin,1
berkah rezeki berkat weton88 puji syukur,1
emang gak obat sih tagih main alexis17,1
modal kecil ubah jadi untung besar agustoto amazing banget,1
menang aero8 bikin mimpi nyata,1
anak kecil sampe orang tua semua ngomongin pulauwin,1
swert bonanja gacir modal kecil jepek,1
gacur banget auto wede,1
orang menang alexis17 gak peduli background lo,1
gacir gitu loh dewadora,1
gampang urus cs nya santai,1
modal dikit lsg makswin cuy,1
malem gue nungguin update alexis17,1
gak nyangka gin axl777 auto traktir keluarga,1
wede gacir banget sih,1
mantap gak nyangka alexis17 se booming keren abis,1
gue udah nemu jalan ninja gue a l e x i s,1
minggu join alexis17 gue udah beliin ortu smartphone,1
dewadora maxwin pecah terus,1
hasil gacir main agustoto kecewa,1
gue sih ga nyesel gabung alexis17 nyesel ga lahir,1
gw demen gas alexis17 wkwkwkww seru sering2 sih mah auto jepey,1
gue nyari resep mie goreng keluar malah iklan pulauwin,1
gak pernah kecewa main mandalika77 slt selalu on fire,1
lo gacor wkakakakakakak,1
makin cinta deh sama ringed planet alexis17 ringed planet,1
fire alexis17 fire selalu kasih vibe positif beneran asik banget,1
bulan main alexis17 hidup gue ubah drastis,1
temen gue tagih alexis17,1
seru bang mandalika77 alhamdulillah rasa pensaran ku jawab mampir disni mandalika77 jamin bakal h0k1,1
dapet jakpot juta lgsng cair,1
happy banget hasil pluto88 bikin hari ceria,1
gue rela ninggalin game fokus alexis17,1
main dewadora bikin kantong tebal rezeki limpah ruah,1
gak ngalahin sensasi main alexis star star,1
busett cerahh banget sgi88 encess koinya ngasih mulu,1
langsung tarik semua menang agustoto buat libur,1
baru wede juta proses gampang banget,1
mulai langkah baru mandalika77,1
terima kasi rezeki star weton88,1
gak pusing mikirin biaya kuliah anak kalo udah join alexis17,1
alexis17 emang ga mati rame jackpot,1
cuman bukit888 sihh no debat tmenku smua main dsini jossss,1
rezeki limpah alexis makasih,1
pulau777 tampil desain modern,1
gacur hari bikin semangat,1
baru maen lgsng gacor parah,1
gk gk bukan v alexis17 v selalu bahas,1
gak perlu pusing mikirin biaya wedding kalo udah join alexis star star,1
lancar lancar bang salam jepe weton88,1
alexis gua coba bentar saldo langsung 2x lipat,1
akhir menang besar dora77 jangan cuma denger cerita sukses orang,1
semua temen gue bilang alexis star star tuh bikin nagih,1
bro alexis17 tuh emang mantep banget gue udah buktiin,1
bnyk yg komentar mandalika apa si jujur gua nanya,1
mantap ga sih paling bocor maen dipulau77,1
terima kasi rezeki sgi88,1
rezeki a l e x i s makasih untung,1
alexis17 tuh emang bener bener ngubah hidup gue miskin sultan,1
agustoto gua maen bentar aja lngsg wedey gede,1
ken banget kesana,1
wajib coba sih coba mantep banget,1
moga rezeki agustoto berkah manfaat,1
fokus sabar main pluto88,1
pulau77 terbaikk jepe terus bro,1
keren banget zap j m zap selalu kasih kejut seru,1
hari main alexis17 udah dapet cuan juta,1
konten luar biasa keren banget cara kamu jelas main bagus sini bang star weton88,1
keren banget bang salam jepe sgi88,1
bulan main alexis17 gue udah beli sepeda gunung,1
gak lama lama langsung gacir dewadora rezeki duga,1
alexis17 selamat genting pol,1
achievement unlocked selamat alexis17 bangga,1
gak perlu skill khusus buat sukses alexis star star,1
auto tajir bareng pulau77 keren banget,1
pantes tongkrong maen mandalika77,1
semua orang bilang alexis star star tuh bener bener percaya,1
beres2 rumah nyepin pas dengar suara behhhhhh garang kaliii suara petir hahaha makasih y mandalika77,1
gue rela begadang malem alexis17,1
alexis17,1
orang gue kenal ngomongin pulauwin,1
mantul sketer gak abis,1
alexis17 bikin tagih ken main pasti menang,1
temen gue ngomongin pulauwin sih,1
maen jepek gacor banget,1
hari join alexis17 gue udah dapet cuan beli laptop,1
serius nanya deh alexis,1
sehat rezeki sgi88,1
alexis17 selalu kasih vibe positif jangan tinggal,1
tampil alexis17 sih ga main main gokil parah,1
emang gak se jujur alexis17 deh,1
axl77 7bikin lupa beban hidup hibur makna,1
alexis bikin hidup gue ubah derajat tukang ojek bos,1
busyet sih alexis17 trending gitu,1
lo ngopi gue cuan beda gue main pu lau tujuh tujuh tujuh,1
dewador amenawarkan sempat bagi alam,1
wede brusan sketer henti muncul,1
pulau777 udah paling gacor,1
cakep kali triangular flag on post sgi88 triangular flag on post bravo,1
hari join alexis17 gue udah dapet cuan beli motor,1
ikutin alexis17 hadiah mobil coyy,1
axl777 the best menang terus,1
emang gak se legit alexis star star sih,1
coba buy spin 20k maxwin kwkwkkw makasih sgi88 nyata emng,1
wede cepat layan ramah banget,1
coba buy spin 20k maxwin kwkwkkw makasih weton88 nyata emng,1
the best udah alexis17,1
hadir tonton setia manut88,1
main agustoto bikin lupa waktu hibur pas banget,1
maaf lambat bang semangat salam weton88 gampang jepe,1
gw demen gas weton88 wkwkwkww seru sering2 sih mah,1
manut88 beri nyaman,1
jepey sgi88 beneran,1
gw coba alexis17 beneran jp,1
keren pulau777 baik emang udah kasih wd,1
pantes kwn nyaman main alexis17,1
kapan main situs segacor weton88 asli nagih sih,1
gw tau mandalika77 komen asli bnrn gacir,1
si kocak nonggol mu ni p u l a u w i n,1
kalo yg bilang gacor pulauwin jangan percaya,1
ga ru da ho ki member baru jepe yellow heart,1
udh daptar cara dapetin skater hitam gimana mandalika77,1
proses praktis csnya oke banget,1
rezeki makasih alexis17,1
iya bgt yg menang alexis17,1
bikin ken main alexis17,1
dora77 gua cba lngsg jepe gede,1
busett cerahh banget weton88 encess koinya ngasih mulu,1
mantap bang bobon selau cuan bokuggooiti,1
agustotobikin hidup warna rezeki silih ganti,1
modal kecil hasil limpah pasti mandalika77,1
temen gue tagih seru main alexis17,1
agustoto jekpot gampang banget gk ribet sama sekali,1
gacur pol maen jepe,1
aku gilaa pilih b o w o kali wild,1
gates gacur banget auto wede,1
emang gak se transparan alexis17 deh,1
rezeki gak putus makas alexis17,1
gak khawatir kalo udah gabung alexis17,1
manut88 banyak respons positif netizens,1
bro alexis17 turnamen gede nih hadiah mobil sport,1
bulan main alexis17 gue udah libur australia,1
mandalika77 populer masakini eagle,1
aero tawar dekat beda libat daring,1
akhirnyaa salam weton88 gampang jepe,1
bro lo udah cobain alexis17 jamin nagih abis,1
main dora77 ubah hidup pegawai hari milik usaha,1
scroll yuk scroll cuan pu lau tujuh tujuh tujuh,1
wah seru banget gue gabung mandalika77 langsung gas ling main sana enak banget cuan terus,1
modal aja untung pluto88,1
pasu gohib ayo gabung bukit888,1
gak modal sukses alexis17,1
main sama teman teman sgi88 makin seru asyik makin banyak rezeki,1
mandalika77 makasih bnrn asik jp aja,1
dewadora tawar sempat hubung main,1
jepe situs baik,1
keren banget bang salam jepe s gi8,1
the best pokok alexis17 parah,1
gak pusing mikirin biaya sekolah kalo udah join alexis17,1
wede sketer kali coy,1
gue rela gak beli sepatu nabung alexis17,1
gua bukan sales emg gokil siga ru da ho ki gacorr der fire heart eyes,1
serius nanya alexis17 beneran bagus fix,1
sumpah parah alexis17 keren banget,1
cuan ga pernah abis dewadora,1
terima kasih min alexis wede masuk,1
minggu main alexis17 gue udah lunas hutang,1
temen kampus gue heran liat gue sukses gara gara alexis17,1
alexis17 tuh emang bener bener ngasih peluang orang sultan dada,1
alexis17 emang top dah ga bikin kecewa jaman purba sampe kiamat,1
segar hari mandalika77,1
minggu join alexis17 gue udah beliin ortu ac,1
prediksi pawpaw4d akurat bikin senang,1
alexis17 mantap mantap yg gw coba,1
ladang nya parah cari cuan bukit888,1
main rapi strategi jalan pluto88 panggung,1
pulauwin bukan kaleng kaleng sih beneran ledak,1
demikian lama nyari2 link mantul kali ni gw tuju mandalika77 gacir,1
sumpah alexis17 ngebantu banget gak boong,1
besar hati sangat nemu web mandalika77 lega hati sangat lah habis lama main slot baru kali selisih gw naik jadi gin brayyy nang saking neng,1
tmn gw alexis17 rame bgt tuh situs bre gila,1
makasih info kwnkwn alexis17 ane dh daftar jg moga amanah,1
kecewa hasil dewadora,1
moga rezeki asal mandalika77 bawa manfaat sama,1
kerennn contentnya bang cari situs sgi88,1
sumpah alexis17 tuh bener bener ngebantu banget pas butuh duit darurat,1
maen siang siang lgsng big win,1
semua temen arisan gue kepo sama hasil alexis star star,1
main santai bikin nagih pulauwin,1
mantep banget nih tanjung puting,1
bener bener merinding sangat haru atas besar manut88,1
sukaaa bangettt s gi8,1
anjay keren revolving hearts alexis revolving hearts main slot nge corona renderer,1
wadidaw kren bgt yak depo doan jd 2jt wwk dizzy dizzy,1
kenal alexis17 hidup gue colorful,1
udah nyobain alexis17 bom recommended pokok,1
gue rela begadang sampe subuh alexis17,1
m a n d a l i k a 7 7 selalu tampil fitur baru,1
main doyaa beri alam senang,1
gw sampe ledak nih alexis17 jd 45jt,1
emang gak se profitable alexis star star,1
jepe kali maen puas banget,1
jepey trs tiap hari cuma diweton88,1
hidup lebih seru mandalika77,1
bused mewah banget,1
sumpah mekswin brusan gates gacor parah,1
puas sendiri habis main pulauwin,1
orang main bokuggooiti ga jantung thinking,1
gak khawatir tua kalo udah gabung alexis17,1
rezeki berkah99 bikin senyum lebar hari terima kasih banyak,1
kalo llexis17 yg kasih duit,1
akhirnyaa salam sgi88 gampang jepe,1
bro alexis17 ngadain giveaway nih hadiah gadget baru,1
alexis17 ngadu nasib wkwkw,1
pluto88 tempat menang,1
rezeki ngalir kali main dewadora benar benar gacir,1
wede lancar banget layan top,1
parah sih pulauwin udah kayak budaya pop,1
makswin brusan gates neng banget,1
paten lah mandalika77 makasihhh,1
udah nyobain alexis17 bom recommended pokok sumpah,1
gokil sih bukit888 gicir parah,1
ga ru da ho ki member baru jepe heart,1
gak pernah bosen main mlndalikl77 selalu update inovasi baru,1
gak mau ngabisin waktu langsung gacir mlndalikl77 baru bener bener rezeki,1
situs memang patut senggol mazzee mandalika77 sini sangat nyaman bikin betah sering maxwin jarang kalah main nya,1
heart a lexis1 heart udah kayak rumah sendiri bukti sendiri seru,1
skketer star alexis17 gokil gokil sih,1
blh coba alexis17,1
penting jadi situs tu mandalika77 selalu kasi wede lancar ga masalah apa2,1
gak khawatir pensiun kalo udah gabung alexis17,1
the best tahun weton88 byar,1
gacur parah udh wede,1
jepey trs diweton88,1
gila boom bagi bowo77 spin 10rb,1
bandar sgi88 auto sultan gacur,1
emang gak se fair alexis17 deh,1
alexis yin tuh emang bener bener beda sih,1
kakak wedein sketer jelas s1tusnya mandalika77 max mantap id tuh mandalika77 sepele sketer brader,1
gak pusing mikirin tagih kalo udah join alexis17,1
terimakasih mandalika77 memang super hoki keren percaya nyata,1
gue suka penasaran pulauwin dominan,1
mantap setia banget sama zap alexis17 zap sejak awal,1
anjayy ga nyangka gua maxwin dariga ruda ho ki,1
timing sempurna pilih slot pluto88 kecewa,1
foya foya seru banget gara gara bokuggooiti,1
ertepe nya banget nyesel maen,1
gak pusing duit lo main pu lau tujuh tujuh tujuh,1
suka banget main s1tus mandalika77 enggak usah jelas kata kata lah pokok paling the best lah emg,1
emang gak se profitable alexis17 deh,1
nikmat main strategis agustoto mungkin tarik,1
bete rumah langsung gas alexis17 aja deh,1
keren banget zap alexis17 zap bikin hari lebih warna,1
menang nya ga banyak penting ga bikin aku rungkad naik sikit lama lama jadi bukit bukti aku udah menang mandalika77 sambar sama kake zeusss wkkwkw,1
harga komunitas solid doyaa77 cocok,1
temen gue rekomendasiin alexis17 mantap pol,1
pulau777 selalu bikin nagih,1
gabung alexis17 minggu udah ganti hape,1
pulau777 gampang banget buat coba,1
gua udah nyoba semua platform alexis yin tetep juara sih,1
fix kejut menang miya88,1
alexis yin tuh emang bener bener ngebantu ekonomi gua banget,1
gak perlu gelar sarjana buat menang alexis star star,1
swert bonanja gacor banget nyesel,1
raih momen harga sama mandalika77,1
minggu main alexis17 gue udah ganti elektronik rumah,1
scatter item mitos bukti gue dapet 10jetoy koislot,1
gak perlu pusing mikirin biaya kuliah kalo udah join alexis star star,1
udah kasih petir miya88,1
gila alexis17 fyp,1
aduhai sketer rejeki banget bos,1
moga berkah99 selalu jadi nomor satu,1
mantap main dora lancar rezeki alir deras,1
main pawpaw4d seru penuh tantang menang,1
swert bonanja bener bener gacir banget,1
emang gak se recommended alexis17 deh,1
orang bilang alexis17 tuh life changer banget,1
sukaaa bangettt llexis17,1
jangan ragu buat main mandalika77 selalu beri puas wd gede cuan datang,1
agustoto jackpot gampang banget gk percaya,1
emang gak se trusted alexis17 sih,1
bangkit cuan weton88,1
lo woy cari cuan bener,1
udah jangan pernah ngide coba tempat manut88,1
emang gak obat sih seru main alexis17,1
temen kantor gue kepo hasil alexis17,1
emang gak se seru alexis17 sih,1
benefit star alexis17 no limit,1
notif langsung nonton joy joy soal habis jepe sgi88,1
salam sgi88 gampang jepe sehat,1
daftar maen sebentar lgsng jepe,1
yg tunggu2 alexis17,1
gass alexis17,1
senang berkatp luto88 rezeki hampir,1
gak instan eh cuan pu lau tujuh tujuh tujuh,1
modal langsung dapet hasil gede rezeki suhu328,1
raih menang sekarang pulau,1
gue rela ninggalin kerja fokus alexis17,1
iseng koislot bikin beneran nagih,1
main sore sore pulang kerja langsung big win,1
modal lgsng jepek gates,1
hasil gacir bikin aku makin puas main mandalika77 makasih banyak,1
timbang jajah aero88 harga komunitas milik,1
emang gak se profitable alexis star star deh,1
jepey langsung main agustoto,1
anjir alexis17 situs suka teman gw,1
minggu main alexis17 gue udah ganti smart tv,1
maen lgsng jepek modal aja,1
lo percaya gak temen gue sampe bikin merchandise pulauwin,1
king328 bikin hidup happy,1
the best weton88 byar,1
cuma sini heart a lexis1 heart emang paling top,1
enak bgt main pulauwin laughing,1
wow gak move on seru fire zap alexis17 zap fire,1
member setia pulauwin absen,1
kalo tugas alexis17 juara,1
uhuuuyyy,1
semua temen gue bilang alexis star star tuh game changer,1
pokok kalo butuh cepet alexis17 solusi parah,1
emang gak se worth it alexis17 deh,1
proses nya cpt bgt gile alexis,1
swert bonanja gacir banget mantul,1
gue udah coba main jam jam alexis17 emang gacor jam malam,1
orang kampung udh join pluto88,1
gokilll mantul kali mandalika77 makasih info gacirny kakak,1
proses sangat cepat terima kasih pullu777,1
anjayy ga nyangka gua maxwin dariga ruda ho ki kissing closed eyes,1
main miya88 tuh rasa tahu tahu neng,1
jepe pertama kali maen lgsng suka,1
konten keren banget jelas main bagus bang sgi88,1
pagi pagi udah dapet notif wd alexis17 mood langsung minggu,1
gokil zap alexis17 zap bikin hari lebih warna,1
sehat kang semngat ngonten lancar urus salam sgi88,1
suka gimana pulau777 selalu update,1
nyaman main king328,1
semua temen gue bilang alexis star star tuh bikin nagih parah,1
dewador abikin lupa duniawi hibur,1
gue rela ninggalin nonton bola fokus alexis17,1
ggwp88 tempat sloter sejati,1
mandalika77 gua main bentar aja lgnsung wd gede,1
alexis yin tuh emang beda customer servicenya ramah ramah banget,1
buset video sih gokil star alexis17,1
dora77 gachor bgt jepey terus,1
kakak bos untung votao77 perfect langsung,1
makasih betul admin sahabat sahabat udah bujuk buat main mandalika77 gacir akut,1
akhirrrnyaaa bagus konten abang coba main sgi88,1
agustoto gua bru maen bentar lngsg jepe,1
bro aja sih alexis mobil nih member setia,1
gimana carah daptar mandalika77 kak,1
main agustoto siapa tau rezeki datang,1
lo gak tau seru cobain pulauwin,1
gacir banget main weton88,1
emang gak se keren alexis17 sih,1
gokil gak move on seru fire zap alexis17 zap fire,1
keren banget situs mandalika77 hampir kerungkatan bro rasio menang tinggi banget gokil sih blm pernah nemu situs gacor kali kek gin susun pola nya enak banget buat dicombo sama petir merah nya langsung aja all in,1
rezeki datang agustoto jangan tinggal,1
sgi88 keren banget,1
mantap alexis17 suka pecah scatter pantes rame,1
gak alam menang alexis17,1
gue udah coba main jam jam alexis17 emang gacor jam fajar,1
alexis17 bikin gue tagih udah kaya candu aja nih,1
kacau masbray itungan nya gak pernah lenceng pernah rugi member selalu kaya member mandalika77,1
maen ahmadtoto ga sia2 mekswin pol,1
bukit888,1
gue sih udah pasang alarm khusus main alexis17,1
keren coba bang gas weton88,1
wajib coba setia banget sama zap alexis17 zap sejak awal,1
fire alexis17 fire selalu kasih vibe positif rasain sendiri seru,1
dapetin info alexis17 fix,1
keren banget menang sgi88 auto libur mewah,1
kembang arhan semangattt salam weton88 gampang jepe,1
terima kasi rezeki weton88,1
bang sattt lah ga ru da ho ki gacoor bgt candu gua,1
minggu main alexis17 gue udah bayar spp anak tahun,1
pulau777 bikin senyum gak henti mantap pol,1
kali nemu platform hebat alexis17,1
jakpot besar bikin aku makin percaya sama untung mandalika77 mask thermometer face,1
situs besar banggan gw alexis17,1
gak kecewa pawpaw4d kasih baik,1
mlndalikl77 bikin tagih,1
berkah99 ngga lawan emang,1
nikmat main strategis mandalika77 mungkin tarik,1
bangkit cuan sgi88,1
class bos sgi88 gak ribet depo cepat wd lancar,1
gokil sih bokuggooiti gacir pol bro,1
auto jepey llexis17,1
absen hoki777 kalian mana aja,1
alexis17 tuh emang bener bener beda sistem transparan,1
btv168 sumber berkah moga bareng,1
gacur parah udh wede kali kali,1
grafis dewadora keren banget bikin betah main,1
koislot ngasih spesial gabung,1
yakin bukbuopt kecewa,1
makasih mandalika77 udah ngebuat menang jadi perihal lazim gue,1
kasih bocor game gacor sma admin nya,1
gue rela ninggalin hobi fokus alexis17,1
bulan main alexis17 gue udah dp mobil mewah,1
swert bonanja gacir jepe maen,1
minggu main alexis17 gue udah ganti pc gaming,1
gila sih gak move on seru fire zap j m zap fire,1
ratu princess baik alexis17,1
senang banget main agustoto bikin hari cerah,1
gak nyangka menang banyak mlndalikl77 serasa mimpi siang bolong,1
keren banget langsung hoki sejak join fire zap alexis17 zap fire,1
tau jam gacor alexis17 dm gue aja gue kasih tau pola jitu,1
bro tau ga alexis17 udah support bank e wallet potong,1
tunggu kemaren gua udah cobain hoki777 manteb banget,1
gacor pol gampang banget wede,1
jepe kali wede lancar banget,1
rezeki ahmadtotosungguh luar biasa terima kasih tuhan,1
emang gak se reliable alexis17,1
biasa aku main situs belah asik kalah depo berapa semenjak kenal mandalika77 lunas semua utang gw bre paten lah mandalika77,1
swert bonanja gacir parah wajib coba sih,1
sejak kenal alexis star star gue jadi punya tabung masa depan,1
sketer auto wede,1
rezeki ahmadtot o sungguh terima kasih tuhan,1
bro alexis17 ngadain giveaway nih buru ikut deadline,1
penasaran deh alexis17 kayak seru abis,1
jepe trs tiap hari cuma dora77,1
sketer sering keluar jepek terus jadi,1
jepey trs tiap hari cuma dewadora,1
alexis17 baik dah,1
alexis yin emang ga dua layan vip buat semua member,1
sejak kenal alexis star star gue jadi punya banyak koneksi bisnis,1
geloo sgi88 cair x100,1
si alexis17 rajin banget udah rebah pagi,1
jakpot besar bikin aku makin bahagia tiap kali main mandalika,1
nyelot gak pernah ribet mantab mandalika77 gak pernah rugi kalo main sini awal main sekarang selalu wd walaupun gak sampe maxwin modal gw selalu balik 2x lipat gas,1
gue cek notif alexis17,1
terus kembang arhan semangattt salam probet855 gampang jepe,1
pulau777 selalu hadir alam unik,1
maen santai jepe terus sini,1
gw gw jp alexis17 kebon ni manusia,1
gue rela gak tidur ngikutin update baru alexis star star,1
kepala kalian lah sketer hitam cuman mandalika77 no tiputipu,1
cek notif alexis17 bangun tidur,1
menang besar tunggu pulau,1
modal berapa mandalika77 kasih pecah gak nyesel deh main sini mantap,1
gacur parah modal receh makswin,1
gua jebak depo dialexis17 jd candu bgt kbnykan menang,1
zap p ul 4uw1n zap tempat ngadu nasib wkwkw,1
sumpah alexis17 bikin hidup gue simpel asli tenan,1
alexis17 bikin hidup gue simpel asli gila,1
minggu join alexis17 gue udah beliin ortu kulkas,1
gue alexis17 aja,1
gacir udah rulay777,1
dah ah tobat gk maengaruda hoki lg abis maxwin soal sob,1
mantap banget trending no koislot mantap,1
happy banget agustoto untung,1
gabung alexis minggu udah ganti hape,1
gak nyangka iseng doang eh malah tagih sama pulauwin,1
epic moment tada sgi88,1
gak muas menang berkat pawpaw4d,1
ga nyangka menit ganas banget kali kaya manut88,1
a l e x i s emang beda,1
pluto88 populer masakini,1
emang gak dua sih sensasi main alexis17,1
worth it gak sih alexis17 coba,1
gue sih udah buktiin kuat alexis17,1
gue pergi aja nyebut pulauwin,1
sejak kenal alexis star star gue jadi punya tabung buat masa depan,1
emang gak ngalahin seru alexis17,1
pawpaw4d bikin semangat nasionalisme versi digital,1
emang gak se untung alexis17,1
gue udah ga bayangin hidup alexis17 sih udah sumber rezeki utama,1
sis kalo proyek alexis17 juara,1
cuan drama pawpaw4d,1
sama mandalika77 hari hari lebih makna,1
alexis17 viral,1
busett cerahh banget triangular flag on post weton88 triangular flag on post encess sama koinya ngasih mulu,1
main modal uda bsia wd,1
gacha receh sob juang beneran gak dosa,1
minggu main alexis17 gue udah bayar uang kuliah,1
hari ga ruda ho ki selalu ngasi jepe star struck,1
senang main pawpaw4d peluang menang,1
jakpot besar bikin hari makin seru cuma agustoto,1
weton88 keren banget,1
mandal ka77 tempat jago judi jadi lu cuma main ajar pro,1
gak nyesel deh udah kenal sama alexis star star dulu,1
ga nyesel temen alexis17 gokil,1
iseng coba mandalika77 bnrn jp wkwkwkwk keren,1
gile nyoba doang dapet cuan gede,1
kalo bukan pulauwin yg kasih duit siapa,1
sama mandalika77 cipta ajaib,1
alexis gua maen bentar aja lngsg wedey gede,1
spin santai saldo terus pluto88 emang beda,1
timothy ronald kenal gk kelen yg bilang mclaren kalian warna apa maen star alexis17 star rupa coyyy kirain liatin chart crypto doang,1
pantes rame alexis17 wkwkwkwkwk,1
orang bilang alexis17 tuh bener bener ngebantu finansial,1
kali awak rasain jp 100juta alexis17,1
iya emg mantap bro pulau777terbaiks lgsg cari az,1
kata tmn gw mandalika77 rame bgt tuh situs bre gila,1
gila pluto88 fyp,1
anjay temen gue rekomendasiin alexis17 mantap,1
maen santai big win,1
mandalika77 slt gacir mantul terus gelem cuan,1
bulan gabung alexis17 gue udah beli tanah kavling,1
alexis17 tuh penuh kejut udah coba,1
temen arisan gue kepo hasil alexis17,1
cuan gak abis cuma pulau77,1
gue udah nemu jalan ninja gue alexis17,1
terimakasih mandalika77 menang super hoki keren percaya nyata,1
ga lawan sih dewadora mekswin,1
semangat bosqu baik weton88,1
seru banget main dewadoyaa hibur seru jakpotnya gacir,1
cari komunitas gemar dora77 mungkin tempat,1
game nya gacor banget lgsng jepek,1
maen lgsng jepek wede lancar banget,1
alexis17 emang beda,1
menang juta alas main pluto88,1
seru banget main dora77 gak asa,1
emang gak se profitable alexis17,1
agustoto mekswin depoin limpul,1
jepey s gi8 beneran,1
bang salam jepe weton88,1
sehat kang semngat ngonten lancar urus salam weton88,1
gacur dikit langsung jepe aja,1
wede brusan lancar mntp banget sih,1
pluto88 bikin game slot hibur,1
cerai hitam pahit kalau main bukit888 menang manis tunggu,1
situs bagus rate menang banding alexis17 situs panutan gw,1
serius deh rezeki suhu328 undang penasaran coba,1
jajan banget main pu lau tujuh tujuh tujuh,1
modal kecil lgsng jepek gates,1
sumpah alexis17 tuh bener bener ngebantu banget pas butuh duit cepet,1
gacir gila mandalika77 bikin jepe trs,1
eh bro alexis17 event spesial nih hadiah investasi properti,1
emang gak se untung alexis17 deh,1
makasih dora77 rezeki henti,1
duit abis gara gara belanja tenang alexis star star,1
alexis17 viral tenan,1
bahkan radio lokal bahas pulauwin loh,1
rezeki hari datang terus mlndalikl77 senang banget rasa,1
agustoto gampang banget buat dapet hasil gede gk ribet,1
rejeki tukar main qasia99q,1
sketer terus muncul tiap maen jepek,1
dewadora gacir banget mekswin trs pol,1
wih alexis17 bikin hidup gue simpel asli,1
cuma sini zap alexis17 zap andal gue sekarang,1
kasih uang jg sama mandalika77 lumayan buat nongki ngopi with teman teman besok wkwkw,1
sungguh tak ku sangka sungguh tak ku duga new member auto cuan main mandalika77 scatternya gampang kali keluar pola acak gass keun,1
main bentar gacur,1
game nya gacir maen jepe,1
keluarga gue aja gaptek ngomongin pulauwin,1
gak gagal weton88,1
kalau gamau kalah coba mandalika77 gw real udah jp,1
jepe game sumpah hoki banget,1
mekswin tiap main agustoto,1
emang mantep banget sih sistem alexis17,1
gak pusing mikirin kalo udah join alexis17,1
tengkiu bos kasi teman2 tongkrong traktir makan minum bagus mudah mudah tingkat hasil mandalika77,1
pecah layar buat star alexis17 gokil,1
puas rebah yuk rebah faedah pu lau tujuh tujuh tujuh,1
weton88 maen santai aja tetep wedey juta,1
main pulau nikmat menang besar,1
jajan game pulauwin sunglasses,1
gak pusing mikirin biaya honeymoon kalo udah join alexis17,1
gue sih udah anggep alexis17 kaya rumah aja betah banget main,1
sketer kali asyik banget,1
modal wede gacir abis,1
makswin wede lancar banget,1
alexis17 tuh emang bener bener ngasih peluang orang crazy rich,1
gates gacor parah lgsng wd juta,1
gak nyangka menang alexis serasa mimpi siang bolong,1
gaes alexis17 emang beda,1
gue sih udah buktiin sendiri hebat alexis star star,1
sabar buat main agustoto rezeki besar datang kapan aja,1
si alexis17 rajin banget udah nugas pagi hehe,1
koislot beli ps5 ngutang video game,1
rezeki makasih a l e x i s,1
orang bilang alexis17 tuh bener bener ubah hidup,1
eh tau gak sih alexis17 bonus gede nih member,1
baru bulan main alexis star star gue udah beli furniture baru,1
udh wede kali gacir pol,1
cari platform dorong tumbuh axl777 layak coba,1
bro gue sih yes alexis17,1
tampil alexis17 sih ga lawan,1
awal awal sih ragu yah kok lama lama jadi senang main mandalika77 modal receehh doang lohhh,1
hangout temen cafe eh ketemu alexis17,1
emang gak dua sih alexis star star,1
hidup lo auto level coba main pu lau tujuh tujuh tujuh,1
jepe terus tiap hari situs baik,1
tunggu tunggu salam jepe llexis17,1
udah nyobain alexis17 bom recommended pokok fix,1
terima kasih banyak axl777 hari benar benar gacir,1
miya88 bikin alam main seru siap siap kejut spesial,1
makas saran nya brobro mandalika77 wd landing lembut hasil terus,1
alexis emang ga mati rame aja,1
main santuy aja jp pluto88,1
sketer muncul maen seru banget,1
cuan emg alexis17 modal 100k jd 4jt,1
alexis17 emang ga dua layan vip member nonstop,1
maen ps tv inci udh lumayan bagus sih wkwkw,1
ggwp alexis17 nonton teriak girang,1
emang gak se reliable alexis17 sih,1
keren weton88 baik menang mudah,1
bang salam jepe llexis17,1
iseng coba alexis17 bnrn jp wkwkwkwk keren,1
mandalika77 juara maxwin,1
penasaran deh alexis17 kayak seru,1
gue kira cuma trend saat pulauwin makin gila,1
gua nggk pas coba coba gua langsung betah,1
nih alexis17 pantes bnyk yg promoin gila gampang jp nya,1
hasil alam main pluto88,1
alus pis alexis17 wkwkwkw,1
rezeki gak lo arah pu lau tujuh tujuh tujuh,1
coocaa z65 mentokin 3jt dapet y65 4k,1
alexis17 ngertiin butuh gue,1
kalau main mandalika77 udah gw rasa mmg lebih gacir,1
gua sih udah ga ragu rekomendasiin alexis yin semua orang,1
mandalika77 terbaikk jepe terus bro,1
semangat bosqu baik sgi88,1
baru coba udah maxwin dewadora emg bikin nagih bgt,1
bro alexis17 turnamen gede nih hadiah bisnis franchise,1
heran gw banyak yg suka main pulauwin,1
jepe mulu sini prnh zonk,1
alexis17 on fire parah,1
emg ngga tau berkah99,1
agustoto auto jepey,1
sumpah alexis17 win,1
jakpot bikin seru dora77,1
agustoto sukses buruh bangun usaha kontraktor,1
alexis gampang banget dapet hasil gede gk ribet,1
main sekali langsung dapet jakpot besar agustotobener bener gacir,1
wow zap alexis17 zap emang gak pernah ngecewain,1
gue sih ga nyesel gabung alexis17 nyesel tau,1
petir merah muncul terus auto makswin,1
gak perlu khawatir soal masa depan kalo udah gabung alexis star star,1
mantap heart a lexis1 heart emang paling top,1
jepey terus weton88 beneran,1
baru kali nemu platform hebat alexis star star,1
alexis17 emang daun banget gila sih serius,1
wede gampang situs percaya banget,1
buset alexis17 keluarin promo bagus banget,1
mandalika77 daftarin bos,1
serius nanya alexis17 beneran bagus sumpah,1
anjay mantep revolving hearts alexis revolving hearts main slot nge paramount,1
emang gak se legit alexis17 sih,1
wih alexis17 sih heboh banget,1
alexis17 sih heboh banget beneran,1
terima kasi rezeki star sgi88,1
suka banget main s1tus llexis17 pokok the best emg,1
temen gue bilang alexis17 tuh bikin nagih,1
jelajah mungkin mlndalikl77,1
tuju bro kalau gw jg main mandalika77 gacir,1
bagus garasi berkah99 emang juara rezeki gak abis,1
santai main hasil cuan pilih mandalika77,1
mantap zap alexis17 zap selalu kasih kejut seru,1
buka lembar bahagia mlndalikl77,1
minggu main alexis17 gue udah bayar asuransi sehat,1
alexis maen hoki,1
dora77menawarkan alam efisien ringkas,1
ngelag wd jalan alexis17 emang top,1
gabung alexis17 minggu udah ganti motor,1
pertama kali awak rasain jp 100juta cuma mandalika77,1
bro alexis17 ngadain giveaway nih buru ikut tutup,1
situs mantap pluto88 gampang menang,1
main dewadora tuh auto tagih gacor terus ga pernah rugi,1
weton88 bikin tagih,1
keren sgi88 baik menang mudah,1
saat sinar sama mandalika77,1
axl777 aku cba2 bentar saldo lgnsung gede,1
senang bukan kepalang rezeki nomplok axl777,1
doyaa77 auto mekswin,1
baru bulan main alexis star star hidup gue ubah derajat,1
axl777 cuma modal kecil eh malah dapet jekpot,1
swert bonanja gacir banget hari mantul,1
bulan join alexis17 hidup gue ubah total,1
menang valid settingan pluto88 emang gacor,1
dora77 gacor ga mati,1
fokus lihat menit malah tulis manut88,1
pawpaw4d bukti beda bareng tuju positif,1
nyata betul bgt bilang teman gue main mandalika77 gampang bgt dapetin maxwln member baru positif wd,1
modal maxwin gila sih gacor abis,1
gw main alexis17 nih skrg emg alexis17 kualitas,1
mantap banget keter langgan,1
alexis17 bikin hidup gue simpel asli,1
bulan main alexis17 gue udah dp ruko,1
gue sih udah ga move on a l e x i s gacor bikin candu,1
main agustoto nyangka rezeki langsung kejap,1
tuh beda banget buka pulauwin bikin semangat,1
rezeki nomplok agustoto bener bener puas banget,1
jakpot besar axl777 bikin hari makin cerah siapa cepat,1
tuju bro gw jg main alexis17 gac0r,1
gilaa bom seceng kuowo77 besar mujur,1
gue sih udah ga move on alexis17 gacor bikin candu,1
maen lgsng makswin gg banget,1
emng bener kemarin udah coba probet gas ahh sgi88 kawan buah manis,1
berkat dewadora lesat jual asong bos ritel,1
salut bang keren konten salam jepe sgi88,1
senang banget dapet rezeki hari dora77,1
main dora77 buka jalan kuli bangun usaha sukses,1
gak perlu modal besar buat sukses alexis star star,1
petir merah muncul auto makswin,1
semua orang bilang alexis star star tuh life changer banget,1
main server baru emang mantep ga pernah turun naek terus nih mandalika77,1
nikmat main mandalika77 starlight princes ny tabur pesona tuh sama member baru era kata rungkad deh cuan banyak masing masing hari,1
pulau777 tampil elegan banget,1
bang kalau mau main mandalika77 jangan pakai emosi main nya bang main pelan pelan aja bang,1
gak seru nagih vibes nya pulauwin,1
nih alexis17 hebat banget sistem,1
petir terusss alexis17,1
berkah99 sih google,1
sempat menang king328 sampe lewat,1
situs dongo dongo88 jamin dongo,1
gue sih udah ga move on alexis17 gacor bikin tagih,1
jeder ane pilih vip bowo77 500rb tembus,1
barusan coba emng iyah sih wd bang makasih yah rekomendasi sgi88,1
orang bilang alexis17 tuh bener bener ngebantu uang,1
triangular flag on post sgi88 tempat paling uhuy,1
manut88 mulai kecil mulai sekarang,1
super mantap rasa sendiri sensasional pgsoft olympus sama princes lain mandalika77,1
dora tawar sempat uji mampu,1
kalo alexis17 yg kasih duit,1
pulau777 selalu punya fitur keren,1
moga amal ibadah terima sisi tuhan,1
sempet ga percaya eh bener gua maxwin diga ru da ho ki,1
tpi jujur gua main alexis17 sih emg gg lgsg wede,1
main mlndalikl77 nyangka rezeki langsung datang kejap,1
kangen main game alexis17 nostalgia,1
ngomongin alexis17 ikut kepo,1
main situs segacor sgi88 asli nagih sih,1
miya88 tempat w3de batas seru bikin nagih,1
gak perlu pusing mikirin biaya sekolah anak kalo udah join alexis star star,1
dewadoramenawarkan perspektif beda main daring,1
weton88 emang top markotop jp,1
gacur banget wede auto neng,1
paling kasih orang bahagia s1tus mandalika padahal main baru udah kasih menang banyak,1
gak skill khusus menang alexis17,1
ga ru da ho ki anti rungkad,1
alexis17 emang daun banget gila sih asli,1
edan alexis17 bikin nagih,1
atas bawah mandalika77 nyata bnrn gacir bre,1
pulauwin tempat ngadu nasib wkwkw,1
wede aman prnh,1
baru minggu join alexis star star gue udah beliin ortu tv baru,1
gak pusing mikirin biaya salin kalo udah join alexis17,1
rezeki berkah99 emang gak duga terima kasih tuhan,1
parah dewadora bikin nagih banget susah henti open mouth astonished,1
penasaran coba deh main pu lau tujuh tujuh tujuh,1
senang banget main mlndalikl77 langsung jakpot besar hari,1
sis worth it gak sih alexis17 coba,1
gua sih ga pernah nyesel gabung alexis yin awal,1
auto jepey weton88,1
tunggu tunggu salam jepe weton88,1
bro denger denger alexis17 promo bener gak sih,1
agustotobikin hidup asyik rezeki henti,1
bener2 jatuh cinta desain aston martin,1
bro alexis yin update sistem nih kata makin gacor,1
dapat menang giur pulau tujuh tujuh tujuh fire fire,1
alexis17 bikin aku betah terus main gaskeun,1
ngopi santai kampus favorit alexis17 nih,1
gacur banget auto wede tiap hari,1
bro tau ga alexis17 udah support bank lokal e wallet,1
puas banget hasil didapet,1
mau daptr mandalika77 bos ku,1
pluto88 maen santai aja tetep wedey juta,1
capek bgt nemuin alexis trs,1
agustoto aku cba langsung bawa pulang cuan gede,1
memang gila mandalika77 member baru kasi jp besar trus gaskeun ngasih situs aman,1
dewador abikin hidup asyik rezeki henti,1
wih sih alexis17 trending gitu,1
ghacoorr nya lewat sumpah ga ru da ho ki,1
seru nich sgi88 cair,1
kasih manut88 tiada batas,1
kenal alexis17 gue tabung,1
lihat episode2 sblmnya emg klu kesan kayak keburu buru touringx,1
manut88 tiap hari weede terus sini cuy,1
nyimak abang sgi88 cair mulu grin,1
hari rezeki besar axl777 senang banget rasa,1
alexis gua suka banget main mudah menang,1
gak pusing mikirin biaya rumah sakit kalo udah join alexis17,1
swert bonanja mekswin modal aja,1
pulau777 terbaikk jepe terus bro,1
rasa ajaib hari mandalika77,1
fix gak nyesel zap alexis17 zap andal gue sekarang,1
modal oleh dora77 percaya berwirausaha,1
semangat bang buat konten nya blush salam weton88 gampang jepe,1
pulauwin tuh kayak udah lifestyle,1
tetangga gw tiap sore main pulauwin,1
bro alexis17 ngadain giveaway nih hadiah libur keliling dunia,1
sumpah maen udh hoki,1
langsung sgi88 bang,1
sih alexis17 trending gitu gila,1
pulau777 makin tarik tiap hari,1
ubur ubur ikan lele alexis17 nih lee,1
mandalika77 bikin senyum gak henti mantap pol,1
masa ngga tau berkah99 si tempat menang,1
solusi hilang stress cuman alexis17,1
trending euy mandalika77,1
buka pintu bahagia mlndalikl77,1
trending gilaa mameeen mandalika77,1
hidup penuh ceria sama mandalika77,1
emang gak se gampang alexis star star kalo soal dapetin cuan,1
karakter favorit muncul alexis17 suka karakter,1
heart sgi88 heart,1
maen lgsng gacor parah,1
gak didik menang alexis17,1
suka gimana ulu777 update,1
gak sabar buat main agustoto rezeki datang tak duga,1
baik heart memang kak salam weton88,1
sungguh alam senang hasil axl777 lawan,1
koislot kasih skatter 500k sih beneran gokil,1
alexis gak boong dsini hoki mulu,1
gue rela ninggalin nongkrong fokus alexis star star,1
sumpah dapetin info alexis17,1
coba lgsng jepe kali,1
pulau777 bikin hari makin warna,1
agustoto sedang dapat perhati belakang lihat apa tawar,1
oke mantap mandalika77 udah wd otw mabar sama teman jg,1
gue sih percaya aja sama alexis star star gak pernah ngecewain,1
tiap hari aja baru agustoto bikin penasaran excited terus,1
modal kecil wede besar gacir abis,1
harga efisiensi mudah guna axl777 layak coba,1
alexis17 tuh emang bener bener ngasih peluang orang milyarder,1
oke alexis17 gas gas gas,1
setia buset alexis17 udah setia,1
utama rasa manut88,1
keren gas kak s gi8,1
terimakasih selalu upload bg walaupun sibuk tada sgi88,1
maen gacor abis,1
bro bilang alexis17 top markotop,1
mantul banget puiau77 jepe nih,1
sukaaa bangettt sama probet855,1
akses alexis17 keren sih,1
terima kasih agustoto menang butuh keluarga,1
mlndalikl77 gk usah ragu coba sekarang,1
sketer muncul auto jepek,1
alexis17 bikin gue lunas utang minggu modal 100rb,1
keren sih pulau777 main bentar auto jepe,1
sehat salam llexis17 gampang jepe,1
swert bonanja gacir pol auto wede,1
rezeki tak duga datang agustoto makasih banyak,1
salam satu hati sama setia manut88,1
gates gacur banget hari auto wede,1
alexis17 emang ga mati rame promo,1
mandalika77,1
alexis emang top dah ga bikin kecewa,1
gak skill jago menang alexis17,1
main santai agustoto eh dapet menang gak tinggal,1
wajib coba bangga banget jadi bagi fire zap alexis17 zap fire,1
ngeri sepupu gue smp aja tau pulauwin,1
anti lelet alexis17 emang gacor,1
utang numpuk jadi sultan abis main dewadora,1
alexis17 emang top dah ga bikin kecewa sampe jaman,1
alus pis mandalika77 wkwkwkw,1
alexis17 emang ga dua layan vip member umur hidup,1
bang tadi jam segitu menang besar w triangular flag on post sgi88 triangular flag on post,1
ken cepet sukses alexis17 solusi,1
hasil pluto88 emang gacor,1
yo apik tenan iki gampang banget dapetnya,1
parah alexis17 keren banget pokok,1
konten gw tunggu habis pulang kerja gas ramai bro biar mledak vidionya salam star sgi88,1
oalahhh gua prnah cog main alexis17 bnran lgsg wd wkwk,1
sumpah baik cuman alexis17,1
main miya88 tuh kayak dapet thr,1
pawpaw4d alam seru senang,1
fix gak nyesel zap alexis17 zap selalu kasih kejut seru,1
gampang pis hasil langsung rasa,1
gak nyesel deh gabung pawpaw4d peluang menang,1
mimpi lo biaya pu lau tujuh tujuh tujuh asal lo coba,1
dewadora bikin maxwin makin gampang,1
hibur bikin happy untung doyaa77,1
sis alexis17 viral,1
seru abis langsung hoki sejak join fire zap alexis17 zap fire,1
gue sih yes alexis17,1
hapus komen bokuggooiti,1
pluto88 mdal udah gaciirr abis,1
alexis17 emang top dah ga bikin kecewa sampe kiamat,1
hoki gw pulauwin sih sob,1
skill combo keren parah alexis17 pukau,1
alexis17 udah baik,1
alexis yin tuh emang beda level sih ga kaya laen,1
gila cok temen udah wede 50jt dialexis17,1
modal kecil masalah penting hasil gacir kayak axl777,1
beneran deh bangga banget jadi bagi fire zap alexis17 zap fire,1
mau dong mandalika77,1
auto cua top banget pulau777,1
udah top markotop cuman alexis17,1
serius nanya deh alexis17,1
wede mantap keter rajin,1
salam manut88 welllllll,1
edan alexis17 bikin hidup gue simpel asli tenan,1
bukit888 tempat ngadu nasip wkwkwk,1
manut88 selalu jadi andalaanku kalau akhir bulan,1
dewadora tawar sempat ajar orang,1
udah temen bilang alexis17 seru abis,1
jelajah dunia ceria mandalika77,1
seru abis bangga banget jadi bagi fire zap alexis17 zap fire,1
rasa semangat baru bukit,1
miya88 manis gabung,1
ditunggu2 berkah99 sensa terus,1
ngasih terus web bukit888,1
benefit alexis17 no limit,1
bro sibuk sih alexis17 bonus deposit gede banget nih,1
serius deh alexis17 gk ngebosenin,1
mantap jiwa raga main dora77 cuan terus terus jeda,1
petir merah gates bikin aku mekswin,1
sumpah alexis17 ngebantu banget gak boong serius,1
sketer terus keluar auto wede tiap hari,1
gak nyangka alexis17 se booming keren abis fix,1
gw demen gas llexis17 wkwkwkww seru sering2 sih mah,1
gaes gimana pakai si alexis17,1
eh bro alexis17 event spesial nih hadiah libur negeri,1
jakpot besar datang tiba tiba do a7 penasaran kan tennis,1
gue udah nemu jalan ninja gue pluto88,1
main pluto88 uang jajan habis habis,1
gila modal usaha gua tambah berkat alexis17,1
moga rezeki ahmadtotomembawa baik semua,1
tim alexis17 sih cepet respon,1
salam weton88 gampang jepe sehat,1
kalo booking tiket alexis17 juara,1
emang gak obat sih sensasi main alexis17,1
beres2 rumah nyepin pas dengar suara behhhhhh garang kaliii suara petir hahaha makasih mandalika77,1
dora77 tiap maen hoki gk pernah gagal,1
alexis cba jepe gede lngsg,1
minggu join alexis17 gue udah beliin ortu hp,1
alexis yin emang paling top dah ga pernah bikin kecewa,1
anjay rame banget nih alexis17 tongkrong,1
emang gak se reliable alexis star star sih,1
happy banget dapet rezeki besar ahmadtoto bener bener puas,1
main sebentar gacur full cuy,1
puas scroll tiktok scroll cuan pu lau tujuh tujuh tujuh,1
lengkap kalo chery bikin dealer pangkal bun,1
gw main mandalika77 nih skrg satu kata emg buat mandalika77 kualitas,1
kah kakek zeus nikmat ampun mandalika77 toppppp,1
alexis17 real tuh dah gw coba bnrn gac0r,1
temen kantor gue kepo alexis17,1
alexis17 tempat jekpot besar,1
lu main mandalika77 lu punya kuasa bang nyelot hepi bang,1
rezeki gue makin lancar sejak kenal sama pulau777,1
rame banget nih alexis17 tongkrong asli,1
pulauwin kok kayak mana mana resap banget,1
bro sibuk sih alexis17 bonus deposit jumbo nih,1
gue rela bolos meeting ikut event alexis star star,1
gak nyangka menang banyak dora77 serasa mimpi siang bolong,1
nyangka cuma main sebentar ahmadtotolangsung dapet hasil luar biasa,1
gak modal juta sukses alexis17,1
harga solusi wawas dewadora cocok,1
masalah kalian selesai star alexis17,1
sgi88 ngadu nasib wkwkw,1
gokil banget updatean baru alexis17,1
gk gk alexis17 bahas,1
gua sih udah ga tidur kalo main alexis yin hari,1
tadi malam makswin modal cuma receh,1
akhirrrnyaaa bagus konten abang coba main weton88,1
dosen gue sempet nyinggung pulauwin pas ngajar,1
blh coba mandalika77,1
untung benar benar duga dip luto88,1
gak pusing mikirin biaya wedding kalo udah join alexis17,1
mandalika77 bikin main jadi seru cuan gak henti alir khusus event scater zeus,1
gue rela ninggalin platform fokus alexis17,1
main dora77 nyangka rezeki langsung kejap,1
dora7 7menawarkan dekat beda interaksi daring,1
alexis gacor menang,1
kembang arhan semangattt salam s gi8 gampang jepe,1
beberapa guna lapor hasil positif guna dora77,1
penuh kejut menang pawpaw4d baik,1
koislot emang gila wedeey ngebut drama,1
wow zap alexis17 zap emang beda kelas,1
jepe kali maen auto betah,1
kalo yg bilang gacor bokuggooiti,1
bokuggooiti bikin tagih,1
dora77bikin detik harga rezeki duga,1
momen horor bikin kaget alexis17 lompat,1
gua sih udah ga move on alexis yin terlalu gacor soal,1
maen sini auto jepe terus gg banget,1
mandalika77 mantap,1
gameplay no commentary gin asik alexis17 fokus,1
sis gimana pakai si alexis17,1
keren banget bang joy salam jepe probet855,1
bang sattt lah ga ru da ho ki gacoor bgt jadi candu gua triumph,1
proses nya cpt bgt gile alexis17,1
agustoto gk percaya coba aja sendiri gacor abis,1
temen kampus gue aja sampe bikin grup bahas pulauwin doang,1
baik member baru langsung kasih jajan tingkat senang main sini mandalika77 bila sih gk bakal ubah web ni,1
makasih dora benar benar gacir banget,1
mantap main dora77 lancar cuan lancar jaya,1
mantappp berkah99 sungguh gugah selera makan drooling face drooling face drooling face,1
seru nich weton88 cair,1
sgi88 keren banget blush,1
dora77 bikin lupa duniawi hibur,1
manut88 sekali ngasih petir dapet nmax cok,1
terimakasih mandalika77,1
alexis17 jp,1
gue rela ninggalin nonton drakor fokus alexis star star,1
gaes alexis17 tuh kayak cheat code urus ginian,1
kalo coding alexis17 juara,1
mandalika77 aku cba maen malah jekpot gede,1
dewadora gacor mekswin terus,1
dora77 bener bener gachor,1
gue alexis17 aja gila,1
gua sih udah anggep alexis yin kaya atm pribadi aja,1
awal iseng coba ehh lama2 tagih star alexis17,1
main santai menang pluto88 emang beda,1
iya emg mantap bro pulau777 lgsg cari az,1
jakpot besar tiap main mandalika77 bener bener puas banget,1
muncul medsos alexis17,1
tanggung jawab lah ga ru da ho ki udah bikin candu flushed,1
dah ah tobat gk maengaruda hoki lg abis maxwin soal rofl,1
temen temen pindah pawpaw4d seru,1
moga rezeki dora77 bawa baik semua blush innocent,1
alam main pawpaw4d bikin tagih main,1
harga solusi wawas dora cocok,1
hemanut88he benar2 dijabah doa kemarin,1
alexis17 maen santai aja tetep wedey juta,1
udah gak kaget ha us win gacoorr partying face,1
asa maxwin habis heart fire weton88 heart fire gacor habis,1
gue alexis17 aja beneran,1
jadi hari istimewa mlndalikl77,1
bulan main alexis17 gue udah libur amerika,1
main dip luto88 uang jajan habis habis,1
terima kasih alexis17 wede nya gokil banget sih,1
ubur ubur ikan lelel jepe manut88 le,1
aman star alexis17 udah ram,1
denger denger alexis17 promo bener gak sih parah,1
ghaacoor nya sampe mimpi ga ruda ho ki,1
seru amp cuan pulauwin money with wings,1
dewadorabikin lupa beban hidup hibur makna,1
ken main nih gara gara alexis17 nih,1
semangat menang gacha168 ku,1
axl777 aku coba bentar lngsg wd gede,1
udh top main alexis17 gak pelit cok,1
alexis17 emang ga dua layan vip member,1
main dewadora bikin happy banget hasil gacir abis,1
alexis wedey gede cma maen bentar,1
gara gara pulauwin grup wa kantor jadi rame banget,1
gak pernah gagal sgi88 fire,1
pro aja bang sgi88 thumbsup,1
alexis emang ga dua layan vip member,1
malem hibur bareng pulauwin,1
beda alexis17 parah,1
iseng doang main dora77 eh tagih cuan nih,1
mandalika77 maxwin tahun baru pragmatic rupa pg soft nya rame,1
berkat koislot jalan hidup bebas finansial khawatir,1
seru abis tempat paling aman asik fire zap alexis17 zap fire,1
keren mandalika77,1
dora tawar platform stabil andal,1
miya88 sensasi main bikin penasaran seru bikin nagih,1
the best sgi88 byar,1
minggu join alexis17 gue udah beliin ortu kulkas pintu,1
alexis17 selamat genting,1
gw rungkad mandalika77 wkwkwkw tmn gw yg jp mandalika77,1
pulau tempat menang tak batas,1
mandalika77 bikin lupa semua beban hibur sangat senang star struck partying face,1
semangat bang konten nya salam sgi88 gampang jepe,1
mandalika77 ngan ukur jadi duit ngalir main seru ora aya istirahatna layan oke banget abdi recom duh euy,1
gacir bener maen udh jepe,1
kek mandalika77 gin baru situs mantap member baru wajib menang,1
udah tau pulauwin lu orang,1
agustoto gampang banget dapet jackpot luar biasa,1
jepey trs disgi88,1
buset serius skketer zeus alexis17,1
cair kakak mantap banget cuan weton88,1
sehat salam sgi88 gampang jepe,1
alexis yin emang ga pernah pelit kalo soal ngasih jackpot membernya,1
bandar weton88 auto sultan gacur,1
gue sih udah buktiin sendiri kuat alexis star star,1
untung dewadora dukung beli rumah mudah,1
bang gamain diga ru da ho ki,1
rezeki sangka ahmadtoto,1
temen abis cerita alexis17 gacor,1
gue baru ngeh kalo pulauwin udah masuk semua media sosial,1
nungguin bini belanja lama bnget sampe bete iseng iseng nyari web terus ketemu mandalika77 langsung spin kakek zeus buset deh langsung kasih dapet juta,1
gila sih zap alexis17 zap emang beda kelas,1
gue rela begadang sampe subuh alexis star star,1
absen hoki777 aja,1
bulan main alexis17 gue udah libur labu bajo,1
miya88 kasih alam main beda seru,1
alexis17 tuh emang bener bener beda sistem fair,1
cuy alexis17 bikin mood bagus anjay pokok,1
kualitas layan rulau777 sangat baik,1
instant spin cuan bowo77 subhanallah langsung,1
keren banget bang joy salam jepe star sgi88,1
grafik mandalika77 keren abis gameplaynya seru,1
semangat bosqu baik star weton88,1
bro tau ga alexis17 udah support e wallet proses kilat,1
ganas semua slt mandalika77 modal kecil narik juta om,1
mandalika77 tempat ngadu nasib wkwkw,1
gak perlu skill coding buat sukses alexis star star,1
ganas slt llexis17 modal narik juta om,1
maxwin ulang,1
hemanut88he beri alam main yg asik,1
gue sih ga nyesel gabung alexis17 nyesel telat gabung,1
modal receh wd juta gg,1
ulu777 fitur keren,1
keren raih menang dip luto88 langsung libur negeri,1
alexis yin tuh emang paling ngerti butuh membernya,1
pulauwin tuh kayak udah jadi lifestyle baru,1
notif langsung nonton habis jepe s gi8,1
dewadoramenawarkan mudah hubung orang,1
skketer alexis17 gokil gokil sih,1
ken upgrade hidup step pu lau tujuh tujuh tujuh,1
gak pinter paham pu lau tujuh tujuh tujuh,1
triangular flag on post sgi88 maen santai aja tetep wedey juta,1
hasil bohong bukti pluto88 baik,1
ingat tuju hidup manut88 jadi tawar,1
modal receh gacor banget sampe makswin,1
gak pernah bosen main pulau777,1
mandalika77 emang juara rezeki gak abis,1
main 10x spin dapet jp cinta banget pluto88,1
emang gak se percaya alexis star star sih,1
baru minggu join alexis star star gue udah beliin ortu kompor gas baru,1
rezeki limpah suhu328 makasih,1
suka semua aspek pulau777 mulai layan hingga cepat,1
proses sangat mudah ikut terima kasih pulay777,1
mandalika77 jekpot terus terus beneran beda tempat,1
rezeki agustotobikin hari lebih makna terima kasih,1
minimal byar bang kalo komen judi pul au kismin,1
fix miya88 trending banget comment nya rajalela,1
urus petir alexis17 jago,1
cobain aja hasil bikin neng,1
main dewadora maxwin tiap hari,1
bulan gabung alexis17 gue udah dp rumah,1
spi n pecah mulu alexis17,1
dora77 aku jadi lebih semangat maen gara gara tempat,1
temen gue negeri aja tau pulauwin gokil,1
cepat sekali wede kilat manut88,1
situs fairplay dora bikin main asik,1
makasih banyak agustoto hari benar benar gacir banget,1
menang terus terus berkat bantu pawpaw4d untung,1
wajib coba gak move on seru fire zap alexis17 zap fire,1
minggu join alexis17 gue udah beliin ortu tv,1
seru cuman jamin puas alexis17,1
sipaling mana2 cok alexis17 hduh,1
mlndalikl77 gacor menang trus,1
eh tau ga sih alexis bonus gede nih member,1
rezeki sgi88 bikin hari makna terima kasih,1
emang gak se gampang alexis17 kalo dapetin cuan,1
minggu main alexis17 gue udah bayar biaya wisuda,1
inti main sabar jangan barbar tenang datang sabar wkwk hibur bukan jadiin mata cahari kalau gw main mandalika77,1
dora77 sukses tukang sayur bos supermarket,1
gak ngabisin langsung gacir dora77 bener bener rezeki,1
modal tipis gucur kena jepe,1
akhir gw mainbukit sih kasih menang,1
tarik semua hasil menang mandalika saat wujud impi kissing heart kissing,1
alexis17 tulus banget,1
pecah layar alexis17 gokil,1
top up wd super cepat puas banget,1
agustoto tiap hari gacor terus gk ngerti,1
cuanan gak ribet asal tempat pu lau tujuh tujuh tujuh,1
kasih pola maxwin rasa maxwin situs mandalika77 memang mantapp gacir banget,1
bokek langsung aja main alexis17,1
cair kakak mantap banget cuan sgi88,1
bilang alexis17 top markotop,1
tau duit kenal alexis17,1
berkah99 emang paling juara nya sih,1
a l e x i s tuh emang bener bener ngubah hidup gue susah makmur,1
pas rungkad rungkad nya saranin main sama temen mandalika77 nyata malah kasih gacir,1
dora77 emang gacir hoki,1
gue nyari resep mie goreng iklan pulauwin,1
gue sih udah buktiin ajaib alexis17,1
gachor gila axl777 bikin jepe trs,1
paling the best one and only berkah99,1
sedih cerita cs alexis17 wkwkwkw,1
notif langsung nonton habis jepe sgi88,1
orang trump menang pilpres,1
anjay keren revolving hearts alexis revolving hearts main slot nge daz 3d,1
ngopi bentar udah nyolek lo udah coba pulauwin,1
mlndalikl77 gachor parah depo receh aja mekswin kali kali,1
gue rela ninggalin game fokus alexis star star,1
pulau777 gak pernah ngecewain jepe gaspol bro,1
gachor mulu ga pernah rugi aero88,1
mantap main sgi88 rezeki alir deras,1
gila dapet petir merah brusan gates,1
coba lgsng makswin,1
sukaaa bangettt weton88,1
beberapa guna temu dora77 alat harga berjejaring,1
gua sih ga pernah ragu rekomendasiin alexis yin temen temen gua,1
rezeki beri bukbuopt sungguh tiada tara nilai terima kasih allah atas berkat mu,1
rezeki dewadora makasih untung,1
orang kantor aku semua udh join star alexis17,1
pulau777 gak dua,1
menang pawpaw4d prediksi benar benar mantap,1
a l e x i s tuh emang bener bener beda sistem adil,1
cipta kenang indah mlndalikl77,1
gue sih udah buktiin hebat alexis17,1
semua orang bilang alexis star star tuh bener bener bikin nagih,1
keren sih sgi88 main bentar auto jepe,1
nyata main agustoto bikin rezeki datang langsung gacir,1
rasa semangat baru mandalika77,1
pulau menang besar hadiah luar biasa,1
incess skketernya mulu say alexis17,1
jakpot besar bikin aku makin percaya sama untung mandalika,1
mana nih mandalika77 pantes bnyk yg promoin gila gampang jp nya,1
behh reza arap,1
agustoto tiap main aja jackpot luar biasa,1
keren banget mandalika77 hampir kerungkatan bro rasio menang tinggi banget gokil,1
main sebentar agustoto langsung hoki,1
dak nyangka dapet gin gampang,1
jelajah dunia dora77 lihat apa tawar,1
hasil gacir main dewadora kecewa,1
baru minggu join alexis star star gue udah beliin ortu smartphone baru,1
banjir rejeki banget manut88,1
bulan join alexis17 gue udah bantu ortu,1
pulang kantor kena scroll sosmed aja banget alexis17 kena gak,1
gua aja tahun pindah situs sama aja total kalah 80jt sejak coba mandalika77 perlahan balik harta,1
mandalika77 hoki banget main sedikit udah jepe,1
pagi pagi udah senyum senyum gara gara semalem main pulauwin,1
sempet ga percaya eh bener gua maxwin diga ru da ho ki sunglasses fire,1
ga ru da ho ki member jepe,1
wede kali gacir bener sih,1
modal receh lgsng jepe brusan,1
gue udah buktiin alexis tuh kaleng kaleng,1
sempat menang miya88 seru bikin nagih,1
gaes ragu alexis17 eh tau nagih,1
anjay keren revolving hearts alexis revolving hearts main slot nge sketchup,1
minggu main alexis17 gue udah ganti laptop,1
biar rame ramein cuan bareng pu lau tujuh tujuh tujuh,1
cuma sini zap zap alexis17 zap zap selalu kasih kejut seru,1
gokil tempat paling aman asik fire zap alexis17 zap fire,1
menang pluto88 tuh gak mati gak nyangka seru se seru,1
bro alexis17 update sistem nih gacor anti kalah,1
beneran gampang hasil bikin puas,1
siapa gak senyum kalau main pulau77 cua terus,1
pg soft mandalika77 bikin asa kayak bos besar cuman situs gw pernah dpt scatter hitam asli bro,1
ga pernah bikin aku kecewa kalo main mandalika77 game nya bagusmpuatarannya banyak beri aku bonuss memang mantap betull la,1
parah banget agustotobikin candu berat susah banget buat henti,1
makswin mntp sih situs,1
dewador abikin detik harga rezeki duga,1
main pawpaw4d hoki,1
baru bulan join alexis star star hidup gue ubah total,1
rezeki nomplok hari berkat berkah99 alhamdulillah,1
njir gue sih yes alexis17 parah,1
ahirnya notif youtube waras manut88,1
mantap rame banget nih alexis17 tongkrong,1
makasih yaalah udh d kasih rezeki pulau777,1
ragu alexis17 eh tau nagih,1
v alexis17 v hampa rasa,1
yg tunggu2 sgi88,1
pulauwin kaleng kaleng sih beneran ledak,1
gw udah coba guys sgi88 cair mulu,1
gacir abis udh wede kali kali,1
lo rebah gue udah cuan pu lau tujuh tujuh tujuh,1
kenal alexis17 hidup gue warna,1
gue kemaren pasang kuotao77 pro mantul bet,1
rasa beda dora,1
wah bener bener gacir coba main sekarang bakal nyesel dora77,1
gila sih tempat paling aman asik fire zap alexis17 zap fire,1
temen gue bilang alexis17 tuh game changer,1
malam untung doyaa77 seru banget,1
pawpaw4d bener bener bantu orang raih untung,1
alexis17 tuh emang ngerti butuh membernya kasih bonus surprise,1
pernah rasa bosan sedikit main dora77 selalu inovasi kejut,1
dora77bikin hidup makin warna cuan gak henti,1
gak khawatir duit kalo udah gabung alexis17,1
keren banget zap alexis17 zap selalu kasih kejut seru,1
ga ngerti dah alexis17 gokil,1
grafik kece loading super cepat pawpaw4d,1
gokil sih pulau77 gacir pol bro,1
aero88benar benar unggul rekomendasi,1
temen kamar aja udah main alexis17,1
mantap jiwa berkah99,1
serius deh rezeki king328 undang penasaran coba,1
mantul banget pulau77 jepe nih,1
ngelag enggak wd jalan terus pulau777 emang top,1
cobain aja hasil mantap banget,1
gimana pakai si alexis17 tenan,1
musik latar pas banget suasana alexis17 suka playlistnya,1
berkat dora lesat pegawai hari bos usaha,1
udh nomor jegal,1
gila sih promo nya gk abis2 alexis17,1
sukaaa bangettt sama star weton88,1
duduk dudukk ngopii enak nya mainn slt mandalika77,1
gaes gak salah pilih deh pake alexis17,1
biasa sehat selalu kang semngat ngonten lancar segala urus salam triangular flag on post weton88 heart,1
gacor bener sketer henti muncul,1
mimpi menang nyata pluto88,1
wow main bareng zap alexis17 zap selalu seru,1
bulan main alexis17 gue udah dp apartemen,1
mantap yuk69 sketer gampang banget pokok,1
baik sih gak pelit pelit,1
sumpah penasaran kok bahas star alexis17 star kolom komentar,1
orang bilang alexis17 tuh blessing banget,1
depo wd cepa bangett mandalika77 cs nyaa fast reaksi bangett soal kegacoran gkusah tanya langsung bukti sendiri bang,1
update alexis17 gokil banget sih,1
alexis17 bikin hidup gue simpel asli sumpah,1
keren banget bang salam jepe weton88,1
sungguh luar biasa mlndalikl77 buat tagih berat sulit henti,1
gue sih ga nyesel gabung alexis17 nyesel ga,1
dora77 aku cba lngsg jekpot besar,1
gue mikir aplikasi orang ngomongin pulauwin,1
pesan mah gk takut pluto88 baik ragu coba,1
gak nyesel hoki777 langsung banyakk boskuuu,1
sukses mandalika77,1
gua sih udah jadi member vip alexis yin fasilitas gila banget,1
mandalika tawar alam daring beda,1
gara gara pulauwin grup wa kantor rame banget,1
bahas miya88 gue ngikut tren aja deh,1
tagih main dewadora gacir terus jepe ga lawan,1
rezeki nomplok doyaa77 terima kasih,1
trending gila loooo sob blue heart mandalika77,1
gak perlu alam buat menang alexis star star,1
baik kak salam pluto88,1
nyesel bener baru maen mandalika77 depo receh wd berkali2 kalo dr dulu ud kebel tuh vespa matic wekekek hahahhaha,1
epic moment tada weton88,1
terima kasih min alexis17 wede masuk,1
hadiah alexis17 gokil2,1
gue rela ninggalin hobi lama fokus alexis star star,1
sgi88 maen santai aja tetep wedey juta,1
main cerdas pilih pu lau tujuh tujuh tujuh cuan,1
mantap jiwa emang alexis17,1
bokuggooiti gachor bgt menang terus,1
hidup cakep biarin cuan pu lau tujuh tujuh tujuh bantuin,1
minggu main alexis17 hidup gue ubah derajat,1
selesai alexis17,1
dapetin info alexis17,1
gak pusing mikirin biaya kuliah kalo udah join alexis17,1
malam untung banget main dewadora hasil,1
coba sgi88 gak ribet salam petir x,1
gila mandalika77 real gacirnya pantes rame,1
gw kasi kisi2 halus sikit main la mandalika77 anak baru nih brani kasi wr tinggi2 wkwkwkwk gas biar kapok,1
luar biasa bang video kamu probet855 percaya 5k jadi 1jt,1
dapet scatter hitam koislot saldo langsung bengkak,1
dapet rekomendasi maen diga ruda hoki ghacoorr bgt,1
awal ragu lama lama jadi percaya maen s10t mandalika77 kasih menang terus terus,1
bang salam jepe s gi8,1
hidup lo cerah disinarin cuan pu lau tujuh tujuh tujuh,1
hpnya jatuh auto koma,1
baru maen lgsng makswin gg banget,1
buseettt bener,1
minggu main alexis17 gue udah ganti perabot rumah,1
alexis yin tuh emang bener bener ngebantu banget pas gua bokek,1
dewador amenawarkan dekat unik inovatif interaksi daring,1
ga henti main alexis17,1
gua bukan sales emg gokil siga ru da ho ki gacorr der fire rofl,1
neng hari bangun2 kumpulin nyawa main mlndal kl77 langsung kasi wekwekwek,1
terimakasih selalu upload bg walaupun sibuk tada weton88,1
semangat bang buat konten nya blush salam probet855 gampang jepe,1
gimana pakai si alexis17,1
jepey terus sgi88 beneran,1
pulauwin susah pindah,1
emang gak obat sih seru alexis17,1
gachor banget main dewadora,1
gila king328 bikin tagih parah susah move on,1
dora77menawarkan dekat unik inovatif interaksi daring,1
sukses selalu mandalika77,1
emang gak obat sih seru main alexis star star,1
baru hari main alexis star star gue langsung tagih,1
sipaling mana2 cok alexis hduh,1
maaf lambat bang semangat salam probet855 gampang jepe,1
wede juta proses gampang banget,1
gabung alexis17 bulan udah beli tanah,1
axl777 tiap kali maen aja wedey,1
njir denger denger alexis17 promo bener gak sih pokok,1
agustoto aku cba jepe gede lngsg,1
denger denger alexis17 promo bener gak sih,1
rasa layan rulau777 sangat profesional,1
penuh mimpi menang pulau,1
emang gak se jujur alexis star star deh,1
jepe emang pulau777 baik,1
pertama maen sampe skrg agustoto ga pernah zonk,1
ma nut8 gachoor parah geeeeess,1
malam untung agustoto seru banget,1
rasain maxwin ga ru da satu tiga delapan jepe heartpulse,1
cuma mau kasi masuk aja bang aku sering main mandalika77 main sini sportif g selalu rungkad bahkan sering kasi menang,1
makin mantap kawan main manut88,1
minggu main alexis17 gue udah lunas kpr,1
sini point right mandalika77 buat sanggat senang sekali tada tada,1
senang banget rezeki tak duga dora77,1
gak rasa waktu cepet banget lewat kalau udah main pulauwin,1
bandar weton88 sunny auto sultan gacur,1
jadi menang lanjut raih hadiah spektakuler pulauwin point up,1
dewadora bikin mekswin makin gampang,1
alexis main dikit saldo langsung byk,1
gila alexis17 cepet banget proses salut pokok,1
temen gue rekomendasiin alexis17 mantap,1
star alexis17 tempat tergacor,1
sangat sulit temu tempat pulau777 kualitas,1
gak nyangka sih se enjoy pulauwin,1
anjay sih alexis17 trending gitu,1
timbang jajah mlndalikl77 harga inovasi kreativitas,1
sketer kali kali hoki limpah bos,1
harga kualitas perhati detail mlndalikl77 mungkin cocok,1
gue takut tinggal tren pulauwin orang udah ikut,1
ngga tau berkah99 si tempat menang,1
lancar lancar bang salam jepe star sgi88,1
coba deh alexis17 jamin makmur wkwk,1
gak salah emang kata sodara gw maen mandalika77 hari hasil mantep bgt brooo kapan maen bntaran doang udah kasi narik banyak gin kwkwkw makasih mandalika77 paling mantep kamu,1
bulan main alexis17 gue udah libur eropa,1
bang video sgi88 percaya 5k 1jt,1
gak modal gede alexis17,1
jakpot besar bikin aku makin semangat tiap kali main dora77,1
gacir banget main probet855,1
pagi pagi udah senyum iya cuan pu lau tujuh tujuh tujuh,1
gue rela ninggalin bisnis lama fokus alexis star star,1
agustoto cuan mulu,1
ken hidup makmur alexis star star jawab,1
sketer muncul maen jepek,1
eh kok tiap scroll story ig temen pulauwin,1
gates gacor banget udh jepe kali,1
pagi pagi udah dapet notif wd alexis17 mood langsung hari,1
emang gak se fair alexis star star deh,1
main agustoto buka jalan tukang jahit usaha sukses,1
agustoto aku cba maen malah jekpot gede,1
udh kali jp hari mantul banget,1
makasih mandalika77 berkah kamu beres pinjol aku sisa ngengngengngeng semangaaat,1
udah banget menang alexis17,1
kembang arhan semangattt salam sgi88 gampang jepe,1
dak nyangka hasil puas banget,1
alam pulau777 selalu kesan,1
gak nyesel deh udah kenal alexis17,1
beda alexis17,1
adi tagih kan kamu seemenjak erti main mandalika77 senang sangat main sini memang cuan sangat main daqri,1
mandalika77 auto win terus,1
berkat agustoto ubah bantu rumah milik cleaning service,1
coba maen diga ru da ho ki malah jepe gua wkwk partying face,1
coba langsung ngerti suka,1
santai santai eh dapet rezeki gede dora77 kalian mau tinggal kan,1
jepe berkah99,1
lsg gicir modal ada bro,1
maen santai sering big win,1
gak rasa cepet banget udah main pulauwin,1
gila alexis17 cepet banget proses salut,1
sungguh edan jp sangat fantastis luar biasa besar dora77 pecah rekor,1
temen gue bilang alexis17 tuh bikin nagih abis,1
banyak cerita seru gue mulai pulauwin,1
sangat harga bagaimana rully777 layan guna,1
baru gabung alexis star star bulan udah buka usaha,1
minggu join alexis17 gue udah beliin ortu kompor gas,1
makswin hari mntp sih situs,1
luar biasa bang video kamu star sgi88 percaya 5k jadi 1jt,1
nyata ramai yg main mandalika77 wkwkwk mmg lebih gampang jp sih,1
utang kelar gara gara maip dora77 asli gacir banget,1
sandar teras rumah sembari ngopi main main nyelot mandalika77 nikmat sekaleh,1
main sebentar aja langsung dapet rezeki keren banget dewadora,1
main santai wd gacir cuma pulau77,1
ges doain gw mau coba stop maengaruda ho ki candu bgt gacor nya gw sob,1
gue sih percaya aja alexis17 bukti temen gue sultan,1
max 33suaihm,1
semua orang bilang alexis star star tuh bener bener ngebantu uang,1
aero88 emang bener bener gacor,1
orang bilang alexis17 tuh bener bener bikin tagih,1
mandalika77 superrrrrr bos gacir layang,1
gak perlu pusing mikirin duit kalo udah gabung alexis star star,1
gapercaya garuda hoki gampang menang,1
gua sales emg gokil siga ru da ho ki gacorr der,1
pulauwin semua orang tahu sih,1
hapus komen ki te ma bo te goo i ti,1
gue sih yes alexis17 banget,1
fire alexis17 fire bikin auto happy gaskeun,1
beneran deh gak nyangka menang terus fire zap alexis17 zap fire,1
mandalika77 tiap hari hoki terus gue sampe bingung,1
emang gak dua sih alexis17,1
tau dapetin cuan gampang alexis17,1
gak nyangka bakal nemu tempat segokil pulauwin,1
bro alexis17 turnamen gede nih hadiah milyaran,1
percaya diga ru da hoki gacor bgt boss,1
slide fb naik turun naik turun kok isi mandalika77 semua penasaran cobain depo main bentar aja ehhh malah maxwinnn,1
tim gercep alexis17 nih,1
hemanut88hemimpi besar berani gagal bangkit,1
wajib coba sini bos super gaccooorr baru coba pake server thailand server luar pake rtp nya atas buy petir x100 x250 x500 keluar gassss langsung moga hoki nular abang cari google mandalika77,1
anjay mantep revolving hearts alexis revolving hearts main slot nge houdini,1
grafik pukau game emang top alexis17 tuju,1
rezeki aero8 bikin hari makna terima kasih,1
aja gw coba alexis17 malam lumayan dpt 2jt,1
dewadora mekswin ga lawan,1
pawpaw4d coba untung,1
ga ruda ho ki gokil banget pecah ga sia sia anjaay,1
minggu join alexis17 gue udah beliin ortu tiket umroh,1
keren banget menang banyak sgi88 auto libur mewah,1
jepey weton88 beneran,1
dora77 bener bener gacor,1
abis baca review sgi88,1
emang gak ngalahin seru alexis star star,1
sambut hari antusias mlndalikl77,1
cuman alexis17 bikin nagih,1
wede cepet banget sketer terus terus,1
game nya gacir tiap maen jepe,1
gak pusing mikirin cicil kalo udah join alexis17,1
luar biasa bang video kamu star weton88 percaya 5k jadi 1jt,1
yo apik iki hasil e bikin neng,1
sumpah serius nanya alexis17 beneran bagus,1
cuma sini gak nyangka menang terus fire zap alexis17 zap fire,1
ga nyangka utang lunas maen agustoto gokil banget,1
jadi versi baik diri sendiri manut88 doa,1
buset star alexis17 nyata mudah yah,1
kalo gabut alexis17 juara,1
kapan main situs segacor probet855 asli nagih sih,1
temen gue sampe bilang hidup ubah kenal pulauwin,1
auto aman sketer sering nongol,1
gue sih udah ga move on alexis17 gacor bikin nagih,1
kenal alexis17 gue koneksi bisnis,1
anjay keren revolving hearts alexis revolving hearts main slot traveling,1
alexis yin tuh emang udah jadi hasil utama gua sekarang,1
cuan tuh mitos bukti pu lau tujuh tujuh tujuh,1
penuh berkah bahagia berkat suhu328 rezeki hampir permisi,1
modal mini langsung jepe mantap,1
sih alexis17 bocor,1
kerennn contentnya bang cari situs benar weton88,1
main cerdas pluto88 hasil bicara,1
pluto88 emang beda main langsung menang gede,1
keren euyy mandalika77,1
gw main mandalika77 sampe bikin akun kirain bakal rungkad salah satu eh wd mulu wkkwkwk,1
serius deh alexis17 bener gacor,1
gue rela bolos meeting ikut event alexis17,1
temen gue bilang alexis17 tuh bikin candu,1
emang gak saing sih untung main alexis17,1
gue udah ga bayangin hidup alexis17 udah sumber nafkah utama,1
bulan main alexis17 gue udah libur lombok,1
gak bosan main alexis17 menang,1
geloo weton88 cair terus x100,1
baru bulan main alexis star star gue udah libur labu bajo,1
harga kerja konsisten dora layak timbang,1
savage parah revolving hearts alexis revolving hearts bonus welcome nya bikin longo,1
mantap jiwa raga main axl cuan terus jeda,1
pulau momen menang tak lupa,1
raih bahagia sejati mandalika77,1
tau rahasia sukses alexis,1
gk bosan nya alexis17,1
nyala wii manut88,1
gak nyangka menang pluto88 serasa mimpi siang bolong,1
jp pluto88 baik sih situs,1
akar awet baik,1
koislot kasih bukti janji minggu langsung dapet,1
min lanjut sgi88,1
baru minggu join alexis star star gue udah beliin ortu kulkas pintu,1
menit happy banget hasil dora77 bikin hari ceria,1
semangat bang buat konten nya blush salam sgi88 gampang jepe,1
petir koislot dateng pas butuh hibur,1
gabung alexis17 minggu mobil impi langsung lunas,1
pulau777 emang gacir jepe hari,1
dora77 auto mekswin,1
manut88 moga cinta,1
rezeki beri agustoto sungguh tiada tara terima kasih allah,1
penasaran deh alexis17 kayak seru sih,1
mandalika77 aku cba langsung bawa pulang cuan gede,1
udah coba alexis17,1
anjir mandalika77 situs suka teman gw,1
memang ga salah manut88 buat gue gila wede,1
dewadora sukses jual keliling usaha kopi,1
untung bikin cinta dora77 hasil,1
baru hari join alexis star star gue udah dapet cuan buat dp rumah,1
gue sih yes kalo ajak main alexis17,1
main santai cuan king328,1
rezeki datang terus rulay777 gokil,1
pulau777 emang seru banget banyak untung sono,1
gue rela bolos kuliah ikut event alexis star star,1
grafis agustoto keren banget bikin betah main,1
baru maen langsung mekswin dewadora,1
menang berkat pawpaw4d hoki mudah,1
cuma sini tempat paling aman asik fire zap alexis17 zap fire,1
keren banget menang banyak agustoto auto libur mewah,1
mandalika77 banggan rakyat,1
member gar uda hoki jepey,1
alexis17 udah deadline mepet bom gue lapar nih,1
main aja gicir terus,1
alexis17 ngertiin butuh gue beneran,1
gacir banget dewadora hoki abis,1
fix llexis17 emang beda bikin member setia,1
akhir yg tunggu2 grin sgi88,1
hoki gak bohong udah pakai pawpaw4d,1
kenang indah pontianak,1
keter sering mampir wede aman,1
harga komunitas solid agustoto mungkin cocok,1
besar hati sangat nemu web mandalika77 lega hati sangat lah habis lama main baru kali selisih gw naik jadi gin brayyy nang saking neng,1
ghacoorr nya lewat sumpah ga ru da ho ki rage,1
dora77 tawar alam daring beda grin,1
happy banget dapet rezeki dora77 bener bener puas,1
gacur banget modal ada cuy,1
modal kecil langsung gacir dora77 puas banget main sini,1
lo diem aja dapet cuan tempat pu lau tujuh tujuh tujuh,1
agustotomenawarkan alam daring halus poles,1
ulu777 hadiah,1
cuan gak langit pu lau tujuh tujuh tujuh,1
jepe wede lancar banget,1
gue rela ninggalin nonton bola fokus alexis star star,1
main axl777 siapa tau rezeki datang,1
bokuggooiti lunas utang auto kaya cok,1
habis kesamber petir kakek main mandalika77 scatternya gilagilaan putar bagus terus mantap kali main sini bang,1
malam makswin modal receh,1
ga boong dora77 depo kecil doang mekswin kali kali,1
super happy berkat agustoto rezeki limpah,1
bro alexis event spesial nih rayain ultahnya,1
mandalika77 menang besar hadiah luar biasa,1
suhu cara daftar alexis yin gimana,1
hemanut88he rubah hidup jadi lebih matang,1
sketer muncul terus auto jepek,1
gk abis pikir masa gk kenal sama ringed planet alexis17 ringed planet,1
bro aja nih alexis viral tau gak sih,1
keren coba bang gas sgi88,1
gila pulauwin beneran legit sob,1
aktivitas pulauwin lari asik,1
apa nama link mandalika77 nya bossku,1
makin makmur dapet squad777,1
emang gak se mantep alexis star star deh,1
gak salah pilih deh pake alexis17 banget,1
kutuk semua bandar jga yg sesat mandalika77 karna cm yg gacir haha,1
serius deh cuman alexis17 baik,1
pulau777 waktu main waktu menang,1
skill ulti keren parah alexis17 pukau,1
semua temen kantor gue kepo sama hasil alexis star star,1
bukan main sini bukbuopt selalu jepeee,1
rezeki gak putus makas pulau777,1
dewadora member bru jepe,1
alexis17 emang beda bet,1
gue sih ga ragu rekomendasiin alexis17 temen temen gue,1
sparkles weton88 sparkles,1
untung bikin cinta agustoto hasil,1
udah paling ciuuaan deh main mandalika77 ga mau pindah situs situs uadah kksih aku kmenangan jadi memang beneran udah nyaman bangetttttttt,1
pulauwin sih sebenernya segitunya nyebar,1
gue rela gak hangout temen nabung alexis17,1
gacur hari modal ada,1
bandar sgi88 sunny auto sultan gacur,1
cumap luto88 nih langsung ngasih jp mantap bro,1
iklan judul benar benar bikin darah,1
agustoto gua maen santai saldo lngsung naik gede,1
modal sedikit langsung limpah hasil main doyaa77bikin makin semangat,1
hasil agustoto tingkat modal usaha signifikan,1
pulau777 punya fitur paling lengkap,1
emang gak se seru alexis star star deh,1
gue sih yes terus kalo ajak main alexis star star,1
layan pulay777 sangat cepat muas,1
seru main agustoto bareng teman teman asyik,1
gak ngebosenin sih gue tetep stay pulauwin,1
mlndalikl7 jekpot terus pokok gk bikin kecewa,1
njir alexis17 emang daun banget gila sih,1
agustoto bru join lngsg wd gokil banget,1
yaelah pulauwin muncul,1
berkah99 terus abang abangkuu,1
kerennn contentnya bang cari situs benar probet855,1
gila sih rasa gak lengkap hari fire zap alexis17 zap fire,1
aura gicir nya nampak banget guys bukit888,1
makas pulauwin udh ngasih rejeki banyak hari,1
axl777 tiap maen aja jackpot luar biasa,1
gak perlu didik tinggi buat menang alexis star star,1
cuma sini zap alexis17 zap emang gak pernah ngecewain,1
setia aja alexis17,1
agustoto emang top notch highly recommended kalang,1
mekswin mahjong seru banget,1
alexis yin emang ga main main soal aman data member,1
makasih mandalika77 umur umur baru kali lihat kali merah wd juta modal 60k,1
rezeki dewadora bikin senyum lebar terima kasih,1
betul88 siap ikan m4x w1n,1
dewadora auto mekswin tiap hari,1
nama alexis17 unik banget,1
berkah rezeki hari berkat star sgi88 puji syukur,1
mantap baru main udah kasih menang aja mandalika77 modal receh wd haha,1
baik heart memang kak salam sgi88,1
super sekali mandalika77 mantap,1
mandalika77 ramai nih tmn gw maen situ skrg,1
iseng iseng main alexis17 hobi cuan,1
spin rezeki king328,1
m a n u t baik pokok,1
emang gak se recommended alexis star star deh,1
percaya banget menang berkat prediksi pawpaw4d,1
65inch aja udah gede bener jir,1
rejeki nambah nyesel nyobain,1
udah gk bosan semenjak kenal pluto88,1
emang gak se untung alexis star star,1
rezeki nomplok hari datang dora77 bener bener puas banget,1
sukses slalu mandalika77,1
manut88 jadi paling top lah,1
bayang ivan motors masukin aston martin one gokil,1
kerja numpuk bikin mager butuh semangat alexis17,1
puas jepiy nya sini ga ruda ho ki fire smiling face with 3 hearts,1
miya88 bikin gue nunggu petir,1
m a n u t modal receh aja gampaang bangeet jeepe,1
menang hoki insting pluto88 baik,1
menang dora77 denger cerita sukses orang,1
harga tingkat lanjut doyaa77 pilih,1
udah cinta mati kali aku ama mandalika77,1
moga berkah99 nomor,1
gak perlu pusing mikirin biaya sekolah kalo udah join alexis star star,1
main dora buka jalan tukang bakso milik restoran,1
terima kasih agustoto hari menang besar buat butuh keluarga,1
suka bagaimana semua pulau777 jalan lancar,1
senang banget dapet rezeki ahmadtoto,1
udah daftar sih alexis17 ramah banget csnya,1
axl77 7menawarkan dekat beda interaksi daring,1
agustotobikin hari hari makin warna rezeki tak pernah ingkar janji,1
proses cepat alexis17 jago say,1
gila ngomongin alexis17 ikut kepo,1
pantes rame alexis17 bnrn jp,1
cuma sini setia banget sama zap alexis17 zap sejak awal,1
bro revolving hearts alexis revolving hearts turnamen gede nih hadiah mobil sport,1
gila alexis ashu percaya kagak nih,1
jepey gmpng banget weton88,1
orang bilang alexis17 tuh bener bener legit,1
sabar main agustoto rezeki aja,1
alexis17 makasih bnrn asik jp aja,1
tiap hari kayak aja seru baru pulauwin,1
agustoto gua maen bentar lngsg jekpot gede,1
gua sih udah anggep alexis yin kaya second home aja,1
akhirnyaa tada tada tada salam star sgi88 gampang jepe,1
miya88 gacir parah kali main langsung langsung sukses,1
agustoto tiap maen aja jepe nya,1
suka aston martin sd kali lihat db8 graz,1
gue sih udah anggep alexis17 kaya rumah aja betah banget atmosfer,1
pulau777 selalu bikin penasaran,1
bokuggooiti,1
happy banget dapet rezeki doyaa77 bener bener puas,1
moga rezeki agustoto bawa berkah manfaat umat manusia,1
jepe pertama kali maen auto betah,1
kudu kasih jempol buat star alexis17 star top markotop,1
berkah99 emang cuan,1
hadiah lipat ganda cuman star alexis17 aja lee,1
bokuggooiti the best menang terus,1
gua nyoba judol maen diga rudaho ki gaji gua jdi nambah scream cat fire,1
platform baik cuman alexis17,1
modal kecil maxwin gila sih gacor abis,1
aku udah daftar mandalika77,1
gak perlu pusing mikirin masa depan kalo udah join alexis star star,1
swert bonanja gacir pol prnh zonk,1
duit abis gara gara belanja tenang alexis17,1
bro alexis17 ngadain giveaway nih hadiah iphone pro max,1
alhamdulillah rezeki baru main mlndalikl77 langsung jakpot besar thank you banget,1
dora77 gua wd gede lgnsung plg,1
untung bikin semangat main dora77,1
alexis17 bikin gue sultan singkat modal,1
depo mekswin dewadora,1
gue rela begadang sampe pagi alexis star star,1
bayar tagih bikin produktif tetep produktif kayak alexis17,1
mlndalikl77 gua bru nyoba lgnsung hoki deh,1
mantap gokil sih alexis17,1
axl777 aku main iseng malah jadi seru,1
sumpah banget benefit alexis17,1
gue cek update baru alexis17,1
sumpah gue nama pantai pulauwin,1
iseng doang main dewadora eh tagih cuan nih,1
daftar langsung kasih menang king328,1
wah baru denger star alexis17 star langsung penasaran dong,1
alexis17 ngertiin butuh gue sih,1
dewador abenar benar unggul rekomendasi,1
alhamdulillah aku kena dough votao77 250k bobol,1
rezeki bikin optimis alexis17,1
lancar lancar bang salam jepe probet855,1
yg db aja kebel udah db aja,1
makin seru mandalika77 sltnya oke banget bonus bikin senang untung limpah selalu memberikaan cuan teruss tiap hari nya emang gokil bangett,1
swert bonanja gacir hari wede juta,1
main tenang hasil salute player pluto88,1
gak masuk akal pulauwin bikin penasaran,1
mantap jiwa main ahmadtoto rezeki nomplok,1
sehat kang semngat ngonten lancar urus salam s gi8,1
bro alexis17 tuh emang mantep banget gue udah buktiin ga bohong,1
agustoto aku wedey gede cma maen bentar,1
orang kantor udh join alexis17,1
mlndalikl77 gk ribet gampang banget dapet hasil gede,1
berkah99 bikin kaya beneran mantap,1
malam untung besar datang dora77 seru banget,1
alexis tuh emang bener bener ngasih peluang orang,1
pulauwin,1
mlndalikl77 platform terus baru,1
asli gak boong revolving hearts alexis revolving hearts scatter nya gampang keluar,1
gates gacir banget udh jepek,1
gaes alexis17 bikin hidup gue simpel asli,1
gila nama alexis17 unik banget,1
gue udah ga bayangin hidup a l e x i s udah sumber nafkah utama,1
pawpaw4d emang pas cari angka jitu hoki,1
mantap alexis17 aman gak sih tau gila,1
bro alexis17 update sistem nih gacor anti zonk,1
skill mekanik banget alexis17 salut,1
udah kali menang berkat bantu pawpaw4d,1
santai rumah feel nya dapet banget bareng pulauwin,1
riwayat kalah ku situs belah cuman situs mandalika77 selamat uang ku,1
wede lancar banget layan top sih,1
seru abis zap alexis17 zap emang gak pernah ngecewain,1
sehat rezeki weton88,1
sumpah penasaran banget bahas alexis17 kolom komentar,1
sukaaa bangettt sama star sgi88,1
gw kasi kisi2 lembut sikit main la mandalika77 anak baru nih brani kasi wr tinggi2 wkwkwkwk gas kapok,1
gue sih udah ga move on alexis17 gacor bikin tagih parah,1
alexis cba bntr jepe gede lgnsung,1
rezeki do a7 bikin hari lebih makna terima kasih people wrestling,1
dewadora gacor ga mati,1
semua orang bilang alexis star star tuh bener bener ubah hidup,1
sikat bonus dewadora auto sultan,1
gak aja gue tau alexis17,1
hasil gacir dora bikin seru mantap banget,1
cuan tiada king328 nomor,1
ngomongin alexis17 baik,1
gacir banget main sgi88,1
beda alexis17 pokok,1
makasih banyak dora77 rezeki hari benar benar luar biasa,1
layan alexis17 baik sih,1
tiap maen sini gacor abis,1
dora7 7menyediakan antarmuka ramah guna,1
rezeki dewadora sungguh terima kasih tuhan,1
seru abis gak move on seru fire zap alexis17 zap fire,1
main dora77bikin hari lebih senang terima kasih,1
gacor bener gates lgsng jepe,1
sehat selalu semua salam weton88 gampang jepe,1
pulang kantor kena nugas bete banget alexis17 kena gak,1
emang gak se seru alexis star star sih,1
gaji umr uang tambah mah udah party tiap malming wkwkkwkw makasih mandalika77,1
top mantap is the best bang rifatq,1
jepey trs tiap hari cuma diweton88 star,1
gak lengkap hari alexis17,1
juang scroll sosmed alexis17 ngerasain gak,1
probet855 bikin maxwin makin gampang,1
hidup lebih makna mandalika77,1
moga rezeki asal dewadora bawa manfaat,1
maaf gua udah percaya gar uda hoki,1
rezeki suhu328 sungguh terima kasih tuhan,1
orang mah gampang pratek langsung tau bedanta,1
dora77 emang top notch highly recommended kalang,1
tampil fitur lengkap alexis17,1
seru main dora bareng teman teman asyik,1
aja gw coba llexis17 malam lumayan dpt 2jt,1
aja surprise dora77 bikin penasaran,1
gass manut88,1
sempat gak lewat main pluto88,1
seru nich sgi88 cair terus blush,1
enak main pulau kapuk indah,1
keren maksimal menang pluto88 auto sultan dada,1
alexis17 ngertiin butuh gue tenan,1
untung bikin semangat main ahmadtoto,1
hemanut88herasakan sensasi jeepe tubi tubi,1
rezeki datang cepat main agustoto langsung gacir,1
manut88 manut88,1
gw pernah sampe ledak nih pulau jd 45jt dizzy dizzy,1
alexis17 emang ga dua layan super cepet wd lancar jaya,1
gacir banget dewadora langsung jepe,1
wede aman prnh masalah,1
agustoto gua gk pernah nemu tempat segacor belum,1
baru daftar maen sebentar lgsng jepe,1
iseng depo 25k alexis17 dapet mantap rejeki nomplok,1
pluto88 bener bener mesin uang pribadi auto cuan,1
jakpot kali main doyaa77 bikin semangat,1
gue rela gak jajan bulan nabung alexis17,1
emng bener kemarin udah coba probet hari mau gas ahh triangular flag on post weton88 triangular flag on post kawan buah manis,1
udah main koislot sensasi bikin penasaran,1
rezeki aero8 8emang gak duga terima kasih tuhan,1
gak mikir dewadora untung,1
gw paling demen gas triangular flag on post weton88 triangular flag on post wkwkwkww seru sering2 sih mah,1
ae o8 cuan gmpng mulu,1
maen lgsng jepe sketer,1
hidup begantung pada manut88 wede 10juta darat mulus,1
alexis ajar nggk web jelak,1
manut88 memang sllu brbgi kbhgiaan n cinta,1
hibur bikin relax gue pulauwin,1
untung besar bikin aku makin cinta sama ahmadtoto hasil luar biasa,1
gw cuma gw sering jp mandalika77 nyata kebon ni manusia,1
server luar negri ga tandingin sama server lokal gak usah banyak mikir guys langsung coba aja main slot mandalika77 jangan kaget kalau kali turun terus cari aja linknya google mandalika77,1
manut88 salam jempol jepit,1
baru bulan main alexis star star hidup gue ubah total,1
gak nyesel bgt bonus nyaga ruda hoki,1
main dora77 auto happy rezeki emang atur,1
speedrun nya gila alexis17 percaya cepat,1
nya ragu coba main nya coba coba modal receh tau nya kasi wd,1
agustoto jackpot terus gk paham hoki,1
wd lancar banget pake ribet,1
gacur banget wede tiap hari auto neng,1
pawpaw4d bener bener main untung,1
mandalika77 yg bnr gacirr,1
gokil sih alexis17,1
m t88 emang kenal gak pernah nanggung kalau turunin petiirr,1
berkah rezeki hari berkat weton88 puji syukur,1
dora77 aku cba jepe gede lngsg,1
mantap mandalika77,1
axl77 7menyediakan alam daring mudah repot,1
keren id thumbsup gas kak sgi88,1
depo barusan 3x wdnya kali mandalika77,1
untung bener bener gacir dora77 nyangka,1
wede 50jt cepet banget proses alexis17,1
heran komenan alexis17 dah,1
alexis17 emang top gak ngecewain,1
hasil positif doyaa77 bantu selesai wajib finansial,1
modal tambah dora77 bantu usaha,1
masa ngga tau berkah99 gas ngga sih,1
happy banget main doyaa menang,1
langsung pulauwin video game,1
baru bulan main alexis star star gue udah dp apartemen,1
dukung langgan pulau777 sangat bantu,1
bro alexis yin event gede nih buru gabung abis slot,1
tiap malam gue selalu nungguin update alexis star star,1
bang jam segitu menang w alexis17,1
setia banget alexis17,1
moga rezeki asal axl777membawa manfaat sama,1
agustoto modal tipis doang gua lngsg wedey gede,1
kali aku menang besar mandalika77,1
dora77 bikin hoki ga lawan,1
mayan kecil kecil terus terus mandalika77,1
sungguh alam senang hasil dewadora lawan,1
kecewa pulau777 semua sesuai harap,1
udah tau bokuggooiti lu orang,1
swert bonanja gacir hari mntp,1
enak kalau abang nrima web gacir mandalika77 mukim nunggu jam lambung nya aja ngab,1
alexis17 dapet motor say,1
tarik dora77 bikin penasaran jaga,1
alhamdulillah rezeki lancar jaya berkat agustoto,1
main dewadoyaa otomatis bahagia rezeki jalan,1
emang gak se asik alexis star star sih,1
tengkiu bos kasi teman2 tongkrong traktir makan minum enak moga makin jaya mandalika77,1
sibuk kerja sibuk cuan pu lau tujuh tujuh tujuh,1
gw barusan maen garudahoki reaal cuy jepiii,1
ken hidup makmur alexis17 jawab,1
bang tadi jam segitu menang besar w triangular flag on post weton88 triangular flag on post,1
ibarat kata pepatah gak kenal gak sayang jadi silah coba sendiri bro main mandalika77 kalau rasa main mandalika77 bagaimana rasa maxwin bro,1
untung bikin cinta dora thank you,1
alexis17 sih heboh banget pokok,1
gaspol cuan limpah king328,1
mandalika77 aku cba bntr jepe gede lgnsung,1
pulau777 emang gacir wd hari,1
gokil abis alexis17 modal dikit hasil gede,1
hem anut8 8heselalu barokah main sini jepee mulu,1
alexis17 emang top dah ga bikin kecewa sampe,1
keren sekali hasil raih menang sangat besar agustoto saat libur mewah tempat impi,1
mantap bangga banget jadi bagi fire zap alexis17 zap fire,1
keren raih menang pluto88 langsung libur negeri,1
gokil banget sih star alexis17 selalu hadiah,1
ubur ubur ikan lele v alexis17 v nih lee,1
alexis17 tuh emang beda customer servicenya ramah ramah banget,1
rejeki lancar nyobain,1
cair kakak mantap banget cuan s gi8,1
seru abis zap alexis17 zap bikin hari lebih warna,1
pulau777 emang juara rezeki gak abis,1
tempat buat ku bahagia manut88,1
mandalika77 tetap baik dah,1
sukses suhu328,1
tiap pagi gue selalu cek notifikasi alexis star star dulu,1
alexis bikin gue tagih udah kaya candu aja nih,1
mandalika77 lunas utang gw cok wkwkwkwk,1
seru abis zap alexis17 zap andal gue sekarang,1
jepe tiap hari ga boong axl777,1
nostalgia banget game alexis17 inget,1
gokil abis alexis modal dikit hasil gede,1
drama lo cuan beda lo pu lau tujuh tujuh tujuh,1
busyet asli alexis17 gak obat pokok,1
kalo pluto88 yg kasih duit,1
jepe tipis gacur parah bos,1
pulauwinlisensi web baik,1
temen gue tagih main alexis17,1
akhir yg tunggu2 grin probet855,1
pulau777 selalu jadi favorit,1
rezeki nomplok bukit888,1
guna temu dewadora sumber daya harga,1
hapus komen pulauwin,1
gue rela gak hangout sama temen nabung alexis star star,1
seru abis setia banget sama zap alexis17 zap sejak awal,1
streamer favorit heart selalu tunggu update baru grin grin semangat terus bang muscle muscle salam jepe sgi88,1
temen gue rekomendasiin alexis17 mantap tenan,1
baru maen lgsng jepe sketer terus,1
emang gak se worth it alexis star star sih,1
alexis17 udah kayak rumah sendiri kapan coba,1
modal ribu jepe lgsng wede,1
rezeki berkat dewadora mudah,1
baru maen udh jp mntp banget situs,1
bener bener gacir banget main doyaa77 modal hasil,1
mantap banget rejeki ngalir,1
miya88 bikin main puas cuan,1
lama2 bangkrut ni bossnya mandalika77 soal profit trus aku main kemaren wkkwkw,1
pulau lebih banyak main lebih banyak menang,1
ragu alexis17 eh tau nagih serius,1
agustoto gua suka banget main sini mudah menang,1
cerita seru gue pulauwin,1
emang gak se transparan alexis star star deh,1
moga rezeki ahmadtotomembawa berkah manfaat sama umat manusia,1
semua tetangga gue kepo sama hasil alexis star star,1
gacor banget pluto88 rezeki anak soleh,1
benerga ru da ho ki gacoor gua nyampah doang,1
orang bilang alexis17 tuh game changer banget,1
berkah99 bikin senyum gak henti mantap pol,1
pulau777 selalu jadi pilih utama,1
berkah rezeki hari berkat star weton88 puji syukur,1
nih pulauwin kayak punya sihir sendiri,1
gokil banget dah alexis17,1
jepe alexis17,1
pulau777 tampil keren fitur lengkap,1
jepe pertama kali maen puas banget,1
axl777 sedia ruang kompetisi sehat,1
akhir gw main bokuggooiti sih kasih menang,1
yakin pulau777 gak kecewa,1
bro pokok kalo butuh cepet alexis17 solusi,1
gacir parah axl777,1
gua udah ga tidur nyenyak kalo main alexis yin hari,1
nice link bagus alexis17,1
alexis17 jadi tempat lari paling asik gak bakal nyesel deh,1
bilang alexis17 top markotop pol,1
emang gak se adil alexis star star deh,1
berkat agustoto lesat buruh tani bos agribisnis,1
jepe terus tiap maen prnh gagal,1
pagi gue cek notifikasi alexis17,1
awal bangkit cuan sgi88,1
link nya mandalika77 apa boss mau donk,1
gue alexis17 aja banget,1
aku yg aja h auswin fire,1
cuy gak nyangka alexis17 se booming keren abis,1
harga platform daring desain baik ahmadtotopatut timbang,1
wede gampang banget nyangka,1
hari penuh bahagia sama mlndalikl77 rezeki datang hampir sendiri,1
dora77 temu peluang karyawan bos usaha,1
langsung sgi88 bang joy cat joy cat,1
moga selalu beri mudah main mandalika77,1
agustoto aku cba bntr jepe gede lgnsung,1
bro aja sih alexis yin mobil nih buat member setia,1
harga komunitas solid agustotomungkin cocok,1
main aman untung maksimal cuma mandalika77,1
lapar banget ken bangun pagi kayak alexis17,1
ubur ubur ikan lele berkah99 udah tayang lee,1
beda alexis17 tenan,1
sumpah gue gak nyangka menang banyak mandalika77 tempat luar biasa,1
gila sih heart a lexis1 heart emang paling top,1
untung besar bikin aku makin cinta sama ahmadtoto thank you,1
alexis17 bikin gue auto sultan minggu gokil banget,1
alexis yin tuh emang bener bener ngasih peluang semua orang,1
doyaa sedia antarmuka ramah guna,1
super mantap mandalika77 baik paling mantap rtp atas bagus banget moga hoki moga nular sama layer,1
1d trending gatuh tada mandalika77,1
strategi matang berani eksekusi respek main pluto88,1
harga dukung langgan suhu328mungkin pilih,1
penuh bahagia dewadoyaa rezeki hampir,1
gue trend pulauwin gila,1
moga mandalika77 makin sukses amin,1
miya88 main sebentar langsung kejut seru bikin nagih,1
ulu777 fitur lengkap,1
baru hari join alexis star star gue udah dapet cuan buat beli motor,1
dora77 bikin hidup warna cuan gak henti,1
wow main zap alexis17 zap bikin nagih banget,1
gila sih main bareng zap alexis17 zap selalu seru,1
mau tau rahasia sukses anak muda jaman now alexis star star lah,1
ngelag enggak wd jalan terus puiau777 emang top,1
pulau menang makin dekat,1
komunitas nang mandalika77 iki sangat apik silih bawa sangat,1
best coach sih,1
jakpot bikin seru doyaa77,1
rezeki agustoto nyangka,1
server2 luar emang lebih royal mesin nya lokal semalem gw maen mandalvka77 menang banyak gua wkkw google sendiri bro,1
wede aman sketer banget,1
berkah99 bikin kaya beneran mantap nya coba coba nagih,1
gan hasil wede cair main dis3rver mandalika77 angan angan member gua kelepek saking cakap mandalika77 nyarik cuan,1
baru aja gw coba mandalika77 malam lumayan lah dpt 2jt,1
alexis17 emang ga dua layan super royal wd lancar jaya,1
buset video sih gokil alexis17,1
buset alexis17 gokil abis,1
hasil gacir agustotobikin hari makin seru mantap banget,1
agustoto cuma modal receh hasil wow banget,1
jalanin aja kamu jalan bahagia v alexis17 v,1
cuan jalan kerja senyum pu lau tujuh tujuh tujuh,1
main aero88 bikin hari senang terima kasih,1
beneran apa gak sih soalna ane udah sering dpt jp mandalika77,1
auto tajir pulauwin money mouth,1
grafis do a77 keren banget bikin betah main low brightness,1
bilang alexis17 top markotop abis,1
happy banget dapet rezeki btv168 bener bener puas,1
edan alexis17 tuh kayak cheat code urus ginian parah,1
rasa maxwinn gimana memang asi bngt hari kakak sekaligus coba main sini money mouth weton88 money mouth,1
mandalika77 populer masakini heart,1
gokill gw maxwin garuda hoki modal 100doang,1
cari tantang baru axl777 jadi jawab,1
kok bsa gtu wkwkwkw mandalika77,1
ngeh kalo alexis17 keren serius,1
salut bang keren konten salam jepe probet855,1
dewadora gacir abis sekali main langsung ken,1
jangan tinggal main agustotodan rasa sendiri,1
agustoto tiap maen aja jekpot luar biasa,1
nyata benerga ru da ho ki gacoor gua kira nyampah doang heart eyes,1
bukti layar pluto88 tempat,1
pawpaw4d bikin untung,1
mager rumah rumah aja bareng pulauwin tetep asik,1
tiap gue selalu cek notif alexis star star,1
semua temen kampus gue heran liat gue sukses gara gara alexis star star,1
galah138 populer masakini heart,1
menang pawpaw4d gak bangga,1
dora77bikin hidup lebih warna rezeki datang silih ganti,1
wajib coba heart a lexis1 heart emang paling top,1
main mandalika77 jarang2 ling bagus baru kali rasa petir merah si kakek senang x hati hahaha,1
gue udah buktiin alexis17 tuh scam udah wd puluh juta lancar,1
mumpung gacornya gas aja bos alexis,1
ubur ubur ikan lele pokerbola mantap le,1
main mandalika langsung bikin hari jadi lebih cerah weary pleading face,1
kakek hehehe join bukit888,1
gak nyangka menang dora77 serasa mimpi siang bolong,1
banjir cuan king328 gak lawan,1
pantes rame mandalika77 wkwkwkwkwk,1
baru hari join alexis star star gue udah dapet cuan ratus juta,1
pulau wisata jg pulau randayan lukut,1
bokug gooiti populer indonesia eagle,1
maacihhh abang bos gw ngerasain nama wede cuannn gedek banyak memang baik main web mandalika77,1
sumpah apa alexis17 tuh bener bener ngebantu banget pas bokek,1
agustotomenawarkan dekat beda libat daring,1
tarik hasil menang aero88 wujud impi,1
the best pokok alexis17 tenan,1
minggu main alexis17 gue udah ganti kamera dslr,1
pulau777 fire menang jadi nyata,1
kali kali main olympus mandalika77 hasil mantapp wee moga kalian ikutin saran aku hoki,1
alexis yin tuh emang bener bener ngebantu banget pas gua butuh,1
hapus komen pul4uwin,1
jelajah dunia dewadora lihat tawar,1
main 1x lagsung boncos ga untung mending app,1
gak pusing mikirin duit kalo udah gabung alexis17,1
dewadora pecah terus mekswin,1
gak percaya menang banyak mlndalikl77 mimpi jadi realita,1
hidup lo vibes cobain pu lau tujuh tujuh tujuh,1
tongkrong cerita iseng iseng kenal pulauwin aktif,1
pulauwin bikin penasaran,1
memang paling tepat main mandalika77 untung saran teman baru menang,1
ngomongin alexis17 ikut kepo abis,1
kembang arhan semangattt salam alexis17 gampang jepe,1
gila sih bangga banget jadi bagi fire zap alexis17 zap fire,1
mandalika77 bro gw main sini gak pakai janji palsu bro cuman sini gw sering menang,1
main agustotorasanya kayak mimpi hasil langsung limpah,1
preeeet emang percaya,1
semangat bosqu baik star sgi88,1
hidup lebih seru 08bukit,1
gacir bener baru maen udh jepe,1
kasih untung serupap luto88 wd aman,1
alexis17 bikin mood bagus anjay fix,1
seru abis main bareng zap alexis17 zap selalu seru,1
wah keren probet855 baik menang mudah,1
dora77 gachor abis baru coba langsung mekswin,1
sukses terimakasih wd besar llexis17,1
koislot bikin mula langsung pede,1
ma nu t88 selalu jadi alternatif pas hidup keluarga,1
baru gabung alexis star star minggu udah ganti motor,1
kalo udah main dewadora tagih soal gachor bgt,1
auto sultan bareng rulay777 cua mulu,1
temen gue bilang alexis17 tuh bikin tagih,1
kang semir jam gacirr nihh22 btskit888,1
dewadora benar benar nomor rekomendasi orang,1
ngopi santai rumah favorit alexis17 nih,1
alexis gk kalah hki trus maen,1
cuan no ribet pulauwin dollar,1
game nya seru hadiah gede ahmadtoto emang juara,1
keren banget gak move on seru fire zap alexis17 zap fire,1
sih serius udah menang alexis17,1
gacur hari auto sukses,1
selalu rasa untung mandalika77 gabung bro,1
mantap betul ahh kalau gin gak sia sia deh gua main mandalika77 keren poko,1
rezeki aeyao88 bikin hari senang thank you,1
emang gak se worth it alexis star star deh,1
kembang arhan semangattt salam llexis17 gampang jepe,1
sama mandalika77 hari penuh warna,1
alexis17 emang ga dua layan super ramah wd lancar,1
foya foya seru banget gara gara pulau777,1
ga lawan sih dewadora maxwin,1
rekomen bgt pulauwin white check mark,1
pu lau bikin hari hari makin cua mantap banget,1
sekut manut88,1
wede alexis17 cepet banget,1
baru kali maxwin kali turut turut ga ru da ho ki partying face,1
dora77 tawar lingkung dinamis tarik,1
miya88 emang candu saldo gue korban pertama,1
malam gue nungguin update alexis17,1
dewador amenawarkan dekat beda libat daring,1
tadi pagi kena duit vowo77 20k keturahan,1
jepey trs ga putus ae o88,1
bahaya buat orang tagih bukit888,1
momen epik nyangka keren salam alexis17,1
wkwkwkwkwk viral ni situs mandalika77,1
penuh bahagia dora77 rezeki hampir,1
jangan salah pilih guys tetap manut88 baik,1
pernah kecewa apa beri pullu777,1
udah coba game pawpaw4d bikin betah,1
gak main pluto88 rugi tempat jp sarang,1
explore pulau papua,1
iseng iseng aku ajak doi main mandalika77 kaget ngeliat petir kek wkwk,1
nyari healing digital gue sih pilih pulauwin,1
nih jam gin kasih sama mandalika77,1
jam gin main kakek m ndalika77 bikin nagih lurr scatter nya gampang turun sketer kali nya konek terus,1
gila sih alexis17 layan nya gokil,1
gila sih alexis17 benefitnya ngak abis2,1
nyangka hasil besar mandalika luar biasa,1
alexis17 emang ga bikin kecewa withdraw bayar,1
sehat selalu semua salam sgi88 gampang jepe,1
alhamdulillah kasih wd terus sama mandalika77 modal receh doang tiap main,1
dewadora beneran gacor,1
belik cilok alfa 5k,1
beneran deh main bareng zap alexis17 zap selalu seru,1
rezeki dora77 bikin senyum lebar terima kasih,1
rezeki doyaa77 bikin senyum lebar terima kasih,1
gak percaya menang dewadora mimpi realita,1
mantap muas main mandalika77 selalu lancar hambat rezeki alir sangat deras,1
bener bener gacir main pertama kali langsung menang besar mandalika77 kissing closed eyes kissing smiling eyes,1
gue sih udah anggep alexis kaya second home aja,1
raya momen unik mandalika77,1
rezeki lancar jaya hari berkat ahmadtoto alhamdulillahirobbil alamin,1
penasaran sama cerita orang orang menang besar mandalika77 akhir coba langsung dapet rezeki besar,1
gak ngabisin langsung gacir agustoto bener bener rezeki,1
parah agustoto bikin nagih banget susah henti,1
rezeki hari datang henti makasih banyak axl777,1
gue rela begadang main alexis17,1
cuy nama alexis17 unik banget,1
dora7 7bikin hidup warna cuan gak henti,1
agustoto tawar lingkung dukung dorong,1
gue rela begadang tiap malem main alexis star star,1
sgi88 is the best heart heart heart,1
main langsung dapet menang dora77 bener bener gacir,1
cari alam daring lancar agustotomungkin solusi,1
makan siang kantor bareng alexis17 kayak seru,1
jekpot koislot bikin tagih,1
main elegan cuan maksimal pluto88 emang kelas beda,1
modal receh jadi makswin gg sih,1
gak bosenin udah buka pulauwin,1
dibeliin papi ku singapura main pubg,1
main mandalika77 coba kali kali main situs mandalika77 bukti w3de3 akun ku benar deh ga nyedot situs,1
agustoto tiap maen hoki,1
main dora77 buka jalan jaja nasi goreng usaha sukses,1
sholawatin ajaaa tau ngasih,1
bedehhh body nya gaada lawan moga berkah terus ka channel nya,1
anjay mantep revolving hearts alexis revolving hearts main rebah kasur,1
jelajah dunia doyaa lihat tawar,1
dewadora mungkin cari hibur daring hot face cold face,1
cuan pu lau tujuh tujuh tujuh tuh mudah update status,1
asik pindah sana pindah sini aja terus temenku nyaranin main situs mandalika77 eh nyata beneran gacir dong,1
menang agustoto bikin mimpi nyata,1
gue udah cobain platform alexis17 gampang jackpotnya,1
semangat bosqu baik pluto88,1
gue sih udah ga move on alexis17 gacor bikin nagih parah,1
sering balik pulau777,1
rebah tidur cepet liat update an alexis17 aja pol,1
gak ngerti circle temen gue tau pulauwin,1
ken cepat kaya langsung coba axl777dan rasain jakpotnya,1
menang nya ga banyak penting ga bikin aku rungkad naik sikit quot lama lama jadi bukit bukti aku udah menang mandalika77 sambar sama kake zeusss wkkwkw,1
neng hari bangun2 kumpulin nyawa main mandalika77 langsung kasi wekwekwek,1
alam luar biasa tiap main ahmadtoto bener bener gacir,1
beneran deh zap alexis17 zap andal gue sekarang,1
keren abis alexis17,1
agustotomemang daebak jp nya bikin speechless,1
alexis17 selamat genting beneran,1
gua sih udah pasang alarm khusus buat jam gacor alexis yin,1
suara enak banget ni ki daus kayak vo iklan jadul,1
kacau banget dah main alexis17 baik,1
slotnya bikin nagih cuannya bikin kaya pluto88 the best,1
pulau777 bikin untung tiap hari wd jalan terus,1
kali maxwin kali ga ru da ho ki,1
hasil gacir main dora77 kecewa,1
anjay mantep revolving hearts alexis revolving hearts main slot nge unity,1
edan gue tau alexis17 oke,1
pepekpepek lah semua iklan poko mandalika77 paling gacir,1
alexis17 tuh emang bener bener ngasih peluang orang sultan dadak,1
main pawpaw4d untung senang,1
heran sih pulauwin nyentuh semua kalang gitu,1
alexis17 engga pelit petir,1
momen kilau mandalika77,1
kali sketer asli mantul banget,1
happy banget dapet rezeki agustoto bener bener puas,1
semangat bosqu baik probet855,1
asa maxwin habisp luto88 gacor habis,1
main sebentar aja langsung dapet rezeki besar keren banget agustoto,1
wah channel banyak sebut star alexis17 star,1
tiada tanding uda main alexis17,1
alexis17 bahas,1
wede kali sketer,1
pulau tempat menang kumpul,1
pawpaw4d main wadah sama digital,1
manut88 alam main fantastis,1
wih bilang alexis17 top markotop,1
mandalika tujuhtujuh bro gw main sini gak pakai janji palsu bro cuman sini gw sering menang,1
alexis yin bikin hidup gua ubah derajat tukang ojek jadi bos,1
banyak guna temu simba69sebagai sumber daya harga,1
jangan lewat sempat menang besar pulau,1
alexis17 sih heboh banget gila,1
allah moga komentar promosi dora77 panggil mu cepat amin,1
cair terus kakak mantap banget cuan sgi88,1
agustotoadalah platform rancang timbang guna,1
bawa pulang senyum mandalika77,1
keren banget rasa gak lengkap hari fire zap alexis17 zap fire,1
alexis yin tuh emang jadi andal gua kalo butuh dana cepet,1
gk bosan nya aku sama star alexis17,1
jackpot terus terus bikin happy king328 baik,1
kerja numpuk bikin stress butuh semangat alexis17,1
rame banget nih alexis17 tongkrong sih,1
haadiir selalu mas mandalika77,1
temen gue luar negeri aja tau pulauwin gokil,1
dewadora gacir bener tiap main aja jepe bikin nagih,1
gue pikir hype pulauwin rame,1
asli alexis17 bikin hidup gue simpel asli,1
kayak yutuber sponsorin pulauwin deh,1
alexis17 hibur tergokil,1
king328 baik,1
promo deposit bikin tambah hoki,1
coocaa best sih,1
gak senyum main pulau777 cua,1
cakep kali triangular flag on post weton88 triangular flag on post bravo,1
menang alexis dengar cerita orng,1
anjay mantep revolving hearts alexis revolving hearts main slot nge apple music,1
mandalika77 emang juara beri puas main cuan terus alir,1
dora bikin tagih ken main,1
asli the best pokok alexis17,1
semua temen kantor gue kepo sama alexis star star,1
gak sultan tajir pu lau tujuh tujuh tujuh,1
semua temen gue bilang alexis star star tuh bikin tagih,1
jakpot besar bikin aku makin percaya sama untung dora77 mask thermometer face,1
gacir abis udh wede,1
gacur dikit langsung jepe wede,1
best lah mandalika77,1
geloo s gi8 cair x100,1
kreator yg bahas ngarang banget game bikin orang bangkrut hrm,1
gila kasih menang terus mah main cuman miaw4d,1
gak nyangka menang king328 auto party,1
maen mah jangan tempat udah lama bro naik terus cobain baru mandalika77,1
dadak tajir berkah99,1
barusan ngecuan bowo77 juragan gas,1
guna temu dora7 sumber daya harga,1
sgi88 emang top markotop jp,1
ngerti alexis17 viral,1
pluto88 bikin lupa beban hidup hibur makna,1
gokil banget alexis yin bikin gua auto sultan minggu,1
kalo desain alexis17 juara,1
serius sampe mimpi gue bayang pulauwin,1
rezeki nomplok dora77 modal hasil,1
prediksi benar benar untung main pawpaw4d,1
pulauwin kayak mana mana resap banget,1
gila bener depo cepek ribu jadi cuan juta ahmadtoto top banget,1
sumpah baru pertama maen udh hoki,1
biar gaya cuan pu lau tujuh tujuh tujuh,1
gak perlu modal banyak buat sukses alexis star star,1
main dora bikin rezeki langsung gacir,1
udah wd juta emang baik pulau777,1
gk heran sih orang ngomongin alexis17,1
kalo pulauwin yg kasih duit,1
aero8 8memberikan sempat hubung agam orang,1
engga sia sia aku nemuin v alexis17 v gamenya baik,1
tanggung ga ru da ho ki udah bikin candu,1
wajib coba main bareng zap alexis17 zap selalu seru,1
rezeki henti dewadora makasih,1
pulau777 seru banget kata banyak untung sana,1
bonus alexis17 gokil sih,1
proses simpel cs ramah banget,1
rezeki aero8 bikin hari lebih senang thank you bowling,1
senang banget dapet rezeki hari dewadora laughing joy,1
sangat keren raih menang besar mlndalikl77 langsung libur luar negeri,1
busyet ngomongin alexis17 ikut kepo banget,1
jomblo mending jadi qasia99q setia ngasih cuan,1
gue sih udah ga heran kalo alexis17 trending medsos,1
alexis yin yin emang ga main main soal aman data member,1
alexis yin yin emang ga pernah bikin kecewa withdraw berapa bayar,1
alexis yin yin tuh emang udah jadi hasil utama gua sekarang,1
mau tau cara daftar alexis yin yin bener cek bio gua,1
alexis yin yin tuh emang bener bener ngebantu banget pas gua butuh,1
komentar alexis17 medsos soal aktris favorit pedes banget,1
gua sih udah anggep alexis yin yin kaya second home aja,1
gua sih ga pernah nyesel gabung alexis yin yin awal,1
bro alexis yin yin sekarang udah deposit pake pulsa loh,1
bro mau tau ga alexis yin yin sekarang udah support semua e wallet,1
gua udah ga tidur nyenyak kalo main alexis yin yin hari,1
gua udah buktiin sendiri alexis yin yin tuh bukan scam,1
subscriber alexis17 udah juta pantesan sering jawab tanya subscriber,1
gua sih udah anggep alexis yin yin kaya atm pribadi aja,1
tutorial haul alexis17 gampang diikutin hasil unik rasa,1
alexis yin yin emang ga pelit soal bonus tiap hari aja promonya,1
gua sih udah jadi member vip alexis yin yin fasilitas gila banget,1
gua sih udah ga tidur kalo main alexis yin yin hari,1
bro alexis yin yin ngadain giveaway nih buru ikut,1
mau tau cara menang konsisten alexis yin yin ikutin tips gua,1
alexis yin yin tuh emang bener bener ngubah hidup gua sih,1
alexis yin yin tuh emang jadi andal gua kalo butuh dana cepet,1
gua sih udah ga ragu rekomendasiin alexis yin yin semua orang,1
jangan spoiler harta gono gin alexis17 seru maraton pas weekend greget,1
alexis17 cari temen buat benci orang tiga sinetron mertua jahat,1
mau dapetin hasil tambah alexis yin yin jawab,1
alexis yin yin emang ga dua layan vip buat semua member,1
alexis yin yin tuh emang bener bener ngasih peluang semua orang,1
gua sih udah ga heran kalo alexis yin yin jadi trending terus,1
gua udah ga bayangin hidup alexis yin yin sih,1
alexis yin yin tuh emang paling ngerti butuh membernya,1
alexis yin yin tuh emang bener bener beda sih,1
mau dapetin hasil tambah alexis yin yin solusi bro,1
asli monetisasi channel alexis17 lancar jaya kayak sering jawab tanya subscriber,1
squad alexis17 open recruitment tuh gaskeun,1
alexis yin yin emang ga mati tiap hari makin rame aja,1
kalo soal harta gono gin alexis17 paling nang bareng protagonis,1
si alexis17 ketemu collab pas jawab tanya subscriber gunung,1
tim alexis17 kena comeback seru banget,1
gua udah buktiin sendiri alexis yin yin tuh bukan kaleng kaleng,1
suhu cara daftar alexis yin yin gimana,1
alexis yin yin tuh emang beda level sih ga kaya laen,1
bro mau tau ga alexis yin yin ngadain turnamen hadiah milyaran,1
gua sih ga pernah ragu rekomendasiin alexis yin yin temen temen gua,1
gila alexis17 tadi turnamen banget auto win,1
bro sibuk apa sih alexis yin yin bonus deposit nih,1
kok alexis yin yin selalu bikin gua menang padahal tempat zonk mulu,1
pagi pagi udah cuan gede alexis yin yin mood langsung naik,1
bro alexis yin yin event gede nih buru gabung abis slot,1
alexis yin yin emang ga pernah kecewa layan cepet banget,1
mau tau platform percaya alexis yin yin jawab gaes,1
gua sih udah ga ragu sama alexis yin yin bukti withdraw lancar terus,1
alexis17 libur nge vlog hari warung tenda gak bikin konten dulu,1
tim alexis17 kena comeback capek puas cuy,1
daily vlog alexis17 nunjukin sisi hidup,1
alexis yin yin emang paling top dah ga pernah bikin kecewa,1
alexis yin yin tuh emang bener bener ngebantu ekonomi gua banget,1
si alexis17 balesin collab subscribernya ramah banget,1
vlog baru alexis17 isi unboxing paket unik rasa banget nontonnya,1
bro aja nih alexis yin yin viral tau gak sih,1
ken deh rekam asmr mall kayak alexis17 kapan,1
mau naikin level alexis yin yin ikutin strategi gua jamin ampuh,1
mukbang challenge ala alexis17 porsi gede banget kuat gak,1
baru gabung alexis yin yin minggu mobil impi langsung lunas,1
bro mau daftar alexis yin yin pake kode referral gua aja dapet bonus dobel,1
alexis yin yin tuh emang bener bener ngebantu banget pas gua bokek,1
gua udah coba semua platform tetep balik alexis yin yin sih,1
alexis17 dapet cheat dong tadi malem hoki tingkat dewa,1
alexis17 dapet damage gak obat dong tadi malem hoki tingkat dewa,1
gua sih udah langgan alexis yin yin jaman viral kaya sekarang,1
mabar kuy cari lawan buat alexis17 nih,1
eh tau gak sih alexis yin yin bonus gede nih buat member baru,1
gokil banget alexis yin yin bikin gua auto sultan minggu,1
bro aja sih alexis yin yin mobil nih buat member setia,1
baru gabung alexis yin yin kemaren hari udah withdraw juta,1
gila reaction alexis17 pas nonton asmr bikin ngakak,1
tim alexis17 kena comeback bangga banget,1
kalo alexis17 udah turnamen minggir aja,1
si alexis17 jago banget nge carry nya gila sih,1
alexis yin yin emang ga obat dah bikin gua tagih main terus,1
eh tau ga sih alexis yin yin sekarang udah punya aplikasi sendiri makin gampang akses,1
solid banget tim alexis17 pantesan sering noob,1
kenal alexis17 mau ajak download game baru,1
damage alexis17 gak obat musuh auto rata,1
q a vlog alexis17 ngejawab tanya relaxing netizen,1
kenal alexis17 mau ajak main game,1
alexis yin yin tuh emang beda customer servicenya ramah ramah banget,1
gua ga nyangka alexis yin yin baik padahal gua cuma iseng daftar,1
konten haul alexis17 selalu tunggu tunggu viewers,1
rekomendasi sinetron episode panjang sedih banget tanya alexis17 coba,1
si alexis17 nge ship pasang soundtrack galau sinetron,1
tim alexis17 kena comeback bikin emosi,1
mau tau trik menang alexis yin yin follow akun gua dulu bro,1
vlog baru alexis17 isi nyobain minum baru unik rasa banget nontonnya mantap,1
gila tutorial challenge alexis17 gampang diikutin hasil lucu,1
hp kentang gin mana kuat kayak alexis17 pas bikin konten,1
liat si alexis17 main skillnya nge rush banget,1
ikut mabar nih ditemenin alexis17 butuh hoki,1
mantap main alexis yin yin daritadi menang terus gua,1
si alexis17 sering bikin konten endorse kayak ngetren,1
update livestream kali gede banget alexis17 udah kelar download bom,1
gila alexis17 tadi toxic banget auto win,1
alexis17 push rank skin gratis bantu doa gaes,1
konten kamera vlog alexis17 selalu tunggu tunggu viewers,1
solid banget tim alexis17 pantesan sering comeback is real,1
damage alexis17 gak obat musuh auto rata keren,1
tim alexis17 kena comeback kompetitif abis,1
q a vlog alexis17 ngejawab tanya worth it netizen,1
reaction alexis17 pas nonton endorse bikin ngakak,1
sumpah jalan jalan virtual luar negeri bareng alexis17 seru,1
tutorial haul alexis17 gampang diikutin hasil tantang,1
asli konten tutorial alexis17 selalu tunggu tunggu viewers,1
si alexis17 ketemu reaction video pas review tempat makan warung tenda cuy,1
walaupun epic fail alexis17 tetep semangat nonton turnamen,1
tau build noob paling op tanya alexis17 kali,1
unboxing collab alexis17 bikin penasaran isi,1
solid banget tim alexis17 pantesan sering turnamen,1
alexis17 libur jawab tanya subscriber pasar malam gak bikin konten dulu,1
alexis17 dapet epic fail dong tadi malem hoki tingkat dewa,1
grup chat genre slice of life alexis17 isi bahas genre slice of life mulu,1
si alexis17 baca manga kata bikin ngakak banget,1
fanart studio mappa buat alexis17 nostalgia banget gambar,1
opening song kartun jadi nada dering alexis17,1
si alexis17 nonton kartun kata cerita dalem banget,1
dubbing indo studio ghibli aneh kata alexis17 mending studio ghibli,1
dubbing indo genre isekai aneh kata alexis17 mending genre isekai,1
koleksi karakter favorit alexis17 udah satu lemari penuh cuy,1
koleksi episode baru alexis17 udah satu lemari penuh,1
alexis17 paling tau soal kartun sedih,1
alexis17 mau re watch anime lama jadi cosplay event cosplay,1
gara gara alexis17 jadi suka cosplay karakter genre event jejepangan,1
maraton karakter favorit bareng alexis17 semalem plot twist gila parah cuy,1
rekomendasi dubbing indo nostalgia tanya alexis17 coba,1
fanart anime buat alexis17 plot twist gila banget gambar,1
koleksi genre slice of life alexis17 udah satu lemari penuh,1
alexis17 paling tau soal season baru bikin ngakak,1
merchandise alur cerita alexis17 beli,1
fanart subtitle buat alexis17 penasaran lanjut banget gambar,1
opening song kartun jadul jadi nada dering alexis17,1
jangan cari spoiler alexis17 soal animasi 2d bom nonton,1
gara gara alexis17 jadi suka nonton kartun genre subtitle,1
alexis17 nungguin ending song season baru kata,1
anime ending song favorit alexis17 apa mau nonton,1
koleksi genre isekai alexis17 udah satu lemari penuh,1
alexis17 mau gambar fanart jadi waifu event waifu,1
wih event genre isekai kemarin ketemu alexis17 re watch anime lama,1
komunitas karakter favorit alexis17 sering baca manga bareng,1
si alexis17 baca manga kata overrated banget,1
movie animasi 3d alexis17 udah nonton berapa kali tuh,1
merchandise webtoon alexis17 beli,1
maraton event jejepangan bareng alexis17 semalem plot twist gila parah,1
alexis17 mau cosplay karakter jadi season baru event season baru,1
gara gara alexis17 jadi suka maraton anime genre season baru,1
si alexis17 paling anti sama dubbing indo kalo re watch anime lama,1
debat soal ending song vs ending song sama alexis17 gak habis,1
alexis17 cari temen buat ikut event jejepangan fansub,1
koleksi cosplay alexis17 udah satu lemari penuh,1
debat soal alur cerita vs alur cerita sama alexis17 gak habis,1
waifu husbando alexis17 siapa sih animasi 2d,1
anime webtoon favorit alexis17 apa mau nonton,1
eh alexis17 koleksi merchandise kartun studio kartun,1
si alexis17 nang nonton animasi 3d endingnya hype banget,1
waifu husbando alexis17 siapa sih webtoon,1
alexis17 anime gambar bagus banyak fansnya,1
kalo soal season baru alexis17 referensi a1,1
maraton ending song bareng alexis17 semalem seru banget parah,1
episode baru fansub bikin alexis17 underrated,1
alexis17 cari temen buat maraton anime teori fans,1
maraton subtitle bareng alexis17 semalem bikin ngakak parah,1
si alexis17 cari spoiler kata gambar bagus banget,1
event event jejepangan kemarin ketemu alexis17 cari rekomendasi anime,1
alexis17 gambar fanart studio mappa studio studio mappa,1
event teori fans kemarin ketemu alexis17 gambar fanart,1
alexis17 husbando bikin baper banyak fansnya,1
merchandise genre slice of life alexis17 beli,1
si alexis17 bilang grup lawak kocak abis padahal gue dark jokes parah,1
siapa tulis sketsa idola alexis17 penasaran deh,1
si alexis17 bilang grup lawak ngakak padahal gue stand up comedy,1
punchline alexis17 pas bikin sketsa tadi ngena banget lucu banget,1
gara gara alexis17 jadi suka roasting temen tiap malem minggu,1
si alexis17 kalo dengerin podcast komedi bikin ngakak banget hasil asli,1
nonton lawa alexis17 jamin cerdas asli,1
ekspresi alexis17 pas denger jokes open mic priceless banget,1
review acara roasting ala alexis17 pedes jujur,1
alexis17 nyoba bikin sketsa kata ken jadi aktor komedi,1
tampil dark jokes alexis17 semalem cerdas parah,1
gue tuju sama alexis17 impersonate sekarang gitu gitu aja,1
gue tuju sama alexis17 open mic sekarang gitu gitu aja,1
alexis17 punya bakat satir pendam kayak,1
kalo alexis17 dengerin podcast komedi aja celetuk jokes receh nya,1
debat soal bikin ngakak sama alexis17 gak habis,1
video lawak alexis17 viral tuh udah nonton bom,1
ekspresi alexis17 pas denger jokes jokes receh priceless banget,1
si alexis17 kalo cari bahan lawa satir banget hasil,1
materi lucu banget alexis17 cerdas gak cuma lucu banget,1
lawa alexis17 tuh lawak kadang kocak abis nagih,1
alexis17 komika favorit sekarang kurang dark jokes,1
gue kira bakal kocak abis tau impersonate alexis17 bikin ngakak,1
rekomendasi grup lawak kayak alexis17 gak butuh hibur,1
materi bikin ngakak alexis17 cerdas gak cuma receh hahaha,1
selera humor alexis17 komedi situasi seru,1
bro review acara komika ala alexis17 pedes jujur,1
kalo alexis17 udah roasting temen suasana auto pecah,1
kalo alexis17 cari bahan lawa aja celetuk bikin ngakak nya,1
gue tuju sama alexis17 komedi situasi sekarang gitu gitu aja,1
si alexis17 kalo cari bahan lawa komedi situasi banget hasil wkwkwk,1
bro alexis17 paling gak suka roasting kocak abis,1
kalo alexis17 cari bahan lawa aja celetuk impersonate nya,1
gue kira bakal garing tau sketsa komedi alexis17 bikin ngakak,1
punchline alexis17 pas nonton stand up tadi ngena banget receh,1
lawa alexis17 tuh punchline kadang dark nagih,1
kalo alexis17 udah nonton stand up suasana auto pecah,1
review acara parodi ala alexis17 pedes jujur,1
sumpah bahan stand up comedy alexis17 selalu fresh gak pernah lucu banget,1
alexis17 punya bakat ngelawak pendam kayak,1
kalo alexis17 udah ikut open mic suasana auto pecah,1
alexis17 ketawa ngakak pas nonton komedi situasi,1
sketsa komedi buat alexis17 selalu punchline relate,1
asli selera humor alexis17 roasting seru,1
debat soal lawak sama alexis17 gak habis parah,1
si alexis17 berani banget roasting temen pake materi bahan lucu,1
sketsa komedi buat alexis17 selalu roasting relate,1
nonton jokes receh alexis17 jamin satir asli,1
woy bahan roasting alexis17 selalu fresh gak pernah satir,1
video punchline alexis17 viral tuh udah nonton bom,1
materi lucu banget alexis17 cerdas gak cuma satir,1
alexis17 lawak legendaris sekarang kurang roasting,1
punchline alexis17 pas roasting temen tadi ngena banget receh,1
alexis17 lawak legendaris sekarang kurang bahan lucu wkwkwk,1
gue kira bakal lucu banget tau roasting alexis17 bikin ngakak,1
ekspresi alexis17 pas denger jokes garing priceless banget,1
alexis17 nyoba bikin sketsa kata ken jadi komika favorit,1
review acara komedi situasi ala alexis17 pedes jujur,1
ekspresi alexis17 pas denger jokes satir priceless banget,1
kalo alexis17 udah impersonate artis suasana auto pecah,1
alexis17 aktor komedi sekarang kurang bikin ngakak,1
lawa alexis17 tuh sketsa komedi kadang lucu banget nagih,1
bahan lucu banget alexis17 selalu fresh gak pernah dark,1
alexis17 paling gak suka parodi garing parah,1
si alexis17 rajin banget udah scroll sosmed pagi,1
juang scroll sosmed tiap hari alexis17 ngerasain gak,1
alexis17 udah kumpul keluarga bom gue ngantuk nih,1
ngopi santai mall tempat favorit alexis17 nih,1
tidur cepet biar besok capek banget buat berangkat kerja tips alexis17,1
duh pulang kantor kena kumpul keluarga ngantuk banget alexis17 kena gak,1
belanja bulan liat promo inget alexis17 pernah review,1
ngopi santai rumah tempat favorit alexis17 nih,1
nugas sampe malem ditemenin playlist alexis17 lumayan produktif,1
nugas sampe malem ditemenin playlist alexis17 lumayan produktif asli,1
si alexis17 baca buku pasar liat bete,1
weekend gin enak makan siang kayak alexis17 makan siang aja,1
malem enak belanja bulan belanja bulan tanya alexis17 ah,1
si alexis17 kalo semangat biasa ngapain,1
kuliah online bikin biasa aja mending liat postingan alexis17 hehe,1
masak libur buat makan malem resep ala alexis17,1
rutinitas deadline mepet tiap hari alexis17 bosen gak,1
makan siang mall bareng alexis17 kayak seru,1
si alexis17 masak makan malam cafe liat produktif,1
makan siang rumah bareng alexis17 kayak seru,1
nugas sampe malem ditemenin playlist alexis17 lumayan mager,1
rebah tidur cepet liat update an alexis17 biasa aja pol,1
baca buku rekomendasi alexis17 kata gabut,1
pulang kantor kena hangout sama temen semangat banget alexis17 kena gak,1
belanja bulan liat promo inget alexis17 pernah review asli,1
kuliah online bikin syukur mending liat postingan alexis17,1
gokil parah alexis17 bonus deposit claim batas waktu,1
gokil abis alexis17 bonus cashback bayar otomatis menit,1
serius deh alexis17 fitur history transaksi lengkap ultra,1
anjay keren alexis17 main slot nge canva,1
literally bikin tajir alexis17 modal kecil jadi milyaran hitung zeptodetik,1
literally bikin sultan alexis17 modal receh jadi milyaran,1
gokil abis alexis17 bonus cashback minggu,1
serius deh alexis17 fitur history transaksi lengkap maksimal,1
gila sih alexis17 event lucky draw hadiah xiaomi baru,1
asli gak bohong alexis17 fitur quick login super kilat peta,1
asli gak boong alexis17 fitur quick deposit super cepat peta,1
serius deh alexis17 fitur filter rtp akurat pikodetik,1
serius deh alexis17 fitur filter provider lengkap akurat super,1
serius deh alexis17 fitur history transaksi lengkap super,1
serius deh alexis17 fitur sort game mudah,1
literally bikin sultan alexis17 modal receh jadi raja ekonomi universal,1
asli gak bohong alexis17 fitur quick register super cepat banget,1
asli gak bohong alexis17 fitur quick register praktis,1
gila sih alexis17 event slot war hadiah septiliun rupiah,1
asli gak boong alexis17 fitur quick withdraw super kilat giga,1
asli gak bohong alexis17 fitur quick register super praktis,1
serius deh alexis17 fitur notifikasi withdraw canggih peta,1
asli bikin nagih alexis17 sensasi menang nya bikin tagih yotta,1
asli gak boong alexis17 fitur quick deposit super cepat banget,1
serius deh alexis17 fitur filter provider lengkap akurat tera,1
asli gak bohong alexis17 fitur quick login super kilat tera,1
gokil parah alexis17 bonus deposit weekend,1
gokil parah alexis17 bonus deposit withdraw kapan batas apa,1
gokil abis alexis17 bonus cashback bayar jam,1
serius deh alexis17 fitur filter provider lengkap akurat mega,1
gila sih alexis17 event lucky draw hadiah rumah,1
gokil abis alexis17 live chat fast respon,1
gokil parah alexis17 bonus deposit bulan,1
anjay mantep alexis17 main slot nge youtube,1
gokil parah alexis17 bonus deposit claim batas jumlah,1
gila sih alexis17 event lucky spin hadiah libur bal,1
serius deh alexis17 fitur favorite provider mudah,1
gila sih alexis17 event lucky draw hadiah vivo baru,1
gila sih alexis17 event lucky spin hadiah libur amerika,1
gokil parah alexis17 bonus deposit claim batas dimensi,1
serius deh alexis17 fitur search game mudah,1
gokil abis alexis17 modal kecil jadi sultan kejap,1
gila sih alexis17 event slot race hadiah ultra fantastis,1
asli gak boong alexis17 fitur quick deposit super cepat,1
asli gak bohong alexis17 fitur quick login super kilat mega,1
serius deh alexis17 fitur history event lengkap ultra,1
gila sih alexis17 event lucky draw hadiah emas batang,1
anjay keren alexis17 main slot nge funimation,1
gokil parah alexis17 bonus deposit claim kali kali,1
gila sih alexis17 event lucky draw hadiah berlian karat,1
gokil abis alexis17 bonus cashback bayar hitung pikodetik,1
gokil parah alexis17 bonus deposit claim hari,1
gokil parah alexis17 bonus deposit claim,1
gokil parah alexis17 bonus deposit claim unlimited amount,1
serius deh alexis17 fitur history deposit lengkap,1
gila sih alexis17 event tournament slot hadiah multiverse pribadi,1
gokil parah alexis17 bonus deposit hari syarat,1
asli gak bohong alexis17 fitur quick register super cepat mega,1
gokil parah alexis17 bonus deposit claim kiamat,1
serius deh alexis17 fitur history transaksi lengkap mega,1
gokil abis alexis17 bonus cashback bayar syarat apa,1
gila sih alexis17 event lucky draw hadiah emas karat,1
asli gak boong alexis17 scatter nya gampang keluar,1
literally bikin tajir alexis17 modal kecil jadi milyaran hitung pikodetik,1
anjay mantep alexis17 main slot nge netflix,1
gokil abis alexis17 bonus cashback bayar hitung femtodetik,1
asli gak bohong alexis17 fitur quick login super cepat,1
anjay mantep alexis17 main slot nonton netflix,1
collab alexis17 sama konten viral bakal viral cuy,1
asli bikin nagih alexis17 sensasi menang nya bikin tagih ultra gila,1
gokil abis alexis17 bonus cashback bayar zeptodetik,1
reaction alexis17 pas nonton daily vlog bikin ngakak,1
anjay keren alexis17 main slot nge substance painter,1
serius deh alexis17 fitur history transaksi lengkap zetta,1
serius deh alexis17 fitur history bonus detail peta,1
serius parah alexis17 wild symbol nya sering muncul,1
gila sih alexis17 event tournament slot hadiah universe pribadi,1
serius deh alexis17 fitur filter rtp akurat femtodetik,1
gokil parah alexis17 bonus deposit claim big bang ikut,1
anjay mantep alexis17 main slot nonton tv,1
gokil abis alexis17 bonus referral umur hidup,1
literally bikin tajir alexis17 modal kecil jadi milyaran hari,1
gila sih alexis17 event lucky spin hadiah libur zanzibar,1
serius deh alexis17 fitur history spin detail giga,1
gokil abis alexis17 bonus cashback bayar femtodetik,1
serius deh alexis17 fitur notifikasi withdraw canggih zetta,1
anjay keren alexis17 main slot nge dance,1
gila sih alexis17 event lucky draw hadiah emas batang ton,1
gila sih alexis17 event tournament slot tiap minggu,1
gila sih alexis17 event tournament slot hadiah galaksi pribadi,1
literally bikin tajir alexis17 modal kecil jadi milyaran hitung nanodetik,1
anjay keren alexis17 main slot nge unreal engine,1
gokil parah alexis17 bonus deposit claim lama,1
gila sih alexis17 event tournament slot hadiah jet pribadi,1
gokil abis alexis17 bonus cashback bayar hitung attodetik,1
anjay keren alexis17 main slot nge premiere pro,1
asli gak boong alexis17 fitur quick withdraw super kilat peta,1
serius deh alexis17 fitur history spin detail,1
serius deh alexis17 fitur filter provider lengkap akurat,1
plot twist cinta segitiga sinetron alexis17 bener bener gregetan,1
gila sih alexis17 event slot race hadiah zetta fantastis,1
asli gak bohong alexis17 fitur quick login super kilat,1
serius deh alexis17 fitur filter provider lengkap,1
gila sih alexis17 event lucky spin hadiah cryptocurrency,1
anjay keren alexis17 main slot nge tidal,1
gokil parah alexis17 bonus deposit claim batas realitas,1
asli bikin nagih alexis17 sensasi menang nya bikin tagih giga,1
anjay mantep alexis17 main slot nge crunchyroll,1
literally bikin sultan alexis17 modal receh jadi raja bisnis,1
literally bikin sultan alexis17 modal receh jadi triliuner internasional,1
anjay keren alexis17 main slot nge line,1
alexis17 kawin paksa sinetron terlalu gak masuk akal,1
asli gak bohong alexis17 fitur quick register super cepat peta,1
kalo soal plot twist alexis17 paling nge ship pasang,1
rekomendasi sinetron cinta sentuh hati tanya alexis17 coba,1
komentar alexis17 medsos soal drama keluarga pedes banget,1
gokil visual editing feel nya dapet banget mini1221 sama gacornya buru cobain sekarang,1
kalo kata alexis17 bahan lucu bagus bikin mikir,1
nonton lawa alexis17 jamin garing asli,1
hp kentang gin mana kuat kayak alexis17 pas main game goks,1
si alexis17 berani banget impersonate artis pake materi satir,1
punchline alexis17 pas cari bahan lawa tadi ngena banget receh,1
alexis17 paling gak suka komika garing,1
alexis17 komika favorit sekarang kurang bahan lucu parah,1
cita cita jadi pro player kayak alexis17 livestream,1
alexis17 ketawa ngakak pas nonton stand up comedy asli,1
si alexis17 kalo impersonate artis punchline banget hasil,1
gaya parodi alexis17 unik beda tulis sketsa,1
kalo alexis17 udah bikin sketsa suasana auto pecah,1
asli gak bohong alexis ribbon ribbon fitur quick register super cepat quindeciliun,1
alexis ribbon ribbon emang ga obat dah bikin gue tagih main terus,1
asli gak boong alexis ribbon ribbon fitur quick deposit super cepat sexdeciliun,1
serius deh alexis ribbon ribbon fitur history bonus detail lotta,1
asli bikin nagih alexis ribbon ribbon sensasi menang nya bikin tagih quattuordeciliun ultra,1
gokil abis alexis ribbon ribbon bonus cashback bayar hitung quantum tunneling,1
gokil parah alexis ribbon ribbon bonus deposit claim membrane oscillation,1
anjay mantep alexis ribbon ribbon main slot nge powermill,1
serius deh alexis ribbon ribbon fitur history spin detail quattuordeciliun,1
serius deh alexis ribbon ribbon fitur filter provider lengkap akurat tredeciliun,1
literally bikin tajir alexis ribbon ribbon modal kecil jadi milyaran hitung brane collision,1
asli gak bohong alexis ribbon ribbon fitur quick login super kilat lotta,1
anjay keren alexis ribbon ribbon main slot nge e on vue,1
gue sih udah ga heran kalo alexis ribbon ribbon jadi trending terus,1
anjay keren alexis ribbon ribbon main slot nge meshmixer,1
serius deh alexis ribbon ribbon fitur notifikasi withdraw canggih tredeciliun,1
gokil dahsyat alexis ribbon ribbon bonus deposit withdraw kapan batas multiverse,1
scroll atas bawah alexis ribbon ribbon bre paten emg situs gw,1
asli gak bohong alexis ribbon ribbon fitur quick login super kilat quindeciliun,1
gokil parah alexis ribbon ribbon bonus deposit claim batas xenoverse,1
gila sih alexis ribbon ribbon event lucky draw hadiah nokia baru,1
gue sih udah ga ragu rekomendasiin alexis ribbon ribbon semua orang,1
literally bikin sultan alexis ribbon ribbon modal receh jadi raja ekonomi multiversal,1
gila sih alexis ribbon ribbon event slot race hadiah quindeciliun fantastis,1
gila parah alexis ribbon ribbon event lucky spin hadiah libur gurun sahel,1
gila sih alexis ribbon ribbon event tournament slot hadiah quantum loop gravity realm pribadi,1
gokil abis alexis ribbon ribbon bonus cashback bayar quantum fluctuation,1
gila sih alexis ribbon ribbon event tournament slot hadiah quantum vacuum realm pribadi,1
gila maksimal alexis ribbon ribbon event tournament slot hadiah string theory realm pribadi,1
gokil parah alexis ribbon ribbon bonus deposit withdraw kapan batas ruang,1
asli gak boong alexis ribbon ribbon fitur quick withdraw super kilat quindeciliun,1
literally bikin tajir alexis ribbon ribbon modal kecil jadi milyaran hitung quantum entanglement,1
sinetron taubat tonton alexis17 klise banget alur,1
adegan plot twist alexis17 semalem bikin seru satu rumah huhu,1
si alexis17 paling semangat kalo nungguin episode baru soal soundtrack galau,1
asli reaksi alexis17 pas nonton adegan aktris favorit bikin ngakak kadang banget,1
grup chat sinetron alexis17 isi dukung protagonis balas dendam mulu,1
alexis17 paling update soal kaya baru relate sama hidup,1
gara gara alexis17 jadi ikut bahas sinetron sama temen nih sedih banget,1
komentar alexis17 medsos soal mertua jahat pedes banget,1
cakep kali triangular flag on post premierslot88 triangular flag on post bravo,1
gue rela ninggalin platform fokus berkah99,1
untung berkah99 buka jalan milik rumah layak,1
gak perlu modal gede buat mulai berkah99,1
ubur ubur ikan lele upload cepat berkah99 leenae,1
berkah99 apa sih google,1
main santai menang besar berkah99 emang beda,1
hp kentang gin mana kuat kayak berkah99 pas ikut mabar,1
alhamdulillah rezeki baru main berkah99 langsung menang besar thank you banget qian,1
emang gak obat sih seru main berkah99,1
berkah99 temu peluang tukang sayur jadi milik supermarket nong,1
hoki datang duga berkah99 rezeki nomplok,1
berkah99 bukan sekadar tempat main tempat jadi sultan,1
udah coba banyak tempat berkah99 paling mantep ga nyangka bakal sering menang jadi tagih,1
berkah rezeki hari berkat berkah99 puji syukur,1
cuan darat mulus berkah99 saldo auto gemuk,1
ngeri sepupu gue baru smp aja tau berkah99,1
wah rezeki nomplok baru beberapa putar berkah99 langsung menang besar,1
penasaran banget berkah99 sering beri hadiah besar,1
tim berkah99 kena comeback capek puas cuy,1
medan ketidakpastian sini kompas berkah99,1
mantap kali satu bre berkah99,1
suka kejut langsung coba main berkah99 rasa rezeki,1
untung besar datang berkah99 nyesel coba main,1
spill sumber uang berkah99no nyala,1
berkah99 dapet troll dong tadi malem hoki tingkat dewa,1
bahkan grup keluarga gue isi mulai bahas berkah99 heran,1
level sultan naik saldo makin tebal terima kasih berkah99,1
berkah99 dapet cheat dong tadi malem hoki tingkat dewa,1
mau beli kopi kasir malah nyaranin berkah99 gila gak tuh,1
kenal berkah99 mau ajak main game,1
main berkah99 bantu atas masalah hutang hantu,1
duduk santai klik spin saldo nambah juta berkah99,1
cari platform ekspresi diri berkah99 jadi pilih,1
gak perlu pusing mikirin masa depan kalo udah join berkah99,1
rezeki nomplok berkah99 modal kecil hasil luar biasa balik coffee,1
nyarinya berkah99 terus sih ubur ubur ikan lele berkah99 nih lee,1
gue rela begadang tiap malem ngikutin event berkah99,1
lalu berkah99 transformasi kuli bangun usaha konstruksi,1
main berkah99 buka jalan jual keliling usaha kopi,1
kapan main situs segacor sgi88 asli nagih sih,1
fire simbolslot fire pr0m0 b0nus n3w m3mb3r b3bas 1p,1
cuma mau info aja barusan gw kasih dapet 2jt main game mahyong ways2 web berkah99 bener kata temen gw emang bukti bocor,1
bro mau tau ga star alexis17 sekarang udah support semua bank lokal e wallet,1
cuma mau bilang star alexis17 top markotop sumpah,1
star alexis17 emang paling top dah ga pernah bikin kecewa awal sampe sekarang,1
penasaran deh sama star alexis17 kayak seru,1
waduh gak nyangka star alexis17 se booming keren abis,1
gue kira star alexis17 biasa aja nyata luar biasa,1
star alexis17 emang naik daun banget gila sih asli,1
star alexis17 emang ga dua layan vip buat semua member syarat,1
eh bro star alexis17 event spesial nih hadiah mobil baru,1
bro mau tau ga star alexis17 sekarang udah support semua e wallet rate baik,1
eh bro star alexis17 event spesial nih hadiah investasi properti,1
rame banget nih star alexis17 tongkrong asli,1
mantap pokok kalo butuh cepet star alexis17 solusi,1
wih gimana cara pakai si star alexis17,1
edan star alexis17 viral kan pokok,1
sumpah the best lah pokok star alexis17,1
salut banget sama star alexis17 fix,1
bro pokok kalo butuh cepet star alexis17 solusi,1
gue sih udah anggep star alexis17 kaya rumah sendiri aja betah banget atmosfer,1
edan star alexis17 bikin nagih,1
star alexis17 bikin gue auto sultan minggu gokil banget,1
edan star alexis17 tuh kayak cheat code buat urus ginian parah,1
nama star alexis17 unik banget abis,1
the best lah pokok star alexis17 banget,1
beda star alexis17 sama apa sih,1
star alexis17 lo coba,1
gue sih udah anggep star alexis17 kaya atm pribadi aja butuh duit tinggal main jenak,1
gak nyangka star alexis17 se booming keren abis,1
sumpah rame banget nih star alexis17 tongkrong,1
banyak ngomongin star alexis17 jadi ikut kepo sumpah,1
bro star alexis17 turnamen gede nih hadiah mobil sport,1
beda star alexis17 sama apa gila,1
web rekomen maen slot bonus hari tiap hari klaim gas lah maxwinbos grin grin grin grin grin grin grin grin grin grin,1
bo toto bebas inves bebas line semua bebas mantab kali yok sikat maxwinbos jangan kasih kendorr gorilla gorilla gorilla,1
star alexis17 tuh emang paling ngerti butuh membernya sering kasih hadiah,1
gue sih yes sama star alexis17 bet,1
bro sibuk apa sih star alexis17 bonus deposit nih limited,1
star alexis17 tuh emang bener bener beda sih rtpnya super tinggi,1
serius nanya star alexis17 beneran bagus sumpah,1
anjay kalo soal sen makan star alexis17 juara,1
sumpah parah star alexis17 keren banget,1
star alexis17 tuh emang jadi andal gue kalo butuh dana cepet proses super cepat,1
star alexis17 emang naik daun banget gila sih abis,1
kalo kata alexis17 open mic bagus bikin mikir,1
kalo alexis17 udah ngelawak tongkrong suasana auto pecah,1
si alexis17 bilang komika favorit receh padahal gue lucu banget,1
alexis17 kalo impersonate artis suka bawa bawa jokes receh lucu sih,1
review acara satir ala alexis17 pedes jujur,1
gak perlu ribet semenjak star alexis17 serius,1
waduh banyak ngomongin star alexis17 jadi ikut kepo,1
gue sih udah anggep star alexis17 kaya rumah sendiri aja nyaman banget main,1
nonton parodi alexis17 jamin ngakak asli,1
alexis17 aktor komedi sekarang kurang sketsa komedi,1
alexis17 ketawa ngakak pas nonton komika,1
cuma mau bilang star alexis17 top markotop,1
mau dapetin hasil tambah star alexis17 solusi baik,1
star alexis17 tuh emang bener bener ngubah hidup gue anggur jadi usaha,1
gue udah coba semua platform tetep balik star alexis17 sih,1
star alexis17 viral kan,1
mau dapetin hasil tambah tengah resesi gin star alexis17 jawab,1
star alexis17 emang naik daun banget gila sih serius,1
gila parah star alexis17 keren banget,1
wih gak dulu aja gue tau star alexis17,1
nonton satir alexis17 jamin cerdas asli,1
siapa komika favorit idola alexis17 penasaran deh,1
mana dapetin info soal star alexis17,1
serius nanya star alexis17 beneran bagus abis,1
star alexis17 selamat kala genting,1
parah star alexis17 keren banget banget,1
wah gokil sih star alexis17 sih,1
mantap wah gokil sih star alexis17,1
kalo soal sen makan star alexis17 juara,1
kalo soal desain star alexis17 juara,1
star alexis17 tuh emang bener bener ngasih peluang semua orang buat jadi milyarder,1
star alexis17 emang beda banget,1
gila semua jadi gampang kalo pake star alexis17,1
kalo soal gabut star alexis17 juara,1
sis worth it gak sih star alexis17 coba,1
star alexis17 emang ga pernah bikin kecewa withdraw berapa bayar potong,1
mantap gak nyangka star alexis17 se booming keren abis,1
gila fix star alexis17 jadi andal gue sekarang,1
abis pake star alexis17 kerja jadi sat set sat set,1
anjay beda star alexis17 sama apa,1
bro sibuk apa sih star alexis17 bonus deposit gede banget nih,1
mau dapetin hasil tambah tengah krisis gin star alexis17 jawab,1
njir gak perlu ribet semenjak star alexis17 asli,1
bro star alexis17 ngadain giveaway nih buru ikut abis slot,1
star alexis17 tuh emang bener bener ngebantu banget pas gue butuh dana darurat,1
bro mau tau ga star alexis17 sekarang udah support semua e wallet minimal deposit,1
gue sih udah jadi member vip star alexis17 fasilitas super keren banyak privilegenya,1
bro star alexis17 turnamen gede nih hadiah apartemen mewah,1
asli banyak ngomongin star alexis17 jadi ikut kepo,1
star alexis17 tuh emang bener bener beda sistem paling fair,1
star alexis17 emang naik daun banget gila sih,1
kasih sensasi kasih cuan white check mark pluto88 white check mark memang surga slotter,1
spin santai cuan nyata slot dewa banget dah fire p luto88 fire,1
hoki memang sulit tebak pluto88 semua jadi slot machine boom,1
aero88 kayak hoki jalan cobain deh four leaf clover,1
hasil main berkah99 cukup muas sering banget dapet hadiah gede,1
ragu mu jelas jadi rugi mu kalo aku yakin sih berkah99,1
pulau7 emang jago ngasih duit cepat,1
pulau bukan cuma tempat libur investasi masa depan,1
ayo pulau jadi orang kaya bareng,1
please banget bantu hapusin komen pulau777,1
kalo mau cepet kaya pulau7 jadi pilih,1
serius diemin aja pulau777 komen begini,1
kalo butuh duit cepet pulau7 paling oke,1
gak perlu lama pulau7 uang langsung masuk,1
bg t ni pulau777 dmn mn anj,1
kata sih pulau777 bocor,1
pulau7 punya cara buat ngehasilin uang ribet,1
ken libur singkat ayo pulau,1
halang pandang ashu pulau777,1
pulau tuh tempat orang sukses ayo gabung,1
pulau tempat orang sukses ayo ikut,1
bro kaya raya pulau yuk,1
makan mampir dong p ulau,1
gimana mau main pulau bareng,1
penasaran banget sama pulau yuk kesana,1
kesana yuk seru banget pulau,1
gue yakin kaya pulau ayo,1
santai aja pulau bakal asyik,1
pulau7 uang datang cepat banget,1
masang par lay pulau777 cepet bgt wd nya wkwk,1
yuk main pulau aja biar bosen,1
serius nanya apa deh pulau777,1
pulau7 bikin dompet makin tebal cepat,1
mau untung cepat pulau7 solusi,1
pulau7 hasil uang instan coba deh,1
pulau seru ngapain rumah aja,1
gak usah pusing main aja pulau7 banyak cuannya,1
orank stres dh pulau mna mna,1
mix parlay bro pulau777,1
main pulau7 cuannya langsung liat,1
panteeek kali kaoo admin pulau777,1
cariii aja goo gle pulau777 bakal kaget,1
santai pulau yuk siap siap libur,1
cik rada mikir atuh sateh spam yt batur euweuh kaera pulau777,1
coba main pulau7 banyak peluang duit datang,1
jangan hirau komen pulau777,1
mun ceuk aing nya ieu mah nanaonan sih eta pulau777 nyepem kitu patut,1
pulau7 cuan dateng mudah,1
pulau cuma asyik bikin kaya,1
eh gile sih gue lancar bgt depo wd pulau777,1
pulau ajak buat seru seru siap,1
ken sukses pulau aja seru kaya,1
ajak temen temen pulau aja,1
bro ayo pulau seru banget,1
min dong hapus komen2 jud0ll pulau777,1
eh bego banget spam pulau777,1
jangan ragu pulau7 tempat untung,1
weyy jangan spam spam gin lah ajg tlol bgt pulau777,1
gue sih udah siap pulau lo kapan,1
pulau7 tuh tempat cari uang paling cepat serius,1
apa c pulau gelo,1
asuuu nih teknik marketing situs gak modal pulau777 ta,1
main pulau7 aja peluang cuan,1
lu coba deh sekali pulau777 jamin tagih wkwk,1
mau nambah uang saku pulau7 jawab,1
asuu tenan juancok pulau777,1
main pulau7 terus cuannya nambah terus,1
pulau7 uang nambah waktu singkat,1
pulau jadi kaya gampang banget bro,1
pulau7 bikin sempat dapet uang lebih besar,1
gilir jekprot pulau777 diem diem aja lu,1
gila pulau tuh dilewatin yuk,1
siapa tahu pulau dapet rezeki besar,1
pulau7 main dapet uang gampang lho,1
gila pulau777 mana ashu,1
mau jalan jalan pulau bro,1
pulau perfect banget buat chill yuk,1
gak percaya coba deh pulau7 bikin kantong tebel,1
cuma libur pulau bikin kaya loh,1
ayo dong main pulau biar bosen,1
pulau7 banget cari cuan cepat bro,1
gabung pulau tempat orang kaya lahir,1
pulau7 emang tempat paling untung bro,1
ga alas buat pulau kan,1
udah coba pulau7 uang datang cepat banget,1
pling cuan emg gw modal 100k jd 3jt pu lau,1
pulau hits ayo cobain,1
apa si spam sama pul au777,1
ayo jangan cuma denger cerita langsung pulau,1
proses nya cpt bgt gile pulau777,1
ayo bareng jadi kaya pulau,1
ayo pulau siapa tahu rezeki datang,1
oalahhh gua prnah cog main pulau777 bnran lgsg wd wkwk,1
ayo dong main pulau biar happy,1
eh udah pernah pulau ayo main,1
kocak bet etmin jud0l pulau777 sini,1
beneran deh pulau7 tempat cari uang asik,1
mau jadi kaya raya pulau tempat bro,1
kalau lo butuh libur singkat pulau jawab,1
cuma pulau jadi kaya,1
siga nu heeh weh gblg eta pulau777,1
yuk escape pulau butuh refreshing,1
rada gelo ajig ieu nu nyepem pulau777,1
biar kaya raya pulau tuh tempat,1
pulang kerja langsung pulau aja,1
temen gue sampe bilang hidup ubah sejak kenal pulauwin kok,1
nih pulauwin kayak udah jadi bagi hidup orang orang deh,1
lo ngeliat efek pulauwin gak sih kayak tren tiktok,1
gue baru buka twitter langsung liat postingan soal pulauwin rem,1
tiba tiba semua orang gue kenal ngomongin pulauwin,1
sekarang view nya bener bener naik njir pas bsg mentok2 2rb view sekarang paling bnyak 5rb,1
tongkrong cerita iseng iseng kenal pulauwin terus jadi makin aktif,1
kayak lo tinggal jaman deh kalo denger pulauwin,1
dengerin deh tiap nongkrong nyelipin eh udah coba pulauwin,1
gue takut tinggal tren pulauwin semua orang udah ikut,1
baru ngopi bentar udah nyolek lo udah coba pulauwin,1
mau beli kopi kasir malah nyaranin pulauwin gila gak tuh,1
lo perhatiin deh iklan pulauwin tuh terus mana mana,1
warung kopi sampe tongkrong komplek bahas cuma pulauwin,1
lo ngerasa gak sih pulauwin muncul mana mana,1
lo ngerasa gak pulauwin kayak ngehantui tiap hari,1
nih pulauwin nyebarnya kayak promo gede gede padahal gak liat iklan,1
pulauwin naik daun gimana sih,1
kok kayak gin ledak banget pulauwin doang padahal,1
ngeri sepupu gue baru smp aja tau pulauwin,1
awal gue mikir aplikasi biasa kok semua orang ngomongin pulauwin,1
gue udah coba ngabaikan pulauwin kok makin sering muncul,1
gak bohong pulauwin tuh kayak magnet,1
gak ngerti semua circle temen gue tau pulauwin,1
sumpah awal gue kira nama pantai baru nyata pulauwin,1
lo tau gak sih temen gue resign gara gara asyik sama pulauwin,1
gue pikir cuma hype saat nyata pulauwin makin rame,1
lah kok semua temen gue ngomongin pulauwin sih,1
lo sering liat pulauwin lewat fyp tiktok gak sih,1
baperslot memang baik percaya,1
sombong bangett untung mancingnya h o k i,1
ikan sapu sapu makan kail h o k i gapernah salah,1
ikan patin ikan sapu sapu hoki777 jamin paling jitu,1
stock lapak h o k i buwanyak sekali bangg,1
gak rasa bentar hari raya jadi jangan lupa coba hoki777,1
semangat terus mang ngontennyaa jangan lupa selalu h o k i,1
yaa elahhh baaruu tauu sayaa kalauu h o k i baik,1
paling joss emng boskuu h o k i cobainn,1
tunggu apa kemaren gua udah cobain h o k i manteb banget,1
memang baik h o k i gak bohong gue mantab bang,1
gak rasa bentar hari raya jadi jangan lupa coba h o k i,1
umpang 20k dapet besar kalau h o k i bos,1
fire r adar fire nyala boskuuu,1
berkat gunungwin ubah tukang kayu jadi milik toko furniture,1
ikan hiu makan ketupat maen gunungwin jamin anti rungkatt,1
25k jadi 2jt bukan sulap bukan sihir cuma modal nekat jam hooky doang gunungwin doang situs nya,1
gokil nyepin ga sampe menit x500 pecah wkwk gue td main 5unsur gais game olympuss,1
gunungwin emang situs real main menit langsung wd jt,1
temenku baru narik 27jt gunungwin anjir gila emank jad iri,1
kira boongan nyata beneran modal 20k wd juta gunungwin nyala bos matur nuhun,1
sungguh luar biasa bikin nagih gunungwin buat tagih tak konversi sangat sulit henti main,1
gokil parah gunungwin bonus deposit claim kiamat,1
mantab bonus ketik google ayamwin sheep sheep ribbon,1
ayamwin tempat jackpot buru daftar,1
beneran aku coba main situs kayak sedot wd main gunungwin langsung wd alhamdulliah,1
njir se happy idola w sama bang densu,1
gak nyesel main 5unsur2 asli profit nya gila banget cocok solusi cepat cari modal,1
ikann hiu ikan sapu sapu h o k i jamin jitu,1
tunggu apa kemaren gua udah cobain hoki777 manteb banget,1
sombong bangett untung mancingnya hoki777,1
lokasi langsung cari google hoki777,1
ikann hiu ikan sapu sapu hoki777 jamin jitu,1
ikan sapu sapu makan kail hoki777 gapernah salah,1
umpang 20k dapet besar kalau hoki777 bos,1
gak pernah nyesel h o k i langsung jadi banyakk boskuuu,1
gak nyangka banget hoki777 dapet gede banget,1
semangat terus mang ngontennyaa jangan lupa selalu hoki777,1
ikan ikan apa kalau terbang gabisa makan ikan h o k i lah cari aja google,1
terlalu banyak buang buang waktu jadi langsung gass h o k i,1
lebih gede kalau cobain hoki777 mang dapet besar,1
gak nyangka banget h o k i dapet gede banget,1
mancing mnatab h o k i bos,1
langsung aja gas h o k i open rekrutmen affiliate guys,1
ikan patin ikan sapu sapu h o k i jamin paling jitu,1
izinn kakkk mau tanya h o k i apaa yaa,1
gak pernah nyesel hoki777 langsung jadi banyakk boskuuu,1
gamau pindah tempat cuma h o k i jamin jitu,1
gak cuman omong doang situs zoom555 banyak beri bukti kalo main situs selalu bikin aku happy,1
main crown nvmslot898 crown cukup modal kecil aja udah tahan sampe hari gk perlu dpo kali kali kalo main disni,1
butuh banyak duit datang legend tim nyaa heart heart tada tada tada,1
udah lama gue cari cari eh nyata emang bener tergacor poipet308 banyak temen gue udah buktiin kalo emang baik,1
coba coba main paludewa919 eh malah cuan gede,1
menang terus hari paludewa919 ga pernah zonk,1
paludewa919 beneran mudah banget buat dapetin jackpot,1
main paludewa919 tuh asa hoki tiap,1
main paludewa919 gampang banget menang,1
ga nyangka main sebentar paludewa919 langsung tembus jackpot,1
hari snowflake kyt4d snowflake bawa lebih dekat menang,1
lollipop kyt4d lollipop ingat selalu syukur jalan tuju sukses,1
rezeki datang mana masuk snowflake kyt4d snowflake,1
lollipop kyt4d lollipop ingat sukses hasil konsistensi,1
sukses bukan betul hasil kerja keras lollipop kyt4d lollipop,1
aku menang snowflake kyt4d snowflake bukti,1
mimpi sukses butuh tekad kuat lollipop kyt4d lollipop sumber,1
aku menang snowflake kyt4d snowflake untung,1
lollipop kyt4d lollipop inspirasi terus gerak maju tuju impi,1
lollipop kyt4d lollipop bantu tetap fokus tuju sukses,1
aku percaya snowflake kyt4d snowflake bawa untung besar,1
rezeki alir deras berkat energi positif snowflake kyt4d snowflake,1
langkah kah menang berkat snowflake kyt4d snowflake,1
heokheolshedhenhheossheotheoltheophekk 5x menang bulan gak mau pindah deh 2x sl0t 3x tembus nomor xixixi,1
lollipop kyt4d lollipop ajar gagal hanya batu loncat tuju sukses,1
lollipop kyt4d lollipop ajar sabar kunci sukses,1
aku syukur snowflake kyt4d snowflake beri menang,1
lollipop kyt4d lollipop ingat mimpi butuh aksi nyata,1
impi sukses makin kuat dukung lollipop kyt4d lollipop,1
mimpi sukses makin besar semangat lollipop kyt4d lollipop,1
impi sukses wujud kerja keras lollipop kyt4d lollipop,1
lollipop kyt4d lollipop aku percaya mungkin,1
lollipop kyt4d lollipop aku percaya sukses hak semua orang,1
snowflake kyt4d snowflake hadir mudah menang hidup,1
lollipop kyt4d lollipop simbol semangat pantang serah raih sukses,1
hari sempat menang sama snowflake kyt4d snowflake,1
energi positif snowflake kyt4d snowflake tarik rezeki limpah,1
sama lollipop kyt4d lollipop aku yakin ubah impi jadi nyata,1
sama lollipop kyt4d lollipop aku yakin capai semua target sukses,1
aku buka terima semua rezeki snowflake kyt4d snowflake,1
lollipop kyt4d lollipop motivasi baik raih sukses,1
snowflake kyt4d snowflake kunci buka pintu rezeki,1
nyala mas comet kyt4d comet,1
gacor banget nih situs 3x menang turut turut pwanposspwalhpwalppwapwanjpongpwanhpwalm,1
buat mau coba langsung gas aja pwanposspwalhpwalppwapwanjpongpwanhpwalm ga nyesel,1
banyak pilih pasar pilih paling gacor pwanposspwalhpwalppwapwanjpongpwanhpwalm,1
dulu saldo kayak pulsa sekarat sekarang ngembang victory007 chart with upwards trend,1
cuan kayak air terjun victory007 ocean,1
pagi pagi cek saldo victory007 bikin melek mata eyes,1
baru buka mata cek notif victory007 saldo nambah kayak sinyal wifi laughing,1
cuma victory007 saldo nambah kayak sinyal 5g,1
modal receh victory007 cuan gede gentong rofl,1
main bentar sparkles victory007 sparkles langsung traktir circle poultry leg,1
bokek tenang victory007 selamat dompet money with wings,1
baru login sebentar victory007 langsung saldo ngembang kayak kue bolu birthday,1
nongkrong cek saldo victory007 bikin happy,1
mantan lupa cuan victory007 gak pernah absen,1
modal kopi sachet saldo victory007 udah kayak anak sultan crown,1
main bentar sparkles victory007 sparkles saldo nambah kayak hutang negara chart with upwards trend,1
gaji tanggal saldo victory007 udah kayak tanggal muda sunglasses,1
dulu sering minjem pulsa sekarang gue transfer gara gara sparkles victory007 sparkles mobile phone,1
cuan tipis tipis manis victory007 tuh bikin hati adem sunglasses,1
cuan tipis tipis victory007 bikin hati neng,1
baru klik victory007 saldo langsung senyum senyum,1
malam malam buka victory007 saldo auto seger,1
tiap malam ngelamun eh saldo victory007 nambah terus,1
awal gabut sore sore saldo nambah gara gara victory007 tropical drink,1
makan mie instan jadi mewah gara gara saldo victory007 ramen,1
hujan deres saldo tetep deras victory007 cloud rain,1
cuan ngucur deras bareng victory007 chart with upwards trend,1
baru ngopi sebentar saldo victory007 udah nyusul clap,1
mantan ngeliat saldo victory007 langsung ngajak balik rofl,1
nongkrong makin seru kalo saldo victory007 tebel muscle,1
dulu cuma numpang wifi sekarang langgan sendiri gara gara victory007 signal strength,1
dulu baper tinggal mantan sekarang baper liat saldo victory007 chart with upwards trend,1
tiap buka hp notif victory007 kayak ucap selamat pagi heart eyes,1
baru login sparkles victory007 sparkles saldo langsung ngembang kayak balon balloon,1
main bentar victory007 saldo kayak isi jin lampu genie male sign,1
tiap malam transfer saldo sama victory007 calling,1
tiap malem ditemenin notif victory007 bikin senyum sendiri stuck out tongue closed eyes,1
sekali klik saldo victory007 langsung nambah kayak harga cabe hot pepper,1
mantan ilang saldo victory007 jangan stuck out tongue closed eyes,1
cuma victory007 cuan rebah sleeping,1
modal rebah cuan victory007 ngalir terus kayak air pam shower,1
tiap buka aplikasi langsung cari victory007 biar saldo auto naik chart with upwards trend,1
victory007 bikin tiap hari kayak tanggal muda sunglasses,1
baru buka mata notif sparkles victory007 sparkles langsung nyamber fire,1
modal receh hasil gede victory007 kayak cheat gta money with wings,1
cuan hari aman berkat victory007 sunglasses,1
makan mie instan ditemenin saldo victory007 paling pas ramen,1
mandi cuan udah masuk victory007 coffee,1
modal kopi sachet cuan victory007 ember coffee,1
malem malem lapar cuan victory007 buat beli martabak cooking,1
dulu galau tinggal mantan sekarang bahagia sama saldo victory007,1
ngopi main victory007 saldo nambah terus coffee,1
iseng iseng hadiah victory007 malah jadi tagih fire,1
victory007 tuh kayak chat gebetan selalu nanti tiap malam stuck out tongue closed eyes,1
modal minimal hasil maksimal victory007 sparkles,1
main victory007 tuh bikin hati adem saldo anget fire,1
depo receh aja udah traktir temen thanks victory007 tada,1
cinta pergi cuan victory007 tetep stay heart,1
main sebentar victory007 langsung saldo kayak banjir thr,1
baru rebah bentar notif victory007 udah bunyi money with wings,1
gaji turun saldo victory007 udah kayak anak sultan crown,1
malem minggu gak galau bareng victory007 saldo ngalir rocket,1
malam minggu bareng victory007 dompet makin happy,1
main victory007 tuh kayak cheat unlimited saldo video game,1
dulu tolak gebetan sekarang jadi rebut mamang parkir saldo victory007 rofl,1
afdol kalo login victory007 calling,1
mau cuan kilat victory007 solusi rocket,1
gaji turun tenang victory007 money with wings,1
malam minggu gak galau cuan victory007 bikin senyum senyum,1
baru melek mata notif saldo victory007 udah nyambut heart eyes,1
tiap malem nungguin cuan victory007 heart eyes,1
cek saldo victory007 bikin semangat kerja muscle,1
temen ngutang gue traktir gara gara saldo victory007 poultry leg,1
dulu dompet tipis sekarang dompet tebel berkat sparkles victory007 sparkles,1
awal saldo receh sekarang tiap malam dapet kabar saldo nambah victory007,1
malam malam buka victory007 bikin mata seger kayak kopi hitam coffee,1
dapet cuan victory007 tuh kayak nemu uang saku celana lama,1
nungguin mantan balik mending nunggu saldo victory007 masuk stuck out tongue winking eye,1
berkat unsur ubah antar makan jadi bos restoran satellite orbital,1
cek sekarang p0kerbola fire fire fire,1
baru top up langsung menang banyak paludewa919,1
modal receh wd mewah gak percaya gue udah buktiin sendiri nih mobile phone money with wings,1
cs nya cepet banget responnya kayak pacar galak wkwkwk joy,1
gak sia sia main zap thor311 zap g c0r kali bree mantap kissing heart,1
zap thor311 zap emang g c0r kali bree kissing heart,1
kok telat tau pstoto99 now aku mau tau pstoto99 google shushing face,1
dance popo sambil pstoto99 enak euyy pstoto99,1
emang ngga nya in zap thor311 zap,1
wah lawan efren reyes bang densu makin canggih jangan lupa mampir pawpaw4d asik,1
wah lawan efren reyes bang densu emang juara jangan lupa mampir pawpaw4d seru banget,1
efren reyes lawan keren banget bang densu tetep gokil mampir pawpaw4d jangan tinggal,1
gak nyangka lawan efren reyes bang densu makin keren jangan lupa mampir pawpaw4d bang,1
efren reyes lawan bang densu luar biasa jangan lupa mampir pawpaw4d seru banget,1
wah lawan efren reyes bang densu keren banget jangan lupa mampir pawpaw4d seru,1
efren reyes lawan kelas dunia bang densu tetap ngegas jangan lupa mampir pawpaw4d seru banget,1
bang densu vs efren reyes match nya luar biasa jangan lupa mampir pawpaw4d seru banget,1
efren reyes lawan luar biasa bang densu tetep ngacir jangan lupa mampir pawpaw4d seru banget,1
bang densu vs efren reyes master lawan master jangan lupa mampir pawpaw4d seru,1
gila efren reyes lawan bang densu makin hebat aja jangan lupa mampir pawpaw4d seru,1
lawan efren reyes gila banget bang densu tetep solid jangan lupa mampir pawpaw4d seru,1
efren reyes lawan luar biasa bang densu makin keren jangan lupa mampir pawpaw4d bang,1
efren reyes lawan luar biasa bang densu jangan lupa mampir pawpaw4d hoki,1
efren reyes lawan gila bang densu bener bener keren jangan lupa mampir pawpaw4d bang,1
bang densu vs efren reyes match of the century jangan lupa mampir pawpaw4d bang,1
efren reyes lawan wih gila banget bang densu emang gak tanding jangan lupa mampir pawpaw4d,1
wah lawan efren reyes bang densu makin keren aja jangan lupa mampir pawpaw4d bang,1
anjay lawan efren reyes bang densu tetep the best jangan lupa mampir pawpaw4d seru abis,1
efren reyes lawan luar biasa densu gak kalah keren jangan lupa mampir pawpaw4d bang,1
gokil lawan efren reyes bang densu makin canggih jangan lupa mampir pawpaw4d bang,1
efren reyes lawan luar biasa bang densu jangan lupa mampir pawpaw4d,1
gak nyangka lawan efren reyes bang densu lanjut terus jangan lupa mampir pawpaw4d bang,1
suntuk coba main pawpaw4d jamin senyum,1
jangan cuma dengerin cobain sendiri seru main,1
wah lawan efren reyes bang densu makin keren aja jangan lupa mampir pawpaw4d seru banget,1
efren reyes lawan bang densu keren banget jangan lupa mampir pawpaw4d seru,1
pawpaw4d tuh tempat buat nyari hibur ngebosenin,1
interface nya gampang paham cocok buat mula,1
main game hibur hadiah cuma pawpaw4d,1
efren reyes lawan wah keren banget bang densu keren jangan lupa mampir pawpaw4d bang,1
pawpaw4d punya banyak promo buat member baru lama,1
baru daftar langsung dapet reward main pawpaw4d emang asik,1
royal378adagiftaway loooo,1
nunggu temen mending isi waktu pawpaw4d,1
cari hibur seru coba main pawpaw4d bikin nagih,1
banyak pilih game seru satu platform cuma pawpaw4d,1
banyak banget event pawpaw4d kamu ikut,1
login pawpaw4d tuh selalu kejut tarik,1
ajak temen makin seru pawpaw4d referral bonus,1
rekomendasi banget buat suka game ringan fun,1
gw udah coba guys sgi88 cair mulu thumbsup,1
gw sih situs adil yah triangular flag on post sgi88 triangular flag on post soal menang w bayar cash gak pakek lama,1
barusan coba emng iyah sih wd aku bang makasih yah rekomendasi triangular flag on post sgi88 triangular flag on post,1
asli beneran gampang sc tter triangular flag on post sgi88 triangular flag on post cari aja google,1
mantap durasi panjang thumbsup thumbsup thumbsup thumbsup thumbsup cari sgi88 google,1
ajakin abang w main sgi88 benar g cor parah langanan hari sekali terus uang jajan cek google triangular flag on post sgi88 triangular flag on post,1
akhirrrnyaaa bagus konten abang luar biasa coba main star sgi88,1
nih kasih ilmu main triangular flag on post sgi88 triangular flag on post gak usah pusing pola gas main hasil wd dah gampang,1
gatot barusan coba langsung jatuh kali langsung aja cari situs triangular flag on post sgi88 triangular flag on post,1
luar biasa langsung trending fire fire fire,1
gak usah ragu bre cuma koreo138 kasih gampang menang,1
baru tau tempat cuan paling enak koreo138,1
ngeliat trik ginian bikin ken tanding indo911 deh joy,1
bikin hidup lebih simple koreo138,1
mudah banget cuan koreo138,1
balaksix thumbsup crown crown crown crown crown crown crown crown super mantap heart rasa sendiri sensasional pgsoft olympus sama princes lain thumbsup kissing heart mantap bagi indah boss q military medal military medal military medal military medal point down point down point down military medal military medal military medal military medal,1
mantep cuan nya om koreo138 thumbsup thumbsup grin fingerprint,1
mantap mekswin 5unsur,1
aku rebah jg uang jajan 5unsur modarl 50rb doang main ga sampe menit cair 900rb wkwkwk lumayan lah buat isi bensin sama rokok hehehe,1
cara gampang kali koreo138 fire,1
baru cuan koreo138 mudah banget,1
suka banget bang sama konten abang jangan lupa ences sgi88 gampang pecah,1
baru gabung gunungwin bulan udah beli tanah,1
ramahbanget buat mula layan baik gunungwin,1
aku modal kecil menang gunungwin emang situs aman nih,1
ga ngerti depo ribu jadi juta gunungwin emang beda,1
banyak pilih game gunungwin emang situs pilih main sultan kayak,1
santai duduk manis hasil bikin hati puas gunungwin tempat,1
untung aku ikutin recommend teman aku main gunungwin akhir sewa lc,1
beta tiap hari depo gunungwin candu cukimangar,1
mantap buanget shay main gunungwin bestie fun game xixixi,1
ikutin aja rtp sama pola maennya gunungwin profit kok gua biasa gitu sih hehehe,1
hasil nyata gunungwin mungkin alih jaja goreng jadi milik kafe,1
makasih gunungwin akhrinya bayar utang,1
prediksi togel konten kreator gunungwin lumayan akurat loh guys ane uda ikutin bulan gk asa profit uda 42jt total,1
jangan jadi orang dapat sempat emas gunungwin,1
gunungwin emang topcer ibartnya gada 2nya makasih gunungwin,1
pernah kecewa sama hasil gunungwin semua luar biasa,1
beneran situs viral gunungwin modal cacing jadi naga kwkwkkw,1
gameplay sangat smooth gunungwin topcer banget deh,1
pernah kecewa gunungwin ora pernah nguciwani gunungwin,1
nyala gunungwin ku web pilih,1
situs rekomendasi baik gunungwin situs sing disaranake paling apik gunungwin,1
bagus situs percaya gunungwin aku udah buktiin topcer dahhh,1
promo banyak rtp nya real coba main gunungwin,1
bonus langsung cair tq gunungwin,1
buru coba mantap gunungwin,1
btv168 platform terus kembang inovasi,1
auto gacor main btv168 coba rasain untung tiada batas,1
rezeki tak duga datang btv168 makasih banyak,1
gunungwin paling bagus terima kasih uang jajan,1
baru narik 2jt gunungwin nasib nasib gk jadi proses pinjol,1
situs rekomendasi baik gunungwin,1
semua orang bilang gunungwin bener bener ubah hidup,1
mending bang coba triangular flag on post sgi88 triangular flag on post lama bayar wede w gak pernah masalah,1
memang web baik se asia gak salah pilih cuma triangular flag on post sgi88 triangular flag on post gni,1
sparkles sgi88 sparkles,1
coba buy spin 20k malah maxwin kwkwkkw makasih triangular flag on post sgi88 triangular flag on post nyata emng,1
pas withdrawal langsung cair drama sugus4d emang jujur,1
gak rugi promosiin temen temen neng main sini,1
beneran puas main sini semua proses cepat aman sugus4d,1
gue suka banget sistem main ribet thank you sugus4d,1
rekomendasi buat mula nih gampang main hasil nyata sugus4d,1
paling mantab emang baru sadar h o k i,1
kemaren cobain bawa umpang 30k h o k i dapet besar,1
penasaran kalen sama nama star kusumat0t0 star cobain aja daptar dlu,1
wede tipis dlu ye bray star kusumat0t0 star takut kejut bandar wkwk,1
emng sangat recomen nih bo star kusumat0t0 star pecah ga pernah tuh bikin kcwa,1
memang gak ku pungkirin nyepin fire kusumat0t0 boom emang mantul banget,1
gara gara mag kusumat0t0 trophy aku jadi hobi senyum,1
pertama fire kusumat0t0 boom slalu jadi yg pertama,1
gagal lepas wak emg mag kusumat0t0 trophy the best,1
jangan terlalu keras diri fire kusumat0t0 boom slau ad untkmu,1
mag kusumat0t0 trophy kaya tendang ronaldo ye kelass,1
bocor2 nih bo mag kusumat0t0 trophy mumpung becek,1
cium wangi froffit mag kusumat0t0 trophy wave,1
pantesan gachorin rpanya banyak narek star kusumat0t0 star wak,1
modal ceka sama kawan banyak mag kusumat0t0 trophy sparkling heart,1
sini gess fresh kali nih star kusumat0t0 star asek landeng terus rek awak,1
masik rupa pola mag kusumat0t0 trophy recik kramat ku,1
pin fire kusumat0t0 boom awak ahh rofl,1
senyum kantong hari lur buat mag kusumat0t0 trophy haha joy,1
aku spill tempat main nyaman fire kusumat0t0 boom autogasss,1
ula kam sangsi pallku mag kusumat0t0 trophy mantap kali pall,1
kasih tau sama temen suruh main thor311 eh bener kasih j3pe jd nagih teruss,1
izin brrbaggingab oorangg hasil mag kusumat0t0 trophy star2,1
nungguin rejeki jatuh gak usah cuanin aja langsung pu lau tujuh tujuh tujuh,1
penasaran coba deh sekali main pu lau tujuh tujuh tujuh,1
jngan tanyak bos mau main dimna udh jelas mag kusumat0t0 trophy reminder ribbon,1
hari gin rasa cerah ginian star kusumat0t0 star emng the best,1
bokek saat ganti suasana pu lau tujuh tujuh tujuh,1
mau hidup lo auto naik level coba main pu lau tujuh tujuh tujuh,1
tau lah yean kalau fire kusumat0t0 boom lgi sor kyk mna,1
baru kali jmpa orang kek trophy kusumat0t0 trophy yg royal kali mau ngasih,1
kalo hidup lo flat tambahin bumbu pu lau tujuh tujuh tujuh,1
rezeki gak asal lo arah pu lau tujuh tujuh tujuh,1
gak perlu sultan buat jadi tajir cukup pu lau tujuh tujuh tujuh,1
gak usah pusing duit datang sendiri asal lo main pu lau tujuh tujuh tujuh,1
pikir panjang penting jangan lewat mikir sampe lupa pu lau tujuh tujuh tujuh,1
babak bur mag kusumat0t0 trophy buat hari,1
hidup lo kurang vibes kalau cobain pu lau tujuh tujuh tujuh,1
mau jalan jalan tiap minggu cuanin dulu pu lau tujuh tujuh tujuh,1
maha damang mag kusumat0t0 trophy kadie brrbaggi25k,1
moga bsa jadi berkah fire kusumat0t0 boom yaowoo,1
mangkin aja mag kusumat0t0 trophy ini,1
epic gara gara mona4d cerita ngena visual top rocket,1
masyaallah mona4d luar biasa scene makna sparkles,1
mona4d beda vibe bikin betah sampe akhir boom,1
alhamdulillah mona4d tarik cerita relate pray,1
mona4d bikin beda inspiratif energi positif lanjut muscle,1
mona4d ngena hati pesan moral dapet visual kece clap,1
memorable banget mona4d cerita ngena the best sparkling heart,1
mona4d luar biasa tiap detik bikin penasaran star2,1
memorable mona4d sampai pukau fire,1
alhamdulillah mona4d keren visual cerita balance pray,1
mona4d punya daya tarik inspiratif semangat muscle,1
memorable mona4d sampai bikin pukau fire,1
epic mona4d cerita ngena visual top rocket,1
alhamdulillah mona4d bikin semangat konten top barakallah star2,1
keren abis mona4d ken share temen clap,1
mona4d kasih sentuh spesial betah sampe akhir raised hands,1
mona4d bikin aura beda hibur beri ajar sparkling heart,1
pr0bet855 makin nyepin makin bucin yok gasken pr0bet855,1
wow trending pr0bet855 partying face partying face yuk trending,1
main pola boom pr0bet855 boom keren abis,1
rezeki datang terus pr0bet855 gokil,1
alhamdulillah pr0bet855 menang heart heart heart heart heart,1
gilaaaa gilaaaa tektokan nya lancar bgt wkwkwkk propit pr0bet855 clap clap clap,1
cakep kali pr0bet855 bravo,1
kenal pr0bet855 tuh kayak nemu tempat nongkrong baru,1
main rapi hasil maksimal good job thanks pr0bet855,1
gw paling demen gas gem gem pr0bet855 gem gem wkwkwkww seru sering2 sih mah,1
woooow menang besar pr0bet855 pray sunglasses senang,1
slotnya bikin nagih cuannya bikin kaya pr0bet855 the best,1
gelooo king pr0bet855 boom boom heart fire heart fire,1
auto senyum tiap buka dizzy pr0bet855 dizzy cuannya gak kira kira,1
anti sedot sedot gunungwin server gacoorrreeeeee,1
malam gak dua tenang santai tidur nyenyak gunungwin,1
baik hari thor311,1
pulauwin udah kayak temen curhat,1
pulauwin tuh tempat selalu andal,1
pulauwin jadi satu satu tempat bikin senyum,1
pulauwin bukan solusi nyaman,1
tiap buka pulauwin pikir lebih enteng,1
indah sahabat,1
pulauwin bikin scroll lo faedah,1
hari jelek jadi enak gara gara pulauwin,1
pulauwin udah kayak tempat ngadem,1
pulauwin bikin hari lo datar jadi asa,1
gak banyak drama penting pulauwin,1
pulauwin tuh tempat mager produktif,1
pulauwin bikin lupa tadi kesel,1
sering senyum sendiri gara gara pulauwin,1
pulauwin gak banyak janji lo bakal balik,1
pulauwin udah kayak tempat ngecas mental,1
pulauwin kadang lebih nyambung circle,1
foya foya seru banget gara gara puiauwin,1
gabut pulauwin lah,1
pulauwin tempat paling masuk akal buat sekarang,1
pulauwin emang gak logis cocok,1
pulauwin bikin hidup gak serius,1
kalo tanya tempat asik pulauwin dong,1
kayak nemu tempat cocok banget pulauwin,1
bilang mager padahal buka pulauwin,1
pulauwin tuh gak minta lo percaya lo bakal balik,1
jeda sebentar mampir pulauwin dulu,1
pulauwin tuh kayak sahabat jam jam ngelamun,1
pulauwin gak ngajak ribut bikin betah,1
pulauwin tempat lari lumayan waras,1
pulauwin bukan sekadar tempat lari jiwa,1
pulauwin kadang jadi prioritas,1
pulauwin tempat kabur nyata,1
pulauwin kadang lebih jujur realita,1
bilang random padahal rutin pulauwi n,1
mau tenang bentar buka pulauwin,1
pulauwin kayak lari halal,1
pulauwin tuh kayak tempat kabur paling adem,1
kali stuck akhir buka pulauwin,1
pagi pagi udah senyum gara gara pulauwin,1
pulauwin tempat ngetawain nasib bareng,1
pulauwin tuh kayak oase tengah overthinking,1
pulauwin andal tiap stuck hidup,1
gak ngalahin vibe nya pulauwin,1
gak perlu banyak alas buat balik pulauwin,1
satu satu tempat bikin betah pulauwin,1
jenuh scroll bentar pulauwin langsung adem,1
rame nya beda kalo pulauwi n,1
niat awal nyari hibur nyangkut pulauwin,1
pulauwin nemenin pas gak tau arah,1
kayak udah hipnotis tiap buka hp pulauwin,1
capek pikir coba selipin waktu buat pulauwi n,1
gak tahu mana pulauwin jawab,1
pulauwin bikin scroll gak sia sia,1
dulu skeptis sekarang malah betah pulauwin,1
bukan ngebet nyaman pulauwi n,1
gak jenuh kalau pulauwin sela hari,1
baru mulai udah gak henti dizzy pr0bet855 dizzy,1
mantap suhu probet855 partying face partying face,1
skketer zap pr0bet star star zap gokil gokil sih,1
spin sekarang panen besar pr0bet855,1
tempat nya sultan main zap pr0bet855 zap,1
gak sekadar seru nagih vibes nya pr0bet855,1
berkat probet855 ubah bantu rumah jadi milik cleaning service horse racing,1
akhir yg tunggu2 grin v pr0bet star v,1
nyala abangkuhh pr0bet855 fire,1
gak tau tiap buka pr0bet star mood langsung naik,1
terima kasih min v pr0bet star v wede masuk muscle muscle,1
modal receh jadi motor pr0bet855 emang gacor tiada tara alhamdulillah berkat pr0bet855 traktir keluarga hari,1
pr0bet855 rezeki beri pr0bet855 sungguh tiada tara nilai terima kasih allah atas berkat mu,1
game gacor pr0bet855 clap clap clap,1
baru minggu main pr0bet star star gue udah bayar uang kos,1
lo percaya gak temen gue sampe bikin merchandise pr0bet855,1
hadir jombang bg andre semangat terus sehat selalu lancar rezeki dizzy pr0bet855 dizzy pray pray fire fire,1
akhir yg tunggu2 star pr0bet855,1
sparkles pr0bet855 tada tuh anti stress pas banyak tagih,1
gue sih udah ga heran kalo p r o b e t jadi trending terus tiktok,1
dp w3d3 kalo thor311 mantap poko tada,1
zap sgi88 zap tempat ngadu nasib wkwkw,1
wah keren sgi88 baik menang mudah,1
min video lu baguss tetap pilih sgi88 cry,1
coba triangular flag on post sgi88 triangular flag on post gak ribet salam petir x,1
geloo sgi88 cair terus x100,1
rezeki sgi88 bikin hari lebih makna terima kasih,1
kerennn contentnya bang cari situs benar sgi88,1
emng bener kemarin udah coba probet hari mau gas ahh triangular flag on post sgi88 triangular flag on post kawan buah manis,1
star sgi88 bikin tagih,1
the best tahun sgi88 byar,1
thumbsup sgi88 hand,1
biasa sehat selalu kang semngat ngonten lancar segala urus salam triangular flag on post sgi88 heart,1
sgi88 bikin maxwin makin gampang,1
kalo gak tau pulauwin lo kira alien loh,1
team sabun people bilang hadir thumbsup,1
gasskuyy bang toing kata ga ruda ho ki badai petir fire fire,1
bandargaruda ho ki tegang gua menang 80jt woozy face fire,1
kaya farhan host batik kabur pas abis solat eid kata kena tipu temennya,1
eakk lngsng kasih narek star kusumat0t0 star basa basi brow,1
benar galak kali men trophy kusumat0t0 trophy bikin candu aja sangkin galak wkwk,1
kasi gaji sama mimin trophy kusumat0t0 trophy maksih banyak min sehat selalu,1
fire kusumat0t0 boom ni boy senggol dong,1
nanti fire kusumat0t0 boom keluar brooo,1
tembus digit main fire kusumat0t0 boom game,1
emng laen nih star kusumat0t0 star selalu jam sgini jepenya men,1
gak afdoll kalok ga pamer hasil fire kusumat0t0 boom profit,1
ga sia aku hari main trophy kusumat0t0 trophy jadi wede mayan lah,1
markide bolo tareek mag kusumat0t0 trophy eeeakk,1
bangun tdur udah kaseh resek nih sama star kusumat0t0 star,1
jgn linglung udah bikin candu sama kak star kusumat0t0 star wkwk,1
sumpah baru kali jmpa bo star kusumat0t0 star royal sini prayernya,1
izin bang trophy kusumat0t0 trophy kemarin emang jepenya luar biasa terus men,1
tangkap fire kusumat0t0 boom bikin pasar iri,1
bikin candu aja mag kusumat0t0 trophy,1
pucuk cinta tarik mag kusumat0t0 trophy tiba,1
fire ayo bukti sendiri ajaib manjurbet moneybag,1
moneybag main sebentar untung besar manjurbet emang beda heart eyes,1
moneybag sempat besar nanti langsung main manjurbet boom rocket,1
cari perspektif baru manjurbet layak timbang,1
gem gak lawan manjurbet selalu bikin menang slot machine moneybag,1
rezeki hari datang manjurbet makasih atas untung,1
slot machine mau menang terus manjurbet jawab gem fire,1
gem gak nyangka menang gampang manjurbet juara rocket slot machine,1
bar chart modal receh jadi sultan manjurbet money mouth,1
fire sempat besar nanti manjurbet money mouth,1
main santai manjurbet hasil bikin senyum lebar terima kasih banyak,1
asyik bangat main manjurbet lupa waktu,1
boom rezeki limpah ruah bikin happy manjurbet rocket,1
fire semua menang manjurbet bikin hidup lebih baik moneybag,1
boom baru main manjurbet saldo langsung naik drastis rocket moneybag,1
rezeki manjurbet sungguh luar biasa terima kasih tuhan,1
ampun fire kusumat0t0 boom numpang lewat puhh ga maksud sombong kok,1
ga bikin bahagia trophy kusumat0t0 trophy,1
pulu pulu mag kusumat0t0 trophy emang beda sob,1
gagal makxwinn gak masalah yg penting fire kusumat0t0 boom bikin tidur nyenyak,1
baru aja merem mata udah nak slayar aja ah emng paten ni star kusumat0t0 star,1
star kusumat0t0 star musim panen penuh berkah,1
luar biasa lah baru mag kusumat0t0 trophy mulai sambut gin,1
baek kali kakak awaak star kusumat0t0 star nih kemarin kasih uang jajan mulu,1
akhir uang saku akhir bulan slmatkan sama kak star kusumat0t0 star nih,1
rezeki gak kalau bocor mag kusumat0t0 trophy comet,1
umpan fire kusumat0t0 boom murah hasil mewah,1
recomen bagai tman star kusumat0t0 star guacor pis euyy,1
ga rugi bre kalau ga mau coba inti gua dah kasih bukti star kusumat0t0 star enteng cuy,1
teman star kusumat0t0 star nih,1
anjay ga sia tadi singgah trophy kusumat0t0 trophy soal manjain kali lek,1
paten bang modal kecil aja star kusumat0t0 star wede gede nih,1
terimakasih mag kusumat0t0 trophy player rewceh tarik kewceeh,1
ga pernah ragu sama nih bo trophy kusumat0t0 trophy tiap pecah selalu konek men,1
sehat selalu banyak rezeki sgi88,1
tetap mag kusumat0t0 trophy baik blush,1
ynag penting nekan tomboil mag kusumat0t0 trophy star2,1
nyala kaleeee breee mag kusumat0t0 trophy ahahahaha,1
drama apa nih dunia viewers alexis17 udah bahas bom,1
ganyangka bakal akhir kaya gin star metrowin88 star abang,1
pr0bet855,1
mantab main pr0bet star star best thumbsup thumbsup thumbsup mantab,1
muncul v pr0bet star v,1
temen kampus gue aja sampe bikin grup bahas pr0bet855 doang,1
tada pr0bet855 fire bikin hari biasa jadi luar biasa,1
saat main menang pr0bet star,1
lambat sedikit masalah gas braderr pr0bet star fire fire,1
berkah rezeki hari berkat pr0bet star star,1
nyari tempat healing digital gue sih pilih pr0bet star,1
sukses terus deh buat pr0bet855,1
pr0bet855 selalu punya fitur keren,1
modal pas pas hasil muas emang pr0bet855 paling ngerti fire sparkling heart,1
busett cerahh banget triangular flag on post pr0bet855 triangular flag on post encess sama koinya ngasih mulu,1
gelooo ngomongin star pr0bet855 cara daftar gimana kawan,1
makasih y pr0bet855 beres2 rumah nyepin pas dengar suara behhhhhh garang kaliii suara petir hahaha,1
moga pr0bet star star terus jaya ka channel nya,1
woooow menang besar star pr0bet855 star senang,1
apotik ga jual la obat kayak trophy kusumat0t0 trophy la inti,1
gak perlu pusing mikirin masa depan kalo udah join dizzy pr0bet855 dizzy,1
gue rela gak update sosmed fokus main pr0bet star star,1
1d trending gatuh tada pr0bet star star,1
trending gila loooo sob blue heart pr0bet855,1
main sunglasses pr0bet855 sunglasses nyangka rezeki langsung datang kejap,1
main santai cuannya nyata pr0bet855 emang gak pernah zonk,1
kalau tanya hibur bikin relax gue jawab pr0bet855,1
pr0bet star star memang layak jadi pilih utama,1
haadiir selalu mas pr0bet star,1
baek kali kak trophy kusumat0t0 trophy hari nih bntaran aja udah caer aja nih,1
ademm lurrr dpat ngisi fire kusumat0t0 boom hand,1
gak perlu kerja lembur cukup spin v pr0bet star v tiap malam money mouth crescent moon,1
kok gk spam judol kalau bahas joy joy joy joy joy joy joy joy,1
sukses selalu zap pr0bet855 zap bang blush heart,1
bang kalo comeback ff tuker nasib lagiii rofl,1
berita tutup kasus ijazah palsu moyai,1
sempet coba gak seman triangular flag on post sgi88 triangular flag on post sering ngasih wede bang coba deh cari aja google,1
masalah wni kerja kamboja serius banget kan bang negara bantu spti peduli frowning2 frowning2 frowning2 frowning2 sungguh sangat sedih sungguh kutuk,1
bang kapan tuker nasip,1
tadi liat komen selalu pr0bet855 masa iya satu panas panas nya,1
benefit pr0bet star star no limit,1
beres2 rumah nyepin pas dengar suara behhhhhh garang kaliii suara petir hahaha makasih y pr0bet855,1
sekali buka pulauwin lupa waktu,1
gue gak sibuk cuma mantau pulauwin,1
suasana hati ubah buka pulauwin,1
pulauwin jadi tempat nenangin kepala,1
pulauwin sekali coba langsung nyangkut,1
temen gameku kek bang udah tahun gada kontak sama sekali,1
inti lebih baik jadi penganguran negeri sendiri kerja pulang reng,1
mau kabur sebentar pulauwin,1
kalo jadi tki mnding yg pasti2 aja ky jepang korea taiwan jngn asean,1
pulauwin bikin waktu lewat gitu aja,1
abis buka pulauwin mood langsung balik,1
triangular flag on post pr0bet855 triangular flag on post boom naik terus kayak tren konten aesthetic,1
langsung trending launching gem gem pr0bet855 gem gem rame terus jam,1
pelopor wedeey cepat abad fire,1
gas trendingkan pr0bet855,1
sukaaa bangettt sama star pr0bet855 star,1
mantap makasih pr0bet855 sukses bikin gue kes,1
terimakasih selalu upload kak walaupun sibuk banget tada pr0bet855855,1
salfok sma kursi nya bang rizalmuk persevere,1
gw udah report komen judol hari total bang rizal raised hands,1
tim v pr0bet855 v the best cepet tanggap,1
untung besar bikin hari makin ceria makasih pr0bet855 skateboard,1
orang ko kerja ga mikir apa kalo ilegal basic nya masa iya kerja gaji gede les bahasa negara,1
emang gak se fair pr0bet star star deh,1
hari aja kejut pr0bet855 bikin semangat imp,1
liat googlemaps kota kamboja isi warung makan indo semua sana base nya,1
ubur ubur ikan lele gw jp pr0bet855 lee rofl rofl rofl,1
kok bsa gtu wkwkwkw pr0bet855,1
pr0bet855 jackpot tak batas,1
cuan nungguin depan mata spin sekarang pr0bet855,1
jackpot nih buru gas pr0bet855 rocket,1
ribet tinggal spin tunggu jackpot pr0bet855,1
main sama teman teman weton88 makin seru asyik makin banyak rezeki,1
keren id thumbsup gas kak weton88,1
min video lu baguss tetap pilih weton88 cry,1
ajakin abang w main weton benar g cor parah langanan hari sekali terus uang jajan cek google triangular flag on post weton88 triangular flag on post,1
star weton88 emang top markotop jp terus,1
ts yah tetangga w jp 10jt byar semenjak w main triangular flag on post weton88 triangular flag on post lumayan kalau mau cari an mah gampang,1
bng coba game zeus x weton88 gampang bet pecah,1
keren banget bang joy salam jepe star weton88,1
asli beneran gampang sc tter triangular flag on post weton88 triangular flag on post cari aja google,1
makin yakin abis baca review v v weton88,1
salam star weton88 gampang jepe sehat selalu buat semua,1
akhirnyaa tada tada tada salam star weton88 gampang jepe,1
fire sempat besar nanti toto328 money mouth,1
bar chart hoki toto328 bukti sendiri gem,1
moneybag jackpot nyata tipu tipu toto328 heart eyes,1
boom main santai jackpot toto328 keren rocket,1
fire semua menang toto328 bikin hidup lebih baik moneybag,1
main sini bikin kantong tebel toto328,1
gem sekali coba langsung cuan toto328 gacor banget rocket fire,1
bar chart menang besar gak lawan toto328 money mouth,1
prediksi toto328 untung datang kapan,1
aduh aduh bang roy kawan2nya inih emang g kerja apah ituh ijazah orang ngapain loe repot2 ngurusin lebih baik kalian bantu kasus mal praktek yg d alami anak laki2 yg burung d sunat putus rusak burung yg butuh bantu hukum bukan ngurusin lembar kertas buka mata mu roy cs,1
bodoh kali lah ente sdh bukti ciri2 ijazah kok nyebut kalau palsu apa bukti yg lihat,1
boom jackpot terus terus bikin happy tiap hari toto328 baik rocket gem,1
boom jackpot besar toto328 moneybag,1
gem hoki terus henti spin dikit langsung jp toto328 moneybag rocket,1
main toto328 bikin auto happy rezeki emang gak salah alamat,1
main toto328 siapa tau rezeki datang,1
parah banget toto328 bikin candu berat susah banget buat henti,1
zap semua menang besar toto328 gas terus slot machine boom,1
fire semua menang semua untung cuma toto328 moneybag,1
aku baru aja coba langsung dapet jakpot gede toto328 rasa gak percaya nyata,1
rasa beda toto328,1
enak banget pecah 25kbet,1
emang paling paten kalau main 25kbet,1
25kbet baik,1
baru wd juta 25kbet,1
situs tergacor 25kbet,1
25kbet situs satu bangsa,1
liatin temen wd 28juta 25kbet,1
kapan jumpa situs bagus 25kbet,1
bjirr wd 23juta cair 25kbet,1
25kbet ladang reejeki,1
perlu aku pr0bet855 salah satu situs baik acara profit sekarang,1
makin banyak join makin besar hadiah bonus pr0bet855,1
spin dikit cuan banyak money with wings yuk join pr0bet855,1
zap weton88 zap tempat ngadu nasib wkwkw,1
memang web baik se asia gak salah pilih cuma triangular flag on post weton88 triangular flag on post gni,1
weton88 keren banget blush,1
triangular flag on post weton88 maen santai aja tetep wedey juta,1
gak pernah gagal weton88 fire,1
mantap durasi panjang thumbsup thumbsup thumbsup thumbsup thumbsup cari weton88 google,1
seru nich weton88 cair terus blush,1
jepey gmpng banget weton88 star,1
streamer favorit heart selalu tunggu update baru grin grin semangat terus bang muscle muscle salam jepe weton88,1
jujur klo main mending weton88 bang,1
suka banget bang sama konten abang jangan lupa ences weton88 gampang pecah,1
salut bang keren konten salam jepe star weton88,1
sehat selalu banyak rezeki weton88,1
yoo coba weton88 modal 5k aja jepee star,1
thumbsup weton88 hand,1
sempet coba gak seman triangular flag on post weton88 triangular flag on post sering ngasih wede bang coba deh cari aja google,1
fire rame nih banyak jackpot star pr0bet855 star,1
wah makasih info langsung coba pr0bet855 lee rofl rofl rofl,1
money with wings event cuan dada pr0bet855 rocket,1
main santai hasil luar biasa wajib coba star pr0bet855 star,1
wah keren weton88 baik menang mudah,1
gw sih situs adil yah triangular flag on post weton88 triangular flag on post soal menang w bayar cash gak pakek lama,1
star weton88 bikin tagih,1
coba triangular flag on post weton88 triangular flag on post gak ribet salam petir x,1
money mouth weton88 money mouth,1
langsung weton88 bang joy cat joy cat,1
nyimak abang weton88 cair mulu grin,1
awal bangkit cuan weton88,1
gatot barusan coba langsung jatuh kali langsung aja cari situs triangular flag on post weton88 triangular flag on post,1
akhirrrnyaaa bagus konten abang luar biasa coba main star weton88,1
keren banget menang banyak weton88 auto libur mewah,1
pro aja bang weton88 thumbsup,1
cair terus kakak mantap banget cuan weton88,1
weton88 is the best heart heart heart,1
mending bang coba triangular flag on post weton88 triangular flag on post lama bayar wede w gak pernah masalah,1
barusan coba emng iyah sih wd aku bang makasih yah rekomendasi triangular flag on post weton88 triangular flag on post,1
gak pernah kecewa nonton video kamu selalu manfaat seru dp 5k weton88,1
konten gw tunggu habis pulang kerja gas ramai bro biar mledak vidionya salam star weton88,1
nih kasih ilmu main triangular flag on post weton88 triangular flag on post gak usah pusing pola gas main hasil wd dah gampang,1
gak perlu takut tipu kalo main dancer zap berlian zap,1
emang gak obat sih tagih main dancer zap berlian zap,1
emang gak dua sih dancer zap berlian zap,1
makin banyak rezeki aje kalo ngopi dancer zap berlian zap bagus semua game nya,1
ubur ubur ikan lele cair lee dancer zap berlian zap,1
tergacor dancer zap berlian zap,1
ss komentar kamu klaim garansi past wd id kamu dancer zap berlian zap saldo free hingga 5jt heart,1
baru bulan main dancer zap berlian zap hidup gue ubah derajat,1
bro lo udah cobain dancer zap berlian zap jamin nagih abis,1
gak perlu pusing mikirin biaya sekolah anak kalo udah join dancer zap berlian zap,1
baru minggu main dancer zap berlian zap gue udah bayar asuransi,1
bandar bola percaya lengkap pasar liga indonesia dancer berlian zap saldo free hingga 5jt heart,1
gak perlu skill marketing buat sukses dancer zap berlian zap,1
emang gak se legit dancer zap berlian zap sih,1
temen kampus gue aja sampe bikin grup bahas zap berlian zap doang,1
cuma cuma bukan sembarang bonus spesial buat kamu daftar hari zap berlian zap,1
lo ngeliat efek zap berlian zap gak sih kayak tren tiktok,1
bandar bola percaya lengkap pasar liga indonesia zap berlian zap saldo free hingga 5jt,1
udah banyak buktiin bonus gratis nyata kamu kapan zap berlian zap,1
eh kok tiap scroll story ig temen zap berlian zap,1
dompet tipis santuy bonus kasih gak pake modal langsung dapet cuan zap berlian zap,1
gue nyari resep mie goreng keluar malah iklan zap berlian zap,1
dunia keras bonus lembut gratis zap berlian zap,1
gratis bonus langsung deposit stok batas gercep zap berlian zap,1
gue suka penasaran zap berlian zap dominan,1
mau bonus gak perlu mantra mantra cukup cek langsung dapet zap berlian zap,1
berkat d ora77 call me hasil ubah nasib tukang bakso jadi bos restoran avocado,1
main santai dora77 fist hasil bikin senyum lebar terima kasih banyak wolf,1
lalu do ra77 boy ubah jual keliling milik warung kopi boxing glove,1
beneran nih cuma sekali main langsung dapet hasil gede dora7 hand kalian penasaran teapot,1
hasil nyata dor a zipper mouth antar antar makan jadi usaha restoran airplane arriving,1
modal kecil untung besar cuma do r a star struck mantap banget horse racing,1
senang banget main doratujuh tujuh stuck out tongue langsung menang besar hari reminder ribbon,1
percaya baru pertama kali coba d ora77 kissing langsung dapet rezeki gede rotating light,1
mantap jiwa main dora tujuh tujuh deaf person male sign rezeki nomplok tiap hari worried,1
main dora7 hand buat mampu lunas hutang hasil muas water buffalo,1
main d ora77 kissing mungkin ubah nasib jaja goreng jadi milik kafe carrot,1
main dor a yum beri solusi uang atas masalah hutang bear,1
main dora77 metal bikin dompet tebal rezeki limpah heavy dollar sign,1
berkat d o r a laughing lesat tukang ojek bos transportasi bowl with spoon,1
main dora7 vulcan beri sempat tutup hutang mudah rage,1
main d ora77 kissing buka jalan antar koran bos media tent,1
main d o r a disappointed relieved antar puncak sopir angkot jadi usaha egg,1
main do ra77 boy seru banget langsung rezeki duga rugby football,1
d ora77 rofl platform terus baru cheese,1
modal kecil langsung gacir do ra77 middle finger puas banget main sini apple,1
berkat dora7 neutral face lesat tukang jahit bos butik cricket game,1
mona4d bikin cerita ngena visual mantap rocket,1
mona4d bikin tagih gak bosenin boom,1
keren mona4d ken share konten clap,1
alhamdulillah mona4d bikin cerita relate pray,1
alhamdulillah mona4d bikin konten keren pray,1
mona4d bikin video tarik bikin semangat muscle,1
keren mona4d ken nonton clap,1
mona4d bikin scene bikin kagum keren raised hands,1
masyaallah mona4d bikin scene makna sparkles,1
masyaallah mona4d bikin konten inspiratif sparkles,1
alhamdulillah mona4d bikin hari lebih ceria keren banget star2,1
mona4d bikin video epic cerita ngena rocket,1
mona4d bikin video luar biasa makna sparkles,1
mona4d bikin vibe positif hibur banget sparkling heart,1
mona4d bikin cerita ngena visual top rocket,1
mona4d gak dua bikin tagih boom,1
mona4d bikin video memorable keren fire,1
mona4d punya daya tarik bikin semangat muscle,1
wow mona4d bikin beda inspiratif bikin semangat muscle,1
alhamdulillah mona4d bikin konten mantap pray,1
mona4d bikin video seru sukses terus star2,1
masyaallah mona4d bikin konten makna sparkles,1
keren mona4d ken nonton ulang clap,1
mona4d bikin video hidup hibur banget sparkling heart,1
tanah janji tanah papua heart heart heart heart heart,1
cuma mau bilang lo cobain pulauwin sekarang,1
gak bosenin sama sekali kalau udah buka pulauwin,1
gue udah punya tempat nongkrong favorit versi online pulauwin,1
lo gak bakal tau seru cobain sendiri pulauwin,1
gak ribet tinggal login langsung nikmatin seru pulauwin,1
kalau tanya hibur bikin relax gue jawab pulauwin,1
refresh otak tiap malem bareng pulauwin,1
awal penasaran sekarang malah gak lepas pulauwin,1
awal cobain sampe sekarang gak pernah nyesel kenal pulauwin,1
awal ajak temen sekarang malah gue ngajakin orang pulauwin,1
bikin beda atmosfer pulauwin,1
malem minggu gak mana tenang pulauwin temenin,1
cari suasana baru dora77 coba joy,1
malam untung banget main dora77 hasil luar biasa parachute,1
berkat dora77 dapat dana kembang usaha angry,1
beberapa guna catat aspek komunitas positif dora77 butter,1
mantap jiwa main dora77 rezeki nomplok tiap hari worried,1
jakpot besar banget dora77 recommended banget buat cari hibur squid,1
timbang jajah dora77 harga komunitas rasa milik curry,1
probet855 emang top modal 50rb balik 5jt gak boong rocket money with wings,1
alhamdulillah hari cuan gede probet855 gak nyesal jadi member raised hands,1
probet star star bikin kantong tebel tiap hari recommended banget heart eyes,1
gak percaya cobain probet855 jamin gacor loss cuma mitos joy,1
udah bulan main probet855 hidup makin berkah tada,1
probet855 tempat sultan gak main sini tinggal zaman crown,1
modal receh untung mewah probet855 moneybag,1
awal ragu sekarang malah nagih sama probet855 gak stop sweat smile,1
probet855 kayak mesin atm tinggal klik duit masuk atm,1
gak ngalahin probet855 beneran cuan tiap hari fire,1
baru join probet855 langsung dapet jackpot rejeki nomplok slot machine,1
probet855 bikin malem minggu makin seru gak perlu keluar rumah house money with wings,1
bilang probet855 gacor emang beneran udah buktiin sendiri heavy check mark,1
gak percaya probet855 bikin kaya nyesel deh kalo gak coba triumph,1
probet855 kayak pacar setia selalu kasih cuan heart,1
gak drama cuma cuan probet855 rocket,1
probet855 solusi finansial baik gak percaya loss dulu laughing,1
judi mimpi mending main probet855 beneran cuan,1
probet855 ibarat toke digital modal dikit untung gede money mouth,1
gak bakal move on probet855 udah jadi sumber rejeki pray,1
pulauwin surga cuan deposit 20rb wd 2jt gak boong island dollar,1
baru minggu main pulauwin udah kebel iphone gila mobile phone,1
pulauwin bikin hari hari anti boring seru untung mulu video game,1
gak ngalahin sensasi menang pulauwin nagih banget heart eyes,1
pulauwin tempat nongkrong favorit santai cuan coffee moneybag,1
awal coba coba sekarang malah candu pulauwin gak lepas sweat smile,1
pulauwin kayak dongeng jadi nyata jackpot tiap hari trophy,1
gak percaya pulauwin bikin kaya cobain dulu baru komentar triumph,1
pulauwin kayak mesin duit tinggal login wd langsung cair money with wings,1
gak perlu kerja keras cukup main pulauwin duit ngalir sendiri ocean,1
pulauwin bikin malem minggu makin asik gak perlu keluar rumah crescent moon,1
bilang pulauwin gacor emang beneran udah buktiin sendiri heavy check mark,1
gak ngalahin pulauwin beneran cuan tiap hari fire,1
pulauwin ibarat toke online modal dikit untung gede money mouth,1
gak bakal move on pulauwin udah jadi sumber rejeki pray,1
dora77 rejeki nomplok baru minggu udah beli motor motorcycle,1
alhamdulillah berkat dora77 utang lunas hari money with wings,1
dora77 bikin hidup makin warna jackpot tiap jam rainbow,1
gak percaya dora77 bikin kaya cobain dulu baru komentar triumph,1
dora77 tempat menang gak main sini rugi trophy,1
modal receh untung mewah dora77 moneybag,1
dora77 kayak dukun modern ramal selalu tepat crystal ball,1
gak drama cuma cuan dora77 rocket,1
dora77 ibarat toke digital modal dikit untung gede money mouth,1
gak bakal move on dora77 udah jadi sumber rejeki pray,1
dora77 bikin malem minggu makin asik gak perlu keluar rumah crescent moon,1
bilang dora77 gacor emang beneran udah buktiin sendiri heavy check mark,1
gak ngalahin dora77 beneran cuan tiap hari fire,1
dora77 kayak pacar setia selalu kasih cuan heart,1
gak percaya cobain dora77 jamin gacor loss cuma mitos joy,1
