clean,label
mobil udah hancur pleading face,0
moga lekas recover mobil mas dipo,0
yapping mulu anjir kagak jawab sistematis realistis,0
sekarang udah brp dislike thumbsdown thumbsdown thumbsdown thumbsdown thumbsdown thumbsdown,0
keren bngettttt,0
makantuh tengah jam,0
rasa dengar orang kampanye sweat smile,0
dikit2 iphone lu napa bro xd,0
orang presiden joy joy,0
kesel gue pas kepala babi malah bahas perang dunia blunder,0
banyak kata lumayan,0
velg nya cakeppppp drooling face,0
truck ev blm,0
baru tau barusan gue ikut dislike joy,0
mas amba kyny lebih tau realita lapang,0
salfok booth airbft rofl,0
beli aja uda neng banget gimana klo uda munyain,0
nama aja the elite emg elite gaada yg norak kek pasar malem,0
tirta cipeng ahok gas,0
manusia biasa joy joy joy joy emang,0
tuju bngt,0
jokowi mulu sebut,0
bobrok bawah sama pimpin kupas tuntas,0
who hurt you sweetie heart,0
wkwk sama bg linggarprasetyo9804,0
pt apa bang,0
penting jadi presiden tada,0
dapat,0
worst president ever,0
youtube premium,0
jujur cakep bener livery nya asa tamiya rame cakep,0
samaa wkwk,0
asli gd baik sukses terus gd fire fire fire,0
plango plongo doang yg bikin gereget ken sikut biji mata joy,0
harga jaecoo j7 mirip sama zenix,0
only one word that i wanna say yakan relieved,0
gasss sih bikin motor ala jejepangan wkwk,0
kmren milih siapa,0
jairo,0
mbg kak bukan mgb,0
ahmadluthfiprofile pake iphone lgbt,0
mobil akang mv gt86,0
asc monster tim roadbike nya thumbsup,0
hindar tanya kyk ngehindar debt collector aja joy,0
kalian sadar gak sih kalo jokowi gak pernah podcast mana,0
mhhaekal mah emang caper aja akun punya sendiri coy,0
kosong mass sweat smile ngga bobot,0
nyobain barang aneh eps kapan dih bang,0
ngeri bang gk lepas joy joy,0
ken tertawa tp tak tahan takut,0
prabowo tu negarawan sejati brow heart heart heart,0
layak like tertinggiii,0
ilhamantariksa2223 coba jelasin semua pinter poin pa yg pngin prabowo joy,0
mana duit,0
orang penasaran aja yg beli hp,0
anjer langkah kalah wkwkwk,0
tuju nih modif motor,0
jamin bakal lebih ngaco,0
riko syahputra96 tp merdu si bang,0
ahmadjuli8783 kalo bikin video se hebat garasi drift baru bilang biasa aja,0
ngak punya kapasitas,0
kan emang lgi setting ksna sm pdip,0
anak abah pedes2 ngomong nya,0
dislikenya sembunyi,0
nice banget bang,0
kagak usah panjang komennya si fufufafa kagak bakal nyambung,0
gua lebih suka jawa pimpin,0
siapin mental pak buat nyusul kayak mertua presiden korsel,0
lucu banget joy joy,0
m rakhapa hooh harga suara palsu 60jt,0
dimasseto7248 kamu tau ketawa karir,0
i phone nang liat harga huawei,0
apasih buzzer cumi,0
ga bayang gmn ziko kalo ngemodif motor tunggu,0
keren pak ahok joy,0
subaru crostrek dipo crash formula drift dipo kalah,0
ga pasang lampu rgb bang rofl,0
takut salah lipet sih,0
sad but trueeee,0
trendingkan fire fire fire fire fire,0
bagus komentar kak video stop aja,0
mobil kayak gin dipake buat pro obel langsung masuk pro,0
gak usah,0
sipaling proses,0
gokilllllll,0
beli iphone samsung lah,0
kasihan wapres ngga malu jg,0
iphone ketar tir liat sweat smile,0
kalo besok2 sulittt,0
jangan ngehate mas gibran,0
kesini cuma buat mau bacain komentar nya sweat smile maaf,0
ini presiden yg kalian pilih gess,0
anies gak usah ngelawak,0
bayar berapa,0
selamat moga saji entertain epik,0
wah bakal jalan strobo nih wkwkkw,0
ga bayang bakal sekerenapa kalau brz v8 nya obel tandem sama br ziko,0
bawangg bawangg face holding back tears face holding back tears sneezing face sneezing face rofl rofl rofl rofl,0
ngomong kayak kumur kumur gk manfaat,0
pinkgangsta6157 sumpah bagi kyk ga masuk otak aku dlu,0
broom 404 yaah generasi gk guna move on doong rofl,0
nyari krja susah smpe orang tua bantu nyariin kerja joy joy,0
pandji malu joy hahaha catur nya lmgsung kalah dimenit2 awa,0
komennya langsung serang buzzer nya,0
s15 mesin r35 heart samaa gtr r35 emasss damn,0
cumi2 g bang,0
tim yg udah punya sblm riview,0
no tempo no party,0
mercedes tetap konsisten ga ikut iims sweat smile,0
pajak tahunanny brp trims,0
suara gokil dah dash dash dash dash dash,0
kesini cuma mau tekan tombol dislike,0
robbyzulhaq rz6725 postingnya channel pribadi ziko bukan chanel garasi drift,0
minimal nyimak kalo mau buat bakal up chanel pribadi,0
ga siap gan,0
real ahahahhaah,0
hidup jgn pesimis bro semangat tetap optimis,0
jaka sembung bawa golok,0
aku timur barat,0
gak ditest gaming rasa kaya yg ganjel person shrugging male sign,0
cuma bikin risih org,0
lucu lawak,0
pulang tinggal nama,0
we are so fcked up fr joy,0
jasa skip,0
menit ahok udah skakmat kan terus udahan aja acara sweat smile,0
salfook sama ae86 joy,0
ridwan ngmg om mob lu lu woi tua om mob lho,0
hahaha gak punya chrome joy,0
jarak rumah jauh mungkin alas,0
lol moga versi gibran wkwkw rofl rofl,0
hape terooss,0
kosong kosong cry,0
jawab ttg bab1 masak,0
gokilll sii,0
munggu depan,0
tuju lanjut dialog wakil,0
2x bahkan blush,0
crosstrek relly cosplay,0
joy joy ksni cmn dislike,0
kalo tukar tambah sama nexian brapaan tambah bg,0
hayo ngaku siapa sesal joy joy,0
lu nabung bro minimal buat beli suporter version,0
episode paling gw suka heart eyes heart eyes heart eyes heart eyes heart eyes heart eyes,0
furina focalor deret bgg kek joy,0
jelas ko jawab pak presiden kau ga nangkep,0
jadi kesini nih sweat smile sweat smile sweat smile,0
mustahil karna ahok skck,0
buat yg bingung anak bpk ahmad sahroni,0
sangat fiktif banget ide,0
hapus link w,0
komen paling akurat champagne glass,0
review rx arif muhammad bang,0
status kirim sedang kemas,0
otw beli kopi kapal api,0
temen temen,0
wkwkwk cepet udh korban citra kdm,0
pagi pagi dah dapet kejut fire,0
team selalu nonton jarang komen joy,0
dimasseto7248 woh manggut manggut arti tuju yak wkwk gokil pikir lu,0
wakil anies baswedan,0
nyata,0
valentinus resa sana biar vibesnya jadi beda,0
moments nya asa fd heart heart heart,0
omke gas omke gas,0
memang cakep sih fire,0
us banget nyata us pakek sni ta joy,0
jadi gejala awal bagaimana,0
galak banget unit nya,0
gd ter best heart,0
lockysigarlaki163 banyak bobrok coba sebut,0
kdm ahok,0
omon2 angkat elektabilitas joy joy,0
kdm ahok baru okee,0
untung baca komen lu joy,0
tombol dislike mana ni udh berapa ribu ko ga kliatan wkwk,0
suka bener kalo ngomong joy joy joy joy,0
klo lolos piala dunia laris manis nie jersey,0
tim nonton pake xiaomi relieved,0
berisik iri previlege tp prestasi inter why not,0
next ust felix om pandji,0
lebih lebar,0
tunggu tunggu akhir nya naikin gaji editor vidio hahaah,0
ev yg ban serep,0
tunggu,0
kelas david gadgetin heran heran rofl,0
gila bang dipo keren bgt mobil,0
tanya paling keren seru tektokan nya mba nana kelas emang,0
laju batas joy,0
yg aku tungggu2 heart heart heart,0
masa depan in tablet sekaligus hp,0
kecewa dengar jawab ruu ampas aset,0
apa yg punya erigo,0
latih baca pak wapres ku alhamdulillah lancaarr,0
air liur nya keluar om sweat smile,0
kalo tau bensin ap yg pke ethanol,0
ga kyknya ferry mah too far to copied joy joy,0
motor oss dete sikat bang ziko modif motor jadi ngabers joy,0
duh gimana yah,0
menteri tinggal maju raja wkwk,0
sukses terus sehat selalu om fitra eri om mob,0
sabar lh dngn pilhan mu joy joy,0
sangat inspirasi jalur cepat jadi wapres,0
faa3457 k9l santai wae kok koe sewot,0
pebriyandwip5830 apa contoh nya,0
tim langsung ngimpi point up,0
angeliart hehehe mah buzzer rofl,0
emang paham pak joy joy,0
mantap nih mas,0
hikaru ngeliat magnus blunderrr wkwk,0
kayaknyq mqs ismail terlalu lebih dah,0
lah naif kau pilih partai dukung nya,0
pleciden omon omon sweat smile,0
fokus nonton video x fokus baca komentar white check mark,0
jalan2 keluar negeri ga bahasa inggris rofl,0
kan emang anggar baik jalan rupiah tahun joy,0
yg belah organ kamboja kaburrr yok bisaaa,0
tim yg beli doang gak nonton,0
update mobil s15 mu mana bang udh kangen kagak liat,0
velg nya pakai semua jadi nya copot dulu brz joy,0
selera dipo mah emang g pernah salah,0
narkoba presiden sih oknum2,0
gasss and goodluck mas dipo,0
makanya bikin pertanyan to the point joy,0
dah pesona memang jodoh laksana hand,0
lebih doang bang biji joy,0
youtube indonesia serang bot judol,0
bang wilayah mu kencingin bang,0
mah bukan mobil moowwwwbiiiiilllll,0
wajib review supra sih gua keren banget soal,0
anjir udh serius asik tiba2 skakmat wkwkwkkw anjer wkwkkw joy joy joy joy,0
nonton pake huawei nova 5t sweat smile sweat smile,0
gin contoh sdm rendah ngerti isi bicara presiden,0
kaga sebut tuh,0
mulu heran gue,0
mobil nya keren spek mantap buat drifting,0
org dang mending mikir 100x,0
alhamdulillah,0
juta ajaa,0
gila asli mentok kanan banget mobil beuh,0
how to purchase in india help please,0
ngeri senggol jatuh pas lg buka patah gmna rasa y,0
salfok sama kerah tinggi belah,0
moga beliau beri jalan yg atas,0
ngejostenan thumbsup thumbsup thumbsup,0
haduhhhh mending jangan,0
om mob s epic moment,0
dapet perek uzbek biji,0
ken banget liat honda cs1 modif adventure ala ala atenxkatros,0
nya kayak kenal punya akang mv kan bang,0
tau bgt nih panji jgn malu2in lah bang pandji,0
promosi apa sih ni,0
kapan akhir ikut pak,0
radityasans iya lg sweat smile muter muter,0
emang kamu tahu apa yg kamu omongin wapres zonk,0
nathankirt376 waduh extratime kaya ka,0
wow pantas hitung,0
wkwkkwwkk emang bener,0
hari jumat gada video nih,0
gue ken asisten bilal asmek,0
lanjut si fufufafa yg ajak diskusi,0
gassskaaan bang ziko ngaber joy,0
gokil 2466 lah trus manggut2 raut muka gitu tanda apa,0
you spit fire bro fire fire fire,0
harus pake backsound eeeeeee aeeee aaaaaa,0
lambo lbwk,0
izin nanya alas kaum pilih pak prabowo apa cry,0
info kak gua mau kabur dulu wkwk,0
tugas kuliah,0
keren banget bang dipo scream lebih keren bumper depan sangarin,0
ber tele tele,0
ismailadrian f2e tahu apa tahu bulat,0
keren banget bang,0
ga rubah turun jabat,0
ga mungkin si joy aja banyak cut,0
susah bro banyak kadrun ga tuju,0
adnansaputra f1c sdm rendah bgini jngan buzeer,0
replika aja keren bang apa original nya bang joy joy joy,0
omong opo bran gibran,0
lah iya yah biasa jumat sore,0
kurang satu nih personilnya,0
beda level huawei jauh atas brand comfortzone yg,0
juta cuman bilang aja joy joy,0
bonus paman bapak,0
tempo kaga ajak anjayyy joy,0
mainset apa dah zer buzzer sibuk jawabin satu2 wkwk,0
mio sih seru,0
mana sih video asli,0
bang review king finix note pro 5g,0
ayo gess biar gak dpt bonus,0
salfok sama rollroyce yg belah nya sob,0
keren natural banget o on nya,0
tumben banget sweat smile,0
kosong bener,0
udah coba validasi data blm pak yakin gada gap,0
orng2 yg beli nih hp udh ga mandang servis nya rusak ganti baru,0
baru aerox ngorok gokill mr atenk,0
ishowspeed beli kemarin pas china cry cry cry,0
bukan mobil koh william,0
no hp nya keren maju maju bos bos tada,0
sama,0
sya liat peluang raut wajah bapak,0
si paling tau lo ye ebonykkk x7u,0
belimbing sayur ngerti apa,0
om review mobil koenigseg jesko yg baru datang tda dong sweat smile,0
angeliart buzzer hoam bgt jangan obvious bgt lah,0
wapres ganti ai aja,0
kek jt daun aja negara uda kere,0
komen basi gin,0
arcturus1893 biasa orang tua emang gitu tanya apa jawab apa,0
bang ziko modif motor langsung rata kanan joy joy,0
kurang tidur banyak main ps doang,0
najwa sihab the real mvp tanya bobot jawabanya narkoba sweat smile kasihan,0
aakhirnya david jajal huaweiiii smiling face with 3 hearts heart eyes,0
gas modif motor channel ziko,0
sakit mobil emnga elu joy joy joy wan wan,0
tengah nyindir,0
jual ginjal sana kebel rofl rofl,0
usia produktif lapang kerja suram joy joy joy,0
anggorodps 9 joget dulu dong boy,0
salut bgt jurnalis nahan diri buat ga gebrak meja,0
gimana gua skat lu mati joy joy joy,0
larchy1324 iyaa emang laksana paling top karoseri mah ecek ecek,0
prabowo stress,0
bikin pusing pala,0
kesini cuma buat dislike doang,0
lebar panjang gagah kuadrat lah poko,0
mah cuma omon omon ndusma,0
mobil dipo gimna tuh,0
kristiansutanto rakyat mau milih kan ga tau jg depan gimana,0
wkwkwkwkkwkwwk,0
gabisa nyetir,0
mr a still the best,0
ngeri2 gabisa nerima kritik soeharto v2,0
setia samsul hadir,0
laahh seri satu tp nya ntah brp smiley face with hand over mouth face with hand over mouth,0
bang ajarin cara nge drift dongg grin,0
napoleon pakai kenalpot modif,0
vidio pause lihat komen,0
ikut jamaah dislike joy joy joy,0
ziko pngen jadi ngabres joy,0
bonus demografi x bonus nepotisme white check mark,0
wih subaru brz driftng suara paling gokil v8 dash dash dash dash fire fire fire,0
aja beli indonesia joy,0
bg tecno common pro yg layar lengkung,0
realme 5g bang heart heart heart,0
apa pak rukun mulai kalian hey face red droopy eyes,0
kereennn bageetttt bang boom boom boom boom boom boom boom boom boom boom boom boom boom boom boom boom boom boom boom boom boom,0
mc nya paid actor ajg glazing parah nge mc mah mc aja bro,0
menit langsung skakmat,0
moh gua kalau anis bacot doang kerja kgak,0
review barang aneh bang up,0
mana episode crostrek,0
wih closinganya video pake mesin v8 fire fire fire fire,0
inflasi rendah sweat smile tuh apa,0
tiramusi info daftar nya bang joy,0
salam jwaselatan,0
anggorodps 9 coba jelasin wir apa yg lu tangkep prabowo,0
kapan review vivo x200 ultra bang penasaran bang cry,0
gg lu bang joy fire,0
parah forza nali,0
mba nana paling greget tpi sayang jawab tdak sesuai harap,0
kaki ridwan knp,0
heart weton88 heart,0
hp hp lipet tipis gin jadi ken iseng matahin sweat smile sweat smile sweat smile sweat smile sweat smile sweat smile sweat smile sweat smile sweat smile,0
solusi lah kok tanya joy joy,0
soal makan gratis ntt pas bapak udah selesai masa jabat joy joy joy joy,0
mantap fufufafa,0
buset ring kamera nya aj make bahan baja open mouth,0
berkat ntn jd dpt nick name baru utk pak wowo macan sirkus joy,0
pinter cari uang kalah pinter hemat uang,0
realisasi,0
gema 17 buzzer nyuruh ajar guys tepuk tangan in dulu yuk clap,0
mang eak,0
sama nyesel gw pilih si wowo,0
ribu dislike pirsa hahaha,0
akhir keluar episode ditunggu2 tada blush,0
dislike sembunyi,0
thankyou bang,0
kox lebih fokus kekomen video joy joy joy,0
nasib driftpig gmn,0
boikot gibran,0
judi online sekarang spam youtube face with symbols over mouth,0
50juta an aja sweat smile sweat smile sweat smile sweat smile,0
coba hitung brp kali om mob om fitra nyanyi lagu ali on,0
apa iphone,0
tanya dong pajak phev mahal nda awat ribet nda,0
ga seru ah ga nyerang perintah sm jkowi,0
ganggu banget mobil tot tot nyepil,0
apa tanya ai jawab,0
puas mandangin ganteng,0
macan udah ompong pak,0
mah ngehina,0
minggir lu miskin joy,0
nonton ny huawei matepad smile,0
uni lubis nyeletuk supersemar sweat smile sweat smile sweat smile,0
djarum super kan,0
apa mobil yg mirip film captain amerika joy,0
sangat ksatria heart vs juta,0
yuhuu salam kalbar,0
menit kata abang ojol bang udh bang gw bkn lawan lu joy,0
hasil kamera mantep sih pas daylight cakeeeppp,0
bagi nyimak doang,0
tambahin dikit dapet mobil joy,0
feri amsari heart,0
mntap poll panutann,0
kerja malah kampanye,0
support sama m pencil ndak,0
one of the kind ahok brainy honest kind heart pray,0
dpt salam dr alex joy,0
ahok batak haha,0
tuju kingfinix sunglasses,0
spill mobil dipo dong,0
puma speedcat bikin ngiler,0
exploding head luar by china,0
alhamdulillah mantap lanjut id blue heart,0
halah kerja minta cari sama bapak,0
gabisa jatuh dicurangin doang wkwkwkwk,0
tunggu pak ahok jdi presiden tunggu pray,0
daaaaaaannnnn,0
adesendyfirmansyah8647 betuuuul jdi yg omon2 sebenernya siapaa yaa,0
udah tamat nih modifnya sweat smile,0
yo ndak tau kok tanya joy,0
aku tarik kaki robotik drpd mobil joy joy joy joy,0
luar biasa bpk presiden,0
susah joy saing gibran joy,0
aliass joy sweat smile,0
mantap gd thumbsup thumbsup thumbsup selalu jadi panutan driftter indonesia heart eyes heart eyes heart eyes,0
mampir sini cm mau nitip jempol balik,0
sayang bgt velgnya takut face velgnya nabrak pas tandem wkwkwk,0
wahyuningsih4156 terimakasih jokowi hidup jokowi,0
w jual yg kw harga jangkau,0
presiden keren kok yg nyinyir,0
nonton cuman seru baca komentar joy joy,0
velg bagus dikomen ngantuk sama org2 yg gapunya taste kacaaaww sweat smile,0
anis ahok kata lucu,0
kagak mutu sama sekali apa nih,0
sesuai budget,0
mana crosstrek moyai,0
nungguin unboxing realme 5g,0
tanya serius kok menu dislike nya hide yah,0
mobil raksasa hummer memang mobil mobil buas banget,0
inti kerja kerja kerja joy,0
nmax lipat tiga coyyy,0
malah bagus arogan arogan koruptor pantes tuh,0
gak usah banyak bicara le kau bilang kata salah,0
aku beli kemarin 55jt an,0
gw lg toko hp bang lgi milih warna mau beli,0
bang riview hp vivo y19s pliss neutral face neutral face neutral face neutral face neutral face neutral face neutral face neutral face neutral face,0
global ndasmu zany face zany face zany face,0
luar biasa presiden jam jawab tanya duduk non stop smile,0
motor luster wak masuk vlogg wkwkwk gokill,0
iye bang gw minggir cry,0
berantas korupsi pertamina jadi tanda tanya,0
masa depan loe aja kali yg gelap indonesia mah kaga joy joy joy,0
bang review tws ep73x,0
gass modif motor bang wkwo,0
stop judol,0
tunggu video driftnya,0
cakep bener,0
kalian moyai,0
kayak tugas kuliah aku joy joy joy,0
ngantuk yg sama,0
satir sadis agan wkwkwk,0
garasi drift punya mobil stance livery rame,0
kdm jangan masukin jabar butuh sosok beliau sweat smile,0
siapa emang,0
bg next review lexus lfa bg,0
anak syahroni gk salah lu ngerrr,0
perlu pin,0
kok yng komen banyak yng sinis yaaa,0
cuma ngimpi joy joy joy,0
siuuuuuuuu,0
ikut bangga mas dip,0
umrohhhh gua harga segitu sweat smile,0
gua beli iphone pakai untung kripto,0
team dislike handshake,0
kesini cuma ken baca komen aja tp video gak tak lihat muak,0
trending sih ini gua,0
episode paling senang tonton dr yg sip,0
ga liat jawab,0
hadir tada tada heart heart,0
salfok sama oren lewat belakang joy,0
crostrek nyaa baaaaaang,0
bang bahas mobil lawas aja bang udah bosen sama ev ev,0
awkwkk fix gua gada bakat jadi jurnalis hebat respek joy,0
hahahaha artificial sukses nepotisme joy blush,0
tuju emg jelas sih buka lowker buzzer wkwkw,0
beranta,0
wahh pantes anak ahmad sahroni sweat smile,0
gila sih keren bener,0
tuju banget tada,0
wi wort de tok not onli tok detok,0
baru realis udh cres cry,0
kapal api,0
mending nonton boboboi moyai,0
air ev hitam good thumbsup,0
50jt an aj,0
sayang harga 50jt blom support 5g,0
gaada banyak sponsor kelassss,0
apple salip sama huawei,0
tukang shotingnya kbanyakan review orang drpd mobil joy,0
harus lipat sih biar sekali jadi monitor,0
ngomong apa jawab apa joy joy joy,0
yaelah jii jii menit harus tuh wkwkwkkwkwkw,0
lanjut oneplus 13t bng,0
klau buat keluar kota mobil gkk,0
tuju sekal modif motor,0
bicara bukan presiden,0
gass bg ziko,0
bonus asam sulfat paman mk,0
tambah lampu neon pink mas dipo mobil,0
najwa is cooking fire fire,0
mau bikin hp 5pintu lebih canggih lg sweat smile sweat smile,0
parwis dominan jb5 sr3 akap mual banyak skyleder,0
pfffttttt,0
sx gpsport mesin buat serapih s15 vr38 bang,0
mobil baru jadi rusak cry semangat terus bang buat final lanjut nya muscle,0
nepobaby sweat smile,0
bawa powerbank bang joy,0
iri bos bapak nya situ ga kaya kasihan miskin wkwkwk,0
anies ngucapin bela sungkawa pope francis aja kaga joy,0
kaum dang mending mending pilih byd jaecoo mas,0
kalo buzzer msh pelihara susah kak dpt pimpin yg bagus face with hand over mouth face with peeking eye,0
pernah pake daily huwawei ko,0
mimpi apa punya wapres kayak gin,0
wajar kelas gak saing jadi semua gak masukin,0
nontonnya cepat berapa,0
dilann9 gw jawa tengah blm,0
ganteng proper parah si bang demen liat nya looks nya nice,0
menit doank pandji kalah catur ama ahok joy joy,0
da kebel sempak baru joy joy,0
request tanya jawab wapress,0
kagak ngejawab apa apa dah sob,0
pisaulipekstikerbatam emang pinter gak milih prabowo,0
kalo suara koh ahok kagak serak udah jadi presiden kek,0
clap clap clap clap clap tepuk tangaaaan tada,0
mascar007 lahhh gaji buat nyari solusi,0
nah bener kan kurang gede ga sih cuma opening doang gede,0
klo cuma baca text mah semua rofl,0
pelihara anis,0
gas beli mio bang rofl rofl rofl,0
uni lubis deserves man of the match sweat smile,0
kdm mulyono in another persona joy,0
bang sering upload bang cape nungguuuuuu cry,0
langsung beli,0
kasih tanya abcd malah ngejawab esay joy,0
tugas kuliah lebih baik,0
gasss fire fire fire,0
mandaloriaan how dangkal narik simpul,0
video review mobil farel kapann cry cry cry,0
gak sabar ken liat punya farrel fire fire fire,0
real okon omon prabowo,0
lu tuh gak ajak,0
kencang parah drooling face,0
eh kirain tiap jumat dong uploadnya,0
banding balik lah,0
marahin bang wkwkwk,0
yutub gak sih hapus aja video gak pantas kali joy,0
knpa gak bahas mobil om fitra,0
bang sen sama orang gudang lebih murah redy cepat joy face with open eyes and hand over mouth,0
kalo la diva aa ikut diskusi lg seru,0
gw dah nebak skak mat langkah wkwkwkwkw,0
udh po gw dpt angka 52jt nih,0
sepeda udah ga maen golf,0
openingnya about you,0
dipo ga diboostni,0
fazcom waduh pantes premium semua liat,0
wapres konoha joy joy joy,0
cakep parahhhhhhh sob sob,0
sandymartono7029 dukung asli muncul,0
h putra ahmad saron kalau modif rata kanan joy blush,0
wkwkk kalau pandang benci benar apa lihat,0
sabar allah smiling face with 3 hearts smiling face with 3 hearts smiling face with 3 hearts,0
ga espek kalo jadi ganteng mirip mobil really,0
larry chen spotted doi jadi rajin south east,0
gak jawab apa,0
demo provinsi siapa yg kuat biaya sih wkwkwkkwwk,0
4m an harga,0
rafy250rr mau buat somalia apple apple joy,0
manis blush,0
tuju indonesia emas 2045h fire fire fire,0
tunggu bg bimo turun balap,0
sangat malu punya wapres,0
keren jersey nya siap buat koleksi open mouth,0
gas riview supra,0
belok kayak accord maestro sweat smile sweat smile sweat smile,0
kia ev5 mana worried worried,0
ipk koma apa joy wapres hasil bapak,0
gas main v8 fire fire,0
bayar berapa komen begini goceng gak cukup buat makan hari,0
bingung mobil keren keren,0
hahaha i bet it never happened sweat smile blush,0
terlalu pintar presiden bawa orang damping,0
yapping yapping joy,0
bagus buat nonton mu yg kacau epl sweat smile sweat smile sweat smile sweat smile,0
lockysigarlaki163 tuju ahok cocok sama aguan udah dulu akrab tuh,0
pemuda suruh tangguh kerja keras tp yg ngomong bisa,0
ga sesi tanya jawab,0
pemuda paling pintar se indonesia blush,0
yg jual kulkas ortu jg banyak joy,0
gas main motor bg,0
didik butuh makan margono joy,0
ga isi kepala cuma baca teks doang anak sd,0
jabat gx bs kerja joy,0
ribut cx80 d sini ksa udah cx90,0
thanks bro the use vf,0
terlalu banyak,0
antosp1869 saing iphone bang,0
bellayabyikka kan admin team youtube khusus,0
kdm dong bang gubernur sangat cinta warjga jabar,0
jawab nya memang bener bener orang tua kolot,0
meetnitelive serius tanya jawab langsung masak aja tada tada tada,0
ngetiknya blepot pak,0
heart heart heart jangan judi teman teman blush blush blush,0
iya heran mpe enek ulang mulu mbg,0
yok om mob om fitra om ridwan aceh,0
harga 50jtan aja,0
wet bumper apa tuh pojok kiri bawah,0
coba rely bang,0
kalo bus wisata pesona nya pakai ap lihat elegan joy,0
bang pandji undang kang dedi mulyadi dong gubernur jawa barat sekarang,0
lertzy iya aku nungguin ni,0
cape banget liat begini tiap waktu,0
telek kucing cat,0
bang gw punya suv taun lama bangun buat ngedrift gak,0
triliun hasil nya gin doang sweat smile,0
baik abang,0
khusus mbak nana cuma kasih waktu menit,0
udah pura pura gak liat aja,0
bagus podcast demam tinggi joy,0
seres eh saras,0
kapan kapan bikin futura spek drift dong joy,0
ganteng banget tada tada,0
balum liat video aja udah gua dislike,0
miris keluarga benci negara,0
auto emosi joy,0
sorry q rakyat q dulu coblos prabowo karna gibran,0
kira kira baca hafal emg dr pikir nya,0
2jm nyampai gw,0
aku cuma mau bilang oke gass oke gass,0
bro coba konsep kaya bang ferry,0
blitar jatim,0
apa daya tak milik orang,0
tuju gilir gibran like thumbsup,0
wkwkwkwk preeeettttt,0
tengkyu brok yg gua cari blush,0
mobil china bagus2 semua model aneh2,0
wuiiiih mantap banget nich aku suka banget dech pokok heart,0
giat wajib acara event giias iims bareng om mob,0
klu jelek,0
buang buang waktu ujung ngeselin,0
iya benar kan,0
kosong isi ceramah hokage,0
hebat tetap pilih rakyat infonesia,0
wiiiiiiityy,0
nissan fairlady 350z moyai,0
murah njirr china aja y23 arti 52jt,0
gampang suruh orang istana ludahin,0
kece bgt lo bang bim,0
jawab prabowo cerita ban,0
pabrik nama apa daerah mana,0
poin nya lincah adaptif kata balita suruh lincah joy joy joy joy,0
sering sering dong om colab kalau ngereview seruuu nontonnya,0
firts bang,0
kalau sendiri bicara lancar kok ngak berani tampil kampus,0
shoot cameranya awal aneh,0
penasaran concept motor by ziko sweat smile,0
mrizky5653 joy joy joy kalau copot pasang kan,0
gass modif motorr,0
pakai huawei p30 sdh 5thn lbh skrg perfoma,0
tim beli tada,0
siapa semua yg udh pilih kaya iat,0
thx mas atenx saluting face,0
head head sama kdm bakal kalah kalow model popularitas,0
gabisa brooo potong moderator,0
gw liat player pubg yg make,0
fate v9f apa apa kok dikaitin game joy kocak pasar aja beda,0
dua sama pak mau gimana ga da pilih,0
bang bilal suruh olahraga bang biar ttp sehat,0
dukung anies ahok fire,0
bener ngakak gw dengernya padahal dengerin kerja rofl,0
letsss goooo buat bsk all in umbu fire fire,0
video bs ditakedown drpd nambah dosa joy,0
makhluk halus,0
asc kan panjang ahmad syahroni center joy,0
udah terang nih grin,0
kira mobil farrel,0
tanya presiden gk punya tim yg bacain berita,0
mana cross treak kamiii,0
paksa milih jokowi begini,0
inti siap,0
baru rp kumpul semangat cari sisa joy,0
potong gak bang terus buat gw wkwkwk,0
dongeng si momon,0
ntar jawab pake ai bg,0
kdm ga masuk radar bang panji,0
menit jm paling lucu hahah,0
sayang ga coba main game,0
bagus modif yah guna masyarakat kebun,0
ahok for ri indonesia makmur,0
maizarindra498 ngakak maaf gak aminin hehehe,0
maizarindra498 mungkin terlalu nyinyir bang santai aja komennya kawan joy,0
sunnysun7064 ahok aguan cocok udah akrab zaman proyek proyek dki,0
hemat pamer pake jet pribadi,0
sobat kuliner udah bilang bang ahok mau legislatif,0
iphone ga bikin hp lipat joy,0
apa bahasa guru gembul dicopas,0
mobil besar berat,0
dislike nya ga liatin joy,0
mobil impi,0
mas ziko kapan pasang anti lag sweat smile,0
jempol pertama apple kok gue sindir vid,0
he don t know the point and still denial,0
main catur cepat duniaa laughing laughing,0
jangan kaku gitu baca naskah nya pak wapres hasil bapak paman rofl rofl rofl,0
dedi mulyadi ahok maju sy pilih,0
salesny bilang saran kasih solar klo ngasih solar toyota,0
ngga mau aku mau huawei pura x please kapan rilis indo sob pray,0
ampun suhu,0
crosstrek mana bang sob,0
lululala3532 ga jg si rofl,0
episode tergokil fire fire fire,0
gas ngab zikoo konten mio joy,0
sekarang gd update video ngga hari jumat,0
garasi drift on top fire fire fire,0
my brother heart heart,0
yoii dong modif motor,0
nungguin ahok nyapres,0
kelas emang duit dpr v,0
mobil subaru emang keren my fav bgt thumbsup thumbsup,0
mba nana is still the same sweat smile sweat smile sweat smile sweat smile sweat smile blush blush blush,0
mantap pak ahok heart heart,0
rabb lindung negriku,0
tombol like ziko bangun motor utama mio sweat smile sweat smile sweat smile,0
apa benar isi kepala sendiri joy,0
fyi gaes mobil remuk event tadi sore,0
susun kata2,0
datuaksegala biasa bang benci debat jg gk menang,0
amfuuuuuuuuuuuuuuuun,0
diri sendiri aliansi,0
brz lebih keren gapake wing,0
gema 17 jubirnya nyuruh kompas makan kepala babi wkwkw,0
jadi,0
gaidomang nahhh kalau terlalu uncensored berabe,0
sealion dannnnnn joy,0
wey mbak sales pak bos bukan sapa malah ngobrol joy joy joy,0
kerja pak butuh pkerjaan jangan pajak nya aja gede,0
ngomong gw malu bran bran sweat smile,0
nunggu sampe sekrang,0
ga sabarannn pen liat heart,0
sekali doank sweat smile sweat smile nya mati,0
gokil sih hp lipat,0
anjir judol udh sampe yt spam komen ga wkwkw,0
hahahha kata wapres kok gak aura2 wapresnya,0
perlu nominasi dongeng baik,0
ngerti ga si rofl,0
s15 lupa sekarang,0
otw beli satu buat istri blush,0
sekali jatuh tiba2 kena sakit serang jantung moyai moyai moyai,0
inti asal tampil ngomong apa gak tau dah joy,0
gas minggu 2x,0
nyesel pilih prabowo heart,0
wkwkwkkwkwk,0
velg nya josss mah,0
miniled oled gak sih,0
panji jauh2 gmw iren datang ngasih kuliah catur sweat smile,0
lockysigarlaki163 prihatin rofl rofl sob,0
mascar007 masa depan buzzer gmn kang,0
dislike gak ngasih solusi rolling eyes poin gak open mouth dash,0
macan lion,0
tuju bro gabedanya cherry group yg udah akusisi range rover,0
mata pandji buka,0
tuh,0
syirik semua sob joy joy,0
iq sok sok mau sok pintar begini joy,0
huawei memang kelas beda punya mamarika,0
bonus kuasa maksdnya,0
caaneedsleep gitu aja gak paham emang gak nalar,0
waduhh,0
liang luhut yg gelap kau wkwkwk,0
nyesel gue bagi tone deaf waktu milu,0
smile smile smile smile smile smile smile smile smile momen paling hibur,0
aamiinin dulu aja sweat smile,0
cokjaran5744 iya pilih gua gua bangga pilih,0
apv cocok buat bikin towing,0
yg ngajarin parah sih joy,0
nyala heart fire,0
love your comment,0
sebar tadi warna hijau hmmm,0
tigo masalah apa aja,0
tunggu project selanjuat nya subaru brz buat farrel,0
faedahe apa blog,0
kalau esemka yg paling apa joy joy,0
mobil farel kapan kerja mas dipo ziko,0
niat bgt bg sob,0
beh dempul tebel dah,0
nalar yg arti rendah joy,0
bonus bapak sweat smile sweat smile sweat smile,0
dah mo tutup diler jual mahal pa ga cpt jd cerita legenda joy,0
lalisamanoban837 td gw nanya mang tanya nya apa yg jawaba nya ngelantur,0
lcgc nang joy joy joy,0
min ko jumlah dislike nya hilang,0
sulistyowati el8kl langgar kode etik lucu ni kalimat awokawok,0
pasar modal pasar saham joy,0
sama gan entah nonton malah bawa ketawa,0
terimakasih,0
ngeh pak ahoook,0
ganteng parah asli fire fire,0
harga tokped juta bjirr sob,0
keren habis si,0
mba irene kecewa berat,0
mah lah bang wong harga ny mantap,0
garasi drift bg mobil farel r kata modifikasi garasi drift,0
arventonya nguap aja tutup sweat smile,0
aszlanslatan27 jokes bakal beli mti andai joy,0
brz punya anak fitra eri kapan jadi,0
lu ngomong apa se bro kyak lu pinter aja,0
topik apa bahas kemana2 anak konstitusi joy joy,0
apa simpul,0
emang paling canggih tu,0
google makin panas nih,0
hahahaaaaa panji kena skakmat menit joy joy joy,0
gimnaa bg cara nyarik baju orinyaa,0
bro gak niat review brio,0
ahok pake trik lama njirr langkah mati wkwkwkw,0
insyaallah klo infinix hot gue jd d beli beli hp sweat smile,0
nonton 28detik yg lalu,0
wahh coba lahh modif motor,0
iya lama yaa teknologi,0
ni konten motor,0
kaum dang mending duit segitu dah dapet tanah 7x20 desa joy,0
tugas kuliah ngerjain chat gpt thermometer face,0
mobil bandung joy,0
waktu pake kunci torsi biar ga pas waktu drift cry,0
nungguin crosstrek garasi drift,0
komentnya yg sangat didik joy joy joy video pause joy,0
arifhidayat4149 sehat sehat bang tuhan berkat,0
tong kosong,0
capek dah lumayan nonton dialog nus istighfar,0
cie ganti thumbnail joy,0
kecewa darimana dipo happy2 aja kok,0
mahmudhandoyo3570 jawab minimal nyambung jangal asal omon omon,0
method produksi indonesia kan blush,0
mobil jepang kayak tinggal jaman teknologi,0
kok bisaaaa orang ngelike video,0
orang korea pegang saham erspo,0
emang milih ioniq 5n kan,0
gagah bgt lo bang pake lengan pendek fire,0
duh jangan lah plis,0
ahmad syahronii fire fire fire,0
mana berani,0
salfok zenix setinggi konde doang,0
harap sehat negeri yg sehat grinning,0
next bikin video apa nih,0
auto rampok dulu ahhh buat beli huawei grin grin grin grin sunglasses,0
jujur keren banget bang fit nya badan lu,0
calon lawan berat brzico gantung drivernya sih tada tada tada,0
pin judol,0
yg punya brz ni real sultan,0
dulu sih gw ga dukung jadi males aja liat,0
duit mana,0
maaf mas wapres skrg susah klo ga ordal,0
gak nyambung,0
peace v rockstar sweat smile,0
jgn plis org kaya gin dijadiin presiden,0
cuplikanpodcast77 wkwkwkwk denger noh oy dororohyakki8001 anjim bat wkwkwkwk tae,0
ubah dulu atur kaya gibran,0
judol taek stop judol taek,0
mobil nya keren canggih banget kuereen pool,0
tp sayang seater,0
gile cantik banget lihat hasil,0
menit aku nengok pke baju coklat ekekke,0
anies ahok the next president tada,0
tadi ngakunya ngga main catur,0
gaji langsung beli ah replika version,0
beli somay maksud joy,0
jonathan i4w5p mana mungkin tau kan,0
goxxsss akhir tayang fire fire fire fire,0
tes vidionya mana bang,0
wkwkwkwk ngawoooor,0
pak baju bapak lengan kiri bawah kena bumbu kacang,0
ngomong yg penting x yg penting ngomong white check mark,0
selamat mas dipo keren bgt sumpah,0
langsung beli iphone,0
gw penasaran varian rs ga masuk lcgc,0
rahadiarum7448 wkwk global apa wkwkwk ngaco,0
antimo solusi baik utk mncegah muntah muntah mabok,0
metot metot metot method kali,0
tambah blunder gaksie joy joy joy,0
terimakasih banyak inisiasi mas ruby,0
respect,0
jeffproit wahh iki bener,0
pak ahok kaya gimana macan sirkus apa yg joged joged joy,0
ken beli kw menghidupin umkm,0
matiosaja ank abhh,0
tuju modif motor xmax nya bang jadiiin project seru bgt,0
kia emang singkat korean international automotive kalo ga salah,0
xmax nya ossdette,0
tim kredit point down,0
otak abang kayak nya nggk nyambung kayak nya dulu kena stanting yaa sweat smile,0
mulai nyetok dagang km nih wkwk,0
wajib beli,0
moga beli aamiin2,0
pandji najwa shihab d luar politik,0
gw baru beli emang bagus ituuuu mau tanya,0
goreng temen sendiri sweat smile sweat smile speak no evil,0
gas beli naspad,0
buset dah segitunya ama rezim,0
angeliart mana berani undang tempo,0
cari kerja sulit banget bos umkm sulit tahan usaha,0
salah satu mobil impi g63 range rover sport phev,0
lihat bukan isi video komentar yg nonton video,0
jawab nya formalitas model citra mulyono,0
sound og akhir video tada,0
jam ga ngapa ngapain,0
erspo ama erigo sama kan bos sadad jg yg punya,0
cukup daging klo dengerin sampe akhir,0
hemm sayang sekali,0
sini padal baru bilang ahok ga pernah marah2,0
njir ngundang ahok,0
buzzer yah,0
udah main buzzer buzzernya,0
ridwan ld4gk dengerin ga sampe akhir,0
yg ngasih nilai sibuk bikin balap tamiya joy joy,0
kdm ahok cocok,0
anjir tiba2 banget scroll2 yt upload vid baru joy joy joy,0
wah gokil fire,0
kurang bang rocky cb tambah dr amat politik gitu,0
topeng om mob tu bauk apek,0
mantap jersey boss q heart tada,0
gua asa nonton yt jam ngga ngapa2in,0
dikayh px5wl iya bang si paling tau,0
gass lah modif x max,0
david hormat coba bahas nubia redmagic terima kasih perhati,0
tanya apa d jawab apa sweat smile,0
mobil pake duit hasil bayar pajak,0
butuh orang saklek kaya ahok,0
emg gaya dr dulu deh asa,0
otw beli biji,0
ajar ngetik lah lebih baik ngebacot,0
kaum dang mending bendang banding jir,0
ngelantur ngak jelas,0
komen lu naik bang biar gue bantu,0
syhrzlsyhrzl gaa kok dulu emang sama gm company ga pernah chrysler,0
interior terlalu biasa sayang banget,0
gas bang modif mio,0
terlalu keren mas fire,0
aku syukur aku bukan bagi,0
anyinggg awowkkwkw joy joy joy,0
thx a lot rangkum,0
momen pak ahok marah hand orange covering eyes,0
lexus ko gaada omm,0
pak prabowo jawab luas,0
emang omon omon ngelantur prabowo,0
uni lubis keren banget tanya,0
layak,0
matahari kembar,0
dislike baper cihhhhh apa,0
dwiagusadip280 gk ad bilang mas wahid,0
bro wapres apa inti total menit,0
kaesang kapan niih bang,0
akhir lu review bang,0
ga berani pake tempat umum deh takut ilang disamber orang lewat,0
sumpah ngomong apa sih,0
gasss zx1000r,0
style naskah editing video gaya gaya mirip ferry irwandi,0
jumat up crostrek,0
muhardhy realistis kalo pdip mau kalah tipu abah,0
wkwk kocak ahok lebih tegas,0
biasa ahh nyesel belakang,0
soleh solihun versi politis joy lucu isi banget pak ahok,0
lexus gk omm,0
terima kasih banyak bang raised hands,0
beli somay,0
kalau kerja cari sama ortu gak usah edukasi,0
stop normalisasi korupsi dulu,0
bujangpamenan w9i intelektual wkwkwkkw joy,0
jenosreffps4957 ngak usah serius2 brader santai aja,0
kelas bang,0
otr juta laku nich mobil jaicoo,0
sepakat auto menang grin,0
lifeisneverthesame910 kalau mau seater jaecoo j7 ukur dipanjangin,0
akhir subaru garasi drift team udah mau selesai mobil fire,0
sobat kuliner lah terus smiley smiley emang iya haha terus anies ahok ape smiley,0
mas kapan punya bus slepper buat wisata blush blush blush,0
sekarang lu nyesel kan nyoblos paslon,0
lu gak main catur joy,0
parah ih banyak yg dislike joy joy joy,0
kalo ahok udah tampil tonton byk joy joy,0
bang judul bom ganti tuh wkkwkw judul tahap revisi,0
justru lebih bangga kalau jalur prestasi,0
juraganbeat sabar om banyak bener ga ngerti,0
knp kyk kurang antusias gk spt biasa nya aura rame nya gk,0
oalah kalau sama bapak2 satu emang gak nanggung2 buat hobi,0
asik ngasih piala,0
like komen,0
orang kuasa yg mau main tinggal diam bung rofl,0
serah yg punya,0
land rover evoque aja kaki2 kyk mau meledagh,0
bukan ban jawab nyambung,0
ko video ga suara hp gue klow video cry,0
tanya untuk anggar dibalesnya angin siapa yaa,0
arti kata benda om wkwk,0
orang gila mana yg mau beli hp harga motor joy,0
respect kak raised hands,0
arti kemarin golput ato milih jokowow,0
kasih link beli asli,0
indonesia maju kepala satu orang ahok,0
aman 4ws,0
iya iya ukur mirip toyota fj cruiser,0
penting ngomong meski ngedit kerja keras,0
butuh gawean iki mas pundi seng bikak lowker nik,0
audio bang pandji team,0
ersp0 ko andal salam papua,0
pasar modal kok tiba2 jadi mbg sweat smile joy,0
atas sultan sultan,0
salfok sama filanonya,0
aura gus iqdam banget je,0
gas bang coba main motor v,0
tugas anak paud bang,0
luar biasa gd nyala inspirasi,0
terlalu sakit dengar sweat smile,0
inti apa bang,0
benar kata hok gie memang naif,0
kelaaaaaassssssaa fire fire fire fire fire fire fire fire fire fire fire fire,0
tim yg pingin beli ga pingin,0
se apa mobil kalo tenaga listrik skip lah,0
joget pak joget,0
hp lo lipet berapa boss tanya keri sweat smile,0
menyalaa king dipo fire love you gesture raised hands,0
awas komen jelek2 ntr kira bayar rofl sweat smile,0
bang mobil baruu cry,0
ancur,0
nyata bukan cm gw yg gemes sm jawab yg bukan jawab rage triumph,0
ngomong apa no mouth relieved slight smile grinning smiley smile grin,0
kaonimecrack1945 wkwk absolute cema,0
yah gws deh ni negara,0
huawei triple kill,0
next nya lipet,0
tensi tinggi semua joy,0
wapres kuah seblak malu2in aja,0
wkwkwkwkwk joy,0
please bang panji next udang kdm stuju like,0
macan sirkus rofl rofl rofl,0
asli bener bnget joy,0
merknya mirip nama adik giant film doraemon,0
beh crossdrift fire fire fire fire,0
gurih2 sedap tembak nya,0
barang2nya recaro emang bestt sihh jadi kerenn bangett ini,0
kok betul,0
punya farell,0
bang review infinix not 50s 5g,0
iya bg langsung beli beli kacang biar asik nonton review nya,0
vivo x200 ultra bng,0
blunder besar wowo buat acara laughing rofl rofl,0
org baru d pake mantap,0
ken beli besok pas liat jarak tempuh nya pendek cancel aja,0
bo ong,0
ps terobos nya apa,0
mantap aura amfibi keluar,0
next tambahin segment mobil beli iims,0
ims mobil diesel g bang,0
muhammadhaidar3287 kamu bicara apa sy kurg paham,0
nyata benar apa kata pak anies baswedan debat capres kemarin pensive,0
alay balap kok bawa ga perlu,0
kyk sanggup aja cil omong kosong tok,0
jiwa miskin bergetarrrrrrr,0
beli kerupuk buat nonton gadget in,0
ku velg nya cocok aja mobil nya suv,0
itasha kobo cui,0
hancur sudahh rofl rofl,0
makin gajelas joy joy,0
dik bu kantin joy joy,0
hari jum at gak upload bang,0
maaf kan jalan puluh tahun,0
mimikreeimut yoiiii wkwk,0
oke mobil impi udah tinggal uang bagaimana,0
moga milik pray pray pray,0
engga si aneh mata lu aja,0
is real,0
d jual unit,0
jt lapang kerjax apa kabar pak,0
rangka esaf minder tuh,0
sangat dukung kalau pak btp nyalon capres,0
mobil bang dipo gimana kabar padahal baru jadi cry,0
wahh om kurussssss congrats om keceee,0
mana nih vid baru,0
best part,0
pinkgangsta6157 nah iya yg waktu undang kadin liat kosong rofl rofl rofl,0
masterpice cipta,0
ngomong apa joy,0
dunia otomotif indonesia makin maju garasi drift jaya,0
tuju khusus uni lubis nanya ruu tni,0
lebih suka mobil aldibosar,0
wkwkwkwwk best friend ciyeeeeee rofl rofl rofl,0
solusi stunting pas kandung bukan pas udah sekolah,0
sumpah bagi gw ulang ulang kali kali ngakak,0
next review mobil king dio,0
bray cari bapak suruh pulang mandi gih,0
nambah juta lg dpet daihatsu granmax blindvan bekas joy,0
hahahha kae,0
yaudah langsung beli gan,0
tim yg ga tidur langsung nonton gadgetin raised hand,0
the real kaya wkwk banyak sponsor,0
tonyramadan8201 ku pribadi tiga gak yg yakin bang,0
senangkep gue malah nyalahin rakyat wkwkwk,0
tugas sekolah seperti joy,0
gelang lo bang joy joy joy,0
angeliart rezim kok bela harga diri lu serendah perak per komen,0
badan lo yg bagus bg keren bgt timnas,0
layar punya samsung kerja sama samsung,0
mobil cocok kendara dinas kepala desa,0
gurih banget emang v8 n a,0
kalo dukung timnas udahain beli yg ori gaes,0
dapet apa,0
lebih tarik baca komentar joy,0
sekarang mana brz farel sweat smile,0
fufufafa was wes wos,0
kopet njlepet nyocot apa sih,0
urusin aja makan luhh,0
suka bgt jok sm kaki2 nya ciamik,0
zoe tw ip 60hz joy joy,0
bener 0w0 ban joy,0
bonus babe,0
sandymartono7029 jiakhhh raiso nimpali langsung nisuhi wong joy,0
mau beli dmn,0
hahhhhh melting face onooo onoo,0
cuma juta aja anyiiiiing skull skull,0
jujur jawab jelas banget,0
kalau real jadi puasa daud gua,0
keren mobil nya,0
anggorodps 9 anggoro jadi buzzer sumbangsih,0
buka mas tulis wing jawab,0
udah blunder mana jalan kuda aneh pojok gitu wkwk,0
ga malu apa motor main hp sampe masuk yt joy,0
andi maulana dikit2 anies kangen lu,0
user hm5ul7db2x buzzer kali gak nangkep argumen orang joy joy,0
udah snapdragon 6gen4,0
malaysia brooo,0
massuhada5461 betul sekali joy emang ga nyambung sih joy joy,0
bau bau pildun bismilah,0
pon penting cara sembunyi dislike,0
salah satu mobil suv favorite aku mobil hummer ev joy,0
gd baik gd fire fire fire fire,0
mobil yg direview jaecoo iklan mitsubishi,0
apresiasi pak prabowo mau dialog buka,0
pak ahok jadi presiden please,0
tanggung sekali ngga milliar harga,0
info darimana,0
rem komplek tu bro blush blush blush,0
duh mba denza,0
harmony os lebih google,0
tar mungkin pake vios nya sulap merah joy joy joy joy,0
anggur,0
muhammadmudayin bayar brp jadi buzzer bang,0
gaskeun bang bikin konten motor grin grin,0
s15 lu kmna bg cry,0
ngobrol serius kocak bangeeeet rofl rofl rofl rofl rofl rofl,0
wkwkwk mana bs jwb,0
makasih bang,0
coba baru main motor bang,0
minggir lu miskin langsung ku tutup vidionya bang david sweat smile,0
anak muda yg gak pernah mikirin susah nyari suap nasi,0
mata gelap,0
mascar007 orang respon begini jaman sekarang lol,0
walaupun miskin tetep aja harap mang hp joy,0
xmax luster masuk gd,0
otw beli telor,0
tuh bang koten montor sekali kali,0
tokoh panutan politik satu2nya negeri,0
tim nonton doang kagak beli point down,0
kok malu liat vidio,0
gilaaaa the bestt open mouth open mouth open mouth,0
kemari cuma mau dislike gk perlu tonton full,0
tau gw si pandji dl sering kritik ahok y,0
gpp brok pilih rakyat,0
harap apa wapres yg fokus ai,0
udah greget bang pandji malah majuin kuda,0
sx nya kapan pasang mesin nih gasabar ken lihat sx nya ngedrift,0
davidboyz ey4mm syahrini versi jambang joy,0
wakil presiden paling gak modal ortu wkwkwk the real orang dlaam joy,0
nyala sih silvia nya,0
xmax x arai aerox x arai,0
almarhum ken block joy,0
baru kali dengar swasembada air joy joy joy,0
gombal bos,0
andai kasih tau berapa habis modifikasi blush,0
tim nunggu versi kw cina,0
pesan ori tepi kirim syuliitt kemas mulu,0
yah minimal jangan typo bu ngetiknya sulistyowati el8kl,0
ga fokus catur sweat smile sweat smile sweat smile,0
salfok sama g class yg lewat jalur busway asa biasa aja joy,0
kosong kau,0
punya farrel kapan garap,0
ngeri mangkin kesini sponsor mangkin all out gd kerennn,0
tantang negeri,0
biasa nonton gd banteng mas sekarang malah kerja sama clap clap clap,0
apa tuch wkwk rofl,0
kalau orang orang deaddd,0
wkwkwk ngalir aja gt santai joy,0
justru sumber masalah nya wapres wlwkwkwk,0
hahahhahahaha larrii upinn lari,0
fiadyzul21 serah lu kok sewot,0
memang bener bro sembah nya gak sadar2,0
bikin vario lah biar viral,0
ken banget nih hadiah cry,0
rekamanannya buruk,0
chopper 2m,0
gua langsung beli garem,0
bahas apa jawab apa ngawur njir,0
wah jadi pngn nmax ring pakai punya aerox spakbor depan nya,0
isi ngga manfaat,0
judul nya ganti prabowo ban,0
good luck bang dipo subaru garasi drift tada tada tada,0
poco x7 pro,0
joy joy udah kalok gak faham diem aja,0
udah craas aja mobil nya,0
mantan bini nya reza arap alih profesi drifter kereen,0
best answer,0
masya allah made in china luar biasa mantap2,0
indonesia pimpin orang tegas bukan pura2 tegas joy,0
calon pimpin masa depan heart,0
huracan lbwk fire,0
hendrayadi v5h what if golput,0
tunggu aja beberapa bulan paling jatuh harga sweat smile joy joy joy,0
inpo backsoundnya bang,0
barakallah pak fii amanillah,0
otw beli cilok person raising hand male sign,0
napoleon tipis tipis,0
pecah layar nyawa serasa layang,0
kayak lagu suka tani,0
wkwkwkwkw cemen lo nji keok ma ahok joy smile zany face heart hands,0
kok copot ban blakang kiri latih drift,0
kece badai king dipo2gd fire fire,0
kocak kocak sulistyowati el8kl,0
ngang ngeng ngong,0
q cepat 2x kak,0
cuma buat malu indonesia,0
seru parah,0
penyepong ip smartphone orang kaya mana nih,0
yapping bang,0
tim beli doang ga nonton,0
eh bang kajew,0
mobil nya emng nya ap om,0
asli sayang banget pengaruh sirkuit nya yg kurang pada,0
main tamiya ah,0
disel ngapain nyempil joy joy,0
beliau2,0
mungkin kalo dah kerjaa,0
bukan ferry irwandi,0
aku udah beli emang gila sih,0
luh keren panji pragiwaksono anggota dprd,0
keren mas beda juta,0
presiden prabowo bingung jawab,0
gila p3 manual counter steering,0
hahaha lucu banget bang panji kena skak pak ahok joy,0
bubar tim,0
say it loudereeerrrrrrrr joy,0
bang jeje gagah pake hummer cv beli bang,0
soon swap mesin crosstrek 2gd,0
lemah nya layar nya sensitif gampang rusak,0
whatever it takes to took mulyono down man,0
orang suka marah2 satu frame joy,0
ishowspeed baru review hp joy joy,0
gitulah kalo hati penbenci aja nonton anis berjam2 blush,0
hahahahhaa ngobrol main catur kocak bangggg wkwkwk,0
mantap bang presiden pikir majapahit gin pake sweat smile,0
50juta dikantongin doang tim dang mending joy,0
lamborghini bodykit liberty walk heart eyes,0
greentex bang bimo grin,0
auuuuu,0
jum at gak upload,0
gas brziko mesin upgrade bg,0
drift gunung iwaki kapan bang,0
terangterusyuk haha khayal yoo khayal indonesia c emas,0
kira pak ahok cuma hologram nyata beneran joy,0
sehat sempurna are you serious,0
trus langkah kongkret apa bang hadehh,0
keren parahhhhh jualin dong bodykitnya masss,0
waktu debat sama anis kan ngaco ngawur mulu pas anis nanya,0
jawabanne piye tou person facepalming thinking thinking thinking thinking thinking eman2 kuota nonton iki thumbsdown,0
prabroro ompong,0
btw gausah pakai timer ga fokus timer lagi,0
bandara swasta bahaya daulat ga siy thinking,0
minggir lu miskin speaking head speaking head speaking head speaking head fire fire fire fire fire,0
tunggu flagship mode ultra,0
mending spresso banding vf siih,0
uhuyy faffada,0
strategi gitu anak gw kelas sd udah gw ajarin happy banget,0
uhuiiiiiiiiii,0
phev shs cuma fwd,0
hoooo cariin kerja dong bapak bukan presiden soal,0
runner up,0
ngeri euy spion kayak copot,0
ganjar weh hapus hapus v,0
mudah mudah taun depan beli amin allah sweat smile blush,0
timothy ahh vidio,0
membuang2 waktu tenaga pikir biaya utk wawancara sweat smile,0
aku malah,0
hitam kok gak sebut bg,0
bimo gokil,0
keren bg,0
wkwkwk narasi isi buzzer semua,0
hina tumbang puji engga dulu deh bang joy,0
smpe hri kmpung sya blum,0
mana crosstrack bg joy,0
crostrek rekkk,0
jawab sama benar tanya,0
ngapain ronta ronta,0
halo bang moyai,0
klo anies kader pdi joy,0
sr3 lo dah jelas,0
cakep banget tada,0
gd coba buat body kit ala gd,0
makin lama didengerin makin ngeselin,0
manis banget,0
douzheng bintangtodjoe terus negara yg baik ikut kata joy,0
sukses terus mas,0
cuihhh gitu kata fufufafa hehehe,0
towel gaj ajak joy,0
kapan ready yg player issue nih masak kemarin cuma doang,0
epic moment sih joy gokliisss,0
anggorodps 9 apa yg lo tangkep,0
sangat lihat otoriter,0
kerja ga berhenti2 buat syape,0
gila sih huaway apa kabar iphone lambat inovasi joy,0
kalo gak salah gus iqdam punya mobil,0
perut nya aga kempes om,0
susah laku kalau seater,0
abis abisannn blue heart,0
sangar open mouth,0
hah apa sih,0
prabowo negarawan sejati brow heart heart heart heart,0
iya bang kan rintis bkn waris,0
ngomong apa,0
kasi tempo alqaeda gak ajak awowowowok joy,0
jane mudeng tenan opo gur wathon njeplak je dul,0
sharus nya iring harga,0
hahaha betul,0
airbft hitam ownernya orang manado heart eyes,0
ubur ubur makan ikan siap laksana point up 2 point up 2 point up 2 point up 2 point up 2,0
ga bahaya ta,0
lowong dislike buka lebar2 thumbsdown,0
nitip jempol miring gan,0
maklum udah tua udah ga mampu paham tanya yg sampai,0
tim ken beli gk uang,0
gibran bahlil siap guncang,0
video aerox ngantuk joy,0
galiat ubsi ama zicoster,0
ahok bukan gubernur pilih dki beliau kata,0
terlalu negatif mas nya ngelantur,0
belibet bummer,0
sabar lahhh lu kira doang kerja,0
syarfunimy pindah agama,0
pake gbox buat buka google aman2 aja,0
gilaaa keren banget,0
otw mills bang,0
dislike masssal,0
tim gercep nabung sekarang kumpul 17rb,0
seru,0
sejak kapan ken block muslim joy joy,0
ken iims ga punya duit sweat,0
hp lu lipat berapa bos,0
telat jam v,0
yg harus lu dukung abis abis tuh orgnya nji,0
the road is still long bang,0
affaan tuch joy,0
turu aja mas,0
ngelantur cokkk,0
gokil indo buzzernya wkwk,0
lama bat gw tungguin pidio woe,0
bro speaks a whole lot of nothing,0
joy joy joy joy emang udah turun harga diri nya,0
kalau jebol pusing ga tuh krn susah perbaikin arena,0
pakai lama gmn tuh flexibelny,0
huracan x lbwk kek ny laughing,0
big no ahok gasuka anies ahok tolerir korupsi,0
mantap gan,0
rahadiarum7448 masalah yg jawab gada yg nyambung gmana dong,0
pt greentex,0
gin dong minggu 2x hahaha,0
lebih seru komen wkwk,0
mobil gus iqdam,0
wajib beli siiii original fire fire,0
kayak kamu lebih cocok pimpin jokowi joy joy joy dawdadadadadad621,0
raja akhir dunia politik lord l,0
abdurrahman d1v9e emang udah ken nya bg jatinegara,0
mau nanya nih netizen huawei ban ga sih sama google,0
rusliofficiall96 huawei jangan bandingin sama samsung joy,0
wait and see semogaa,0
gass bang modif motor,0
the best jabat yg tau,0
lizzy osprey begitu sampe males lihat upside down upside down,0
anak abah lgi gibah joy,0
anjir semua komennya negatif,0
bapak lo gacor wkakakakakakak,0
bang panji undang kdm,0
jam gw nonton makin gapaham gw ama jawab presiden prabowo,0
liat kali baca text,0
iphone mana buat hp lipat huawei,0
tahun privater bang ga rekrut tim2 pihak,0
moga bayu murti lambo pasang body kit sama team garasi drift,0
trisigit bantu nyetir malah main hp,0
storia9126 dah gitu ngomong nya liat promter joy joy,0
cecar sama mba nana go,0
dilann9 loh bukan kata daerah dalam,0
selamat bang,0
konten toyota chaser kapan bang,0
jurnalis paksa sabar,0
anak abah bakar jenggot prabowo pilih lagi,0
selamat mas dipo atas kerja keras tim nonton doang komen kagak point up,0
gabisa dua pernah jd gubernur jd gabisa salah satu jadi wakil,0
gas mas ziko modifikasi motor xmax nya hand fire,0
mending nonton bapau taulany tv sama rans joy sweat smile,0
enak punya orang tua kaya raya,0
lanjut bang mecah narasi orang joy muhammadmudayin,0
coba nyicil 1rb lama ni hp sweat smile,0
review byd yangwang om,0
rally drift,0
the goattt goat,0
t4i komen gw apus ulah antek2 kalian,0
konten motor mio bang zikoo tada tada tada tada tada,0
aldibayuoka4265 gw gak nyinggung obel nya gw jelas komen yg atas,0
prasetya iya iya sipaling kocak,0
realme pro kapan bang,0
generasi pesimis,0
bang kapan crosstrek jadi bang,0
ngelantur cok,0
gimana fufufafa pak sdh tangkap,0
50jt yakin,0
loyo ngopi dulu mas,0
bang review hp satu juta dong,0
ndasmuuu omon2,0
om mob kok tumben gak ganjen om joy,0
gg gak nyangka bagus,0
bayang kalo gua punya takut salah lipat wkwk joy,0
uda yappingnya,0
ora tolong kie tah ngisin2i wong banyumas,0
saran baik mundur aja bro gibran,0
ngereview ngeroasting brziko joy,0
naskah buat sama ai,0
bang chaser bang,0
nonton cuma buat disslike joy joy,0
gojek moga surga cuma makan iklan mu sangat menganggu,0
tantang indonesia dapat wapres mas gibran,0
ee anuu auah,0
amalanmagnetrezeky y karna anak nya bakat jadi suport,0
kena langkah mat panji rofl rofl rofl rofl,0
maksih bre,0
suruh i show speed nonton,0
jawab nya pake chatgpt rofl,0
gagah banget,0
wah keren bang ngundang lord,0
d beli vlog ny ishowspeed,0
dah abang wakil,0
samsung a26 bang kapan review,0
storytelling pak ahok bikin mas panji nyaman dengerinnya,0
gas bang bangun motor,0
up banget,0
thanks broo,0
judul yg tepat ppoo,0
ngantuk ngajak jurnalis bikin podcast joy,0
pak anis malu nonton,0
absen buat dislike doang,0
alyssabrayden2099 hampir semua,0
punya saham mana mungkin keluar autonetmagz,0
mas gibran sekolah lulus apa,0
lha cuma tamat sd smp tahu bansos blt joy,0
bikin roadtrip om tiga pake mobil cepat,0
putus tepat kemaren pilpres ga milih prabowo joget aja pak dancer,0
gacoorrrr wkwkwk joy joy joy,0
kebel kalau kebel gk kepake bg moyai moyai,0
baru tau gua grin,0
lebih baik nonton zaman sob,0
macan bang,0
gw beli redmi note pro aja udah alhamdulillah banget joy,0
samar2 denger yg istighfar saking ngelanturnya doi,0
langsung beli pertalite 2lt,0
jir lu mana moyai,0
aroma aroma akap dekat,0
yuk iims,0
kasi lah orang2 yg mabok agama joy joy,0
astaghfirullah,0
apa kiri belakang,0
ishow speed nih pernah,0
ilmu bagai langit gorong,0
kasi kak joy,0
real jabat yg benci rakyat,0
tumben gk,0
tempo media tua ind undang,0
crosstrex donk,0
cewek cewek gak suka liat gak logo buah grin,0
roxxtarr21 gak oposisi kan semua dukung pemsrintah masuk pdip,0
kalo mobil favorit gua the elite ae86 levin convert tadi tada tada tada,0
kecewa,0
sixtop n1y yg jelas ga milih ni org,0
dewipuspitasarip49puspita16 yelah mbak segitu aja udh pusing lawak,0
worth it ga yah upgrade infinix smart hp,0
siapa yg penjara ahok dulu joy,0
padahal standart banget langkah mati kaga tau wkwkwk,0
bang next coba garap mobil mesin rotary,0
yakin bukan wkwk,0
sobat kuliner iya ahok kang dedy mantep tuh,0
ad komen yg gk didik gin andi maulana,0
ahok kdm realistis gak sih,0
tandem sama brziko mantap nih,0
hahahahahaha,0
mrsomyaputra bagaimana rasa jadi mahluk hina,0
mbak irene bang pandji minta dimarahin,0
sesi ngalor ngidul sangat isi,0
ahh iya dmn tuh apa takut ditanyain kepala babi wkekkw,0
kan create engine langsung jadi,0
kereeen bgt poo,0
murah 50jt mah bapak kerja jagung sekali terima suap 2t,0
ganti aja judul bukan jawab yapping,0
iya iya pinter lo,0
air minyak ga satu,0
i love bule ice blush mantap mobil obellll om ahmad sharoni,0
ahok presiden anies wakil,0
tuju modif motor,0
lebih worth it beli jaecoo j7 innova zenix,0
habis jadi langsung rusak pas race sob sob sob,0
apa pertnnyaaan nya mbg jwbn nya joy,0
bim gua mau dong bocor baju marten paez,0
beli j2 prime gas aku,0
bang dah jumat nih,0
mobil nya ancur moyai,0
kijang lgx biru at yg kata langka joy joy,0
maen pubg oke nih moyai,0
wkwkwkwkwkw,0
beda ideologi,0
yaaaah fufufafa nongol sweat smile,0
cortex gak d bahas,0
mulyono dua,0
dikayh px5wl lebih org kaya gabut ga si,0
knalpot sampe nembak dah fire fire fire fire dash dash dash,0
jogetin aja udah dek pilih jawir,0
kerennn polll,0
tunggu mobil farel mana nih,0
siapa yak diomongin,0
ihh sebel sama pemred nya detik skull skull skull skull fearful cold sweat scream,0
fortuner cumi2 nya lewatin dong joy,0
kerenn bett asli,0
dawdadadadadad621 yg milih paham kak cry,0
keren parah nie hp sayang bukan market gw aja joy,0
rumah teman malam,0
yok bantu dislike indonesia emas,0
beli j5 prime maksud lu,0
intro lupa switch kamera sweat smile,0
brziko lebih jauh rapih n enak lihat blush blush,0
idam kan,0
otw ni tempat seluler hp biasa manjain mata kagak beli joy,0
eh g wagon grin,0
bela panjang belit esensi joy,0
gass bas modifikasi motor boom,0
bener jawab ngalor ngidul gak jawab tanya mb nana cry sneezing face sleeping,0
gass banget bangg konten modif motorrrr,0
hustt ntar bakso loh blush,0
emang mo libas semua hak cipta joy,0
buat hp lapis legit joy joy joy,0
otw beli kuota,0
bosen kali sema nya gitu gitu aja joy,0
kaya pondok cabe,0
sama bang wajib langsung gas pokok,0
joy joy joy salah satu,0
sy sdh dislike malah sembunyi dislike nya joy,0
hours of brainrot,0
pantes,0
gila cinematik nya open mouth,0
ngomong opo to we gak nyambung blass ngomong seng genah to pak,0
gua henti nonton beneran yapping ga inti nya,0
gass konten motorr,0
jangan baang jadi malu maluin diri sendiri keluarga cry,0
muhammadzufar7243 emg jawab presiden mu ngawur,0
arti nyambung,0
pak ahok lawan elo gin nih jadi,0
gue mampir cuma mau ngucapin sesal pilih beliau,0
mexico presiden beli kartel indo,0
sukses selalu utk po pesona,0
my president heart heart heart,0
titip dinasti kakak jauh prestasi nya sih joy joy,0
waduh mon maap bang kdm mah mulyono jilid skull skull,0
ga bayang rasa cape nya tim gd kejar waktu,0
argaviyatayudha21 baru kali tidur lebh nyenyak dawg presiden jago yapping,0
obrol atas jam malam,0
woii buzzer bos lu ga bain joy,0
sepenuh hati tulus ikhlas gw kasih dislike video sweat smile,0
sobat ahok si aguan jgn lupa undang,0
anak tersesatt bapak nya ni face blue smiling face blue smiling face blue smiling,0
jawab nya bukan kecewa khawatir,0
santun bgt om mob kami,0
asik ngobrol terus dua ngomel soal main catur joy,0
buat insomnia coba dengerin,0
kayak babang david coba nyindir si samsung dah rofl,0
saktipramana128 lu salah sasar orang bro joy,0
ngeriiiiii,0
dilann9 ah daerah ku,0
muter muter joy joy joy,0
prittt prittt sob sob,0
sx gpsport mesin buat serapih s15 vr38 bokuggooiti,0
bang juragan pecel kapan updet,0
kelassssss mahhhhhhh iniiiiii,0
hati2 jgn sampe bang bimo diendorse rumput gbk sweat smile,0
kek hp masa depan udah sekali jadi tablet,0
mobil keren banget laaah,0
handphonenya bang redmi kan banyak handphone lu heart heart heart,0
body ra payu desaine semua orang suka joy,0
kalo urus chipset china kalah sama usa,0
tangga sampe kosong loh cry cry cry,0
sunnysun7064 benci sama anies gmn,0
jujur ga pernah kecewa sama orang,0
wapress ngantuk,0
gas 1jt dislike,0
absenn massss,0
inti muka tebal mas sweat smile,0
coba pabrik specs bang suport timnas futsal jg,0
oke gas oke gas nomor torang gas sweat smile,0
jadi rally ap4 kaya mantap keren polll,0
bubar ormas jenis nyaaaaaaa,0
pake paylater beli sweat smile,0
orang cepat,0
ngapain bayangin susah2 hiduplu,0
sotau wkwkwk user iphone banyak banget china,0
like buzzer bot joy joy joy joy joy,0
neng keren beril tp ngeri ngeri ni pak ahok wkwk,0
wkkwkw gua make samsung j5 buka youtube aja lewat chrom,0
anis ahok hasirama madara,0
cthnya menit berapa,0
baru beneran inovasi bukan macam merek us,0
pelek nya keren banget heart,0
rambah bisnis jual sasis thumbsup thumbsup thumbsup,0
paradoks indonesia celah pilih sendiri apa kata dunia joy joy,0
baru jdi ban udh copot joy,0
maju terus erspro nyala,0
prabowo sama ahok cocok deh,0
nunggu gd family drifting fullteam turun ahh sweat smile,0
tinggal jejak indonesia chaos parah noted,0
sesuai prediksi bakal review lebih,0
salah apa negeri,0
salfok sama mobil salfok sama mbak mbak nya joy,0
irene bikin video reaksi tepok jidat sih joy,0
terimakasih info sangat bantu tonton,0
sayang sekali 50jt support 5g,0
jawab udh tau trimakasih,0
tecno phantom ultimae coba bahas bg,0
emank kau uang buat beli blush blush blush,0
bukan provokasi emag nyata gak mutu episode sweat smile,0
gas sprint rally seru kayak wkw,0
tvs callisto coba modif bang kalo merk jejepangan udah biasa sweat smile,0
abyan266 soal video aja up selasa kemarin,0
omon omon hidup ijazah palsu ayah fufufafa,0
gibran satu satu wapres otak kosong hasil nepotisme cry,0
mode rally masuk ni concept nya,0
gak sih ngasih dislike kali kali video sweat smile,0
mnurut gwe gd kenblock a indonesia,0
tagih janji 17jt lapang kerja,0
blok lol,0
plsss jangan banyak since ga langsung inti aja woi,0
loh pak bukan udah pake buzzer dulu,0
rezaldiaziz1508 ingat bukan kaum dang mending yah kiakakakakakak joy d,0
ahoookkkkk heart heart heart,0
buat video full review crosstreknya dong mas dipo,0
fishybrad tuduh buzzer mulu njir sob,0
bareng bareng lapor youtube aja yuk,0
ganteng banget heart,0
cinta jz bg ziko,0
gasss zikooo main motorrr muscle,0
kecewa berat please turunin kursi presiden,0
percuma pinter joy joy joy joy joy joy joy rofl rofl rofl rofl rofl rofl rofl kata,0
enak banget buat antar tidur denger bapak ngedongeng,0
beli i showw speed bukan sih info dong,0
paling satisfying pas bongkar pasang bodykit pasang livery,0
bapak kalo bahas jangan kemana2,0
jangan pernah mimpi kau jadi presiden kaya bapak kau,0
ga nyambung apa kamu ga ngerti joy joy joy,0
anjinggg lucuuu bngtttt ngakaakkkk,0
skull,0
qadafialmadani4349 what if kalau golput,0
makasih bang buat info respect pray boom,0
sini sepi buzzer perintah blush,0
makin paham knp negara memang butuh orang anies,0
tim gak nonton beli,0
that is insane nice build,0
tak pernah bosen dengerin cerita koh ahok,0
tanyain apa jawab apa lu mah cry,0
bonus anggur,0
harga velg nya cry joy cry cry cry,0
gokil mobil drift ter proper,0
rogerhandoyo3298 lebay stroberi,0
tinggal mobil nya farel penasaran bakal kyk gimana hasil nya grin,0
orang dewasa mewancarai orang bayi,0
gas konten motor,0
halah lambe,0
buka rx7 bukan punya armuh,0
mobil baru gus iqdam,0
up,0
arang handal lu wooo,0
langsung operasi in operator no cut ga edit after nya,0
one of the best episode heart,0
dilann9 daerah ku,0
presiden kocak,0
gak ganti mesin konfensional sweat smile,0
bukanpemudaormas1340 biggest yapper,0
tinggal nunggu lsx s14 nya mas dio aja sii,0
ku tunggu sejak tadi malam hehehe terima kasih,0
kaya s14 amandio bodi brz,0
patungan tim joy,0
utama paman joy joy,0
beli mobil listrik aja asli ntr murah dah,0
gokil keren cok raised hands raised hands,0
w ngakak jokes bapak bapak sheila on wkwk,0
mobil gus iqdam mantab,0
robbyzulhaq rz6725 kurang nyimak lu ngap,0
kacau yaaa hadeuhhh,0
statement paling gokil ayah pak ahok,0
anies ahok kali,0
kabar crosstrek gamana bang,0
aansaputra3870 iya bner ibarat nya test the water dlu liat sikon,0
ganteng velg belum,0
gus idham udah punya keren banget heart heart,0
faktor tentu ad tangan teman teman gibran wakil presiden,0
jeep wagoner tahun 70an baut roda,0
bikin konten mtor bg,0
gassssss aghhhhh like nya yg like seomga kebel hp lipat thumbsup thumbsup thumbsup jempl dah blush,0
mantap mas wapres heart heart heart,0
adik giant doraemon jaiko,0
hahaha demo nya bayar kata,0
mulimuchlis1414 ngomong bahasa elit padahal cari kerja sulit,0
catat asal perintah ikut bantu support pak,0
megarulimega omon2 doang kejar koruptor smpe antartika,0
dengki lu lu siapa ka,0
anggorodps 9 menit mna prabowo jawab langsung to the poin,0
presiden yapping wkwkwk,0
bau bau world cup cium fire,0
migrain make indonesia great again joy joy joy,0
style taktis kayak gin perlu leader indonesia,0
ngebantah bang joy,0
jangan spoiler biar penasaran,0
gercep banget,0
gokiel loe dip tada tada,0
langsung beli nasi padang joy,0
yg warna merah jngn sampe lepas sayang ga review cry,0
awas bang komen pp nya ngk akun buzer perintah,0
bang bahas legion y700 yg kata spek pc,0
om mob fit ga banyak lawan joy,0
besok pagi beli ah,0
sangat gokil kawan,0
aura nya reno bnget joy,0
gas dah buat modif motor ninja ss vario,0
langsung beli samsung a16,0
hyaaa mobil gus gus,0
manfaat,0
pevs lihat mobil pevs lihat,0
jadi mules guah nauseated face,0
semangat bang dipo,0
jangan bohong dosaa,0
jangan kesi jatohnye,0
mending mulyono periode kalau jawab gitu haha,0
crosstrex brz farrel cry cry cry,0
mantap ko ruby,0
jaecoo j7 aja basis tiggo kok j8 yg basis tiggo,0
jangan lupa basmi ormas tukang parkir mas,0
nyata yg khilaf kasih like,0
gokillll kapan yahh gua punya mobil kaya garasi drift,0
bagaimana cara lihat jumlah dislike,0
biar lihat pinter set begini kok malah lihat goblok joy joy joy joy,0
semua tanya pemred mayoritas jawab on point,0
ngakak gw liat reaksi bang panji face blue smiling,0
bantah jg sbg jawab kan drpd hindar,0
angeliart bayar berapa om joy,0
gokilll bang fire fire fire,0
minggir miskin jangan nyampah channel orng,0
masterpiece hand,0
fufu fafaaa,0
cuma jt aja kok iyaa cuma sob,0
bagusutoro9547 lah emg si owo gtu doang bsa nya kan buzzer perak,0
ikut sedih sama mobil baru gd cry,0
mas kaya mobil reli,0
thumbsup thumbsup thumbsup thumbsup thumbsup fire fire fire mantefff ooommm blush,0
bikin video review lengkap volvo xc90,0
moreno konga,0
yhaaa kaga nyimak video coba tonton ziko bilang apa soal mesin,0
shlevyi7888 eh iya wk,0
istimevvah fire,0
berkat nonton yutub tuan cepat langsung beli besok,0
bagus ketimbang samsung huawei kualitas bagus dulu,0
ku kira david ngatain joy,0
honda mobil motor laku krn harga jual laughing,0
tunggu akhir nya pak ahok,0
duit malaysia rm13000 babi ckup blnja rumah satu tahun,0
hancur mobil crash hari,0
gd emng gk pernah salah anjir kalo modif2 mobil keren heart,0
judul presiden prabowo jawab,0
tuju mas ridwan uji sampe aceh om mob brani gak sweat smile,0
kapan iphone bikin fold,0
kalo udh jumpa om mob seru joy,0
udh crf tinggal kebon moyai,0
duh ngeri2 sedep klo nyenggol mobil battle nya race nya,0
dahsyat gd,0
pertama kali dlm sejarah wa pres jadi bahan bullian se indonesia sweat smile,0
otw jual tanah dlu om sweat smile joy joy,0
banned amrik ketar tir masang tarif ampe joy joy joy,0
anak muda ga mau jalan proses benar rusak demokrasi,0
ucing orange lewat,0
oxgen3 iya bener kelam kan,0
video yg tunggu tunggu fire fire fire,0
ajar ramah sombong bener boxer boy ii,0
kasi rakyat konoha joy,0
yg mencret n call bapak joy joy joy,0
bunyi duit duit duit,0
kemudian dua marah marah hahaha lol,0
gokil keren banget mas dipo index pointing at the viewer fire fire fire,0
tyota supra nya platinum bodykit nya mantep bgt,0
lihat buta megang gajah gtu,0
udh kolesterol bang joy,0
6g0d ucap cermin kualitas diri,0
maju maju bos bos sunglasses,0
bjir menit skakmat tu pak ahokk,0
gin wapres gw yaa alloh,0
cerdas tangguh banget tuh jawab tanya mba najwa joy joy,0
jersey kiper nya dong bang,0
hanyanama9308 nice statement sir,0
ratu skak eh bener pa ahok marah2 wkaskwakawk,0
pandji ko sama ahok,0
akhir pak ahok fire fire fire,0
kayak br latih buat besok bikin video undur diri nih,0
klo mau liat mobil kostrad cipulir,0
gas jadi pesona semua maz rofl,0
rutsabatbungaaprilia3585 yg komen ga nonton joy joy emang ken hujat aja joy joy,0
bisa2nya warga jakarta lebih milih anies waktu pilgub kmaren sweat smile,0
ajar baca baik benar alias kosong rofl rofl,0
wkwk presiden lo bang joy cat,0
kasihan negri moga tuhan selalu lindung negri,0
rakyat mana sih wakilin,0
harga rp an aja joy,0
misi pak kemarin faham bapak peran sbg apa,0
sobek lgi ga nih jersey kaya lawan arab,0
mmmmmmmmmmmmm larang komentar sweat smile,0
auuuuuuuuuu aja joy joy joy,0
niat bangettt syg koehhh,0
hina kgk mempan puji kurang pantas sweat smile,0
serius presiden,0
terlalu banyak oknum pak,0
team yg nunggu versi hdc yg 2jt an,0
dulu banyak yg suka jokowi sekarang,0
anis ahok udh solusi bangsa,0
sp12er org yg beli hp mah gw yakin ga bakal buat ngegame bang joy,0
bismillah jadi direksi pertamina biar beli ni hp,0
sangat keren,0
akhir nya hasil kebel vas bunga nya,0
2tq brio dulu yg pernah ku kerja blush,0
tingal mobil farel tada tada,0
top markotop selalu hadir nonton mas dipo,0
wow sangat paham ye guys joy cat joy cat joy cat joy cat,0
iya sama gw,0
a marwin raptor nyunda pis euyy haha resep ieu ngadangu na joy,0
jam ngeyapping,0
si milea apa kabar nya ko blush,0
best so far,0
yg nama gimmick dunia kreator review,0
santai kebo gua blum laku,0
nonton full mas,0
jam ga bobot kosong melompong,0
nyata jaecoo adik nya giant blush,0
ngomong yg penting penting ngomong joy,0
kelass mas dip,0
tim ga pernah skip kalo pak hok joy hand splayed,0
mak banteng lebih percaya puan ahok,0
masaallah inovasi terus,0
otw buat beli,0
kalau salah satu baterai habis layar mati,0
emg udah keluar autonetmagz,0
dasar buzzer bayar joy,0
murah banget,0
nonton cepat 25x lebih baik,0
desak emosiii emosiii kwkwkw,0
oke like komen,0
king ahok is back fire,0
kdm mahfud pasang jadi paket komplit qu heart eyes heart eyes,0
selalu seru kalo ngobrol sama pak ahok,0
terima kasih saran baru engeh,0
punya farell mna yaa blm jadi joy,0
jadi serasa nonton yaaaaaa,0
gw baru aja liat speed review joy,0
gak cocok bang malah bikin emosi joy,0
jawab apa2,0
ngomongin ai doang,0
pbrikan mobil china yg besar apa aja,0
komentar2 percaya pak probowo gak punya buzzer,0
vibe ni mobil mendiang kenblock bgt cry cry,0
sound nya gedein bang hedset an naik motor ga kedengeran,0
mending gibran silvester,0
pak ahok paling terang benderang heart heart heart,0
yg dis like kok gak lihat jumlah nya,0
tebak buah manggis kali,0
ahookkk cintaakuuuu heart heart heart heart,0
terimakasih udah sadar sekarang buka matam,0
jawab yntkts,0
segitu level ges yak siap siap,0
mods rata kanan butuh endors,0
cieee nungguin costrak joy,0
mobil keren reviuw kelas ilmu keren mas sukses terus thumbsup,0
they don t get paid enough or not smart enough easy,0
koplaaaakkk joy,0
salah milih presiden,0
bener wkwkwk males dengerin presiden ngang ngong,0
aja maen slow baru opening langkah joy,0
keren omkuu,0
ginahginah l2n iya face with peeking eye,0
byd geely chery changan,0
didik pintar tegas berani cocok ni jd wapres,0
kdm ahok kali,0
suported apa suportif sih yg bener seriusnanya,0
kan anak nya raja bohong ijazah palsu,0
bang pandji dulu bukan gak suka sama btp,0
abis pacinko lanjut sini,0
anies ahok the next president and wakil president tada,0
mrdidifar cocok hahhaha,0
otw dulang emas dalam papua joy joy joy buat beli hp,0
undo moment moyai moyai,0
video gua pause,0
bener bener kek dengerin orng halu yapping,0
gimana ndji keren gk pak ahok joy,0
yaaa lahhh presiden hasil ntahhh pilih siapa,0
wkwkwkwkwwk lucu banget om,0
alloh kapan sy bawa pulang unit,0
gitulah otak kalo udah kena brainrot joy,0
isi daging semua heart,0
bang pandji soundnya bang,0
pake karoseri morodadi keren psti body nya kuat kya tank,0
tetap cinta ckd,0
englishtown sih,0
mobil baru beres langsung crash bg,0
kini indonesia bukan tuju emas jadi masgibran,0
the best skakmat makasih udh ngasih tonton kualitas bang pandji,0
beli ah,0
langsung auto beli alam mimpi joy,0
gak mau ahokers,0
yg viral menit berapa aja,0
nunggu video bangun brz nya farel,0
basmi judol,0
ismailadrian f2e terus ga kritik gitu,0
kota juta bunga hadir,0
coba bang pandji sama ayah gibran raka buming,0
mascar007 konoha bos kalo jd buzzer yg teliti,0
lu yg ga nangkep kali kocak,0
dialikenya sembunyi wkwkkwkwkwk,0
masya allah made in china luar biasa,0
mercy anak gasx gank,0
faa3457 k9l apa beda ente sama2 maniak ap,0
tuhan sedih banget denger jawab sob sob sob sob sob sob sob sob sob sob sob sob sob sob sob sob sob sob sob sob,0
angeliart busett komen mana mana sumpah buzzer,0
kok lu ga makan gua bego banget lu joy sob,0
jokojmc gw heran kaum tetap muja muja presiden ky gin,0
yg rbuan gak bro joy joy joy joy joy,0
belik cilok depan alfa 5k moyai thumbsup,0
tempo ngga ajak duduk nih,0
bahas izasah jokowi bang,0
keannudandossi7613 aduu sorry chrysler mah jeep sweat smile,0
andhikasuryaputra413 soal prompt ai ga arah main catur grin,0
alphacraft1386 hehehe tau iri dengki darimana mas jangan prasangka buruk,0
gas bang tada tada tada,0
bapalu gay,0
banget tuh konten motor nya,0
anak bapak sama aja,0
best ever,0
iya yoga buzzer gausah ngespam dong joy cat,0
gasss konten motornyaaa,0
planet venus kembar,0
grassroot nonton gak,0
terimakasih bang,0
bused mewah banget,0
kok ngeri2 sedap yaa,0
modif mio sporty bang ziko heart eyes star struck,0
gatau kak,0
nemu bro part ikut kali mikir positif aja dlu,0
ilmu mahal fire fire fire,0
riko syahputra96 justru banyak juara jadi sponsor bro,0
lebih seru baca komen nonton 3jam wkwkwk,0
gak ngeh pak ahok 7x wkwkwkw,0
dislike aja wapres ga mutu pilih krn ordal,0
emane rek jual,0
si safri sama si bima suruh pulang cina bikin malu indonesia aja,0
manfaat bang tidur gue jadi nyenyak joy,0
lah undo joy,0
the best anjir,0
langsung beli ah,0
ziko agi bintit,0
alhamdulillah tada,0
salut gk nutup kolom komen,0
gak malu gw malu bngt co indonesia dipimipin kaya gin cry,0
ini sebut pria punya selera fire,0
kayak nonton matematika harvard,0
18menit 400k cry,0
tuju butuh meme baru nih,0
wkwkwkwk mobil paling mahal juara amandio dong,0
auuuuuuuuu,0
ahok gas anis skip,0
dukung anis,0
bukan ahok anis sweat smile,0
memang paling nih wapres tau banget ngolah algoritma,0
kritik bangun lanjut,0
hibur ku blush ngemil nonton nikmat sekali alhamdulillah,0
mau beli ginjal,0
ngerti gak apa yg diomongin,0
gimana cara minta bapak sweat smile,0
apa jadi dunia kiamat ahok yess anies no jual agama,0
arifhidayat4149 kamu tiba tiba buta apa,0
beli kapal api special mix,0
sy ntn krn btp aja,0
fiktif presiden kok ngasal bicara data sweat smile,0
waswiswus yg penting ngomong,0
dr awal pak ahok udh bilang ronde joy,0
episode selesai,0
need money for porsche nempel lamborghini moyai,0
gile ye racing ye,0
jam sia siaaa,0
bagus nokia bang sweat smile sweat smile,0
gokilll,0
masa 2jz gd alih ls hehe,0
gass modif motor,0
ubur2 ikan lele rawan bakar lee,0
kok ga muncul dislike nya,0
speaking head harga lima puluh juta ajaaa moyai,0
capek banget jadi warga konoha,0
yea ga berani tuh ngundang tempo stuck out tongue winking eye,0
bismillah prof mahfud ahok,0
gilaaaa ahok respect heart heart heart,0
hahahahhaha,0
jadi tabung apa masa depan,0
nunggu lipet aja deh,0
bangun motor ninja aja bang joy,0
mahfud md ahok,0
mang pabrik erspo bandung bocoranna atuh,0
kumpul beberapa pakar masuk pakar korupsi alias koruptor joy,0
lbwk bang lambo,0
redi jual mesin 2jzgte biar kyk garasidrift man,0
om fitra sama lai bikin film mobil seru joy,0
nyuruh orang produktif aja kerja cariin bapak,0
makasih ko rub pray,0
rahadiarum7448 menit gk bahas transparansi bang,0
muakkk,0
hadir bang,0
link beli jersey ori bang,0
aura moreno konga nya kuat bngett,0
bau bau piala dunia kemarin aja bantai ama iran,0
50jt hp soal lipat sweat smile,0
gpp kak jogetin aja oke gas oke gas wkoakwoaw,0
outstanding sekali kasih keras terus pokok buat team gd,0
mascar007 mas asep mas asep slight smile left right arrow,0
tau aja lu bang kalo gua otw beli hp,0
tantang diri sendiri tertawa baca komen pray,0
tim beli doang nonton kagak point up,0
tu bang ziko modif motor,0
gass modifikasi motor bang raised hands,0
hydraplus510 bukti kualitas masyarakat sangat prihatin,0
mimpi apa rakyat kumolonimbus,0
isi konten asyik isi komennya buzzer semua wkwkwkk,0
apple punya usa cina cuman rakit biaya produksi murah,0
sekali sekali bikin motor balap mas,0
terlalu tinggi nyata,0
wwhhyyyy so awesome heart heart heart heart,0
kalo sama snapdragon,0
gw kalah taruh paksa nonton habis pensive,0
let s goooo,0
yg gk sebut tuh bang octopus octopus,0
ngomongnya muter2 terus tak bobot cry,0
ahok panutan thumbsup thumbsup thumbsup,0
kali sangat apresiasi orang2 ngedislike video pray,0
retorika yg tak tau arah nya mau ngapa dn,0
beli iphone ajee,0
wkwkwk skak lol,0
presiden prabowo jawab x presiden prabowo yapping white check mark,0
gokil si mobil,0
1jam upload nih,0
bagus pakai talenan portable sweat smile,0
ga upload hari jumat sore tuh kya aneh joy,0
siap salah bg mungkin bahan s15 blum nemu wkwkwk papa sibuk,0
ziko maen vario aja thumbsup eagle,0
hanifalii23 cuma asal tag bang kflgy,0
jangan mas kasi keringet dingin,0
sponsor ngalahin tv tuu,0
komen judolnya om kondisi,0
kenyang banget ilmu nya thumbsup thumbsup thumbsup,0
baby chair open mouth open mouth open mouth sweat smile sweat smile sweat smile sweat smile,0
jagan modif motor bang ga seru masa langsung tamat moyai,0
dailyinsporation tanya gua sbnrnya lu mau siapa si presiden,0
hp cepet rusak china sendiri joy,0
beli hikmah,0
kok ngga disebutin mas ziko eyes,0
jadi wapress gak kerja,0
coba waktu jaman pak jokowi acara bagus,0
insya alloh punya anak istri bang kalok gua mah,0
ganjar gausa ikut si,0
ancrit jauh lebih ganteng ni mobil brziko wkwkwk,0
kingpizzasuper apa nya yg ngak paham,0
gass modif motor kek den mas,0
sponsor cukup ahmad syahroni,0
ahok ri,0
lah nyata banjaran kab bandung,0
kesini cuma kasih dislike joy,0
yah udah kena damage aja sob,0
mobil mitsubishi apa pas yg parkir luar lewat,0
ayo jangan didislike kasihan baca aja susah joy,0
garus beli sih wajiiiibbb,0
ovanfebrian f1f jauh gw gak pernah milih anies jadi gw bukan anak abah,0
presiden prabowo layak periode justru gibran jadi pro kontra,0
amazing bro komen yg paling nyala,0
sungguh buah punchline,0
tim harga juta person raising hand,0
oalaa hp yg borong speed kemaren tuh,0
kan ahok bikin anies gajadi usung pdi,0
gokil lu bg sumpah kreen,0
neng banget nontonnya lucu banget wkwkwk,0
pretty much xd,0
liat dislike gimana sy vote joy,0
duet ex espn fc mantengin justin edwin antem mulu sob,0
suara knalpot motor masuk pas ziko nge review v,0
mode rakyat joy joy joy,0
arjunbaihaqy1744 kalo tau poin apa bikin lo milih bro,0
tunggu versi mini gt nya mas dipo,0
adejua j4l padahal ngak ngomongin anis looh,0
otw beli apa iphone samsung,0
anggorodps 9 ga capek balesin komen bro hahaha,0
maaf yah typo nya terima kasih koreksi pray,0
ngebantu banget bang poin2 yg jabar thumbsup,0
kalau jatu habis cerita,0
serius ni promo,0
yakin terang,0
wapres asli joy joy joy,0
ahok baik,0
kobo coy,0
sisa livery ajasi ni mobil,0
babi yapping joy,0
mas atenx akhir2 jadi king rivewer motor ngabers joy,0
kalau salah mobil sam captain wakanda joy,0
prabowo makin pea,0
tanya apa jawab apa miss the point,0
si asep ga ajak,0
habis nonton fery irwandi terus nonton hadehhh,0
biar keren lah makanya langsung build us mesin,0
dlu bang joy,0
owh duid bapak nya kirain hasil keringat sendiri sweat smile joy,0
hahahahq sama,0
jangan kan sahkan bahas aja joy joy joy joy gak usaha harap lebih blush,0
mumet omon omon e mbulet,0
aduhhh gila hasil gokil ganteng banget,0
link beli joy,0
tumben kaga test speaker lagu andal safe and sound,0
mampir cuma utk dislike,0
gemes sm masker muka pngn tek copot sweat smile,0
kirain fj cruiser cry cry cry,0
tim mending beli beras,0
mahakarya tada tada tada,0
intonasi kaga enak ge,0
akhir ga pake btp,0
gak org baca teks bole nyari dr gugel,0
enggak sabar liat maestro tahir pake jersey partying face,0
tinggal nunggu brz nya farrel tampil,0
maizarindra498 jelasin dong pake nalar,0
cocok buat temenin tidur malam rofl,0
dishare sih bahan papar pak presiden,0
klo fd regulasi nya beadlock gaboleh ids,0
keren parah org indo modifnya,0
paling ngakak suara minggir lu miskin sweat smile joy,0
jeroan makan sih tulang doang,0
thanks bang bantu banget komennya,0
waahhh wahh kudu bawa prestasi mah hahaa fire fire fire,0
pramtime sekadar basa basi biar anggap junjung tinggi demokrasi,0
jadu inget reklamasi jakarta sweat smile,0
the power kak najwa white heart,0
jawab hasil ai,0
gilaaaaaa keren parahhh menit,0
wapres hasil ngrusak konstitusi bisa2nya ngmngn bginian ngacaa,0
50jutaan aja ginjal ronta ronta joy joy joy joy joy,0
info banya lepas drif pig,0
nahh bener omon2 oke gas2,0
salfok edit pas sticker sponsor belkote hilang sob sob,0
next review s15 mesin r35,0
tiba tiba bahas narkoba pak kan poin nya bukan situ sob,0
anggorodps 9 nahhhh jelas lah,0
nunjuk nujuk terus tuh jari point up 2 joy joy joy,0
try playback speed at thank me later,0
giiileeeeeeeeeee,0
fate v9f buat apa test antutu hp fold,0
isi ngga faedah,0
lebih fungsional,0
beli kuota,0
nunggu gd buat mobil sendiri ayo sweat smile,0
mobil om fitra lewat bg,0
besok beli yg penting huawei,0
muhammadmudayin jawab banyak lebar mana mana person facepalming female sign,0
ampun dah sekarang komen judol ky jamur mana,0
kunci orang bapak paman,0
kek tinggi bro,0
yoo i have never clicked so fast,0
help i cant take it anymore cry,0
ngiri abis kaya orang,0
silvia merah jarang dipake bang sini tuker sama beat karbu moyai,0
jiwa kaya raya ku tumbuh abangkuuuu sweat smile,0
benerrr emang one in a million sih,0
marga mesin mana suaranyaaaa,0
wowkwowkok si beler singapur,0
diem lo mas wapres,0
sponsor penuuuh,0
next bikin konten ganti mesin brziko pakai v8,0
moga ahoh sehat sehat terus nafas dengar makin berat,0
gagah banget sayang ev,0
judul bukan diskisi lebih cocok cerita zaman,0
om jeje msh sodara sm haji jeje,0
250like berat 50juta x,0
inimah bukan antilag dastek dastekan,0
enak dual screen nyaman,0
wuaduh hahahaha,0
tim yg langsung jual motor buat beli,0
plek ketiplek,0
presiden prabowo gebrak meja,0
6sulaimanalisatief111 jgn terlalu naif,0
anti gores nya gimna sweat smile,0
aseli logika ga jalan,0
typographynya pake mister horse bang,0
niat banget copasnya face blue smiling,0
rightnow fs9vx makan makan makan jadi gemb,0
waah bimo tambah kasep pake jersey timnas keren thumbsup thumbsup idid fire fire,0
jam nontonin prabowo yapping doang,0
amerika ketar tir joy,0
mau komen ginian udh wakil sweat smile,0
ga mungkin kaum serang fajar banyak soal,0
kan bikin nya ai joy,0
baru mobillll,0
miata kaki kaki nya aman buat drift,0
emang anak siapa doi,0
terus penting apa buat gua,0
mas tadi iims ko gada mas ziko,0
brzz asli ganteng banget,0
aneh bat maen catur janji wkwk,0
next gibran jawab,0
ditunggu2,0
gak nyampe mas gibran nya keburu ngehang,0
dukung abah bangun tidur grin grin puas kayak nya musikk,0
mantab ngantuk buat joy,0
mbpok nana ngomong malah potong sama moderator dihhh,0
bang jual bakso,0
kok diesel skip bg,0
face vomiting pake emoticon muntah aja bang,0
ikut senyam senyum sendiri joy,0
ayo buka bapak presiden tangan besi rakyat,0
mercedes g63 lewat,0
wwopppppp mantaaaapppp,0
satriapurnamaaji8104 hasil apa cuma berita doang,0
gibran masukin dong joy,0
baru kelar lgsg crash mas sayang bener,0
tigoo kan seater bos,0
ahmadluthfiprofile kwowkkwkw btul soal ga mampu mau beli mate xt joy cat,0
demo dalang padahal mah situ sendiri dalang cry,0
iss prideeee,0
malaysia laris sering lihat jalan,0
poin penting penting,0
kuat banget editor,0
punya malu,0
nunggu second,0
keren suatu hape dikuwas kuwes,0
juta aja cry,0
all for enjoyment and peace of mind fire,0
teamshare7558 heran banyak yg milih exploding head exploding head exploding head,0
gue spontan nyeletuk gituu coyyy,0
tinggal metro tempo yg msih bs harap netralitas,0
sedih orang pintar pak ahok gajadi pimpin,0
punya presiden gin joy,0
bang zik bangun mio full rata kanan donk laughing,0
isi kosong bikin bingung,0
anggorodps 9 bla bla bla kalau kosong mah memang kosong aja,0
gas mas kontenin x maxnya fire fire,0
ngga yg percaya gni,0
gass modif motor fire fire,0
bang s15 nya bang kontenin lgi,0
xmax oming welcomluster,0
baca komen lebih seru yah joy,0
faa3457 k9l yg bahas apa komentar apa kan kocak,0
tanjung priok punya nih bosss sunglasses sunglasses sunglasses,0
kenblock almarhum sweat smile sweat smile,0
kuliner mikir makan aja gk usah politik,0
smooth banget,0
kesini ga nonton video cuma mau dislike v,0
hp yg unboxing speet,0
kdm ahok tugas gebrak luar negeri,0
cuma biar liat keren kosong video jiplak tak malu,0
komen rage bait mana crosstrek nya triumph rage,0
anies ahok siap lawan gemoy,0
mayoritas masyarakat kecewa bijak bapak terimakasih,0
uda ngatain orang pake emot minta maaf gada mental,0
anggorodps 9 oon jangan pelihara brooo grinning grinning,0
gass bangg next modifikasi motorr,0
gampang patah kalo gak hati hati tipis bet liat aja deh sweat smile,0
moga aja ga kaya u20 gagal piala dunia,0
si paling paham joy ismailadrian f2e,0
pas tanya soal anak doang rofl,0
ngomong2 mirip mobil rally kali yah ikut rally ni mobil,0
kasih duit,0
andi maulana hahaha makasih jadi notice,0
gas lah pasang antilag mas ziko joy,0
beli main magic chess gogo,0
ngeri,0
metro tempo ga ajak saluting face,0
iya practically emang sieh,0
pas ngedengerin gue jg gumam sumpah,0
tim yg kerja keras buat keluarga triumph,0
kalau ahok anis baru tuju joy,0
naikin gaji editorr,0
ariefsesar14 hina tumbang buru turun bang rofl,0
karomatullaily6755 maklum udah mentok,0
gila yg komen hampir kontra semua,0
tau conceptmotor methodwhells sini sweat smile top banget gd,0
mobil ganteng heart eyes,0
ruangkarsa lha harmony jg android joy,0
bapak sendiri rusak konstitusi ikut kompetisi,0
congratulation bg dipo kecee abiezz crostrek nya bg,0
enak dipo emang jelasin,0
mobil fitra eri ngga colek bro,0
kesini gara2 liat reels ig banyak yg dislike,0
suka suara mobil motor yg berisik,0
wow amazing canggih proper banget bet ngedrift,0
maaf bang gk suka ama model velg nya cry,0
bolehh tuhh modif motor,0
ikan info ordal berkarir perintah,0
fakta aku emang gak sengaja tidur pas nonton,0
emang presiden lu ga kompeten aja,0
masa murid gm irene sukandar kaya gin bang,0
gileee beda suv pake drift,0
mending poco x3,0
kucing joy,0
anakenosiss jangan lupa dancing sweat smile,0
yg tanya apa yg jwb apa cry,0
nahan berak,0
kespill sendiri,0
gmc gmc bang,0
nyala fire fire fire,0
tim nonton doang ga punya mobil,0
tu siar tvri kok takut x mbak nana nayak,0
macet jalan jadi putar balik cry,0
lo ngeliat efek pulauwin gak sih kayak tren tiktok,0
episode senang,0
betul sekali gak usaha bpk paman,0
bang spil redmi note pro 5g,0
ekonomi tengah gimana pa,0
pak jokowi mulai kerja face with raised eyebrow,0
joy hp yg beli ishowspeed kmren hp lipat canggih china,0
emg nol kapasitas nya bang,0
road noise ganggu video,0
dipo gymkhana mode fire,0
salut sama yg paling erti dgn soal bangsa,0
hitung berapa banyak pororo ngomong antek asing,0
keren banget coyyyy,0
najjisss jadi wapres jalur nabrak konstitusi,0
jangan lupa celetuk uni lubis supersemar wokwokwok,0
engsel ny keten ituu,0
kalo salah salah ngomong cut,0
biasa abusive mungkin jadi maklum nyahahaha,0
kok cuma jam anying,0
naik haji ken block,0
semangat mas dipo rebuild kemaren crash test,0
asli keren enak buat jengat jengatin,0
modal bansos hidup mulyono,0
asyariiiii masuk,0
yg tunggu tunggu,0
w wo macan sirkus face orange raised eyebrow,0
respect pak ahok heart,0
us kalah tekhnologi nya nnti sweat smile,0
taikk ayam,0
lancer wagon wakk basic mobil apa tuh yg swap,0
tuju aceh tiga,0
jersey tahun datang bnyak buru kolektor,0
si pandji nahan ketawa terus anjir joy,0
laa aku iyoo,0
presiden prabowo ngelantur,0
maklumin ges memang segitu kapasitas beliau,0
garing euy,0
gokil banget cinematik nya boom fire star2 sparkles tada tada tada,0
buyar,0
sya nyesal nyoblos orang,0
gw tuh joy beli casingnya doang,0
menit gak template capcut kan mas,0
anies ahok the next presiden and wakil presiden tada,0
ngeri bgt handlingnya,0
lebih bagus komentar netizen omong bapak satu,0
duhhh gue duit nya cukup buat beli iphone pro wkwkwk,0
apa yg stabil kemaren pasar harga daging naikkkk,0
moga sukses selalu tim gd thumbsup,0
anak jokowi makanya jadi wapres,0
setia sama huawei nova 5t saking awet smiling face with 3 hearts,0
masuk bapak ahok keren sekali,0
kira kira make yg lb works apa lb silhouette joy joy joy,0
kata lucu,0
ahok anies baru oke,0
om mob lihat jadi sixpack skrg hehee diet apa beliau hehe,0
kaizenteam7 respect nih,0
kayak asal jadi doang,0
joget dulu gak sihhhh,0
the road is still long face blue wide eyes,0
ekowaryono8099 saking luas ga isi,0
males kalo listrik,0
konten sampah kata fufufafa hehehe,0
makanya dislikee wkwk,0
riickk8888 makasih atas info ny,0
masterpiece,0
mariamavi6769 kentara banget ni ai nya bang,0
vlog gd terbaikkkk,0
mna tau pas dengerin jadi muak trus ngantuk yah wkkwkwkw,0
manaa vlog seads kamiii,0
benah pa,0
jadi ikut wrc indonesia gk dip,0
angeliart menit berapa yah jelas tempo undang,0
beli poster biar tambah besar sweat smile sweat smile sweat smile sweat smile,0
iya iya bener rofl rofl rofl,0
angeliart buzzer copas copas ni tiati,0
samsulkhoir w5t akun baru buzeer lo joy,0
technologia fire fire,0
begini doang mah kagak tarik,0
bulepapuanugini wlaakkkkhh hand hand hand,0
mobil drift tmpilan rally smiling face with 3 hearts,0
tim jual diri,0
pesona laksana selalu ide inovasi tiada henti tada,0
tuju kak modif motor pake airsus rbwt gd joy,0
panji aku ahok keren,0
masukin amazon biar beli dluar,0
sekali kali undang dong podcast masalah ekonomi politik,0
ntar lama2 hp kayak wafer berapa lapisss,0
zenix jadi liat kecil banget belakang hev wkwk,0
ganti judul aja bang skakmat langkah sob sob sob sob,0
mana mau si dewiii beli legacy,0
gokillllll heart heart,0
beli motor,0
dipo yg bangun mobil gua yg bangga,0
mobil dipo ancur,0
solusi nya pie pak,0
modif xmax bro,0
ah mas kayak burung ngajak ikan renang,0
komenan emak2 pesbuk,0
yg pirang gak review bro sweat smile,0
parwis bayak pakai skylander dominan sr3 jb5,0
dislike nya sembunyi gyusss,0
aduh lucu banget sattt joy,0
iso speeed,0
tipikal orang jaman dulu yg suka dongeng persis mbah,0
gak pake anti gores pake skotlet,0
paling ditunggutunggu,0
jurnalis tempo undang,0
valentinus resa gak ajak bang,0
bang ziko gak rievew dodge charger punya dom,0
pak prabowo emang layak jadi presiden,0
ngomong apa jir,0
keren mass heart fire fire fire fire,0
kurang berani apa coba ipk jadi wapres,0
gass truss brooo,0
damkar paling percaya rakyat pak,0
mending j2 prime gak sih sweat smile sweat smile sweat smile,0
gila keren banget dipake bimo jerseynya,0
anak muda berani tumbuh wkwkwkwkwkwkwkwkwkwk joy joy joy joy joy,0
haha cuih ga tu joy,0
joy lapor mas wapers,0
info loker bangg,0
alsimkebunsayur hp lipet jadul moyai,0
bonas bonus eh baca berita ratus siswa smp gak baca tulis joy,0
lebih bagus komen2 nya,0
cupra masuk indonesia,0
he talk the talk,0
saran mas kalau yg unit sold bikin vlog ny lg mas,0
koenigsegg jesko attack udh masuk indo nih,0
best episode makasih bang panji fist,0
bini gue,0
wajib kolab,0
asli bodo banget pandji maen catur sneezing face sneezing face sneezing face,0
tot8858 eh tot bedain jawab diplomatis sama normatif,0
jejak dijitalmu gak hilang brow,0
zetsu putih ketar tir,0
sdh check out tada tada buat kk istri bokap cman gak gw bayar aj,0
tim ken beli,0
kabar crosstrek gmna bang,0
komemtar sini penuh orang omon,0
his name is chaos his hobby is sip the tea like an angel,0
dulu milih siapa bang,0
yook bareng2 bro,0
presiden curang,0
joy joy suruh ngaca dulu x omon2,0
kingpizzasuper ko,0
perang njir huwawei google ancur tuh amerika,0
yaa allah presiden to iki cry,0
lucu seru hibur informatif ubur2 ikan lele,0
maksud lo apa,0
5x malah wkwk,0
kwkw lg eeeeeeee mulu joy,0
ganteng pol,0
pikir,0
numpang tanya dealer nya gabung ngak sama dealer cherry om,0
kece poll fire,0
astaghfirullah ampun dosa allah,0
kevin de mruyne,0
idola guaaaahhh heart heart heart heart,0
bukan inovasi baharu,0
mobil2 yg luar fortunernya ko ga tunjuk bang p,0
vocalisnya vob menit,0
apabila mim mati temu huruf mim baca dengung joy,0
tuju sampah demografi,0
tokped kok juta open mouth,0
ahok said anis sangat negarawan,0
aura anak bung fitra gak sih sweat smile,0
gin cuman jadi tonton doang joy,0
ishow speed borong,0
g63 nya tuhhhh,0
iwasir i was hereeeee,0
kang anis sorry deh mending kang dedi mulyadi ahok,0
hampir aja jadi episode skakmat pendek wkwk,0
gila depan nya ngangkat,0
prabowo jawab cry,0
banh gimana mobil mas dipo habis crash tanding,0
gm irene sukandar tlong omelin dikit smiling face with tear,0
astaghfirullah kok gin presiden pilih indonesia cry,0
ngakak bgt denger pak ahok ngomong gak henti,0
baut roda nya bener2 mobil palu,0
cat2 misi bang yaaa,0
knpa gak sesi testing thinking smile,0
huawei tim dang mending,0
anis nikke okesih,0
ctgctg9921 baru tau,0
bru tau aku sweat smile,0
udah skakmat tuh padahal pandji blunder wkwkwk,0
tetangga be like hadeeh ngapain tuh si ziko wkwkwk,0
ahok mahfud lah yg jgn gegabah,0
jam yapping doank ni orang gmn gak ngeselin,0
ril cuy beli kerupuk sih,0
langsung belibur kamp boja,0
d tunggu konten modifikasi motor bang,0
modifikasi yg selera nya mas atenk joy,0
pak ahok selamat durasi video kali jadi panjang rofl rofl rofl,0
hahahaha hahahaa sweat smile,0
best banget sumpahh,0
teriak hidup jokowi joy,0
sony brand besar tp ga bikin hp begitu,0
bang tau merk sepatu abang pakek apa,0
nunggu harga 3jt wifi only,0
wah bsa alam neh tinggal ganti suspensi ikut rally,0
gausah tonton buang buang waktu,0
hpnya ishowspeed,0
xmax gd style blush,0
suka aura negative om,0
angka dislike nya non aktif kena mental kek,0
satu kata sih buat lu mas gokil keren bgt sih love it heart,0
mau apa sih,0
bensin guna aftur,0
selalu mantep broooo,0
pak ngejabat pak,0
mobil farel mana,0
mobil hammer ev paling keren sekali,0
ken block almarhum joy joy,0
feeling flat harmony next yg baru benar benar bas android,0
enak tinggal klaim hasil anak muda indonesia,0
menit kayak skakmat,0
ganteng banget sih,0
lebih tepat nahan ketawa pas jawab mulai ngelantur,0
i love you,0
jagan khawtir siap beli kata mas dafid cuma harga juta aja,0
anjay view nih gw,0
bruntung banget woee taxi driftt,0
rahadiarum7448 dah nonton om wowo tanya apa jawab apa kocak2,0
cuma buat buang waktu,0
kirain ibu2nya ikut pindah blush,0
seh dah bae akun judol moyai,0
sya besok beli yg lipat puluh,0
kuereen dwipo nyala,0
episode paling lucu,0
tau beliau ngapain,0
modif motor auto rata kanann mh hehe gass modif motor bang grin,0
wkaokwaokwoaow sekak,0
era jokowi selalu tanya kapan gera revolusi yaa relieved,0
emang presiden pernah wawancara,0
jadi ken beli hp moga rejeki nya aamiin tada,0
velg nya jadul joy,0
zoe tw layar 4k layar loe 720p rofl,0
syuting kaya yg gm irene dulu baru yg,0
lomgsleeve nya cakep parahhh anjiir,0
audio kecil pas iklan kaget gua gede bgt,0
honda maestro belok roda blakang nya,0
gas bang,0
komen nyaa banyak negatif dislike aja,0
editor kelas udah editor tv besar,0
nabrak bang rofl,0
lu bener sih kalo,0
kenal huawei thn emang luar biasa gebrak nya gak tanggung,0
menit aturduit id,0
kan undng undang ga wak,0
sehat selalu maa gibran,0
co toko oren,0
fishybrad wkwk serah lu aja lah wahai antek soros wkwk,0
hp borong ishowspeed biji cina wkwk,0
lama banget main catur,0
lah lu tuli jelas jelas uda jawab tu kasi dah wibu ni,0
tombol dislike ud non aktif hehe,0
isi konten tulang semua lebih daging komennya ahahahahhah sweat smile,0
slalu keren kalau bikin mobilll thumbsup thumbsup thumbsup thumbsup,0
buzzerrp kurang bayar jadi dislike parah ndak setia,0
skakmat pandji joy,0
langsung beli mie ayam,0
jam jadi sia tak ads yg bobot jawab,0
isi ngga pantes upload,0
maizarindra498 coba jabarin per,0
kalau luar sana sering kok pakai offroad,0
tunggu wawancara rupa wakil presiden pray,0
sabar pimpin perintah ga kompeten sampe gua sih gamau smile cat smile cat,0
50jt an aja sweat smile,0
crossbar nya ko ga buka sih jadi kurang kece,0
bener pak jangan sampe jadi macan sirkus malah jadi kucing,0
mending sugeng jawab sweat smile,0
ngarang jawab pak prabowo,0
udh bg gw beli kopi,0
dp 5juta berapa tahun cicil,0
hibur bgt baca komen2 nya rasa wakil joy,0
makasih udah aku salah kak perlu apresiasi,0
keren kieuu mang bimooo,0
paling neng kalau om mob udah ngomong hyendeeeeiii rofl,0
om mob lebih seru,0
tada joy heart cry open mouth sweat smile blush,0
samsung tungguin aja ntar wkwk,0
otw beli buat mbak art rumah,0
ken nang mobil hancur cry cry cry cry,0
lebih baik tanya yt dokter mobil indonesia aja,0
is this ai,0
makasih clipper tara arts gema show,0
beli nokia n gage,0
orang cepat yum,0
juta aja bukan buat kaum dang mending sweat smile,0
m4 hobibarbar fire,0
isi klaim prestasi orang joy,0
narasi isi buzzer semua,0
interaksi tak duga lucu panji sama ahok,0
nonton langsung skip detik,0
thumbnainya ganti,0
gokil sih buat guling clan mulyono joy,0
bahaya kadrun,0
bapak sama anak kok satu keluarga wkwkwk eeehh,0
mobil si tampans semua wanita dpt milik fokus karir,0
yapping yapping yapping,0
kena banned malah op thumbsup,0
asyariiiii pikir macam apa pray sob,0
pak presiden next wakil yaaa,0
tetap konsisten pak prabowo muscle konsisten ngelantur nya sob,0
joy joy joy joy wanjaaay quotes nya brillant bgt,0
beda kan logat sama cari muka paham lo,0
langsung tamat kek nya kalo modif motor rofl,0
bang aing masuk tv bang pray,0
apa roda belakang kiri thinking,0
opo iki orang kaya gin joy joy joy,0
kurang seru ga tempo sweat smile,0
zenix jadi liat mungil wkwk,0
lah gimana joy asyariiiii,0
brand cuma ganti posisi kamera aj huawei mantb,0
ban nya kok lepas mas joy,0
udah abis indo bang udah gw borong,0
siapa sih bisik pak presiden jadi begini,0
se dapat,0
info loker pak relieved,0
ga punya mobil tp sk bgt liat2 mobil2 sport,0
hati hati bang grin,0
bang bahas hp merk baru eropa inoi,0
sayang langsung nabrak cry,0
kalo hari ga hasil apaga mending pecat,0
ho lhoo sy langsung klik komentar males nonton videony,0
pas lipat buka terus jatuh udah tamat hpnya joy,0
ga sabar liat brziko vs brz obel nnti,0
aerox apa xmax bang sweat smile,0
isi kosong bikin bete,0
abang pro siapa ahok anies,0
hebat tetangga gk yg ngelapor isi joy,0
kocakk yaa jd lawak aja joy,0
fufu fafa ndadmu,0
bukanpemudaormas1340 now we know why is he losing the elections before melting face,0
norak kayak ide,0
puja rk ngumpet gorong2 joy,0
david jajal dajjal moyai,0
kerja nya hasil bonus bapak ngomongin bonus demografi,0
gila ampe merinding gua nontonnya sweat smile,0
orang korea siapa,0
ajak akang mv buat modip motor sweat smile,0
makasih banyak bro,0
jumat sore wajib selasa cuma samping,0
this dude has diploma in yappology,0
udh bang udh sen unit mimpi joy,0
bang gk mampir the elite banyak motor tuh,0
coba kapan gd bangun mobil pake v8,0
speed said move aside you poor sob,0
gd kalo modif mobil gak pernah gagal mantaap thumbsup,0
si hitam marga mesin ga sebut joy,0
mobil vavorite gtr r35 and gtr r32,0
direview sih,0
cocok buat hantar tidur isi nya bual belaka blush,0
pernah rasa jenuh main do a7 selalu inovasi cool,0
bbbuuuaaaajiiigaan,0
emang kamu bonus bonus indonesia sengsara,0
tunggu review s15 pakai mesin r35 mas,0
punya hammer h1 mas versi remot control joy joy joy,0
galaxco9669 owh kirain yg tambahin grimacing grimacing,0
koq mirip cerita nya siapa yah wkwkwk,0
thanks bang makin buka pandang lain good job,0
gilak cakep banget,0
sangu turu,0
nang reno nih sweat smile,0
apurnama ooo gua kira kepanjanganya anak syahroni coy enggakya nyata,0
muhammadihsan ur7jm emang iyaa,0
si paling cepat joy,0
prabowo ahok prok prok prok grinning,0
mantap mobil,0
bukan dr prabowo antek antek nyesel gua golput,0
jam menit buang2 waktu smiling face with tear,0
paling keren supra si heart review dong detail nya,0
ampe basi gw baca begini tiap konten huawei aje,0
coba jelasin qpa yg kamu ngerti jawab bapak presiden muhammadmudayin,0
keren polll,0
anggorodps 9 anggoro bayar brp anggoro,0
uda ga paham situasi mala maen fisik,0
kabar iphone mau ikut ikut buat hp fold wkwk,0
velg ceser keren abiss joy,0
ahok for president heart,0
anggorodps 9 akun baru mana nongol terus ngebelain om prabski ckck,0
benar,0
jumat depan gamungkin dong ziko yg inframe sweat smile,0
om garasi drift jga buat yg pake mesin v8,0
wrc cocok bang herb,0
nyari ngantuk sini,0
tuju indonesa emas,0
hearing without listening taking without speaking,0
konten paling tunggu,0
tuju indonesia bubar sob kasihan dahulu wilted rose,0
denishenritowoliu5367 gk usah kasi sama w emang w knp,0
wowowoooooww bener bangeeet rofl rofl sob sob sob,0
sukses trus buat all team pray pray muscle muscle,0
wawarzha bocah bocah jurnalis wokwowkwok,0
moga beliau faham apa baca blush,0
lexus mercy,0
jagurduk xb7pb bang udah bang sob sob sob,0
toko nya,0
lu polos lu buzzer robot joy,0
baca komennya buat aku ngakak,0
convert stir kiri kanan yak,0
semua komen buruk mayoritas anak abah joy,0
bikin film bagus kayak inspirasi sekali joy,0
undang pak jokowi bang,0
mascar007 bayar berapa bg sama prabowo jawabin semua nya dikomen wkwkwk,0
beli kopi kapal api nya kawan kawan,0
ngga engehhh pak ahokk joy,0
absen dlu ah,0
puyeng banget gw bussseeeet,0
skip moyai moyai,0
baru sadar pemred tempo,0
terbaek orang sayang banget gak jadi presiden,0
feeling flat beda haormony bom lepas dr android tp lebih berat,0
sulistyowati el8kl bayar brp,0
kalah sama anak d1 yg pinter pidato,0
tuju kalau ahok pak mahfud tak coblos,0
diplomatis apa emang ngga ngerti pak wkwk,0
gak seru,0
ngeri kamera,0
rekomen hape android dong budget jt,0
beli motor scoopy joy,0
kameramen mula fokus bung,0
kesini dislike,0
oke gas oke gas oke gas wkwk,0
jadi inget bro ferry irwandy,0
hp ishowspeed beli,0
wkwk seru,0
unboxing poco m7pro 5g bg,0
adityagunawan9001 wkwkwkwk mana iya,0
harus elu jadi model nya om,0
kelass,0
kirain crostrax disappointed yawning face yawning face yawning face yawning face,0
harus,0
langsung skip,0
jauh lebih manfaat baca komen darim nonton video,0
guncang guncang fakta,0
mau ikut dislikenya ko ga,0
asyik banget,0
gw baru beli tadi emang gila ni hp,0
hebat bgt tahan jauh joy,0
raja akhir sweat smile asc thumbsup,0
hp lu lipet berapa bos sweat smile sweat smile joy,0
mah buah jatoh nyangkut pohon joy,0
jadi penasaran bapak siapa,0
jadi hmmmm kapan mau lengserin perintah sweat smile,0
baru beli ip nongol hp baru,0
siluet desain fj cruiser sekali sweat smile sweat smile,0
asli suara meski suara palsu,0
thank you ko,0
ahok fery irwandy lebih,0
ridwan kamil sih kalo,0
al maidah nya dipake lg gak joy joy joy,0
hp lipet aj sering ambrol apa lg lipet joy,0
oil colerny pake gsx ngga min joy,0
janda tarik,0
ahmad syahroni bg,0
kali jadi ba nya erspo grin,0
asli sih gak nyangkaaa,0
ziko gimana kabar bang dipo mobil nya sob,0
tuh gd modif motor tarik thumbsup,0
kalo bdasarrkan emote hp sih zany face,0
kalem dikit lah joy,0
bagus hpnya jir,0
beli siomay yum,0
langsung cod facebook sweat smile,0
apa mas ockis ken suara kaya gitu brziko joy,0
hats off sir,0
duo bapak bapak duta sahabat otomotif,0
lebih rendah gelandang joy,0
keren sih velgnya beda drifter indo,0
komen anak abah sama rt sweat smile sweat smile sweat smile sweat smile,0
honda accord warna item,0
yg penting takut tuhan mas face with hand over mouth,0
presiden ko kaya gin hadeuh,0
fanboy nya iphone sembunyi pojok meja dapur,0
joy joy kocak kalian,0
jen1ce yg gantiin si gibran dong fearful fearful ogah kalo ga gibran luhut sob,0
moga pak ahok sehat selaluu hormat,0
gilir komen kek gin aja buzzer2 gak jawab sepi,0
sedang tunggu orang komen nonton pake hp sebut,0
omon omon doang,0
mas wahid jual beli mobil dulu joy,0
nyala betul,0
ga beli sekaligus klo ga ga jadi nih moyai,0
hemat waktu kalian cepat vidio jadi 5x,0
joy mas wo wo mas wo wo sweat smile,0
waow sangat bobot sekali komen teman2 video joy joy joy joy,0
milyar habis mungkin biaya modif nya,0
viral,0
ubur ubur makan terasi laksana pesona makin serasi point up 2 point up 2,0
dasbor bikin mas biar ga ngopong bet,0
makasih narasi jadi yakin kalo nilai lebih layak cry,0
iya kyknya keren tuhh lintas banyak tampal,0
wkwkkwkwkw iya lucu banget,0
sebentar hijriah ratus tahun emas nya joy,0
real flex,0
indonesia butuh ahok,0
presiden prabowo jawab x presiden prabowo ban heavy check mark,0
uu ampas aset koruptor tak jawab cry,0
keren bet hasil akhir,0
tunggu second ny hingga sentuh harga rp juta open mouth cry open mouth,0
bro pikir bro ferry irwandi,0
cakep turut pak w,0
malu kelas chanel wapres kok gin sedih bgt cry cry cry,0
diskusi sama rakyat dr semua sisi perlu pak,0
berapa lapis ratusaannn rofl rofl,0
yahh udah hide dislikenya info akhir dislike nya berapa,0
oke liverynya keren sih mantep,0
emang kamu tau,0
gak mutu,0
fix beli kouta dlu,0
jumlah dislike nya ilang joy joy,0
nunggu versi china yg harga gak smile,0
ko main janji dulu om wkwkkw,0
baper banget lu ama komentar doang kasi sob rofl rofl lockysigarlaki163,0
speakernya dengar bose udah kena syok harga mobil grinning,0
hummer ev heart eyes clap sunglasses muscle two hearts hugging,0
terima kasih mbak najwa shihab baru tahu siapa prabowo,0
elainaymafay ngacapruk kata orang sunda,0
amazing open mouth open mouth open mouth,0
yg tunggu2 review dr gadgetin,0
paman sehat pak wapres titip salam,0
beli kuota buat nonton video sweat smile,0
manusia biasa d emang jawab nya lantur dasar buzzer bayar berapa lu joy,0
samsulkhoir w5t samsul bayar brp,0
kasihan mas dipo mobil baru nya crash tadi ajang turnamen,0
bangsa sia nyiakan berlian lebih pilih batu akik,0
kayak apa hasil drag race gmc h ev vs jimny,0
langsung gass sunglasses,0
salut editor ngedit jam,0
baca text bang lihat kok,0
wallahi we doomed,0
hp jual gengsi mahal,0
tebak gg nulis script,0
solusi buat ortu yg anak,0
tuju indonesia cemas,0
utang sit ra ki joy,0
ngomong opo to pak,0
sayang ga jual,0
bahagia hakiki,0
mas panji main catur koq atur sich joy joy joy,0
mobil langsung crash cry cry,0
bang review mobil umbu gilberthh,0
anak abah diem aja,0
beneran rebah dong buat ngolong,0
ahok mahfud sih,0
kau pikir hidup makan kata pikir rakyat tak butuh susu rofl,0
gas motor nya bang,0
ishowspeed rp joy box gift youtube fire hand splayed smirk hand splayed,0
main ps5 kek josss,0
lu baca bang open mouth,0
jersey replika yg dipake bang bimo kerah beda tinggi sweat smile,0
sakit hati sama pidato anies dulu,0
ga liat komplot mobil2 marga kode mesin,0
byd bukan china,0
memang ga jahat sii hny g kompeten aj heart adhesive bandage broken heart,0
kapan nih review hp mahal channel sendiri awowkk joy,0
gas bikin konten motor,0
aerox baru keluar udh tamat modifannya gokil,0
50jt dpt vario125 biji,0
klo tambah stiker merah plus hp,0
realitanya penting mesin awet balap menang sweat smile,0
waoooo huwai keren,0
halah nyocot,0
kayak chart meme coin aja,0
mantappp makasih sangat detil kerennn,0
salting bang,0
kamera nya geloooooooo,0
disembunyiin biar gak lihat yg dislike banyak banget,0
sekolah aja udah ko sekolah drifter,0
pajak tahun brp,0
mobil anak lord freeyork iya kali spending nanggung fire boom,0
gua dengernya headset asa suara mesin rotor,0
capai rakyat mah bukan situ joy kocak emang,0
yuda rolling eyes padahal ban karna takut saing,0
orang ngelantur interview,0
klo nonton live mungkin pikir udahan kali livenya,0
rekam lalu kamera hp kok gak,0
nana hasil bikin presiden gelagap,0
goks obell dah makin gada obat,0
wapres cuma icon dulang suara pilpres bang,0
awas nant lu digebukin kaum tikotok,0
bang cobain bikin cumi darat dongs main diesel kali2 face with hand over mouth face with hand over mouth,0
bayu bebe tinggal tunggu review farrel yg make original engine,0
siapa sih bg yg dimksud,0
ngakak rofl,0
yg kesini cuma mau ngedislike sm baca hujat angkat jari,0
isi sama sekali jawabanya,0
ga crostreck,0
irit kalau pakai reaktor fusi nuklir ga usah ngecas terus joy,0
ayo garasi drift upgrade mesin biar trs competitive,0
2x joy joy joy,0
ban dah copot aja bang,0
sanileonardo444 hehe mah ternak soros rofl,0
cuma buat bikin kesel,0
gausah diskusi pake email aja mah,0
regencies,0
maizarindra498 gua nonton full ahhhhsudahhhhlahhhh joy joy joy,0
kesini cuma dislike liat komenan netizen,0
tanya jawab khawatir,0
anggorodps 9 ayo jelasin jangan ngilang lau,0
espro sejarah brand lokal go to pildun amiin eyes mc thumbsup,0
seru liat komennya joy,0
heleh gak modif,0
pikir sama pak ahok pakai buka scholar mate joy,0
dos bang,0
pikir bukan dialog monolog,0
soft selling yg engga soft soft,0
makin nyata omon omon nya,0
kinggba emang buzzer,0
solid solid muscle idid,0
ngebantah cerita sweat smile jerryklisman,0
orang lambat point down,0
jogetin dulu dong,0
gokil banget gua suka bgt sama video video channel lu bang,0
updateeeeee,0
bole bawa popok joy,0
layar buat samsung arti samsung nyimak,0
gak sesuai judul,0
tuju banget bang,0
selamat nikmat tahun depan tada,0
moga indonesia depan bebas nepotisme,0
calon macan hutan,0
duhh motornyaa bang adete cakepp bgtt,0
kok jadi orang yg gk marah2 rofl rofl,0
andregasukangutang anak ahmad sahroni bang,0
ken ngeludah online,0
settingan awal,0
mak nonton botak joy joy joy,0
dengar kata 50jt langsung kabur dompet aing,0
fee ridwan hanif kali tarik bgt,0
crash bg cry cry,0
tinggal menit,0
njir lah jam cuma dengerin orang tua yapping,0
asyariiiii meong wkwkwkwkwk,0
huracan lbwk kahhhh joy,0
terima kasih effort nya sungguh manfaat mudah thumbsup,0
nah kalimat tepat,0
ko bagus mas ferry joy,0
ndasmu gelapp,0
iyaa klo abah anies pasti pinter jawab tp cm omon2 joy joy ismailadrian f2e,0
makin yakin abis baca review v v sgi88,1
manut88 benar2 bikin aku jadi sultan,1
pantes tongkrong maen alexis17,1
gua udah ga bayangin hidup alexis yin sih,1
langsung percaya lihat hasil,1
orang bilang alexis17 tuh miracle banget,1
gue rela gak upgrade hp nabung alexis17,1
pikir lewat mikir sampe lupa pu lau tujuh tujuh tujuh,1
heart weton88 heart,1
busett cerahh banget triangular flag on post sgi88 triangular flag on post encess sama koinya ngasih mulu,1
bro alexis17 ngadain giveaway nih hadiah motor sport baru,1
menang suhu328 bikin hidup,1
baru jepe kali wede lancar banget,1
makswin brusan gates gg banget,1
seru abis rasa gak lengkap hari fire zap alexis17 zap fire,1
ahmadtoto bikin lupa masalah hibur hakiki,1
emang gak se percaya alexis17 sih,1
gak pakai proses nya langsung wd,1
sungguh dora77 tagih berat sulit henti,1
bangun tidur ku terus ngeslt emang paten kali mandalika77 nih apa2 udah maxwin kirain cuma mimpi doang maxwin,1
kasi jp pas modal haha makasip luto88,1
cobain langsung tagih puas,1
bangga gua nih kalau tongkrong star alexis17 star top markotop,1
fix gak nyesel bangga banget jadi bagi fire zap alexis17 zap fire,1
sis ngeh kalo alexis17 keren gila,1
buset tv gede gitu main pes gawang gawang liat kalih,1
semua orang bilang alexis star star tuh blessing banget,1
keren gas kak weton88,1
main alexis17 suara,1
berkah rezeki hari berkat probet855 puji syukur,1
nice link bagus mandalika77,1
min video lu baguss pilih sgi88,1
capek bgt nemuin alexis17 trs,1
emang alexis17 gampang menang,1
gue rela gak tidur ngikutin update baru alexis17,1
mandalika77 mekswin depoin limpul,1
cuy serius nanya alexis17 beneran bagus,1
alexis17 superrrrrr bos gac0r layang,1
jepey gmpng banget sgi88,1
cuy alexis17 lo coba,1
rezeki alexis17 makasih untung,1
ngga ribet gampang banget dapet tambah,1
main bareng temen pulauwin emang seru,1
emang gak se asik alexis17 sih,1
sgi88 bikin tagih,1
fix gak nyesel setia banget sama zap alexis17 zap sejak awal,1
tunggu tunggu salam jepe sgi88,1
mandalika77 makas lah uda ngasih keren pokok mandalika77 sesuai pnya isi nya,1
makasih aeyao88 rezeki bikin hati senang banget,1
bng coba game zeus x sgi88 gampang bet pecah,1
epic moment sgi88,1
gue udah coba main jam jam alexis17 emang gacor jam pagi,1
bro sibuk sih alexis17 bonus deposit super gede nih,1
yg tunggu2 weton88,1
suka banget main dewadora gak nyangka dapet jakpot langsung,1
gue udah ga bayangin hidup alexis17 udah mata cahari,1
senang banget rezeki tak duga mandalika77,1
alexis17 tuh emang ngerti butuh membernya kasih surprise bonus,1
ges doain gw coba stop maengaruda ho ki candu bgt gacor nya gw,1
trusted emang berkah99,1
parah alexis17 keren banget,1
dewadora emang beneran gachor,1
gak nyangka iseng doang eh tagih pulauwin,1
rezeki limpah datang agustoto makasih banyak,1
wede kali hari sketer terus,1
cakep kali weton88 bravo,1
konten keren banget jelas main bagus bang weton88,1
yakin bokuggooiti gak kecewa,1
coba weton88 gak ribet salam petir x,1
rezeki nomplok hari berkat dora77 alhamdulillah,1
gak gelar sarjana menang alexis17,1
ragu slot gacor pluto88,1
gue sih udah ga heran kalo alexis17 trending tiktok,1
pagi pagi udah dapet notif wd alexis17 mood langsung bulan,1
gue sih udah buktiin kalo alexis17 tuh scam,1
eh bro alexis17 event spesial nih hadiah rumah mewah,1
modal alexis17 manfaat,1
main dora buka jalan jual bakso bos restoran,1
alam pulau777 selalu senang,1
makasih mandalika77 withdraw dah landing cepat kilat gacirnya bukan kaleng kaleng,1
inspirasi hari mandalika77,1
menang isototopasti bayar lunas gak pake drama,1
sih alexis17 trending gitu asli,1
agustoto aku gak boong dsini hoki mulu,1
salut bang keren konten salam jepe star sgi88,1
bang jam segitu menang w sgi88,1
terus kembang arhan semangattt salam weton88 gampang jepe,1
ngeh kalo alexis17 keren,1
emang gak dua sih sensasi main alexis star star,1
dora7 7menawarkan dekat beda libat daring,1
gue sih percaya aja alexis17 gak ngecewain,1
gin nyantai main pluto88 kasih maxwin,1
gue rela ninggalin nonton drakor fokus alexis17,1
main teman teman sgi88 seru asyik rezeki,1
dewadora emang bener bener gachor,1
kalo alexis17 kuliah online ngapain,1
mekswin tiap maen dewadora,1
nih pulauwin kayak udah hidup orang orang deh,1
aku kasih menang luar prediksi ku kira rungkat nyata malah kasih menang s1tus mandalika77,1
cara daftarx mandalika77 gmn bos,1
situs kasih sketer,1
gak nyesel gabung alexis17,1
berkah99 emang juara rezeki gak abis,1
super mantap situs mandalika77 gampang menang,1
buset serius skketer zeus star alexis17,1
jepey gmpng banget s gi8,1
alexis17 gk kalah hki trus maen,1
edan alexis17 viral pokok,1
ane master ngecuan bowo77 astagaa,1
dora77 gua cuma maen iseng eh malah jadi jepe,1
keren gas kak sgi88,1
hebat keren sekali manut88,1
kalo pulauwin bikin film laris sih,1
best alexis17 beneran gampang menang sl0t nya,1
auto jepey sgi88,1
lancar lancar bang salam jepe llexis17,1
gembira hoki777 baik,1
hasil alexis17 bangga alih tukang koran bos warung,1
situs besar banggan gw mandalika77,1
bnyk yg puas alexis17 emg bnrn gacor slotnya,1
gila sih zap alexis17 zap andal gue sekarang,1
modal gacur lgsng jepe brusan,1
gue udah ga bayangin hidup alexis sih,1
henti ngehalu,1
moga rezeki berkah99 bawa untung,1
aku malam klaim bowo77 master rezeki,1
semua temen gue bilang alexis star star tuh bikin candu,1
gak ribet semenjak alexis17,1
banget dapet sketer,1
ku coba pluto88 langsung senyum hahahah,1
kerennn contentnya bang cari situs weton88,1
bro alexis17 turnamen gede nih hadiah apartemen mewah,1
do a7 7bikin tagih ken main terus terus sob,1
gak perlu khawatir soal duit kalo udah gabung alexis star star,1
mantap main weton88 rezeki alir deras,1
semangat bosqu baik llexis17,1
cakep kali sgi88 bravo,1
gua kira cuman pertama kali main doang kasih bagus eh nyata mau main tiap hari kasih bagus sama mandalika77 baru kali gua nemu s1tus bagus kek begini langka bener jumpa s1tus kasih wd terus,1
mantap pol main agustoto cuan terus hari,1
nyata main axl777itu gacir beneran hasil langsung lihat,1
gokil bangga banget jadi bagi fire zap alexis17 zap fire,1
wow heart a lexis1 heart emang paling top,1
sumpah serius nanya alexis17 beneran bagus serius,1
class bos triangular flag on post sgi88 triangular flag on post gak ribet depo cepat wd lancar,1
wede malam makswin starlight,1
gokil main zap alexis17 zap bikin nagih banget,1
semangat bang konten nya salam weton88 gampang jepe,1
rezeki weton88 bikin hari makna terima kasih,1
jadi bagi ceria mlndalikl77,1
gak pusing mikirin biaya nikah kalo udah join alexis17,1
alexis tuh emang andal gue kalo butuh dana cepet,1
mlndalikl77 gachor bgt menang terus,1
sehat salam weton88 gampang jepe,1
emang gak se adil alexis17 deh,1
cuan gampang tuh pu lau tujuh tujuh tujuh angan angan,1
gue udah ga bayangin hidup alexis17 udah sumber hasil,1
gas tu gan mandalika77 zeusnya nya galak tu mau aja tu ngasi gw baru kasi maxwin,1
moga alexis17 sukses amin,1
sukaaa bangettt sgi88,1
main aero88 beri alam senang,1
nyimak abang sgi88 cair mulu,1
cuan ngucur deras cuma rulau777 bro,1
llexis17 bikin maxwin gampang,1
dora77menawarkan alam visual tarik,1
weton88 uhuy,1
gak gagal sgi88,1
gak takut tipu kalo main alexis17,1
geloo weton88 cair x100,1
fix coba bentar langsung menang miya88,1
moga makin banyak orang yg turut bantu sepertimanut88,1
gak pusing mikirin biaya sekolah anak kalo udah join alexis17,1
moga rezeki mandalika berkah manfaat rofl sweat smile,1
alexis17 emang top dah ga bikin kecewa jaman batu sampe,1
mandalika77 real tuh dah gw coba bnrn gacir,1
sgi88 uhuy,1
main mlndalikl77 bikin happy banget hasil gacir abis,1
semua orang bilang alexis star star tuh bener bener ngubah nasib,1
wede cepat proses gampang recommended,1
hoki lipat ganda ikut pawpaw4d rekomendasi banget,1
gak nyangka alexis17 se booming keren abis beneran,1
serius deh dapet cuan gampang tuh pu lau tujuh tujuh tujuh,1
tetangga gue kepo hasil alexis17,1
gak perlu pusing mikirin biaya nikah kalo udah join alexis star star,1
swert bonanja makswin puas banget,1
bro tau ga alexis17 udah support e wallet potong,1
auto lancar langsung,1
baik kak salam weton88,1
max 33thukkhnekhylmehlwmakon,1
minggu main alexis17 gue udah ganti drone,1
kapan wehde juta modal 50k star alexis17 star doang kayak nya wkwkwk,1
sore sore gin nyantai main mandalika77 tambah kasih maxwin hahaa mudah maxwin,1
alexis gua bru maen bentar lngsg jepe,1
gue udah ga tidur nyenyak kalo main alexis17 hari kaya hilang,1
jepey gmpng bgt maen alexis17,1
coba deh pulauwin heart eyes,1
orang bilang alexis17 tuh bener bener ngubah financial,1
incess skketernya keluar mulu say star alexis17,1
sketer jepek,1
pro aja bang sgi88,1
jujur klo main mending sgi88 bang,1
berkah rezeki berkat sgi88 puji syukur,1
hidup jadi tenang shomabot auto jepee pahala,1
gue buka koislot langsung sambut petir,1
gameplay keren banget skill dewa nih alexis17 bangga,1
ragu menang sah pluto88 baik,1
si rijal doyan banget main pulauwin sampe kebel motor,1
class bos weton88 gak ribet depo cepat wd lancar,1
yakali gak coba main pulauwin,1
pulau777 selalu kasih alam baru,1
bang video weton88 percaya 5k 1jt,1
sgi88 is the best,1
main pluto88 tuh kayak peluang emas,1
alexis jackpot gk paham hoki,1
pagi tadi coba main mlndalikl77 siang nikmat jakpot besar,1
gak mikir kali join alexis17,1
gila alexis17 ashu percaya kagak nih,1
konten luar biasa keren banget cara kamu jelas main bagus sini bang star sgi88,1
semua temen gue tagih sama alexis star star,1
main situs segacor weton88 asli nagih sih,1
makswin brusan starlight nyangka,1
mandalika77 gampang menang,1
gua member ga ruda ho ki jepee sumpah,1
dewadora emang gachor,1
salam star sgi88 gampang jepe sehat selalu buat semua,1
alexis17 gk pelit bonus,1
maen santai jepe,1
gak pusing mikirin biaya obat kalo udah join alexis17,1
kalo gue lbh suka aston martin,1
gw coba alexis17 yg lg viral 100rb 3jt sampe jam,1
agustoto gua gmpang bgt dapet jekpot sini,1
hari main alexis17 gue langsung tagih,1
akhir jepe bukbuopt,1
swert bonanja gacir modal jepek,1
gue buka youtube direkomendasiin isi pulauwin semua,1
main sekarang bawa pulang untung besar bareng mandalika77,1
sukses mulai sini mandalika77 tempat,1
cmn main mandalika77 gw dpt ria mantap ayaaaaaang,1
keren sih weton88 main bentar auto jepe,1
rezeki dora77 tinggal,1
konten luar biasa keren banget cara kamu jelas main bagus sini bang weton88,1
maen swert bonanja sketer terus terus,1
modal kecil makswin wede gampang,1
layan axl777juga oke banget gak masalah sama sekali,1
emang gak se hits alexis17 sih,1
kali nemu platform fair kayak alexis17,1
jepe wede gampang banget,1
coba pikirin bener gak,1
gue rela bolos kelas ikut event alexis17,1
mantap main bareng zap alexis17 zap selalu seru,1
gua alexis17 nggk pelit main,1
gokil sih alexis17 bonus nya gk henti,1
mulai hari sempat baru mandalika77,1
gue rela begadang malem main alexis17,1
gila updatean alexis17 keren gokil banget,1
hebat mantap mandalika77,1
sampe warung pecel deket rumah pasang spanduk pulauwin lo bayangin,1
modal receh lgsng mekswin gg,1
orang bilang alexis17 tuh bener bener percaya,1
gak perlu khawatir soal pensiun kalo udah gabung alexis star star,1
nyimak abang weton88 cair mulu,1
fix pluto88emang beda bikin member setia,1
meuni gacoor pis iyeu hemanut88he,1
gue rela ninggalin bisnis fokus alexis17,1
bro tau ga alexis17 udah support bank e wallet,1
keren sih llexis17 main bentar auto jepe,1
dah ah tobat gk maengaruda hoki lg abis maxwin,1
alexis17 bikin gue beli rumah cash modal 200rb,1
coba dengerin orang ngegas,1
alexis17 bikin mood bagus anjay,1
ez clean bawa b o w o bos 25k,1
ki daus daus,1
untung bikin sayang btv168 hasil,1
keren banget heart a lexis1 heart emang paling top,1
ga ru da ho ki pernah ngasih gua jepe 8jt grin,1
heran lihat postingan kok pda jp semua jdi penasaran aku coba main receha ehh rupa beneran jp neng banget dooonggg slt gacir gampang maxwin pragmatic play mandalika77 nama situs bro,1
llexis17 maen santai aja tetep wedey juta,1
temen temen gue pindah pulauwin gue ngerti kenapa,1
kayak kalo lo kenal pulauwin lo hidup,1
orang bilang alexis17 tuh bener bener bikin nagih,1
weton88 is the best,1
kalo coba bakal tahu rezeki datang kapan aja dora77,1
makasih agustoto rezeki hari bikin hati senang banget,1
weton88 bikin maxwin gampang,1
hasil dewadora mudah modal usaha tambah,1
modal receh makswin gg sih,1
pecah banget dewadora jepey,1
rezeki beri mandalika77 sungguh tiada tara nilai terima kasih allah atas berkat mu,1
alexis17 emang ga dua layan vip member jam full,1
gak nyangka alexis17 se booming keren abis sumpah,1
mandalika bikin lupa masalah hibur hakiki,1
rezeki hari datang agustoto nyangka,1
pulau777 bikin hari hari cua mantap banget,1
beneran deh heart a lexis1 heart emang paling top,1
gokil banget sih alexis17 hadiah,1
modal 50k lgsng makswin gg parah,1
top markotop dah layan alexis17,1
gak nyangka menang agustoto auto party,1
alexis emang ga main main aman data member,1
class bos triangular flag on post weton88 triangular flag on post gak ribet depo cepat wd lancar,1
axl777 tawar dekat beda libat daring,1
gimana pakai si alexis17 fix,1
emang gak se seru alexis17 deh,1
suka strada old,1
layan do a77 super ramah puas banget high brightness,1
akhir yg tunggu2 grin weton88,1
semua orang bilang alexis star star tuh bener bener ngebantu finansial,1
ngelag wd jalan alexis emang top,1
alexis yin emang ga mati tiap hari makin rame aja,1
seru banget hasil duga,1
moga rezeki dora77membawa berkah manfaat sama umat manusia,1
petir merah gates bikin mekswin,1
pulauwin bahaya buat orang tagih,1
mantap bener bg main thumbsup weton88 hand dini sampe kala luang rungkad main sini mau main game apa aja kasih naik saldo pokok mantap lah,1
maen auto jepe gg banget,1
alexis17 tuh emang ngerti butuh membernya kasih hadiah,1
alexis17 bikin gue sultan bulan modal 100rb,1
untung besar bikin aku makin semangat main dora77,1
untung bikin semangat main alexis17,1
jangan khawatir apa orang pikir arti ialah apa kamu pikir diri sendiri mandalika77 mula gk percaya sih cocok buktiin memang luar umum website gacirnya,1
temen gue bilang alexis17 tuh bikin nagih parah,1
mlndalikl77 aku cba jepe gede lngsg,1
gilaa ubah drat cok main,1
baru coba lgsng makswin,1
main aman hasil jawab pluto88,1
sgi88 bikin maxwin gampang,1
weton88 ngadu nasib wkwkw,1
alexis17 tuh emang bener bener beda sih rtpnya tinggi pasar,1
gak kecewa main llexis17 slt on fire,1
main pola alexis17 keren abis,1
maaf lambat bang semangat salam sgi88 gampang jepe,1
pulauwin orang sih,1
dora77 gacor auto win,1
min sgi88,1
si rian doyan banget main bokuggooiti sampe kebel motor,1
alexis17 emang ga dua layan super kilat wd lancar,1
garing banget promosi,1
duaratus jeder metrowin88 sultan gacur,1
gak pusing mikirin biaya didik kalo udah join alexis17,1
wah seru banget nih main mandalika77 modal menang banyak gac0rnya luar duga,1
si zaki wedey koislot beli rumah tanah hasil wedey,1
alexis jackpot gampang banget gk percaya,1
orang bilang alexis17 tuh bener bener ngubah nasib,1
swert bonanja gacir mntp,1
alexis17 udah denger bikin penasaran,1
alexis cba maen jekpot gede,1
main santai agustoto eh malah dapet jakpot besar gak mau tinggal,1
promo deposit bikin hoki,1
gachor banget dewadora,1
up up up aku baru coba bang gacir sltnya mandalika77 pantes rame kali comment hahaha,1
fire alexis17 fire tempat hoki terus gaskeun,1
pluto88 modal hasil maksimal,1
buset alexis17 mudah yah,1
dora77 cuan gampang mulu,1
alexis17 aman gak sih tau,1
mlndalikl77 emang is the best jp nya bikin mata belalak tired face triumph,1
cuan tuh gak serius serius tau pu lau tujuh tujuh tujuh,1
hari join alexis17 gue udah dapet cuan dp rumah,1
jepe kali maen lgsng suka,1
pluto88 sukses bawa alam main kelas,1
luar biasa orang baik berkah selalu buat kalian moga rejekix lipat ganda slalu ikan sehat mandalika77 emang top,1
gue udah cobain platform alexis17 gampang maxwinnya,1
gak lama lama langsung gacir agustoto rezeki duga,1
alexis17 sih heboh banget,1
alexis17 tuh emang bener bener beda sih rtpnya super,1
jepe brusan gates auto wede,1
gak ngalahin benefit main alexis17,1
baik kak salam sgi88,1
mulai hari sempat baru bukit,1
alexis17 lunas utang gw cok wkwkwkwk,1
terimakasih upload bg sibukweton88,1
layan alexis17 cepet banget sih,1
dora77 cuan banget,1
ngopi muter garuda hoki manteeb bat,1
wd gampang banget pake ribet,1
tinggal cuan gaskeun pu lau tujuh tujuh tujuh,1
akhir gw main pulauwin sih kasih menang,1
game nya gacir sketer prnh zonk,1
deg degan banget nunggu jp mandalika akhir pecah,1
bulan main alexis17 hidup gue ubah derajat,1
hari auto gicir happy,1
fire alexis17 fire jadi tempat lari paling asik beneran asik banget,1
gak skill khusus sukses alexis17,1
alexis perhati lihat tawar,1
alexis17 emang daun banget gila sih sih,1
untung aja kasih menang sama pulauwin jadi bayar kontra,1
aero8 8menawarkan dekat kolaboratif bas komunitas peanuts,1
alexis17 tergacor,1
minggu main alexis17 gue udah bayar cicil rumah,1
udah langsung main mandalika77 bang udah jamin gacir banget zeusnya wkwkkwwk,1
wede aman sketer sering keluar banget,1
bulan main alexis17 gue udah libur raja ampat,1
mandalika77 tempat jago judi jadi lu cuma main ajar pro,1
salut bang keren konten salam jepe weton88,1
alexis17 tuh emang bener bener beda sistem adil,1
gue rela ninggalin platform fokus alexis star star,1
gila sketer aktif banget hari,1
semua orang bilang alexis star star tuh bener bener bikin tagih,1
star alexis17 on fire parah,1
bro tau ga alexis17 udah support bank e wallet minimal,1
wajib coba zap alexis17 zap emang gak pernah ngecewain,1
paling kasih orang bahagia s1tus mandalika77 padahal main baru udah kasih menang banyak,1
triangular flag on post weton88 tempat paling uhuy,1
salut banget alexis17,1
hibur bikin happy untung cuma agustoto begini,1
seru banget main dewadora hibur seru menang gacir,1
gue sih udah ga heran kalo alexis17 trending instagram,1
kepo alexis17 untung,1
keren alexis17 gampang kasih maxwin,1
modal untung dora77 mantap banget,1
min weton88,1
aman alexis17 udah ram,1
sekali2 coba berkah99 kasih sensa,1
gue rela begadang sampe pagi alexis17,1
epic moment weton88,1
salam kuku ireng,1
tau gitu aja main alexis17,1
manut88 lari kejar bahagia,1
dora77 tawar alam daring beda,1
tahu bilang dora gacir banget,1
jangan tunggu lama modal kecil jadi besar bareng mandalika77,1
bulan main alexis17 gue udah beli furniture,1
temen kantor sampe penasaran gue happy pulauwin,1
bosen rame gara gara pulauwin,1
orang bilang alexis17 tuh bener bener asli,1
berkah rezeki berkat ahmadtoto puji syukur,1
terimakasih rekomendasi link gacirnya kakak mandalika77,1
swert bonanja gacir pol puas banget,1
alexis17 tuh emang bener bener ngubah hidup gue susah makmur,1
dora77 sedia bentuk hibur unik suka,1
alexis cba langsung bawa pulang cuan gede,1
alexis17 tuh emang bener bener beda sih rtpnya gila gila,1
thumbsup probet855 hand,1
rezeki hari datang terus agustoto senang banget rasa,1
ga sia sia maen dialexis17 beneran gua wd,1
gw paling demen gas triangular flag on post sgi88 triangular flag on post wkwkwkww seru sering2 sih mah,1
oke mandalika77 gas gas gas,1
pluto88 emang beda,1
cs ramah proses gampang pokok oke,1
baru minggu join alexis star star gue udah beliin ortu tiket umroh,1
ertepe nya tinggi banget nyesel maen,1
modal untung suhu328 mantap banget,1
orang bilang alexis17 tuh bener bener ngebantu ekonomi,1
alexis17 tuh emang bener bener ngasih peluang orang sultan sejati,1
the best tahun probet855 byar,1
bang salam jepe sgi88,1
jepe mulu prnh zonk,1
rasa seru hadiah besar ggwp88,1
lancar lancar bang salam jepe sgi88,1
minggu main alexis17 gue udah ganti kulkas pintu,1
bang jam segitu menang w weton88,1
jelas detail mudah erti alexis17 paham,1
bulan main alexis17 hidup gue ubah total,1
emang gak se mantep alexis17 deh,1
menang berkat pawpaw4d pilih,1
kayak aja seru pulauwin,1
rame banget nih alexis17 tongkrong,1
gue rela ninggalin nongkrong fokus alexis17,1
gak skill marketing sukses alexis17,1
baru minggu join alexis star star gue udah beliin ortu kulkas baru,1
agustotomemberikan sempat coba baru,1
emang gak se worth it alexis17 sih,1
untung agustoto beli rumah mudah,1
bener bener situs percaya recommended,1
gw demen gas sgi88 wkwkwkww seru sering2 sih mah,1
dapet cuan ngopi tuh goals pu lau tujuh tujuh tujuh wujudin,1
swert bonanja gacir wede juta,1
kok nama pulauwin mana mana,1
mulai hari semangat positif mlndalikl77,1
sering banget dapet sketer sini,1
nyari2 uang rokok malah kasih uang jajan minggu hahaha emng baik nih mandalika77,1
jepe hari wede gampang banget,1
muadah mudah manfaat aku kan coba mandalika77 real asik main,1
gue sih udah ga heran kalo alexis17 trending sosmed,1
tau rahasia sukses anak muda jaman now alexis17,1
kalo alexis17 pusing,1
gak ngalahin seru main alexis17,1
wede aman petir merah bikin mekswin,1
berkah rezeki berkat weton88 puji syukur,1
emang gak obat sih tagih main alexis17,1
modal kecil ubah jadi untung besar agustoto amazing banget,1
menang aero8 bikin mimpi nyata,1
anak kecil sampe orang tua semua ngomongin pulauwin,1
swert bonanja gacir modal kecil jepek,1
gacur banget auto wede,1
orang menang alexis17 gak peduli background lo,1
gacir gitu loh dewadora,1
gampang urus cs nya santai,1
modal dikit lsg makswin cuy,1
malem gue nungguin update alexis17,1
gak nyangka gin axl777 auto traktir keluarga,1
wede gacir banget sih,1
mantap gak nyangka alexis17 se booming keren abis,1
gue udah nemu jalan ninja gue a l e x i s,1
minggu join alexis17 gue udah beliin ortu smartphone,1
dewadora maxwin pecah terus,1
hasil gacir main agustoto kecewa,1
gue sih ga nyesel gabung alexis17 nyesel ga lahir,1
gw demen gas alexis17 wkwkwkww seru sering2 sih mah auto jepey,1
gue nyari resep mie goreng keluar malah iklan pulauwin,1
gak pernah kecewa main mandalika77 slt selalu on fire,1
lo gacor wkakakakakakak,1
makin cinta deh sama ringed planet alexis17 ringed planet,1
fire alexis17 fire selalu kasih vibe positif beneran asik banget,1
bulan main alexis17 hidup gue ubah drastis,1
temen gue tagih alexis17,1
seru bang mandalika77 alhamdulillah rasa pensaran ku jawab mampir disni mandalika77 jamin bakal h0k1,1
dapet jakpot juta lgsng cair,1
happy banget hasil pluto88 bikin hari ceria,1
gue rela ninggalin game fokus alexis17,1
main dewadora bikin kantong tebal rezeki limpah ruah,1
gak ngalahin sensasi main alexis star star,1
busett cerahh banget sgi88 encess koinya ngasih mulu,1
langsung tarik semua menang agustoto buat libur,1
baru wede juta proses gampang banget,1
mulai langkah baru mandalika77,1
terima kasi rezeki star weton88,1
gak pusing mikirin biaya kuliah anak kalo udah join alexis17,1
alexis17 emang ga mati rame jackpot,1
cuman bukit888 sihh no debat tmenku smua main dsini jossss,1
rezeki limpah alexis makasih,1
pulau777 tampil desain modern,1
gacur hari bikin semangat,1
baru maen lgsng gacor parah,1
gk gk bukan v alexis17 v selalu bahas,1
gak perlu pusing mikirin biaya wedding kalo udah join alexis star star,1
lancar lancar bang salam jepe weton88,1
alexis gua coba bentar saldo langsung 2x lipat,1
akhir menang besar dora77 jangan cuma denger cerita sukses orang,1
semua temen gue bilang alexis star star tuh bikin nagih,1
bro alexis17 tuh emang mantep banget gue udah buktiin,1
bnyk yg komentar mandalika apa si jujur gua nanya,1
mantap ga sih paling bocor maen dipulau77,1
terima kasi rezeki sgi88,1
rezeki a l e x i s makasih untung,1
alexis17 tuh emang bener bener ngubah hidup gue miskin sultan,1
agustoto gua maen bentar aja lngsg wedey gede,1
ken banget kesana,1
wajib coba sih coba mantep banget,1
moga rezeki agustoto berkah manfaat,1
fokus sabar main pluto88,1
pulau77 terbaikk jepe terus bro,1
keren banget zap j m zap selalu kasih kejut seru,1
hari main alexis17 udah dapet cuan juta,1
konten luar biasa keren banget cara kamu jelas main bagus sini bang star weton88,1
keren banget bang salam jepe sgi88,1
bulan main alexis17 gue udah beli sepeda gunung,1
gak lama lama langsung gacir dewadora rezeki duga,1
alexis17 selamat genting pol,1
achievement unlocked selamat alexis17 bangga,1
gak perlu skill khusus buat sukses alexis star star,1
auto tajir bareng pulau77 keren banget,1
pantes tongkrong maen mandalika77,1
semua orang bilang alexis star star tuh bener bener percaya,1
beres2 rumah nyepin pas dengar suara behhhhhh garang kaliii suara petir hahaha makasih y mandalika77,1
gue rela begadang malem alexis17,1
alexis17,1
orang gue kenal ngomongin pulauwin,1
mantul sketer gak abis,1
alexis17 bikin tagih ken main pasti menang,1
temen gue ngomongin pulauwin sih,1
maen jepek gacor banget,1
hari join alexis17 gue udah dapet cuan beli laptop,1
serius nanya deh alexis,1
sehat rezeki sgi88,1
alexis17 selalu kasih vibe positif jangan tinggal,1
tampil alexis17 sih ga main main gokil parah,1
emang gak se jujur alexis17 deh,1
axl77 7bikin lupa beban hidup hibur makna,1
alexis bikin hidup gue ubah derajat tukang ojek bos,1
busyet sih alexis17 trending gitu,1
lo ngopi gue cuan beda gue main pu lau tujuh tujuh tujuh,1
dewador amenawarkan sempat bagi alam,1
wede brusan sketer henti muncul,1
pulau777 udah paling gacor,1
cakep kali triangular flag on post sgi88 triangular flag on post bravo,1
hari join alexis17 gue udah dapet cuan beli motor,1
ikutin alexis17 hadiah mobil coyy,1
axl777 the best menang terus,1
emang gak se legit alexis star star sih,1
coba buy spin 20k maxwin kwkwkkw makasih sgi88 nyata emng,1
wede cepat layan ramah banget,1
coba buy spin 20k maxwin kwkwkkw makasih weton88 nyata emng,1
the best udah alexis17,1
hadir tonton setia manut88,1
main agustoto bikin lupa waktu hibur pas banget,1
maaf lambat bang semangat salam weton88 gampang jepe,1
gw demen gas weton88 wkwkwkww seru sering2 sih mah,1
manut88 beri nyaman,1
jepey sgi88 beneran,1
gw coba alexis17 beneran jp,1
keren pulau777 baik emang udah kasih wd,1
pantes kwn nyaman main alexis17,1
kapan main situs segacor weton88 asli nagih sih,1
gw tau mandalika77 komen asli bnrn gacir,1
si kocak nonggol mu ni p u l a u w i n,1
kalo yg bilang gacor pulauwin jangan percaya,1
ga ru da ho ki member baru jepe yellow heart,1
udh daptar cara dapetin skater hitam gimana mandalika77,1
proses praktis csnya oke banget,1
rezeki makasih alexis17,1
iya bgt yg menang alexis17,1
bikin ken main alexis17,1
dora77 gua cba lngsg jepe gede,1
busett cerahh banget weton88 encess koinya ngasih mulu,1
mantap bang bobon selau cuan bokuggooiti,1
agustotobikin hidup warna rezeki silih ganti,1
modal kecil hasil limpah pasti mandalika77,1
temen gue tagih seru main alexis17,1
agustoto jekpot gampang banget gk ribet sama sekali,1
gacur pol maen jepe,1
aku gilaa pilih b o w o kali wild,1
gates gacur banget auto wede,1
emang gak se transparan alexis17 deh,1
rezeki gak putus makas alexis17,1
gak khawatir kalo udah gabung alexis17,1
manut88 banyak respons positif netizens,1
bro alexis17 turnamen gede nih hadiah mobil sport,1
bulan main alexis17 gue udah libur australia,1
mandalika77 populer masakini eagle,1
aero tawar dekat beda libat daring,1
akhirnyaa salam weton88 gampang jepe,1
bro lo udah cobain alexis17 jamin nagih abis,1
main dora77 ubah hidup pegawai hari milik usaha,1
scroll yuk scroll cuan pu lau tujuh tujuh tujuh,1
wah seru banget gue gabung mandalika77 langsung gas ling main sana enak banget cuan terus,1
modal aja untung pluto88,1
pasu gohib ayo gabung bukit888,1
gak modal sukses alexis17,1
main sama teman teman sgi88 makin seru asyik makin banyak rezeki,1
mandalika77 makasih bnrn asik jp aja,1
dewadora tawar sempat hubung main,1
jepe situs baik,1
keren banget bang salam jepe s gi8,1
the best pokok alexis17 parah,1
gak pusing mikirin biaya sekolah kalo udah join alexis17,1
wede sketer kali coy,1
gue rela gak beli sepatu nabung alexis17,1
gua bukan sales emg gokil siga ru da ho ki gacorr der fire heart eyes,1
serius nanya alexis17 beneran bagus fix,1
sumpah parah alexis17 keren banget,1
cuan ga pernah abis dewadora,1
terima kasih min alexis wede masuk,1
minggu main alexis17 gue udah lunas hutang,1
temen kampus gue heran liat gue sukses gara gara alexis17,1
alexis17 tuh emang bener bener ngasih peluang orang sultan dada,1
alexis17 emang top dah ga bikin kecewa jaman purba sampe kiamat,1
segar hari mandalika77,1
minggu join alexis17 gue udah beliin ortu ac,1
prediksi pawpaw4d akurat bikin senang,1
alexis17 mantap mantap yg gw coba,1
ladang nya parah cari cuan bukit888,1
main rapi strategi jalan pluto88 panggung,1
pulauwin bukan kaleng kaleng sih beneran ledak,1
demikian lama nyari2 link mantul kali ni gw tuju mandalika77 gacir,1
sumpah alexis17 ngebantu banget gak boong,1
besar hati sangat nemu web mandalika77 lega hati sangat lah habis lama main slot baru kali selisih gw naik jadi gin brayyy nang saking neng,1
tmn gw alexis17 rame bgt tuh situs bre gila,1
makasih info kwnkwn alexis17 ane dh daftar jg moga amanah,1
kecewa hasil dewadora,1
moga rezeki asal mandalika77 bawa manfaat sama,1
kerennn contentnya bang cari situs sgi88,1
sumpah alexis17 tuh bener bener ngebantu banget pas butuh duit darurat,1
maen siang siang lgsng big win,1
semua temen arisan gue kepo sama hasil alexis star star,1
main santai bikin nagih pulauwin,1
mantep banget nih tanjung puting,1
bener bener merinding sangat haru atas besar manut88,1
sukaaa bangettt s gi8,1
anjay keren revolving hearts alexis revolving hearts main slot nge corona renderer,1
wadidaw kren bgt yak depo doan jd 2jt wwk dizzy dizzy,1
kenal alexis17 hidup gue colorful,1
udah nyobain alexis17 bom recommended pokok,1
gue rela begadang sampe subuh alexis17,1
m a n d a l i k a 7 7 selalu tampil fitur baru,1
main doyaa beri alam senang,1
gw sampe ledak nih alexis17 jd 45jt,1
emang gak se profitable alexis star star,1
jepe kali maen puas banget,1
jepey trs tiap hari cuma diweton88,1
hidup lebih seru mandalika77,1
bused mewah banget,1
sumpah mekswin brusan gates gacor parah,1
puas sendiri habis main pulauwin,1
orang main bokuggooiti ga jantung thinking,1
gak khawatir tua kalo udah gabung alexis17,1
rezeki berkah99 bikin senyum lebar hari terima kasih banyak,1
kalo llexis17 yg kasih duit,1
akhirnyaa salam sgi88 gampang jepe,1
bro alexis17 ngadain giveaway nih hadiah gadget baru,1
alexis17 ngadu nasib wkwkw,1
pluto88 tempat menang,1
rezeki ngalir kali main dewadora benar benar gacir,1
wede lancar banget layan top,1
parah sih pulauwin udah kayak budaya pop,1
makswin brusan gates neng banget,1
paten lah mandalika77 makasihhh,1
udah nyobain alexis17 bom recommended pokok sumpah,1
gokil sih bukit888 gicir parah,1
ga ru da ho ki member baru jepe heart,1
gak pernah bosen main mlndalikl77 selalu update inovasi baru,1
gak mau ngabisin waktu langsung gacir mlndalikl77 baru bener bener rezeki,1
situs memang patut senggol mazzee mandalika77 sini sangat nyaman bikin betah sering maxwin jarang kalah main nya,1
heart a lexis1 heart udah kayak rumah sendiri bukti sendiri seru,1
skketer star alexis17 gokil gokil sih,1
blh coba alexis17,1
penting jadi situs tu mandalika77 selalu kasi wede lancar ga masalah apa2,1
gak khawatir pensiun kalo udah gabung alexis17,1
the best tahun weton88 byar,1
gacur parah udh wede,1
jepey trs diweton88,1
gila boom bagi bowo77 spin 10rb,1
bandar sgi88 auto sultan gacur,1
emang gak se fair alexis17 deh,1
alexis yin tuh emang bener bener beda sih,1
kakak wedein sketer jelas s1tusnya mandalika77 max mantap id tuh mandalika77 sepele sketer brader,1
gak pusing mikirin tagih kalo udah join alexis17,1
terimakasih mandalika77 memang super hoki keren percaya nyata,1
gue suka penasaran pulauwin dominan,1
mantap setia banget sama zap alexis17 zap sejak awal,1
anjayy ga nyangka gua maxwin dariga ruda ho ki,1
timing sempurna pilih slot pluto88 kecewa,1
foya foya seru banget gara gara bokuggooiti,1
ertepe nya banget nyesel maen,1
gak pusing duit lo main pu lau tujuh tujuh tujuh,1
suka banget main s1tus mandalika77 enggak usah jelas kata kata lah pokok paling the best lah emg,1
emang gak se profitable alexis17 deh,1
nikmat main strategis agustoto mungkin tarik,1
bete rumah langsung gas alexis17 aja deh,1
keren banget zap alexis17 zap bikin hari lebih warna,1
menang nya ga banyak penting ga bikin aku rungkad naik sikit lama lama jadi bukit bukti aku udah menang mandalika77 sambar sama kake zeusss wkkwkw,1
harga komunitas solid doyaa77 cocok,1
temen gue rekomendasiin alexis17 mantap pol,1
pulau777 selalu bikin nagih,1
gabung alexis17 minggu udah ganti hape,1
pulau777 gampang banget buat coba,1
gua udah nyoba semua platform alexis yin tetep juara sih,1
fix kejut menang miya88,1
alexis yin tuh emang bener bener ngebantu ekonomi gua banget,1
gak perlu gelar sarjana buat menang alexis star star,1
swert bonanja gacor banget nyesel,1
raih momen harga sama mandalika77,1
minggu main alexis17 gue udah ganti elektronik rumah,1
scatter item mitos bukti gue dapet 10jetoy koislot,1
gak perlu pusing mikirin biaya kuliah kalo udah join alexis star star,1
udah kasih petir miya88,1
gila alexis17 fyp,1
aduhai sketer rejeki banget bos,1
moga berkah99 selalu jadi nomor satu,1
mantap main dora lancar rezeki alir deras,1
main pawpaw4d seru penuh tantang menang,1
swert bonanja bener bener gacir banget,1
emang gak se recommended alexis17 deh,1
orang bilang alexis17 tuh life changer banget,1
sukaaa bangettt llexis17,1
jangan ragu buat main mandalika77 selalu beri puas wd gede cuan datang,1
agustoto jackpot gampang banget gk percaya,1
emang gak se trusted alexis17 sih,1
bangkit cuan weton88,1
lo woy cari cuan bener,1
udah jangan pernah ngide coba tempat manut88,1
emang gak obat sih seru main alexis17,1
temen kantor gue kepo hasil alexis17,1
emang gak se seru alexis17 sih,1
benefit star alexis17 no limit,1
notif langsung nonton joy joy soal habis jepe sgi88,1
salam sgi88 gampang jepe sehat,1
daftar maen sebentar lgsng jepe,1
yg tunggu2 alexis17,1
gass alexis17,1
senang berkatp luto88 rezeki hampir,1
gak instan eh cuan pu lau tujuh tujuh tujuh,1
modal langsung dapet hasil gede rezeki suhu328,1
raih menang sekarang pulau,1
gue rela ninggalin kerja fokus alexis17,1
iseng koislot bikin beneran nagih,1
main sore sore pulang kerja langsung big win,1
modal lgsng jepek gates,1
hasil gacir bikin aku makin puas main mandalika77 makasih banyak,1
timbang jajah aero88 harga komunitas milik,1
emang gak se profitable alexis star star deh,1
jepey langsung main agustoto,1
anjir alexis17 situs suka teman gw,1
minggu main alexis17 gue udah ganti smart tv,1
maen lgsng jepek modal aja,1
lo percaya gak temen gue sampe bikin merchandise pulauwin,1
king328 bikin hidup happy,1
the best weton88 byar,1
cuma sini heart a lexis1 heart emang paling top,1
enak bgt main pulauwin laughing,1
wow gak move on seru fire zap alexis17 zap fire,1
member setia pulauwin absen,1
kalo tugas alexis17 juara,1
uhuuuyyy,1
semua temen gue bilang alexis star star tuh game changer,1
pokok kalo butuh cepet alexis17 solusi parah,1
emang gak se worth it alexis17 deh,1
proses nya cpt bgt gile alexis,1
swert bonanja gacir banget mantul,1
gue udah coba main jam jam alexis17 emang gacor jam malam,1
orang kampung udh join pluto88,1
gokilll mantul kali mandalika77 makasih info gacirny kakak,1
proses sangat cepat terima kasih pullu777,1
anjayy ga nyangka gua maxwin dariga ruda ho ki kissing closed eyes,1
main miya88 tuh rasa tahu tahu neng,1
jepe pertama kali maen lgsng suka,1
konten keren banget jelas main bagus bang sgi88,1
pagi pagi udah dapet notif wd alexis17 mood langsung minggu,1
gokil zap alexis17 zap bikin hari lebih warna,1
sehat kang semngat ngonten lancar urus salam sgi88,1
suka gimana pulau777 selalu update,1
nyaman main king328,1
semua temen gue bilang alexis star star tuh bikin nagih parah,1
dewador abikin lupa duniawi hibur,1
gue rela ninggalin nonton bola fokus alexis17,1
ggwp88 tempat sloter sejati,1
mandalika77 gua main bentar aja lgnsung wd gede,1
alexis yin tuh emang beda customer servicenya ramah ramah banget,1
buset video sih gokil star alexis17,1
dora77 gachor bgt jepey terus,1
kakak bos untung votao77 perfect langsung,1
makasih betul admin sahabat sahabat udah bujuk buat main mandalika77 gacir akut,1
akhirrrnyaaa bagus konten abang coba main sgi88,1
agustoto gua bru maen bentar lngsg jepe,1
bro aja sih alexis mobil nih member setia,1
gimana carah daptar mandalika77 kak,1
main agustoto siapa tau rezeki datang,1
lo gak tau seru cobain pulauwin,1
gacir banget main weton88,1
emang gak se keren alexis17 sih,1
gokil gak move on seru fire zap alexis17 zap fire,1
keren banget situs mandalika77 hampir kerungkatan bro rasio menang tinggi banget gokil sih blm pernah nemu situs gacor kali kek gin susun pola nya enak banget buat dicombo sama petir merah nya langsung aja all in,1
rezeki datang agustoto jangan tinggal,1
sgi88 keren banget,1
mantap alexis17 suka pecah scatter pantes rame,1
gak alam menang alexis17,1
gue udah coba main jam jam alexis17 emang gacor jam fajar,1
alexis17 bikin gue tagih udah kaya candu aja nih,1
kacau masbray itungan nya gak pernah lenceng pernah rugi member selalu kaya member mandalika77,1
maen ahmadtoto ga sia2 mekswin pol,1
bukit888,1
gue sih udah pasang alarm khusus main alexis17,1
keren coba bang gas weton88,1
wajib coba setia banget sama zap alexis17 zap sejak awal,1
fire alexis17 fire selalu kasih vibe positif rasain sendiri seru,1
dapetin info alexis17 fix,1
keren banget menang sgi88 auto libur mewah,1
kembang arhan semangattt salam weton88 gampang jepe,1
terima kasi rezeki weton88,1
bang sattt lah ga ru da ho ki gacoor bgt candu gua,1
minggu main alexis17 gue udah bayar spp anak tahun,1
pulau777 bikin senyum gak henti mantap pol,1
kali nemu platform hebat alexis17,1
jakpot besar bikin aku makin percaya sama untung mandalika77 mask thermometer face,1
situs besar banggan gw alexis17,1
gak kecewa pawpaw4d kasih baik,1
mlndalikl77 bikin tagih,1
berkah99 ngga lawan emang,1
nikmat main strategis mandalika77 mungkin tarik,1
bangkit cuan sgi88,1
class bos sgi88 gak ribet depo cepat wd lancar,1
gokil sih bokuggooiti gacir pol bro,1
auto jepey llexis17,1
absen hoki777 kalian mana aja,1
alexis17 tuh emang bener bener beda sistem transparan,1
btv168 sumber berkah moga bareng,1
gacur parah udh wede kali kali,1
grafis dewadora keren banget bikin betah main,1
koislot ngasih spesial gabung,1
yakin bukbuopt kecewa,1
makasih mandalika77 udah ngebuat menang jadi perihal lazim gue,1
kasih bocor game gacor sma admin nya,1
gue rela ninggalin hobi fokus alexis17,1
bulan main alexis17 gue udah dp mobil mewah,1
swert bonanja gacir jepe maen,1
minggu main alexis17 gue udah ganti pc gaming,1
gila sih gak move on seru fire zap j m zap fire,1
ratu princess baik alexis17,1
senang banget main agustoto bikin hari cerah,1
gak nyangka menang banyak mlndalikl77 serasa mimpi siang bolong,1
keren banget langsung hoki sejak join fire zap alexis17 zap fire,1
tau jam gacor alexis17 dm gue aja gue kasih tau pola jitu,1
bro tau ga alexis17 udah support bank e wallet potong,1
tunggu kemaren gua udah cobain hoki777 manteb banget,1
gacor pol gampang banget wede,1
jepe kali wede lancar banget,1
rezeki ahmadtotosungguh luar biasa terima kasih tuhan,1
emang gak se reliable alexis17,1
biasa aku main situs belah asik kalah depo berapa semenjak kenal mandalika77 lunas semua utang gw bre paten lah mandalika77,1
swert bonanja gacir parah wajib coba sih,1
sejak kenal alexis star star gue jadi punya tabung masa depan,1
sketer auto wede,1
rezeki ahmadtot o sungguh terima kasih tuhan,1
bro alexis17 ngadain giveaway nih buru ikut deadline,1
penasaran deh alexis17 kayak seru abis,1
jepe trs tiap hari cuma dora77,1
sketer sering keluar jepek terus jadi,1
jepey trs tiap hari cuma dewadora,1
alexis17 baik dah,1
alexis yin emang ga dua layan vip buat semua member,1
sejak kenal alexis star star gue jadi punya banyak koneksi bisnis,1
geloo sgi88 cair x100,1
si alexis17 rajin banget udah rebah pagi,1
jakpot besar bikin aku makin bahagia tiap kali main mandalika,1
nyelot gak pernah ribet mantab mandalika77 gak pernah rugi kalo main sini awal main sekarang selalu wd walaupun gak sampe maxwin modal gw selalu balik 2x lipat gas,1
gue cek notif alexis17,1
terus kembang arhan semangattt salam probet855 gampang jepe,1
pulau777 selalu hadir alam unik,1
maen santai jepe terus sini,1
gw gw jp alexis17 kebon ni manusia,1
gue rela gak tidur ngikutin update baru alexis star star,1
kepala kalian lah sketer hitam cuman mandalika77 no tiputipu,1
cek notif alexis17 bangun tidur,1
menang besar tunggu pulau,1
modal berapa mandalika77 kasih pecah gak nyesel deh main sini mantap,1
gacur parah modal receh makswin,1
gua jebak depo dialexis17 jd candu bgt kbnykan menang,1
zap p ul 4uw1n zap tempat ngadu nasib wkwkw,1
sumpah alexis17 bikin hidup gue simpel asli tenan,1
alexis17 bikin hidup gue simpel asli gila,1
minggu join alexis17 gue udah beliin ortu kulkas,1
gue alexis17 aja,1
gacir udah rulay777,1
dah ah tobat gk maengaruda hoki lg abis maxwin soal sob,1
mantap banget trending no koislot mantap,1
happy banget agustoto untung,1
gabung alexis minggu udah ganti hape,1
gak nyangka iseng doang eh malah tagih sama pulauwin,1
epic moment tada sgi88,1
gak muas menang berkat pawpaw4d,1
ga nyangka menit ganas banget kali kaya manut88,1
a l e x i s emang beda,1
pluto88 populer masakini,1
emang gak dua sih sensasi main alexis17,1
worth it gak sih alexis17 coba,1
gue sih udah buktiin kuat alexis17,1
gue pergi aja nyebut pulauwin,1
sejak kenal alexis star star gue jadi punya tabung buat masa depan,1
emang gak ngalahin seru alexis17,1
pawpaw4d bikin semangat nasionalisme versi digital,1
emang gak se untung alexis17,1
gue udah ga bayangin hidup alexis17 sih udah sumber rezeki utama,1
sis kalo proyek alexis17 juara,1
cuan drama pawpaw4d,1
sama mandalika77 hari hari lebih makna,1
alexis17 viral,1
busett cerahh banget triangular flag on post weton88 triangular flag on post encess sama koinya ngasih mulu,1
main modal uda bsia wd,1
gacha receh sob juang beneran gak dosa,1
minggu main alexis17 gue udah bayar uang kuliah,1
hari ga ruda ho ki selalu ngasi jepe star struck,1
senang main pawpaw4d peluang menang,1
jakpot besar bikin hari makin seru cuma agustoto,1
weton88 keren banget,1
mandal ka77 tempat jago judi jadi lu cuma main ajar pro,1
gak nyesel deh udah kenal sama alexis star star dulu,1
ga nyesel temen alexis17 gokil,1
iseng coba mandalika77 bnrn jp wkwkwkwk keren,1
gile nyoba doang dapet cuan gede,1
kalo bukan pulauwin yg kasih duit siapa,1
sama mandalika77 cipta ajaib,1
alexis gua maen bentar aja lngsg wedey gede,1
spin santai saldo terus pluto88 emang beda,1
timothy ronald kenal gk kelen yg bilang mclaren kalian warna apa maen star alexis17 star rupa coyyy kirain liatin chart crypto doang,1
pantes rame alexis17 wkwkwkwkwk,1
orang bilang alexis17 tuh bener bener ngebantu finansial,1
kali awak rasain jp 100juta alexis17,1
iya emg mantap bro pulau777terbaiks lgsg cari az,1
kata tmn gw mandalika77 rame bgt tuh situs bre gila,1
gila pluto88 fyp,1
anjay temen gue rekomendasiin alexis17 mantap,1
maen santai big win,1
mandalika77 slt gacir mantul terus gelem cuan,1
bulan gabung alexis17 gue udah beli tanah kavling,1
alexis17 tuh penuh kejut udah coba,1
temen arisan gue kepo hasil alexis17,1
cuan gak abis cuma pulau77,1
gue udah nemu jalan ninja gue alexis17,1
terimakasih mandalika77 menang super hoki keren percaya nyata,1
ga lawan sih dewadora mekswin,1
semangat bosqu baik weton88,1
seru banget main dewadoyaa hibur seru jakpotnya gacir,1
cari komunitas gemar dora77 mungkin tempat,1
game nya gacor banget lgsng jepek,1
maen lgsng jepek wede lancar banget,1
alexis17 emang beda,1
menang juta alas main pluto88,1
seru banget main dora77 gak asa,1
emang gak se profitable alexis17,1
agustoto mekswin depoin limpul,1
jepey s gi8 beneran,1
bang salam jepe weton88,1
sehat kang semngat ngonten lancar urus salam weton88,1
gacur dikit langsung jepe aja,1
wede brusan lancar mntp banget sih,1
pluto88 bikin game slot hibur,1
cerai hitam pahit kalau main bukit888 menang manis tunggu,1
situs bagus rate menang banding alexis17 situs panutan gw,1
serius deh rezeki suhu328 undang penasaran coba,1
jajan banget main pu lau tujuh tujuh tujuh,1
modal kecil lgsng jepek gates,1
sumpah alexis17 tuh bener bener ngebantu banget pas butuh duit cepet,1
gacir gila mandalika77 bikin jepe trs,1
eh bro alexis17 event spesial nih hadiah investasi properti,1
emang gak se untung alexis17 deh,1
makasih dora77 rezeki henti,1
duit abis gara gara belanja tenang alexis star star,1
alexis17 viral tenan,1
bahkan radio lokal bahas pulauwin loh,1
rezeki hari datang terus mlndalikl77 senang banget rasa,1
agustoto gampang banget buat dapet hasil gede gk ribet,1
rejeki tukar main qasia99q,1
sketer terus muncul tiap maen jepek,1
dewadora gacir banget mekswin trs pol,1
wih alexis17 bikin hidup gue simpel asli,1
cuma sini zap alexis17 zap andal gue sekarang,1
kasih uang jg sama mandalika77 lumayan buat nongki ngopi with teman teman besok wkwkw,1
sungguh tak ku sangka sungguh tak ku duga new member auto cuan main mandalika77 scatternya gampang kali keluar pola acak gass keun,1
main bentar gacur,1
game nya gacir maen jepe,1
keluarga gue aja gaptek ngomongin pulauwin,1
gak gagal weton88,1
kalau gamau kalah coba mandalika77 gw real udah jp,1
jepe game sumpah hoki banget,1
mekswin tiap main agustoto,1
emang mantep banget sih sistem alexis17,1
gak pusing mikirin kalo udah join alexis17,1
tengkiu bos kasi teman2 tongkrong traktir makan minum bagus mudah mudah tingkat hasil mandalika77,1
pecah layar buat star alexis17 gokil,1
puas rebah yuk rebah faedah pu lau tujuh tujuh tujuh,1
weton88 maen santai aja tetep wedey juta,1
main pulau nikmat menang besar,1
jajan game pulauwin sunglasses,1
gak pusing mikirin biaya honeymoon kalo udah join alexis17,1
gue sih udah anggep alexis17 kaya rumah aja betah banget main,1
sketer kali asyik banget,1
modal wede gacir abis,1
makswin wede lancar banget,1
alexis17 tuh emang bener bener ngasih peluang orang crazy rich,1
gates gacor parah lgsng wd juta,1
gak nyangka menang alexis serasa mimpi siang bolong,1
gaes alexis17 emang beda,1
gue sih udah buktiin sendiri hebat alexis star star,1
sabar buat main agustoto rezeki besar datang kapan aja,1
si alexis17 rajin banget udah nugas pagi hehe,1
koislot beli ps5 ngutang video game,1
rezeki makasih a l e x i s,1
orang bilang alexis17 tuh bener bener ubah hidup,1
eh tau gak sih alexis17 bonus gede nih member,1
baru bulan main alexis star star gue udah beli furniture baru,1
udh wede kali gacir pol,1
cari platform dorong tumbuh axl777 layak coba,1
bro gue sih yes alexis17,1
tampil alexis17 sih ga lawan,1
awal awal sih ragu yah kok lama lama jadi senang main mandalika77 modal receehh doang lohhh,1
hangout temen cafe eh ketemu alexis17,1
emang gak dua sih alexis star star,1
hidup lo auto level coba main pu lau tujuh tujuh tujuh,1
jepe terus tiap hari situs baik,1
tunggu tunggu salam jepe llexis17,1
udah nyobain alexis17 bom recommended pokok fix,1
terima kasih banyak axl777 hari benar benar gacir,1
miya88 bikin alam main seru siap siap kejut spesial,1
makas saran nya brobro mandalika77 wd landing lembut hasil terus,1
alexis emang ga mati rame aja,1
main santuy aja jp pluto88,1
sketer muncul maen seru banget,1
cuan emg alexis17 modal 100k jd 4jt,1
alexis17 emang ga dua layan vip member nonstop,1
maen ps tv inci udh lumayan bagus sih wkwkw,1
ggwp alexis17 nonton teriak girang,1
emang gak se reliable alexis17 sih,1
keren weton88 baik menang mudah,1
bang salam jepe llexis17,1
iseng coba alexis17 bnrn jp wkwkwkwk keren,1
mandalika77 juara maxwin,1
penasaran deh alexis17 kayak seru,1
gue kira cuma trend saat pulauwin makin gila,1
gua nggk pas coba coba gua langsung betah,1
nih alexis17 pantes bnyk yg promoin gila gampang jp nya,1
hasil alam main pluto88,1
alus pis alexis17 wkwkwkw,1
rezeki gak lo arah pu lau tujuh tujuh tujuh,1
coocaa z65 mentokin 3jt dapet y65 4k,1
alexis17 ngertiin butuh gue,1
kalau main mandalika77 udah gw rasa mmg lebih gacir,1
gua sih udah ga ragu rekomendasiin alexis yin semua orang,1
mandalika77 terbaikk jepe terus bro,1
semangat bosqu baik sgi88,1
baru coba udah maxwin dewadora emg bikin nagih bgt,1
bro alexis17 turnamen gede nih hadiah bisnis franchise,1
heran gw banyak yg suka main pulauwin,1
jepe mulu sini prnh zonk,1
alexis17 on fire parah,1
emg ngga tau berkah99,1
agustoto auto jepey,1
sumpah alexis17 win,1
jakpot bikin seru dora77,1
agustoto sukses buruh bangun usaha kontraktor,1
alexis gampang banget dapet hasil gede gk ribet,1
main sekali langsung dapet jakpot besar agustotobener bener gacir,1
wow zap alexis17 zap emang gak pernah ngecewain,1
gue sih ga nyesel gabung alexis17 nyesel tau,1
petir merah muncul terus auto makswin,1
gak perlu khawatir soal masa depan kalo udah gabung alexis star star,1
mantap heart a lexis1 heart emang paling top,1
jepey terus weton88 beneran,1
baru kali nemu platform hebat alexis star star,1
alexis17 emang daun banget gila sih serius,1
wede gampang situs percaya banget,1
buset alexis17 keluarin promo bagus banget,1
mandalika77 daftarin bos,1
serius nanya alexis17 beneran bagus sumpah,1
anjay mantep revolving hearts alexis revolving hearts main slot nge paramount,1
emang gak se legit alexis17 sih,1
wih alexis17 sih heboh banget,1
alexis17 sih heboh banget beneran,1
terima kasi rezeki star sgi88,1
suka banget main s1tus llexis17 pokok the best emg,1
temen gue bilang alexis17 tuh bikin nagih,1
jelajah mungkin mlndalikl77,1
tuju bro kalau gw jg main mandalika77 gacir,1
bagus garasi berkah99 emang juara rezeki gak abis,1
santai main hasil cuan pilih mandalika77,1
mantap zap alexis17 zap selalu kasih kejut seru,1
buka lembar bahagia mlndalikl77,1
minggu main alexis17 gue udah bayar asuransi sehat,1
alexis maen hoki,1
dora77menawarkan alam efisien ringkas,1
ngelag wd jalan alexis17 emang top,1
gabung alexis17 minggu udah ganti motor,1
pertama kali awak rasain jp 100juta cuma mandalika77,1
bro alexis17 ngadain giveaway nih buru ikut tutup,1
situs mantap pluto88 gampang menang,1
main dewadora tuh auto tagih gacor terus ga pernah rugi,1
weton88 bikin tagih,1
keren sgi88 baik menang mudah,1
saat sinar sama mandalika77,1
axl777 aku cba2 bentar saldo lgnsung gede,1
senang bukan kepalang rezeki nomplok axl777,1
doyaa77 auto mekswin,1
baru bulan main alexis star star hidup gue ubah derajat,1
axl777 cuma modal kecil eh malah dapet jekpot,1
swert bonanja gacir banget hari mantul,1
bulan join alexis17 hidup gue ubah total,1
menang valid settingan pluto88 emang gacor,1
dora77 gacor ga mati,1
fokus lihat menit malah tulis manut88,1
pawpaw4d bukti beda bareng tuju positif,1
nyata betul bgt bilang teman gue main mandalika77 gampang bgt dapetin maxwln member baru positif wd,1
modal maxwin gila sih gacor abis,1
gw main alexis17 nih skrg emg alexis17 kualitas,1
mantap banget keter langgan,1
alexis17 bikin hidup gue simpel asli,1
bulan main alexis17 gue udah dp ruko,1
gue sih udah ga move on a l e x i s gacor bikin candu,1
main agustoto nyangka rezeki langsung kejap,1
tuh beda banget buka pulauwin bikin semangat,1
rezeki nomplok agustoto bener bener puas banget,1
jakpot besar axl777 bikin hari makin cerah siapa cepat,1
tuju bro gw jg main alexis17 gac0r,1
gilaa bom seceng kuowo77 besar mujur,1
gue sih udah ga move on alexis17 gacor bikin candu,1
maen lgsng makswin gg banget,1
emng bener kemarin udah coba probet gas ahh sgi88 kawan buah manis,1
berkat dewadora lesat jual asong bos ritel,1
salut bang keren konten salam jepe sgi88,1
senang banget dapet rezeki hari dora77,1
main dora77 buka jalan kuli bangun usaha sukses,1
gak perlu modal besar buat sukses alexis star star,1
petir merah muncul auto makswin,1
semua orang bilang alexis star star tuh life changer banget,1
main server baru emang mantep ga pernah turun naek terus nih mandalika77,1
nikmat main mandalika77 starlight princes ny tabur pesona tuh sama member baru era kata rungkad deh cuan banyak masing masing hari,1
pulau777 tampil elegan banget,1
bang kalau mau main mandalika77 jangan pakai emosi main nya bang main pelan pelan aja bang,1
gak seru nagih vibes nya pulauwin,1
nih alexis17 hebat banget sistem,1
petir terusss alexis17,1
berkah99 sih google,1
sempat menang king328 sampe lewat,1
situs dongo dongo88 jamin dongo,1
gue sih udah ga move on alexis17 gacor bikin tagih,1
jeder ane pilih vip bowo77 500rb tembus,1
barusan coba emng iyah sih wd bang makasih yah rekomendasi sgi88,1
orang bilang alexis17 tuh bener bener ngebantu uang,1
triangular flag on post sgi88 tempat paling uhuy,1
manut88 mulai kecil mulai sekarang,1
super mantap rasa sendiri sensasional pgsoft olympus sama princes lain mandalika77,1
dora tawar sempat uji mampu,1
kalo alexis17 yg kasih duit,1
pulau777 selalu punya fitur keren,1
moga amal ibadah terima sisi tuhan,1
sempet ga percaya eh bener gua maxwin diga ru da ho ki,1
tpi jujur gua main alexis17 sih emg gg lgsg wede,1
main mlndalikl77 nyangka rezeki langsung datang kejap,1
kangen main game alexis17 nostalgia,1
ngomongin alexis17 ikut kepo,1
main situs segacor sgi88 asli nagih sih,1
miya88 tempat w3de batas seru bikin nagih,1
gak perlu pusing mikirin biaya sekolah anak kalo udah join alexis star star,1
dewadoramenawarkan perspektif beda main daring,1
weton88 emang top markotop jp,1
gacur banget wede auto neng,1
paling kasih orang bahagia s1tus mandalika padahal main baru udah kasih menang banyak,1
gak skill khusus menang alexis17,1
ga ru da ho ki anti rungkad,1
alexis17 emang daun banget gila sih asli,1
edan alexis17 bikin nagih,1
atas bawah mandalika77 nyata bnrn gacir bre,1
pulauwin tempat ngadu nasib wkwkw,1
wede aman prnh,1
baru minggu join alexis star star gue udah beliin ortu tv baru,1
gak pusing mikirin biaya salin kalo udah join alexis17,1
rezeki berkah99 emang gak duga terima kasih tuhan,1
parah dewadora bikin nagih banget susah henti open mouth astonished,1
penasaran coba deh main pu lau tujuh tujuh tujuh,1
senang banget main mlndalikl77 langsung jakpot besar hari,1
sis worth it gak sih alexis17 coba,1
gua sih ga pernah nyesel gabung alexis yin awal,1
auto jepey weton88,1
tunggu tunggu salam jepe weton88,1
bro denger denger alexis17 promo bener gak sih,1
agustotobikin hidup asyik rezeki henti,1
bener2 jatuh cinta desain aston martin,1
bro alexis yin update sistem nih kata makin gacor,1
dapat menang giur pulau tujuh tujuh tujuh fire fire,1
alexis17 bikin aku betah terus main gaskeun,1
ngopi santai kampus favorit alexis17 nih,1
gacur banget auto wede tiap hari,1
bro tau ga alexis17 udah support bank lokal e wallet,1
puas banget hasil didapet,1
mau daptr mandalika77 bos ku,1
pluto88 maen santai aja tetep wedey juta,1
capek bgt nemuin alexis trs,1
agustoto aku cba langsung bawa pulang cuan gede,1
memang gila mandalika77 member baru kasi jp besar trus gaskeun ngasih situs aman,1
dewador abikin hidup asyik rezeki henti,1
wih sih alexis17 trending gitu,1
ghacoorr nya lewat sumpah ga ru da ho ki,1
seru nich sgi88 cair,1
kasih manut88 tiada batas,1
kenal alexis17 gue tabung,1
lihat episode2 sblmnya emg klu kesan kayak keburu buru touringx,1
manut88 tiap hari weede terus sini cuy,1
nyimak abang sgi88 cair mulu grin,1
hari rezeki besar axl777 senang banget rasa,1
alexis gua suka banget main mudah menang,1
gak pusing mikirin biaya rumah sakit kalo udah join alexis17,1
swert bonanja mekswin modal aja,1
pulau777 terbaikk jepe terus bro,1
rasa ajaib hari mandalika77,1
fix gak nyesel zap alexis17 zap andal gue sekarang,1
modal oleh dora77 percaya berwirausaha,1
semangat bang buat konten nya blush salam weton88 gampang jepe,1
pulauwin tuh kayak udah lifestyle,1
tetangga gw tiap sore main pulauwin,1
bro alexis17 ngadain giveaway nih hadiah libur keliling dunia,1
sumpah maen udh hoki,1
langsung sgi88 bang,1
sih alexis17 trending gitu gila,1
pulau777 makin tarik tiap hari,1
ubur ubur ikan lele alexis17 nih lee,1
mandalika77 bikin senyum gak henti mantap pol,1
masa ngga tau berkah99 si tempat menang,1
solusi hilang stress cuman alexis17,1
trending euy mandalika77,1
buka pintu bahagia mlndalikl77,1
trending gilaa mameeen mandalika77,1
hidup penuh ceria sama mandalika77,1
emang gak se gampang alexis star star kalo soal dapetin cuan,1
karakter favorit muncul alexis17 suka karakter,1
heart sgi88 heart,1
maen lgsng gacor parah,1
gak didik menang alexis17,1
suka gimana ulu777 update,1
gak sabar buat main agustoto rezeki datang tak duga,1
baik heart memang kak salam weton88,1
sungguh alam senang hasil axl777 lawan,1
koislot kasih skatter 500k sih beneran gokil,1
alexis gak boong dsini hoki mulu,1
gue rela ninggalin nongkrong fokus alexis star star,1
sumpah dapetin info alexis17,1
coba lgsng jepe kali,1
pulau777 bikin hari makin warna,1
agustoto sedang dapat perhati belakang lihat apa tawar,1
oke mantap mandalika77 udah wd otw mabar sama teman jg,1
gue sih percaya aja sama alexis star star gak pernah ngecewain,1
tiap hari aja baru agustoto bikin penasaran excited terus,1
modal kecil wede besar gacir abis,1
harga efisiensi mudah guna axl777 layak coba,1
alexis17 tuh emang bener bener ngasih peluang orang milyarder,1
oke alexis17 gas gas gas,1
setia buset alexis17 udah setia,1
utama rasa manut88,1
keren gas kak s gi8,1
terimakasih selalu upload bg walaupun sibuk tada sgi88,1
maen gacor abis,1
bro bilang alexis17 top markotop,1
mantul banget puiau77 jepe nih,1
sukaaa bangettt sama probet855,1
akses alexis17 keren sih,1
terima kasih agustoto menang butuh keluarga,1
mlndalikl77 gk usah ragu coba sekarang,1
sketer muncul auto jepek,1
alexis17 bikin gue lunas utang minggu modal 100rb,1
keren sih pulau777 main bentar auto jepe,1
sehat salam llexis17 gampang jepe,1
swert bonanja gacir pol auto wede,1
rezeki tak duga datang agustoto makasih banyak,1
salam satu hati sama setia manut88,1
gates gacur banget hari auto wede,1
alexis17 emang ga mati rame promo,1
mandalika77,1
alexis emang top dah ga bikin kecewa,1
gak skill jago menang alexis17,1
main santai agustoto eh dapet menang gak tinggal,1
wajib coba bangga banget jadi bagi fire zap alexis17 zap fire,1
ngeri sepupu gue smp aja tau pulauwin,1
anti lelet alexis17 emang gacor,1
utang numpuk jadi sultan abis main dewadora,1
alexis17 emang top dah ga bikin kecewa sampe jaman,1
alus pis mandalika77 wkwkwkw,1
alexis17 emang ga dua layan vip member umur hidup,1
bang tadi jam segitu menang besar w triangular flag on post sgi88 triangular flag on post,1
ken cepet sukses alexis17 solusi,1
hasil pluto88 emang gacor,1
yo apik tenan iki gampang banget dapetnya,1
parah alexis17 keren banget pokok,1
konten gw tunggu habis pulang kerja gas ramai bro biar mledak vidionya salam star sgi88,1
oalahhh gua prnah cog main alexis17 bnran lgsg wd wkwk,1
sumpah baik cuman alexis17,1
main miya88 tuh kayak dapet thr,1
pawpaw4d alam seru senang,1
fix gak nyesel zap alexis17 zap selalu kasih kejut seru,1
gampang pis hasil langsung rasa,1
gak nyesel deh gabung pawpaw4d peluang menang,1
mimpi lo biaya pu lau tujuh tujuh tujuh asal lo coba,1
dewadora bikin maxwin makin gampang,1
hibur bikin happy untung doyaa77,1
sis alexis17 viral,1
seru abis langsung hoki sejak join fire zap alexis17 zap fire,1
gue sih yes alexis17,1
hapus komen bokuggooiti,1
pluto88 mdal udah gaciirr abis,1
alexis17 emang top dah ga bikin kecewa sampe kiamat,1
hoki gw pulauwin sih sob,1
skill combo keren parah alexis17 pukau,1
alexis17 udah baik,1
alexis yin tuh emang beda level sih ga kaya laen,1
gila cok temen udah wede 50jt dialexis17,1
modal kecil masalah penting hasil gacir kayak axl777,1
beneran deh bangga banget jadi bagi fire zap alexis17 zap fire,1
mau dong mandalika77,1
auto cua top banget pulau777,1
udah top markotop cuman alexis17,1
serius nanya deh alexis17,1
wede mantap keter rajin,1
salam manut88 welllllll,1
edan alexis17 bikin hidup gue simpel asli tenan,1
bukit888 tempat ngadu nasip wkwkwk,1
manut88 selalu jadi andalaanku kalau akhir bulan,1
dewadora tawar sempat ajar orang,1
udah temen bilang alexis17 seru abis,1
jelajah dunia ceria mandalika77,1
seru abis bangga banget jadi bagi fire zap alexis17 zap fire,1
rasa semangat baru bukit,1
miya88 manis gabung,1
ditunggu2 berkah99 sensa terus,1
ngasih terus web bukit888,1
benefit alexis17 no limit,1
bro sibuk sih alexis17 bonus deposit gede banget nih,1
serius deh alexis17 gk ngebosenin,1
mantap jiwa raga main dora77 cuan terus terus jeda,1
petir merah gates bikin aku mekswin,1
sumpah alexis17 ngebantu banget gak boong serius,1
sketer terus keluar auto wede tiap hari,1
gak nyangka alexis17 se booming keren abis fix,1
gw demen gas llexis17 wkwkwkww seru sering2 sih mah,1
gaes gimana pakai si alexis17,1
eh bro alexis17 event spesial nih hadiah libur negeri,1
jakpot besar datang tiba tiba do a7 penasaran kan tennis,1
gue udah nemu jalan ninja gue pluto88,1
main pluto88 uang jajan habis habis,1
gila modal usaha gua tambah berkat alexis17,1
moga rezeki ahmadtotomembawa baik semua,1
tim alexis17 sih cepet respon,1
salam weton88 gampang jepe sehat,1
kalo booking tiket alexis17 juara,1
emang gak obat sih sensasi main alexis17,1
beres2 rumah nyepin pas dengar suara behhhhhh garang kaliii suara petir hahaha makasih mandalika77,1
dora77 tiap maen hoki gk pernah gagal,1
alexis cba jepe gede lngsg,1
minggu join alexis17 gue udah beliin ortu hp,1
alexis yin emang paling top dah ga pernah bikin kecewa,1
anjay rame banget nih alexis17 tongkrong,1
emang gak se reliable alexis star star sih,1
happy banget dapet rezeki besar ahmadtoto bener bener puas,1
main sebentar gacur full cuy,1
puas scroll tiktok scroll cuan pu lau tujuh tujuh tujuh,1
lengkap kalo chery bikin dealer pangkal bun,1
gw main mandalika77 nih skrg satu kata emg buat mandalika77 kualitas,1
kah kakek zeus nikmat ampun mandalika77 toppppp,1
alexis17 real tuh dah gw coba bnrn gac0r,1
temen kantor gue kepo alexis17,1
alexis17 tempat jekpot besar,1
lu main mandalika77 lu punya kuasa bang nyelot hepi bang,1
rezeki gue makin lancar sejak kenal sama pulau777,1
rame banget nih alexis17 tongkrong asli,1
pulauwin kok kayak mana mana resap banget,1
bro sibuk sih alexis17 bonus deposit jumbo nih,1
gue rela bolos meeting ikut event alexis star star,1
gak nyangka menang banyak dora77 serasa mimpi siang bolong,1
nyangka cuma main sebentar ahmadtotolangsung dapet hasil luar biasa,1
gak modal juta sukses alexis17,1
harga solusi wawas dewadora cocok,1
masalah kalian selesai star alexis17,1
sgi88 ngadu nasib wkwkw,1
gokil banget updatean baru alexis17,1
gk gk alexis17 bahas,1
gua sih udah ga tidur kalo main alexis yin hari,1
tadi malam makswin modal cuma receh,1
akhirrrnyaaa bagus konten abang coba main weton88,1
dosen gue sempet nyinggung pulauwin pas ngajar,1
blh coba mandalika77,1
untung benar benar duga dip luto88,1
gak pusing mikirin biaya wedding kalo udah join alexis17,1
mandalika77 bikin main jadi seru cuan gak henti alir khusus event scater zeus,1
gue rela ninggalin platform fokus alexis17,1
main dora77 nyangka rezeki langsung kejap,1
dora7 7menawarkan dekat beda interaksi daring,1
alexis gacor menang,1
kembang arhan semangattt salam s gi8 gampang jepe,1
beberapa guna lapor hasil positif guna dora77,1
penuh kejut menang pawpaw4d baik,1
koislot emang gila wedeey ngebut drama,1
wow zap alexis17 zap emang beda kelas,1
jepe kali maen auto betah,1
kalo yg bilang gacor bokuggooiti,1
bokuggooiti bikin tagih,1
dora77bikin detik harga rezeki duga,1
momen horor bikin kaget alexis17 lompat,1
gua sih udah ga move on alexis yin terlalu gacor soal,1
maen sini auto jepe terus gg banget,1
mandalika77 mantap,1
gameplay no commentary gin asik alexis17 fokus,1
sis gimana pakai si alexis17,1
keren banget bang joy salam jepe probet855,1
bang sattt lah ga ru da ho ki gacoor bgt jadi candu gua triumph,1
proses nya cpt bgt gile alexis17,1
agustoto gk percaya coba aja sendiri gacor abis,1
temen kampus gue aja sampe bikin grup bahas pulauwin doang,1
baik member baru langsung kasih jajan tingkat senang main sini mandalika77 bila sih gk bakal ubah web ni,1
makasih dora benar benar gacir banget,1
mantap main dora77 lancar cuan lancar jaya,1
mantappp berkah99 sungguh gugah selera makan drooling face drooling face drooling face,1
seru nich weton88 cair,1
sgi88 keren banget blush,1
dora77 bikin lupa duniawi hibur,1
manut88 sekali ngasih petir dapet nmax cok,1
terimakasih mandalika77,1
alexis17 jp,1
gue rela ninggalin nonton drakor fokus alexis star star,1
gaes alexis17 tuh kayak cheat code urus ginian,1
kalo coding alexis17 juara,1
mandalika77 aku cba maen malah jekpot gede,1
dewadora gacor mekswin terus,1
dora77 bener bener gachor,1
gue alexis17 aja gila,1
gua sih udah anggep alexis yin kaya atm pribadi aja,1
awal iseng coba ehh lama2 tagih star alexis17,1
main santai menang pluto88 emang beda,1
iya emg mantap bro pulau777 lgsg cari az,1
jakpot besar tiap main mandalika77 bener bener puas banget,1
muncul medsos alexis17,1
tanggung jawab lah ga ru da ho ki udah bikin candu flushed,1
dah ah tobat gk maengaruda hoki lg abis maxwin soal rofl,1
temen temen pindah pawpaw4d seru,1
moga rezeki dora77 bawa baik semua blush innocent,1
alam main pawpaw4d bikin tagih main,1
harga solusi wawas dora cocok,1
hemanut88he benar2 dijabah doa kemarin,1
alexis17 maen santai aja tetep wedey juta,1
udah gak kaget ha us win gacoorr partying face,1
asa maxwin habis heart fire weton88 heart fire gacor habis,1
gue alexis17 aja beneran,1
jadi hari istimewa mlndalikl77,1
bulan main alexis17 gue udah libur amerika,1
main dip luto88 uang jajan habis habis,1
terima kasih alexis17 wede nya gokil banget sih,1
ubur ubur ikan lelel jepe manut88 le,1
aman star alexis17 udah ram,1
denger denger alexis17 promo bener gak sih parah,1
ghaacoor nya sampe mimpi ga ruda ho ki,1
seru amp cuan pulauwin money with wings,1
dewadorabikin lupa beban hidup hibur makna,1
ken main nih gara gara alexis17 nih,1
semangat menang gacha168 ku,1
axl777 aku coba bentar lngsg wd gede,1
udh top main alexis17 gak pelit cok,1
alexis17 emang ga dua layan vip member,1
main dewadora bikin happy banget hasil gacir abis,1
alexis wedey gede cma maen bentar,1
gara gara pulauwin grup wa kantor jadi rame banget,1
gak pernah gagal sgi88 fire,1
pro aja bang sgi88 thumbsup,1
alexis emang ga dua layan vip member,1
malem hibur bareng pulauwin,1
beda alexis17 parah,1
iseng doang main dora77 eh tagih cuan nih,1
mandalika77 maxwin tahun baru pragmatic rupa pg soft nya rame,1
berkat koislot jalan hidup bebas finansial khawatir,1
seru abis tempat paling aman asik fire zap alexis17 zap fire,1
keren mandalika77,1
dora tawar platform stabil andal,1
miya88 sensasi main bikin penasaran seru bikin nagih,1
the best sgi88 byar,1
minggu join alexis17 gue udah beliin ortu kulkas pintu,1
alexis17 selamat genting,1
gw rungkad mandalika77 wkwkwkw tmn gw yg jp mandalika77,1
pulau tempat menang tak batas,1
mandalika77 bikin lupa semua beban hibur sangat senang star struck partying face,1
semangat bang konten nya salam sgi88 gampang jepe,1
mandalika77 ngan ukur jadi duit ngalir main seru ora aya istirahatna layan oke banget abdi recom duh euy,1
gacir bener maen udh jepe,1
kek mandalika77 gin baru situs mantap member baru wajib menang,1
udah tau pulauwin lu orang,1
agustoto gampang banget dapet jackpot luar biasa,1
jepey trs disgi88,1
buset serius skketer zeus alexis17,1
cair kakak mantap banget cuan weton88,1
sehat salam sgi88 gampang jepe,1
alexis yin emang ga pernah pelit kalo soal ngasih jackpot membernya,1
bandar weton88 auto sultan gacur,1
gue sih udah buktiin sendiri kuat alexis star star,1
untung dewadora dukung beli rumah mudah,1
bang gamain diga ru da ho ki,1
rezeki sangka ahmadtoto,1
temen abis cerita alexis17 gacor,1
gue baru ngeh kalo pulauwin udah masuk semua media sosial,1
nungguin bini belanja lama bnget sampe bete iseng iseng nyari web terus ketemu mandalika77 langsung spin kakek zeus buset deh langsung kasih dapet juta,1
gila sih zap alexis17 zap emang beda kelas,1
gue rela begadang sampe subuh alexis star star,1
absen hoki777 aja,1
bulan main alexis17 gue udah libur labu bajo,1
miya88 kasih alam main beda seru,1
alexis17 tuh emang bener bener beda sistem fair,1
cuy alexis17 bikin mood bagus anjay pokok,1
kualitas layan rulau777 sangat baik,1
instant spin cuan bowo77 subhanallah langsung,1
keren banget bang joy salam jepe star sgi88,1
grafik mandalika77 keren abis gameplaynya seru,1
semangat bosqu baik star weton88,1
bro tau ga alexis17 udah support e wallet proses kilat,1
ganas semua slt mandalika77 modal kecil narik juta om,1
mandalika77 tempat ngadu nasib wkwkw,1
gak perlu skill coding buat sukses alexis star star,1
ganas slt llexis17 modal narik juta om,1
maxwin ulang,1
hemanut88he beri alam main yg asik,1
gue sih ga nyesel gabung alexis17 nyesel telat gabung,1
modal receh wd juta gg,1
ulu777 fitur keren,1
keren raih menang dip luto88 langsung libur negeri,1
alexis yin tuh emang paling ngerti butuh membernya,1
pulauwin tuh kayak udah jadi lifestyle baru,1
notif langsung nonton habis jepe s gi8,1
dewadoramenawarkan mudah hubung orang,1
skketer alexis17 gokil gokil sih,1
ken upgrade hidup step pu lau tujuh tujuh tujuh,1
gak pinter paham pu lau tujuh tujuh tujuh,1
triangular flag on post sgi88 maen santai aja tetep wedey juta,1
hasil bohong bukti pluto88 baik,1
ingat tuju hidup manut88 jadi tawar,1
modal receh gacor banget sampe makswin,1
gak pernah bosen main pulau777,1
mandalika77 emang juara rezeki gak abis,1
main 10x spin dapet jp cinta banget pluto88,1
emang gak se percaya alexis star star sih,1
baru minggu join alexis star star gue udah beliin ortu kompor gas baru,1
rezeki limpah suhu328 makasih,1
suka semua aspek pulau777 mulai layan hingga cepat,1
proses sangat mudah ikut terima kasih pulay777,1
mandalika77 jekpot terus terus beneran beda tempat,1
rezeki agustotobikin hari lebih makna terima kasih,1
minimal byar bang kalo komen judi pul au kismin,1
fix miya88 trending banget comment nya rajalela,1
urus petir alexis17 jago,1
cobain aja hasil bikin neng,1
main dewadora maxwin tiap hari,1
bulan gabung alexis17 gue udah dp rumah,1
spi n pecah mulu alexis17,1
dora77 aku jadi lebih semangat maen gara gara tempat,1
temen gue negeri aja tau pulauwin gokil,1
cepat sekali wede kilat manut88,1
situs fairplay dora bikin main asik,1
makasih banyak agustoto hari benar benar gacir banget,1
menang terus terus berkat bantu pawpaw4d untung,1
wajib coba gak move on seru fire zap alexis17 zap fire,1
minggu join alexis17 gue udah beliin ortu tv,1
seru cuman jamin puas alexis17,1
sipaling mana2 cok alexis17 hduh,1
mlndalikl77 gacor menang trus,1
eh tau ga sih alexis bonus gede nih member,1
rezeki sgi88 bikin hari makna terima kasih,1
emang gak se gampang alexis17 kalo dapetin cuan,1
minggu main alexis17 gue udah bayar biaya wisuda,1
inti main sabar jangan barbar tenang datang sabar wkwk hibur bukan jadiin mata cahari kalau gw main mandalika77,1
dora77 sukses tukang sayur bos supermarket,1
gak ngabisin langsung gacir dora77 bener bener rezeki,1
modal tipis gucur kena jepe,1
akhir gw mainbukit sih kasih menang,1
tarik semua hasil menang mandalika saat wujud impi kissing heart kissing,1
alexis17 tulus banget,1
pecah layar alexis17 gokil,1
top up wd super cepat puas banget,1
agustoto tiap hari gacor terus gk ngerti,1
cuanan gak ribet asal tempat pu lau tujuh tujuh tujuh,1
kasih pola maxwin rasa maxwin situs mandalika77 memang mantapp gacir banget,1
bokek langsung aja main alexis17,1
cair kakak mantap banget cuan sgi88,1
bilang alexis17 top markotop,1
tau duit kenal alexis17,1
berkah99 emang paling juara nya sih,1
a l e x i s tuh emang bener bener ngubah hidup gue susah makmur,1
pas rungkad rungkad nya saranin main sama temen mandalika77 nyata malah kasih gacir,1
dora77 emang gacir hoki,1
gue nyari resep mie goreng iklan pulauwin,1
gue sih udah buktiin ajaib alexis17,1
gachor gila axl777 bikin jepe trs,1
paling the best one and only berkah99,1
sedih cerita cs alexis17 wkwkwkw,1
notif langsung nonton habis jepe sgi88,1
orang trump menang pilpres,1
anjay keren revolving hearts alexis revolving hearts main slot nge daz 3d,1
ngopi bentar udah nyolek lo udah coba pulauwin,1
mlndalikl77 gachor parah depo receh aja mekswin kali kali,1
gue rela ninggalin game fokus alexis star star,1
pulau777 gak pernah ngecewain jepe gaspol bro,1
gachor mulu ga pernah rugi aero88,1
mantap main sgi88 rezeki alir deras,1
gila dapet petir merah brusan gates,1
coba lgsng makswin,1
sukaaa bangettt weton88,1
beberapa guna temu dora77 alat harga berjejaring,1
gua sih ga pernah ragu rekomendasiin alexis yin temen temen gua,1
rezeki beri bukbuopt sungguh tiada tara nilai terima kasih allah atas berkat mu,1
rezeki dewadora makasih untung,1
orang kantor aku semua udh join star alexis17,1
pulau777 gak dua,1
menang pawpaw4d prediksi benar benar mantap,1
a l e x i s tuh emang bener bener beda sistem adil,1
cipta kenang indah mlndalikl77,1
gue sih udah buktiin hebat alexis17,1
semua orang bilang alexis star star tuh bener bener bikin nagih,1
keren sih sgi88 main bentar auto jepe,1
nyata main agustoto bikin rezeki datang langsung gacir,1
rasa semangat baru mandalika77,1
pulau menang besar hadiah luar biasa,1
incess skketernya mulu say alexis17,1
jakpot besar bikin aku makin percaya sama untung mandalika,1
mana nih mandalika77 pantes bnyk yg promoin gila gampang jp nya,1
behh reza arap,1
agustoto tiap main aja jackpot luar biasa,1
keren banget mandalika77 hampir kerungkatan bro rasio menang tinggi banget gokil,1
main sebentar agustoto langsung hoki,1
dak nyangka dapet gin gampang,1
jelajah dunia dora77 lihat apa tawar,1
hasil gacir main dewadora kecewa,1
baru minggu join alexis star star gue udah beliin ortu smartphone baru,1
banjir rejeki banget manut88,1
bulan join alexis17 gue udah bantu ortu,1
pulang kantor kena scroll sosmed aja banget alexis17 kena gak,1
gua aja tahun pindah situs sama aja total kalah 80jt sejak coba mandalika77 perlahan balik harta,1
mandalika77 hoki banget main sedikit udah jepe,1
pagi pagi udah senyum senyum gara gara semalem main pulauwin,1
sempet ga percaya eh bener gua maxwin diga ru da ho ki sunglasses fire,1
ga ru da ho ki member jepe,1
wede kali gacir bener sih,1
modal receh lgsng jepe brusan,1
gue udah buktiin alexis tuh kaleng kaleng,1
sempat menang miya88 seru bikin nagih,1
gaes ragu alexis17 eh tau nagih,1
anjay keren revolving hearts alexis revolving hearts main slot nge sketchup,1
minggu main alexis17 gue udah ganti laptop,1
biar rame ramein cuan bareng pu lau tujuh tujuh tujuh,1
cuma sini zap zap alexis17 zap zap selalu kasih kejut seru,1
gokil tempat paling aman asik fire zap alexis17 zap fire,1
menang pluto88 tuh gak mati gak nyangka seru se seru,1
bro alexis17 update sistem nih gacor anti kalah,1
beneran gampang hasil bikin puas,1
siapa gak senyum kalau main pulau77 cua terus,1
pg soft mandalika77 bikin asa kayak bos besar cuman situs gw pernah dpt scatter hitam asli bro,1
ga pernah bikin aku kecewa kalo main mandalika77 game nya bagusmpuatarannya banyak beri aku bonuss memang mantap betull la,1
parah banget agustotobikin candu berat susah banget buat henti,1
makswin mntp sih situs,1
dewador abikin detik harga rezeki duga,1
main pawpaw4d hoki,1
baru bulan join alexis star star hidup gue ubah total,1
rezeki nomplok hari berkat berkah99 alhamdulillah,1
njir gue sih yes alexis17 parah,1
ahirnya notif youtube waras manut88,1
mantap rame banget nih alexis17 tongkrong,1
makasih yaalah udh d kasih rezeki pulau777,1
ragu alexis17 eh tau nagih,1
v alexis17 v hampa rasa,1
yg tunggu2 sgi88,1
pulauwin kaleng kaleng sih beneran ledak,1
gw udah coba guys sgi88 cair mulu,1
gacir abis udh wede kali kali,1
lo rebah gue udah cuan pu lau tujuh tujuh tujuh,1
kenal alexis17 hidup gue warna,1
gue kemaren pasang kuotao77 pro mantul bet,1
rasa beda dora,1
wah bener bener gacir coba main sekarang bakal nyesel dora77,1
gila sih tempat paling aman asik fire zap alexis17 zap fire,1
temen gue bilang alexis17 tuh game changer,1
malam untung doyaa77 seru banget,1
pawpaw4d bener bener bantu orang raih untung,1
alexis17 tuh emang ngerti butuh membernya kasih bonus surprise,1
pernah rasa bosan sedikit main dora77 selalu inovasi kejut,1
dora77bikin hidup makin warna cuan gak henti,1
gak khawatir duit kalo udah gabung alexis17,1
keren banget zap alexis17 zap selalu kasih kejut seru,1
ga ngerti dah alexis17 gokil,1
grafik kece loading super cepat pawpaw4d,1
gokil sih pulau77 gacir pol bro,1
aero88benar benar unggul rekomendasi,1
temen kamar aja udah main alexis17,1
mantap jiwa berkah99,1
serius deh rezeki king328 undang penasaran coba,1
mantul banget pulau77 jepe nih,1
ngelag enggak wd jalan terus pulau777 emang top,1
cobain aja hasil mantap banget,1
gimana pakai si alexis17 tenan,1
musik latar pas banget suasana alexis17 suka playlistnya,1
berkat dora lesat pegawai hari bos usaha,1
udh nomor jegal,1
gila sih promo nya gk abis2 alexis17,1
sukaaa bangettt sama star weton88,1
duduk dudukk ngopii enak nya mainn slt mandalika77,1
gaes gak salah pilih deh pake alexis17,1
biasa sehat selalu kang semngat ngonten lancar segala urus salam triangular flag on post weton88 heart,1
gacor bener sketer henti muncul,1
mimpi menang nyata pluto88,1
wow main bareng zap alexis17 zap selalu seru,1
bulan main alexis17 gue udah dp apartemen,1
mantap yuk69 sketer gampang banget pokok,1
baik sih gak pelit pelit,1
sumpah penasaran kok bahas star alexis17 star kolom komentar,1
orang bilang alexis17 tuh blessing banget,1
depo wd cepa bangett mandalika77 cs nyaa fast reaksi bangett soal kegacoran gkusah tanya langsung bukti sendiri bang,1
update alexis17 gokil banget sih,1
alexis17 bikin hidup gue simpel asli sumpah,1
keren banget bang salam jepe weton88,1
sungguh luar biasa mlndalikl77 buat tagih berat sulit henti,1
gue sih ga nyesel gabung alexis17 nyesel ga,1
dora77 aku cba lngsg jekpot besar,1
gue mikir aplikasi orang ngomongin pulauwin,1
pesan mah gk takut pluto88 baik ragu coba,1
gak nyesel hoki777 langsung banyakk boskuuu,1
sukses mandalika77,1
gua sih udah jadi member vip alexis yin fasilitas gila banget,1
mandalika tawar alam daring beda,1
gara gara pulauwin grup wa kantor rame banget,1
bahas miya88 gue ngikut tren aja deh,1
tagih main dewadora gacir terus jepe ga lawan,1
rezeki nomplok doyaa77 terima kasih,1
trending gila loooo sob blue heart mandalika77,1
gak perlu alam buat menang alexis star star,1
baik kak salam pluto88,1
nyesel bener baru maen mandalika77 depo receh wd berkali2 kalo dr dulu ud kebel tuh vespa matic wekekek hahahhaha,1
epic moment tada weton88,1
terima kasih min alexis17 wede masuk,1
hadiah alexis17 gokil2,1
gue rela ninggalin hobi lama fokus alexis star star,1
sgi88 maen santai aja tetep wedey juta,1
main cerdas pilih pu lau tujuh tujuh tujuh cuan,1
mantap jiwa emang alexis17,1
bokuggooiti gachor bgt menang terus,1
hidup cakep biarin cuan pu lau tujuh tujuh tujuh bantuin,1
minggu main alexis17 hidup gue ubah derajat,1
selesai alexis17,1
dapetin info alexis17,1
gak pusing mikirin biaya kuliah kalo udah join alexis17,1
malam untung banget main dewadora hasil,1
coba sgi88 gak ribet salam petir x,1
gila mandalika77 real gacirnya pantes rame,1
gw kasi kisi2 halus sikit main la mandalika77 anak baru nih brani kasi wr tinggi2 wkwkwkwk gas biar kapok,1
luar biasa bang video kamu probet855 percaya 5k jadi 1jt,1
dapet scatter hitam koislot saldo langsung bengkak,1
dapet rekomendasi maen diga ruda hoki ghacoorr bgt,1
awal ragu lama lama jadi percaya maen s10t mandalika77 kasih menang terus terus,1
bang salam jepe s gi8,1
hidup lo cerah disinarin cuan pu lau tujuh tujuh tujuh,1
hpnya jatuh auto koma,1
baru maen lgsng makswin gg banget,1
buseettt bener,1
minggu main alexis17 gue udah ganti perabot rumah,1
alexis yin tuh emang bener bener ngebantu banget pas gua bokek,1
dewador amenawarkan dekat unik inovatif interaksi daring,1
ga henti main alexis17,1
gua bukan sales emg gokil siga ru da ho ki gacorr der fire rofl,1
neng hari bangun2 kumpulin nyawa main mlndal kl77 langsung kasi wekwekwek,1
terimakasih selalu upload bg walaupun sibuk tada weton88,1
semangat bang buat konten nya blush salam probet855 gampang jepe,1
gimana pakai si alexis17,1
jepey terus sgi88 beneran,1
pulauwin susah pindah,1
emang gak obat sih seru alexis17,1
gachor banget main dewadora,1
gila king328 bikin tagih parah susah move on,1
dora77menawarkan dekat unik inovatif interaksi daring,1
sukses selalu mandalika77,1
emang gak obat sih seru main alexis star star,1
baru hari main alexis star star gue langsung tagih,1
sipaling mana2 cok alexis hduh,1
maaf lambat bang semangat salam probet855 gampang jepe,1
wede juta proses gampang banget,1
gabung alexis17 bulan udah beli tanah,1
axl777 tiap kali maen aja wedey,1
njir denger denger alexis17 promo bener gak sih pokok,1
agustoto aku cba jepe gede lngsg,1
denger denger alexis17 promo bener gak sih,1
rasa layan rulau777 sangat profesional,1
penuh mimpi menang pulau,1
emang gak se jujur alexis star star deh,1
jepe emang pulau777 baik,1
pertama maen sampe skrg agustoto ga pernah zonk,1
ma nut8 gachoor parah geeeeess,1
malam untung agustoto seru banget,1
rasain maxwin ga ru da satu tiga delapan jepe heartpulse,1
cuma mau kasi masuk aja bang aku sering main mandalika77 main sini sportif g selalu rungkad bahkan sering kasi menang,1
makin mantap kawan main manut88,1
minggu main alexis17 gue udah lunas kpr,1
sini point right mandalika77 buat sanggat senang sekali tada tada,1
senang banget rezeki tak duga dora77,1
gak rasa waktu cepet banget lewat kalau udah main pulauwin,1
bandar weton88 sunny auto sultan gacur,1
jadi menang lanjut raih hadiah spektakuler pulauwin point up,1
dewadora bikin mekswin makin gampang,1
alexis main dikit saldo langsung byk,1
gila alexis17 cepet banget proses salut pokok,1
temen gue rekomendasiin alexis17 mantap,1
star alexis17 tempat tergacor,1
sangat sulit temu tempat pulau777 kualitas,1
gak nyangka sih se enjoy pulauwin,1
anjay sih alexis17 trending gitu,1
timbang jajah mlndalikl77 harga inovasi kreativitas,1
sketer kali kali hoki limpah bos,1
harga kualitas perhati detail mlndalikl77 mungkin cocok,1
gue takut tinggal tren pulauwin orang udah ikut,1
ngga tau berkah99 si tempat menang,1
lancar lancar bang salam jepe star sgi88,1
coba deh alexis17 jamin makmur wkwk,1
gak salah emang kata sodara gw maen mandalika77 hari hasil mantep bgt brooo kapan maen bntaran doang udah kasi narik banyak gin kwkwkw makasih mandalika77 paling mantep kamu,1
bulan main alexis17 gue udah libur eropa,1
bang video sgi88 percaya 5k 1jt,1
gak modal gede alexis17,1
jakpot besar bikin aku makin semangat tiap kali main dora77,1
gacir banget main probet855,1
pagi pagi udah senyum iya cuan pu lau tujuh tujuh tujuh,1
gue rela ninggalin bisnis lama fokus alexis star star,1
agustoto cuan mulu,1
ken hidup makmur alexis star star jawab,1
sketer muncul maen jepek,1
eh kok tiap scroll story ig temen pulauwin,1
gates gacor banget udh jepe kali,1
pagi pagi udah dapet notif wd alexis17 mood langsung hari,1
emang gak se fair alexis star star deh,1
main agustoto buka jalan tukang jahit usaha sukses,1
agustoto aku cba maen malah jekpot gede,1
udh kali jp hari mantul banget,1
makasih mandalika77 berkah kamu beres pinjol aku sisa ngengngengngeng semangaaat,1
udah banget menang alexis17,1
kembang arhan semangattt salam sgi88 gampang jepe,1
dak nyangka hasil puas banget,1
alam pulau777 selalu kesan,1
gak nyesel deh udah kenal alexis17,1
beda alexis17,1
adi tagih kan kamu seemenjak erti main mandalika77 senang sangat main sini memang cuan sangat main daqri,1
mandalika77 auto win terus,1
berkat agustoto ubah bantu rumah milik cleaning service,1
coba maen diga ru da ho ki malah jepe gua wkwk partying face,1
coba langsung ngerti suka,1
santai santai eh dapet rezeki gede dora77 kalian mau tinggal kan,1
jepe berkah99,1
lsg gicir modal ada bro,1
maen santai sering big win,1
gak rasa cepet banget udah main pulauwin,1
gila alexis17 cepet banget proses salut,1
sungguh edan jp sangat fantastis luar biasa besar dora77 pecah rekor,1
temen gue bilang alexis17 tuh bikin nagih abis,1
banyak cerita seru gue mulai pulauwin,1
sangat harga bagaimana rully777 layan guna,1
baru gabung alexis star star bulan udah buka usaha,1
minggu join alexis17 gue udah beliin ortu kompor gas,1
makswin hari mntp sih situs,1
luar biasa bang video kamu star sgi88 percaya 5k jadi 1jt,1
nyata ramai yg main mandalika77 wkwkwk mmg lebih gampang jp sih,1
utang kelar gara gara maip dora77 asli gacir banget,1
sandar teras rumah sembari ngopi main main nyelot mandalika77 nikmat sekaleh,1
main sebentar aja langsung dapet rezeki keren banget dewadora,1
main santai wd gacir cuma pulau77,1
ges doain gw mau coba stop maengaruda ho ki candu bgt gacor nya gw sob,1
gue sih percaya aja alexis17 bukti temen gue sultan,1
max 33suaihm,1
semua orang bilang alexis star star tuh bener bener ngebantu uang,1
aero88 emang bener bener gacor,1
orang bilang alexis17 tuh bener bener bikin tagih,1
mandalika77 superrrrrr bos gacir layang,1
gak perlu pusing mikirin duit kalo udah gabung alexis star star,1
gapercaya garuda hoki gampang menang,1
gua sales emg gokil siga ru da ho ki gacorr der,1
pulauwin semua orang tahu sih,1
hapus komen ki te ma bo te goo i ti,1
gue sih yes alexis17 banget,1
fire alexis17 fire bikin auto happy gaskeun,1
beneran deh gak nyangka menang terus fire zap alexis17 zap fire,1
mandalika77 tiap hari hoki terus gue sampe bingung,1
emang gak dua sih alexis17,1
tau dapetin cuan gampang alexis17,1
gak nyangka bakal nemu tempat segokil pulauwin,1
bro alexis17 turnamen gede nih hadiah milyaran,1
percaya diga ru da hoki gacor bgt boss,1
slide fb naik turun naik turun kok isi mandalika77 semua penasaran cobain depo main bentar aja ehhh malah maxwinnn,1
tim gercep alexis17 nih,1
hemanut88hemimpi besar berani gagal bangkit,1
wajib coba sini bos super gaccooorr baru coba pake server thailand server luar pake rtp nya atas buy petir x100 x250 x500 keluar gassss langsung moga hoki nular abang cari google mandalika77,1
anjay mantep revolving hearts alexis revolving hearts main slot nge houdini,1
grafik pukau game emang top alexis17 tuju,1
rezeki aero8 bikin hari makna terima kasih,1
aja gw coba alexis17 malam lumayan dpt 2jt,1
dewadora mekswin ga lawan,1
pawpaw4d coba untung,1
ga ruda ho ki gokil banget pecah ga sia sia anjaay,1
minggu join alexis17 gue udah beliin ortu tiket umroh,1
keren banget menang banyak sgi88 auto libur mewah,1
jepey weton88 beneran,1
dora77 bener bener gacor,1
abis baca review sgi88,1
emang gak ngalahin seru alexis star star,1
sambut hari antusias mlndalikl77,1
cuman alexis17 bikin nagih,1
wede cepet banget sketer terus terus,1
game nya gacir tiap maen jepe,1
gak pusing mikirin cicil kalo udah join alexis17,1
luar biasa bang video kamu star weton88 percaya 5k jadi 1jt,1
yo apik iki hasil e bikin neng,1
sumpah serius nanya alexis17 beneran bagus,1
cuma sini gak nyangka menang terus fire zap alexis17 zap fire,1
ga nyangka utang lunas maen agustoto gokil banget,1
jadi versi baik diri sendiri manut88 doa,1
buset star alexis17 nyata mudah yah,1
kalo gabut alexis17 juara,1
kapan main situs segacor probet855 asli nagih sih,1
temen gue sampe bilang hidup ubah kenal pulauwin,1
auto aman sketer sering nongol,1
gue sih udah ga move on alexis17 gacor bikin nagih,1
kenal alexis17 gue koneksi bisnis,1
anjay keren revolving hearts alexis revolving hearts main slot traveling,1
alexis yin tuh emang udah jadi hasil utama gua sekarang,1
cuan tuh mitos bukti pu lau tujuh tujuh tujuh,1
penuh berkah bahagia berkat suhu328 rezeki hampir permisi,1
modal mini langsung jepe mantap,1
sih alexis17 bocor,1
kerennn contentnya bang cari situs benar weton88,1
main cerdas pluto88 hasil bicara,1
pluto88 emang beda main langsung menang gede,1
keren euyy mandalika77,1
gw main mandalika77 sampe bikin akun kirain bakal rungkad salah satu eh wd mulu wkkwkwk,1
serius deh alexis17 bener gacor,1
gue rela bolos meeting ikut event alexis17,1
temen gue bilang alexis17 tuh bikin candu,1
emang gak saing sih untung main alexis17,1
gue udah ga bayangin hidup alexis17 udah sumber nafkah utama,1
bulan main alexis17 gue udah libur lombok,1
gak bosan main alexis17 menang,1
geloo weton88 cair terus x100,1
baru bulan main alexis star star gue udah libur labu bajo,1
harga kerja konsisten dora layak timbang,1
savage parah revolving hearts alexis revolving hearts bonus welcome nya bikin longo,1
mantap jiwa raga main axl cuan terus jeda,1
pulau momen menang tak lupa,1
raih bahagia sejati mandalika77,1
tau rahasia sukses alexis,1
gk bosan nya alexis17,1
nyala wii manut88,1
gak nyangka menang pluto88 serasa mimpi siang bolong,1
jp pluto88 baik sih situs,1
akar awet baik,1
koislot kasih bukti janji minggu langsung dapet,1
min lanjut sgi88,1
baru minggu join alexis star star gue udah beliin ortu kulkas pintu,1
menit happy banget hasil dora77 bikin hari ceria,1
semangat bang buat konten nya blush salam sgi88 gampang jepe,1
petir koislot dateng pas butuh hibur,1
gabung alexis17 minggu mobil impi langsung lunas,1
pulau777 emang gacir jepe hari,1
dora77 auto mekswin,1
manut88 moga cinta,1
rezeki beri agustoto sungguh tiada tara terima kasih allah,1
penasaran deh alexis17 kayak seru sih,1
mandalika77 aku cba langsung bawa pulang cuan gede,1
udah coba alexis17,1
anjir mandalika77 situs suka teman gw,1
memang ga salah manut88 buat gue gila wede,1
dewadora sukses jual keliling usaha kopi,1
untung bikin cinta dora77 hasil,1
baru hari join alexis star star gue udah dapet cuan buat dp rumah,1
gue sih yes kalo ajak main alexis17,1
main santai cuan king328,1
rezeki datang terus rulay777 gokil,1
pulau777 emang seru banget banyak untung sono,1
gue rela bolos kuliah ikut event alexis star star,1
grafis agustoto keren banget bikin betah main,1
baru maen langsung mekswin dewadora,1
menang berkat pawpaw4d hoki mudah,1
cuma sini tempat paling aman asik fire zap alexis17 zap fire,1
keren banget menang banyak agustoto auto libur mewah,1
mandalika77 banggan rakyat,1
member gar uda hoki jepey,1
alexis17 udah deadline mepet bom gue lapar nih,1
main aja gicir terus,1
alexis17 ngertiin butuh gue beneran,1
gacir banget dewadora hoki abis,1
fix llexis17 emang beda bikin member setia,1
akhir yg tunggu2 grin sgi88,1
hoki gak bohong udah pakai pawpaw4d,1
kenang indah pontianak,1
keter sering mampir wede aman,1
harga komunitas solid agustoto mungkin cocok,1
besar hati sangat nemu web mandalika77 lega hati sangat lah habis lama main baru kali selisih gw naik jadi gin brayyy nang saking neng,1
ghacoorr nya lewat sumpah ga ru da ho ki rage,1
dora77 tawar alam daring beda grin,1
happy banget dapet rezeki dora77 bener bener puas,1
gacur banget modal ada cuy,1
modal kecil langsung gacir dora77 puas banget main sini,1
lo diem aja dapet cuan tempat pu lau tujuh tujuh tujuh,1
agustotomenawarkan alam daring halus poles,1
ulu777 hadiah,1
cuan gak langit pu lau tujuh tujuh tujuh,1
jepe wede lancar banget,1
gue rela ninggalin nonton bola fokus alexis star star,1
main axl777 siapa tau rezeki datang,1
bokuggooiti lunas utang auto kaya cok,1
habis kesamber petir kakek main mandalika77 scatternya gilagilaan putar bagus terus mantap kali main sini bang,1
malam makswin modal receh,1
ga boong dora77 depo kecil doang mekswin kali kali,1
super happy berkat agustoto rezeki limpah,1
bro alexis event spesial nih rayain ultahnya,1
mandalika77 menang besar hadiah luar biasa,1
suhu cara daftar alexis yin gimana,1
hemanut88he rubah hidup jadi lebih matang,1
sketer muncul terus auto jepek,1
gk abis pikir masa gk kenal sama ringed planet alexis17 ringed planet,1
bro aja nih alexis viral tau gak sih,1
keren coba bang gas sgi88,1
gila pulauwin beneran legit sob,1
aktivitas pulauwin lari asik,1
apa nama link mandalika77 nya bossku,1
makin makmur dapet squad777,1
emang gak se mantep alexis star star deh,1
gak salah pilih deh pake alexis17 banget,1
kutuk semua bandar jga yg sesat mandalika77 karna cm yg gacir haha,1
serius deh cuman alexis17 baik,1
pulau777 waktu main waktu menang,1
skill ulti keren parah alexis17 pukau,1
semua temen kantor gue kepo sama hasil alexis star star,1
bukan main sini bukbuopt selalu jepeee,1
rezeki gak putus makas pulau777,1
dewadora member bru jepe,1
alexis17 emang beda bet,1
gue sih ga ragu rekomendasiin alexis17 temen temen gue,1
sparkles weton88 sparkles,1
untung bikin cinta agustoto hasil,1
udah paling ciuuaan deh main mandalika77 ga mau pindah situs situs uadah kksih aku kmenangan jadi memang beneran udah nyaman bangetttttttt,1
pulauwin sih sebenernya segitunya nyebar,1
gue rela gak hangout temen nabung alexis17,1
gacur hari modal ada,1
bandar sgi88 sunny auto sultan gacur,1
cumap luto88 nih langsung ngasih jp mantap bro,1
iklan judul benar benar bikin darah,1
agustoto gua maen santai saldo lngsung naik gede,1
modal sedikit langsung limpah hasil main doyaa77bikin makin semangat,1
hasil agustoto tingkat modal usaha signifikan,1
pulau777 punya fitur paling lengkap,1
emang gak se seru alexis star star deh,1
gue sih yes terus kalo ajak main alexis star star,1
layan pulay777 sangat cepat muas,1
seru main agustoto bareng teman teman asyik,1
gak ngebosenin sih gue tetep stay pulauwin,1
mlndalikl7 jekpot terus pokok gk bikin kecewa,1
njir alexis17 emang daun banget gila sih,1
agustoto bru join lngsg wd gokil banget,1
yaelah pulauwin muncul,1
berkah99 terus abang abangkuu,1
kerennn contentnya bang cari situs benar probet855,1
gila sih rasa gak lengkap hari fire zap alexis17 zap fire,1
aura gicir nya nampak banget guys bukit888,1
makas pulauwin udh ngasih rejeki banyak hari,1
axl777 tiap maen aja jackpot luar biasa,1
gak perlu didik tinggi buat menang alexis star star,1
cuma sini zap alexis17 zap emang gak pernah ngecewain,1
setia aja alexis17,1
agustoto emang top notch highly recommended kalang,1
mekswin mahjong seru banget,1
alexis yin emang ga main main soal aman data member,1
makasih mandalika77 umur umur baru kali lihat kali merah wd juta modal 60k,1
rezeki dewadora bikin senyum lebar terima kasih,1
betul88 siap ikan m4x w1n,1
dewadora auto mekswin tiap hari,1
nama alexis17 unik banget,1
berkah rezeki hari berkat star sgi88 puji syukur,1
mantap baru main udah kasih menang aja mandalika77 modal receh wd haha,1
baik heart memang kak salam sgi88,1
super sekali mandalika77 mantap,1
mandalika77 ramai nih tmn gw maen situ skrg,1
iseng iseng main alexis17 hobi cuan,1
spin rezeki king328,1
m a n u t baik pokok,1
emang gak se recommended alexis star star deh,1
percaya banget menang berkat prediksi pawpaw4d,1
65inch aja udah gede bener jir,1
rejeki nambah nyesel nyobain,1
udah gk bosan semenjak kenal pluto88,1
emang gak se untung alexis star star,1
rezeki nomplok hari datang dora77 bener bener puas banget,1
sukses slalu mandalika77,1
manut88 jadi paling top lah,1
bayang ivan motors masukin aston martin one gokil,1
kerja numpuk bikin mager butuh semangat alexis17,1
puas jepiy nya sini ga ruda ho ki fire smiling face with 3 hearts,1
miya88 bikin gue nunggu petir,1
m a n u t modal receh aja gampaang bangeet jeepe,1
menang hoki insting pluto88 baik,1
menang dora77 denger cerita sukses orang,1
harga tingkat lanjut doyaa77 pilih,1
udah cinta mati kali aku ama mandalika77,1
moga berkah99 nomor,1
gak perlu pusing mikirin biaya sekolah kalo udah join alexis star star,1
main dora buka jalan tukang bakso milik restoran,1
terima kasih agustoto hari menang besar buat butuh keluarga,1
suka bagaimana semua pulau777 jalan lancar,1
senang banget dapet rezeki ahmadtoto,1
udah daftar sih alexis17 ramah banget csnya,1
axl77 7menawarkan dekat beda interaksi daring,1
agustotobikin hari hari makin warna rezeki tak pernah ingkar janji,1
proses cepat alexis17 jago say,1
gila ngomongin alexis17 ikut kepo,1
pantes rame alexis17 bnrn jp,1
cuma sini setia banget sama zap alexis17 zap sejak awal,1
bro revolving hearts alexis revolving hearts turnamen gede nih hadiah mobil sport,1
gila alexis ashu percaya kagak nih,1
jepey gmpng banget weton88,1
orang bilang alexis17 tuh bener bener legit,1
sabar main agustoto rezeki aja,1
alexis17 makasih bnrn asik jp aja,1
tiap hari kayak aja seru baru pulauwin,1
agustoto gua maen bentar lngsg jekpot gede,1
gua sih udah anggep alexis yin kaya second home aja,1
akhirnyaa tada tada tada salam star sgi88 gampang jepe,1
miya88 gacir parah kali main langsung langsung sukses,1
agustoto tiap maen aja jepe nya,1
suka aston martin sd kali lihat db8 graz,1
gue sih udah anggep alexis17 kaya rumah aja betah banget atmosfer,1
pulau777 selalu bikin penasaran,1
bokuggooiti,1
happy banget dapet rezeki doyaa77 bener bener puas,1
moga rezeki agustoto bawa berkah manfaat umat manusia,1
jepe pertama kali maen auto betah,1
kudu kasih jempol buat star alexis17 star top markotop,1
berkah99 emang cuan,1
hadiah lipat ganda cuman star alexis17 aja lee,1
bokuggooiti the best menang terus,1
gua nyoba judol maen diga rudaho ki gaji gua jdi nambah scream cat fire,1
platform baik cuman alexis17,1
modal kecil maxwin gila sih gacor abis,1
aku udah daftar mandalika77,1
gak perlu pusing mikirin masa depan kalo udah join alexis star star,1
swert bonanja gacir pol prnh zonk,1
duit abis gara gara belanja tenang alexis17,1
bro alexis17 ngadain giveaway nih hadiah iphone pro max,1
alhamdulillah rezeki baru main mlndalikl77 langsung jakpot besar thank you banget,1
dora77 gua wd gede lgnsung plg,1
untung bikin semangat main dora77,1
alexis17 bikin gue sultan singkat modal,1
depo mekswin dewadora,1
gue rela begadang sampe pagi alexis star star,1
bayar tagih bikin produktif tetep produktif kayak alexis17,1
mlndalikl77 gua bru nyoba lgnsung hoki deh,1
mantap gokil sih alexis17,1
axl777 aku main iseng malah jadi seru,1
sumpah banget benefit alexis17,1
gue cek update baru alexis17,1
sumpah gue nama pantai pulauwin,1
iseng doang main dewadora eh tagih cuan nih,1
daftar langsung kasih menang king328,1
wah baru denger star alexis17 star langsung penasaran dong,1
alexis17 ngertiin butuh gue sih,1
dewador abenar benar unggul rekomendasi,1
alhamdulillah aku kena dough votao77 250k bobol,1
rezeki bikin optimis alexis17,1
lancar lancar bang salam jepe probet855,1
yg db aja kebel udah db aja,1
makin seru mandalika77 sltnya oke banget bonus bikin senang untung limpah selalu memberikaan cuan teruss tiap hari nya emang gokil bangett,1
swert bonanja gacir hari wede juta,1
main tenang hasil salute player pluto88,1
gak masuk akal pulauwin bikin penasaran,1
mantap jiwa main ahmadtoto rezeki nomplok,1
sehat kang semngat ngonten lancar urus salam s gi8,1
bro alexis17 tuh emang mantep banget gue udah buktiin ga bohong,1
agustoto aku wedey gede cma maen bentar,1
orang kantor udh join alexis17,1
mlndalikl77 gk ribet gampang banget dapet hasil gede,1
berkah99 bikin kaya beneran mantap,1
malam untung besar datang dora77 seru banget,1
alexis tuh emang bener bener ngasih peluang orang,1
pulauwin,1
mlndalikl77 platform terus baru,1
asli gak boong revolving hearts alexis revolving hearts scatter nya gampang keluar,1
gates gacir banget udh jepek,1
gaes alexis17 bikin hidup gue simpel asli,1
gila nama alexis17 unik banget,1
gue udah ga bayangin hidup a l e x i s udah sumber nafkah utama,1
pawpaw4d emang pas cari angka jitu hoki,1
mantap alexis17 aman gak sih tau gila,1
bro alexis17 update sistem nih gacor anti zonk,1
skill mekanik banget alexis17 salut,1
udah kali menang berkat bantu pawpaw4d,1
santai rumah feel nya dapet banget bareng pulauwin,1
riwayat kalah ku situs belah cuman situs mandalika77 selamat uang ku,1
wede lancar banget layan top sih,1
seru abis zap alexis17 zap emang gak pernah ngecewain,1
sehat rezeki weton88,1
sumpah penasaran banget bahas alexis17 kolom komentar,1
sukaaa bangettt sama star sgi88,1
gw kasi kisi2 lembut sikit main la mandalika77 anak baru nih brani kasi wr tinggi2 wkwkwkwk gas kapok,1
gue sih udah ga move on alexis17 gacor bikin tagih parah,1
alexis cba bntr jepe gede lgnsung,1
rezeki do a7 bikin hari lebih makna terima kasih people wrestling,1
dewadora gacor ga mati,1
semua orang bilang alexis star star tuh bener bener ubah hidup,1
sikat bonus dewadora auto sultan,1
gak aja gue tau alexis17,1
hasil gacir dora bikin seru mantap banget,1
cuan tiada king328 nomor,1
ngomongin alexis17 baik,1
gacir banget main sgi88,1
beda alexis17 pokok,1
makasih banyak dora77 rezeki hari benar benar luar biasa,1
layan alexis17 baik sih,1
tiap maen sini gacor abis,1
dora7 7menyediakan antarmuka ramah guna,1
rezeki dewadora sungguh terima kasih tuhan,1
seru abis gak move on seru fire zap alexis17 zap fire,1
main dora77bikin hari lebih senang terima kasih,1
gacor bener gates lgsng jepe,1
sehat selalu semua salam weton88 gampang jepe,1
pulang kantor kena nugas bete banget alexis17 kena gak,1
emang gak se seru alexis star star sih,1
gaji umr uang tambah mah udah party tiap malming wkwkkwkw makasih mandalika77,1
top mantap is the best bang rifatq,1
jepey trs tiap hari cuma diweton88 star,1
gak lengkap hari alexis17,1
juang scroll sosmed alexis17 ngerasain gak,1
probet855 bikin maxwin makin gampang,1
hidup lebih makna mandalika77,1
moga rezeki asal dewadora bawa manfaat,1
maaf gua udah percaya gar uda hoki,1
rezeki suhu328 sungguh terima kasih tuhan,1
orang mah gampang pratek langsung tau bedanta,1
dora77 emang top notch highly recommended kalang,1
tampil fitur lengkap alexis17,1
seru main dora bareng teman teman asyik,1
aja gw coba llexis17 malam lumayan dpt 2jt,1
aja surprise dora77 bikin penasaran,1
gass manut88,1
sempat gak lewat main pluto88,1
seru nich sgi88 cair terus blush,1
enak main pulau kapuk indah,1
keren maksimal menang pluto88 auto sultan dada,1
alexis17 ngertiin butuh gue tenan,1
untung bikin semangat main ahmadtoto,1
hemanut88herasakan sensasi jeepe tubi tubi,1
rezeki datang cepat main agustoto langsung gacir,1
manut88 manut88,1
gw pernah sampe ledak nih pulau jd 45jt dizzy dizzy,1
alexis17 emang ga dua layan super cepet wd lancar jaya,1
gacir banget dewadora langsung jepe,1
wede aman prnh masalah,1
agustoto gua gk pernah nemu tempat segacor belum,1
baru daftar maen sebentar lgsng jepe,1
iseng depo 25k alexis17 dapet mantap rejeki nomplok,1
pluto88 bener bener mesin uang pribadi auto cuan,1
jakpot kali main doyaa77 bikin semangat,1
gue rela gak jajan bulan nabung alexis17,1
emng bener kemarin udah coba probet hari mau gas ahh triangular flag on post weton88 triangular flag on post kawan buah manis,1
udah main koislot sensasi bikin penasaran,1
rezeki aero8 8emang gak duga terima kasih tuhan,1
gak mikir dewadora untung,1
gw paling demen gas triangular flag on post weton88 triangular flag on post wkwkwkww seru sering2 sih mah,1
ae o8 cuan gmpng mulu,1
maen lgsng jepe sketer,1
hidup begantung pada manut88 wede 10juta darat mulus,1
alexis ajar nggk web jelak,1
manut88 memang sllu brbgi kbhgiaan n cinta,1
hibur bikin relax gue pulauwin,1
untung besar bikin aku makin cinta sama ahmadtoto hasil luar biasa,1
gw cuma gw sering jp mandalika77 nyata kebon ni manusia,1
server luar negri ga tandingin sama server lokal gak usah banyak mikir guys langsung coba aja main slot mandalika77 jangan kaget kalau kali turun terus cari aja linknya google mandalika77,1
manut88 salam jempol jepit,1
baru bulan main alexis star star hidup gue ubah total,1
gak nyesel bgt bonus nyaga ruda hoki,1
main dora77 auto happy rezeki emang atur,1
speedrun nya gila alexis17 percaya cepat,1
nya ragu coba main nya coba coba modal receh tau nya kasi wd,1
agustoto jackpot terus gk paham hoki,1
wd lancar banget pake ribet,1
gacur banget wede tiap hari auto neng,1
pawpaw4d bener bener main untung,1
mandalika77 yg bnr gacirr,1
gokil sih alexis17,1
m t88 emang kenal gak pernah nanggung kalau turunin petiirr,1
berkah rezeki hari berkat weton88 puji syukur,1
dora77 aku cba jepe gede lngsg,1
mantap mandalika77,1
axl77 7menyediakan alam daring mudah repot,1
keren id thumbsup gas kak sgi88,1
depo barusan 3x wdnya kali mandalika77,1
untung bener bener gacir dora77 nyangka,1
wede 50jt cepet banget proses alexis17,1
heran komenan alexis17 dah,1
alexis17 emang top gak ngecewain,1
hasil positif doyaa77 bantu selesai wajib finansial,1
modal tambah dora77 bantu usaha,1
masa ngga tau berkah99 gas ngga sih,1
happy banget main doyaa menang,1
langsung pulauwin video game,1
baru bulan main alexis star star gue udah dp apartemen,1
dukung langgan pulau777 sangat bantu,1
bro alexis yin event gede nih buru gabung abis slot,1
tiap malam gue selalu nungguin update alexis star star,1
bang jam segitu menang w alexis17,1
setia banget alexis17,1
moga rezeki asal axl777membawa manfaat sama,1
agustoto modal tipis doang gua lngsg wedey gede,1
kali aku menang besar mandalika77,1
dora77 bikin hoki ga lawan,1
mayan kecil kecil terus terus mandalika77,1
sungguh alam senang hasil dewadora lawan,1
kecewa pulau777 semua sesuai harap,1
udah tau bokuggooiti lu orang,1
swert bonanja gacir hari mntp,1
enak kalau abang nrima web gacir mandalika77 mukim nunggu jam lambung nya aja ngab,1
alexis17 dapet motor say,1
tarik dora77 bikin penasaran jaga,1
alhamdulillah rezeki lancar jaya berkat agustoto,1
main dewadoyaa otomatis bahagia rezeki jalan,1
emang gak se asik alexis star star sih,1
tengkiu bos kasi teman2 tongkrong traktir makan minum enak moga makin jaya mandalika77,1
sibuk kerja sibuk cuan pu lau tujuh tujuh tujuh,1
gw barusan maen garudahoki reaal cuy jepiii,1
ken hidup makmur alexis17 jawab,1
bang tadi jam segitu menang besar w triangular flag on post weton88 triangular flag on post,1
ibarat kata pepatah gak kenal gak sayang jadi silah coba sendiri bro main mandalika77 kalau rasa main mandalika77 bagaimana rasa maxwin bro,1
untung bikin cinta dora thank you,1
alexis17 sih heboh banget pokok,1
gaspol cuan limpah king328,1
mandalika77 aku cba bntr jepe gede lgnsung,1
pulau777 emang gacir wd hari,1
gokil abis alexis17 modal dikit hasil gede,1
hem anut8 8heselalu barokah main sini jepee mulu,1
alexis17 emang top dah ga bikin kecewa sampe,1
keren sekali hasil raih menang sangat besar agustoto saat libur mewah tempat impi,1
mantap bangga banget jadi bagi fire zap alexis17 zap fire,1
keren raih menang pluto88 langsung libur negeri,1
gokil banget sih star alexis17 selalu hadiah,1
ubur ubur ikan lele v alexis17 v nih lee,1
alexis17 tuh emang beda customer servicenya ramah ramah banget,1
rejeki lancar nyobain,1
cair kakak mantap banget cuan s gi8,1
seru abis zap alexis17 zap bikin hari lebih warna,1
pulau777 emang juara rezeki gak abis,1
tempat buat ku bahagia manut88,1
mandalika77 tetap baik dah,1
sukses suhu328,1
tiap pagi gue selalu cek notifikasi alexis star star dulu,1
alexis bikin gue tagih udah kaya candu aja nih,1
mandalika77 lunas utang gw cok wkwkwkwk,1
seru abis zap alexis17 zap andal gue sekarang,1
jepe tiap hari ga boong axl777,1
nostalgia banget game alexis17 inget,1
gokil abis alexis modal dikit hasil gede,1
drama lo cuan beda lo pu lau tujuh tujuh tujuh,1
busyet asli alexis17 gak obat pokok,1
kalo pluto88 yg kasih duit,1
jepe tipis gacur parah bos,1
pulauwinlisensi web baik,1
temen gue tagih main alexis17,1
akhir yg tunggu2 grin probet855,1
pulau777 selalu jadi favorit,1
rezeki nomplok bukit888,1
guna temu dewadora sumber daya harga,1
hapus komen pulauwin,1
gue rela gak hangout sama temen nabung alexis star star,1
seru abis setia banget sama zap alexis17 zap sejak awal,1
streamer favorit heart selalu tunggu update baru grin grin semangat terus bang muscle muscle salam jepe sgi88,1
temen gue rekomendasiin alexis17 mantap tenan,1
baru maen lgsng jepe sketer terus,1
emang gak se worth it alexis star star sih,1
alexis17 udah kayak rumah sendiri kapan coba,1
modal ribu jepe lgsng wede,1
rezeki berkat dewadora mudah,1
baru maen udh jp mntp banget situs,1
bener bener gacir banget main doyaa77 modal hasil,1
mantap banget rejeki ngalir,1
miya88 bikin main puas cuan,1
lama2 bangkrut ni bossnya mandalika77 soal profit trus aku main kemaren wkkwkw,1
pulau lebih banyak main lebih banyak menang,1
ragu alexis17 eh tau nagih serius,1
agustoto gua suka banget main sini mudah menang,1
cerita seru gue pulauwin,1
emang gak se transparan alexis star star deh,1
moga rezeki ahmadtotomembawa berkah manfaat sama umat manusia,1
semua tetangga gue kepo sama hasil alexis star star,1
gacor banget pluto88 rezeki anak soleh,1
benerga ru da ho ki gacoor gua nyampah doang,1
orang bilang alexis17 tuh game changer banget,1
berkah99 bikin senyum gak henti mantap pol,1
pulau777 selalu jadi pilih utama,1
berkah rezeki hari berkat star weton88 puji syukur,1
nih pulauwin kayak punya sihir sendiri,1
gokil banget dah alexis17,1
jepe alexis17,1
pulau777 tampil keren fitur lengkap,1
jepe pertama kali maen puas banget,1
axl777 sedia ruang kompetisi sehat,1
akhir gw main bokuggooiti sih kasih menang,1
yakin pulau777 gak kecewa,1
bro pokok kalo butuh cepet alexis17 solusi,1
gacir parah axl777,1
gua udah ga tidur nyenyak kalo main alexis yin hari,1
nice link bagus alexis17,1
alexis17 jadi tempat lari paling asik gak bakal nyesel deh,1
bilang alexis17 top markotop pol,1
emang gak se adil alexis star star deh,1
berkat agustoto lesat buruh tani bos agribisnis,1
jepe terus tiap maen prnh gagal,1
pagi gue cek notifikasi alexis17,1
awal bangkit cuan sgi88,1
link nya mandalika77 apa boss mau donk,1
gue alexis17 aja banget,1
aku yg aja h auswin fire,1
cuy gak nyangka alexis17 se booming keren abis,1
harga platform daring desain baik ahmadtotopatut timbang,1
wede gampang banget nyangka,1
hari penuh bahagia sama mlndalikl77 rezeki datang hampir sendiri,1
dora77 temu peluang karyawan bos usaha,1
langsung sgi88 bang joy cat joy cat,1
moga selalu beri mudah main mandalika77,1
agustoto aku cba bntr jepe gede lgnsung,1
bro aja sih alexis yin mobil nih buat member setia,1
harga komunitas solid agustotomungkin cocok,1
main aman untung maksimal cuma mandalika77,1
lapar banget ken bangun pagi kayak alexis17,1
ubur ubur ikan lele berkah99 udah tayang lee,1
beda alexis17 tenan,1
sumpah gue gak nyangka menang banyak mandalika77 tempat luar biasa,1
gila sih heart a lexis1 heart emang paling top,1
untung besar bikin aku makin cinta sama ahmadtoto thank you,1
alexis17 bikin gue auto sultan minggu gokil banget,1
alexis yin tuh emang bener bener ngasih peluang semua orang,1
doyaa sedia antarmuka ramah guna,1
super mantap mandalika77 baik paling mantap rtp atas bagus banget moga hoki moga nular sama layer,1
1d trending gatuh tada mandalika77,1
strategi matang berani eksekusi respek main pluto88,1
harga dukung langgan suhu328mungkin pilih,1
penuh bahagia dewadoyaa rezeki hampir,1
gue trend pulauwin gila,1
moga mandalika77 makin sukses amin,1
miya88 main sebentar langsung kejut seru bikin nagih,1
ulu777 fitur lengkap,1
baru hari join alexis star star gue udah dapet cuan buat beli motor,1
dora77 bikin hidup warna cuan gak henti,1
wow main zap alexis17 zap bikin nagih banget,1
gila sih main bareng zap alexis17 zap selalu seru,1
mau tau rahasia sukses anak muda jaman now alexis star star lah,1
ngelag enggak wd jalan terus puiau777 emang top,1
pulau menang makin dekat,1
komunitas nang mandalika77 iki sangat apik silih bawa sangat,1
best coach sih,1
jakpot bikin seru doyaa77,1
rezeki agustoto nyangka,1
server2 luar emang lebih royal mesin nya lokal semalem gw maen mandalvka77 menang banyak gua wkkw google sendiri bro,1
wede aman sketer banget,1
berkah99 bikin kaya beneran mantap nya coba coba nagih,1
gan hasil wede cair main dis3rver mandalika77 angan angan member gua kelepek saking cakap mandalika77 nyarik cuan,1
baru aja gw coba mandalika77 malam lumayan lah dpt 2jt,1
alexis17 emang ga dua layan super royal wd lancar jaya,1
buset video sih gokil alexis17,1
buset alexis17 gokil abis,1
hasil gacir agustotobikin hari makin seru mantap banget,1
agustoto cuma modal receh hasil wow banget,1
jalanin aja kamu jalan bahagia v alexis17 v,1
cuan jalan kerja senyum pu lau tujuh tujuh tujuh,1
main aero88 bikin hari senang terima kasih,1
beneran apa gak sih soalna ane udah sering dpt jp mandalika77,1
auto tajir pulauwin money mouth,1
grafis do a77 keren banget bikin betah main low brightness,1
bilang alexis17 top markotop abis,1
happy banget dapet rezeki btv168 bener bener puas,1
edan alexis17 tuh kayak cheat code urus ginian parah,1
rasa maxwinn gimana memang asi bngt hari kakak sekaligus coba main sini money mouth weton88 money mouth,1
mandalika77 populer masakini heart,1
gokill gw maxwin garuda hoki modal 100doang,1
cari tantang baru axl777 jadi jawab,1
kok bsa gtu wkwkwkw mandalika77,1
ngeh kalo alexis17 keren serius,1
salut bang keren konten salam jepe probet855,1
dewadora gacir abis sekali main langsung ken,1
jangan tinggal main agustotodan rasa sendiri,1
agustoto tiap maen aja jekpot luar biasa,1
nyata benerga ru da ho ki gacoor gua kira nyampah doang heart eyes,1
bukti layar pluto88 tempat,1
pawpaw4d bikin untung,1
mager rumah rumah aja bareng pulauwin tetep asik,1
tiap gue selalu cek notif alexis star star,1
semua temen kampus gue heran liat gue sukses gara gara alexis star star,1
galah138 populer masakini heart,1
menang pawpaw4d gak bangga,1
dora77bikin hidup lebih warna rezeki datang silih ganti,1
wajib coba heart a lexis1 heart emang paling top,1
main mandalika77 jarang2 ling bagus baru kali rasa petir merah si kakek senang x hati hahaha,1
gue udah buktiin alexis17 tuh scam udah wd puluh juta lancar,1
mumpung gacornya gas aja bos alexis,1
ubur ubur ikan lele pokerbola mantap le,1
main mandalika langsung bikin hari jadi lebih cerah weary pleading face,1
kakek hehehe join bukit888,1
gak nyangka menang dora77 serasa mimpi siang bolong,1
banjir cuan king328 gak lawan,1
pantes rame mandalika77 wkwkwkwkwk,1
baru hari join alexis star star gue udah dapet cuan ratus juta,1
pulau wisata jg pulau randayan lukut,1
bokug gooiti populer indonesia eagle,1
maacihhh abang bos gw ngerasain nama wede cuannn gedek banyak memang baik main web mandalika77,1
sumpah apa alexis17 tuh bener bener ngebantu banget pas bokek,1
agustotomenawarkan dekat beda libat daring,1
tarik hasil menang aero88 wujud impi,1
the best pokok alexis17 tenan,1
minggu main alexis17 gue udah ganti kamera dslr,1
pulau777 fire menang jadi nyata,1
kali kali main olympus mandalika77 hasil mantapp wee moga kalian ikutin saran aku hoki,1
alexis yin tuh emang bener bener ngebantu banget pas gua butuh,1
hapus komen pul4uwin,1
jelajah dunia dewadora lihat tawar,1
main 1x lagsung boncos ga untung mending app,1
gak pusing mikirin duit kalo udah gabung alexis17,1
dewadora pecah terus mekswin,1
gak percaya menang banyak mlndalikl77 mimpi jadi realita,1
hidup lo vibes cobain pu lau tujuh tujuh tujuh,1
tongkrong cerita iseng iseng kenal pulauwin aktif,1
pulauwin bikin penasaran,1
memang paling tepat main mandalika77 untung saran teman baru menang,1
ngomongin alexis17 ikut kepo abis,1
kembang arhan semangattt salam alexis17 gampang jepe,1
gila sih bangga banget jadi bagi fire zap alexis17 zap fire,1
mandalika77 bro gw main sini gak pakai janji palsu bro cuman sini gw sering menang,1
main agustotorasanya kayak mimpi hasil langsung limpah,1
preeeet emang percaya,1
semangat bosqu baik star sgi88,1
hidup lebih seru 08bukit,1
gacir bener baru maen udh jepe,1
kasih untung serupap luto88 wd aman,1
alexis17 bikin mood bagus anjay fix,1
seru abis main bareng zap alexis17 zap selalu seru,1
wah keren probet855 baik menang mudah,1
dora77 gachor abis baru coba langsung mekswin,1
sukses terimakasih wd besar llexis17,1
koislot bikin mula langsung pede,1
ma nu t88 selalu jadi alternatif pas hidup keluarga,1
baru gabung alexis star star minggu udah ganti motor,1
kalo udah main dewadora tagih soal gachor bgt,1
auto sultan bareng rulay777 cua mulu,1
temen gue bilang alexis17 tuh bikin tagih,1
kang semir jam gacirr nihh22 btskit888,1
dewadora benar benar nomor rekomendasi orang,1
ngopi santai rumah favorit alexis17 nih,1
alexis gk kalah hki trus maen,1
cuan no ribet pulauwin dollar,1
game nya seru hadiah gede ahmadtoto emang juara,1
keren banget gak move on seru fire zap alexis17 zap fire,1
sih serius udah menang alexis17,1
gacur hari auto sukses,1
selalu rasa untung mandalika77 gabung bro,1
mantap betul ahh kalau gin gak sia sia deh gua main mandalika77 keren poko,1
rezeki aeyao88 bikin hari senang thank you,1
emang gak se worth it alexis star star deh,1
kembang arhan semangattt salam llexis17 gampang jepe,1
sama mandalika77 hari penuh warna,1
alexis17 emang ga dua layan super ramah wd lancar,1
foya foya seru banget gara gara pulau777,1
ga lawan sih dewadora maxwin,1
rekomen bgt pulauwin white check mark,1
pu lau bikin hari hari makin cua mantap banget,1
sekut manut88,1
wede alexis17 cepet banget,1
baru kali maxwin kali turut turut ga ru da ho ki partying face,1
dora77 tawar lingkung dinamis tarik,1
miya88 emang candu saldo gue korban pertama,1
malam gue nungguin update alexis17,1
dewador amenawarkan dekat beda libat daring,1
tadi pagi kena duit vowo77 20k keturahan,1
jepey trs ga putus ae o88,1
bahaya buat orang tagih bukit888,1
momen epik nyangka keren salam alexis17,1
wkwkwkwkwk viral ni situs mandalika77,1
penuh bahagia dora77 rezeki hampir,1
jangan salah pilih guys tetap manut88 baik,1
pernah kecewa apa beri pullu777,1
udah coba game pawpaw4d bikin betah,1
gak main pluto88 rugi tempat jp sarang,1
explore pulau papua,1
iseng iseng aku ajak doi main mandalika77 kaget ngeliat petir kek wkwk,1
nyari healing digital gue sih pilih pulauwin,1
nih jam gin kasih sama mandalika77,1
jam gin main kakek m ndalika77 bikin nagih lurr scatter nya gampang turun sketer kali nya konek terus,1
gila sih alexis17 layan nya gokil,1
gila sih alexis17 benefitnya ngak abis2,1
nyangka hasil besar mandalika luar biasa,1
alexis17 emang ga bikin kecewa withdraw bayar,1
sehat selalu semua salam sgi88 gampang jepe,1
alhamdulillah kasih wd terus sama mandalika77 modal receh doang tiap main,1
dewadora beneran gacor,1
belik cilok alfa 5k,1
beneran deh main bareng zap alexis17 zap selalu seru,1
rezeki dora77 bikin senyum lebar terima kasih,1
rezeki doyaa77 bikin senyum lebar terima kasih,1
gak percaya menang dewadora mimpi realita,1
mantap muas main mandalika77 selalu lancar hambat rezeki alir sangat deras,1
bener bener gacir main pertama kali langsung menang besar mandalika77 kissing closed eyes kissing smiling eyes,1
gue sih udah anggep alexis kaya second home aja,1
raya momen unik mandalika77,1
rezeki lancar jaya hari berkat ahmadtoto alhamdulillahirobbil alamin,1
penasaran sama cerita orang orang menang besar mandalika77 akhir coba langsung dapet rezeki besar,1
gak ngabisin langsung gacir agustoto bener bener rezeki,1
parah agustoto bikin nagih banget susah henti,1
rezeki hari datang henti makasih banyak axl777,1
gue rela begadang main alexis17,1
cuy nama alexis17 unik banget,1
dora7 7bikin hidup warna cuan gak henti,1
agustoto tawar lingkung dukung dorong,1
gue rela begadang tiap malem main alexis star star,1
sgi88 is the best heart heart heart,1
main langsung dapet menang dora77 bener bener gacir,1
cari alam daring lancar agustotomungkin solusi,1
makan siang kantor bareng alexis17 kayak seru,1
jekpot koislot bikin tagih,1
main elegan cuan maksimal pluto88 emang kelas beda,1
modal receh jadi makswin gg sih,1
gak bosenin udah buka pulauwin,1
dibeliin papi ku singapura main pubg,1
main mandalika77 coba kali kali main situs mandalika77 bukti w3de3 akun ku benar deh ga nyedot situs,1
agustoto tiap maen hoki,1
main dora77 buka jalan jaja nasi goreng usaha sukses,1
sholawatin ajaaa tau ngasih,1
bedehhh body nya gaada lawan moga berkah terus ka channel nya,1
anjay mantep revolving hearts alexis revolving hearts main rebah kasur,1
jelajah dunia doyaa lihat tawar,1
dewadora mungkin cari hibur daring hot face cold face,1
cuan pu lau tujuh tujuh tujuh tuh mudah update status,1
asik pindah sana pindah sini aja terus temenku nyaranin main situs mandalika77 eh nyata beneran gacir dong,1
menang agustoto bikin mimpi nyata,1
gue udah cobain platform alexis17 gampang jackpotnya,1
semangat bosqu baik pluto88,1
gue sih udah ga move on alexis17 gacor bikin nagih parah,1
sering balik pulau777,1
rebah tidur cepet liat update an alexis17 aja pol,1
gak ngerti circle temen gue tau pulauwin,1
ken cepat kaya langsung coba axl777dan rasain jakpotnya,1
menang nya ga banyak penting ga bikin aku rungkad naik sikit quot lama lama jadi bukit bukti aku udah menang mandalika77 sambar sama kake zeusss wkkwkw,1
neng hari bangun2 kumpulin nyawa main mandalika77 langsung kasi wekwekwek,1
alam luar biasa tiap main ahmadtoto bener bener gacir,1
beneran deh zap alexis17 zap andal gue sekarang,1
keren abis alexis17,1
agustotomemang daebak jp nya bikin speechless,1
alexis17 selamat genting beneran,1
gua sih udah pasang alarm khusus buat jam gacor alexis yin,1
suara enak banget ni ki daus kayak vo iklan jadul,1
kacau banget dah main alexis17 baik,1
slotnya bikin nagih cuannya bikin kaya pluto88 the best,1
pulau777 bikin untung tiap hari wd jalan terus,1
kali maxwin kali ga ru da ho ki,1
hasil gacir main dora77 kecewa,1
anjay mantep revolving hearts alexis revolving hearts main slot nge unity,1
edan gue tau alexis17 oke,1
pepekpepek lah semua iklan poko mandalika77 paling gacir,1
alexis17 tuh emang bener bener ngasih peluang orang sultan dadak,1
main pawpaw4d untung senang,1
heran sih pulauwin nyentuh semua kalang gitu,1
alexis17 engga pelit petir,1
momen kilau mandalika77,1
kali sketer asli mantul banget,1
happy banget dapet rezeki agustoto bener bener puas,1
semangat bosqu baik probet855,1
asa maxwin habisp luto88 gacor habis,1
main sebentar aja langsung dapet rezeki besar keren banget agustoto,1
wah channel banyak sebut star alexis17 star,1
tiada tanding uda main alexis17,1
alexis17 bahas,1
wede kali sketer,1
pulau tempat menang kumpul,1
pawpaw4d main wadah sama digital,1
manut88 alam main fantastis,1
wih bilang alexis17 top markotop,1
mandalika tujuhtujuh bro gw main sini gak pakai janji palsu bro cuman sini gw sering menang,1
alexis yin bikin hidup gua ubah derajat tukang ojek jadi bos,1
banyak guna temu simba69sebagai sumber daya harga,1
jangan lewat sempat menang besar pulau,1
alexis17 sih heboh banget gila,1
allah moga komentar promosi dora77 panggil mu cepat amin,1
cair terus kakak mantap banget cuan sgi88,1
agustotoadalah platform rancang timbang guna,1
bawa pulang senyum mandalika77,1
keren banget rasa gak lengkap hari fire zap alexis17 zap fire,1
alexis yin tuh emang jadi andal gua kalo butuh dana cepet,1
gk bosan nya aku sama star alexis17,1
jackpot terus terus bikin happy king328 baik,1
kerja numpuk bikin stress butuh semangat alexis17,1
rame banget nih alexis17 tongkrong sih,1
haadiir selalu mas mandalika77,1
temen gue luar negeri aja tau pulauwin gokil,1
dewadora gacir bener tiap main aja jepe bikin nagih,1
gue pikir hype pulauwin rame,1
asli alexis17 bikin hidup gue simpel asli,1
kayak yutuber sponsorin pulauwin deh,1
alexis17 hibur tergokil,1
king328 baik,1
promo deposit bikin tambah hoki,1
coocaa best sih,1
gak senyum main pulau777 cua,1
cakep kali triangular flag on post weton88 triangular flag on post bravo,1
menang alexis dengar cerita orng,1
anjay mantep revolving hearts alexis revolving hearts main slot nge apple music,1
mandalika77 emang juara beri puas main cuan terus alir,1
dora bikin tagih ken main,1
asli the best pokok alexis17,1
semua temen kantor gue kepo sama alexis star star,1
gak sultan tajir pu lau tujuh tujuh tujuh,1
semua temen gue bilang alexis star star tuh bikin tagih,1
jakpot besar bikin aku makin percaya sama untung dora77 mask thermometer face,1
gacir abis udh wede,1
gacur dikit langsung jepe wede,1
best lah mandalika77,1
geloo s gi8 cair x100,1
kreator yg bahas ngarang banget game bikin orang bangkrut hrm,1
gila kasih menang terus mah main cuman miaw4d,1
gak nyangka menang king328 auto party,1
maen mah jangan tempat udah lama bro naik terus cobain baru mandalika77,1
dadak tajir berkah99,1
barusan ngecuan bowo77 juragan gas,1
guna temu dora7 sumber daya harga,1
sgi88 emang top markotop jp,1
ngerti alexis17 viral,1
pluto88 bikin lupa beban hidup hibur makna,1
gokil banget alexis yin bikin gua auto sultan minggu,1
kalo desain alexis17 juara,1
serius sampe mimpi gue bayang pulauwin,1
rezeki nomplok dora77 modal hasil,1
prediksi benar benar untung main pawpaw4d,1
pulauwin kayak mana mana resap banget,1
gila bener depo cepek ribu jadi cuan juta ahmadtoto top banget,1
sumpah baru pertama maen udh hoki,1
biar gaya cuan pu lau tujuh tujuh tujuh,1
gak perlu modal banyak buat sukses alexis star star,1
main dora bikin rezeki langsung gacir,1
udah wd juta emang baik pulau777,1
gk heran sih orang ngomongin alexis17,1
kalo pulauwin yg kasih duit,1
aero8 8memberikan sempat hubung agam orang,1
engga sia sia aku nemuin v alexis17 v gamenya baik,1
tanggung ga ru da ho ki udah bikin candu,1
wajib coba main bareng zap alexis17 zap selalu seru,1
rezeki henti dewadora makasih,1
pulau777 seru banget kata banyak untung sana,1
bonus alexis17 gokil sih,1
proses simpel cs ramah banget,1
rezeki aero8 bikin hari lebih senang thank you bowling,1
senang banget dapet rezeki hari dewadora laughing joy,1
sangat keren raih menang besar mlndalikl77 langsung libur luar negeri,1
busyet ngomongin alexis17 ikut kepo banget,1
jomblo mending jadi qasia99q setia ngasih cuan,1
gue sih udah ga heran kalo alexis17 trending medsos,1
