clean,label
hallo warga sipil sekali jam malam gue tunggu bukti santet orang kata pukul wib gue bakal kena jadi saksi sama live youtube,0
indonesia butuh orang orang spt lu bang gw respect,0
gin jabat publik rakyat nya dosa nya ngak buat diri nya aja biar sakit buat masyarakat,0
kupas terus,0
ayo bang semangatt,0
bang bang ga henti,0
teryata lindung negara,0
logika bodoh budi ari yg buat rekrut jahat nya sentuh,0
hati hati sama orang dekat bg,0
jgn sampe abis ruu siar disahin konten kaya gin bakal kena,0
mau tanya duit buat jokowi nda,0
bang coba kalo mau bahas habib baalwi yaman klo ga salah kata nih bohong masyarakat muslim masyarakat selalu percaya padahal uras pintar masyarakat pribumi,0
pak budi kan pernah klarifikasi fokus koperasi sekarang liat kan koperasi sukses liat aja tuh udah panen berapa milyar hasil koperasi judol coba tanyain bang kominfo ciduk kali aja ngasih kur buat bisnis judol,0
sad bor angkat jadi duta anti judi online,0
orang muslim gwa doa allah mulia bapak feri irwandi aamiiin semangat bang punch thumbsup,0
anak bhipuri zerpong yaa paranin aja rumah tau mana tuh anak,0
hacker byorka apa kabar,0
rezim pinokio hancur negeri jabat era bejat gilir yg lurus singkir tangkap tuh si budi arie si t jadi jabat,0
kandangin sampe kepala nya,0
eh btw dulu issue sampe bahas kalo serdi fambo lindung punya situs slot dg kode apa lah lupa,0
gue ga takut mati cuma gua gamau mati sia aja sih gila gue warga indonesia bangga bgt sama lu bg udh mau juang buat indonesia jauh lebih baik brantas terus perintah tikus kantor,0
tri zionis ngga sih,0
semangat bang,0
gunawan sadbor jadi duta anti judol lucu bet anying aowkaowkaow,0
mau tau fakta sedih orang yg kerja negara judi online sana bandar cukong yg ngebuat website judol tonton cengar cengir rasa sentuh kroco kayak kerja admin judolnya sih temen se circle ane yg sempet balik oktober lalu trus gak balik nyebut istilah lampu merah kayak salah satu cegah ngebuat si lampu merah kerja nya gak balik lg sono,0
influncer katak bhizer da n goyang sadbor jual beli beberapa situs yg backdoor distribusi url web judol sweat smile sweat smile,0
hukum mati laku bisnis judol lindung,0
jauh judol lindung bandar wkwkwk,0
bang kalo luh pernah dengar kata idn luh paham yg pertama basmi mau berapa situs link blokir perintah gak,0
al siapa thinking,0
judol pinjol emamg se rem guys bahkan udah rambat dunia didik dinas didik khusus segera berantas orang orang kerja bidang didik khusus jangan goda pinjol judol aneh guru ayom ayom,0
semangatttt jangan kalah jahat,0
santai bang aku ada pihak rang judi online,0
berantas pinjol,0
gile lembaga apa sarang tikus bobrok ga karu karuan,0
katak bijer gue aja lawan sini,0
mahal banget konten sehat sehat terus orang orang ada jalan benar tetap semangat,0
turun,0
ikan busuk otak,0
budi ary tanggung jawab jodol penjol kek curi data,0
bang ferry kalo gue mantan judi online situs gampang akses masalah utama kait transaksi bayar gampang bang harus dompet digital punya batas tentu si paling buat semua kalang gampang akses fire,0
rakyat udah miskin jodol penjol kek pelihara oknum cukup pinter alih perhati pak prabowo membumihanguskan biarpun macan kambing kelinci semua tangkap miskin hukum penjara,0
terima kasih atas semua juang bg ferry terfikirkan sgala resiko ungkap sisi gelap judi oknum perintah moga slalu lindung allah bg sekeluargaa terima kasih slalu edukasi kamiii heart,0
gua ga takut mati gua ga mau mati sia sia,0
bang lu berani bangeet joy joy,0
al siapa,0
yes judol emang ladang basah pas awala muncul sifat akses nya lalu internet kendali orang kalo emang perintah kemarin serius berantas judi online benar mudah kominfo nya saling kerja sama google indonesia kendali nya henti judol dulu yah lahan basah trus lah jaga budiariewajibdiperiksa hand,0
wow sombong sekali takut mati tunggu,0
segala bekinganya usut trs dah gk usah beking n,0
siapa yg nyuruh kdk zuma jadi tri,0
banyakin doa bang doa bang ferry orang yg juang tegak benar gak mudah banyak ancam,0
mungkin semua main aman endus tegak hukum negeri,0
mas irwandi vs timoty ronald lesgo,0
gantung semua,0
the next munir,0
tangkap budi are menteri tolol yg mngerti aiti jokowi asal nempati orang orang nya yg dukung mulyono projo kuruptor,0
projo pro judi online joy,0
knpa youtube org bahas kasus judol yg muncul iklan olymtrade,0
tu raffi ahmad yg promosi judi online tu coba tangkap,0
jelas pengaruh yg sangat besar ekonomi krn pengaruh daya beli masyarakat yg makin turun sulit cari celah usaha kecil tengah bawah,0
gua kaga ngerti judi meski tau situs emang ga main logika aja uang yg lu kumpulin cape lu taruh judi dgn kata untung an joy joy buah bodoh yg laku manusia sadar penuh,0
inisial al open mouth spil kolom komentar,0
sikaaat terus bang,0
mulyono tertawa lihat joy joy,0
al,0
ndak harap negri tuju baik siapa mimpi negri rusak rezim mulyono kemarin,0
pinjol ngak resmi cabang judol jadi siapa judol tawar pinjol,0
judi hama,0
bawa kayak profesor money heist thumbsup,0
pakar hukum aparat tegak hukum sadar kalian kasus judol narkoba dlm rangka miskin bodoh jangka panjang yg akhir runtuh bangsa nkri harap tega hukum utk lindung anak anak bangsa indonesia depan hancur semua sarang judol narkoba bumi indonesia,0
tenang pak prabowo mulai nyala mesin perang mafia judol pasu sus siap,0
budi arie pernah bilang kalau gibran kalah semua masuk penjara lupa prabowo memang beda,0
dukung mas fery buat jadi anggota dpr ri,0
bang gw hormat sama lu berani speak up soal masalah gw sendiri beberapa kali ketemu beberapa judi online emang kondisi parah banget moga perintah lebih tegas,0
moga polri jamin selamat lu bg tetap semangat suara benar bangsa,0
jadi menteri kominfo aja bang gue dukung lo brantas judi online,0
ingat kubur suara lebih keras atas bumi kata kata mungkin bukti ferry irwandi tiba tiba hilang misterius bongkar kedok bobrok resiko besar tan malaka dulu,0
gass bongkarr smuanya,0
maen dota ga bang,0
selamat gagal jadi duta anti judol sadbor juara artis endorse judol selamat mampusrakyat,0
siapa dimaksut inisial al man teman teman,0
moga kelak anak turun gw ikut cara pola pikir kritis santuy kultural kek abang ferry heart,0
kalau putar uang nya kontribusi penting kalangat elite sangat tsm,0
moga pinjol dapat perhati khusus efek domino nya masyarakat sangat asa,0
lanjut boss,0
banggg buat filmm,0
segera bongkar kalian lihat uang hasil jahat jaman rejim kemarin masuk rekening bank tumpuk tempat khusus jumlah banyak mungkin lacak ppatk ojk kali hayo bongkar,0
kalo judol blokir bagaiamana situs porno gak blokir nanya sweat smile,0
reels ig banyak yg kandung wm judol kalau report apa bakal direspon,0
banh vibes lu kok selalu kek the professor money heist,0
projo singkat pro judi online jadi mulai sekarang kalo orang yg aku projo kait projo jahat darah shah tumpah buat rusa,0
umkm masuk sangat dampak judol era pandemi surfive era judol mati semua gada uang putar masyarakat uang lari semua kamboja,0
gk sih jabat tinggi nya tanggung jawab trus konsorsium yg bilang sambo kek gmn bukti,0
pantau terus bang bukan cerita denger ngeri efek barang level kampung bnyk cerita kelaurga hancur akhir hidup karna judi online,0
ayo rang judol sunggguh menghncurkan negara dalm imbas judol sungguh luar biasa kriminal jerat hutang bangkrut habis habis hingga bunuh diri broken home,0
hukum minimal umur hidup,0
jt bulan padahal berita baru bandar judol untung miliar per hari joy joy joy joy,0
gila masuk akun medsos org ngebegal akun buat promoin judol,0
bang aman enggk keluh yg aneh soal firasat jelek,0
keren video nya bang ferry,0
baca baca komennya uang nya kembali masuk korban langsung terimakasi,0
bantu up muncul beranda kalian semua heart,0
jt per situs bang info ordal,0
satu kata judi online lawan,0
benar,0
balik gua sini sekali kelas negara backing siapa yg hambat and then cuti kerja lama beberapa bulan and then balik cuma masyrakat bodoh lupa bagai kasus masuk judol,0
si professor,0
menang besar henti blush,0
org yg dislike bandar apa salah nya pak budi arie sweat smile,0
judi hanya buah main main orang orang sifat primitif pikir masa depan black joker mahjong spades,0
makin yakin yg jajah jarah kaya tanah lama abad bukan bangsa asing bukan belanda cina orang lokal kuat tanah sendiri yg milik power sempat expressionless,0
bang ferry kan back up nyq gede channel bawah naung close the door nya deddy corbuzer blush,0
bangsat kominfo lindung judol ulah balik data jebol pinjol yg raja lela negeri kalau benar memang benar bangsat,0
mana nih org tolol yg debat dgn gw konten belah yg bilang judol bukan blokir main nya yg sadar tuh udh jawab klu emg niat mau berantas gk sulit kok tinggal blokir semua selesai yg mau tolak cuan yg besar gk bukti kepala nya aja ikut beking makanya tolol simpen diri sendiri aja jgn sok debat tolol sweat smile sweat smile moga dgn presiden sekarang judol berantas betul kata bung ferry gk perlu harap lebih yg ttp dukung klu baik blush moga yg tolol debat konten belah baca nih koment gw yuk gw kasih cerah biar pintar sweat smile,0
menkontol bodoh rakyat rakyat bodoh percaya judi online bisnis lotre,0
keren bang rupa gera pak prabowo tau mas deddy orang balik layar suara mas ferry ikut,0
cuma orang buruh pabrik lelah lihat teman rungkad terus akhir pinjam dulu gabalik balik moga partisipasi berantas judol bdh ayo teman teman ikut bantu bang ferry tambah semangat fire fire fire,0
curht dikit temen gw candu judi temen yg loyal banget tongkrong gw slalu ngingetin tpi dalih cuman dikit dikit doang gw gk percay sih ama perkataanya bilng mau udahan tpi bulan depan kumat aku kudu gimana bwat bantu sadarin cry,0
gw yakin hapir semua org punya circle yg kena dampak judol gw udah keluarga yg tumbang cuma gegara judol,0
teman teman tonton film no more bets bakal ga nyangka begitu struktur nya bandar judi online,0
dramatisir sweat smile,0
kok mau judi online klo pake logika kan sistem bangun tuju manipulasi atur demikian rupa jadi kalian ndak menang kaya lalu judol,0
kenal tempat kerja aja banyak yg main judi online bilang masuk kuping kanan keluar kuping kiri gilir akhir bulan ngemis minta makan padahal gaji sama dipikirin kalo temen aja yg rata cuma pegang hp internet lebih gaptek akses berat emang sistem blokir wadidaw,0
lo mirip professor money heist bang rencana bang gw ikut pokok code name gw solo,0
epic content,0
sweeping impostor instansi lanjut,0
orang tolil maen judol inget judi main orang kaya gabut uda miskin maen judol harap ken kaya instant pls be a smart lingkung gw banyak hancur hidup gara judol jadi stop maen judi klo loe ga kaya raya yg punya aset turun,0
al siapa agus,0
orang penjara dlm waktu lama miskin,0
please jagain ketat paylater paylater sana paylater jd sumber dana utama bwt judol bwt dapetnya sgt mudah,0
pahlawan saluting face saluting face saluting face,0
klo cuma blokir bikin situs model lebih bagus klo tangkap lindung nya percuma memang korban baru klo tangkap bandar judol selesai utuh tanya berani tangkap bandar memang kaya raya over power,0
wkwkwk ngebahas dota,0
persetan orang libat judol,0
bener bener el professor nyata terimakasih ferry irwandi,0
juang negeri,0
yg cerita ngibul bang lu pas kecil kan judi online,0
semangat mas feri,0
siapa al spill dong,0
moga abang lindung terus orang orang jahat allah,0
kok negara rugi,0
sang lindung judol malah jadi tri joy,0
iya ih bang ferry temenku dulu sering bilang campur tangan perintah sekarang tahu nyata,0
kupas tuntas bang ferry biar korban jerumus,0
bung ferry cinta konten sampah bung ferry saji informasi umum yg benar tahu lalu analisa informasi media mainstream butuh informasi kelas intelijen yg saudara punya konten cukup buat bandar ingin bunuh saudara,0
zaman jokowi d bentuk satgas judol tp judol malah makin rajalela kini libat jabat kominfo sbgai lindung joy joy,0
jadi kawan kalo da yg ingat udil singgug streamer yg trima saweria situs judol nak lgsung udil dserang komen hate kan lucu,0
heart nasib pak budi gak libat rana pak budi skrg sibuk urus ekonomi indonesia menteri justice pak budi jujur orang harap mulyono,0
yg nyaranin main judol dapet bantu masuk komplot gk sih,0
buat teman sekali bantu unfollow lapor halaman page akun sosmed fb tiktok ig nyolong video orang lalu tempel foto sponsor judol enggak laku buat bersih sosmed terus muncul enggak usaha buat lindung ntah orang luar sana biar jerumus tentu lindung ekonomi biar uang keluar negeri,0
tetep si budiasu mafia balik pelimdung judol,0
semangat bro juang jaga saudara teman dekat main judol speak lawan mafia judol merdeka,0
pak prabowo bantu hancur perintah,0
semangat bang smg yg juang benar mudah yme semua yg msh waras akal sehat jadi dukung semangat,0
alhamdulillah bulan an gak maen judol karna aku gak umur ku yg bilang muda gak mau masa tua ku penuh sesal karna judi online moga lepas judi online lama lama buat kalian yg maen moga henti lama,0
hsnya allah punya kuasa adil,0
semangat bang bongkar judol sikat akar nya tetap berita benar,0
mantap bang tunggu orang pake rompi oren,0
yg khawatir yg cari sama pihak yg sangkut bahkan bukan mas ferrynya orang dekat mbayanginnya aja ngeri stay safe mas ferry,0
siap bang gw,0
main logika kerucut kasus mungkin simpul si mantan menteri tercintah benar tahu apa soal perlidungan websit judol benar nyata simpul kalau memang kerja sangat buruk masa awas anak buah sama sekali simpul kalau beliau awas benar jalan harus tau emang niat aja berantas simpul ga kompetensi awas zonk emang tau ga mau urus note yes mungkin kalau ikut kena ciprat suap tp sini mau asumsi yg masuk akal positif,0
siapa tuh al,0
pahlawan,0
al siapa bang,0
skeptis semua sandera bu menteri dulu komisi ketua malah bangsa terang an tega mengekspoitasi bangsa sendiri mending fir aun,0
terimakasih atas usaha mas heart,0
batman irl aselii fire fire fire,0
tangkap rampok uang rakyat,0
gua harap rasa kecewa kesal atas masalah orang orang buat jalan lancar semua giat perjud an jadi semangat buat masyarakat berantas hukum semua libat usaha ilegal sia orang apa jabat wajib adil,0
rugi judol sisa lunas utang negara,0
perintah masuk operator tegak hukum paham maksud pray,0
baik lu bang moga lindung bahaya maklum judol duit gede ngelakuin apa aja,0
revolusi,0
tlg bahas bang kasus import gula import gula dah sekarang cuma yg kasus kalau bilang th surplus sendiri kayak ga masuk akal tahun sudah minus,0
fiiamnaillah,0
hajar terus pak dukung persen bantu doa action kalau judi judol banyak rusak keluarga besar lingkung sayaa saluting face saluting face,0
simpan data kau tak pandai lindung juday engkau lihai,0
allahu akbar hebat loe bang jihad bukan perang angkat senjata lawan bathilan mungkar bagi jihad inshaallah kalau mati dg yg juang moga syahid,0
sama mu kawan,0
fire fire fire fire fire fire fire fire muscle muscle muscle muscle,0
danny aman polisi promosi judol joy joy,0
terima kasih,0
orang orang main judi online rasa keren rokok,0
si bangsat budi arie kapan ketangkep nya sih jujur kecewa gw knp pak prabowo angkat si anjing jd menteri,0
paling tanggung jawab atas libat jabat komdigi jadi lindung judol ari budi jadi wilayah jajar kominfo periode belum keminfo laku biar kalau budi ari jabat menteri henti,0
sehat selalu buat lu bang aamiin,0
abis bang ferry dm sama orang orang benci bang ferry swmangat bang jangan patah semangat,0
who is al,0
panjang umur juang fire fire fire,0
percuma byk podcast tdk hukum keras judol tetap jaya,0
semua jga faham kominfo sidoarjo suara pondok buron macam gempa bumi sunam liat aja d dlm pondok dgn alamat rt rw kel tanggul kulon kec wonoayu kab sidoarjo jatim atas nama suhani kendah yg nyewa lalu cmt lah yg bayar kominfo semua masarakat jga lapor masuk kel bsr pns kdri lapor pondok tsbt masuk korban yg d rmpok lapor pondok tsbt tp bajing pondok tsbt guna uang rmpokan kriminal kel pns kdri bangsat betul pondok tsbt jd semua umat manusia yg d indonesia bahkan negara d dunia semua faham tau kebiadapan pondok tsbt d garis tkp pns kdri tdk punya hutang thdp pondok tsbt semua masarakat d ajak ngrampok dgn cara ngroyok sana ngroyok sini kemudian masarakat d ajak fitnah kel pns kdri yyg kuasa d indoneisia presiden pondok bang kok masarakat takut d ancam pondok kok d biar pondok sebut rame serbu pondok ters cry ebut tendang ajak polresta malah kabur berat memang d biar pondok tsbt polisi ada culi ancam terus terus,0
dukung mu fist,0
sikat habis bang,0
lucu jadi menteri lebih koperasi banyak duit,0
lu banyak nonton money heist bang sweat smile,0
hidup yg taruh tdk pernah menang punch anak bangsa selalu belakang mu heart heart heart,0
awas bang lock orang,0
adil si budi ari,0
gue bang gue benci judol temen gue ampe jatuh miskin gara gara judi online,0
benar bukan judol sih bang pinjol masuk blush,0
nyata banyak penghianat bangsa face with symbols over mouth,0
lebih parah narkoba hukaman edar narkoba indonesia hukum mati hukum bandar judol lebih tegas hukum mati,0
bang ferry mau cerita bagaimana judol hancur keluarga abang rintis usaha konter hp tahun lebih dapat bersih capai jt bulan usaha sia sia tahun jatuh lubang jebak judol bukan cuma bisnis hancur rumah tanah orangtua habis gadai jual tahu orangtua keluarga abang cerai berai mantan istri tahu kalau abang suka judol keluarga punya apa apa baru lulus kuliah pikir panjang nekat luar negeri walaupun kerja sering anggap remeh orang orang sangat paksa tanggal ego tuntut ekonomi,0
kan masalah sweat smile tada,0
sadbor bui si denny cagur gak ditangkep kq bsa yah g gk benci sama denny cagur tpi hukum adil dong,0
judol lokal doank kan bang ciduk judol luar gimana berita coba cek deh bang ato mungkin judol luar ikut andil nyiduk judol lokal cuma pake vpn udah main inti cuma pindah putar cuan lokal luar sweat smile,0
kalo tanya menteri belum ngapain jawab gak ngapa ngapain data breacing aja gak tau malah ikut lindung,0
ikut nyimak aja,0
akhir up,0
semua hidup dunia mati tuhan jangan pernah mau mati sia respact besar buat kamu bang tuhan selalu lindung kamu bang,0
memang logis gak mungkin operasi gede jalan mulus kalo gak pantau or bahkan gak tahu yg punya power kasih lampu ijo putar duit gede banget level jabat yg ikut pasti gak mungkin kelas rendah,0
mungkin stelah punya anak critical thingking gw paling tajam kena nasib anak gw paling iba banget kalo liat anak kurang kalo anak hidup susah akibat tolol ortunya ikut judi online fix akal cuman jengkal mayoritas mimpi ken cepat kaya mau kerja keras nyata ini mayoritas duduk negara ber iq parah lindung judol jabat kalo kondisi gak ubah paling yakin kalau indonesia cemas,0
mas feri salah orang yg punya jiwa api hokage fire fire fire,0
judol kontoll orang goblok yg main yg menang tetep bandar rugi member rofl rofl rofl hey admin yg gk terima sini komen gua bongkar sistem curang luu face with hand over mouth,0
inisial al siapa,0
al yg tau siapa hueehhehehhehe,0
aparat wajaib telusur alir dana judol budi arie projo perlu wajib priksa,0
klo jhl tangkap baru gw percaya judol mau berantas joy joy joy,0
fb ig tiktok bahkan ytb short aja video yg pakai wm judol harus mulai situ dulu berantas judol,0
orang yg udah nyemplung judol susah banget bilangin sih moyai kalo blokir nyari macem cara buat judol,0
ferry is goat goat goat,0
kawan kawan yanga judi udahan yu uang pakai beli baso pakai jajan warung pakai jajan pasar minggu biar bantu banyak orang,0
apa laku menteri dahulu dpt duit tada,0
salut sama orang yg buat video sangat edukasi aku orang aku tau aku smp tahun aku sangat salut konten edukasi terimakasih partying face tada heart,0
player dota nyata wkwkwkw,0
korban judi online siapa aja loh jadi orang tua jadi kakak adik jadi saudara gua punya kakak laki laki punya anak arti orang anak ponakan gua gua sayang banget sama ponakan ponakan gua bayangin kalo kakak gua jerat judi online dampak sangat besar sekali jadi dampak gua saudara gua yg bahkan anak anak cry yuk sadar kalo judi online bahaya udah tara narkoba,0
waduuuh bahaya bgt siih bahas bg gw bantu share bg,0
orang gak besar bro balik kasus judol awa kecil,0
orang sang raja bos jangan buat sang raja murka lu,0
heart heart heart heart,0
ga bayang jadi bung ferry tekan sana sini banyak banyakk banget bung santai lantang sampai benar moga doa doa baik masyarakat lindung keluarga mana ada salam hormat raised hands fire,0
bahas sabu bang,0
up,0
dana ovo pintu transaksi joy,0
sehat fer terima kasih semua yg udah lu lakuin buat indonesia,0
kemarin dapet gratifikasi jet usaha judol ikut lu perangin bang,0
hukum indonesia hukum kentut,0
semua uang anak istri joy joy joy,0
kasi katak jauh jauh lari kamboja padahal indo banyak temenya wkwkw,0
kok susah bangat yaaa diomongin orang kek gitu padhal udah jelas banget udaaah rugiii banyak banget bukan henti malah harap uang hilang bakal dibalikin hhhhh udahhlah semua udah disetting bandarr nyaaaa kok mau depoo kan begoooo bangettt anj,0
mana baru kerja bbrp minggu aja udh ktauan praktik judol tpi menteri yg lama tahun ga tindak memang lindung si budi perintah aja kasus pdn udh aneh sih yakali org kena kasus malah dpt harga skull crossbones,0
udah banyak rakyat model halu rebah ngimpi gede ehhh kasih jalan setan yg lindung jabat buat bikin tambah haluuu klop dah joy joy joy joy joy joy,0
lanjut bikin koperasi judol orang yg nyimpen uang koperasi dana investasi dlm bntuk judol,0
nsrkoba ga pnh bahas pdhl transaksi narkoba jauh lbh besar bahkan sasar anak skolahan bahkan hampir mana pst bandar narkoboy bahkan jaring narkoboy lbh byk sekitar masyarakat napa tindak sama judol,0
kawal teruss,0
musnah judi online selalu lama,0
bismillah tetap semangat bang abang luar biasa keren moga usaha abang ikut sama abang abang kaka kaka yg nya,0
bg coba tegur influencer youtube bikin konten kait judi online jg yg nama channel youtube nya new gubuk sloter s coba kasih ingat bg karna subscribeer nya udh rb lebih game yg main nya sangat resah karna game kedok judi online jg bg beli chip top up moga dengar bg karna game sangat buat orang yg kenal hancur,0
semangat bang thumbsup thumbsup thumbsup fire fire thumbsup thumbsup thumbsup nyala abangkuuu thumbsup,0
gue laik suami kakak gue aparat salah satu pasu elit tagih main game judol malah jadi jual chip kasihan kakak gue sampe cari duit sendiri anak moga judol indo hapus oknum nya tangkap lalu hukum m ti,0
selamat jalan ferry juang selalu kenang,0
wah gila sih manusia yg akal mesti bener ngelindungin bang ferry gak sih frontal beliau jadi inceran banyak jahat das negara gimana biar ngejaga aman bang ferry gw ikut andil dah walopun gw orang pelosok tetep gw usahain,0
mantap bang selalu dukung konten walaupun kontribusi sangat kecil,0
temen kerja bundir tempat kerja gara gara judol,0
sehat semangat terus buat abang team saluting face respect,0
mulai kritis akun akun instagram yg watermark judol lawan,0
last kalimat buka juang kan dasar neraka sekalipun hmmm,0
salut banget gw ama kberanian lu bang fire fire fire,0
fight,0
trus gimana cara big bos besar jual beli kan situs judol sebut hilang jejak big bos besar kendali luar negeri jadi yg tangkap hanya bandar kecil yg beli situs judol sebut yg tangkap beberapa waktu lalu aku ter sebut blush blush blush blush,0
sama bung,0
albert lucius ceo kudo,0
yg betul dlm kasus joy lama lihat chanel abang nyata konsisten lawan judol,0
sekarang anak muda bicara fakta angkat voc tara dajjal hirup debu tanah,0
joss,0
marak judol dampak smpai dunia didik banyak mahasiswa yg papar judol kuliah makin gk jelas merugikn org tua,0
banyak judol parrahhh blush,0
moga jalan perintah moga depan pimpin indonesia buat indonesia lebih baik baik buat cucu cicit indonesia semua ayu kasih dukung semua nya,0
gw tuju banget judol berantas gak tau suatu ssat keluarga teman korban pola benar jelas orang malah tugas berantas malah libat lindung jangan lupa luar negri perlu berantas,0
terimakasih papar nya bang fer bener bener mudah cerna smoga pihak pihak kait masyarakat sadar buruk judol berantas nya crossed swords,0
berantas situs rasa tanam pondasi yg baik generasi sangat penting,0
coba kasih bang fery jabat mau liat tahan sama prinsip apa engga,0
coffeezilla versi indonesia respect,0
please gue jadi stres gara judol pinjol banyak udh banyak utang buat kalian maen judol lebih baik kalian henti kalian akhir cry,0
al siapa uda,0
pak presiden beri abang lindung jaga baik baik lebih harga bangsa darpida gudang pegawai kominfo doakn kau sehat tetap kuat bang ferry,0
gateway nya not found al anake lambe turah,0
lu akhir akhir rem bang rofl rofl rofl rofl,0
broo gua suara anti judol bahkan gua ribut sahabat gua gua gak mau sungkur ulah bodoh gua apk live promosiin selalu gua maki maki fire anti judi bentuk apa,0
satu kata sontoloyo,0
ferryirwandi juang bersih judol brorondm juang piutang vendor bumn,0
judol jajah,0
data perintah ttg data warga bobol org indo yg kerja singapore mau bantuin tolak tri info laku orang lomba cyber adakan perintah tiap tahun aneh nya tak satu yg rekrut jawab sekarang joy joy semua judol yg laku org kominfo,0
asa lebih keren potong gondrong sama brewok apa sengaja biar gk kena santet awkwowkwok,0
bg treding for x mnurut lu gmn bg,0
alhamdulillah syukur banget dulu sampe sekarang kaga mau kenal judi mau upa apa bahkan sampe sekarang slot joy,0
lawan judol kawan kawan tetap periksa budiarie,0
ganyang al,0
jabat kata apa yg rakyat dengar bkan yg sungguh,0
malu y makan uang haram bela diri y,0
mantap bang,0
kayak nya judol indonesia gk henti,0
inisial al,0
bang lu mirip profesor yg film money heist,0
pernah kerja sama bos judol dijakarta bagi narikin duit atm minggu bs m kumpul,0
gw udah kali kali nyuruh temen gw henti main judol mas keras kepala tiap kalah selalu ngeluh gw sampe gw muak suruh renti gak mau jadi gw sangat harap kalo judol cepat berantas,0
moga bangsa terus terus ajar hadap selesai bagai macam banyak masalah makin tinggi pohon makin kencang angin yg terpa,0
siapa al,0
bang indikasi oknum aparat main,0
smua setor setor n setor,0
jangan lupa komentator sepak bola guna jersey sponsor judi online grin,0
budi kntl,0
si botak pascol ko gak tangkap padahal promosi judol,0
liem,0
usut tuntas kata presiden siapa libat sikat habis masuk mantan menteri sangkut masalah judol,0
langsung aq sub bentuk dukung kecil chanel moga lelah rang judol,0
ledak judi pinjol bandar sabu mantap tegak hukum indonesia nyala,0
keren btw bang jenggot,0
join the force satu langkah yg teman laku tiap nemu konten yg sponsor judol langsung report apa siapa,0
tst uang kok lawan grinning,0
mass ferry is goated goat crown fire,0
tuhan kira lindung org bener,0
kadang bingung sama orang orang main jud l udah kalah ratus ribu hingga juta malah main lho tanya udah kalah kok main jawab anggap aja tabung fak tabung,0
baru ungkap masa pak prabowo,0
terus buka jelas rakyat sipil benar atas zalim negeri,0
bang lo sehat terus,0
keren mas semangat semua dukung mas,0
spill al,0
dota judi betting online sih udah kyk sodara sih,0
sehat sehat bang ferry moga selalu lindung allah,0
ga komen live komen sini santet dengerin lagu tears do not fall kalau pusing muntah muntah kabar bang cuma media,0
jadi ingat mantan ketua dpr kena kasus ektp jedot benjol pernah suatau waktu temu teman betul nyata orang metro tipi sempat diskus hujung debat sebut mungkin ybs sebut masuk bui tangkap orang sebut licin tp yakin sebentar tangkap drama khas nya betul ybs tangkap aparat selang minggu coba kontak teman sebut sayang sekali sulit kontak bahkan dm ig nya respon ybs kira ex tri sebut tangkap jadi wishtleblower,0
budie arie rawan jokowi yg tunjuk jadi ketua konminfo jokowi judol yg udah bikin banyak orang bunuh diri bunuh indonesia tau kan dosa nya ngalir siapa,0
mohon doa moga aparat anchor lekas tindak enggak beri azab udah jadi milik beking tempat judi kampung sekitar pray,0
salah satu sebab gue fans sama lu bang semangat bang ferry,0
judi online usak serius mau nanya rusak orang nya apa judi online nya stop lah berfikir faktor x buat diri lu rusak ghost,0
bismillah mudah xan berantas judi online ekonomi negara jadi lebih baik nb dah nganggur tahun usaha dah mampus xan nyari gawe kagak wkwkwk masa mau cara haram buakakakak indonesiatidakbaikbaiksaja,0
budi ari projo kandangin,0
hari berita judol naik judi togel darat udah tutup duluan mungkin besar beking bandar udah tau duluan seperti rada takut,0
collab sama maa ade mas,0
gegara nonton gw subscribed lu bang gaas terossss ampe punah judol,0
boom,0
ojk kominfo anj ng semua,0
hayoo dukung berantas anjing judol perintah masyarakat,0
mayoritas orang nalas mikir mending tiktokan aja,0
akibat judol perputarn ekonomi kelas tengah bawah putar banyak uang kalang tengah bawah masuk rekening bandar judol nominal nya kecil per orang rb hari kalau kali jt orang contoh nya,0
al calon gubernur jateng,0
ayo rakyat ganyang lindung judol yg bikin rakyat miskin,0
budi budiii kamu lebih baik budiono siregar si kapal lewd,0
interpol ikut andil tangkap jaring judol kamboja,0
ramal indonesia emas gimana mau emas perintah aja korup masak judol lindung pantes aja gak ilang ilang tuh situs,0
kasi bandar judi kalo gk judi online indonesia,0
professional full stack programmer nyata judi online bukan judi tipu online segala aplikasi sangat mudah atur si app owner segala yg muncul sosmed atur kalo info algoritma judol bagai datang sarana pancing orang bodoh main,0
lengkap ferry irwandi jadi the professor la casa de papel sangat cermin film bongkar busuk masyarakat juang hak hak rakyat opening sangat baik tetap teguh jangan gentar,0
moga allah meridhoi,0
gw heran bang fer sadbor cman x ngucap gr ketangkep sedangkang influencer mlbb ngucap kali kali aman aja cukup ngucap maaf selesai gin hukum negeri,0
busset bang fery tangan kanan deddy cobuzier nih,0
indonesia uang yg bicara,0
siapa sisok al,0
ijabah doa gua sbagi mitra transportasi online kerja cuma cengar cengir,0
sehat sehat bro tetap waspada pasang mata telinga bukan tepi jurang atas duri,0
virus paling bahaya nama judol virus mati mampu pikir logis rasa empati diri sendiri orang buat uang indonesia pindah negara,0
jadi budi arie kamuflase teriak berantas judi tp fakta orang tri yg jaga semua joy,0
rakyat benara rasa janggal membuktikanya yg beda mau sampai perkara gak bukti bukti yg bs terima pihak emang bs apa rakyat bukti kezoliman firaun n keron cemar nama baik senjata baik penjara masyarakat padahal nama baik apa yg milik setan,0
bukti judol jalan dlm thn dgn aman malah judol makin subur kuat gilaaa,0
satu kata biadab belakang mu bang,0
mantap bang thumbsup semangat muscle,0
tangkap budi arie ganti rugi data yg bocor,0
gas terus om orang selalu ingat temen gw gw ingetin katain sok alim udah gw diemin gw udah bilangin kalo gak udah ngilang pelan pelan aja,0
stramer game kemarin bebas well,0
untung waktu kecil dulu tanya bapak soal judi satu bapak bilang main judi menang bandar bisnis kamu menang cuma awal kalimat selalu ngiang telinga sekarang,0
kawal bang ferry,0
semangat bang konten aku muak sama judol,0
selamat bangsa,0
gk ngerti orang yg main judol pdhl judol buat manusia which is dikendaliin menang kalahhnya manusia,0
gw judol masalah personal jadi salah satu klien gw universitas swasta lumayan gede gw megang infrastruktur website bangke nya web universitas sering banget ngedeface web kampus jadi judol jujur gw jadi ga tidur nyenyak malem gara waktu hacker judol aksi,0
puluh ribu web website judol berantas kalau perintah mau serius andil anak muda faham it web dev,0
yg rusak negara memang sendiri miris,0
miris kes lempar tanggungjawab warga sipil harus bilang masyarakat ngadu k minf p lri kalo kerja k minf benar adu atas punya pegawai dgn mampu yg mumpuni kok bidang bukti emang lindung situs judol well said this is the point,0
heran nya judol bnyk yg mainin mayoritas rakyat tengah bawah,0
budi arie cuci tangan like literally cuci tangan pake sabun bukan sindir sumpah,0
support bg ferry raised hands,0
alice guo gubernur filipina sangat suka rakyat n next presiden tangkap nyata mata china dana seluruh giat politik bisnis gelap salah satu judi yuk mas kawal kasus selesai,0
bang bahas logical fallacy dong biar orang paham gk salah simpul kesan bodoh bgt,0
gua jd curiga soal pinjol ilegal orang ojk jg lindung laku,0
busukkkkk jabat makan uang rakyat,0
heart fire fire fire,0
bung ferry sekali angkat pinjol sangat resah rugi masyarakat kecil,0
aduh duh budi ari memnteri bobrok kok pilih jadi menteri apa ga kandidat lebih mutu weary,0
den cagur promosi judol cok kaget gua terang terang huft,0
lanjut bang kan cuma sampai,0
thumbsup,0
rispect bang index pointing at the viewer judol emang sakit tengah masyarakat sembuh,0
wkwkw perintah aja main sweat smile,0
operasi cuci tangan isu,0
gua dukung elu bang,0
semangat tada,0
support ferry irwandi fire fire fire,0
mau jabat tahta harta masalah resiko tanggung jawab ntar nunggu aja mood tada gua join aliansi lho bang gass,0
lo lebih berani bruce wayne yg lawan takut bg,0
kasih uang lewat pinjol ambil lewat judol padahal milik pinjol judol sama udah dpt bunga super tinggi pinjol dapet sapi perah judol bisnis paling profitable milik pinjol judol,0
seperti wasiat yg mngerikan,0
terima kasih juang fer tahun lalu hilang kakak kandung tinggal stress berat krn pinjol beliau tinggal istri anak bawah umur please angkat soal mafia pinjol krn lapis tengah bawah pinjol judol hancur bangsa,0
bukan judi masalah narkoba miras banyak jadi biar dampak nya masyarakat bawah semua gantung niat pimpin bangsa jiwa besar gak benar tuntas soal sepele nama judi narkoba miras,0
al saha,0
bang cancel ericko lim udah mulai kasi panggung stelah terang terang promosi judol,0
kelak saling dorong masuk jahanam kekal lama lama,0
ngawan judi online iklan pinjol sweat smile,0
deny cagur tuh bg promosi judol lewat sosemed sweat smile sweat smile,0
al dekat kuasa politik jadi ahmad lutfi teman sambo al kan dekat dngn wiwi dn sekrng lg nyagub jateng,0
jihad yg allah kasih pahala syahid bang moga allah lindung abang maut tang allah swt tp ttep waspada jgn mau kasi mkn org paket dijln lebih waspada lebih pasrah sm allah,0
mantan cs judol kamboja pokok kalo kalean punya teman kerja dikamboja nya kerja jadi cs judol depo wd sama live chat sarang judi kamboja,0
tetangga desa karet camat sumpiuh kabupaten banyumas bundir tanggal kemaren telusur hp nya nyata banyak riwayat situs judol nya,0
salut gue sama berani lu bg moga konsisten yg pikir waras terus dukung berantas judi judi bangsat betapa berat juang depan,0
tangkap budi arie,0
cba cari info yg usul beri blt korban judi online,0
kota gw akhir banyak yg bundir gara pinjol judol apa yg kayak gin biar,0
jangan masak speaking head fire fire,0
iklan loe main,0
nunggu tanggap bro ferry,0
soorry kak bukan myanmar kamboja,0
mau bantu,0
kmi tunggu abang buat video rahasia jual beli bitcoin alcoin sweat smile,0
gak sia sia ngikutin mas fery smg makin cerah,0
bg coba buat konten mafia be cuk i kan abg mantan pns uang banyak sedikit tau barang impor yg ilegal masuk indonesia yg mana banyak berita,0
streamer ml ga tuh sweat smile,0
bantu up trending,0
kandangin ba,0
kemarin om benix tutup youtube gara ngata in ojk kominfo gara masalah saham sekarang om fery yg berani tetang an ngatain konminfo liat kelanjutanya,0
konsistensi judol benar mendptkan respect nonton film china no more bets judol memng beking luar biasa org kuat negara mungkin ga seh pemberntasan judol bertjuan hilang saing bisnis org baru yg masuk kesana,0
sepakat berantas judol bang,0
fufufafa doktor tuh,0
bos rambut panjang sering k kaltim tuh skrang emng kamboja tuh bner bnget masuk sponsor besar mah,0
sehat sehat bang ferry segala gebrak sangat butuh selalu dukung,0
emang babi judol,0
aku salah satu bagi aliansi bang fire,0
sehat selalu bang fery,0
gass ds fer,0
iklan meta sekarang isi judol gak sih iklan bayar sosmed indo filter,0
sahabat gua sama bang punya tabung buat rencana nikah tahun cebur judol gegara temen kerja main sekali modal menang hampir juta awal bencana tabung nikah kuras habis cry udah cape ingetin selalu alesannya menang kan balik lebih sampe akhir gua cape sadar apa yakk tabung habis punya hutang,0
moga judolnbisa hilang dri indonesia lama,0
sadbor tangkap artis yg promosiin judol kaga sentuh perintah kontol,0
terus juang lawan judol,0
projudionline,0
datang presiden solo minta izin menangkat orang bapak mulyono pernah jadi ketua projo bpk budi ari buka pintu beri fakta hasil judi online banyak nikmat orang orang kostum merah hitam asumsi,0
emang tri sektor apa si percaya negara konaha dikonoha mah rakyat cuma jadi sapi perah joy joy joy,0
moga abang tim sehat selalu fire fire fire,0
spil inisial al yg kalian tau dong komen,0
judol suruh berantas malah lindung kelola salah paham salah didik gak erti bahasa indonesia bagaimana penting didik,0
kalo tri nerima setor terus lanjut nyetor gk mungkin sama tri dong atas dong dong,0
temen kerja w lebih parah bang dah miskin maen judi online makin melarat resign gara gara judol buat bayar utang ngarepin uang bpjs tenaga kerja,0
judul lagu intro nya apa mas ferry,0
lukeren bang blush,0
bang bantai pornografi,0
halmahera tengah tempat industri nikel banyak teman kecamduan judi online pas gaji depo tengah bulan men cari pinjam tutup butuh alhasil hidup tak beda jauh anggur beda miskin susah karna pinjam sana sini sungguh judi online musuh negara tara narkoba harus perintah keluar uu pasu judi online kategori the extra ordinariy crime karna dampak rugi sangat besar mas fery jangan lupa banyak sodara berangkat kamboja negara jadi admin judi online harus orang segera lepas warga negara nya karna peran tumbuh judi online,0
siapa nama inisal al tsb,0
budi ari keparat,0
coffeezilla versi indo,0
siapa sih al,0
sosok al siapa sih serius nanya,0
nungguin hasil santet ni,0
jd makin yakin partai psi sokong bandar judi online jd asa wajar partai baru keluarin dana besar campign jd ga heran projo libat lindung judol dalam instansi kominfo jd ingat konsorsium sambo polisi ikut beri backingan,0
al siapa weh,0
tuhan tidur bg god bless u,0
biasa apa orang biasa gak gitu,0
bang kualitas audio nya kyanya dibenerin deh,0
orang kaya judi tujuanya apa kan udh banyak duit knp mesti judi lg klau yg miskin kan kenya modal kecil dpet duit banyak tp tmbh miskin,0
lu nyenggol ferry irwandi lu hadap sama militan ferry irwandi sendiri orang ferry bukan jabat bukan anak jabat mental dedikasi jiwa nasionalisme orang bukan kaleng kaleng boss bangsa butuh orang berani pinter jujur aja gak guna kalau takut doa ku satu moga pak prabowo dukung apa suara bro ferry baik negara bangsa fire fire fire fire,0
moga allah selalu beri sehat selamat pada bang ferry maju terus jihad lawan judol,0
presisi buah kode bro,0
bukan lebay gmana urus ama perintah tu emang bahaya bukan dar kaya jokes tingting so bakso lu hapus ga pernah eksistensi lu yah nama lawan kuasa,0
kalo budi tangkap mantap sih,0
jgn org balik hacker yg bobol data negara open mouth,0
inisial al siapaa,0
semangat bang ferry,0
cara henti memang habis habis habis harta benda judi online udh pernah nyoba coba selamat saudara dekat hasil,0
cek video baru md universe bang banyak artis promosiin judol,0
anak buah budi budi anak buah mulyono tinggal mau selidik ato semua hubung tinggal selidik alir dana sm alamat,0
lawan cerita anak cucu bang sejarah tak tulis rekam ingat benak semua,0
gua ga takut mati cuma gua takut mati sia sia clap clap clap,0
sehat selalu bang fer berani angkat isu moga semua ikut jejak bang ferry,0
heart,0
al apa si,0
jujur dulu pingin hajar budi open mouth,0
baca mau nyemangatin yg kalah banyak slot masuk sy tahun tahun kenal slot hidup sy hancur uang ratus jt habis hutng bnyak bnyak trmpat sy dulu kerja d toyota sekarang rantau d korea memang sedih hilang bnyak uang jg banyak hutang tp lebih dr yg lebih kacau sbnarnya otak yg rusak sy yg dulu hidup sngat tata penuh rencana skrang sprti orang hilang bingung dngn hidup sya sy mnjadi malas laku bnyak jg sy rasa buruk selalu datang main tp mau gimana jadi hidup gk henti ulang memang trdengar bodoh orang main slot tp jujur sangat sulit untk henti karna otak rusak tadi yg hancur tetap semangat jangan mnyerah hidup ttap lanjut lama serah kamu punya sempat jadi kamu rencakana belum jangan depo anggap sj tantang kamu bkerja pikir x x lebih keras belum jangan serah pochoen si gyeonggi do korea selatan november khanif,0
jangan semua jahat negeri punya beking iya kan oknum kerja laku jahat wkwkwkowkwokwowkowkowkowkowkowkwkowkwokwko,0
yg ciduk bawah nya atas nya aman joy joy joy konyol,0
hukum mati,0
gila rugi t baru tahu soal apa ndak rusak ekonomi rasa dampak nya langsung masyarakat,0
huwaaaaah open mouth open mouth open mouth open mouth,0
gas bang,0
terimakasih bang peduli negara indonesia moga sehat selalu lindung tuhan maha esa,0
sadbor to sadbro,0
judi online maupun offline jadi musuh perintah cuma ilegal bukan alas vidio sama miras rusak legal aman aman aja,0
doa ibu meutya jajar anak buah sehat selalu beri sehat kuat batin hadap tekan,0
katak joy joy by one sini,0
satu situs setor jt bln x situs miliar bulan x bulan satu triliun puluh miliar delapan ratus tujuh puluh juta rp,0
ari lasso,0
judi online jahat struktur sistematis masif saking tsm nya orang orang besar libat langsung lama orang orang perintah orang orang institusi polri tni usaha usaha besar era pak prabowo tantang bukti,0
judi narkhoba sllu krn yg kuasa lindung pantes negara ga berkah py pimpin jg sama planga plongo krn yg meilih tukang judi dn bodo sm perintah agama,0
fungsi ga jalan joy,0
rang guna bang kesel lho lihat orang hasil rb hari tengah dipake judol anak istri sengsara bukankah orang sangat zalim,0
ianya seluruh asean susah mahu tindak ada tiap negara asean dulu punya bamboo networking sekarang no one knows,0
maaf aq jg dukung judi online tp apa beda dgn main saham bitcoin maaf serius nanya karna aq main semua hahaha,0
sehat sehat bang ferry bagi rasa sama rasa muak dalam laku makhluk makhluk rakus jijik rela makan hak hak orang penuh rakus jijik,0
om ded cobak bahas begini,0
budi arie laku utama smiling face with hearts,0
judol rata rata server dr china tau kan siapa yg deket bgt sm china joy joy joy joy joy joy,0
satu rang judol makasih speak up bang,0
bang bahas tangkap gunawan sadbor bukan jadi udah pernah jadi belum bahkan artist streamer game besar pernah kena kok ga tangkap,0
mungkin tri kurang pinter jadi goblok gobllokin anak buah,0
kominfo sama polisi tau sama tau ga si bang awal eyes,0
negara sdh lanjur kuasa bandit samping rakyat jelata akan gak peduli bodoh gak bangkit pasrah rela pe deritaan panjang lama tahun bayar amplop seket rakyat bagi besar tinggal pukau jawa,0
jangan serah bang kamu hebat suara benar,0
budi budak judi,0
judi online bahkan sama judi judol tipu judi benar judi ialah mata koin lempar,0
bnerr kan gunwan sadbor yg nyawer kominfo,0
joy sekarang modus bang fb jasa sewa wa hari rb cuma wa kendali yg nyewa spam judi online sebarin biar makin gk banyak yg jd korban,0
bung ferry tanam ide tan malaka angkat kasus sangat risiko besar kait judi online,0
keren bang dukung penuh,0
moga bukan tahap anti main pegang kuasa judol aminnn,0
waduh angkat jdi film detektif seru kaya bang kaya film korea,0
sehat slalu bang doa baik lalau orang baik yg mau cerdas bangsa,0
semangat bang feri dulu judi ada judol rasa sangat bodoh bangsa benar aja kalau iq bangsa koma soal mau judi ndak mau mikir gak punya otak main skak blackjack remi mahyong biar otak main bossssss semua ndak baik usaha yg kamu cari kamu hilang hari atas meja waras kalian,0
lihat jilat nya tnya fufufafa smpai skrng tdk bongkar siapa milik akun nya,0
done subs bang,0
bang aku dukung smntra dukung doang cry,0
nyata kapan hidup bila sadar diri sendiri individu siklus tetap jadi ingat ikat tindak tega hukum guna sadar diri tak inti gw tetep salut yg usaha kurang lingkar setan judi meski gw yakin pernah bersih,0
judi online bukan judi judi online tipu,0
makasih udah rekomendasi channel deduktif indonesia nambah deh list channel bagus,0
panjang umur bang doa baik bagi rang judi online,0
apa sf injokerr dong ngabbbb,0
brantas judol akar akar rusak generasi bangsa,0
kalau kominfo lindung sang mentei kominfo kait,0
konten andal nonton sebat kopi fire coffee,0
projo jadi proju pro judi,0
panjang umur juang fist,0
artis promosiin judol ga tangkep malah sekarang masuk dpr,0
buddi ari tetap tanggung jawab proses hukum lebih,0
moga tuhan selalu lindung jaga mu pak heart,0
gokil my profesor,0
curhat dikit bapak gw candu judi gw kecil walaupun bukan online sekarang gw udah tahun tutup hutang beliau gw gak berani nikah tiap bulan bayar hutang hutang satu pikir mungkin beliau beliau lempar buah kartu remi bagi masa depan keluarga taruh jauh judi guys,0
hayoo sama berantas judol mulai diri org dekat sangat banyak makan korban dukung ka,0
manusia lebih suka konspirasi,0
kan soal,0
jangan hacker minta maaf krn setor uang gelap,0
harus topup e wallet jg d hapus bang biar bocil ga topup minimarket,0
th pd dinasti maling smua sibuk ngegarong terus ngibulin rakyat dg citra palsu bongkar hingga akar nya,0
gua gak takut mati se engaknya kalau gua mati gak sia sia gila merinding gua bang,0
kalian tempe club bola indonesia lga jersey nya sponsor judol loh milik aparat joy dibiarin baik,0
kantor nya galaxy njir bisa wkkwkwk,0
untung abang engga main tiktok kalo engga sebut anak abah,0
oligarki dna pki tri kemaruk sadis jahat cipta judol jg pi njol penghianat bangsa tada joy cry sweat smile,0
akhir nemu chanel yg bobot auto subcribe,0
streamer ml akun udah gede kmren apa kabar bang apa lu udah jangkit sakit lupa wkwkwk,0
lindung nya m ly no joy,0
gua dukung lu bang,0
periksa ceo dana,0
lestsgooo,0
terimakasih pak,0
menit siapa dua lingkar,0
judol jijik paling kecewa beberapa artis sengaja promosi judol promosi judi bola nikita mirzani pernah muncul beranda entah apa pikir wanita pikir nasib juta followers idola jadi hancur beranta hidup promosi judi onlinenya pernah cinta followersnya sama sekali sangat omong kosong kalau artis wulan guritno pernah promosi game game rupa mesin mesin putar kalau tahu judi buat perintah laku tindak tegas keras artis artis influencer promosi judi online take down semua akun media sosial biar tahu rasa,0
entah knp sy jstru senang klo lihat teman jatuh miskin sekarat judi online sy nikmat tiap detik wajah stres tiap kali nenghancurkan hp stelah kalah sy ngerasa puas bgt joy joy joy joy sy harap kalian semua kena virus judi online kalian semua hancur,0
nyata nyata judol pantes g habis habis lindung sama,0
most fishy thing temuin salahsatu oknum streamer sawer judol shout call naman judol kali kali malah gabung tim sukses salahsatu paslon milu kemarin bukti jelas tentusaja tindak bagaimana mesti hingga sekarang,0
panjang umur kebaji sparkles,0
kampung belah bunuh diri gara judol hutang mana,0
sama bang personal banget sama judol adik kena hutang ratus juta semangat bang semngat keluarga korban korban moga sadar,0
apa jangan jangan bocor data data negara retas hacker jadi beberapa waktu lalu main oknum kemkominfo jadi hasil bocor data guna manfaat bandar judi online sih hubung data bocor data pribadi guna luas basis langgan judi online eksploitasi data guna peras milik data guna data hindar pantau perintah oknum pegawai kemkominfo insider threat manipulasi sistem manfaat bandar judi online guna data hindar filter blokir bahkan pernah beberapa kali dapat spam tawar judi online lalu sms wa cantum nama pesan sebut jadi mungkin kait bocor data judi online oknum kemkominfo,0
salam hormat buat bang fery moga allah selalu jaga lindung bang fery,0
moga bang ferry lindung alloh juang terus baik moga catat malaikat amal jariayah bang ferry semangat terus bang ferry,0
terimakasih heart,0
jadi kapan bang fery mati sekali mw ajuin cuti buat abang,0
galaxsi cuma judol banyak loker palsu praktik skema ponzi tahun tahun siapa balik skema ponzi kedok loker palsu wkwk,0
alex lutor bang,0
muka aja udah liat si,0
katak berani nyenggol bang irwan siap digeruduk massa soetta pas lu dateng katak anjg tunggu datang lu fire fire fire fire fire fire,0
orang indo yg mau jalan kamboja thailand vietnam imigrasi aja sebut kerja judi sama tugas parah masyarakat indonesia tugas imigrasi aja ngmng orang indonesia cry cry,0
rasa kasus judol dibiarin senyap perlahan lahan bakal super viral jelas duit buat apa mana semangat fer,0
budi arie raih bintang mahaputera beri mulyono sekarang pelihara prabowo,0
allah lindung bang feri irwandi dr orang dzolim angkat derajat mulia n kah hidup hancur n hina jabat culas n korup negeri kedlm bumi pray pray,0
allah lindung ferry irwandi keluarga orang dekat,0
gua nyari katak nih ayo tak mau ajg,0
thanks atas perjuanganya bro,0
jangan takut bro karna jihad ending lebih harap sahid,0
kira siapa al,0
klo jahat buat jahat yaa wajar aja aparat perintah buat nama binatang kalian sebab banyak juataan rumah tangga hancur kepala keluarga jerat hutang buat laku kalian lebih rendah binatang lebih rendah rampok,0
tuju banget bang,0
cara hub pak ferry soal judol gimana yah teman msh banyak yg s akses judol main ganggu,0
bang coba bahas manhaj salaf dong bang kolo misal indonesia masyarakat muslim bermanhaj salaf judi online indonesia indonesia tentram damai,0
tangkep aja tu udah muka ngeselin tolol cabul,0
harus hukum jabat yg wenang tegak hukum yg langgar hukum yg taat tegak hukum x lipat masa hukum tuju ga lebih efektif usut tuntas alir dana yg masuk deposito,0
umkm rasa dampak,0
kan orang nya jadi kemenkop sekarang,0
percaya lembaga dgn oknum,0
fire,0
satu kata lawan resah iklan judol mana udh muak,0
si cakra smiling face with tear,0
selalu lindung allah bang,0
tanya yg trs gw pendam tanya makin jadi event hacker minta maaf,0
iklan youtube ajh iklan judol bang ga cuma youtube instagram facebook sosial media lain banyak iklan judol bahkan fitur channel whatsapp kumpul bahas situs judol,0
maju terus bang ferry heart,0
beberapa kali tawar endorse judol nilai bayar sangat giur orang ga kuat goda bakal ngambil tuh tawar sweat smile sweat smile,0
jadi benar kominfo berantas judol lama malah pelihara jt per situs gila sih,0
bisnis mati edar beberapa tahun belakang sangat pesat akses yg lewat gampang salah satu transaksi sangat mudah cukup beberapa menit cetiiitt duit ratus juta bahkan m pindah rekening wallet game yg cuma puluh ratus ribu masalah yg jual industri harap sangat cocok masyarakat miskin jadi kaya dr rb jadi jt dr jt jadi jt setrusnya rungkad joy tambah marak pinjol kolaborasi judol pinjol baik tahun belakang sweat smile tantang ekonomi sekarang anggur tinggi buat kerja jadi stakeholder bisnis giur janji lebih make sense libat ketimbang rang jadi betul kata mas irwandi jalan sangat panjang kemudian laku sama sih edukasi ga mungkin industri kembang pesat kalo pangsa pasar ga kembang kali lipat edukasi banyak kaya manage uang tp lebih tarik manage takut yg banyak tampil masuk promotor player sendiri menang player yg kalah cenderung diam tp diam pinjol biar comeback joy joy joy,0
anak buah budi arie jadi pager maken tanamen gimana si budi arie sendiri sendiri clear,0
sistem rusak,0
gw dukung sama lu bang,0
judol pinjol mafia adil korupsi semua udah darurat org yg punya influence gede ga yg mau mulai gera,0
bobrok banget kerangka negara,0
allah with u bang bismillah sehat selalu lindung mana ada aamiin,0
kominfo tanggung jawab semua korban judol efek dri judol parah banyak keluarga yg hancur banyak keluarga yg merana krn ulah anak nya candu judol,0
ferry d irwandi gokssss,0
hilang semua kok asal perang nuklir,0
mohon izin ambil beberapa video sini channel youtube,0
terima kasih bro ferry juang percaya semua selalu dukung juang mu,0
lu keren bang,0
fucking class,0
mafia kabeh mungkin tdk komdigi menteri yg sama jabat tinggi saling kunci tahu kartu masing,0
bang elu klo bicara gak ngerokok gak keren sumpah,0
deduktif emang keren mesti kasih layar,0
benteng akhir dr judol diri bangun sadar diri kait bahaya judol,0
semangat bang cuma bs bantu doa,0
bg bongkar yg bagi imigrasi bg yg pergi kekamboja banyak sweat smile arti oknum situ joy,0
bocor data kasus judi online harus sdh cukup utk minta pertanggungjawabannya tp apa berani rofl,0
rusak intelektual moral satu menteri rusak sendi rakyat hingga pelosok negeri hingga lumpuh bunuh diri,0
inisial al siapa nih,0
sehat sehat bang lu berani,0
sama kek temen gw kakak adik punya bisnis masing udah bengkel ama sablon karna judol bisnis ancur sampe jual tanah orang tua,0
bru tw klo lambang ctd d sudut atas,0
byk oknum main geliat uang panas judi online sweat smile,0
gw beberapa hari yg lalu sempat liat livenya pascol streamer ml kata donasi judol ga filter blokir cuma kata jangan judi tiap donasi judol trik baru buat hindar clipper tetep terima donasi promosi beda bgt dgn eno bening lufthi halimawan contoh yg langsung mem filter kata judol situs,0
beberapa kenal bunuh diri judol banyak cerai istri bangkrut bisnis memang keri efek judol,0
sang lindung kodok bijer budi arie rofl face with hand over mouth rofl,0
blush,0
sehat selalu bang,0
there s starman waiting in the sky,0
lelah banget terus coba ngasih tau temen temen henti main judol circle tongkrong moga dampak walaupun mulai lingkung dulu,0
orang bikin konten kata prabowo bicara bukti memang punya bukti tangkap orang besar kalau bukti moga roy suryo kena hukum bulan,0
nikita mirzani apa kabar aman ajaa tuh,0
budi ari anak buah mulyono amannnnnnn,0
ngeri azab jokowi orang nya akhirat akibat biar judol makan duit judol,0
el professor fire fire fire,0
raja akhir nih bg,0
konten koh reymond yg sering liat konten bang ferry irwandi gk perah tinggal tada semangat edukasi bang ferry,0
jangan terlalu lena tangkap oknum pelingdung judol kemarin apresiasi terus pantau kawal,0
judi on line baru sekarang berantas waktu zaman presiden jokowi biar yg perlu tanya,0
budi arif nama yg semat sangat bagus tp doa ibu biar jd prilaku orang yg arif tp nyata doa orang tua ingkar sendiri,0
busuk memang era jokodok,0
sekarang makin parah bang karna metode komen spam live youtobe berita sering liat live kompas metrotv beberapa live tv lai,0
salah satu alas menand slot susah miskin aja wkwk,0
bang bahas cara menkomdigi bu meutya papar masalah judi online kacau dalam menteri cara bicara penuh tekan besar siap ungkap akan bu menteri sedang pojok masalah besar,0
sumpah sih muak banget sama judi online adek kandung sendiri gara gara kenal juodol jadi jerat pinjol bener bener lingkar setan moga aja judol berantas sampe akar,0
al ahmad luthfi cagub jateng,0
bang ferry moga tuhan lindung keluarga moga judol brengsek segera musnah muka bumi,0
yaudah ayo bantu apa bro booby tara kalimantan utara,0
knapa kominfo ganti komdigi cuci kotor,0
makanya indo gak jd negara maju krn mental jabat sdh cacat sgala jenis jahat sini perkosa bunuh tukang cabul koruptor rampok begal pskopat lgbt teroris,0
bang klo gak senggaja masuk situs judol terus mau ngelaporin situs lapor situs soal udah sering pas browsingan baca artikel situs suka muncul sendiri pop up kalo bang buat situs grup tele buat lapor situs situs judol aja,0
iya pak masuk ikut lapor akun akun judolnya tag akun divisi humas polri,0
al siapa yg tau,0
instagram banyak banget video video reels isi logo judi online jujur resah kali kali report akun laku tersbut rasa rasa sia sia karna terus,0
kacamata bersihin dulu bang kotor bet,0
awesome insight and perspective from you thank you,0
tiktoker sekeram promosi judul langsung tangkap artis dbiarkan bahkan rekrut jd politis,0
tes,0
statement yg gue bold hulu yg kuat ganti tri tri dulu baru semua ungkap joy joy joy,0
al siapa kira kira,0
trending fire fire fire,0
solusi utk cegah judol sebar sms judol,0
terus juang nya bang ferry sumpah emang udh eneg sampe ubun ubun gue sama judol krna adek gue sendiri main judol yg udh habis habis tp blm sadar akses uang gue pegang depo pakai akun bank tmn nya gaji telat gue pinta hr udh lenyap duluan buat depo,0
wajar kalo kerja gak maximal jaga data rakyat joy joy joy joy,0
tuju rantas judi online,0
bukan tepi jurang sih boeng feri udah gelantung tepi jurang tinggal lahap monster bawah nya klo g nolong benar berani mantab bung,0
cara edit detik pertama tu gimana sih,0
nah buat bayar hutang negara kan bantai sikat terus koruptor praktik korupsi sikat habis,0
moga tahun awal pak prabowo jabat laku bersih koruptor bisnis judi online beri lapang kerja luas negri,0
al bang al,0
kalo berantas makin lama buat undang legal judol joy,0
keren abang ku tada tada tada,0
udah kaya ngikuti series moga lanjut bahas temu fakta baru fakta yg lama baru berani ungkap,0
mantap bang terus lama manfaat buat semua orang pahala buat abang yg paling besar,0
tj main ga bang kira kira,0
miris,0
gosip bro paslon yg biayain boss judol nih krn mrk ga punya banyak allies dd,0
al siapa angkat laut,0
this video is very crucial for our society,0
saksi juang amal jariyah kelak bung,0
tegak hukum macam kontoooooiii,0
orang awam aja mikri gmpang banget basmi situs judol pantes liar orang dalem nya jadi brand ambasador wkwkwkw,0
lebih miskin blt malu nerimanya,0
jelas sangat serius judi online bukan rugi orang per orang laku rusak ekonomi buah negara negara kembang,0
gw pribadi judol jauh lebih parah koruptor klo koruptor nyolong duit orang hak tau dampak ga langsung dirasain korban kalo judol bikin orang ga punya duit dampak bunuh diri bahkan bunuh orang buat ambil harta depan anak anak kena tahu judol pinjol gampang banget akses ga tuh bilang kan salah sendiri ikut pinjol judol ga gitu orang gampang banget kok akses tar anak tahu tau uda bengkak utang kalo waras ga mau masa depan keluarga ancur memang judol mesti hajar sih,0
halo bang feri mhn maaf klo tipu onlen jg d brantas tdk bnyk korban masuk yg sdh kena tipu onlen trmks,0
inisial al siapa guys,0
bang style lu dipake model buat iklan pinjol joy kilas gw liat ko mirip bang ferry isrwandi,0
bang bahas dong iklan judi semua medsos aplikasi judi play store betaburan tayang kominfo gak lihat ecek iklan app ngecek mata cek,0
apa deh pak sigit ngurusin kasus cirebon ae kelar malah skala nasional joy,0
korelasi gk dgn isu ato fakta yg sdg kembang masyarakat konsentrasi sosial media pecah soal hab b pupupapa fatherless anggur thailand lg,0
gera legalisasi judol masa depan mungkin peak hancur negara blm lg serang lain serang lgbt woke meme jomok benar serang israhell,0
kisi nya thumbnail video,0
singgung sama rieke diah pitaloka soal judol eh malah keluar rapat tanda tanda panik si budi arie mulai muncul,0
bukan promosi penasara sama judi online nonton dulu no more bets cerita dampak judi online baik segi main sampe b nuh d ri maupun bandar,0
awas santet sama usaha judi online,0
el professor sunglasses,0
orang orang kominfo lebih suka ngurusin bokep banding judol,0
dasar simpel kamu kalah kamu paksa menang modal kata pertama kalah gitu terus ulang kalah kali kali cuci otak cara pintar judi,0
astagfirullah pantesan abal abal lindung nya,0
bang dar saran kacamata ganti lebih sesuai bentuk wajah,0
orang besar balik judol orang besar kepala besar mulut besar cakap besar munafiq besar sebentarlagi masuk hotel besar balik uang besar doa cepat masuk biar tdk lari,0
hasbunallah wa nimal waqil bang ferry palms up together,0
warga seberang memang punya nyali salut bro,0
gue sih orang indonesia terlalu naif sih masalah judol negara laen judi biasa contoh deket aja kyak malaysia singapor bebas situs judi online bahkan situs porno bebas gak tu istilah ngrusak sdm buat negara mundur memang pola fikir orang aja banyak masalah jadi gue mental bangsa terlalu buruk padahal metode ajar sekarang mudah banyak sekali media mendkung tabah literasi ah lah ini indonesia joy joy joy joy,0
hebat lu bang gw salut ga kaya konten satir nyindir pake bahasa negara wakanda cundang nyindir,0
,0
rispec,0
gw dulu udh tau apa jawab ngeri bos judul ni sampe sponsor kampanye si ono loh yum,0
mucul yakin banyak muncul berani berani,0
umkm kena dampak judol sy rang bang,0
bang ferri bahas kasus pecat ipda rudy soik karna ungkap mafia bbm ntt terimakasih heart,0
betul kali bang,0
ga aneh sih kabinet jokowi isi bukan orang tepat bidang nya banyak isi nya semua orang orang rakus harta kayak babi si rakus,0
ironi,0
pas ronda malem sama bapak bapak kampung sering banget tuh denger cerita soal situs judi online suka bilang sini gacor sana gacor kaya tempat yg menang terus aja padahal klo pikir pikir lawan sistem kaya gitu menang paling cuma sekali kali doang sebenernya udah sadar sih klo ujung ujung lebih banyak kalah lama saldo lanjut aja judi online tuh sebenernya cuma soal menang kalah lebih kaya main game yg nagih banget sekali ngerasa menang bawa ken terus padahal yg sering jadi malah rugi jadi gitu deh awal seru lama lama capek sendiri kalo duit udah abis hehe,0
moga ada konten orang orang sama sama juang pak ferry makin lantang suara juang,0
pas nonton iklan judol ytb,0
kalo bas proses lindung harap dr adil hukum negeri,0
salut bang bahkan om botak aja ga berani singgung tri moga makin banyak influencer berani terang an tolak judol harap perintah bahkan polisi seperti nihil,0
indo gak kurang orang pintar tpi kurang org jujur hati nurani,0
terus suara bismillah rakyat lawan jangan takut jangan gentar jangan kendor,0
maaf tanya judol memang jahat bukankah tetap faktor salah orang yg sangkut yg memang doyan judi bukankah ada judol tahu asli nya org yg nyata judi,0
buka dong mantan menteri prestasi mantan menteri periksa,0
main dota warnet klo udah paket malam om om pegang rokok kopi buka toto joy,0
keren lanjut,0
big respect heart,0
coba gua tebak pak ba kroni nyari kasus hukum bang ferry kalo gak nyari jadi tuduh kayak kasus pak tom jerry tuduh gak masuk akal,0
sampai benar ayat,0
usut data warga indonesia sempat ambil hacker jangan orang,0
kan dulu orang kominfo kalau dotanya soal judo onlen selalu jawab kalau ditakedown bakal muncul jadi percuma lah pikir kalau muncul takedown lagi emang durasi mentakedown blokir situs judo lebih lama banding bandar buat situs baru yaudah kerahin aja pasu takedown lawan dong muncul terus kalau baru bentar udah blokir kan tetep efektif mungkin sempet promo sempet dapet korban topup banyak udah blokir kalau dibiarin malah neng g perlu bikin situs baru g bikin iklan baru,0
sangat tan malaka suara kebih keras kubur,0
maaf uda ferry kali dapat banyak apa informasi yg sampai dampak gak judi online nya tetap jalan cukong bebas liar main malah tambah banyak masak sih dgn banyak informan yg kata percaya sebar bahkan lingkar dekat kuasa bandar judi sendiri gak ubah ada terus manfaat apa yg ambil semua seperti gak dapat informasi siapa aktor yg main semua apa selesai masalah bandar cukong tangkap sukabumi kan bilang gak surut suara walaupun serah nyawa kalaupun jadi apa yakin selesai masalah yg lebih utama paksa viewers utk jauh judi hindar hina dunia akhirat mngkn lebih manfaat by the way thank s for your concern and information pray,0
gokil vidio apresiasi besar buat bang ferri,0
si tuan salah satu orang paling tanggung jawab atas rusak tatanan sosial indonesia akibat judol,0
bingung gua kok yah main judi online kata online wakil jarongan sistematis atur joy,0
semua warga sipil yg pikir cerdas logis dukung lw bang terus suara indonesia jadi lebih baik,0
moga abang selalu lindung allah swt terus juang bang berantas semua judi online,0
kominfo kaki tangan asli salah satu naga wkwk,0
keren bang lebih keren langsung sebut nama nama semua libat ga usah pake inisial mantap,0
bang doain biar temen deket gue tobat judol capek banget hidup gali lobang tutup lobang tiap hari gue ga maen jadi kena imbas nya upa beban mental moga judol cepet hilang indonesia rugi banget asli pgn gue sumpahin pertama bawa judol indo gaada orang kaya raya judi kalo bukan bandar nya menang asli henti main,0
klo kata bu rieke oneng pinjol judol cuci uang dagang manusia satu lingkar moga allah selalu lindung bang ferry aamiin cari tau siapa al moga lekas jadi almarhum,0
terima kasih banyak bang ferry dukung doa pray maju terus buka semua yg libat kominfo baru muka aja oknum oknum aparat polisi tni perlu curiga yg aneh benar kalau aparat kepoliaian tni gak tahu inj punya aparat perangkat dukung intelijen yg canggih jjuga kan bin tahu harus gerak periksa anggota ayo ungkap terus bang ferry tuhan kati bung ferry keluarga pray,0
judol candu rokok nikmat orang cari makan dalam paham untung bandar layak bandar kasih sedekah orang orang tentu harap bentuk sbgitu lindung kuasa,0
memang judi online resah pak teman kerja nya dah enak mapan hancur karna judol hingga titik rendah nya berani gelap uang hasil marketing nila hampir juta harap ganda uang tsb judol akhir nya tangkap masuk penjara mudah mudah judol hilang indonesia,0
orang jujur berani moga lindung allah swt aamiin,0
judi main hidup hancur kuno sangat rusak ekonomi negara judol sadar jadi penghianat negara semua uang negeri layang keluar negeri main yah luar kalau berantas,0
gue dukung perang juday online,0
el profesor fire,0
letsgooooo,0
kalo jadi apa sama bang fery jangan diam yakin banyak orang yg buka pikir nya kuat masa yg kalah atur rezim yg sangat celaka orang ungkap benar lanjut serakah tentu sekaligus jadi bentuk bukti selalu awas,0
mantap seru terus bang benar menylamatkan anak bangsa bagus pak presiden prabowo yg alih kan jabat buka terang benerang,0
aku ingetin aja kalo yg mau bunuh orang ideologi kuat justru ideologi orang makin kuat ikut,0
keren kata kata gue takut mati gue mau mati sia sia moga juang nila ibadah lindung tuhan maha esa ganjar pahala aamiin palms up together,0
duh pajak gw,0
orang mulyono bobrok semua aman bebas proses hukum,0
dedy corbuzier ngapain,0
bangsat emang lindung judol rusak rumah tangga org bikin org laku jahat bunuh bikin org bunuh diri,0
lorot rupiah jvdi online koruptor hasil rupiah mrk tukar valas usd,0
menang menang suatu tetap juang om fer semangat jangan kasih kendor jangan kalah mental tenang selalu suport om ferry indonesaia lebih maju,0
film no more bets bener bener ngasih gambar sesuai bang ferry jabar kawan kawan,0
gabungin semua org ky bg ferry irwandi sy yakin jd avengers konten kreator sih krn beberapa yg ga kuat sendiri,0
siapa kalai bukan kominfo joy kelas teri berantas kelas kakap lindung,0
wokwok budi arie siap siap loe,0
budi arie puncak gagal menteri negara aja pilih jadi menteri gak ngerti,0
salut aku sama mu bang sedikit orang kata benar jujur bang maju negara cinta,0
projo pro judi online sayang mulyono,0
kota lahir gw,0
pantesan jajan sepi nyata uang belok selot alias judol,0
gw yakin dn percaya orng tinggal tunggu waktu tangkap,0
budi ari,0
brantas judi online,0
untung youtube bodoh tunduk kominfo youtube perintah cuma kerjasama bukan tunduk sama perintah kalau yt tunduk mungkin youtuber indonesia bebas konten nya,0
sehat sehat trus bang tada,0
iklan judol byk youtube,0
gilir artis promosi judol tangkap,0
ga kaget sih denger berita udh duga jg yg emg harus berantas kominfo kunjung gera atau aksi berantas situs judol arti,0
beranda youtube iklan judol pinjol sangat resah guna youtube utama anak karna semua masyarakat guna yt premium,0
bismillah semangat bang,0
makin mantaap bang bangga banget gua ngikutin lu ngonten kamar lorong sukses sehat terus bang metal,0
sederhana jadi yg tangkap hanya tumbal,0
klo pejbt sdh libat da yg salah sistem pengangktnnya,0
bumn perlu usut bawah et banyak vendor bekum bayar moga usut lebih lanjut tikus keju,0
hapus judol indonesia omong kosong cuma wacana gembar gembor kan nyata nya nya korupsi indonesia,0
serius nih katak bhizer org trkenal udah tau kabur d kamboja ga yg nangkepp,0
tag aja bang lapor admin gerindra,0
abis nonton lalu muncul iklan pinjol buah ironi,0
kelas cuma gimmick yg klo jadi apa apa gw kentara banget matketingnya kan om hotax yg nge back up elu bang santai aja,0
nonton vidio aja iklan judol poop,0
balik lu fer yg dukung lu pojok kiri video lu jg bantu kalo apa apa fire,0
sebenernya mata pisau lain sisi masyarakwt bawah suka judi ga sedikit jadi ladang buat nah perintah larang sebenernya benci sama masyarakwt bawah takut cuma garuk polisi bukan hilang berapa banyak uang aneh,0
budi arie libat ayok usut tuntas mau negara maju,0
you are the man man you own my respect,0
udah kaya professor film money heist aja lu bang,0
bang feri baned tuh situs kantorbola karna resah streamer game banget yahh biar situs blokir,0
kalau kata kirim santet kirim doa selamat lindung mas ferry santet tak milik kuasa atas diri keluarga bang sehat selalu makin sinar saat gelap ronta ronta,0
kaya film batman aja i ll save gotham city,0
bang mobile legend masuk judi g bang akun jual belikan sawer,0
mantappppp bang ferry genarasi masa depan nnti tumbuh ferry ferry yg,0
renti sampe tri aja jg kalo bener bs sampe si tri sang hulubalang raja tp,0
no viral no justice jadi viral kan lengkap spill bukti,0
waras putus stop judul narkebong heart,0
terus,0
lama curiga kalau judi prostitusi narkoba backing aparat perintah judi prostitusi narkoba susah berantas indonesia diri masing pilih mau tipu judi online hindar tipu bandar judi,0
sikat pak presiden orang bang,0
buat yg kmren bilang indonesia baik baik harus liat mesti mikir walaupun gk punya otak,0
big respect thumbsup,0
akan dibiarin iklan massive ig sama tv sampai bahaya judol,0
kurang tepat istilah rubah orang besar jahat besar bajing besar lebih tepat sesuai konteks admin,0
semangat blush blush blush blush,0
si katak kunci tau orang lindung judol,0
lu bakal incer buzzerp projo bang joy joy,0
sikat habis,0
sekarang pasrah bosan bosan saling ingat orang dekat dampak bahaya judi online ingat diri masing masing paling penting edukasi bahaya judi online masif,0
resiko besar sekali bapak satu gentar salut yg punya power gabung sama,0
hilanggggggggg,0
tp gmn supply hilang kurang kalo demandnya turun nah gmn cara turun demand knp org indonesia yg kata agama ber pancasila tp jd main judi online banyak no dunia,0
judol memang benar rusak banyak orang sekitar hancur karna judol,0
respect bang ferry thanks for your concern pray,0
luar biasa,0
tebak sih peran oknum perintah jadi baking bandar bandar gak kaget sih,0
woilah iklan video judi online sob,0
kalau zaman dulu baik akhlak manusia salah satu turun agama zaman sekarang gak se powerfull agama tool rang jahat maju teknologi tahu salah satu ny neurologis mungkin buat pola pikir manusia ubah,0
dana e wallet nya joedol,0
aku tau libat gimana tau jahat gak ngomong lindung lihat hukum,0
waras lu bang heart,0
telegram banyak yg promosi,0
alhamdulillah udah tahun lebih renti judi memang benar salah satu ruang lingkup yg buat do ain moga ikhtiar mulai nya moga bg ferry selalu lindung allah swt aamin,0
dukung ayooo semua fight,0
jangan biar mafia judol narkoba legal diindo bahaya kya kartel meksiko speak up dikit bakal culik digore,0
kalau embel atas close the door tak akaan sentuh semangat selalu pray,0
panjang umur juang keren lu bang gak sangka bang ferry ulas bahkan berani sebut inisial nyali lu lebih dr jabat yg kapan hari udh sebut inisial kemudian tarik ucap,0
pantes jebol data negara fufufafa aman aman aja joy,0
klo bilang mudah kok dengar nya lucu ga mudah pak cuma teori aj coba aj praktekin apa bs ahahah,0
salut juang abang bantu doa bang moga bang ferry keluarga selalu beri mudah sehat selamat amin allah,0
inisial t tomy suharto,0
lini mulai anak kecil candu gadget orang tua hobi slot wanita candu tiktok bangsa sedang arah gelap lindung keluarga,0
si budi tangkap kpn masyarakat udh bingung blm tangkap,0
rugi t darimana jelas,0
orang kaya taruh judol banyak yg kaya jadi beking judol influencer judol bos judol jadi guoblok dungu banget kalau orang yg taruh judol kaya kalian tdk menang hahahaaa,0
menkominfo selalu penuh surprise,0
allah lindung lah bang ferry irwandi serta keluarga nyaaa,0
kalo yg begini kagak hukum mati fix hukum negara sangat parah,0
moga allah lindung bapak ferry keluarga,0
dana politik,0
orang tua ku candu judi online mulai skrng udah habis semua rumah habis jual rumah tangga orang tua gak harmonis dlu harap gak orang rasa apa rasa,0
mesin cuci raksasa bandar,0
allah mohon lindung,0
panjang umur bang ferrry panjang umur juang,0
mantaaap thumbsup,0
kaca indodax pernah hack salah satu pegawai sengaja menirima lowong kerja scam ane curiga data ri bobol gara banyak pegawai kerja pegawai judol,0
mustahil orang tri gak tau anggota main mungkin makek jurus ala mulyono ndak tau awowkoakwok,0
orang kecil langsung ditangkep artis terang terang promosi judi online pura pura buta,0
bang bahas ttg lpdp dong yg bijak baru silah awardeenya yg kuliah ln dibayarin uang rakyat pulang kontribusi negara,0
ayo bang ajak deddy corbuzer berantas judol kalo bantu deddy lebih kuat,0
yg kroco macam sadbor gmpng bet ketangkep si biji katak udah gk tangkep kasi kabur pulak,0
gue doa moga lu istikomah dlm juang jalan benar jauh segala mara bahaya orang orang zholim,0
inisial t lupa sang kendali judi online indonesia,0
lawan jatuh,0
allah hamba mohon lindung bang ferry iswandi keluarga sungguh tiada daya kuat apa wujud izin aamiin allahuma aamiin,0
heart heart heart,0
gw bingung sama judi online rugi negara t,0
bang gw ikut kalo ketemu katak bizer gw mau berantas judi online bajing desktruktif lingkung,0
benar bandar sesuai desas desus beberapa waktu lalu inisial t joy joy joy,0
yakin percaya benar petinggi petinggi instansi kait tahu kena judol wwhyyyyyyyy,0
muke gile sih kalo arie budi ngga tau palagi judol ain ruang kantor gedung mendigi joy joy joy trus si projo lg ngebelain tuan yg bilang udh blokir jt pinjol wkwkwwwkkk pikir ahli it independen oon apa joy joy cuma projo yg pinter gitu lah tuh hape gue kalo liat internet tuh iklan nya banyak bgt pinjol joy joy joy projo mau ngibulin rakyat joy joy joy,0
sehat sehat bung ferry rakyat biasa dukung penuh berantas oknum mafia judol,0
banyak orang suara lantang cegah bungkam paksa,0
bang mati satet bang sweat smile,0
ini kaki tangan mafia mafia judi online,0
deduktif indonesia judi online kok ga,0
wd,0
lanjuttkan bang dukung,0
al apa,0
semangat banh tada,0
gw ga takut mati gw cuma gamau mati sia sia aja sih what a powerful line bruhh,0
mantap bg feri dukung,0
kapan bidu arie periksa,0
uang judol mungkin masuk partai,0
usut presiden gak mungkin jokowi gak tau anggota spt tu berani gak kira prabowo meutiya hafid bongkar kasus akar nya gak kasus citra belaka,0
jelas klu gak ordal mn jel tp liat yg tangkap konco nya doank oknum jabat oknum tegak mordl akhlak sdh rusak,0
kalah ratus juta bahkan m bagi besar kalian yg miskin sama judol mana suar gerak,0
tenang jangan khawatir bang budi ari jamin aman selamat,0
baru nonton sekali langsung subs maju terus bang doa sama elo,0
salah satu orang keren yg indonesia punya lo doang bang hand boom,0
projo hama sweat smile,0
lama lama kamu tan malaka bg cuma beda cover aja,0
lanjut trus lawan judol,0
emg bakal ngaco sih kalo yg harus mindsetnya layan publik malah mau cari untung jdnya fraud menyalahgunakan resource cm mikir gmn cara cari untung kalo soal izin ngebiyong terus joy,0
masyaallah tabarakallah mantap selalu backup info data yg oleh bang moga selalu lindung allah subhanahu wa ta ala,0
sama bang gw jg punya masalah personal sm judol bkn karana keluarga org yg gw kenal habis an gara judol tp hampir tiap bln server hosting gw selalu dpt serang judol yg tiba new ownership domain gw lah yg tiba folder asing pas gw akses landingpagenya mamib t kan ta gw yg ngurus gw yg bayar domain vps yg enak ngeshell buat bkn halaman judol sampe sempet gw cari tau yg ngerjain dpt email gw maki kebon binatang tuh org heran gw udh ulang report kominfo gk sm sekali tanggap dah lahh,0
p,0
lahh legacy korban judol nyata,0
sekali pinjol bung ferry berantas,0
info lengkap channel pace komputer,0
jhonny g plate nyata ganti mungkin jauh lebih busuk,0
hajarr semua libat,0
percaya ngga orang nonton video bapak sekarang banyak main judol mudah mudah gertak hati nya sama pak ferry,0
gua punya teman dulu rumah biasa aja sejak tahun tiba aja renovasi rumah beli ruko buat buka cafe hitung bulan beli ruko buset mobil aja bulan depan nambah kek aneh aja rumah ruko mobil nambahnya cepat banget waktu singkat beberapa orang komplek rumah akrab orangtua teman gua pernah ngatain kalo keluarga ruko nya memang ngebuka situs judi ntah offline online,0
bang makin kesini iklan judi makin personal sekarang sih medsos emg udh jarang liat iklan judol skarang malah langsung nge chat orang orang lewat wa bahkan pake hook assalamualaikum kak,0
bang yg tumbnail siapa siii prasaan kenal dewa zeuz nya bukan siii,0
kalau hukum cuma penjara mungkin gak takut terus laku,0
sikat habis judol ga usah takut sama siapa bang muscle,0
keren ketua kominfo dapet harga mulu wkwk,0
orang bener jahat kiri kanan gaji perintah sama gaji bandar judol langkah apa yg laku sekarang orang yg candu sama judol susah d kasih tau malah pamer wd,0
sengaja giring pikir kalo beking nya kominfo lupa beking benar siapa salah arah sadar jangan ikutin kata media,0
maaf mau tanya lama judol indonesia kemkominfo guna ga,0
kemarin sebut inisial t kendali judol tanah air,0
kok ngga trending jam k tayang padahal,0
bang fery bahas iphone yg ga mau inves indo akhir nya blokir,0
bang bahas rades yg rame jawa tengah sus pati blora yg jadi jual beli jabat isi perangkat desa kalau tingkat desa aja jual beli jabat biar lantas gimana nasib dana desa depan yg semua orang tau bahawa dana desa besar speak up bang,0
konten gak didik berangus lah resah,0
mereka manusia sok suci benar nya sangat kotor,0
logika sederhana tau ujung nya yg rubah hasil pilih kemarin,0
nunggu content lanjut riset didik,0
raymondchins,0
sahabat punya usaha cetak omset hari jt hari hancur karna judol expressionless,0
hadir jadi saksi,0
terimakasih bang efforts nya bikin video biar masyarakat indonesia melek sadar semangat bikin konten thumbsup,0
main judol sdm rendah,0
menteri sebelumnga yg udah jelas tetep harga otak ku makin putar hubunganya ato ga semua,0
sya penasaran inisial al coba cari nama inisial al sesuai klue bang ferry nemu,0
smoga yg nikmat uang skema ponzi kena azab kena kanker alami buta,0
sejarah tulis menang entah sejarah yg benar yg buat benar,0
jadi inget yg speakup terus gk jadi minta maaf,0
gw dukung elu bang moga orang bodo yg main judol buka pikir biar ga jd orang bodo,0
berantas malah jadi lindung emang yg baru grinning,0
al anjing lunak,0
yakin budi ari oknum polisi libat,0
respect sama bang kerren heart tetap semangat cerdas generasi yg memang mau ubah rusa zaman,0
satu lg bro bongkar pinjol,0
keren bang,0
bingung gua yg jadi menteri gatau malu kalo anak buah nya salah yg tangkap pimpin langsung kan pimpin tuju ada biar sampe judol masuk bebas bahkan sekalipun iklan,0
skema ponzi biar ama indonesia pantes gk tanggap ama menkoinfo cari duit ilegal member fb gk hapus member instagram teteap ih rseh bgt sih,0
panjang umur sehat sehat bangg,0
orang projo pro judi online joy joy joy budi ari orang jadi menteri balas budi lucu nya negeri joy joy joy,0
sehat selalu bang ferry mohon selalu hati hati laku jalan utama kalau naik pesawat jangan mau ajak nongkrong sama pilot sok akrab kalo mirip pollycarpus,0
terus juang benar bang gak smua orang spek up tidak nya aspirasi kt sampai lewat influencer kyk lw gni keepfighting punch sweat smile,0
bismillah moga allah selalu jaga mas ferry palms up together muscle,0
tipu dana lari judol cuci uang lari judol tadah kedok judol,0
panutan projo sayang mulyono keluarga,0
ndak bayang anda bang ferry bs gabung team bocor alus tempo kerennnn,0
usaha doa kerja kerja jgan nyinyir orang nyinyir seret cuan tukang obat nyinyir ngoceh terus biar obat nya laku,0
maju terus bang ferri sy salah dukung bang ferri kurang bahkan berantas semua aktifitas judi online utama tangkap lindung bandar judol indonesia semua dukung orang instansi jabat berantas judol punya mampu apa berantas judol pikir nasib masyarakat hidup derita jerat judol moga tuhan selalu lindung bang ferri semua pihak berantas judol aamiin,0
nahi munkar terus juang allah tempat lindung aamiin x yra,0
inisial al siapa terus dukung bang maju terus,0
nyala abang gua gak takut mati gua takut mati sia sia,0
moga allaah selalu lindung ferry irwandi,0
tuhan kati keluarga tim mu bro pray,0
mantap bang bomb bomb bomb,0
duh,0
pantesan menkoinfo lindung pantas banyak fb soal uang lindung soal judolndan isi fb isi soal uang ponzi is jahat jahat utk lindung isi member fb,0
wajib trending moga selalu lindung allah swt orang baik,0
yg berani usik berantas pinjol apa pinjol siapa yg lindung bisnis pinjol sudh lihat dgn mata kepala sendiri hancur hidup pinjol knpa kominfo gk bs tuntas blokir pinjol knpa ojk msih menerbitkn izin pinjol pinjol sama dengn narkoba,0
kau buat orang jambi bangga,0
kembali pribadi masing masing orang baik laksana buruk tingalin perbaikin,0
gw sama skeptis nya bang sama lu semua gaduh yg jadi skrg cuma lihat bagus muka kaya nya cuma mau ngsh tau kabar skrg kalian punya bos baru dgn norek kantor kresek lebih besar ahahahahaha will see bang klo analisa gw bener lu naikin nama gw yah hahahhaha kidingngab joy blush blush blush,0
berani luar biasa moga bukan kisah gol d roger kisah luffy sang nika hehehe,0
negara rugi triliun tahun lah negara aja gak ngasih apa apa warga kok rugi joy joy kalau mau ngurangin main judo negara kenain ppn pas judi top up abis kenain lg pas mau wd jamin kurang tuh penjudol negara dapet untung main nah kalau bandar kasih pajak dapat negara untung negara negara untung bandar untung main buntung joy joy joy,0
sikatt semua,0
lama berfikir bodoh nyata jahat licik tuhan lindung negeri,0
bongkar tak bongkar imbang prediksi,0
aku pernah nonton konten kreator asal indo kecamboja cari tahu ttg judol lwt krywn judol sndri bnyk kok org besar asal indo tanam saham judol masuk artis bsr entah egk thu spa mrka,0
moga masyarakat sipil beri akses blokir situs judol mandiri,0
salah satu sosok figur kritis sehat sehat bang ferry,0
berani rana benar kata pas bang ferry sekarang semangat terus bang thumbsup,0
katak bizer kontl fakkk,0
butuh sosok ferry irwandi lebih banyak lanjut,0
gw punya teori sih kalo salah satu saudara mantan tri cuman teori doang jadi mungkin salah,0
orang langka museum kan aza lur,0
kafan solusi kalau bincang bincang mati sweat smile,0
https youtu be iou ncizwe si oiiepn pjm ne,0
terimakasih bang sama lawan judol siapa backing nya,0
judul wah barangkali akut tu parah mungkin dana nya dah kayak aer x,0
situs situs juta bulan x milyar bulan tahun milyar tahun milyar wow angka fantastis,0
gasss terus bang biar ungkap smua,0
gue dukung pemberarantasan judi online,0
rakyat kecil mah penjara artis malah jadi duta double standard ajig,0
kalo desa gue yg promosi malah kepala desa nya langsung,0
stopjudol,0
bang ferry istilah keren nya tuh extreme prejudice,0
om gua hancur hidup gara judol sekarang kabur entah ninggalin utang ratus juta yg tanggung nenek gua beliau kali curhat mama gua ken tinggal gakuat mikirin anak hilang utang ratus juta padahal belum om gua anak satu satu hasil dikuliahin sama nenek gua lulus kuliah masuk usaha tambang jabat hidup aman tentram bahkan beli mobil usia cukup muda semenjak kenal judol om gua jadi kesandung masalah suap usaha nya mintain uang orang orang mau masuk usaha tau pecat akhir om gua ngutang teman teman udah candu nominal lumayan bas puluh juta sekarang om gua kabur bawa sertifikat rumah tanah tanah nenek gua se gila se brengsek buat seluruh pihak libat judol bakal jadi salah satu orang saksi akhirat betapa bajing kalian semua renggut banyak hidup orang dunia,0
jadi tanya dajjal apa jadi suatu hari semua mati pernah hasil tuju mati suatu hari tuhan satu allah tuhan semua dunia simak muhammadqasimdreams tada,0
siapa tu al,0
bang bahas dong streeming mobile legends banyak tuh danau judol,0
apa yg harap menteri titip,0
indonesia mayoritas muslim banyak yg jebak cry,0
lagi udah bener main sketsa jdi bapak ojan malah jadi menteri,0
ruang diskusi siapa al,0
narkoba bahas dong harus rakyat hrs satu bangkit ttg jodol narkoba koruptor yg buat rakyat sengsara ayo bangkit lawan,0
al siapa anjir bangsatt emang usak nkri,0
orang pintar asal omong doang abang ngomong gitu krn tahu lawan oknum dinas taruh nyawa but moga abang selalu lindung allah swt serta orang yg gerak baik aamiin,0
dukung terusss,0
gpp bang dukung jalan hebat mati tak sia karna banyak amal,0
apa lu harap menang atas derita orang suatu waktu lu aja jadi derita bawah menang orang judol judi segala bentuk lain dibumihanguskansaja,0
jozz,0
orang besar ma gk bakal tangkap,0
sikat streamer yg promo judol,0
bang fery baik memang thumbsup,0
keren lu bang bangsa butuh orang seperti sehat selalu bang panjang umur fist,0
tangkap jeblos gaada orang berpower enak jidat hidup nya aman aman aja padahal kotor,0
gas,0
jangan bilang orang besar lah bilang aja orang brengsek blush,0
gue takut mati gue cuma gak mau mati sia sia clap,0
sehat sehat selalu bang ferry keluarga heart terus lawan judol pinjol fire,0
kalau bro mati hilang semua tau siapa laku skull,0
tuju bang gw ngerasain dampak si katak hancur hati gw anak gw minta dibeliin wapak wapak ken sakti kaya katak gw ikut dah klo mau ributin katak kerdil mental anak anak,0
judol assuuu,0
lawan fire,0
tingkat nasional benar tri pihak kait tdk libat judol,0
nyala abang fire fire fire,0
ten years too late,0
budie ketar tir blush,0
hai orang orang iman sungguh minum khamar judi korban berhala undi nasib panah najis masuk buat syaitan jauh buat buat kamu dapat untung maidah,0
lanjut juang bang orang baik kritis cerdas memang musuh utama oligarki mayoritas rakyat sadar oligarki mati,0
judol rugi uang negara,0
bang doa sama,0
siap bantu berantas judol laknat,0
projo lindung ketua mati mati,0
perintah larang judi onlen kaya larang minum keras produksi terus jalan sama aja boong,0
tambah bang lawan judi online edukasi masyarakat,0
serasa dengar profesor money heist tada,0
video bang iklan judol bang gin nih bang youtube aja iklan nya judol,0
ngeri misal bandar judol ama pinjol orang sama jadi korban pinjol maen judol maen judol harap lunas pinjol,0
ironis menkominfo skrng jadi menteri koperasi notabene too much korup bidang koperasi,0
terima kasih bang salah satu korban dampak judi online suami candu judi online hutang mana sedih rumah tagih bagai debt collector suami harap menang buat gantiin yg ilang makin puruk anak anak sempat pikir bunuh diri bareng anak anak tp alhamdulillah lihat mata langsung sadar orang kl candu judo online udah kayak setan kasih tau udah kayak gak punya telinga makin sensitif kl ajak ngobrol bawa marah terus terus lawan judi online bang,0
bang bahas oknum kerja migran dikamboja filipinaa kata kerja admin judoll,0
tahun gw haters lu bang izin join the endless battle blush blush,0
podcast kaeang bilang kalo ga salah ken ngebuat pulau isi buat judi offline krna dngn kurang guna judi online kalo ga salah lngsung nnton aja podcastnya kaesang biar lebih jelas soal gua nnton dah lama jadi rada rada lupa kurang jelas judul durasi pendek performa maksimal,0
versi reelsnya bg mau share,0
gak kata kata berani cerdas bang ferry emang manusia luar biasa butuh indonesia,0
moga bang fery selalu sehat selalu lindung allah swt,0
kan usaha dulu pernah sebut si t sampe sekarang aman tuh sweat smile sweat smile,0
bisnis judi bisnis paling tua dunia sulit berantas tp minimal batas ruang gerak sweat smile,0
moga keluarga jauh judol giat unfaedah laennya,0
budi ari projo antek jokowi ga heran sama klakuanya mana jilat yg jujurr projo proo judi onlen,0
al siapa spill dong,0
budi arie emang sikat sih blush,0
orang kominfo lindung situs judi online open mouth moga pak prabowo tegas berantas judi online,0
lanjut mas fire saluting face,0
ig banyak akun yg primo judi,0
come on bro suara terus gw bantu doa ingat orang dekat gw tym bro ferry,0
al ahmad luthfi,0
juang sama,0
masyaallah moga allah mudah urus mas ferry aamiin,0
bang lu udah mati bom,0
siap jd cepu bang fire fire fire fire,0
keren bener chanel,0
jawab pasti seluruh rakyat fihak mang penting alir dana judi online alir ongkos menang pilpres,0
suara terus bung ferry,0
buuddd aman budd joy joy,0
judol tipu bukan judi,0
jelas inisial t ga yg berani prabowo ga berani,0
amal jariyah bang heart,0
akun meme instagram banyak yg promosi judol,0
nyala bang fery fire,0
prof salute,0
tutup mungkin budi libat projo pro judi online,0
gas om fer,0
bang lebih keren kalo abang bicara mafia pajak,0
ngebantu gak sih kalo yg iklan judol d sosmed ngtag sosmed bareskrim,0
ba ga curiga bang menteri lo,0
orang kalo udah candu judol sampe rela maling motor maling duit segitu parah judol,0
putra baik indonesia,0
semangat bro kalo mau bikin gera organisasi gw mau daftar bro,0
inget teman inisial al,0
bj udi tewwtt menjajikan kemenangaaan,0
woww,0
indo yg illegal eks jelas bukan rahasia umum klu backingan kuat moga pres prabowo buta mulyono,0
gila beneran ngandelin ferry ketimbang perintah buat ngatasin judi nih wkwkw sehat selalu bang fer keluarga panjang umur lawan,0
temen smp gue yg punya mobil tau tau maksa minjrm duit gue nyata jujur ngmg gue mobil nya jual buat maen judi,0
mulyono lindung menteri belum,0
mustahil perintah tau posisi agen judol indonesia sweat smile,0
tanya baru sekarang gerak skara besar,0
kuasa anggap rakyat bodoh,0
orang besar budie arie,0
rispek bg berani bgt mntap fire wajar sih lu resign peenes,0
bkn uang perintah cuman istri tdk kasih uang gaji hbs pakek judi bahkn msh curi uang istri,0
nya ajar gear th ga si bg,0
sungguh muak jabat jahat wajar kalo dapat mati keri pajabat rusak anak bangsa,0
kayak gin tranding,0
yogya nyimak,0
keren lu bang tada,0
suara benar,0
judol pinjol olshop wajib kelola perintah segera tindak efek sangat rugi masyarakat bismillah allah sama orang baik allah maha baik,0
judul bandar brantas habis,0
bang bahas joget sadbor yg minta gift tiktok yg kata rusak mental masyarakat jadi mental emis,0
gw tanya tanya hidup bakup yg kuat gimana tenang,0
kerrreeeen lu bro gw dukung brooo thumbsup thumbsup thumbsup,0
gilir orang yg udah kenal dapet sempat nafas lega santai aja orng yg bukan siapa siapa kayak sadbor ga perlu jam udah masuk penjara najis,0
satu kolam perintah aman kalau luar penerintahan cari salah,0
tangkap yahudi,0
mantaaapp abang,0
menteri baru tampar muka pak prabowo baik nonaktipkan dulu pak president lagi ga jasa projo buat pak prabowo ga wajib pak presidet buat angkat menteri projo biar projo pengsiun pak president joko widodo,0
memang berani bang sayang indonesia harga orang berani jujur banyak kuasa rakyat bodoh mental sungguh sungguh sangat sangat sakit damage judi,0
jangan t takut brantas mafia judol pinjol akun sebar informatika palsu berita betita palsu loker loker palsu internet tri komdigi era jokowi staff bantu bantu menteri kominfo arie budi audit mereka tau beri permit akses bantu bantu menteri kominfo ayo jangan takut ragu tegak benar adil negara judol pinjol tambah beban kesusahaan masyarakat rakyat indonesia salam masyarakat rakyat seluruh indonesia satu padu mcmcmcmcmc salam pray,0
udah bodo gue jadi negara hukum udah sama sekali gk adil minggir lu miskin influen promosiin judol gak tangkap contoh charlie st dewi persik onad influen kenal gilir sadbor sekali promosiin langsung tangkap hukum bener tajam bawah,0
kapolri baru gerak perintah yg baru,0
alhamdulillah msh orang pintar yg peduli moga allah meridhoi juang bp aamiin,0
bang bahas dong judi online luar negeri legal sepak bola inggris sponsor judi online,0
pantes dlu belanda kuasa banyak wilayah indonesia jangka waktu yg lama salah satu penghianat bangsa danselalu tiap generasi generasi,0
heart heart heart heart heart,0
sungguh miris pimpin orang jujur buang kpk sekarang mandul semenjak kokowi rubah atur,0
masyaalloh tabarakallah allah mudah lancar jalan ferry kawan kawan utk hambat gera laku jahat judol skeptis judol hapus krn rakyat indonesia pintar tipu kuasa makin haus kuasa,0
negriku ngeri martir sejarah martirmahasiswa trisakti jd gerbang ubah harus thinking,0
beda laku sadbor orang biasa infuencer kenal yg mungkin punya beking,0
pantesan aja data bobol tetep santai santai aja nyata emang ga malu karna tutup duit korupsi,0
prabowo kemarin dadak ketemu jokowi minta ijin tangkap budi arie,0
masa budi arie ngga tau,0
ga nonton bokep joy,0
sehat sehat bang ferry,0
respect,0
turut harus yg salah bukan sepenuh pihak judol sih emang rakyat aja yg literasinya kurang iq nya jongkok fakta judol luar negeri banyak tp user nya banyak indonesia ga perlu repot nutup judol tinggal baik aja pola pikir orang indonya dgn gimana cara krn mau ribu situs tutup yg anak pinak puluh ribu hiperbola tp emg gitu pribahasanya kalau pola pikir orang indonesiany yg benah ningkatin literasi baru dah beres,0
semangat,0
merinding buih laut banyak tak guna muslim indonesia cinta,0
al siapa yaaaa,0
lagi apa sih yg dipikirin orang ikut judol salah sendiri gblk,0
kalo pikir kelas atas menteri presiden ga mungkin ga tau masalah negara org punya bin paling dibiarin doang,0
valas online masuk judol pake,0
mohon maaf sih ni kalau yg salah pak jokowi tp disclaimer dl bukan pro jokowi pihak yg cuma kalau pandang aku sih oknum yg lebih powerfull yg megang kendali besar yg orang jokowi ikutin mau oknum tp kayak jokowi udah kasih informasi pak prabowo tinggal ikutin apa pak prabowo lebih sepowerfull dr oknum tsb,0
kawal sama bang fery indonesia lebih baik,0
mana mungkin presiden belum gak tahu uang alir projo,0
gw sama lo bang,0
ijin tanya gk bang artis streamer game udah tangkap masa cuman sadbor yg tangkap apa hukum tajam nya rakyat kecil aja yah sadbor orang tani yg sulit ekonomi banding balik artis streamer game yg promosi judol,0
sibotak emang lihat muka aja udah muak duluan heran kok pilih jadi tri,0
tri tua tolol jalur gift away,0
memang orang negeri gak peduli hancur nya negri judol pinjol narkobah korupsi sehat bangferry salamansalamunsalam,0
yg menyababkan data bobol hacker apa jangan data emang jual orang luar,0
sehat selalu mas moga lancar juang,0
hati bang jadi incar bunuh bang,0
tingal nunggu pinjol ni siapa dalang legal kana rentet miskin mulai judol lalu pinjol,0
lu mirirp ama per money hest professor,0
judi dlm islam haram fakta main mayoritas muslim lindung nya jg muslim cuma bandar yg non jd tau kan knp muslim selalu miskin,0
do a semua orang baik indonesia sama mu bang fight terus,0
seperti pihak dri isilop libat,0
heart heart keren channelnya,0
jd salama singakatan pr jo pro judi online joy,0
miris sejarah negara pernah pihak baik orang orang yg jujur berani sama bang ferry,0
sumpah aku tau inisial al siapa,0
ga tutup mungkin kalo totpol donatur judol liat aja org yg sering nongol sana siapa aja,0
rumor nya juta per situs,0
artis artis gede hajar bang,0
bayangin negara kollab sama bandar negara mana laku yak benar,0
netijen ri yg mampu paksa perintah hajar hukum mati kl perlu si bandar judol pinjol kedok besar tri,0
yg unik gera tolak judol kurang santer kurang serius teriak ormas agama besar malah netizen gerak mandiri lawan judol,0
dukung bang sekarang kalo iklan judol langsung report youtube fb dukung berantas judol,0
budi arie menteri projo is the best menteri yg buat indonesia maju please buat patung budi arie setinggi monas,0
bold statement awal akhir video bang ferry tau betul kali musuh bukan kacang tuhan sama bang,0
projo pro judi online,0
yg melindungin judi onlen hrs hukum mati umur hidup dg sidang,0
smgt bang fer sehat terus lu bang muscle thumbsup,0
channel kembang kga berapa besar mulai muncul ngajak affiliasi judol kali x and tolak tarik janji nya giur alhamdulillah pegang ideologi tampa afiliasi judol ttp kembang alhamdulillah thanks bang edukasi nya lama buat yt hibur,0
thumbsup thumbsup thumbsup thumbsup thumbsup,0
judi jodol tipu bukan judi,0
jadi era presiden belum masak tahun jabat kacau ni yg banyak terus kalian bela moga kalian sadar indonesia bukan personal presiden tpi pimpin pray,0
al open mouth kira siap y,0
moga tuhan lindung bang kau sedang lawan musuh kuat trilyun anies aja lawan trilyun bentuk bansos laba,0
bang ati tukang bakso n sate depan rumah,0
sambo bunuh brigadir j krn korban tdk mau mjd tempat simpan uang judol yg beking sambo,0
al siapa monggo netizen cari tahu,0
ganyang budi arie,0
tqngkap budi arie bangsat,0
siapa inisial al joy,0
damn ananta robota skull skull,0
sehat selalu bang heart,0
semangat pak muscle muscle muscle,0
md universe lebih keren rofl,0
persisi kaya film korea yg artis ma dong sesuk judul film round up no way out,0
gunawan sadbor kok tangkap gara iklan judol kok artis gk tangkap knp gt joy joy joy,0
antimage xinnn marsha luminare streamer mobile legend yg promosiin judi,0
lucu kemarin waktu rapat si budie arie mlah walk out g beres org emg,0
kurang dalem bang kurang seru,0
sampe bingung knp orang maen judol padahal benar tau klo udh d setting,0
bang ferry terima kasih beri juang acau dunia judi,0
budi arie anjinh,0
mantap juang benar juang masyarakat,0
jabat yg libat membekinggin judi onlen hrs hukum mati,0
al siapa yak wkwk,0
inisial al siapa gaes open mouth open mouth,0
nahhh diaaaa tada wordpress jari judi l,0
nama presiden indonesia belum jadi jelek gara budi ari budi ari belum ketua projo yg ketua projo sebut kasih kue sama beliau kan,0
podcastnya kanal youtube siapa bang,0
orang main judol gua kenal semua problematik sodara temen gua jadi korban judol miris,0
sehat bang presiden belalang,0
indo ladang paling subur buat bisnis begini pertama perintah gampang bgt sogok jadi masalah legalitas aman lah dua masyarakat mayoritas orang yg edukasi ntah formal informal jadi gampang diiming i cepet kaya,0
tangkap cuma pion nya raja ratu aman mau sampe kapan gak bakal beres kalo gaya berantas cuma ngincar pion doang mending dana operasional alokasi lebih manfaat,0
paansi si katak so jago beut lah vs menang manga nya lawan v real kecot wkwkwk aneh emang ni anak gw ga ngerti sama pola pikir,0
orang yg buat rusa negri hukum mati,0
menteri meski wanita pernah sandera tim teng nyali kuat,0
bahkan harta budi ari sekarang lebih banyak drpd jokowi what the fuck,0
pemimipin nya saling menguntugkan clap poop,0
hormat pada pahlawan,0
judol zaman mulyono bentuk projo programer judi online paham kan,0
streamer mlbb yg promo judol kemaren mana gada suara kapan ditangkepnya,0
thank you for what you do bang ferry,0
dukun sulap merah judol bang ferry mantap masuk program perintah indonesia,0
bantu komen biar tranding,0
barakallahufiykum,0
jujur benci banget judi online banyak orang sekitar kena keluarga hancur,0
mantap,0
who s al,0
kalau wowo lindung budi arti wowo dukung judol jendral mlempem kalau yg jadi,0
gassss,0
paling rem sih kartel narkoba sama bandar judi bisnis gelimang duit yg jumlah ga kira makanya libat banyak orang penting oknum aparat bayar beberapa puluh juta nyewa orang nekat buat ngilangin satu orang yg vokal bukan masalah makanya gw bilang rem takut semua utama bung ferry bukan dasar lindung orang teguh juang jalan benar aamiin,0
sedikit cerita orang pernah erti judi main judi kliah dlu banyak teman hilang kerja kliah judi online sekarang kawan dekat orang tua cerai lilit utang sana sani padahal dapat nya bagus miris emang,0
bang fery cerdas dgn berita yg fakta dn bangun baik nkri,0
aku alam insyallah depan udh gak kenal judi udh bulan gak nyentuh depo judi lg,0
fire fire fire,0
percaya perintah sekarang proses jadi perintah awal curang halal segala cara pantas perlu perbicangkan semua hanya tonton aja buat buat baik diri,0
sehat selalu bang ferry mana bawa makan minum sendiri bang,0
temenku main bg,0
gile,0
berantas judi sama prostitusi siap mati hadap aparat keparat lu semua nyesel fpi dibubarin perlu peran ruh tetap gemuruh diri punya akal sehat terus juang kawan,0
statement kapolri hari gerak dlm skala besar lha emang lama ente ngapain aja muak dgn jargon palsu mulut busuk penuh tipu kata copot,0
chanel positif isi orng positif gw sma lu bg,0
kalo uang yg putar judol lampau apbn baru perintah serius tingkat serius baru,0
negara mana bgsat,0
sang lindung fufufafa,0
spill inisial al gaes btw sebel bgt sama budi ari setiadi knp jadi menteri sih bgt,0
th hidup bapak hancur judi imbas selaku salah satu anak jadi sangat benci nama judi bentuk apa,0
al al,0
lanjutt bang orang baik yg perlu terus,0
kominfo judi online senang fana keluarga bencana sikap bijaksana hidup merana stopjudionline,0
nitip sendal bre ninggalin jejak,0
sangat inspirasi ijinkan dukung sentuh pinjol judol umur hidup,0
hahah budi budi,0
anggota dewan baru nyata influencer judol malah bilang gak tau judol bohong kau bohong,0
bener banget kata uda ferry gak mungkin giat se masif bypass besar jelas butuh lebih banyak konten uda koh raymond tipe anyway hari gue dapet free month gift membership siapa terima kasih orang baik,0
katak bhizer bocah lahir jual teori gosok alias gosok gosok omon omon heroik joy anak ingus jadi idolan anak sacetan akibat kurang dik orang tua gak punya nyali nyelesain mas sendiri cuman berani keroyokan joy,0
panjang umur baik,0
kalian familiar kata panas ti ayam,0
jadi prinsip keluarga sentuh judi online,0
pernah tracking situs judol pasang isp best target agen judi legal joy joy,0
appraised bang lanjut moga pak prabowo jajar bene harap banyak rakyat indonesia brantas judi online akar nya,0
katak bizer cuma jongos harus berantas tuh orang yg beking bandar,0
salut gua bang insyaalloh jadi jihad mu bang,0
bang apa bener mulyono sengaja ngumpulin kasus yg biar gampang berantas periode,0
mau tau sepak terjang detil nya judol nonton film no more beat film aja duga gw paham gw judol sini memang lindung orang yg punya power sini nilai yg tawar nya angka nya triliun,0
semangat bang hadir dukung doa selalu,0
judi offline judof aja atur judol lah lah lah basmi sampe akar halus nya bg,0
asli gua kesel sama judol alami sama gua sendiri gua punya tm sama karyawan uang gaji beli mtr bahkan gonta ganti mtr second skrng kenal judol boro mtr hp kentang kouta aja ga punya hampir tiap hari minta hospot mulu guaa bukan henti malah trs aja main pernah hari menang jtan ga tahan minggu minta hostpot lg gua kesel bgt ajg ngmngin orng kek gin gmna caranyaa,0
hehehe tuju utama bukan duit uu legalisasi judi,0
siapa yg berantas judi online anggap pahlawan hidup,0
siapa al tunggu episode lanjut,0
bang terima kasih banyak,0
nama elu harum bung ferry bakal ceritain teman n kolega,0
al siapa sih,0
keri akibat judol negara hancur penghianat perintah lindung judol uang memang buat apa masuk menghianati negeri sendiri,0
projo biasa susah apa in bang joy,0
berani benar abang maju terus bang insyaallah semua warga indonesia yg msh waras dukung,0
gw dukunglu bang,0
gw nungguin video sejak komdigi ngebuka smua gw doain ideologi pikir lu mati lama bang salut,0
judi online pinjam online benar benar resah masyarakat banyak korban gara gara aplikasi sebut,0
heart heart,0
dulu pernah goda sama judol orang pesimis duluan mana duit gampang usaha keras makanya hindar bisnis mlm kripto bahkan saham sekalipun walaupun saham ni cuan kan resiko gede guna prinsip kalau mau kaya jadi bandar sama mlm mau kaya jadi leadernya bisnis saham jadi broker,0
mantap sekali bang fery,0
mana judol berantas dewan aja asik ikut main kalau aparat mah dah lah apa sih jahat yg gak aparat,0
akun ig banyak yg promosi judol,0
terima kasih aku ikut juang aku tau gimana asa mu bang aku janji apa aku usaha ikut juang berantas judol,0
dayabeli masyarakat indonesia sekarang parah bro,0
im listening,0
siapa inisiala al,0
gas terus komandann,0
allohuakbar allohuakbar allohuakbar allohuakbar allohuakbar allohuakbar allohuakbar allohuakbar allohuakbar allohuakbar allohuakbar allohuakbar allohuakbar allohuakbar allohuakbar allohuakbar allohuakbar allohuakbar allohuakbar allohuakbar allohuakbar allohuakbar allohuakbar allohuakbar allohuakbar allohuakbar allohuakbar allohuakbar allohuakbar allohuakbar allohuakbar allohuakbar allohuakbar allohuakbar allohuakbar allohuakbar allohuakbar allohuakbar allohuakbar allohuakbar allohuakbar allohuakbar allohuakbar allohuakbar allohuakbar allohuakbar allohuakbar allohuakbar allohuakbar allohuakbar allohuakbar allohuakbar allohuakbar allohuakbar allohuakbar allohuakbar allohuakbar allohuakbar allohuakbar allohuakbar allohuakbar allohuakbar allohuakbar allohuakbar allohuakbar allohuakbar allohuakbar allohuakbar allohuakbar allohuakbar allohuakbar allohuakbar allohuakbar allohuakbar allohuakbar allohuakbar allohuakbar allohuakbar allohuakbar allohuakbar allohuakbar allohuakbar allohuakbar allohuakbar allohuakbar allohuakbar allohuakbar allohuakbar allohuakbar allohuakbar allohuakbar allohuakbar allohuakbar allohuakbar allohuakbar,0
judol hny rusak org ttpi keluarga cthnya aq,0
berkat konten abang gw mulai gak cuek sama ada indonesia makasih bang,0
kalau santet benar benar gak usah nyantet loe bang suruh santet bandar judi online aja bang joy santet mati gak pp sih soal sdh bnyak org mati gara judi online,0
miskin budi arie,0
jangan ikan ruang orang yg hancur negara bantai orang yg rusak generasi bangsa,0
satu kata bner bajing tuh becking judol tp kalo udah kenyang kl makan barang ngak bener dimuntahin,0
sadbor cepet bner sweat smile yg streamer hidup tenang haha,0
budi arie jelas jelas libat jangan kelit projo pro judi online,0
kejarr teruus,0
iklan masuk video youtube atas izin milik channel mas acak akhir akhir nonton video apa bahkan yg tonton ratus awal buka selalu langsung iklan slot masuk film kartun favorit nah baru video mas gak iklan slot cuma akhir video masuk tuh iklan skip terimakasih atas jawab pray,0
semangat bang ferry baik terus menang semangat semangat,0
pro judi online singkat projo alias m ntri pongak jilat istana konoha,0
rusak malah kasih harga bintang mahaputera pratama joy bapake diakritik buzzer gk terima joy,0
judi green fingers crossed sweat smile,0
gw yah lama masyarakat tagih ama judol gak berantas sana sini yg bikin judol merajarela bukan bandar main masyarakat sendiri percuma blokir sana sini tangkap bandar masyarakat tetap nyari sendiri yg atas busuk yg bawah busuk kalo mau berantas judol bawah dulu incar semua main ikan hukum berat bukan bandar lebih dulu bandar karna main kan percuma tangkap bandar main tetap tinggal pindah bandar selesai lanjut main semua bandar online tangkap yah tinggal pindah main judof jvdi offline karna apa masyarakat sendiri yg cari jvdi nah main berantas habis bandar renti sendiri mau bandarin apa,0
al agus lambai,0
kemaren pil ganjar mahfud visi misi nya yg jelas jdi pion pak mulyono periode coblos pak mulyono tp indonesia makin puruk rakyat makin miskin tani makin cekik koruptor yg raja rela tpi stlh tau kerja pak wowo jdi legowo meski tdk pilih pak wowo tpi taruh harap agara tegas sprti kalau pilih periode mungkin pilih pak wowo pray,0
salut sama aparat utama jaksa yg turun tangan eksekusi orang krn jauh langkah berantas seringkali sandung henti titik,0
bobrok egk sih nih negara udahan,0
rusak negara semua birokrasi perintah salah,0
bang malaka project undang mba nana dong,0
spill dong siapa al,0
jujur negeri banyak rusuh bagai jahat buat ekonomi rakyat kanjang puruk,0
dana wkwkk,0
terus juang bung ferry sampean orang mujahid sekira sampean mati juang lawan judol gue yakin kalo sampean mati syahid moga gusti allah senantiasa lindung sampean pls do keep the good work,0
dulu blokir situs porno judol gw sih langsung mikir wah mah celah cuan oknum kasih licin m aja deh per thn situs nya aman sangat goks jadi sweat smile,0
server judol kata luar negeri paling milik orang indonesia sendiri sweat smile,0
gw rakyat indonesia taruh harap besar pak prabowo presiden republik indonesia tegas berantas judol korupsi negara yakin jabat jadi beking kata lindung bisnis haram sebut korupsi jamaah laku segala sektor baik perintah tega hukum berantas semua hukum berat berat nya laku sebut,0
miris kelas menteri jadi beking judol,0
tri selidik libat apa gak kok gak tau anak buah jadi libat kan aneh,0
pas gw klik video iklan yg keluar iklan slot youtube aja dikerjain fer grin grin grin,0
masuk akal klo jokowi tdk tau judi online mungkin jg dana alir pro jokowi,0
mafia kominfo,0
ungkap bang,0
tangkap denny cagur jadi contoh kalau publik figur yg besar jadi bintang iklan judi penjara bukan cuman yg kecil,0
kudu gali sampe menkominfo budi arie tuhhh budi arie emang kudu periksa tp jangan stop sampe sana krn budi arie cm bulan jd kominfo trus menteri baru langsung nyapu ga mgk kalo segitunya bs nyapu punya berani luar biasa buat nyapu kudu harga orang yg tepi kotor shg siap sapu nah budi arie masuk yg tepi kotor gimana emang judi rusak keluarga bapak q sering ikut judi utama kl pny uang makanya aq lbh bahagia kl ga pny uang banyak kaya lbh bahagia,0
orang bodoh tebak judol nga atas yah jelas orang dlm yg lindung joy joy simpel,0
hajar terus bang efek judi online sangat rusak orang jadi banyak utang rusak saudara,0
youtuber yg paling beanfaat cerdas bangsa om rocky elu sangat pengaruh bg fer gw yakin yg sucrib bg ferry orgnya pintar,0
penjahxt tangkap,0
maaf mas ferry out of topic are you your neck sekali minta maaf koment luar topic,0
bang katak gimana kabar,0
good job kang,0
kesan tahu lebih sas sus doyan menkominfo,0
keren bang tetap juang,0
yg hancurin indonesia korupsi narkoba judi online masuk pinjam online kemarin bukan dukung pak prabowo klo beliau serius berantas semua periode dukung,0
tumben mandi bang,0
urus bang urus sana laku bang joy,0
mampu doa moga tuhan maha esa senantiasa lindung orang juang jalan benar lawan kedzoliman aamiin,0
indonesia bth jigsaw khusus bt jabat korup,0
mantap bang keren boom,0
tan malaka abad call his name ferry irwandi,0
ericolim laporin,0
temenku bang rehat kuliah tahun buat jadi agen bandar judi online tahu akibat lambat molor kuliah,0
bang ferry gwe sama diri mu bang,0
samping rugi negara jatuh nilai ekonomi nrgara judi ondol sangat bahaya negara rakyat,0
judi gk hilang judi kontrol,0
gak cuma sedia layan guna tindak percuma blokir sana sini kalau butuh banyak muncul muncul yok bikin hukum buat penjudol blacklist aja ojk kurung tahun rugi keluarga,0
mantaaap dukung ungkap judi online,0
jadi salah satu menteri pak prabowo emg iya mundur hakim,0
kemaren budi arie ngapain aja,0
saran gw pake genset,0
may i assist you in any way,0
narkoba judol barang dagang paling sukses rusak negri,0
periksa budi arie,0
projo kumpul judi online thinking rofl rofl,0
pernah lapor situs judi online bulan lalu adu kominfo klo g salah sekarang blom tindak status lapor prioritas rendah ingat lapor judol cuma prioritas rendah,0
baru statement tegas perang buka thumbsup thumbsup thumbsup,0
pecat budi arie,0
sekarang juta pasang mata melek semua resah asa semua masalah orang orang bokar buat sakit kanker bangsa kalian hancur hancur akar akar siapa yg lindung nya hukum masyarakat sangat sangat pedih bendung,0
harapaan gw perintah baru smoga judol pd d eksekusi bukan sadbor tp artis yg indikasi sama akun socmed wm judolnya sikat in dah,0
mungkin anak muda kata bung karno heart heart,0
waktu ferry irwandi ngomong suasana rapat menit asa nonton dokumenter sejarah take care bang semua ada sisi sama doa baik selamat kalian semua sedang perang lawan sistem besar judi online,0
jadi alir dana judol yg beckingi budi arie cs alir projo,0
sebut judi kapan orang sebut jatuh judi jelas baik benar,0
siap kapten mungkin se powerfull kapten terus usaha mampu suara,0
gokil heart,0
lindung judol lindung fuffa ransomware,0
bawah aja brani gitu x atas ngk tau joy,0
pause siapa si y promosiin judol tau akun nikitamirzanimawardi chelsea veronnia y video bang ferry,0
republik butuh orang orang influencer yg ada jalan lurus kmu bang judol benar benar hancur masarakat tengah bawah iming iming menang palsu alias tipu tipu kedok judi sadbor cuma sangka kelas teri iti artis artis banyak jadi iklan situs situs judol jabat polisi rakus yg jadi beking mafia judol,0
orang juang adil benar orang diri belakang rakyat yg jadi korban bandit mafia kuasa perintah jokowi yg rusak demokrasi moral etika bangsa rezin jokowi rusak segala lini lembaga tinggi negara yg ujung nya penting pribadi kelompok mk bagi yg sadar ma jadi sarang mafia adil kominfo jadi sarang bajing rawan jokowi yg bina judol dng nilai transaksi ratus trilyun penting politik jokowi antek nya bumn sarang gerombol tikus bandit das yg bobrok moral etika pinjol judol virus sakit rakyat yg jadi bina perintah rawan projo mati kutu terbukak busuk aib bobrok buzzer kuasa yg ujung nya langkah politik jokowi rakyat yg kritis cerdas tagih janji politik prabowo membrantas korupsi berani prabowo tangkap jokowi antek nya istana yg jadi sarang bandit mafia hitam yg cengkeram negri rakyat yg jadi korban biadab kuasa yg rakus kuasa yg gelap mata hati buah keluarga dinasty yg bangun citra jokowi tak adab rakyat cepat lambat bangkit lawan puruk ekonomi politik yg sangat cengkeram hidup level kritis darurat pimpin yg jurdil negara dlm cengkeram rezim jokowi sangat beri dampak sengsara rakyat sekarang prabowo jadi waris bobrok perintah jokowi tampung sampah politik jokowi yg pro rakyat prabowo berani tangkap jokowi sekutu yg sebar bagai lini birokrasi yg aman cemar virus penghisap darah yg sangat mati langsung hidup bangsa negara,0
mantp bg,0
dukung bang,0
tiati stay terus rumah bang lu kalo keluar bahaya takut nyawa lu ancam karna banyak kasus nya rang judi online khek in hilang kabar,0
semangat anak muda kalian pahlawan tanda jasa terus semangat meng edukasi masyarakat keluar jerat judi online heart heart heart,0
berapa banyak orang hancur keluarga beranta judi online moga semua segera keluar judi online yg untung hasil kata uang instan,0
gilaaaa gilaaa,0
kena gak nih bang ketik slot gacor bang banyak channel youtube yg promiskan judi online lapor chat box komdigi aja gak lapor,0
mungkin cara main bandar oknum iklan situs bandar kerja cari kerja sama oknum situs tetap jalan situs judol iklan media kecil besar konten tempat promosi judol naik milik media tempat iklan judol tindak periksa cara jalan bandar oknum deteksi main bersih akan oknum nyata tegas tutup situs sebut berita periksa tindak fokus media tempat iklan judol segingga bandar oknum alih terteteksi,0
org bikin rugi negara triliun rupiah penghianat negara hukum mati ga tuh,0
ho a ho e joy joy joy joy joy,0
gw pernah jerumus judol trs gw sadar gw report webnya dlu kominfo tpi setlh lapor webnya g ilng mlh akun gw ban adminnya,0
salfok sama sound track awal nya money heist cema,0
hukum mati oknum jabat sampah,0
kan projo pro judi online joy,0
perwira angkat laut bunuh diri lantar kalah judol blush,0
bre lu sewa body guard lu beli jg tuh mobil pindad buat aman ngeri lawan mafia judi,0
siapa sosok al,0
ngebikin negara jadi defisit promosi judol masyarakat negara udah langgar tanggung jawab negara sobat semua utama perintah sana kerja jujur tanggung jawab dapat negara naik dapat negara naik otomatis gaji kalian ikut naik masalah korupsi kan orang orang udah tanggung jawab jadi korupsi lebih mudah berantas lah kurang lebih gitu gambar kalau semua orang sikap jujur integritas tanggung jawab,0
ikan busuk mulai kepala,0
semangat terus dukung kangen jend polisi sutanto kapolri era sby berantas judi pelosok pelosok desa,0
hukum negri tebang pilih orang tentu hukum bukan dasar buat dasar darimana asal ukur ekonomi duduk jabat pengaruh padahal tahun lalu nabi muhammad saw beri teladan tunjuk hukum orang krna buat bukan karna duduk sabda wallahi law ana fatimaha binta muhamad saraqat laqata tu yadaha allah sekira fatimah binti muhammad curi sungguh aku sendiri potong tangan hr bukhari no muslim no,0
arti bjorka udh tau dulu open mouth,0
jelas mas fery beking segala kalau setor lancar jamin selamat kalau lancar habis,0
masadepan anak anak lebih baik,0
orang tua sy purnawiran tni sy kecil sangat larang segala bentuk main yg bau judi eh sy sekarang punya ipar tni jatuh miskin gali lobang tutup lobang anak istri derita gara gara tagih judol ironic,0
sama,0
orang orang mulyono mah aman bang gak sentuh hukum joy joy joy joy catat bang catat joy joy joy joy,0
ga bahaya ta,0
we always with you fire,0
website blokir ga bayar bulan kominfo,0
dewalive janda d eks,0
barokallah bang fery panjang umur baik panjang umur juang semua makhluk kelak jadi saksi akhirat atas apa yg jadi,0
moga senantiasa beri sehat umur panjang orang yg juang benar masuk mas ferry aamiin,0
gasss bang,0
ibu terima kasih yaa bang ferry dedikasi dlm cerdas masyarakat pray pray moga tuhan selalu lindung keluarga moga panjang umur yaa bang kemudian hari lihat hasil panen dr kerja keras hari pray pray,0
influencer judol bandar nya layak hakim masa tewas begal,0
pak koreksi sayaa salah awal mula judi online jadi trending fomo masyarakat orang influencer komedian yg cerita alam judi online yg buat culture jadi populer tagline all in semesta,0
semangat terus bang judol memang resah aku mau share dikit zaman smp dulu sekitar pernah pertama kali main offline libur jepang selot memang seram efek penasaran nyandu nagihnya loh untung keluar main kena tegur sama jaga tempat gamenya efek samping tahun libur aku kangen alhasil cari play store game jenis selot bahagia banget sial untung aku keluar penasaran sama game rugi moga berantas kasta bawah kasta atas penasaran kalau kantor pragmatic play malta grebek,0
om ferry sungkem berani juang,0
gua mau ngomong siapa tau temen temen gua baca eh lu sadar napa nyet lu ngeluarin rb buat depo mending buat jajan tongkrong kalo emang tuju dama sama ngabisin duit sadar hei nyettttt judol gaada untung udah banyak ngebongkar judol lu aja main punya otak dipake heiiiiii kalo mau punya duit kerjaa bukan judol,0
ayok jangan diam aja temen temen rupa salah satu wujud aware cinta bangsa,0
mecret kamu dasar zionis pesek bangsat moga tangkap,0
judi online rusak otak hancur mental bangsa,0
konoha emang,0
pesan buat pak prabowo ambi nya apa yg laku presiden kim jong un tau presiden kim bukan orang baik ambil nya hancur apa rusak anak bangsa selamat kan lindung rakyat,0
skeptis apa perintah berantas judol dgn tangkap main besar nya masuk mantan menteri bukan kurcaci yg tangkap waktu yg mrnjawab,0
gas bang pikir kali gua kalo santet gua sedikit contra soal nya bukan ajang bukti orang yabg bener orang bya gak mau,0
mantap bang ferryirwandi moga tuhan selalu lindung segala aktivitas lawan batil,0
segala hormat panjang umur juang juang fist fist fist,0
assalamu alaikum bang gimana bang aman kan,0
si katak kabur blm ketangkep bang kabur akibat promosi judi online,0
tangkal sihir sedekah mempecayainya,0
good job,0
inisial al lvin im angkat laut,0
turnamen ml biar judol platform tiktok,0
gw takut lu bang gantiin lu buat speak up soal,0
stres gua bro dengar lebih gila gak,0
gw ga sengaja nemu video dewi persik promosiin judol gw sama temen gw gabut buka situs mantap moyai moyai,0
aku dm abang ferryirwandi,0
iklan yutup udah dimasukin judol ngab,0
habis bahas trading online bahaya bang isi lilin doang,0
kepala wajib tanggung jawab jabat posisi tri lg harus urat malu putus sweat smile,0
laku kecil misal ingat teman ttg bahaya bodoh main judol cap sok suci dasar nasehat laku judol sama nasehat onggok batu diri pihak sama ferry irwandi,0
kaya egois,0
salah satu konten cerdas py integritas tq ferry smg byk org cerah,0
tks bg jadi inspirasi buat materi khutbah jumat siang judol,0
berantas,0
lanjut bang juang apa yg lw bangsa negara pahlawa tampa tanda jasa thumbsup,0
al any clue,0
negara hancur semenjak sisontoloyo eks blush,0
semangat terus bang ferry terus juang abang moga allah selalu lindung abang pray,0
dikit banget siihhhh durasi,0
keren bang feri aku dukung muuu,0
trima kasih pak prabowo terjun jendral utk rang bandar ordal semua pihak masuk bang ferry pahlawan bangsa tanda jasa dunia pahala akherat,0
gimana perintah mau berantas judol sendiri sandera politik mulyono,0
teman hari habis hampir jt gara judi online susah diomongin,0
tetap semangat bang moga allah swt tuhan maha besar lindung abang amiin,0
tempat gw kerja orang orang maen judol walaupun udah gw kasi tau tipu tetep ga ngaruh otak udah cuci jadi tolol,0
narkoba jg sama jalan oknum aparat,0
sah kalau kira bilang mungkin dana bandar pakai dana kampanye,0
nama besar orang dpr bang gerak moga bisah tangkap,0
tonton filem no more bets diamonds black joker,0
liat bang ferry rambut yg rapih kaya gk biasa sweat smile,0
moga allah selalu lindung bang pray pray,0
go go go,0
uppp,0
harus tiap capres yg lalu wajib audit sumber dana kampanye,0
emang anyin tuh judol org live yt nunggu bukti santet ga eh malah admin slot gblk yg promosi,0
kalau memeng serius berantas judol gampang koq pasti tdk henti sampe coro nya aja si budi mulyono yg angkat budi semua alir duit projo periksa sampe tuntas hukum mati bukti kasihan banyak rakyat indonesia yg derita krn biar judi online,0
salur whatsapp jadi sarang judol sekarang bang udah sebar mana dah,0
sorry berantas masyarakat nya judi mau satu miliar situs block selalu cara akses kalau judi tangkap seluruh bakal jamur terus,0
kamg ferry hidup sampean,0
teman bunuh diri judi online justinfo,0
al siapa ges,0
om ferry hidup kahh,0
moga aman duit alir hingga kampanye putra mahkota kemarin,0
wah gila bro berani banget salute,0
panjang umur masyarakat baru muscle,0
jangan harap banyak kpd perintah mungkin alir dana haram judol kpd dana kampanye pilpres lalu,0
setan aja guru bro ama oknum perintah joy joy,0
al arie ludi wkwkkw,0
ayo viralkan,0
ga tau asa gue kek judol udah raja lela banget mulai video pendek sosmed logo situs tambah tiap live streaming aja yg promosi situs semua strategi marketing bandar judol gait pasar indo,0
byk tuh jabat siram uang haram mulai gol mulyono tri tni polri kalau tdk mana uang menang pilpres dd kuasa tdk yg halang,0
gw hancur bang,0
fec online inves tipu mungkin hubunganya orang,0
kriminal misal narkoba judol ujung ny malah instansi perintah yg peran joy joy joy joy ujung ny oknum joy joy joy joy joy joy,0
judi online tipu online setting kalah perlu modal banyak bikin server nyogok aparat ratus milyaran kasihan rakyat kecil begoin tambah miskin,0
keren intro style la casa de papel,0
bg laporin akun mpl indonesia mdl indonesia biar judol promosi kolom komentar restream final mpl philipina restream esl snapdragon malah yg blockir komen org yg kecam judol,0
waduuh siapa inisial al kasih kisi,0
miris sih bang baru baca berita ngapain blokir wordpress coba pikir judol mau pake wordpress potensi didetect mudah moyai bener aja pikir orang masuk menteri pinter nyata,0
budi arie makan tak kenyang tidur tak lelap cry,0
yakin ba sangat tahu mantan anak buah bulan ganti atas bobrok lihat semua layak untk periksa,0
jangan takut bela rakyat bang blkng lo,0
semua orang suka uang w yakin semua main situ sweat smile,0
jgn tri nya libat thinking,0
w bang pmeriksan w sifat manusia emng arah yg larang mnding dr duit lari gk jelas kmn mnding legal sklian judol miras ganja eitss regulasi judol minimal depo jt an miras min thn ganja obat hnya rs dr judol rb an aja miras malah oplos bnyk yg mati ganja pasien yg butuh obt gk dpt,0
sama bang sy skeptis dgn pmarintahan skrang soal judol nyata banyak rekam artis yg promosi msih aman sj skrg malah situs judol yg sy prnah main tahun sampe sekarang msih tuh nama situs dewavegas joy joy joy,0
judol muncul gw ngrasa judi mancing judi sabung ayam judi kartu judi bola lebih keren dri judol sumpah smua ga keren orang yg main judi online bener orang bego tolol,0
teknologi aja ga paham jadi ngerti kan bahaya isi tri politis bukan profesional,0
moga allah selalu lindung bro,0
inisial t bilang tak sentuh tuh siapa min,0
nu tewak si sadbor weh naon geura tewak goblog baradag na teu apal eta polisi ato perintah laku na oknum saria keneh tangkurak anying benget siaaahhh,0
lu gw pahlawan bro heart heart heart,0
bahas sembako dong bang,0
clap clap clap,0
budi ari kapan angkat jd tri judol sejak lama belum kan tri kominfo jhoni plate yg masuk penjara korupsi,0
gas bro ferry gw terus juang waktu lu gak,0
keren bangettt sumpah bang periiiiiiii person bowing male sign person bowing male sign,0
baru banget kemarin camat gw salah satu warga nya bundir karna judol rumah tangga ancur utang banyak pinjol kabur terus tau bundir siang bolong,0
biar kiamat tutup cerita dunia gak adil negri siapa presidenya,0
g semata bandar judi masyarakat parah gak suka main judi g laku tu judol,0
wkwk,0
sehat bang fer keluarga tetap diri lawan,0
orang bodoh yg main judi online ofline,0
ikan perliindungan sejahtera utk abang palms up together palms up together muscle muscle muscle ferryirwandi,0
angkat kepala peperangan panjang kawan,0
konten sok tauu,0
bang fer facebook banyak banget iklan judi online,0
lawan,0
fraksi dpr yg hubung dgn kominfo kemarin jg diem,0
terimakasih bang juang suara suara rakyat,0
emang bener tumpul atas padahal budi ari tau nama bandar judol adehhh polisi ga kuat joy joy joy joy joy,0
gw sih skeptis bang krn mrk yg libat dlm satu pusar utk saling mlindungi,0
bang judol jadi kartel gak jadi ngeri,0
republik butuh pahlawan fire,0
alhamdulillah ga pernah nyentuh tarik sama judol,0
jangan jangan data bocor bukan bocor jual buat judol asumsi tuduh,0
bahaya kali berani kau bang aku dukung mu,0
bang awal heroik rap api tonton akhir kok ngak isi tarik cerita awal,0
lindung tinggi si mulyono,0
iklan judol buanyak banget meta,0
gue pernah interview usaha it solutions pusat malaysia punya kantor indonesia ngasih test buat desain promosi judol kata sih buat salah satu klien sampe sekarang usaha aktif,0
keren luar biasa bung ferry,0
ko sekarang budi ari nya jadi tri koprasi,0
banyak muji fery justru gua lebih apresiasi presiden beliau juang tiada arti,0
semangatt bang ferry raised hands raised hands raised hands,0
semua arah nama kalian dukung nya kecewa tahu,0
ngga usah jauh jauh bahas judol semua sumber nya kamboja lama kominfo komdigi bom blokir server komboja tetap judol bandar ngumpul kamboja fakta anak anak muda sekarang banyak kok kamboja kerja jadi admin slot iming iming bonus besar bongkar komdigi baru bagi kecil bandar jaring besar nya bom tangkap,0
bangsat emang yg baking judi online,0
judi online bukan judi tipu kedok judi,0
izin daftar jadi pasu bang lawan judol,0
fire fire fire fire fire,0
ikuzo berangkat kawan kawan rang judi online,0
sehat selalu bang allah swt sama orang baik,0
sangat filosofis socrates plato,0
semangat juang champagne glass,0
dukung boss berantas judi online akar akar tanya mampu perintah laku,0
gw dgr alir uangny partai projo yg bentuk coba bang ferry telusur,0
hebat perintah mulyono judi online kembang pesat dg banyak korban rakyat nya yg makin sengsara,0
g semua tp rata orang y duduk atas dr lurah sampe pusat muka ky bang t,0
emang budi kntl,0
hukum tegas,0
ayo stop judi coeg biar putar ekonomi normal,0
khatak mang dasar tolol ngapain lo cari ga kabur emng lo yg kaborrr kaboor karna takut wkkkkk tololll tololl,0
gila sihh gilaa,0
respect bgt bang metal fire fire fire,0
sebentar serbu buzzer,0
apa kabar konsorium hukum tajam bawah tumpul atas laku kawan,0
judi togel darat banyak bang lindung oknum,0
moga allah lindung bang ferry keluarga,0
baru ojo gigi sendiri cap plock cap plockan gigit gigit,0
bg ferry mirip banget profesor film money heist wajah otak sama sama cerdas,0
judol narkoba usak besar generasi bangsa laknat khianat bangsa oknum jabat negara memdukung praktik judol narkoba,0
pantau kawal terus juang bung ferry karna juang beliau bukan main main pasti tindak beliau ancam dapat bandar oknum perintah segala bagi nikmat hasil uang haram influencer giat judi kalau info bahaya beliau segera kabar beliau kalau beliau hasil berantas perjuadian online dampak sangat besar negara warna indonesia khusus anak cucu kelak terus majung bung ferry tetap semangat luar biasa,0
uangny alir aj telusuriiii,0
suka judi online sering lihat orang main judi online teman kali kali minjam duit judi online syukur orang tua guru ngajarin main judi masuk judi online baru kemarin diskusi sama bapak kena bahaya judi online diskusi ga asa tinggal keliling tetangga mayoritas main judi online miris sekali,0
semua malapetaka negara sumber raja jawa mulyono bin fir aun kuasa tahun daya hancur lebih senjata nuklir mulyono keluarga kroni nya wajib seret adil jatuh hukum mati,0
mulyono ikut campur tanggan ngga kan si budiari sampe kasih harga,0
asli hasil rezim jokowi usak negara,0
blokir aja vpn ucap warga cinta vpn block dns ucap warga kasih dns block tenang banyak jalan tuju roma ucap warga bijaksana,0
palms up together,0
muscle,0
moga al segera ketangkep budi arie,0
maju terus bro,0
serius kominfo bubarin aja lah bukan ny jaga media ol segala bentuk digitalisasi negara malah jd beban entah dr bijak tolol ny yg udah lewat skrg yg tau gendong judi ol lembaga idiot emang ganyang aja lah ajg,0
beres,0
bandar masuk kabinet mau gimana sweat smile gila skr judi online udah download resmi play store sweat smile,0
panjang umur kamu deekk,0
kecewa bukan bahas ulti nol,0
daripda lindung tanggung aja legal biar yg untung negara hahaha jadi main judi online yg rungkad silah subsidi perintah uang hasil judi online yg dapat perintah hahahahaha kocak anjir gilir yg lindungin judi online beda gerbong baru tangkap joy joy joy joy joy,0
it s okay ferry insya allah allah lindung kamu keluarga aamiin tetap speak up benar,0
inisial sebut aja,0
ga ditagkp gembog judi budi ari siyapa yg percaya blom tindak kalu org miskin cepat bnget ditagkp knpa budi mas senag baru bulan dagkat kkyaany luar biyasa tagkp,0
al sp guys,0
tambah bang bukan judi online tipu online,0
jelas lihat sentuh,0
asli gw suka gaya lu bang gw gak takut mati gak mau mati sia sia sih cadas asli gentleman poooooollll opening nya gw banget gw rasa sangat serius kata laku peduli apa sedang jadi hiduporangbaik tada tada,0
itulo ketua projo pro judi onlai periksa,0
pegawai kominfo yg tangkap kan sebenernya cuma spt tukang kutip pasar kaget ambil fee spy ttp jual bandar judolnya sendiri sentuh berita yg tangkap cuma buat situs judol kecil an influencer langgan judol,0
if something happens to him remember he didnt hate himself,0
negara sulit kembang banyak khianat dekat dg kuasa,0
bang artis besar yg seliwer tv benar dekat bandar bahkan chip in industri judol,0
data bobol kasus judol gue aja kalo ketemu orang mau bangettt gue siram taaai sumpah v face with symbols over mouth,0
profesorr,0
turut beliau salah satu contoh orang turut dapat promosi atas berfikir beliau dalang utama mungkin salah salah banyak orang mau main peran spt beliau,0
si budie ketar tir joy,0
knp negara legal sj trus diajakin gt bikin casino pachinko gt,0
semangat bangg,0
tahu beberapa orang bunuh diri krn judol pinjol duo kombo maut moga libat segera kuak adil kanker bangsa,0
heart heart mantap mas mslh judol pelihara utk bisnis sumber income bukti ibdikatornya sdh thn dipelihaya mlh alat dilengkali rugi besar negara nasib nkri salah urus menyedihkn joy joy,0
sehat sehat bang moga allah lindung bang fery keluarga tim mp,0
ayo penjara tunggu mu pak jangan kabur loooo wkwkwkwkw,0
konten yg bagus,0
banyak konten medsos bahkan konten tajuk religius promo judolnya cry cry cry,0
klo abang tau si al ga lgsg laporin aja bareskim polri jagung lgsg laporin aja acara abang lah,0
sikat kalau anak ayam banyak tangkap sekarang gilir induk ayam fitangkap maju terus bp prabowo ibu mutia hafid,0
invasi russia ukraina bisaa benar bahas video,0
gue sumpahin lo jadi presiden masa depan bang,0
budi ari siapa mulyono alias jokowi,0
gas terus bang heart,0
pro player mobile legend tanggepin dong masa sadbor doang g sebutin satu jonathann liando r,0
al siapa cuy,0
brantas koruptor rugi negara baru hebat,0
ayo bang cerdas iq,0
siapa nih bandar,0
haha vs budi om,0
tenang mas ferry nkri negara anut azaz demokrasi pancasila warganegara lindung uud pasal sampai benar hoax maaf jikalau selamat hidup ancam misal yakin dewan ham pbb tinggal diam minta klarifikasi orang pimpin negara anut azaz demokrasi tsb nkri negara komunis china tiongkok atau korea utara berani suara lantang pimpin bangsa sekalipun pimpin ragu jujur tetap kritis bangun jati diri bangsa indonesia toleran arti lama warganegara indonesia laku jurus tindak makar perintah negara sah daulat baik perlu takut suara benar hakiki pray pray pray v thumbsup scales thumbsup mechanical arm mechanical arm mechanical arm rhino rhino rhino by anang siswanto civil society semarang jawa tengah indonesia pancasilais banget,0
luar biasa efek judol banyak orang bangkrut kerja habis harta keluarga beranta,0
emang gila bang judol ni akhir akhir history chrome gue isi judislot semua entah masuk lewat mana padahal umur umur amit amit mau judol gila emang kalau orang orang punya uang kuasa,0
nyata ikut perang,0
keren bang fer ngeriii joy semangat bang prjuang benar,0
bang nanya bang purut lu setor jangkrik sampe pak lurah ga terus bandar yg minjemin private jet mantu pak lurah bukan nanya bang,0
moga tuhan lindung bang heart,0
ari lasso open mouth,0
bang lebih kongkrit lg aksi bang langsung kolaborasi sama polisi yg kait bang,0
tuju fight till the end god with us,0
kapan bang ngobrol sama bang ferry amsari blush blush blush,0
siapa yg lu sasar bang ingfonya ges gk ikut kembang internet,0
maju terus bang gw harap lebih orang punya basis masa besar kayak abang buat suara gw dukung penuh,0
projoperusaknkri,0
mantan menteri wajib periksa,0
presiden prabowo nya nonton vidio sih orang nomer indonesia nonton vidio rakyat biasa feri irwandi aja berani perang buka habis habis lawan bandar mavia judi segala daya upaya power yg milik apa ex kopasus sekarang jadi orang nomer indonesia punya pengaruh sangat besar indonesia asa malu kalau tak berani tindak besar besar tumpas habis semua mavia judi online kecuali alas apa politik teman apa penting rakyat bangsa atas segala gala lah kalian kalian pilih kelola negara baik benar se adil adil,0
sehat selalu bang ferry,0
hati hati bang ferry butuh jaga lindung saksi begini bang ferry sangat resiko,0
kkp cuma ganti logo pak,0
stop bilang judi korban yg bnar korban keluarga kerabat org sekitar perintah jgn fokus judol yg sifat game kya slot judol bola mesti sikat judi buat tatanan ekonomi ancurrr,0
dr opening closing sprtinya bang irwandi tau betul diri ada situasi yg sangat bahaya skrng,0
indonesia gak maju kalau kolam yg kotor gak bersih,0
okehlah katak bhizer cuma kroco lu gak sampek segitu bang lu berani banget bang lu lawan mafia sob uang kali kali lihat jumlah uang lu bang gila bener fire fire fire,0
website sekolah gua padahal kena mallware korban hacking judol malah yg libas mabok emang,0
pernah minta bantu seo judi onlen ditawarin fee juta,0
bingung dipikirin candu judol tuh apa,0
maaf nanya bang gw cuma orang biasa sekal nonton yt bukan streamer influencer gimana tanggap orang sedang live apa tiba situs judi donate gift apa laku orang sedang live tau situs judol orang yg tau mohon kasih jwban,0
jadi inget tuh sambooooo gmn,0
siap mereport aku promosi judol ig fb,0
gw tau channel lu tahun an waktu lu ngvlog desa bang,0
sifat rakus manusia,0
percaya kawan negara berantas judol saban hari bang ferry bilang banyak tikus tikus koreksi babi babi perintah lindung bisnis iblis info memang program jalan mulus benar banyak nama besar politik polisi ungkap moga negara jadi lebih baik,0
luarrrr biasa,0
akun animasi tekotok aja sdh resah banget sampe turun gunung bantu masyarakat sadar bodoh judol sampe bikin part biar semua paham alur siklus orang jadi miskin bego judol,0
jgn saling tunding semua mn yg bs bukti sp yg benar udah klu kononinfo ga salah bok semua situs judi sp pejanbat teriak nanati,0
sangat prihatin yg udh candu bahkan gk sadar diri miskin pelan cry,0
semangat baangg,0
judi pelihara,0
profesor,0
al siapa bwaanngggg,0
website sekolah kena phising judol hapus muncul muncul seperti ahli it buat phising masuk server mungkin laku tangkap tuh komdigi,0
bismillah berantas judi online,0
lagiann pak jokowi orang kek budi arie dijadiin kominfo anjirr kek gaada orang indonesia aja cry,0
gacha skin mobile legend masuk judi bg,0
cuma doa lu bg moga allah jaga lu makar rencana buruk pihak yg lu bongkar jahat nya,0
keren bahas daging semua heart,0
jadi siapa al,0
gana bos hari minimal uang masuk keluar judi online m bos minimal bahkan yg bilang sampe m giur kan orang miskin judi doang tau rb rb rb tolol,0
suami keponakan gara judol habis kurang lebih juta cry,0
bro moga lo baca gua orang nakes gw nntn episode coby nemu luffy gentong rcti bhkn gw ngrti apa yg trjadi arabasta gw kuliah gw mau nny knp bro org jujur perintah hasil lbh kecil banding org yg gk jujur kerja apa benar negara bs gaji pegawai dgn sangat besar,0
sukses bang allah lindung,0
mas feri lg aktif bet yt,0
sikaat bang judol yg cipta efek domino negatif buat ekonomi negara akibat langsung buat banyak usaha dampak omset jual judol ujung nya omset turun phk laku jadi judol salah satu faktor yg buat dagang ekonomi indonesia baik sekarang,0
bang speak up kait pinjam online lingkung dekat mungkin banyak orang alami sama orang orang jadi terlalu gampang foya foya hutang terlalu gampang pinjam orang sadar bunga sangat tinggi akhir jerat hutang makin banyak,0
respect fire fire,0
khianat negri harus hukum mati masuk koruptor,0
terlalu lama biar judol sistem udah kuat banyak sekali tikus besar yg lindung judol lawan bukan dar bandar jabat yg lindung sistem judol coba awal arah tegas dg aksi nyata berantas judol sayang terlalu besar jaring dana byk rakyat yg jerumus byk keluarga yg jadi korban,0
semangat jangan serah suara baik benar bro,0
siapa tahu budi ari jadi induk semang judol bawah laksana lapang,0
tri kemarin internet cepat buat apa tri belum sibuk korupsi tower,0
kalo nemu situs group tele group fb judol ngelaporin,0
renti jadi admin mulai merucut prostitusi maaf buat kalian depo aku ampun aku yaa bos besar memang pernah lihat kelola kurang ngajar system kerja bayar gaji banyak drama henti kalian lingkup love you,0
jgn balik baliho milu kmrn yg masif seragam libat gratifikasi bentuk baliho partai baru nun sayang nyata tak hasil dongkrak suara signifikan utk masuk parlemen,0
tmn mau beri sumbangsih kalian punya power besar share ni video semua orang,0
mas fery sampean pancen kudu terus ngomong ojo leren leren mbahas judol mas fer iki pancen coro paling medeni ngerusak negoro indonesia,0
makasih banyak bang,0
influencer asal bal banyak banged lho yg promot judol gk yg kena aneh,0
gua gak takut mati gua cuma gamau mati sia sia,0
trendingkan trendingkan trendingkan,0
joy rakyat sih dah paham begitu tp presiden aja pe a pura gak tau joy,0
tangkap pak polisi sampe main,0
hajar bang fire,0
gua skeptis arah apatis berantas judol yg ekor cuma curutny majikanny yg paling masuk akal adlah ga usah harap judol berantas,0
manusia sendiri jaman dulu nama judi ga kaya bandar sadar semua pikir jernih,0
asusmi pribadi kalau projo jadi partai resmi buzzer mulyono jadi legal sungguh luar biasa daya rusak buzzer mulyono,0
kongkalikong gin tuh sbnrnya gak perlu pake pikir panjang selidik dalam les barang t dibiarin subur lalu bego mnyangka gak ordal nya pret cupu mana jadi lah,0
campur tangan perintah mungkin judol negeri kembang biak baik berantas judol kedok nyata lindung orang baik yg punya ahli bidang gerak tak usah nunggu aba perintah kalian pahlawan selamat bangsa,0
la hawla wala quwaha ila bi llaahi l aliyi l adhiymi,0
mantappppp banggggg thumbsup thumbsup konten edukatif biar melek pilih jangan lupa dzikir pagi petang bang tolak sihir gw harap tri koperasi buru tangkep rage,0
emang kontol judol emang kontol orang kecimpung judol,0
terus juang berantas judol bang masa dpn negara terimakasih bantumenyelatkan negara,0
dengar setia channel paling waras youtube sejak k subs point up,0
main general,0
kalo warnet habis pc monitor nya bukan judol butuh hidup pas warnet udah ga mau maen warnet datang paling cuma mau nge print doang akhir sekarang udh tutup sweat smile sweat smile joy joy sob sob,0
tangkap segera si budi ari jadi menkop kabinet pa prabowo si budi orang bahaya tri gaya preman bohong pki gaya baru titik negara aman da rakyat sejahtera,0
pro judi online,0
hukum mati penghianat bangsa,0
netizen skill detektif kalian kerah lah cariiiii siapa al,0
negeri penuh ironi,0
ngerriii joy,0
bung gua ga kata banyak sy cuman mau bilang terimakasih atas juang bung lama warga sipil sama ferry irwandi,0
halah paling cuma hukum tahun,0
lanjut,0
pak presiden lindung abang ikan lindung pak presiden bukan mang jabat peduli sama bangsa,0
kominfo komdigi,0
tanya yg bulan bulan inisial t knpa gk singgung,0
denny cagur malah jadi dpr sweat smile sweat smile sweat smile,0
lebih dar katak bizer joget sadbor parah denny cagur yg jdi dewan dpr niirr pukul mundur tuh seleb tolol lawak gk lucu,0
yg sulit atas ordal,0
siapa,0
pantesan profil tretan madure kominpo wkwk,0
bro layak anggap pahlawan,0
katak bizer anjing,0
gilaaakkk,0
ngga lagi binggung jelas jelas nama judi fisik aja pake trik nipu aja kepinteran main judi online jelas kalah lah kalau menang cuma buat efek biar tagih doang inget online based on scripting alias program rekayasa jadi kondisi tentu ngebuat main kalah terus aja mau an dikerjain terus terus ampunn oia bicara sisi konspirasi ga sedikit lhoo duit haram pakai buat modal politik speak no evil speak no evil kata om fery belum duit haram judol duit paling hallal buat modal politik duit tak tuan nih analogi negeri konoha perintah konoha bantu tunai terus si tol l pakai bantu tunai buat judi duit judi masuk oknum perintah konoha duit distribusi buat modal politik bayar beking adil jaksa police bahkan jabat inget negeri konoha jadi salah satu cara halal ram buat korupsi kan lah sebab judi negeri konoha ga bakal ilang,0
kunci smua masalah didik orang didik mau sentuh,0
film judul nya money kalo ga salah film gambar ttg betapa kuat bandar buat atur alur judol yg mana sgt rugi main nya ges,0
jawab soal judol waktu sering muncul rels laporin meta plus tag kominfo eh malah account lapor kena warning warning meta,0
budi arie wajib periksa seluruh telanjang mungkin libat,0
gasssss,0
negara diri atas ironi mafia das mulai satron segala aspek hidup bangsa,0
moh limo ajar falsafah ajar sunan ampel salah satu anggota walisongo ajar isi lima laku moh main arti mau judi moh ngombe arti mau minum minum keras mabuk mabuk moh maling arti mau curi moh madat arti mau konsumsi narkoba ganja moh madon arti mau zina main perempuan bukan istri,0
panjang umur juang boom boom boom boom boom,0
semangat bang bismillah jujur lebih keri lawan kata santet,0
sandiwara terus lanjut joy joy joy joy joy joy joy joy joy joy,0
tahu siapa inisial al,0
muak dgn sandiwara perintah,0
gua umkm dampak banget karna judi online daya beli masyarakat sangat jauh turun orang zaman sekarang lebih pilih doposit belanja,0
bang ferry pahlawan modern abad bismillah judol lenyap,0
kawal terus bang sampe turun,0
org songong bgt banyak omong padahal lambat menganalisa md universe jauh lebih cepat drpd lu,0
nyata buzzer kasih makan pakai uang haram judol makanya akhlak minus,0
bissmilah tuhan langsung yg membackup mu mas ferry nama sepak terjang berani taruh korban cerita utuh anak cucu kelak abad kondisi tanah air yg sosok pria gagah cerdas berani nama bung ferry irwandi heart panjang umur sehat selalu mas ferry aminnn,0
jelek kritisi kerja bagus ngk usah puji emang gaji utk kan,0
anj bgt emang judi online sial judi online jadi personal buat gua bang bapak gua main judi online bangke togel anggap gapapa bangke gua udah tahap anggap bapak gua exist dunia bapak gua udah tipu jt harta soekarno tai sekarang malah main judi online tau gak judi online kalang orang miskin utama lingkung rumah gua marak banget kek hampir rumah maen togel gua ga mau sampe downfall keluarga part jadi akibat judol gua udah saksi banyak dagang rumah yg idupnya ancur judol help bang judol kalang bawah tuh udah ga tolong,0
a,0
dukung penuh bang,0
miris banyak teman yg gajih nya paspasan malah kena judol jadi hancur hidup nya keluarga nya banyak hutang sana sini,0
opening sangat bakar,0
close the door udah aman hehee,0
semua jabat tinggi indonesia tau semua bandar judi kelas tinggi balik judi uang yg luar biasa besar uang alir keman bandar besar tdk sentuh hukum,0
selalu lindung allah bang palms up together,0
semangat bang thumbsup,0
maju terus bg fer fire,0
fire fire fire fire fire fire fire,0
jokowi jokowi,0
eh baru inget judi tu dah diajarin kecil mulai kertas gosok hadiah uang x harga beli lotere warung hadiah main n piring sekolah responnya lama banget ortu ga sadar apa waktu wkwkwk jadi wajar aja kek mudah bawa judi next level yg sekarang,0
presisi ngepres sana ngepres sini,0
makin banyak orng yg sadar bahaya judol saat influencer promosi judol maki maki orng stop,0
bongkar keterlibatwn al bang muscle fire,0
menteri yg gag paksa koclok,0
merinding banget liat orang jihad jalan allah,0
yok tangkap budi ari,0
ganyang zionist budi ari,0
sori awam nih bang rugi derita rakyat kan sngt jelas tp rugi negara apa kok sampe trilyun pajak,0
bg gw punya beberapa tanya bang cuplik talkshow judol kata mau legal gimana dah tuh hubung ga apa jadi aman semua org besar yg lu maksud,0
nyata usak generasi bangsa anak buah mulyono yg bisnis judol yg lg jual kurikulum merdeka sistem zonasi nya,0
inisial al harus yg bongkar pegawai ex kominfo yg tangkap rasa cukup bukti bukti yg kuat klo gw posisi pegawai yg tangkap mungkin bakal gw bongkar al siapa alesannya ngapain derita sendiri bawa al sell klopun satu sell leding aja pala moyai,0
gas bang ferry otak kendali judol berantas,0
bang bilang kalau loe jihad ikut dong bang emak budhak corporate cuma repot rumah kantor bantu apa kasih tau bang gimana cara ikut bantu ken punya hidup lebih arti plis arahin gimana gue serius mau ikut peperangan,0
yg mau tau cr perintah china perangin judi online tonton game of change booming skrg dichina booming dluan jg cara perintah sana cukup hebat dukung kuat politik jg jujur polkis sana mknya bandar nya yg dr china sekarang keluar china ga mikir ribu kali mau promo negara,0
judol musuh sama,0
bang ferry aja tau perintah diam,0
ada yg ngeh kominfo kna grebek aktivitas buzzer kurang periksabudiarie,0
bayang bayang dinasti pengaruh pak prabowo moga pak prabowo lepas dinasti judol pinjol hutang riba,0
airlangga hadeeuhhhh kolega mulyono,0
kalau sdh sangkut duit semua tabrak ikut sugih mau mana jabat utk kerja utk rakyat mrk kerja cuma mmperkaya diri keluarga semua jabat ky raya mana dpt uang harta tebar mana,0
iktuan dong,0
next bikin sang lindung bisnis motor bodong sang lindung timbun bbm sang lindung timbun pupuk subsidi sang lindung bandar narkoboy,0
orang luar negeri tau judi asli joy,0
bagus,0
kuasa punya anak mau anak kalian semua hancur,0
iklan lu judol bg wkwkw,0
prabowo bersih orang orang kotor yg dulu lindung kuasa,0
benar jahat judol sangat gampang berantas perintah perintah sendiri lindung siapa rakyat harap perintah malah lindung judol hancur rakyat sendiri tetangga jadi korban judol akhir rumah tangga beranta jadi gembel semua lebih dekat diri ilahi jaman makin edan hancur an perintah bunglon munafiq akhir rakyat jadi cerdas pilih pimpin negri langsung hidup anak cucu depan,0
nonton no more bets jd makin yakin aparat negara sbnrnya tau tp banyak libat jd g gerak kwwkwk,0
super hero gak selalu pake jubah,0
ferryirwandi ente pahlawan,0
rangkul semua teman teman buka mata kalian jaga negeri cinta heart mc,0
vibes nya beda nih mas ferry,0
artis main moba yg promo judol gas om ferry,0
orang paling selon big applause,0
gua ga takut mati cuman takut mati sia sia kelassss king fire,0
postingan lebih ngeri lu nantang dukun bang hati hati jaga diri,0
naik trending,0
menteri kok rawan joy projo kan singkat pro judi online zany face,0
mantaap bang,0
indonesia butuh super hero salah satu super hero,0
let s go,0
pribadi lebih percaya diri jahat atas pimpin ri sangat miris lihat dampak timbul atas jahat sungguh kompleks,0
memang akar bang soal ngingetin main susah minta ampun,0
yg pernah jadi influencer judol den cagur sule fiki prasetyo arie lasso dewi persik wulan guritno gilang dirga nikita mirzani young lex erico lim siapa,0
biang keladi judol cuma kominfo polisi tinggal audit total aja tuh semua ciprat abisin biar bubar sekali nih negara,0
legal aj regulasi ketat negara kontrol,0
info grup belah kata partai coklat ikut lindung grin grin grin apa iyaa duit pelihara judol pernah pake buat milu grin grin grin,0
kaya nya mungkin besar g orang besar tetep jadi korban korban orang lapang grin grin grin grin grin,0
moga mas ferry keluarga senantiasa beri sehat selamat aamiin robbal alaamiin palms up together moga channel aman lancar palms up together,0
damagenya luar biasa bahkan rasa orang yg tahu apa judi online,0
kerennnnnn,0
terima kasih bang heart,0
heart heart heart heart mantap bg fery pelan semua ungkap,0
budi arie tri paling buruk yg pernah lihat,0
jahat yaa orang dalem sendiri krn tau celah main,0
semangat bang muscle,0
siapa woyy al sweat smile,0
gue curiga data negara yg pernah retas memang sengaja oknum kemkominfo kait dgn judi online,0
indonesia butuh lebih banyal ferry irwandi,0
gw main ig doang yg cuma gw lakuin sekarang gw report tu akun yg promo attach judol ga peduli akun besar engga sering akun meme konsisten guys war lawan judol,0
moga allah selalu lindung bang ferry serta keluarga keburu aamiin,0
judol banyak arti orang perintah kalo iya berantas lantas berantas apa coba kan berantas korban kan aneh udah jelas korban fasilitas ada link judol gajelas kata manis bakal wd,0
perang besar sih,0
bikin grup wa lah bro klo emg real mw niat bantay ginian ngemeng doang ga sendiri mh prcuma klo msh narsis,0
anjing bgt sumpah org org yg harus bayar buat positif justru jadi dalang negatif bangsaat,0
ayo bang gua dukung rang judi online,0
moga lo selamat menang tarung bro,0
jadi sekarang gw ngerti katak bhizer pede nyenggol bro ferry beberapa waktu lalu,0
jual anak ntt astaghfirullah lulus seleksi pegawai tetap jadi pegawai ga ngomong cry,0
terima kasih banyak mas feri irwandi rang judol klo apa bantu pray pray,0
gak mati lah bg,0
liat bang ferry keinget professor yg money heist,0
usut tuntas,0
ayo komen akun presiden pak prabowo kasus,0
gokill semangat terus bang moga indonesia bener bersih judol soal orang terdeket gw jerat,0
kalo mau tau wajah asli judol silah tonton film china judul no more bets rating,0
laku bondas laku apa masuk biar,0
yg warnet tangkap main judol bandar nya perintah dmana bebas percaya lah judol jalan suatu negara bantu perintah semua karna mafia sanggup sogok kalian lah usak terus anak anak bangsa cry fuckkkk sob,0
jaman mulyono kok gak up apa karn lindung mulyono moga pak prabowo istiqomah lindung jurnalis yg ungkap benar busuk jabat yg libat judol,0
jiwa one piece bang ferr darah daging fingers crossed fire,0
gg sih lu bang,0
sebenerny situs judi yg blokir udh brapa bnyk sih kq gw tiap buka situs komik online msh bnyk iklan judol tebar sana kykny situs judol emang susah berantas sih ibaratny tutup satu tumbuh sribu sweat smile,0
judol memang anjing temen gara judol lilit hutang bunuh diri cry cry,0
trading ikut nya apa bg,0
gw gak takut mati gw gak mau mati sia sia ferry irwandi quote tada,0
masyaallah mantappp,0
nama baru ferry irwandi ferry gambling buster irwandi lg yg,0
malem brati yg nyantet gagal bang kelassss malah ngajak battle king judoll gassss abang,0
bidie areiiiii jadi mwntri jadi tau yaa apa jaga joy,0
moral mental jabat lebih maniak begal jalan mas fery baik masuk politik buat ganti jabat sadis kapan yg muda kritik terus,0
i stand with you bang,0
sehat selalu bang juang sia sia,0
bubar kemeninfo digital kalau gak berantas judol,0
jelas mantanentri kominfo usut,0
baca dzikir pagi petang sesuai sunnah doa karna baik baik jaga moga alloh jaga aamiin,0
bang gatau sekarang rame judol sana sini ditangkapin aneh temen ko main anteng joy nih tangkap sana sini apa joy,0
keras mmg bapak satu lawan kalau ga personal kaya ga keras,0
harap pak prabowo sedang masak rencana rencana matang basmi koruptor serta bandar judol siapa yg lindung fire fire fire budi arie fufufafa pigay keringat dingin cold face tuh,0
iklan judol banyak bebas medsos trs kira kira apa cma ekor yg ketangkep,0
suara beberapa kurang jelas kayak gremeng,0
doa moga selalu lindung tuhan maha kuasa,0
betul dampak judol sangat nyata semangat mas ferry irwandi,0
mulyono keparat pimpin asli nepotis kolutif korup rusak meritokrasi,0
poker jud l warnet joy joy,0
bos judol presiden takut pada joy joy joy joy joy joy,0
dulu benci bgt liat ni org ngoceh sekarang gw bangga kalau lu berani kritik perintah,0
terima kasih bang ferry bu menteri meutya hafid pray ayo selamat generasi bangsa judol,0
raja akhir,0
bisnis judi pake fasilitas negara,0
raffi ahmad mesin cuci,0
semangat didik kaum akar rumput bang,0
masuk kurikulum masalah utk didik calon rakyat hukum kuat,0
aku kesal sekali sama orang bayar lindung malah jadi jahat nya ku doa moga orang balik judol mati kayak filem final destination aku kesal sekali sama judol adik ku pernah aku lihat main judol aku tau kalau judol kira cuma game biasa ku doa semua orang balik judol mati sekali mati kayak film final destination,0
keren lu bang heart,0
ngga takut tanggung jawab allah atas rusa generasi buka situs judi,0
sejsk jokowi rampas hak pak bowo segala jahat tumbuh asuh jokowi joy joy joy joy joy,0
gila lo fer keren abis gua dukung lo,0
merinding bang fery aku dukung bisa bang heart,0
gue punya teman yg candu judi online awal baik menang selalu traktir duit yg lumayan lambat laun hidup hancur hari nongkrongnya depan atm sendiri istri anak urus tabung habis rumah tanggany hancur cerai ujung nya tinggal bunuh diri,0
ikuzo,0
hidup projo joy joy joy joy,0
sikat oak periiiiiii,0
gw doain lu selalu selamat bang amiin,0
keren kamu bung fire fire,0
budi judi arie,0
judol sengaja pelihara rakyat makin midkin rakyat miskin biasa gak melek didik lebih mudah beli bansos dapat suara begitu skema negara konoha sweat smile sweat smile sweat smile,0
hebat om ferry baik baik manusia yg manfaat utk orang heart heart,0
pilih nya judi narkoba judi turun narkoba naik hati mafia bandar orang yg sama,0
aku gak punya power aku cuman bantu doa like komen and subscribe,0
iyap gue cukup curiga sama kerja kominfo soal identitas bocor kena hack nyata kerja kominfo lama lindung situs judi online sangat lihat mungkin orang tri kominfo tau soal,0
nama projo pro judi online,0
tangkap artis nikita mirzani wulan guritno iklan judol,0
yakin yg berani nyelesein judol dgn jalur hukum paling yg kroco yg tangkap cukong besar nya aman aja cengar cengir nikmat hasil bisnis judolnya,0
tau siapa bandar bandar masa jabat si anak buah ngebina situs situs judol imbal upeti jatah preman moga segera tangkap,0
gw ga yakin sih bandar gede bsa ketangkep sama kaya bandar gede narkoba aman,0
orang unlike indikasi projo bandar,0
q yakin prabowo udah cium jadi tri dulu diam aja gak mau bongkar takut sama joko krempemg buat kamu bang nyawa ancam bantu kamu kabur taiwan negara lindung orang kamu aju indung sini sayanyakin orang kritis cerdas lindung trimakasih salam mantan warga indonesia,0
hmmmmmmmm ckckckck sedih korban banyak,0
yakin you are not alone god with us yg tuhan sama orang yg benar judi haram musuh manusia sama iblis balatentaranya yg guna manusia dungu bodoh ut jadi budak,0
cokol ko bang jadi main salah satu tri yg ubah jaman jokowi makanya ngeliat tangkap kemarin pesimis judol beres,0
inti menkominfo si budi useless arie perlu periksa,0
gila sih kalau nge backing fraud ratus triliun cuman dapet beberapa miliar so cheap jaman belanda ga ubah emang ni pimpin,0
hukum mati layak ga sih thinking,0
iklan yt reels facebook iklan fb reels ig smua jadi sistem buat sebar fb banyak banget sih akun lucu yg nyebarin judol,0
gass bang,0
kalo tulis buku hardcopy biar terbit suatu tercopy online sebar dgn luas,0
terimakasih khalaqah subuh,0
judi online sulit sekali beking cuma kominfo bahkan sampe instansi oknum polisi sampe intansi perintah dulu sambo serta komplot oknum polisi lain gosip salah satu lindung judi online sampe sekarang oknum polisi kena tangkap banyak oknum instansi perintah libat lindung judi online pura berantas judi online pahlawan gua cuma hangat tai ayam mau tunjuk kerja aja lihat pak prabowo kerja berantas judi online oknum ciprat uang judi online besar sekali mungkin mau lepasin sumber uang gede gampang kaya diri bahkan buat modal ongkos politik buat jadi jabat lebih tinggi,0
m dg mr je,0
sadbor tangkap beking banyak influencer judol artis nama sekarang pernah sedikit tangkap,0
hati bang bahaya bandar judol,0
pentol busuk mepengaruhi bawah nya rusak negara ujung,0
sukses mas ferry angkat jadi letkol tituler judi online,0
projo isi orang judol semua wkwkkw,0
bang bahas berantas korupsi sekarang banyak ketangkep dong heheww,0
mungkin pegawai komdigi ketawa liat yg bahas judol,0
gas terus bang jangan kasih kendor,0
lanjut bang ferry insyaallah buat baik lindung allah swt dukung,0
potong rambut,0
jaman baheula presiden dulu soeharto gembong lindung endorse sama perintah utama ter an setan oknum hukum abri polisi buah simalakama gasss terus bro jgn kasih kendorrrrrrr,0
bukan judol perhati tipu dgn modus modus koperasi investasi asuransi yg bahkan iklan nya aman under radar badan resmi negara mostly tipu semua cara gigit nya short term gain long term pain u kasih enak sekali kali lalu kemudian u derita perlahan lahan mati sadly to say indonesia makin sini makin jadi negara mafia sekali bukan cuma judol pinjol tipu tipu dgn skema tebar yg paling pahit nya pihak yg biaya apbn sendiri yg lindung pihak warga yg justru tusuk penting warga apa short term gain long term gain orang orang bodoh yg mau bunuh ras nya sendiri senang pribadi sendiri lah nyata nya indonesia species sebut lapis bawah atas paling atas pulung yg asli nya copet pulung kalau malam hari semua fasilitas publik assumsi milik pagar rumah orang angkut lapis atas lapis paling atas catat punya malu hidup dgn cara cara bahkan dgn bangga jadi buat kingdom kendali bawah bawah,0
terima kasih inspirasi bang ferry banyak dukung abang,0
keren lu bang salutt,0
mantap berantas judol akar akar,0
gass bung ferry thumbsup thumbsup,0
aku belakang mas terus maju serang judi online maupun offline aku benci bgt sama judi temenku hidup hancur karna judi,0
gue jg udh pernah komentar si budi pas jaman ban steam judol aja ga urus game malah kena ban bahkan komunitas gue ricuh menteri genshin punya kantor indonesia bayar pajak genshin udh sering adain acara amal beasiswa buat anak yatim indonesia ehhh malah manfaat,0
emang mantep profesor money heist lanjut profesor,0
ayo dang cepet tangkap joy joy blush,0
singapore malaysia putus jaring internet kamboja philipina indonesia ngga money mouth money mouth money mouth,0
basmiiii judolllll,0
tangkap wa pribadi ku penuh chat admin bandar emang judol tipu,0
panjang umur bang terimakasih moga selalu lindung tuhan,0
menteri ganti periksa,0
maju terus fer suara terus benar dukung doa support untuk,0
heran sama orang main judi online sweat smile kok mau mau kibulin joy,0
justru sosok bang ferry yg lindung temen jgn hilang emas papua malah hilang emas yg lebih harga bang ferry pikir,0
judi judi online musuh sama terus damping fery irwandi persentasi guna duduk bumi ato indonesia,0
bayangin perintah apa gabisa perangin judol sampe youtuber turun tangan,0
luh keren boz gw bangga youtuber kaya luh,0
rusak negeri presiden yg lemah pimpin presiden siapa jawab pikir hati semua,0
udah ga heran institusi isi banyak manusia korup mulai menteri kominfo belum udah aneh segala sok mau jegal ellon musk biar bayar pajak indo produk starlinknya paling balik uang masuk kantong pribadi bukan pajak indo berantas judol sebenernya mental banyak revisi masyarakat banyak masuk kerja negara sebut pns bukan bangun negara bangun kantong pribadi ga pernah selesai lama kerja negara pikir cuma cari cuan bahkan lihat era milu mulai banyak calon lomba lomba iklan olah sedang bisnis bukan amal bangun negara,0
lu orang yg bakal gw teriakin d akhir krna dngn lu speakup judol bwaaaanyak yg jd melek betapa kasus paling bunuh d dunia krana adik ipar sndiri jerat judol yg kini hidup lubtang lantung gak kerja ninggalin anak istri dngan alas malu gak kerja emang anak yg anjing gak usaha untung mertua msih komplit mau nampung anak cm y kasi mertua sakit an sertifikat rumah gada motor d jual sm si anjing ipar yg gw khawatir nasib sehat mertua ipar bangsat bner msih ngegame judol d rmh ortunya mertua gw emang judol perlahan bakal ngebunuh per satu manusia dr laku org yg gak main gw liat berita bnyak bundir krna hutang buat byr judol ato kriminal judol bang lu org yg gw teriakin nnti ahir jaman lu org baik yg mau speak up judol buat d berantas pray pray pray semangat bang sehat selalu,0
mlm agm bang jenis berantas jg money game dah banyak korban,0
gass bang muscle,0
bang udah muntah paku,0
sangat skeptis indonesia penuh drama kuat balik orang atas greedy heran kasus kuak drama belaka cuma bangun harap palsu well who knows cuma rakyat jelata,0
buat berjud saran gue mah lo pikir bae dah winter is coming brow,0
ad yg tau al in siapa yuk tebak tebak joy,0
tetap waspada mas indonesia memang kasang bikin geleng kepala,0
sehat selalu benar,0
lindung judol klas ikan kakap arahkn sibuk kura dana desa klas tongkol,0
nonton bang ferry makan gaco dulu baru nnton wkwkwk,0
orang baik orang jahat selalu semua element hidup cenderung gantung main ubah cara dr waktu musnah bahkan buah bijak perang abadi sadar manusia ubah,0
artis promoin judol gak tangkap bang joy,0
ngeri bang hidup mu jd gx aman lw bahas,0
gue khawatir biasa nya sperti biasa bakar satu lumbung padi usir tikus nya bijak registrasi perdana nik nomer masalah yg tuju nya ga selesai yg kena imbas nya dagang konter masa jual kartu hukum nya pebih berat pakai narkoba yg which is temen nya ferry ironi ferry ngomongin ironi padahal ironi udah lah fer ngobok atas ga bakal hasil yg atas cuma ratus orang yg bawah ratus juta orang bikin sadar dr per orang aja dulu btw jangan lupa lama lapis bawah permisif sama kkn misal parkir liar gak heran punya pimpin yg lebih parah monyet pimpin sama raja monyet harimau pimpin sama raja harimau,0
bg fer bahas dpr ri promo judol dong sekali sama artis nya sweat smile sweat smile bahas titis aja bg biar gk kena delik,0
gas terus abang ku kawal terusss,0
face with monocle,0
juta akun bulan eh kurang paham sih sweat smile,0
klo pdip langsung tangkap projo ato gerindra lindung tahu lah cuma gimmick politik partai lindung koruptor tahu polo,0
sekarang promosi judi online udah balik scene live streaming game kelas turnamen nasional kolom komentar banyak spam promosi judol risih gua liat,0
orang tasikmalaya baru tau kasus yg ditampilin video bang ferry miriss,0
semangat mas dukung do a id thumbsup pray muscle,0
bang ferry moga sehat selalu,0
bukti prestasi perintah jokowi hajar perintah nya prabowo,0
rell fb banyak yng promo bang,0
gw dukung fire fire fire fire,0
mantap maju terus bang ferry irwandi sama rakyat yg cerdas lawan hancur segala jenis judi tdk kamus dg taruh judi hidup sejahtera justru hancur dg segala resiko kena kominfo publik yg sadar tahu klo tdk main ordal masuk menteri pasti publik tdk dpt akses judol shg sulit ikut masyarakat tdk dpt berantas krn ordal yg main penting sendiri lihat budi arie ganti nyata dlm jangkau minggu bbrp orang kominfo dpt tangkap judol nah lama tupoksi budi arie dmn kontroversi sepak terjang sering blunder tdk profesional tdk integritas data bsn bobol hacker kasus fufufafa sdh tahu tdk buka maklum otak sukarelawan jadi daya pikir abs krn sulit percaya statemen jelas ilmiah nyata perlu panggil periksa krn akibat lalai negara hancur sepakterjang munafik ingat judol dpt sedot sp ratus trilliun tambah apbn yg sekarang hambur kan penting ambisius proyek mercusuar kereta cepat ikn yg lebih penting dlm era rezim jokowi tatakelola negara banyak yg tabrak atur uu revisi yg justru malah bikin perintah tdk jalan baik korupsi hukum atur jauh adil makmur krn aktor utama jokowi minta tanggung jawab krn perintah legitimasi banyak protes tanya akibat janji nawacita jokowi semua zonk bohong besar,0
bang fery aku barusan nonton video md uni bahas judi online menit menit guna tampil artis yg iklan judol sensor website nya cut bener selesai narasi promosi aku curiga cara baru buat promosi judol kedok berita bang maaf berfikiran tp sedang trush issue bang pray,0
sehat slalu bang fery irwandi family s team aamiin robbal alaamiin,0
tau jud l kyk gin justru lookism skema yg dijelasin mirip kyk sekarang,0
tempat judi beri tempat pasu banyak,0
bang streamer game dulu pernah rame gak ditangkep,0
siapa sosok al panasaran bgt jawan dong sob pray,0
salam respect bang ferry kalau orang orang ga bayang negeri jadi apa sangat emosional konten,0
moga lu angkat jadi menteri bang era,0
gokil bang fire,0
sikat bang artis promoin judol kaya den cagur,0
tarik,0
alhamdulillah bang gua tadi pernah terjun penasaran pas awal alhamdulillah kasih kalah mulu jadi gak candu minggu hampir pikir mau terjun pikir efek panjang nya mau terjun karena hutang moga ajah jerumus moga beri lancar rezeki,0
kapolri jaman sambo sdh tau judol lindung someone cuma ngooooceh doang sampe hari mau tuntas judol ktnya t jg lindung beberaps anak buah sambo jg makanya kapolri cuma ngebusa doang mulut joy joy joy,0
kalau pgn judi online gak indo jangan bahas judi online kamu bahas judi online sama kamu promosi judi online kamu ambil untung jatuh budi kasus,0
gue lebih suka nonton channel lu channel maksud gue channel yutuber lokal,0
sebenernya lingkung gua banyak sekali laku judol utama slot bahkan salah satu rekan keluarga heran ko si istri boleh suami main slot gua sebenernya geram judol sangat dukung perintah berantas judol cuman jadi masalah gimana sih cara memberitahukan nya lingkung yg gua takut gua buat sadar takut ga nerima jadi masalah depan,0
ferry irwandi terus masak gas bocor fire metal semangat mas,0
bang ferry gua punya info kena judol affiliasinya bagai situs judol bales comment biar gua sampai info tsb,0
yg parah jabat bowo bilang negara qt kaya halu banget wong mas miskin eit makin lancar judi online joy,0
katak nyari elu bro wkwkwkwkwkwkwkwkw suruh mandi dulu tuh si babi,0
gak sih orang orang yg pergi kamboja tuh cek lebih teliti rata rata kamboja jadi admin judol bejir,0
semangat sehat terus bang ferry banyak masyarakat belakang bang ferry yg siap selalu beri dukung fire fire,0
moga allah lindung apa juang bang pray pray pray,0
letsgoo bang bakal suport terus fire fire fire,0
bang give away nmax ama alpard bang joy,0
sehat sehat bang punch,0
bcu daya beli yg lemah negara perlu pinjam n judi online sama pbb aja hutang bayar hutang mpe joy,0
banyak youtuber influenser punya situ judi online utama yg live mobile legend gua org sipil aja tau apa bung ferry kerja sama hasil punya web sendiri sangat banyak youtuber lbh org cuman bukti lengkap tp tmn bekas pegawai bos judi arti,0
sekarang satu orang berani habis bandar besar tangerang big bos judol nama bokai tangan kanan nya justin gak sentuh sadbor tangkap flokitoto milik bokai tangerang gak masalah bokai justin pny ratus website jaman presiden nya kena tekan hingga muncul akun f buat siapa si bokai tangan kanan nya justin big bos judol tangerang tak sentuh,0
udah bilang aja langsung inisial al tu bang salah benar triger laku salah tangkap org lebih baik ngorbanin juta rakyat indonesia,0
susah banget ampe muakkkk ngasih tau temen gw buat renti maen judol malah marah bilang gw so ngatur hidup org sbgainya pdhal kalo udah abis duit malah pinjem gw anjing emg judol goblokk sob sob sob sob,0
hajar terus bang oknum oknum dukung judol,0
kiamatjudi fire fire fire,0
gw doa bang ferry sekluarga lindung tuhan maha kuasa beri panjang umur sehat rejeki limpah spy jadi salur berkat utk yg butuh tolong amin pray innocent,0
sehat terus orang baik,0
sebenernya mudah aja sih buat tahu oknum oknum dukung kasus kasus iconic judol narkoba negeri jalan lancar organisir susah nahan suap nya joy joy jadi kasus judol narkoba gak pernah hilang negeri,0
sparkles bukan sipil rakyat tahan semesta dagger military helmet military medal sparkles mau kata agens mossad buah usaha jasa sewa kontrak sepakat kantor ritor dunia,0
al siapa joy,0
ati ati bang air keras senjata lain,0
solo mid sf joy,0
judol tarung marathon panjang lelah lindung keluarga masing dr judol mulai dr lingkup kecil,0
ayo spil inisial,0
banyak artis influencer promosi judi online kaga tangkap kalo tangkap gempar banget joy joy,0
masyarakat manja masalah selalu salah platform yg masalah kalau siklus begini terus bodoh gak pernah hilang putus siklus cerdas masyarakat bukan manja indonesia emas hanya wishful thinking semata lama masyarakat tahu konsep kalau buah tindak selalu konsekwensinya jangan selalu harap pimpin orang sempurna jangan harap pahlawan selalu hadir tolong selalu ajar berfikir dulu laku biar indonesia selalu jadi tempat jual mimpi,0
waduh nama gue inisial al sweat smile joy,0
ahmad ldani,0
mama logo semua biru,0
panjang umur orang orang baik berani,0
jaman zynga poker fb jual beli alih jd seler jual beli cips cips orang menang sampe naik level main poker uang asli alih bola sampe srkarang slot gw udah hancur rehat hancur karna tagih judi lebih candu narkoba kerja enak hancur sampe pesimis gak mau kerja karna mainseat pumya uanh deposit kalo kalkulasi m lenyap x usaha bangkit cara gak punya atm gak punya hp apa gw ydah coba tp punya uang aja akses entah warnet entah apa aja akses kalo bilang hancur gw hancur hancur keluarga udah gak mau tau gw temen gak mau kenal sama gw untung gw punya tempat singah buat dar tidur perempuan gw bokinin cuma kuat gw cuma cerita gw laku gw ttp stay gold,0
bang bahasa source code judol forum developer fb bang situ banyak jual,0
lindung channel,0
artis masa ga tangkep jelas lebih sadbor,0
emang era mulyono rusak pelan pelan bongkar era prabowo,0
lgsg negara udh ngebunuh beberapa org yg candu judol bundir joy ngeri coyy,0
propesor,0
perintah masa mulyotod bner jijik bnyk kekuranganny hwkw rofl rofl,0
meski konten elu orang pertama yg tegur influencer ml yg promosi judol sayang tanggung jawab lapor polisi salah satu marsha gila sekali stream marsha minimal jt joy joy joy,0
gimana bang kena gak santet nya woii dukun dukun peler bilang orang pinter kerja bener lah anjing nipu mulu peler,0
heran aja org kyk gin kasih harga,0
tiap menteri mafia joy,0
blm admin org indo yg kirim kamboja blush,0
bung ferry keren heart hands heart hands heart hands,0
gas terus trendingkan,0
gue cerita kpada anak org yg nama feri irawan yg sangat berani ngefens dgn tan malaka gue salut bg mantap thumbsup thumbsup thumbsup muscle muscle muscle fire,0
joko widodo,0
realita hampir semua platform video hampir banyak iklan pinjol judol yg mau tambahin info waktu tempat silah khalayak,0
adik goblok kalo gaji jangan dipake main slot mending beli sapi,0
koruptor orang kaya gitu wajib banget hukum mati sihh,0
bapak gw pensiun tni jabat lumayan tinggi bnyk anggota bagai provinsi banyak cerita ngeri yg sebenernya gw ken cerita tp aduhh takut keluarga ilang sweat smile sweat smile gw tau judol siapa dalang nama bahkan tdk sebut video saking gede beking,0
ingat konsorsium lawan bukan rakyat sipil bung perangkat hukum negara jelas butuh mental baja sih siap mati usik lumbung beras knife,0
gue tarung judol bro fer podcast gue hampir semua video gue angkat laku korban judol akhir dg tragis betul soal ideologis soal kominfo banyak video gue angkat kritik kominfo yahhh begitu konoha bahkan soal satgas judol gue kritik mana hasil bentuk satgas judol zonk sama sini jg gue nitip pesan kalau depan apa gue mungkin mati gue bongkar judol terus juang fire fire fire,0
gw jd korban judi dr thn,0
buat yg main judol coba nonton one more betts,0
menkominfo orang jokowi jokowi tanggung jawab,0
respect heart,0
mungkin beliau pahlawan era modern cara nya yg modern artis deny cagur tuan katak infuencer lain londo ireng rakus yg tipu masyarakat rela hancur keluarga keluarga kecil tanah indonesia,0
kata nyata perang kok kayak pasrah lah simpan pasrah nama bukan perang sweat smile,0
lama menteri tunjuk bukan hasil suatu menang kompetisi yg adil cerdas lama ubah,0
bang kalau lu mati gegara gw introvert turun jalan,0
left facing fist,0
al anis laswedan,0
satu kata bang wani,0
ikan contoh bang rencana a rencana b rencana c band,0
bung ferry irwandi sama warga rakyat negara bangsa mulai kembang apa sebut bahasa kias juang dasar neraka ingat aplikasi mulai orang dekat kota judol hampir mati lajur putar hidup banyak orang hancur berfikir pendek akibat hari orang tangkap aparat akibat efek judol mulai sekarang semangat bakar jadi pelita kecil pekat asap negri sekian salute,0
bang ferri sosok revolusioner tentang bijak korup world government,0
bacot bat katak balik dulu sini gausah cari cari kabur ting,0
panjang umur lawan fist,0
siapa inisial al,0
akhir bahas,0
reinkarnasi munir selalu waspada bang,0
pantesan gw report situs judi email kominfo beberapa kali g yg banned emang anjing semua kominfo bajing,0
situs judol banyak,0
ijin dowload bang,0
katak bizer siapa gaada yg mau seriusin gebugin apa,0
jaman jokowi kaya jaman orang gak punya pikir maen rekrut orang sembarang akhir nya hancur kerja nya laughing laughing,0
gacor mas ferry berantas terus judol bgst,0
my milenial hero,0
pasti jokowi beneran bersih ciprat duit judol sama sekali doi diem aja minimal lama tahun indonesia darurat judol,0
gua dukunggg banggggggggg gimana cara gua berantass judolll iniiii,0
kalo kontent luh lewat lewat besok ganti topik besok ubah yg bahas kyak nya sama dg channel bang harap abang kupas tuntas masalah utama masalah judol judol pinjol kyak nya satu lingkar yg oknum orang penting dah,0
dah gak aneh jabat sekarang yg gila duniawi rela korban rakyat uang,0
paling males begaul sama judi banyak omong,0
wenang berantas judol ga paham apa gimana bang efek masyarakat jadi korban banyak bundir aja blokir servernya kerja apa pura ga ngerti sih parah benerr,0
kawal bang ferry jangan sampe ilang gess gas terus bang,0
cuma kroco ikan paus damai aja,0
kawal terus judol,0
tuju bang ngk takut mati mati sia,0
salah hidup gue tahun era jokowi gue pilih,0
nyata dewa judi benar benar respect sunglasses,0
bang kok iklan elu judol sistem iklan youtube nya jadi elu ngga atur,0
sampek mantan menteri apa sampek mantan presiden nih uhuuuiii,0
disclaimer gue main fix oknum aparat perintah beking judol clue waktu satgas judol bentuk lama kemudian bet naik jadi bet arti akan deal perintah bandar judol asumsi makin bet naik masyarakat kecil main situs besar sama sekali kena blokir perintah contoh situs go group perintah target main influenser judol bandar akan sentuh sadar kalian judol viral apa judol viral kasus sambo harus cuman kasus bunuh rencana tiba tiba media belok judol gue masuk orang yg tau judol media masa sama sekali gak tau kata hacker canggih gak libat tracking situs milik inti audit tegak hukum bobrok mata duit,0
lama stiker close the door insyallah bang fery aman guys wkwkwk,0
muantep,0
sehat selalu bang moga abang selalu lindung tuhan maha esa,0
bang ferryyyy open mouth open mouth open mouth,0
moga rakyat indonesia segera sadar aminnn sunflower sunflower sunflower,0
semua jadi biar lindung harus kalian tau siapa yg paling tanggung jawab atas semua pimpin tinggi yg biar anak buah laku jahat lindung lalu jadi sandera tetap nurut sang pimpin kapan,0
knp ges kok baru ungkap sekarang knp ga ungkap tahun belum,0
lu keren ngasih banding bukan sama orang miskin cari untung lebih keren lu nyari referensi orang dekat lau keren lu bang,0
dedy corbu knp bahas badan kan lebih besar mesti nyali jg,0
yg hanya dividio iklan judolnya,0
lawan fire fire fire punch punch punch terus maju bro,0
loh main dota,0
inget matchfixing bola yg jadi pahlawan nyata dalang utama bang inti kalau jabat soasik tawar bantu membrantas orang patut curiga,0
judol sama narkoba ga berantas libat banyak pihak inget kata kang bahar preman pensiun bisnis bisnis bagus bukan bisnis baik bisnis libat banyak pihak saling untung warga indonesia doa kawan main judol segera akhir semua semua lambat,0
situs judol terindexs d google sweat smile,0
org kuat banyak susah banget tangkap judol korupsi impor joy,0
wkwk baru ingert aku pak udah beberapa bulan aku kumpulin publisher iklan judol menghijack iklan aplikasi anak anak banyak incar aplikasi age rating mayoritas publisher iklan pt markas hongkong china contoh iplayable limited enjoy mobile limited click tech limited sengaja target indonesia biusa lihat guna bahasa indonesia istilah judol sangkut konten anak anak gw mau laporin kpai malah kasih link forum pas buka situs malah langgar toa google ga akses dong kocak alhasil gw minta region restricted google sayang google lamban kes ga mau disalahin makanya sempet bawa argumenya google biar third party mengexpose judi anak anak sekarang main kucing kucing sama gw,0
bro benar benar lawan raja akhir raja akhir skull doa serta pahlawan respect,0
keren bang maju truss,0
sih judi salah joy joy joy joy dapat judi buat bangun negara buat betulin jalan dagang makan jadi laku ramai harap naik pajak rakyat yg rakyat tekan hasil keringat nya cari uang sakit sakit kena sakit kata nya uang judi haram mulut manusia kasih m uang judi jadi halal emang manusia bumi nolak uang jumlah besar kasih gratis phueee munafik joy joy,0
terus juang mas feri generasi muda yg lebih baik thumbsup thumbsup,0
mana yg nama judi ilangin kalo aparat ga yg jujur,0
salah abang kuuuu,0
awal aja udah curiga banyak konspirasi menteri kemaren,0
teman main judol nongkrong si sirkel biliard motor jalan untung ga tarik samasekali tipe orang yg malas main hp buat judol kelas olsop aja ga maksud males banyak tombol wkw kalian tau ga pernah menang hari hari depa depo trus menang kaga,0
memang budie ari terlalu bebas acak ngacak negri henti rumah,0
moga pihak bandara lebih selektif tahan orang mau kamboja vietnam malaysia pihak kbri perintah jgn pernah mau urus kerja sana masalah biar rasa apa neraka dunia,0
klo cma gin tenang bang aman dripda temen gw yg perna kerja cerita siapa aja dlm nya gw gk berqni sebut tuh karna bilang udah bnyk yg ilang gitu aja sweat smile influencer kenal bgt aja usaha,0
al temennya kaisar main tembak tembak bang,0
gw udah nungguin yg berani bedah kasus big respect buat bang ferry saluting face,0
orang dekat banyak jadi korban bahkan akhir hidup cry semangat bang,0
gas bang bikin movement,0
brantas judol,0
muka dongo gtu jadiin tri parahhh,0
judol open mouth open mouth,0
sy doa buat abng moga sehat selalu,0
ati ati bang tim social media strategy orang sebut sedang buat strategi bagaimana cara jatuh kredibilitas lu hadap umum bahkan orang gua ngingetin lu gin mungkin ikut pengaruh sebut nanti sweat smile,0
pahlawan bambu runcing heart,0
kamu musuh judi onlen napa sponsor game onlen,0
nuhun bang berani suara,0
fer hormat gw lu gw tawarin hampir x buat brangkat sana kawan yg beda yg udah kesana gw selalu nolak tawar gw pikir buat ngebantu negara buat bilang jangan putus rantai yg jadi lapang gw tanya kawan gw rata gak pilih gilas zaman segi kerja maksimal umur bilang perut no bukan negara konoha pegang teguh konsep perut buncit lebih elegan liat kurus kerempeng,0
pandai pandai nya sembunyi bangkai jahat maksiat rijsun judi online akhir nya cium aroma bau busuk nya mana mana,0
kalau orang udah cium ciduk malah laku cenderung aneh masuk akal komdigi sangat suspicious,0
si ba emang muka aja kriminil,0
bagai isu jadi anggap bodoh diaaaam makasih buat mas ferry sedikit dri sedikit influencer suara,0
brantas sih judi bandar bandar nya kalo perlu bakar bandar nya depan masyarakat,0
info judul openingnya,0
om ded tulung jagakno wong iki pray,0
bang fer satu aku tangkap sejak aku umur smp suatu hari kata semua pihak hasil berantas semua judi online indonesia meski mustahil maksimal paling berantas an paling jadi resmi kalian semua siap dampak baik buruk dampak buruk aku ambil contoh satu udah sangat jelas dampak baik judi online kalian pernah suka nonton film gratis baik situs ilegal maupun facebook kalian siap hilang semua simpel aja coba liat iklan salah satu bukti sebar judi online memang bener udah mana libat pihak mungkin bahkan kait judi sama sekali mungkin bener baik bukan ilegal dapet backup judi online kata hubung didik kalo kalian bener ken judi online hilang silah hilang istilah judi haram kalo menang gpp hh,0
sehat selalu mas fery orang dongo cinta judol tangkap semua,0
mauliate yaa bang sehat selalu mudah heart,0
taik bener ampe ancur daya beli masyarakat bangsat segera berantas abis bravo prabowo u can do it,0
ntah artis keluarga besar mana tokoh besar mana lindung promosi judi penghianat bangsa pokok penghianat bangsa dinegri buru jangan lolos kali gua respect banget sama lu bang jarang orang berani seperti bang moga tuhan kati lindung bang irwandi pray saluting face,0
entah bener apa ga gw kok ngerasa audio lu kurang bagus apa coba ganti mic bang,0
benar indonesia pernah kasino besar diasia tenggara las vegas indonesia marina city batam sekarang terbangkalai sisa yg buka kedai situ thinking rana judi online lah orang ayah sanggup jual anak yg bayi utk lunas hutang judi thinking jadi indonesia jgn kata negara orang ga regulasi tega hukum skrng judi online besar dunia indonesia yg aneh main judi online indonesia muslim taniah indonesia raya merdeka,0
https youtu be hnr oq wmna si lnjfassk vjixri artis jadi bandar,0
masuk neraka yg bacup judi online,0
viewers channel banding lurus dgn iq rakyat indonesia,0
seperti berat bang ada mexico tahun an cry,0
ayo guys laku masif gera berantas judi online pensive pray,0
mana berani bang akar udah jalar pesimis kalo pak wowo mau bersih bikin rakyat bangga harus ga pandang bulu maaf pak anak bangsa udah banyak rusak mati udah banyak,0
jadi fresh pas potong rambut joy,0
sy tdk yakin merka jt kagak mukin x,0
pascol dadang beton gimana nasib wkwokwow,0
aduh gimana si pak jokowi ko baru ungkap pas pak prabowo resmi jadi presiden,0
chanelnya vie cebhol ngungkap artis ikut ngelola situs judol,0
bukan maksud lindung seleb artis artis besar sekarang banyak banget ai video artis ubah jadi promosi judi,0
pdip gitu looh korupsi bukan cuman sumber dapat nya,0
mantap om,0
bang sadbor ko cepet langsung tangkep tpi dlu streaming esport ngga tangkap padahal gede gede sawer bang,0
pemuda berani,0
nikmir promosi judi wkwkw,0
bang ferry doa moga allah selalu lindung jalan mu,0
ferry irwandi have a great health and not suicidal,0
hukum mati dong sm aja ngajarin ank ank bngsa nyuru ajar main judi negeri mcm apa klo isi pemeeintahannya jahat jahat kelas kakap masa lindung sungguh kejam dn sadis jabat jabat negeri rakyat hebat baik tpi jabat pemerintahanya smua jahat sungguh hati iblisss,0
kalau kau turun,0
orang menteri nya aja banyak yahudi pesek jilat zionpenis,0
bang moga tetap lindung tuhan heart,0
cerdas lo bang intelektual,0
lah gua ga sempet nonton live lu bang lu baik baik aja kan cry,0
yeah kau pilih prabowo harus rakyat satu kritisi prabowo angkat orang yg gagal spt budi arie jadi tri kalian pas pilpres kemarin suka joged joged suka desak desak tabrak tabrak kali satu tri yg bukti gagal jangan dipake yg rugi semua,0
temen gua si ijul ama ade gua sipahmi ngentot maen judi wae bangsat emang,0
doa gua indonesia moga berantas judi online bener bener usut tuntas usak generasi anak anak gua,0
makin viral makin bagus rakyat tau judol sangat bahaya thumbsup full moon with face,0
yg kata oknum coklat aja kalo kantor nya suka maen ngab kadang suka mabar slot suara gedein sweat smile terus kalo rungkad pas gua nganter makan malah kadang gua kena omel kan aneh joy joy joy,0
telegram msih bnyak tu bang,0
promotor keci tangkap selebritis kok cuma periksa,0
prabowo berantas korupsi cuma omong kosong manusia jijik gentayang,0
bang fery orang baik moga ikan sehat lindung allah orang dholim menyakitin,0
jaga sehat bang irwan blush,0
bingung bang artis besar yg duga promosi judol periksa bilang gak tau kalau judol kelas artis besar loh yg mana punya manajer tim kok gak tau kalau judol sweat smile,0
bahas soal sabu yg tdk kala rusak masyarakat bang,0
the professor sergio real live,0
inti rantai besar yg pegang kuasa judol yg logika komdigi kominfo suara stop judol nyata komdigi transaksi aman situs judol mungkin kominfo libat,0
sikontol nya beri izin nya judi online sama game hdi hancur masyarakat negara gara gara bitang semua,0
dukung prabowo liat mampu ga prabowo resin judol gua siap pindahaluan kalo prabowo mampu ngilangin judol promosi judol sampe tahun,0
facebook banyak banget bang nge live judol waktu tanding bola malah banyakk banget,0
pery jangan minum makan tempat undang takut racun,0
blokir slruh apl vpn,0
bang ferryirwandi bahas narkoba donk bang penasaran gw,0
nyala kie si amang ey wani heart,0
bandar tetap pernah sentuh rasa menang sukses tangkap sadbor operator situs judol perang bandar lah yg jadi menang detik nama bandar yg edar nama bandar menang x pertama menang duit rakyat dua menang jerat hukum jadi rakyat sadbor ganti diri masuk sel,0
kek proffesor wkwkwk,0
jodol negara rugi apa coba rugi jabat pajak kurang pasu joy,0
hubung sama pinjol nih buat judi online main kalah sdh rungkad solusi yg sdh sedia pinjol rofl rofl bagong bukan rofl rofl,0
promosiin tangekepin punya situs bekingin fire fire,0
gilee visual videolu makin lama makin improve aja bang,0
bg izin kenal bandar gmna cara lapor bg,0
hukum mati lindung judol masuk anggota kominfo yg belindung ketek judol,0
youtube besar jugaa karna orang besar iklan judol,0
paling pergi luar negeri joy,0
orang lah kabinet perintah indonesia,0
kalau perintah andal saat rakyat satu sama rang fire sehat selalu bg semua,0
katak bijer gimana kembang nya bekuin ga sih atmnya smiling imp,0
first komen gw semua sosmed bang sehat sehat terus bang ferry warga sipil semua dukung gera,0
t tahun duit kabur negara tuolol bet yg judol monyet lebih pinter jirr,0
terimakasih udah wakil bng pray,0
gas bang feri nitizen sama,0
kerennnnn lo pahlawannnnnn prof money heist innocent,0
bahas mafia sepakbola indonesia bang,0
sekarang siapa percaya pemertintahan worried,0
duga laku malah pindah kantor enak bener kwkw,0
bang situs situs kelas ber operasi situs aku buka,0
alay,0
gua kadang heran pas malem orang mau beli puksa dana top up apa yg inti cuma mau depo gua orang gak punya gua kerja biar beli yg gua mau biar ngasik uang ortu saudara kok orang mikir kerja gamoang dapet uang banyak otak tinggal mana rasa yg candu lewat tolol,0
tanya main total rugi ratus triliun rupiah hasil seluruh main akal pikir sehat arti kalian ujung nya kalah menang,0
kalian sampe g sadar kalau cuplik dialog total politik gestur gertak uda ferry irwandi kira bapak sebut perlu diinterview seperti beliau tau banyak,0
pinter berani adlh yg sangat takut suatu rezim abang heart heart heart heart moga tuhan yg maha esa selalu jaga bang ferry,0
sehat terus bg feri moga selalu lindung,0
gw sebenernya benci harus indo sekarang produktif bikin sdm sdm bagus bikin sektor sektor jasa yg modern malah halang ama masalah judol gajelas,0
bang fery udah tinggal hehehe,0
real the professor,0
al siapa yahh,0
kok budi arie gk,0
sering wa judi online detik disappointed relieved disappointed relieved disappointed relieved,0
yg lucu ga tindak sweat smile joy padahal dah tau yg miris medi cuma kasih info ngabarin doang padahal semua org jadi lapor minimal bukti mula cukup sweat smile,0
buat sin city aja indonesia,0
lg ngecek apa buzzer fufufafa sini,0
al siapa kalau tahu,0
rezim mulyono bangsat usak bangsa,0
udah seringkali gw rasa sedih baca berita orang yg unalived him herself gegara judol pinjol padahal ngga kenal korban sebut sama sekali gw jadi tanya tanya hari hitung bandar bandar segala orang yg libat baik lansung maupun langsung atas korban korban bakal ganjar akibat kerja moga iya aamiin,0
sesimple imei kalau ilegal deteksi beda mau,0
gin bro org oon ngga langgan netflix joy klo ketangkep tanya details siapa yg libat tembak mati selesai ribet banget,0
lebayyyyyyyyyyyyyyy ngomong bawa mati berita aja udah banyak beritain bukan loe doang,0
fist,0
suatu bahaya tonton tau siapa laku siapa bahaya,0
rang judol mantan main judol alhamdulillah tahun henti,0
siapa benar al,0
munir berapa,0
trending inimah fire,0
teeee sattteeee joy,0
addsense iya eksposur iya endorse iya viar iya pake ajak masyarakat sipil segala gandeng bos aja punya logo kiri atas lemah buat ngelawan bagi government nah loh,0
im with you bang against judi online,0
bang gw betul semester akhir bikin karil dampak bahaya judi online gw sama lu bang fire,0
apa kabar bang sakit ga,0
katak cuma cecunguk sok jago,0
gua salah satu main judol cuma gua sadar bahaya nya judi beberapa temen gua gaji nya bahkan mes judol jadi gua dukung penuh bang ferry buat berantas judol gua main judol yg takut takut buat depo gede gua pake akal gua buat main judol cuma sayang nya temen temen gua yg kena dampak jadi makin ga karuan kadang minjem gua cuma buat depo jadi moga aja judol indonesia hilang jaman normal aja dah judol judol,0
naudzubillahi mindzalik lahaula wala quwata ilabilah hil aliyil adzim moga allah hancur bisnis judi apa bentuk aplagi struktur massive sinting siih perkara haram larang keras agama,0
susah bat sadar heran,0
cocok lu jadi menkominfo bro gua dukung,0
emosialna nya dapet bgt bang fer moga video tonton orang orang luar sana trendingkan yuk please tuju bantu share like heart heart,0
siap jdi follower bang klo yg ngajak duel dri pihak judol,0
ga sih satu komunitas buat berantas judi online gua ken ikut banget gua korban judol banyak teman gua main judi online miris banget sumpah gua bingung cara musnah judi online gimana,0
judi on line seluruh indonesia hrs basmi berantas skar nya hkm berat nya bu mutya,0
ada oknum tegak hukum yg libat blh sebut nama bila,0
wow,0
indonesia butuh banyak orang berani kaya antum bang sehat sehat selalu bang ferry,0
klasz bang ferr,0
tangkap budi ketua projo ajg,0
waktu revolusi,0
opening aja katakata antum keren banget banget bang moga gue punya akses buat bikin konten kayalo bang buat basmi nama judool,0
judol bukan buat orang hilang uang aja jg hilang keluarga pasang anak usaha kerja kendara tempat tinggal sehat teman sahabat kolega alias hilang hidup,0
inisial al anjing liar,0
pret,0
ferry irwan musuh alami naga langit,0
kodok zuma emng perlu periksa pas jadi kominfo beliau,0
ku suka gaya bang,0
gua takut lu mati kira kena santet bg smiling face with tear moga lu panjang umur jauh marabahaya malapetaka,0
analogi suruh jagain kandang ayam biar makan anjing malah lindung anjing biar leluasa makan ayam kasih jatah daging ayam si anjing smiley clap clap clap,0
budie arie tri partai mana partai pasti minta jatah kader nya yg angkat menteri open mouth,0
gw dukung bang walaupun buat gw laku judol bukan korban perlu kasihan,0
pik tuh isi bandar judi onkine kroco buka judol server myanmar kakap pik ngga polisi hebat kan sweat smile,0
tahu spil nama al,0
semangat banggggg,0
negeri geriku joy joy joy joy joy id,0
mantapppp mantappp berantas judol,0
semangat bang moga sehat selalu selalu lindung tuhan,0
keluarga fufufafa pasti libat,0
nyali ente memang gak ragu bro clap panjang umur juang moga bung feri keluarga lindung mana ada aamiin,0
lu tau kalau liga basket konoha main gaji duit judi,0
walaupun sampe tumpah darah jadi gw tetep dukung lu maupun ideologi nya bang fer muscle,0
nyata banyak tuh buka,0
parah si permerintah,0
jaman gw kecil jaman grehoun anjing balap snayan ah mah soal biasaa,0
all in dukung bang ferr lanjutkaan gassss fire fire fire,0
lama denny cagur lain tangkap berantas judol hanya buah citra,0
alhamdulillah gak pernah main judi online meski banyak dulu temen buat sw pas hoki hoki nya tetep gak tarik gak ngerti cara main hehehe,0
loe engak mati sia sia kalo loe dor c budi bikin kaget,0
akhir proses sekian lama gegat pak budi ari pakai terus nyata rencana pak prabowo biar kabur kamboja joy,0
jadi satgas judol dlu guna apa,0
anjirt rispek edan bang gilak thunder cloud rain krna gw jg ad masalah personal sm tukang slot tmen gw jg ikut kena getah gr fak ngelakuin apa dapet duit bwt ngeslot sial siapa hajar anjim orang polos yg kerja mati an hemat sana sini bwt nabung hajar jg asw gw salah satu korban damn,0
sambo ajah libat joy,0
aya wae gak mungkin judi online berantas emang jabat aparat tegak hukum kuat nolak duit judol joy joy joy,0
inget tahun lalu semua usaha gw bangun ludes rumah tangga kacau gegara judol alhamdulillah sekarang paham berapa bahaya nya main iblis cry,0
al siapa njir,0
kereeen baang sehat selalu heart,0
terima kasih bang sangat berani suara hormat buat salute,0
bandar mukidi dijamanyapah konoha jd negri yg subur pinjol judol,0
situs bokep walaupun udah blokir tetap,0
kereeeenn,0
judi udah sadar edukasi kl scam tipu tetep aja main biarin lah biar acur hidup,0
chanel nya md universe wajib mampir sana,0
baru tahu chanel benar sbg sama anak bangsa ucap banyak tksh hormat atas juang selamat nasib hidup anak bangsa yg lahir besar dgn juang korban yg mudah sedikit,0
banyak sekali penghianat bangsa negeri bgst memang penuh manipulasi tegak hukum kominfo dulu taik temen gw sendiri yg masuk mobil propam polri sendiri bandar atau tangan kanan bandar fasilitas biar aman banyakk anjingg perintah rusak moga bpk prabowo sembuh negeri pray,0
si kodok udah kena blm bang sok cool tuh bocah,0
bang ferry stay safe cry saling jaga org dekat bang ferry,0
kominfo kont l,0
latar belakang bikin tantang santet sering ancam sama an,0
ayo dong bareng satu brantas judol yg resah jngan ragu tag kominfo brantas judol bnyak bngt live konten kreator yg promosi situs judol,0
judol anjing memang oknum perintah yg belakang judol hukum berat nya anjing lah judol kalo ga judol gabakal se buruk mental anak muda udah mah miskin kasih judol kan anjing semangat bang fery,0
raised hands raised hands raised hands fire fire fire boom boom boom,0
kerenn lu broo berani lawan judol,0
kalimat sederhana penuh makna bang ferry judi ga hilang muka bumi judi online buah manipulasi sistem mindblowing,0
judol judi online marak sulit berantas republik boss judol punya jet pribadi sunglasses fire,0
juang kebenran sangat berani makanyanorg abg sedikit moga tuhan lindung bg amin,0
wait until bro becomes the next munir skull j,0
hilang ny chip hdi gara kominfo biar situs slot makin kembang,0
kata hari bang gue gak takut mati gue cuma gak mau mati sia si,0
al sahaaaaaa,0
tonton woi chanel deduktif indonesia,0
moga perintah samping berantas judi online ngasih ruang game hasil saldo dana biar alternatif pasu buat ngobatin masyarakat loss akibat judi,0
asa case cerita kecil lu punya sama cerita nya mulu bang sob bilang growth sih hidup lu bang,0
orang orang goblok berantas duit haram masuk tubuh semua tindak dunia negatif masak bayar pajak pakek duit judi joy kan goblok joy rofl,0
bang perlu ga sih pulang wni yg kerja admin dikamboja thailand filipina,0
katak bangkong,0
bangun partai apa kan ku laku projo fafafufu,0
tiba su udzon al joy,0
semangat selalu bang good job jangan serah sadar orang orang mabuk judi,0
kriminal mungkin hilang dunia hindar,0
jangan lawan katak lah buang energi lu bang sia sia,0
keep up,0
si darto helm bakal seret moga aja nyanyi,0
judal judol mulu kyk g konten aja umum wajar klu hrs berantas judol,0
mnurut manusia yg sngat luar biasa,0
al siapa ages okease info reng update gak maen x thx bang ferry,0
gas terus pakkkkk dukung,0
respect arti lu belan lawan polisi semangat,0
yaa lgi cukong klo bukan jdi koruptor gembong judol pinjol lgi joy joy,0
nyata adegan film memang dasar nyata banyak film indo sesuai ada negri warga sipil sekali mungkin narkoboy sangkut paut bagi politikus haus harta,0
terima kasih bahas kena bang salut,0
tadi nonton benix sekarang nontong bang fery the real aksi nyata bangun negri warga sipil biasa,0
kominfo komdigi baru kemdagri data pribadi masyarakat ragu bilang aman,0
joy awas bandar gede biasa ganti kulit kek ular joy joy joy joy joy gak percaya gw biar sekalipun pak presiden prabowo berantas judi nihil biasa istana butuh cat baru sunglasses,0
judi slot nyeret banyak kalang miskin sampe orang pinter ikut kena orang yg ga pernah main slot kalian masuk bagi kecil manusia untung,0
kalau akhir bukti suara hukum mati dikoordinir bang,0
inalilahiwainalilahi rojium,0
insyaallah bung insyaallah suara lebih keras walaupun dalam kubur fire moga jangan dulu perjuanganan panjang pray,0
main slot hampir tahun alhamdulilah sekarang henti main slot karna sering rungkad jadi tobat sekarang ganti main judi bola lebih sering menang,0
bangg maaf belum lu mirip banget sama the profesor series money heist sumpah joy,0
inisial al siapa yaa,0
semangat bungg,0
lucu kominfo kinta blokir judol twrnyata dalang orang kominfo wkwk tolol instansi,0
katak bhizer bocah marem sore jago dongeng bang jgn suruh nyari lu suruh lawan gua dulu,0
aku dukung lo bang berantas judol muka bumi negara,0
muka copettt,0
pak presidennn dengarkannnnnn,0
tp kalo bilang mau blokir sampe kapan kaya bakal deh bukan masalah judolnya tp karna sdm yg mau banyak yg mau main mau diapain situs mau blokir kaya gimanapun ttp aja yg tagih main bakal cari celah buat main judol udh kaya lingkar setan aja,0
gas lah jeblosin aja budi ari penjara main,0
bang hidup kan kata lu mai santet sukun ehh dukun joy joy,0
semangat juang bang,0
al lim oouww shit ngakunya turun konglo,0
kamu kelas bang pray,0
gw tau channel rekomendasi bung fiersa besar salah satu video tahun lalu langsung gw cek channel video sangat mudah paham guna literatur bahasa baik susun kata keren terima kasih beli cahaya ilmu sukses sehat terus rang negri ilmu,0
suka banget sama bahas bahas bang ferry saran dikit ni bang suara lebih kenceng biar lebih jelas sering ulang ulang terus kurang jelas suara bang,0
panjang umur yaa bang aamiin aamiin allah yuuk warga pribadi masing merdekaa kan diri kalian dgn lepas dr judi online,0
facebook benar banyak tuh bang yg sebar judol terang terang coba aja menu cari tulis kata slot gacor muncul semua tuh sebar link judol moga bang ferry dengar coment blush,0
sikat habis judol bikin uang indonesia habis,0
mati juang bukan cundang doa selalu serta juang bang ferr,0
semua dampak nigatif judol solusi legal judol,0
gw kawal lo bro bisa gw,0
semangat bang gk bantu apa doa sama share tipis konten lo,0
film bagus no more bets yg layak tonton makin sadar,0
abang eks menkominfo bakal kena yg tahu semua,0
gw cmn bantu like biar viral tuju biar makin bnyak yg mantau kodisi lo bang kalo tiba lo knp yaa trbukti valid yg lo blng konten,0
gilaaa fire,0
sangat presisi guna data inteleijen percaya lanjut bang ferry,0
youtube trendingkan,0
btw kalau benar jadi hilang nyaw au tau cara jadi tokoh sejarah yg baik bro keren and salute buat u ferryirwandi,0
gue bikinin extension chrome auto blokir situs judol,0
initial al siapa,0
bang ferry lawan judol guru gembul lawan ba lawi habib an yg terus sebar bodoh masyarakat musuh ga main lho dg mudah lenyap dua orang jd jangan anggap remeh juang dua dlm lawan kebathilan tugas memang peduli dg bangsa support dua,0
satu kata lawan terus bang,0
stay safe bang ferry pray pray pray,0
sama orang waras bung ferry irwandi fire terimakasih cerdas bangsa,0
gila hati nyawa lu bang,0
pak presiden lindung orang,0
moga film no more bets remake indonesia film nya bagus nyata judol sangat banyak backing an buat milik judol alas salah main serakah egois kerja judol masuk lingkung bahaya mau ga mau lanjut terus kembang keluar lapor polisi tempat kadang takut pintar apa main ga bakal menang terus rugi,0
yap berfikir sm,0
kembang judol ganti kulit bang sunglasses sama kek bandar narkoba bosan sama sama orang ganti ganti taipan muka muka semua bayar receh joy joy joy joy joy hehehehehe becanda masuk akal kan sunglasses salam akal sehat,0
tenang bang netizen belakang abang,0
nahh gin dong,0
bismillah kak gue selalu support doa orang baik bakal selalu alir buat kak sehat selalu kak buat konten educatif informatif heart,0
sikat mas,0
telegram adl sarang kalo nemu report tada,0
bang banyak cewe ig yg promosi judol sangat resah,0
betul bang dagang ecer ngeluh omzet nya turun,0
nonton video bang ferry lanjut nonton video md universe kupas habis soal judol,0
bang si budi usut bang,0
dulu gua punya tmn gk pinter bngt fun lah ajak main ketika ubah kenal judol raut wajah ubah derajat trs jadi sering bohong bagai alas temenan gk sedeket dulu punya sibuk masing raut wajah gk bohong tiap ketemu gua gk asik kyk dulu fuck you judol,0
ah masa ba ga tau menteri kalo kubu jahat apa bakal lindung ucap si ba,0
seperti mr x tolak jakarta runding pak gemoy belenggu lingkar nasionalisme patriotik vs mafia yg tinggal jejak hitam yg akar republik konoha,0
yg penting play store vpn hapus percuma situs judol blokir kalau vpn jamur play store,0
harus jadi tri ekonomi sampean mas fery fire,0
jdi tri menkominfo gagal ehh angkat lgi jdi tri laku siapa tuh jngan jaho puji yg bagus n baik aj tpi kritik dunk tuh yg angkat tri gagal jdi tri lgi,0
bobrok segala lini keren pegawai yg gaji pajak,0
akibat nya koruptor jinak ham kpk polisi,0
emak gila paleka dya stop judol dya main akun bodong nya,0
ler marsha aja sweat smile,0
wahai judi akut sadar perintah brusaha bang irwndi brpuluh conten mnyadarkan kalian msih sja trnsksi judi tinggi mau gimana ingat mnylmtkan kalian diri kalian sendiri smngat yok sudh akut berhnti heart,0
plis bang kalo lu tau bagaimana berantas judol berantas bang kasi temen gue yg duit gaji abis terus judol akhir minjem duit sana sini judol lebih bahaya dr narkoba gantung,0
judi online pay later ngutang emang udh salaahh akar gabakal baik jg hasil open mouth dash,0
opo ki,0
merinding gw bang denger kata akhir lu,0
kominfo anyng fcvk musuh selimut kominfo,0
kawal terus bang ferry sampe judol musnah,0
gwwwwwwwww asliiiiiiiiii kagum sama lo,0
mntap nih,0
kadang judi bukan betting online banyak sekali aspek jadi celah judi,0
ngeri sedap take a good care of yourself bro,0
emang anj g kominfo,0
al cukong besar milik gurita bisnis dri jabodetabek batam kalsel bisnis legal hukum memang cuci dana besar judi online jangan cari internet kerak bumi tak deteksi,0
bagi rakyat y goblok diam tindak oknum jabat aparat oligarki goblok rakus babi hina kotor manusia maling uang rakyat y hingga ratus trilyun maling kaya alam negeri hancur khianat bangsa bangsa hidup sejaheta sumber daya alam limpah ruah negeri,0
sebener nya jaman nabi judi emang sulit branstas semua gantung dr diri sendiri bang ngapain berantas judi online buang buang tenaga buang buang uang banyak korup liat kamboja negara gersaaang tp legal judi liat angka pengganguran paling kecil se asia nya yg berantas oknum oknum korup yg bikin negara ancur judi online bikin ancur negara apa kabar las vegas tau judi online banyak negatif nya tp positif nya bang,0
assalamualaikum bang coba cek aja nama yg bau jodul langsung sikat bang nama kaya band gt main jodul,0
punya nama tak berani sebut gmn rentet sih legal turut kucing an klo legal beri pajak,0
izin share pray,0
rusak berat bukan dar libat laku oknum,0
moga lu sehat panjang umur bro fer,0
emang taik si arie budi joy joy,0
alhamdulillah udah umur pernah kenal judi mau online atou offline slight smile,0
perlu sosok batman hadap ghotam country sayang fiksi komik,0
tag gerindra guys cepet,0
uang sisa biasa pakai jajan sekarang dipake judi umkm jerit ga beli lawan judi ampe akarrrr,0
definisi benar sdm rendah indonesia kasih otak bagus gak dipake aja judol jadi ajang rubah nasib,0
superhero,0
nonton nonton md universe bikin engap dada nyata semua spil tinggal berani hukum aja keinget kata kata gusdur negara takut nah arti omong gusdur gw ga ngerti maksud apa banyak tafsir moga bawah komando presiden prabowo beliau babat habis sema mafia,0
jangan blokir situs blokir gamenya situs biarpun masuk situs maen gamenya kalau situs juta server gamenya server analogi masuk situs p rnhub masuk nggk nge play video kira bakal males nggk,0
sikat yg lindung judol,0
gas terus bung fire,0
usut budi arie bajing libat,0
gausah takut sama santet bang dukun zaman sekarang dukun google,0
yg tunggu lama satu langkah,0
salut bang,0
muka aja udah muka mafia sang backing fufufafa,0
gw tahun lalu udah keras bgt masalah judol gw usaha bidang it gw selalu nolak project judol project yg rugi banyak orang sampe instagram gw story tiap tahun ngomongin judol udah tahun gw berisik cuma gw gapunya power blush tp tetep gw bakal berisik terus,0
allah lindung negara,0
semua instansi indonesia banyak mafia wkwkwwk,0
g mungkin presiden g tau,0
statemen paling ngena judi memang berantas muka bumi judi online beda case judi online sistem manipulasi yg rugi banyak pihak hingga negara rugi tahun long live resistance what we do in life echoes in eternity,0
bayang nyari duit kerja hari panas panas uang judol cuma makan mie doang itu hutang cry gua daya gua makin puruk mohon hilang judol,0
kalau judi online udah tahun tahun gak hilang presiden kapolri ppatk menkopolhukam tangkap adil karna semua libat,0
ati bro real sultan kadang kejam,0
halo budi ari beking perjudiyan kkayaanmu uda ratus miliyar pulngin uang rakyat kecil yg pda main judi karna judi suami bunuh istri jual anakkandug bemi judi uang haram rakyat miskin ygn timbun budi uda bau tanah perak aj uang haram bakar kubur tihati buat ap numpk uang judi yg main judi org miskin,0
bang gua bener bener terima kasih sama rani lu bang makas buat close the door buat dukung berantas judol ampe mampus,0
bang lu mirip bgd dh sama professor money heist opening lu mirip money heist wkwk apa emg sengaja,0
yg tau inisial al,0
miris malah harga j kwi,0
wowww,0
al wajib bold red,0
polisi korup ditangkapin cuma kroco teri jelas ketua tri cuma polisi berani kasi kroco teri ditumbalin,0
kalau semua tindak sangar mudah basmi judol beking jadi kapan gak,0
fire fire,0
bagaimana cara nya biar video nyampe pak prabowo guys bantu up dong punya power situ pray pray pray biar pak prabowo langsung turun tangan tunjuk sehat sehat bang ferry irwandi pray pray pray,0
bejat ini negeri,0
soal judol mungkin asing kalau libat beberapa etnis indonesia salah satu etnis pengaruh ekonomi etnis c na laku startup hampir seluruh tuju judi online tsb banyak narkoba black market mungkin banyak kalian warganet ga sadar start up sangat sangat licik kotor,0
wah nyata dota player nih om ferry thumbsup,0
artis promosiin judol gak tangkap,0
benci bngt gw sama judol banyak teman keluarga yg hancur gara gara,0
tlg seru nyata perang judol,0
sekarang mungkin judi jadi biasa bagi masyarakat gin laku mungkin aja liat vidio tau apa dampak nya yg akibat utk diri nya negara aja laku yg nama darah daging,0
sama kaya lacur terus lama konsumen solusi gue sih kan udah jelas kitab suci judi haram kalau orang moral tau judi haram ga bakal mau maen judi n lama kl ga konsumen tutup dah situs judol,0
meminimalisir laku judol baik cari tau dulu banyak pria kelas ekonomi tengah yg giur judi karena minim lapang kerja pria dapat yg kurang cukup butuh,0
cuma yg ecek yg tangkap,0
maju terus bang,0
siapa nih biang,0
saran bang fery kerja sam dgn aparat kepolisia sintansi pemerintaha yg medukung krakan karna mau mana mreka mjelama mjadi organis jaring yg kuat akar jgn takut karna sipil sama,0
please fer tlg suara terus berantas judi online gua korban uang gua habis gua capek kerja itu yg jadi lingkung gua semua hasil krja bandar sumpah negara puruk,0
gara judi online banyak ngalamin dulu karyawan sendiri banyak yg ngegelapin duit gara tagih judi online makanya skrng kalo denger karyawan suka main judi online langsung pecat udah ngerugiin usaha banyak alami banyak ngegelapin duit usaha cheating kecil an tagih judi online emng berantas yg kaya begini kalian yg main judi online kalau kalian mau kaya kerja bukan main judi ken bgt ngomong kasar sumpah,0
budi arie sang ketua projo pro judi online mahjong sneezing face,0
download video biar pas takedown blush,0
gimana asa bandar nonton,0
kawal bareng bang,0
beking udah enggak rofl kaya pindah kuasa baru klon baru joy putar roda perintah joy isu jebol data hapus data jahat joy,0
akibat kasus percaya publik kominfo jd makin jatoh walaupun oknum udh ketangkep tetep bakal stigma gua ahh paling yg ngeganti,0
jauh lebih bahaya drpd lu nantang ilmu santet open mouth,0
btw opening song nya apa yaa,0
nyata benar hero perlu pakai jubah nyala bg ferrr fire fire fire,0
semangat bung,0
waduh bang lg nonton live ritual nyantet kamu kog video yg tarik yaudah aku sudah ritual nonton video ingat ferry santet kamu next time rage,0
gas bang tetap kasih informasi edukasi,0
aneh budi arie dgn catat gagal pimpin kominfo justru percaya jadi menteri face with hand over mouth,0
tangkap denny cagur promotor judi onlineeee sampah lawan judol pantek middle finger,0
kawal bang ferry fire fire fire fire fire fire fire,0
moga allah swt yg maha kuasa atas segala maha lindung peluk erat malaikat lindung jaga ketat aamiin allahumma aamiin palms up together moga catat sbg amal baik mas ferry palms up together heart heart heart heart heart,0
untung jokowi lengser kini pak prabowo tunjuk bukti era jokowi judi online brutal rajalela koruptor buru uang rakyat yg korupsi rakyat tindas peras penjara bnyk rakyat yg tak salah lalu jadi sangka penting jabat pelihara perintah era jokowi bnyk raup uang miliar triliun kini tang pak prabowo muncul borgol anjing anjing pelihara yg korupsi uang rakyat sampe akar akar basmi seret smua koruptor koruptor negeri pantas hukum hukum adil bobrok hakim hakim penghianat bangsa indonesia polisi polisi lenceng dr adil segera brantas polisi pungli polisi yg cari cari salah rakyat yg buat rakyat jd korban polisi nakal bila perlu tni segera turun pukul polisi nakal seret adil indonesia rakyat sejahtera,0
breowok an bang mirip jhon evan end game thumbsup thumbsup thumbsup brantas semua bang jg baru dapat alam yg sama hny bs lihat bs buat apa saat orng dekat tak bs lepas dr judi online sedih marah tp hnya bs milih diam trus lihat hancur perlahan dr jau sob sob sob,0
memang susah kayak bang mantan mantan menteri nya pak mulyono yg jilat bukti salah politik balas budi politik saling sandra,0
temen yg ber profesi jdi money changer online utk judol stor salah satu instansi yg pusat dijakarta sebut mab jumlah per minggu jta nanya brapa orang kira yg sperti indonesia jawab kurang lebih an orang kali betapa lahan basah judol baru bidang money charnger aja bandar judolnya jadi mustahil kalo judol sampe ilang indonesia salut buat bang fery manusia sangar abad fire fire fire,0
sikatttt bang,0
penghianat hukum mati,0
menteri kominfo belum banyak foto bendera bintang daud bayangin kalo negara bintang daud sebut minta data rahasia si menteri dgn sukarela kasih semua buat negara yg percaya bangsa pilih tuhan sebut cry,0
yuk siapa al guys bantu jawab bawah point down point down point down,0
kawal ketat fire,0
gasak judol gasak era indonesia jangan diam diam diam injek terus,0
pantesan dana milyaran kominfo cuma bangga hasil blokir situs abcd pernah serius berantas judol umum eh nyata banyak situs efgh yg lindung bahkan jembatan pelihara joy joy joy ibarat nangkepin maling yg gak kontribusi utk sisi lindung maling yg selalu setor bagi hasil maling rofl,0
al siapa sweat smile a sweat smile sweat smile sweat smile,0
kaget w rasa kagak,0
selidik,0
kagum definisi nyali cerdas analisa jiwa sosial jd,0
mau curhat sedikit umur pria asal batam meni kerja pegawai swasta punya samping olshop tabung sekarang sisa jt cry cry benar tadi jt karna jerumus judi online bbrpa bulan habis jt cry cry awal november piala dunia mulai ajak teman main taruh terus jadi belok main judi lain sempat henti lama main seru seru sedikit jelang piala euro kemarin juni juli awal main casino menang jt terus makin candu main besar akhir malam kalah jt tambah lgi jt bulan kemudian sob sob sob stress bulan lebih karna mikirin tabung kurang tengah betapa enak hidup kena judi ingat teman jgn pernah coba segala jenis judi main rb bikin kencanduan main besar hilang banyak uang sadar lama kurang syukur apa milik jauh agama cry cry janji guna sisa uang tabung lebih bijak sumpah mau judi november,0
al siapa al,0
kalo katak beneran nyari lu bg gua siap turun,0
sore tadi berita orang bunuh diri lilit hutang akibat pinjol lokasi ngga jauh rumah ane,0
lawan judi online,0
kira beneran jadi indonesia emas udh tolong nih,0
big resfect,0
bang bahas pinjol,0
siapa al yg tau,0
dota lounge joy btw sawer game banyak banget emang yg situs judol banyak sponsor dota skrg situs judol hmm,0
ferry irwandi is not suicidal,0
buat orang orang jahat nyawa manusia lebih harga serangga jahat jahat kais duit rusak moral terus biar pasti tambah kaya tambah kuat sentuh sentuh coba bayang sendiri nasib anak cucu masa depan apa contoh negara negara sering lihat berita maupun film film,0
stay safe mas moga lindung nya aamiin yra,0
budi arie masuk sekali,0
ketua projo sweat smile makanya pakai karna kontestasi pilpres projo all prabowo moga pak probowo tetap ria siapa libat judol basmi amin,0
budi arie taek mulyono lebih taek karna punya anak buah projo tollooollll objektif gue nilai hulu nya dr sana hilir memang sengaja goblok biar hulu nya ttep jalan kontrol kuasa cua,0
penasaran seiapa inisial al open mouth,0
bang dasar riset analisis lo budi arie libat ga,0
bang gw siap support ampe judol pinjol lenyap,0
jelas lah mantan menteri budi arie panas dingin tentu anw sehat sehat bro,0
alas negara gak pernah maju karna bnyak org org bangsat yg aja cari untung penting pribadi,0
tangkap semua bandar jugi plus yg ngelindungin,0
aneh menteri gak sentuh hukum periksa aja,0
kali ajak by piso burning hall bang,0
uda jelas budi lah,0
daya beli makin turun bang gw dagang bju serba udh ga kuat hadap segmen pasar gw kelas bawah kemungknan kena judol lalu pinjol blm lg gempur brg bekas,0
lebih percaya prabowo sengaja angkat org dekat yg libat lalu biar alir adil hukum yg jerat,0
waduh bang lu lawan oknum lu tau negri cinta oknum broo seperti jaman teroris suka bom kantor kantor penuh oknum lebih bijaksana banding oknum vangkeh negri joy joy joy joy joy,0
kesi masyarakat cry,0
banyak orang takut bicara jujur benar bang ferry hilang nya hati nurani sangat bahaya sih orang peduli soal uang,0
artis steamer gak d tangkap kan bangsat,0
udah gk ngurus hacker skr malah lindungin judol tp kynya nih orang bakal aman aja ytta,0
lapor polisi apa,0
aku umur umur berita judi blenger tangkap kroco kroco nya bandar nya lenggang kangkung duduk manis,0
asli bang soal judol emang bikin gw jengkel bgt gw jg usaha bacotin orang dekat gw gk jerat sindikat vangkeii makin bikin gw emosi asn aliass pegawai yg gaji dr duit pajak yg tarik dr gaji gw malah jagain situs judol sumpah gak rela gw face with symbols over mouth face with symbols over mouth sampe akherat ge tuntut orang dakjal,0
napa baru sekarang bnyk korban,0
saluting face saluting face saluting face,0
se goblok goblok nya orang yg percaya sama perintah orang tolol percaya lihat depan kamera serius belakang tertawa sama blush blush,0
budi arie tangkap mafia bandar,0
moga laku lindung judi online hukum mati siar live semua stasiun tv,0
blur dong abang,0
gw dukung lu bang,0
pantes bandar aman,0
bang ferry request ngebahas si johnny somali viral suka ngerusuh negara tetangga kayak jepang sama korea selatan sekarang jepang mulai resah laku turis mancanegara,0
bukan film bapak ibuk real ayok melek keluarga,0
yakub siap perang,0
berantas judi online pake cara sisip virus websitenya ter take down gampang buka,0
al kira siapa guys,0
semangat bang bangsa,0
keren bang fire fire fire fire,0
mantab banget bang heart thumbsup thumbsup thumbsup,0
semangat trus bang benar fire fire fire,0
judol j nya jera stop judol,0
kata lawan,0
lu keren bang cry lelaki sejati cry,0
semngat bang feryyy sama bang main judol ngk suka konten,0
kereeeen bang ferry,0
kalau jabat jabat konoha sogok suap punya harga diri murah uang agenda agenda jelek propaganda hancur negara masuk konoha masuk agenda lgtvbbq hancur negara konoha,0
i think somebody or lets just say our constabulary chief have some nice dinner all the time but still i believe myself that how does one fell so low to play a very rigged game although i myself play a gacha game j rpg i myself never ever crossed ot use my money but rather save on the free quartz to roll but even then i don t find joy in it like i don t gacha so often now that i have collected almost free quartz i don t know but maybe this is one of the comodities that certain lizards like to sell to the mass i just hope we don t end up like america canada where everybody is drunk with gambling and fent,0
budi arie ketar tir,0
siapa inisial al maksud,0
kelaaasssss respect,0
daya beli kurang gegara judol,0
tongkrong gua aja tuh nyelot siang ampe malem gua buka warkop fasilitas free wifi yg nyelot boro boro jajan kontl,0
mantap bang moga sehat selalu jauh marabahaya amiiin,0
orang yg bahas judi biasa korban,0
asal atensi jalan mana yg berani sama atensi gak langsung ciduk borr sweat smile sweat smile,0
kelazzzz bang ferry doa baik selalu serta mu,0
hmm kek gk asing gtu si al cry,0
sikattttttt tada,0
aku pikir kalau misal nih koruptor orang pegang jabat penting suatu parlemen hukum mati jabat gimana,0
tanya manusia yg jabat kominfo kemaren apa tanggung biaya hidup pajak rakyat gak jabat,0
cecar tanya judol izin pamit toilet,0
pikir pribadi sedikit mudah kurang orang yg main judol barang siapa lapor orang main judi online beri kompensasi reward bakal lebih cepat kurang main judol,0
si budi anjing gak tangkep bang,0
jauh bantu doa bang moga senantiasa selamat sehat terus suara oknum adl bajing bangsat yg benar kesell bgt gua,0
si budi arie pro judol gibran cabul fufufafa segera tangkap liar bahkan jabat,0
ati bang judol bayak jahat y mulai dri jabat smpe tegak hukum yg brlindung d bslik institusi y ap lgi pampang wajah jahat y harta kaya y triliun anak buah y ajh puluh miliar bln y ap lgi ketua y cuan guede,0
udah gak kaget brader wkwkwkwkw,0
judol x pinjol kominfo x ojk,0
bang gimana kalau bikin layan adu korupsi online,0
jgn takut presiden menteri nya benar,0
ocean,0
trimakasih buat abng irwandi sdh edukasi dn bicara k bnran smnga sllu d lindung allah swt,0
indonesia id lebih baik,0
wajib trendingggg,0
tangkap si jidat lebar budi ari yg dulu kata nya data hacker terus minta tebus ratus milyar main si jidat lebar budi ari,0
al siapa kira,0
menteri atasanya ikut nikmat,0
tenang aja beking lo ad om dedy,0
anak buah semua yg kena atas gimana yg lapor clik janngan,0
dana judol lari projo,0
gassskeun bang,0
iitulah sebab judol ga hilang yg lindung yg kuasa thumbsup ingat sambo,0
mister t udah ilang aja joy,0
laporin tetangga orang investor judol hotline sm polis malah yg hrs nyari bukti wkwkwkk kocakkkk lelahhhh bukan sm bandar judolnya tp kerja aparat,0
terimakasih,0
bang sehat selalu moga kamu selalu dlm lindung allah subhanahu wa ta ala aamiin yra bongkar semua jahat kerah putih,0
kalo gue gak yakin libat lah aja gak tau bidang yg pimpin apa cuma plonga plongo pas kasus hacker jg joy rofl makanya cuma dikibulin sma anak buah bilang aman bos sdh blokir situs judolnya eh nyata wordpress yg blokir rofl rofl,0
off,0
keren terus diri bang star struck star struck,0
ayo buat gera stop bayar pajak hukum koruptor jelas sah uu ampas aset miskin stopbayarpajak,0
bang gua temen kampung kalo ga salah orang kerja kamboja rekrut sbg admin judol aktif sampe sekarang kurang lebih mau hampir tahun sana fee bulan juta kalo ga salah,0
stop sebut oknum,0
bang luh mbahas budi ari gak takut santet via online kan mantan kominfo otomatis jago it sweat smile,0
tangkap adil,0
fire fire fire fire fire fire fire fire fire fire fire fire fire fire fire fire fire fire fire fire fire fire fire fire fire fire fire fire fire fire fire fire fire fire fire fire fire fire fire fire fire fire fire fire fire,0
anak buah jdi tumbal judol kepala jdikan tri sangat adil,0
mister t dimatiin boss judul kgk berani sama asu memang,0
abang banyak ancem kaya kata kata pisah,0
komdigi ga becus cmn ngeblok medsos influence judol doang boncos anggran cmn doang,0
fer u rock let s go,0
selamat negara cinta bang palms up together,0
baru aja beberapa hari yg lalu mas ngamuk karna dipinjemin sertif rumah buat bayar utang judolnya puluh juta mbak seret sampe depan rumah pisah sama tetangga waris istri udah jual buat nutup utang buat orang yg lindung judol moga kalian dapat balas tuhan buat main meski mungkin kecil moga kalian sadar,0
inisial al siapa bosque jgn tahan buka aja,0
seperti sia pak lama hukum indonesia koruptor keluar masuk penjara masalah hukum track recordnya mas jadi menteri masuk perintah,0
lu keren bang negara butuh sosok lu lu peduli sama negara gua benci bgt sama judol,0
nyata judol lebih sexi bubuk putih duidny bnyak kalo ketangkp hukumanya dikit bubuk putih klo ktangkp hukumanya berat meski bgtu pmake edar mas blm berantas,0
santet delay manggarai,0
stop bayar pajak,0
moga tau akhir drama sweat smile,0
goyang terus kandang bro we beside u,0
suatu kalau umur panjang cerita sepak terjang anak cucu orang pahlawan fire fire fire,0
budiari harus mempertangungjawabkan uda putus urat malu,0
yg ditangkep selalu influenser kecil yg besar aman aja ampe sekarang cry cry,0
video acara alfin lim udah pernah bahas tempat judol gak proses,0
musuh sdh nyata tinggal tindak nyata yg perlu bukti,0
xianjing nyata joy,0
bang ferry katak bizzz kasih ancam hati hati bang gua harap lu selalu wapada incase gua takut orang hebat kayak lu kena musibah bang semangatttt,0
bang bagaimana live bola jala live promosi judi kedok nonton bola,0
gw benci judol hidup lingkung tongkrong yg main judol menang rasa gak adil menang kerja keras gak kyak gw yg kerja hidup kalah keluh orang yg hidup kerja gak jarang gantung hutang teman pernah situs yg blok gw heran ko banyak betul situs alternatif yg operasi judol rusak mental main bahkan imbas orang sekitar yg rugi,0
tikus memang sedang pelihara kuasa lumbung salah pelihara terus bodoh sampe tahun,0
bukan providernya ancang gamenya yg tutup akses kalau cuman website nya tutup percuma gak selesai masalah,0
influizer dlm posisi tersandra simalakama intai polisi tekan bahkan jd ancam bos judol,0
kelas king crown,0
ikut lawan blokir semua situs bandar laku backing semua yg libat tada tada tada,0
bang mungkin abang ga kenal aku aku baris abang tarung lawan manusia manusia jahanam bang stay safe bang,0
keren mas sampean tak doake slamet dunia akhirat blush,0
bissmillah bang ferry terus semangat apa baik terus lawan judol sia sia selalu beri edukasi masyarakat fire fire fire heart fire heart fire heart fire heart fire,0
gass bang jangan kasi kendorrrrr,0
semangaat teruuss bang ferry,0
kalian kaget duit lo duit kalian tau duit gak yg orang tua kalian cari ampe tengah mampus apa perintah,0
endingnya tebak benar tutup bohong baru orang yg bodoh tp punya kuasa bahaya rakyat gak sempat berfikir arah sana karna sibuk main dapat harga butuh yg naik sakit komplikasi kronis yg mati tubuh bangsa indonesia,0
asu emang orang yg bayar malah hancur joy,0
bang sparring bang shadow fiend vs sweat smile fun aja dah lama nih,0
sapaaatuuuuu,0
semangat terus bang fire mechanical arm muscle,0
rapat baris lindung beliau,0
bang basmi judol muscle,0
alas lo keluar jd pns bang tp beda dri intansi lo sblmnya tp kurleb sama kek wkwkwkwk dagel,0
bang lu punya kedai kopi w kerja sama lu bang jadi ob gpp,0
merinding gua cok,0
dulu jabat bilang inisial t baru tau gue yg maksud t ti budi arie saur urang karawang maaaah sweat smile sweat smile sweat smile sweat smile sweat smile sweat smile,0
harap pak prabowo benar tegas tangan masalah judol pinjol y sudh tahun,0
kapan tau kasus judol sweat smile,0
orang orang jabat kecut sakit jiwaaa may you root in helll with your familyyyyyy anak anak lo bakal susah dunia akhiratttt,0
wajib trending ungkap basmi total judi online semangat bang fery sehat sehat bang fery moga selalu lindung tuhan,0
tk bg kompolnas siapa inisial al ngeri kalo ga jelas makin subur judol,0
apakabar deny cagur terang terang promosiin judol sadbor yg sawer situs judol penjara,0
thx heart heart heart heart,0
sehat terus bang,0
brave man ayo bantu bung fery,0
tarik bulan era prabowo gestur kerja berantas judol kes lebih janji banding tahun era jokowi kok yaa,0
tinggal nunggu waktu aja menteri tangkap,0
gak kaget sih ogut godfather nya yg backup,0
tangkap budi arie main kasus judi online,0
updated rasi tambah tks bro alvinhidayat zafrantsany habis browsing inisial al ceo fintech sbb adrian li bod qraved albert lucius kudo agus lasmono wir asia anthony leong pakar digital tenaga ahli it koordinator rawan pride kalau sekira diupdate netijens tks,0
moga titik cerah ytta aja kasi laku koperasi dpt tri spt padahal mandat moh hatta dulu sangat mulia ttg koperasi,0
pantas ari jadi ketua projo emang pas proyek j udi o nline,0
bang kok reso,0
si tr kapan sih pake rompi oren sweat smile,0
bahas nasab kabib kyak guru gembul donk,0
jadi onno w purbo menkominfo cuma layak,0
al al capone joy,0
bukan salah perintah budek tolol belum kan,0
bang kalo butuh lawyer perang i will be with you bang,0
berani banget rispect bang,0
serang sampe dasar neraka fire,0
thanks,0
kata hasil tutup nyata sisa begini,0
emang udah resah banyak orang lingkung gua hancur gara judol mulai yg punya usaha karyawan pabrik salut gua sama lu bang berani suara keras,0
siapa kalo bukan pak lurah lindung skaligus bndar besar,0
angkat berita wartawan bakar rumah,0
lawan terus bang bandar influencer brengsek promotor judol,0
dedi corbuzier bahas,0
panutan,0
mantap bang juang mu,0
judol lebih rem dadi santet bang sob,0
wah habis cerita begini hubung dgn malam proses santet open mouth,0
pinjol berangus sih turut sama kejam judol bahas om,0
tinggal artis promoin judol tangkap contoh nya denny cagur gilang dirga nikita wulan guritno banyak,0
ahmad luthfi,0
saksi hancur hidup orang dekat gw yg seret seluruh keluarga besar uras mental finansial judol laknat sakit timbul sungguh rusak hingga kini gw dukung juang lo tuhan kalo tuhan peduli ngurus begini wkwk gak rela juta orang akhir hancur mati bajing bertanggungjawab atas semua justru ketawa perut kenyang bro ferry gw gak doain sih amit amit yg mati jangan mati sendiri ajak bajing belakang semua mati bareng bareng may god save us all,0
bangg aku suka banget konten mu lu sangat berani aksi mu nyata turut kamu sosok juang indonesia benar makasihh lu pahlawan bro,0
nyawa beliau sedang taruh lindung negara warga indonesia,0
untung gw dah stop skr main dulu ba ampo pdg jg krn lingkung klo skr pdg dah baik asli gw stop gr gr lg maen kalah sepeda gw ilang yg nyolong dr ctu gw niat renti smpe detik donk kapok se apes nya dulu baru renti,0
tetap hati bang fery,0
bang anak istri kasi lindung extra pliss moga lu keluarga selalu lindung tuhan cry,0
salam masyarakat sipil sekali sedikit bagi alam pribadi dulu gua rajin bat main judol awal kenal judol teman tongkrong karens gua nikmat suatu ajang undi sifat uang nyata singkat cerita gua kerja nabung buat masuk kuliah tabung gua rasa cukup buat masuk kuliah uang gaji bagi gua pake buat judol iring jalan waktu gua sangat nikmat perjudolan gak asa gua mulai makanin uang tabung buat masuk kuliah tadi judol harap gua bakal menang atau klo kalah gua nutupin pake gaji bulan depan waktu pendaftran ulang laku tabung gua sisa total gua target waktu gua tampar umur hidup judol gua bingung cari duit buat bayar daftar kuliah gaji lama yahh gua ga ilang akal minta ringan kampus buat cicil uang kuliah modal sisa tabung gua minta tuju alhamdulillah gua tetap masuk kuliah urus administrasi gua udah kelar semua konten bang ferry ubah hidup dua utama judol jurnal parubaya,0
sumpah orang main judol rugi banget gw ngak tau apa ngak ikut ikut jadi korban duit gua sering pinjam temen gua buat dep kalo tagih malah mau minjem buat depo kata uang mau diputerin dijudiin buat bayar utang gw hasil nya zonk malah nambah hutang gw,0
bang sehat selalu selalu lindung allah aamiin,0
berantas no liga ciputra kalo sanggup joy,0
situ biar situ beri situ main situ bau cuan joy rofl,0
hacker jangan serang judol serang joy joy joy,0
gue gak takut mati gue gak mau mati sia sia sob tampar banget,0
china perang cukup lama buat film nya no more bets even staff hilang duit simpan nya hingga juta cerita yg kena pinjol jual bandar judol jkt pidah philipines terkahir hilang kamboja tonton kejam mafia judol no more bets youtube netflix,0
nkri rusak,0
benar selalu hidup panjang umur baik sparkles,0
ericko lim tertawa,0
marsa ozawa,0
juang deposet menang kalah yg penting deposet dah,0
panjang umur baik sunflower,0
emang anjing judi online kalian laku judi online mikir make otak gak sih gue jadi dampak teman maupun ekonomi teman banyak temen temen gua pinjam dulu ratus which is bukan rb nominal nyata buat depo habis ngilang teman ekonomi gue laku umkm sangat liat banget ubah ekonomi lesu nyata buat judol kek gin buat beli barang mutu buat hidup hari hari gua gak segan segan nyepuin siapa lingkung gua baik maupun coffee shop jogja baik admin nya maupun laku ketemu anjir gak jelas kadang tempat umum bisa maenan slot kek gitu gue telfon polisi dateng grebek mampus lu,0
bang nginfo aja semenjak judi online rame rame tipu kedok ngerjain misi like akun instagram yt lalu dapet duit receh ribu lama korban suruh deposit akhir kena tipu banyak telegram kaya lobangnya sama kaya lapak judol,0
bet atur bandar seluruh indonesia stelah perintah baru tiba bet ekkwkwkw adapa rofl,0
irwan d ferry moyai,0
inisial al bantu guys siapa oknum,0
yakin ferry tau lebih banyak cuma kau jaga kerucut kalo jadi apa apa sama mu gara video singkat konyol sih sweat smile,0
kalo bukan krn jongos hokage manusia udah masuk kandang dulu wkwkwkwk prestasi ga intelejensi g jan fak tenan pokok wkwakkawkw,0
gassss tada,0
keren tada udh sengsara rakyat perintah ikut maen tada tada tada bravoooo moga abis perintah lebih bersih abis sikat in hama nya tada,0
gw yakin budie arie bakal tangkep,0
aye capt,0
atas masuk penjara negara demokrasi jadi gak mungkin mustahil judol pinjol basmi pasu merah kejar antartika laku diantarakita bukan antartika joy joy joy,0
kira siapaa nih sosok al yg maksud bang ferry,0
gua tanya beberapa temen main judol jawab hampir sama semua banyak main judol karna lilit utang coba buat balikin harap untung judol cuma geleng geleng dengernya bukan tobat malah aja harap sama mesin,0
judi lalat biarpun beritahu rhoma irama tetap omong kosong buat lalat judi,0
kalo kelar next mafia bbm fer lo tau lah monster,0
moga maha kuasa berkat selalu,0
tindak tuh promosi judi online kedok streaming game online live bagai yg streaming game juta yg nonton loh,0
pas awal bang feri bilang streamer mobile legend duduk bareng adminnya otak gua langsung muncul si ler botak eh nyata langsung dimunculin muka sama si feri gokillllll heart,0
netizen al siapa lik,0
influencer yg masuk judol masuk mrk yg bayar dg hashtag indonesia baik baik,0
betul orang udah kena judi online susah sembuh moga jaukan jahat dunia amin allah,0
siap mati bangsa generasi i will support you forever bang,0
usut tuntas alir dana partai nya si menteri,0
baru aja kemaren kampung orang bunuh diri gantung diri stress banyak utang main judol,0
yoo ndak tau tak pak beny sweat smile,0
orang paling besar yah orang no konoha kalo kelas menteri pake,0
berantas judol mampusss,0
mending legal sekali aja,0
benar server situs wep judol bukan ada kamboja thailand beberapa lokasi beberapa situs wep judol guna sedia layan hosting anti peluru bulletproof hosting bph abai konten ilegal situs guna vps dedicated bahkan laku colocation data center tahu dulu pernah kerja developer beberapa situs wep judol meski sekarang libat blokir situs situs sebut dapat beberapa cara salah satu kerja sama cloudflare banyak situs wep judol guna layan cdn cloudflare kerja sama blokir api sedia game rupa komponen penting jalan situs wep judol api sedia game situs sebut fungsi game nya crack biasa suka main cara blokir tahu name server domain guna informasi lacak alamat ip asli lapor sedia hosting guna layan bulletproof hosting meski metode cukup sulit opsi hasil cara akhir laku ddos ip asli server sebut server offline pulih server makan waktu lama laku restore backup snapshot autentikasi ulang api sedia game ip baru makan waktu lebih lama banding blokir domain,0
semua muara bintang biru,0
lo panjang umur orng keren cry amin,0
jgn bosan jadi orang baik,0
hancur gara gara judi emang bangke cry,0
kamu sangat berani bang dukung kamu,0
budi bapak budi budi projo bapak budi pro judi online tangkap bapak budi,0
sangat simpel kolaborasi cerdas f d mas satu gerbong yg sama holding konten yg coba uak f yg sebar kisi posisi sana d coba sengaja datang narsum kait hasil akhirny sangat mudah bukti apa sih yg gak jadi klo habis tampil dr channel tsb ga lama d panggil yg berjiwab sweat smile,0
bang kalo jangn sendiri minimal teman bodyguard ga main,0
ingat sosok inisial t yg pernah gaung depan presiden sbgai bandar nya,0
taring garuda,0
benar menang,0
alhamdulillah klo gacha treasure dota selalu ampas gag bayang deh klo gua candu judol,0
adios budi arie,0
dah lama ga liat video bang fer jidat jadi mundur kayak vegeta bang salah model rambut nih joy,0
admin,0
sebenernya ga usah link yg blokir bang blokir tu rekening bandar e wallet nya cara ss tiap rekening ewallet tiap situs lalu lapor pihak kait selesai,0
atomic habit henti bad habit sulit akses habit sebut lah malah lancar sono,0
judol pinjol narkoba,0
al alvin lim,0
bener kata elu fer rugi t koar koar medsos masyarakat aja juddolnya data pribadi jual data pribadi disalahgunakan scamming jaga malah nyalahin nyuruh ganti pindah padahal register pakai data pribadi ga janji klausa simpan rahasia jujur aja kalau malaysia bikin iklan soal lindung data kaya kasus banner visit malaysia kemarin lebih percaya serah tt headline news tutup bobrok perintah,0
asli judol resah temen kerja hampir semua maen judol,0
udah gw putar sampe x sangking fokus dengerin sampe baru sempet coment,0
tetap dukung elprofesor saluting face,0
break the case bang warga sipil sama mu punch,0
moga allah selalu lindung aamiiin,0
sehat panjang umur bang feri salam juang,0
sadar influencerr buka henti malah tetap tahan,0
al yg korupsi bts,0
higgs domino mas play store indonesia jelas jelas judi online kedok game,0
muka jg koruptor bgt,0
buat yg takut bang ferry bakal apa in liat kiri atas video nya nya gak berani senggol ferry terang an,0
si budi ari jdi beking judol,0
makin sini makin syukur pak prabowo jadi presiden yg busuk bongkar thinking,0
top,0
bang judi online pinjam online sangat resah bang bos bos punya bisnis judol punya bisnis pinjol fintek sekarang punya beberapa aplikasi pinjol ga nutup mungkin depan bumn ga mau kalah bakal bisini pinjol bang kawal bang masyarakat indonesia lebih percaya sama orang kaya abang oknomu perintah pray,0
rafi ahmad den cagur dkk siem sweat smile,0
bang loe pake metode text book ala indo judi larang knp loe gak pake metode out of the box nya uk usa buat larang org judi bang judi legal pajak jamin bang pensiun yg main judi yg main pensiun bandar gulung tikar bang,0
jangan memang maksud tunjuk ketua projo proyek judi online face with open eyes and hand over mouth,0
moga tuhan selalu lindung keluarga bang moga makin banyak masyarakat yg gerak hati ikut juang,0
keren lu brader moga khalik cipta sekalu lindung mu keluarga mu amin semangat terus edukasi,0
baru kali aku nemuin channel pola pikir kreator sama kritis,0
akhir nya konten g rokok w rata rata nonton konten orang g nyandu g nyandu w lebih suka nonton konten liat orang nya kondisi candu kondisi sadar berantas judol usut tuntut budi kalo kali g tau kalo anak buah nya lindung situs judol saking goblok nya gmn ampe g tau gpp pak prabowo undur program makan gratis dulu tp berantas judol koruptor,0
baik gema abadi bang fer semangatt,0
rakyat tau cuma mungkin judol eks wakanda aparat ga becus kerja saking tolol kalah sama bandar judol aparat jadi backing bandar judol gw akuin lu hebat bang fery meski gw yakin lu tau lu speak up cuma tabur garam air laut,0
lu keren bgt dah bang lu gak sndiri juta manusia blkng lu bro,0
judi kan praktek main mafia arti benar mafia punya jabat kuasa,0
apasih faktor yg buat si budi angkat jadi menteri,0
ferryirwandi informasi biaya anti banned sebut juta per website orang guna jasa sebut bukan juta sisa banyak orang kerja bidang judi perintah sedia lapang kerja layak umr anggap juta jakarta fakta biaya hidup besar juta besar pasak lubang mohon maaf judi online sebut hilang sendiri apabila perintah sih internal lebih kerja judol paksa tuntut hidup negara sendiri lihat ijazah landas kerja karyawannya banyak orang punya potensi lebih halang syarat usah milik standart sangat tinggi lihat dampak beberapa persen orang milik potensi milik title s banyak orang kerja judol sebut lulus sma semua banyak jadi ahli ahli bidang teknologi,0
proses budi arie,0
suara jelek pake ai ga enak didenger aku tuju kamu jelek banget suara,0
beking kuat mungkin buat dana kampanye pilpres kemarin,0
gue dukung loe bg,0
lu hire bodyguard sih bang ferry jaring bandar judi hampir kelas bandar narkoba sumber daya waspada serang lewat hacker serang anggota keluarga thank you so much for what you have done for our nation heart,0
kok gw rasa menkominfo kait ga sih syukur kalo gak,0
hukum mati harus anggota kominfo bangsaaaaat,0
kominfo,0
kau kubur kau lupa benih,0
warga sipil biasa tp deking nheri joy joy joy,0
liat vidio awal dg ads judol cry,0
inisial al sweat smile,0
gw sering laporin iklan judol fb tp malah reportnya dr fb iklan sebut langgar atur sweat smile sweat smile wkwkwkwwkk fb jg hmmm,0
judi main orang kaya udah bener bingung buang uang lah orang tegah bawah coba untung main sebut sweat smile,0
bang gmn cara ingat judi online ingat timbul masalah baru musuh teman sendiri,0
mau tau gak siapa boss besar pernah sebut pak benny mr t bukan bukan tommy winata thl tukang ojek ngobrol sama gue tau kalo thl bapak besar bisnis judi sekarang kabar relokasi philippines cambodia srilanka perintah philippines sekarang nge ban semua pogo philippines offshore gaming operator kantor aman manila sana mungkin satu nya pogo asal indonesia sisa,0
gimana dgn nikita mirzani,0
ayo berani bongkar mafia yg skrg jd sangka cucurut bapak blm ungkap biang kerok nya berani,0
https youtu be qvku wfa ww video deduktif indonesia,0
maju terus fer jgn serah bangsa,0
akun meme indonesia banyak ikut promosiin judol meme gw kagak gw masuk nggk suka judol nya meme buat akun lucu an malah buat promosi judol,0
si ibud kok gak ikut periksa kalo bukti ikut andil gak mungkin bakal diam seret figur besar lain apa tak sentuh zany face,0
gamungkin budi arie ga kena projo tuh,0
tag presidenprabowo bang butuh bantu beliau,0
tinggal ketik kantorbool tuh website nya sering sawer streamer kayak si pqscol,0
i put my highest respect for you bang ferry tetap lama bang pokok tetap suara benar cerah bodoh god bless you saluting face,0
bayangin kominfo nyata punya jobdesk utama jadi lindung mafia judi onlen ngeri kawaaaann,0
masa si budi ga tau anak buah bagaimana lay budi afk,0
memang bener orang jahat licik liat banget muka aja si tri lama tiap liat hati mikir orang anjing nih eh bener,0
gue support bang banyak kawan gw korban judol kesi liat hari hari banyak bengong padahal kerja entah apa yg pikir kesi kesi mau gue nasehatin udh dewasa harus ngerti,0
lama artis promosi judol didiemin wajib skeptis,0
dukung bang ferry main judol mulai udah tahun judi online mngkin kalau total rugi jt coba henti judol anak pertama umur tahun menang bilang pa henti gak usah main judi,0
disclaimer isn t it alvin lim he owns pt quotient fund,0
backinganya close the door babat terus baang semua negatif rusak rugi masyarakat muscle muscle muscle thumbsup,0
si katak bhizer bangsat ga berani pulang,0
pak prabowo kerah anggota baik mu brantas judol yg sangat mudah nyata lihat mata andai ga hilang yg aneh rakyat kecewa bukti pak prabowo musnah judol,0
konten tunggu tunggu,0
ngeri kali bang foto bos budi arie pajang tumbnailnya g joy joy joy respek bg,0
ber sukur alloh subhanalloh bongkar jabat trima suwaf tinggal beri suwap siapa jabat janji mau naik gaji bukan nya naik gaji tspi korban jadi judi onlai lalu seret penjara sukur pk jokowi keluwar kandang judi onlai bangga bangga kan nenek mega kepala banteng,0
moga hacker top indonesia ikut gerak awal berantas judi online,0
sehat orang baik pray pray innocent,0
bang henti buat video sangat bahaya selamat abang kalaupun mau bicara jangan fulgar,0
selalu bikin resah banyak korban rakyat jelata tengah bawah logika sederhana judol bangun luar negri gaperlu sebut negara mana udah tau main banyak orang indonesia kaum tengah bawah kaya yg bang ferry bilang kalo gak berantas dulu bahkan skarang jangan kaget kalo negara jadi inflansi uang cetak negara yg harus dipake buat putar ekonomi negri malah dipake sama banyak rakyat yg tll buat judi uang lari luar negri percuma skema uang indonesia abis keluar percuma negara milik situs judi yg dapet uang bakar duit buat promosi terang an yg selubung nyawer bagai platfom sosial media yg dapet sawer selubung dapet uang gak full karna kena potong apk sebut miris apk sebut bukan asal indonesia sendiri sederhana uang indonesia abis lari luar negri ratus t percuma dapet uang tesebut kembaliin cara bakar uang promosi indonesia bagai cara nyuap orang punya kuasa negara paling cuman abis sekian t ngeraup untung besar buruk kalo dibiarin indonesia gak bakal jadi negara emas jadi negara cemas makasih banyak buat bang ferry influence selalu bikin konten buat cerdas rakyat indonesia buat rakyat udah melek makin pinter lanjut satu buat ngeberantas judol apa bikin negara generasi bodoh gak jadi cerdas gue pribadi cuman doa moga doa gue serta kalian semua selalu baris benar,0
lindung data perlu lindung bandar nomor satu kominpo tai,0
bakal banyak angin kencang bang bukan angin,0
my question is kominfo lindung situs judol wa akhwatuha arti tahu sarangya abu abu,0
salah satu wilayah bandar judol besar indonesia waspada cari lemah warga wilayah contoh nya cari sewa rekening pindahin dana judol sebut,0
budi arie periksa mas puas streamer ml sama walaupun udh engga tpi gembar gembor view rata remaja,0
lawan judi laku lindung,0
jangan takut bg sini semua sama,0
up terus bang semogw ketangkep si budi arie muka iblis,0
tangkap si budi,0
hati hati bang rapat baris orang baik selalu dukung loe moga selalu sehat loe keluarga loe bang,0
manusia paling bahaya storyteller,0
niat baik balik diri sendiri balik buat masalah takut bang lebih takut kalau akhirat tanya siapa tuhan mu uang,0
moga allah lindung bung,0
santet udah sampe bang,0
la casa de papel,0
ga sabar mantan menteri kominfo streamer ml ditangkep,0
aku yg gak pernah tarik sama sekali sama judi tetep miskin cry,0
judi online sangat rusa bangsa presiden prabowo cepat tindak tegas mafia sih hukum berat berat,0
they do have country its jahannam,0
temenku hilang rumah mobil motor bahkan anak istri satu jadi buron orang gara pinjam uang sana sini,0
nyali lo emang patut acung jempol bang tetap hati lo lawan mafia besar,0
aliansi shinobi,0
terima kasih informasi,0
moga akhir the professor bukan denver tokyo lin moscow thumbsup,0
cuma dukung lewat kecil gw lakuin blush maju terus bangg,0
kren bnget lo bg fire clap,0
gw anggap semua tangkap koruptor bawah perintah prabowo akhir akhir gw sebut bersih bersih oposisi tangkap rata rata oposisi perintah pak prabowo kayak gin malah lindung satu kubu sama pak prabowo gw gk ungkir jasa pak prabowo bener bener nangkepin koruptor pandang bulu nah kalau pak prabowo segan tangkap orang masalah perintah satu kubu contoh orang bahas video baru gw aku kalau bukan cuma bersih bersih oposisi,0
ig banyak banget promosi judol,0
lebih indah mati hormat hidup serasa mayat,0
emang kuasa anjing thumbsdown,0
bang ferry kalau bang ferry tawar angkat jadi salah satu staff khusus komdigi satu tingkat bawah tri wamen bang ferry terima mungkin judol bakal cepet berantas klo bang ferry masuk perintah,0
nyali perlu jadi panutan sedih nya aku yg takut remeh cry,0
jadi tau al siapa,0
turut bpk prabowo jangan panggil menteri bekas mulyono yakin haraoan rakyat mayoritas perintah yg benar baru lihat bajang bagaimana ombak besar terpa awal perintah bpk prabowo soal budie arie sang ketua projo yg sekarang sbg menteri koperasi lihat kominfo kes biar staf nya memelihata judi online yg yakin amat sangat mulyonopun tau budie arie laku biar indikasi apa mr bert mengungkaokan yg blokir bukan judi online cuma wordpress kd menteri kominfo budie arie laku kelici kantong makin tebal hingga akhir mau diri partai projo yg tentu sinyalir dana judol ingat oesab bpk prabowo ikan busuk mulai kepala dulu panggil tangkap adil mulyono minta pertanggungjawabannya jangan lempar batu sembunyi tangan jangan cuci tangan kes malu,0
bubar pro judi online,0
al siapa ga pikir satu nama gw inisial al yg nebak,0
gw siap jadi aliansi abang sentil biji jabat yg jadi racun bangsa,0
mantap fire fire,0
siapppppp bg maju trusssssssssss,0
konten bahaya heart cry,0
bubar ajaaaa kominfo ituuu,0
dotalounge dota top vpgame untung gua udah lepas sama henti situ kenal nama nya slot trims video nya mas,0
bang saran dikit kalo cuplik vidio saran cantum tanggal nya runut aja cuplik cuplik ny dukung,0
saran bang music backgroundnya kecilin dikit,0
sebenernya simpel negara bikin ruwet kalo lihat lebih canggih reciver tv satelit ketimbang kominfo sweat smile sweat smile,0
gw respek bgd sama konten kreator ikut kritisi kpd penghianat bangsa smg konten namalo ukir jalan sejarah bangsa,0
project madilog,0
sikat bang sampe akar gw pribadi dukung bang,0
ngeri bet gg lu bang,0
bang gua bangga samaa loooo heart,0
gassssssssssss teruzzzzssszszzz,0
jangan sebut katak bizer bang ga level siapa butir upil yg tempelin tembok buat lo bang,0
jiwa juang bangun ikut panggil bang,0
terima kasih bang jadi orang berani speak up moga semua warga sipil tetap awal mu,0
gua punya opini gak popular disclaimer gua anti fans budi arie entah guts feeling gua menkominfo lindung situs judol seperti sejak era jgp kenal orang koruptor bagi nasi koruptor kelas kakap sejak sulsel akhir ciduk dlm kasus korupsi bts arti orang sifat corrupted gak selamat ingat gua judol mulai endus ppatk booming tahun terus roket sejak tahun ingat tahun pimpin jgp gua suspect jgp krn tau gua dr hasil cari angkat staf ahli baru era budi arie arti yg tangkap staf ahli dr pimpin belum jgp tangkap masuk budi arie benar utk bikin berisik awareness soal judol sejak pegang budi arie media makin marak ngomongin judol makin byk influencer yg tangkap iklanin judol jadi bincang yg makin hebat soal judol sulit berantas akhir bentuk satgas judol tuju ngusik ular keluar dr sarang cari bukti jgp masa tangkap sambo rafel alun tiga tangkap bukan utk kasus judol tp nama sambo santer lindung mafia judi rafael alun cuci alir dana judi online kalo gua kmrn tangkap benar krn jelang milu takut bandar banjirin uang utk menangin paslon tentu semua siap politik relatif stabil awal era prabowo baru gebuk main dr kata ferry moga selamat bukti milik judol bukan cuma level kriminal lokal region sangkut mafia dunia milik triad yakin gua ngelawan triad mafia dunia bukan perkara bulan sweat smile sweat smile sweat smile gua yakin lama dr intel yg mgkn tahun telusur cara maen bandar salah satu org yg percaya jokowi utk jd mata kuping dlm menkominfo budi arie,0
dana dana wah dana tukang top up dana mana,0
alhamdulilah ga sia nonton sub chanel bang ferry banyak suara keluh kesah yg sama smoga sehat slalu bang chanelnya smoga makin kembang,0
yg berfikir maen judi bikin kaya mungkin otak kosong siapa yg berpatisipasi judi musti musnah sampe akar nya,0
al siapa guys spill tipis tipis dong,0
seleb idiot banyak promoin bahkan akun akun informasi berita ig banyak betul bebas liar sweat smile,0
kira siapa si al,0
mau nagis gw anj face holding back tears,0
judol bukan masalah situs pak bekuin ambil rekening deposit,0
meski bab tutup keren banget tetep aja kalo ngomong warga sipil biasa bakal ciduk kalo ngomong bang ferry gw yakin aman blush,0
siapa sosok manusia laknat inisial al sebut thinking,0
gw percaya lu serious bgt bang sampe rambut sisir rapi,0
gua kurang percaya klo white hat hacker klo block dong server bangs t bandar judol,0
bang bahas latar belakang budi arie setiadi dong gw kyak ngerasa enek liat muka kayak muka koruptor munafik entah cuman firasat gimana kyak gak suka aja liat kerja sweat smile,0
long life bang ferry irwandi pray,0
gw sedikit ganggu rasa penasaran tepat close the door pojok kanan atas tahu mohon kasih gw info terimakasih pray,0
sikat bangg,0
jubir akun fufufafa sweat smile,0
semangat bung muscle,0
bang facebook ig banyak promo judol mohon takedown,0
mau santet,0
al hmmmm,0
sangat khawatir kalo punya otak kelas wawas kelas bela ada apa sayang cuma punya nyali otak kagak punya jadi gak bantu apa doa buat abang selalu lindungin bahaya apa,0
yook yook bener bener jadi indonesia emas pelan pelan asal jalan,0
data bocor kemarin jual bandar judi bang,0
percaya bukan afiliasi satu partai satu pimpin mana jangan makan isu politik,0
kemarin bolak balik cek chanel makasih bang akhir bahas masalah lanjut video video yg lalu moga abang aman,0
budi arie tanggung jawab kasus judol kemkominfo desak mundur jabat pecat prabowo,0
ngeri bang isi nya daging semua gw do ain lu tetep sehat selamat bang,0
akan kasus besar lebih besar kasus tom nutupin kasus judol seperti kasus tom hasil tutup kasus markus zr fufufafa,0
kelasss,0
udah gak sabar nunggu livenya we love you bang heart,0
moga yg suara benar anggap salah lalu hilang semangat bang ver diblakang mu blush,0
instruksi apa yg sampai pak prabowo bulan lo banyak yg ciduk tempat gw dimadura jabat bkn kena ciduk korupsi mntap pak prabowo heart heart,0
anang lermanysah,0
sehat sehat abang hati hati jalan,0
fresh and neat that ferry what we need,0
gaspol sehat bahagia selalu sama keluarga bro right facing fist right facing fist heart heart heart heart heart heart,0
justru org yg bahaya tuh lu bang lu potensi ancam perintah oligarki cara sadar masyrakat lebih berfikir rasional semua kejahtan keburu yg laku ungkap wkwkw,0
budi arie pas cecar rapat dpr malah afk joy,0
mana live nya bang,0
go a head bang,0
gasspol bang tangkap semua penjara ampe busuk,0
tuju bang masa negara gabisa urus kek gin niat ga perintah nya jgn cuman kroco nya aja yg obok org master mind nya plus oknum nya libas,0
murudul komidigi kyak semuar keinjek joy,0
jadi live ga ni bang,0
kok ga demo sihhh soal judol gin ah pilih joy trus oknum jabat sama tegak hukum uda sumpah jabat mas tetep korup tuhan aja ga ditakutin palage cuma hukum yg tumpul negri konoha,0
bang live jadi gak,0
jokowi tangkap bang lindung orang orang nya salah,0
tangkap baru anak buah bos mafia jabat tinggi dalang tangkap baru musuh politik lingkar kekuasaanya dukung jangan hanya operasi citra model baru pahlawan palsu rakyat percaya tindas rakyat korupsi jarah kaya alam pajak hutang negara moga betul tulus pandang bulu bebas negri mafia korupsi aaamiin palms up together palms up together palms up together,0
kasus belum rakyat budi arie mundur eh sekarang kasih jabat menteri joy,0
klw mau dapet banyak influencer sama anak anak sma bahkan smp khusus bal sama selebgram influencer yg tinggal diskitaran pik soal gencar bgt lho sosial media promosi terus shushing face,0
b pratamasaputraa influencer sering promosi judol insta story bang ga tangkep malah main film wkwk,0
disguised face untouchable karna cebokin fufufafa,0
moga sikat semua biar bersih,0
seru tangkap ketua projo budi arie,0
kasih orang jago it hari judol ancur leburrr rofl joy karna emang gampang buat nutup sampek akar akar nya joy rofl,0
budi array,0
budi arie memang bodoh tau masalah teknologi digital salah jokowi angkat orang tahu apa apa teknologi digital,0
sama nya pinjol paylater yg jadi jebak destruktif buat selaku masyarakat tengah,0
inisial al kira kira siapa,0
mas ferry standing laku jual beli request angkat topik tipu segitiga yg sekarang masif struktur cara kerja utama marketplace facebook denger digerakin rumah tanah cry,0
memang benar si pelihara rakyat miskin rakyat buat stunting iq sosial media favorit rakyat nya kandang monyet alat propaganda butuh kasih aja sembako baju partai joget kalau lihat generasi sekarang lebih banyak miris anak sma baca motivasi salah besar kemdikbud sungguh banyak pr terus hokage desa konoha,0
rasa rasa perang lawan judol perang hidup mati taruh lawan the invisible hand musuh lap lapis lindung nya ketangkep satu atas cari baru butuh perang satu berani lawan adab indonesia lebih kritis etika cabut akar alias hulu nya perlu the power of society hidup negara kuat suara mutlak tangan rakyat vox populi vox dei suara rakyat suara tuhan tuhan sini coba intepretasikan kuasa mutlak tuhan milik kuasa mutlak absolut kerja sama sama berantas judol baik warga sipil atau perintah berdo a moga capai berantas judol pray pray tuhan lindung bang ferry teman teman lawan judol raised hands,0
siap perang,0
sangat sayang kasus streamer game ml terima uang judol proses padahal si streamer malah nantang balik sadbor langsung bui jadi pilih kasih gin proses semua dong pak pol biar efek jera,0
fanspage facebook banyak postingan pake wm judol padahal dah gw report aja nongol,0
budi ari awal jdi tri pernah usul biar judol legalin pajekin kaya libat joy,0
sehatt teruss baaangg semogaa lindung allah selalu serta,0
sehat sehat terus orang baik salam hangat bangkinang riau bang judol memang resah bang,0
siapa inisial al serius tanya,0
mana live santet,0
dulu tanya tanya keyword judol selalu muncul alternatif ip apa guna blok klw muncul alternatit,0
harus witch hunt yg kabur ngumpet sweat smile,0
bang jangan mati dulu yaa sob,0
moga bang feryy selalu beri sehat lindung perangai orang orang jahat,0
bang buat video kena algorithm program judi aja bang biar main judol paham they will never win wong settingan semua mau buat kalah menang tinggal klik,0
together we are stronger gass brantas semua praktek judi online,0
gua baris lu bang,0
white heart,0
cabut benalu atas akar akar kalo bawah kotor atas nya tanya,0
bagus editor baru nya,0
bandar selalu menang dealer always win,0
kalo mau juang beneran lu buang logo pojok kiri kalo gua ga bakal pernah yakin lu juang beneran engga krna mreka kerja jilat perintah joy yg lu bahas cuma kroco doang buat ngalihin sosok asli tu si rambo tombby winbata baru aja ad yg mau bahas kait judol langsung ilang berita kasus selingkuh artis rofl kalo berani matiin semua yg konsorsium baru selesai tu judol,0
satu kata salut,0
percaya bos besar sambo,0
orang orang tll main judi jabat jabat korup tetap jadi backingan judol judol heeey masyarakat miskin tengah main judi tobat kalian main judi akaan buat kalian kaya raya kalian s mp h,0
indonesia butuh orang orang mu bung,0
njing this guy so cool,0
syukur gue suka judi pray pray,0
al thinking,0
runyam kalo jahat atur elit cry,0
berantas judi online,0
halo kawan warga sipil minta bantu pesan baca bang irwan bang buat akun khusus lapor influen yg libat promosi judi online mungkin lebih mudah bantu berantas judol yg sangat rugi negara org sekitar terimakasih,0
bahkan kubur suara lebih lantang tanmalaka,0
konsep opening video rada mirip money heist bng wkwk tau tau lu mirip profesor fire,0
gass,0
se gg gg nya jabat budi ari,0
jodi l sangka ku an anis hukum meti seledai oada bingyng siaoa yg bertangung jaeab,0
gua bangga gak pernah tarik judol fire fire fire fire,0
inisial al google ketemu jadi penasaran bang sweat smile,0
krisis jujur,0
siapa yg tau inisial al,0
miris memang terus terusin aja judol habis tuh aset harta lu moga semua keluarga jauh judol aamiin,0
punya teman x menang judol juta bayar sama bandar cba link ordal kominfo akhir bayar syarat done bayar,0
gue dukung lu bang,0
upppp video perlu trending,0
siap sial al,0
bahas milu as ga sih bg,0
sangaaaatt setujuuuu,0
respect banget bang,0
lo jangan mati bang lo musti buat series buat topik,0
gara gara korupsi mie ayam sekarang rb bukan rb,0
rusmandota dpt sponsor web judi banggg,0
pantesss,0
kiamat jg judol gakn musnah slama oknum keparat bangsaat lindung judoollll,0
karyawan kominfo bukan jadi it negara malah jadi it judol wkwkwkwkwk,0
inisial al open mouth,0
aku tu rasa main judi aku kalah ratus juta bukan mudah gk makan beli bensin gk bahkan mandi aja gk pake sabun moga kalian gk ikutin jejak aku cry cry,0
wkwkwk presisi,0
mungkin masyarakat nya mudah buai iming cara cepat dapat harta sejak dulu banyak praktek dgn bagai modus ganda uang yg logika mungkin laku banyak yg pamer hasil yg buat pamer modal bandar apes banyak oknum pangkat yg lindung entah kapan mindset masyarakat ubah kalau menang yg hakiki henti judi,0
promo promo judi online facebook live stream tanding sepakbola tuh gapernah ketangkep orang,0
beliau benar benar masak,0
budi arie adil,0
kominfo yg harus blokir website judol malah laku udah ganti menteri baru cry,0
fight fight fight fist,0
pak waldusing yg libat gak sih kira rolling eyes,0
merinding,0
semangat mas,0
siap sedia lawan judol,0
mau bawa negeri semua rusak cry cry cry,0
godbless long live ferry irwandi,0
gak cerita kaya waris kalo gk tahan abiss,0
padahal rb beli makan eh malah depo,0
al siapaaaa,0
bahas santet mending bahas judol,0
depo lewat dana bang pusing liat tmeen depo mulu,0
stay safe god protect you amen,0
apa gw dong abang ferry mirip profesor money hest,0
yg atas cari siapa,0
fufufafa aja lindung admin judol moyai gorilla,0
perang hacker lawan judol harus,0
sama mu bang,0
bang ferry bahas orang indo kerja kamboja dong bang kata banyak jadi scaamer operator judi online jadi gimana tanggap perintah depan moga bahas bg pray pray pray,0
pasti info udah prabowo,0
gw minta bang cry cry cry cry gw candu,0
gass bang jangan kasih kendor rofl tri bodoh cok g kompeten sama sekali punya presiden g plonga plongo doang smirk save video abang jaga klo apa pray,0
semangat buat bang ferry muscle jangan lupa hati,0
semua korban paksa kerja judol sambung hidup bina bukan hukum berat,0
nebak inisial al tadi ga,0
tulis boardnya malaka projed wkwwkk,0
sehat selalu bang terus ngonten manfaat kayagini,0
satu kata judol berantas,0
budi arie dunggu,0
tri nya sangat perlu audit,0
al siapa cari jawab kawan,0
al siapa guys yg tahu,0
inti koruptor bakar idup,0
bang bgm menit nama bgmnya apa bagus soal,0
satu kawan hancur konsorsium bajing,0
main judol kepala batu kalau suruh henti,0
ingat perintah lupa pihak kominfo apa pernah nyebut judol cuman batas main terus anggota dpr jelas jelas sedang main judol rapat cinta mega kalau salah nama sayang usut kemudian tenggelam gitu aja terus kasus sambo duga ngelindungin bisnis perjurdian banyak website perintah digunain buat promosi nah situ aku ngerasa emang beres sih ama perintah pihak lah ngelindungin judi utama judol turut dah terang terang soal sweat smile masak kurang usut siapa lindung judol perintah aneh aja sih turut aku yakin baru ujung aja sih terus artis dulu afiliasi judol minta terang jangan cuman gercep buat kelas bawah lah pas atas malah tumpul sweat smile,0
bang bahas artis artis jejak digital nya promosi judol chanel md universe udah spill nama nama artis nya vulgar blush,0
bang bahas bal akhir banyak jadi kasus preman bunuh sama sekali endus media luar pulau pray pray pray,0
akhir manusia sendiri hancur dunia,0
bang markas judol ruko daerah harap indah wanita jadi daya tarik tarik cust facebook media lain mungkin abang selidik bg g jauh sana mess wanita segera brantas judol bg,0
dilindungin atas yg berantas malah wordpress tau apa pura tau rofl parah sih jahat lindung sama orang gerak negara joy,0
fire fire fire fire fire fire,0
selalu iring do a bang thumbsup,0
jujur gw tu skeptis aja semua part of drama yg dimainin birokrasi tahun pimpin the king of drama yg masuk gorong but behind the scene semua beda apa yg peran frontliner beda dgn apa yg main orang backstage bukti yg tangkap dulu semua gembor kan berantas jodul satu case how about the others jaga sehat tetap semangat,0
politik bisnis agama alat paling bahaya hancur negara raja bahkan dunia sekalipun,0
good luckk bang,0
gas terus fire fire,0
kira siapa inisial al tsb sweat smile,0
bang saran baca doa pagi sore doa keluar rumah ayat kursi insya allah aman kalaupun tinggal insyaallah syahid moga allah beri lindung berkah juang berantas judol,0
salah satu bukti kalo sdm rendah gampang nya orang akses judi online bahkan instansi yg berantas judol malah jadi guardian judol sendiri semangat terus bang ferry suara abang yg jadi wakil bang,0
berani sangat sangat tanding bang moga sehat selalu terus suara apa yg perlu suara,0
adik gue mantan kerja kamboja sana adek gua bilang kalo bos judol selalu setor milyaran uang oknum kominfo oknum polisi biar tetep jalan bisnis nya sekarang logika kalo emang instansi tegas bener mau berantas judol gak nama judol indonesia,0
bang main judol banyak komentar sini pura pura sok suci asli kayak taii,0
susah dibilangin kalau orang maen slot judol,0
triliun tahun gilaa sih bener bener ban judol rugi negara triliun kalo buat bangun gedung joy,0
tan malaka gol d roger malaka project crew mugiwara irwan d ferry kapten terus kejar one piece bawa tekad waris arti tan malaka mati,0
tangkap laku jahat laku cegah yg lebih kuat,0
tau alas anak paksa buat naik kwrena laci yg jaga owkwowkw beliau lupa klo wakil gak ngapa in,0
pak lu keren banget aseli,0
miris temen temen gua sekolah kelas udah banyak main judol banyak malah bangga main gituan ngerasa keren ngerasa duit sekarang kaya kalang remaja judol udah jadi wajar ga punya dampak buruk paling bikin gua males orang main judol selalu aja bela padahal jelas jelas udah atur sama admin operator joy kaya nambah kaya miskin tambah miskin,0
ketua projo nih boss dulu lindung jokowi sskarang saat rakyat kritis,0
siapa al grin,0
solusi nya buka kasino jangan jadi negarq munafik deh banyak pemuda mati krena minum oplos krena yg resmi mahal susah,0
oke bang klo ga mau ikut lu biar gua sendiri dah,0
jujur tahun gelut dunia lingkar setan judi sperti umum orang awal iseng iseng parlay bola lalu makin kesini kenal nama slot janji puluh kali bahkan tak hitung tetap ulang aku rasa salah otak entah aku rasa hidup alami mundur masa depan mental hancur serba malas mau laku apa benar kata orang kaya judi kalah gelisah menang gelisah sulit memang ikhlas paksa diri ikhlas percaya sendiri temu diri dulu ikhlas utama jalan hidup hening renung aku sadar betapa banyak orang aku kecewa tuhan beri nafas sehat aku anggap buah tegur tuhan dalam ilmu agama brother catat adzab main judi neraka jahanam coba hari istighfar banyak mungkin akan hidup lama cara ampuh tuhan aku harap semua sini jangan mati ada main judi,0
maaf luar konteks video janji bang ferry perihal sistem didik malaka project tayang lho bahas hasil teliti lama tahun aku kepo,0
eh logo close the door sweat smile,0
wew bang ngeri kata nya gua yakin sih abang bakal aman yg lindungin jngn nyerah gua dukung bang juang abang,0
inisial al maksud seperti sedang calon diri jadi gubernur bang hehehe,0
gua nonton asa kasih instruksi sama the profesor pakai bahasa spanyol,0
keling omongane pak tri mbiyen anu d anu zaman server d jebol sweat smile,0
lama mesin cari google muncul judol search slot judol ga pernah mati negeri,0
ayo ayo ganyang budi arie ganyang budi arie sekarang jugaaa versi urgent,0
judi online bahkan bukan judi bneran judi online tipu digamifikasi sadar kalian orang orang tolol main slot,0
sering bikin vidio begini bang saluting face saluting face saluting face thumbsup jihad yg benar salat abang kuh pray pray pray,0
kominfo memang masalah awal diri judol porno,0
yakin inisial budi arie punya lindung politik besar belakang libat dukung mulyono israel,0
akhir berani,0
moga pak prabowo jauh mulyono buang tuh si fufufafa cari muka aja kerja nya kayak bapak nya,0
he s risk everything,0
percuma lah bang orang pintar baik negeri butuh yg perlu tanya dana kampanye yg luar biasa mana serius mudah byk orang pintar negeri judol sulit masyarakat awam tunggu gebrak perintah skrg,0
sehat selalu bang ferr fist,0
lama lama kayak ryuzaki deathnote,0
katak mana katak joy,0
wong cilik rasa wow begitu banyak armada kandang masak gak rasa makna leader leadership harus milik sensitivitas responsibilitas awal yg lekat orang leader kemudian lanjut tahap koordinasi kooperatif selesai kalau kemudian segitu banyak misssion impossible prihatin jadi terima kasih presiden frekuensi rakyat babat habis dusta rakyat,0
lembaga sampah dulu udah isi boomer tua bangka kaga becus libat kriminal,0
salut sama berani abang suara berani kritik dapat beri saran semua inspirasi bang ferry meski akhir sekarang keluar proyek konstruksi bangun keluar lingkar setan tsb,0
openingnya tetap tahan money heist bnget kerenn cinta bang sama professor sweat smile sweat smile,0
judol bukan judi jelas scam tindak jahat,0
gabung hastag tangkap budi arie,0
kawal terus bang,0
dulu banyak tuh streamer lolos ajg,0
al sapa guysss,0
stay safe bang semua selesai,0
sehat terus panutan fire fire fire janganmatisiasia,0
trending,0
dukung bang ferry kumpul sini fire fire fire,0
nitip kata ngga bang buat nama nama baj ng n,0
moga video juang mas ferry banyak orang mulai sadar bahaya judol amin,0
keren lu bang gw dukung lu,0
nungguin live santet bung ferry nih joy,0
rusak negeri bukan orang asing orang negeri sendiri cry,0
budi ari yakin libat,0
pas ganti menteri ganti nama langsung ketangkep oknum kominfo sus banget menteri nya ngapain aja,0
gimana rasa jadi top komen gaes joy,0
panjang umur bang heart,0
hukum tajam bawah tumpul influencer,0
lu gerak facebook ga sih bang tuh medsos paling parah meta kek sama sekali ga peduli sama iklan judol sana,0
ga bakal kena si mantan menteri,0
tinggal nunggu beneran potong ikan kepala busuk,0
wajah nya aja budi ari pancar aura penuh kelici rofl rofl,0
bencana jenis apa yg sedang alami bangsa,0
waw dasar neraka sekalipun siap joy,0
hmmmm al pikir loh leon re sweat smile sweat smile,0
maaf mau nanya forex mui nyata forex halal instrumen spot sekarang jaman serba online forex yg erti gerak bidang trading dagang mata uang kontrak abu abu mata muslim gimna banyak debat yg lihat yg bilang judi yg bilang haram maaf tanya karna ajar forex jadi tau dasar nya dlu moga yg kenan jawab,0
mampir sapa abang maaf sweat smile nonton koment sapa dulu bang pray japrax papua pasti selalu hot udah tebak nii,0
sehat sehat selalu bang fer,0
goks tahun konsisten rang judol fire fire gue pelan pelan rang admin judol lingkung perwibuan facebook karna sekarang mulai nyerang gw temen temen gw admin judol kemah kamboja moga lancar lah,0
semangat pak lets goo,0
temu dalang,0
twitter x datang kesini benar ferry pria tepat janji,0
aku liat ig banyak yg promosi judol laporin bang ferry walaupun akun ig nya gk terlalu kenal,0
gua kira tuh orang tua gak dipake abis masa jabat nya abis eh malah jadi menteri dong penasaran siapa sih beking mungkin pegang rahasia gede ampe gak berani nindak joy joy joy bilang,0
gokil bang,0
mungkin amit amit sosok ferry irwandi hilang medan peperangan nama bung ferry abadi satu ikat rawan lawan judi irwandi kaosksosksok,0
maju terus bg,0
jabat kominfo jabat polri persen paling besar bandar,0
gokil lu bang thumbsup thumbsup thumbsup thumbsup,0
salut sama abang terus bela benar moga tuhan selalu lindung bang,0
jd pikir soal kasus bobol data heker lalu ajaib kemudian hekernya kembali kayak sekenarionya pingin buat ampu kominfo jadi pahlawan cmn jalan cerita buruk motifasinya biar tambah kabur sepak terjang lindung judol,0
negara maju gak pusing kali ngurusin judi legalin sekali atur kalau nonton bola luar misal epl iklan judol bet yahh nama jerat efek guna memang at least selalu dijelasin gamblang tiap iklan negara gak bakal rugi pajak tinggi atur nya jelas gak tau apa sini,0
gas bg keren lu bg,0
sehat selalu pak ferry,0
iklan judi gak d lapor d blokir androin yg pegang sendiri bongkot,0
semangat makasih bang ferry udah mau juang lawan judi buat daya jual beli masyarakat jadi lesu cry,0
lgi mau jual barang second olx mlh sodorin iklan judi online emg ga benar mana mana,0
ayo temen bantu bung ferry minimal yg msih main candu stop yg udh henti ayo bantu tmen yg yg henti,0
lu sama dpr sama bang pikir liat kondisi laku sekarang pertaanyaan si orang komdigi ato kominfo dulu operasi kapan lu jangan lupa jhony plate kan yg gembor media awal mau brantas judol lama manusia yg kerja persetan dengab ganti nama tri bang ga penting,0
thumbsup thumbsup,0
bngst memang jabat anj,0
semangat bang fire,0
udah makan buah gomu gomo no mi,0
moga allah sllu limpah lindung sehat sejahtera bang ferry agr terus edukasi dn beri informasi yg wawas video video innocent thumbsup,0
akhir update soal judol,0
kawal sih wkwk judol tolol usak hidup cry,0
pak ferry kompleks banget masalah judol nyata pihak birokrat yg main streamer game yg notabene tonton generasi muda jga maen judol ibarat nikotin yg punya zat adiktif atas bawah udah candu pernah satu waktu lihat anggota dpr tangkap maen slot alibi cuma game permen tiap nongkrong diwarkop warnet hampir lebih buka situs judol pak ferry terus bicara baik semua,0
kalau nama arti keluarga libat moga aja yg hajar bukan laku utama aja sekali orang yg lindung,0
plottwist nyata big boss nya joy pantes ga redup gilir paypal segala bentuk dapat luar malah bendung joy gelar putra balik memang piara sang raja,0
semangat juang smirk cat,0
kawal terus budi sediiihhh,0
projo singkat pro judi online,0
banyak bang situs judol yg liar mudah an cepat selesai,0
gue ga takut mati gua gamau mati sia sia fire fire fire,0
kelas bg fer udah suara kan judol jahanam moga abang selalu lindung tuhan aamiin,0
sudut pandang gua serah kalian mau ngomong apa tom lembong tangkap korupsi jadi menteri inisial i begitu sangka komdigi gua rasa jadi tumbal jadi menteri baru koperasi benar rang judi harus puluh artis besar tangkap joy,0
viralkan,0
dalam,0
masalah uang nguap kayak awan nyedot air hujan nya negara sweat smile,0
dear ferry irwandi sungguh lebih mudah hadap dukun mang penting judol jadi kaya raya karena dukun gak mampu buat muntah paku pasu sepatu nike lambung mang penting judol jadi kaya kuasa ambil satu satu kamu sayang respek pada atas berani jujur harap lanjut lawan judol zaman rhoma irama muda beliau tua judi terus eks malah makin banyak varian punya harap sama dengan suatu hari judi apa bentuk hilang negeri,0
semangat lu terus hidup bang,0
emang tai budie arie asuuuuu,0
buat percaya judol temen gw bundir gara judol lilit hutang ratus juta rumah udah jual nutup hutang,0
sehat sllu bang,0
tebak an gaes al kira kira siapa nih,0
jngn takut bg gua semua pihak kamu raised hands,0
bang klo si katak bizzer beneran nyamperin lu ajak gw bang gw siap otw buat ngehantem tu org grin,0
god save bang ferry,0
semangat bang ferry just be at ease the war is not on your own we stand by your ideology,0
terus mas fery cerah netisen,0
initial al is the spicy one,0
jijik bgt sama si budi gabisa kerja dpt harga mantan pegawai byk yg ketangkep judol bang gw nitip lu jitakin si budi klo ketangkep,0
gimana berangus akun postnya watermark judolnya,0
obor juang udah nyala bang,0
streamer sekarang takut sama lu bang sawer sama judol sekarang ciut udah mulai mikir x wkwk sweat smile,0
orang orang perintah,0
the day of soldado,0
makin kesini makin muak dg jabat kemaruk,0
bang gue bikin animasi simple gue isi watermark stopjudionline video gabisa bantu banyak sedikit ingat tonton langsung gue rasa jauh lebih baik masang wm judol video reels,0
panjang umur bapak paruh baya indonesia coffee,0
semesta dukung bung,0
al teh saha bang bom nemu nemuu,0
kelasssss,0
segera tonton video nya take down,0
baik jangan tunjuk hidung dulu,0
apa judol narkoba exist meski razia kali mesti curiga kalau pihak wenang bekerjasama atas kunci kecil kalau niat atas berantas pintu gede banget make sense kominfo babat habis pintu masuk judol ga ngapa in arti memang bantu judol tinggal runut aja instansi kait masalah kriminal masing,0
siap bantu perang,0
semangat mas fer,0
sudah bahas santet biar kan jadi lahan sulap merah,0
panjang umur juang fire,0
bobrok negara liat banget si ngurus ginian gabisa,0
dulu emang udah tau sih untung judol gede,0
inisial al kata tebak tebak yuk wkwk,0
inisial al siapa bang,0
kalo si budie beneran gag ngerti kalo anak buah manipulasi daftar blokir brarti audit kominfo yg sekarang komdigi sangat buruk karna emang bukan ahli kalo bukti si budie ikut andil lapor polisi,0
gas pak by one sf fire,0
buat tangan kotor buat dunia bersih captain price,0
skeptis iya banget minggu lalu tlpn kemboja info a aman aja gada tu blokir gada kata lips service aja kata blokir,0
jujur resah besar gue duit dikumpulin masyarakat harus puter buat naikin taraf hidup setor luar negeri dituker sama main gambar geblek pleading face,0
gw sangat curi sama pak mantan kominf yg kemarin,0
kriptik bgt bang spill lebih lah,0
bang lu ga kena cancer kan,0
negara kamboja legal judi online,0
daerah gw preman mantan bandar judi togel wajah mirip banget kaya budi arie sayang udah tinggal pas gw sma makanya gw lihat si budi asa lihat preman makanya gw kaget kok sama jd bandar judi,0
orangkonohasebodohitu,0
singkat projo pro judi online nyata rofl rofl,0
fist fist fist fist,0
smngt abg q thumbsup,0
miris tuhan liat laku oknum salah satu yg buat pribadi ga betah konoha oknum perintah nakal,0
mantapp karungin semua libat,0
moga proker organisasi himpun mahasiswa daerah kait perang judi online kabupaten kota jalan lancar,0
film no more bets contoh buruk judi online,0
kalau gua bilang sih orang yg kerja kamboja admin kerja judol jemput pulang karna rugi negara usah pidana cuma larang luar negri aja lama beberapa tahun,0
sehat selalu bang semangat fire fire,0
waktu bukti jokowi biadab,0
sehat bang yg dapet alphard,0
jadi inget munir moga gak munir lanjut anjeng emang kira duit bawa mati apa joy,0
selidik sih si budi budi gk mungkin gk tau naik loh jadi menteri,0
inisial al sapa,0
mantab mang fery jago hand,0
nah harus media tuh up kasus begini lah malah ngurusin tuh si agus,0
moga baca komentar jadi orang sukses suatu hari aamiinn,0
undur jam joy,0
bang misal kasi death note bakal dipake ga,0
moga negeri jadi negara sejahtera,0
lawan lawan,0
anjir jadi beneran budi arie backing semua gw salah paham,0
yg tangkap cuma kelas kecoa kroco orang besar lindung gak sentuh hukum sama sekali jd sama aja bohong tugas yg sdh jalan yg wajib,0
kan bilang apa pak kong kalikong sama ordal nya kominfo makanya bilang udah berantas situs web judol nya gak percaya mau juta situs hari blokir sama aja bohong kalo udah suap uang bandar selesai urus untung ungkap jaring jadi banyak sekali cabang nya sangat harap mang bijak negeri punya integritas lah bukan masalah kecil udah kaya pandemi judol sakit nya jabat main balik kerja selalu tolak jadi lebih transparansi,0
korban judi online sembuh,0
manusia paling berani abad fire fire fire fire,0
gak cuma mirip rupa cara main el profesor money heist salute,0
kucing kucing kayak gin gak legal aja bang mohon maaf kalo gw knpa legal biar putar indonesia sendiri kan kalo kalian muslim kata haram kalian muslim aja terlalu lemah iman untung juga bang,0
triliun triliun bagi jt aja jt orang populasi indo an tiap orang depo berapa bjir rata ato brp puluh juta orang ato berapa puluh populasi yg main judol,0
yh masyarakat udh paham sih pikir aja,0
coba nonton film no more bets ngeri cok kek kondisi rakyat kitaa,0
inisial al siapa bang cry,0
kawal terus guys,0
plot mulai muncul,0
trending kan,0
jangan mati dulu bg anak istri support abg trusss,0
iya kawal tu si kodok bhizer,0
idealis moga pean ga kecewa kuasa sini seringkali mngecewakan apa kbar munir kasus,0
ujung atas nya jokowi,0
sehat sehat sahabat online paruh baya,0
orang bejad beri wewenang tega hukum anggap diri hukum sendiri,0
spill dong gaes inisial al,0
indo kasih judol rokok latina kasih narko,0
bang jelasin forex dong soal situ emang mirip judi adil gak curangin agan jelasin cara kerja leverage benar cara kerja transaksi kerja,0
tangakp mantan tri,0
kawal jabat beking judol kawal artis promosi judol,0
konten lu benerbener ekslusif banget bang ferry kalau orang pantas sanding figur publik sangat kritis indonesia ferry irwandi,0
semangat pak ferry irwandi anda perintah rasa rugi judol blokir judol apa jadi balik malah olah diam aksi laku berapa ilegal lebih baik terima persen uang per bulan praktik judol terus operasi indonesia,0
kan bener oknum pasti ganti nama jadi komdigi arti oknum pas jadi komingfo tau menteri belum yup malah lanjut jadi menteri korups ups menteri koperasi or is it,0
kepala nya yg bobrok karyawanya yg jadiin tumbal duit segitu gede gak mungkin karyawan doank yg makan,0
oo jadi,0
pahlawan modern,0
kalo judol legal krn pajak juang akhir,0
gw lebih percaya kalo budi ari gak ngerti apa apa tri zonk hasil terima kasih yg ngelindungi bandar judol johnny g plate,0
judol target rakyat miskin judol pelihara negara apa judol lindung tegak hukum,0
usut tuntas heart tada,0
fyp kan terus sampe presiden prabowo subianto lihat babat,0
nunggu live santet nya wkwkwk,0
gw yakin lu gk mati om botak backingin lu bang memang komingfo kntl budi arie kntl influencer judol kntl,0
teman makan fav,0
hadeuhh,0
sehat terus bang ferry cerdas bangsa indonesia fire fire,0
ko jadi rapih potong rambut bang feri,0
masalah negara lucu kalau perintah ungkap masalah baik langsung mau pake banyak pihak sekalipun akar masalah puncak gak pernah baik istilah kasar orang orang besar balik buat masalah utama gak tangkap malah dilindungin kalau mau masalah masalah kek gin beneran selesai yaa mudah tangkep bandar tangkap buat masalah harap rakyat,0
bang rambut ubah jdi lihat lebih muda,0
salfok sama raid jacket reserse basically dupe nya raid jacket three letter agency nya us jangan remeh orang nyata perang buka tenang orang mau ngebounty kepala,0
tunggu live santet bang,0
gue gak takut mati gue gak mau mati sia sih heart heart,0
msh hangat mnt pertama,0
aku betul tinggal tasikmalaya punya satu temen sekolah lilit hutang sampe ktp motor gadai padahal sma kelas dengar rummor nyata candu judi online bikin kasihan adik yg gatau apa terus minta tagih kakak,0
moga makin banyak orang sadar kena,0
makan banyak korban berantas akar nya bakingnya jangan kecil aja yng ditangkepin semua satu,0
fist fist fist,0
sakit akut,0
jadi live santet ga bang,0
hajar terus bang ferry,0
gas terus bang tada,0
gagal first,0
gileeeee langsung tancap fire,0
sikat judol,0
gass live,0
respect bang ferry udah bahas genting gin fire,0
best thumbsup,0
kawal teruss bang ampe lu jadi menteri komdigi joy,0
tunggu akhir upload mas thumbsup,0
langsung rame,0
sepakat handshake,0
gw gak kaget joy orang dalem ikut artis influencer yg dulu promo in tangkep grimacing,0
komen dulu nonton wkwk,0
trendingkann,0
mantab jaya,0
ferry irwandi lihat judol,0
finally tunggu fire fire,0
sikat,0
first heart,0
first tolak judol joy joy joy,0
tunggu livenya jam bang,0
gacortoto,0
lesssgoooo,0
waduh,0
kalo gimbal nyebelin dong rofl rofl rofl rofl,0
kalau mau konsul dokter bagaimana,0
dr praktek dmn si,0
seru cm klo gaada pandu lebih seru,0
gk pernah pikir hidup gw nongkrong sama dokter bedah syaraf ngobrolin kerja nya belah pala orang rofl rofl terima kasih bang radit hadir narasumber yg sangat luar biasa respect,0
ga sia sia nonton greys anatomy bas season nyambung banget sama jelas dokter joy joy soal cara buka kepala dokter derek bangettttt,0
kirain chico jericho suer,0
neng gw kalo radit lodcast medical kayak gin gw ikutin terus masalah tumor or kanker awal mula jelas not genetically psikologis banyak trigernya jadi proses kimiawi tubuh hinggi pengaruh rusak dna tingkat rusa sel gen,0
baru nonton ngiluu as uu keren beers beers,0
undang dr ryu hasan,0
undang dokter ryu hasan dong,0
pas beliau bilang cair cerebrospinal langsung merinding soal ingat dulu pas waktu ajar biologi teman baya banyak yg ga tau sweat smile,0
seru bngt tp udah tahun syang bgt ga bahas amygdala sob,0
paling iri bukan sama orng kaya iri sama orng yg bawa bicara nya tenang ga belibet cry,0
kuat denger prosedur beda otak kalian gokil banget,0
fhak men ngeri abis,0
pantes pandu ga ajak joy,0
dokter kayak hikaru nakamura sih,0
ingat insiden grup fb,0
dr derek shepherd,0
pandu kosong banget sih sob sob,0
dr ryan gilakkkk pinter bangett attitude bawa cara ngomongnya bener deh nge fans banget pray,0
tanya orang psikopat rofl,0
dokter keren banget bang radit keren makasih udah bikin podcast yg bagus tada,0
ngiluuu sob,0
pandu jangan ajak lah off banget,0
pernah dok gtu smp kelas lama kurleb tahun aneh gejala nya muncul malam sekarang klo cape bgt baru muncul malam blush,0
kalo dokter anastesi kan bawa tenang otak gue langsung berontak terus dokter aan apa spesies apa,0
suara anak kecil ketawa ga sih,0
bener banget biasa org indo,0
pandu ngapain si,0
v,0
dok kalau survive cardiag arrest posisi vegetative state disembuhin pake op otak macam,0
angka kecil salah satu kakek hamba cry,0
smiling face with hearts smiling face with hearts,0
lama nonton rasa ngerasain otak sendiri wkwkw,0
bang request episode punya usus terimakasih,0
kakak operasi otak cium bau sekarang,0
bagaimana cara atas overthinking pesan masyarakat kait sehat otak jenis stroke,0
coba gilir dokter hewan spesialis bang indonesia udah orang,0
nonton langsung sadar betapa luar biasa otak gokil banget kompleks,0
bang radit undang dokter yg bnyk obrol sy suka bgtttt luar biasa,0
next invite anestesiologist yaa,0
dokter keren cara jelas mas dika dokter tulang dong undang,0
bimbing prof aziz ni,0
bang radit undang spesialis mata dong jelasin rumit jadi sederhana pleasee,0
next bahas cuci darah sama dokter ginjal bg radit,0
ngomongin kondisi otak anak indigo ama dokter asik kayak bang,0
gak ounya otak gak nonton,0
bang fokus ku gjadi krn topi miring sob sob sob,0
nonton tiga kalinyaaa,0
untung waktu oprasi otak aku tdk buka google pasrah sama dokter dengar cara kok ngeri,0
keluh sedikit apa langsung periksa,0
bgs bgt,0
nonton lebih parah film horor,0
otak s lulus s aja gagal gw jangan otak gw cuman,0
menit sebut darah senang sekali dengar sebut sesuai kaidah,0
bang undang spesialis kulit dong bahas psoriasis,0
masyaallah makin cari tau ajar ttg tubuh dgn segala sistem susun rasa makin takjub sama sang cipta manusia memang kompleks satu kurang terima kasih dokter bang radit utk insight ilmu,0
coba undang dokter ryu hasan pliss,0
gw kira chiko jeriko anjir thumbnail,0
no offens gw ngerti maksud bg radit bawa si bg pandu frame giring komedi depan dokter ahli bedah saraf kalo si pandu persona bawa gkpunya otak otak dengkul apa justru hadir pandu malah ganggu sesi pembacara serius sampai dokter malah sedikit sedikit potong kalimat kalimat yg absurd kesan bukan jadi lucu malah awkward next bang radit jgn bawa orang ala ala co host siapa plis kalau jadi narsum dokter bicara harus bobot seru malah jadi aneh karna hadir orang orang pandu gw gk hate si bang pandu mungkin anda mau dimasukin konten jangan konten podcast mungkin konten vlog game seruseruan bang radit lain thanks dar saran masuk gw grinning,0
dok may i marry your brain,0
keeeereeennn bngt iniiii,0
podcast rem sihh sob sob sob,0
nang bgt sama jelas dokter sini keinget ortu yg kadang suka nyembunyiin sakit karna banyak tanggung jawab cry cry,0
bang pandu kritis sih tanya cuma banyak motongnya pas dokter mau jelasin nyeletuk mulu makanya jadi annoying joy well manusia gaada sempurna jadi mungkin besok lebih polite kalo mau nanya heart,0
seru bangeettt,0
dokter ryan adlh dr tangan op mamah thn makasih dr ryan beri hidup lbh baik kpd mamah,0
kaya suara rintih,0
otak candu pmo bg,0
otak candu pmo rusak,0
dengerin part bedah otak otak gw lgsg nyut an bang,0
kalo semut kepala pas stress normal ga,0
anjirrr aku mual dengar dokter ryan jelas kwkwkww keren,0
udah x nonton banyakin podcast dg dokter memang cerdas jelas dg bahasa mudah erti manusia awam macam aku tunggu dokter lain bang,0
kalo penasaran pas buka otak operasi nya gimana nonton drama korea judul doctor hampir sama cerita aman kok ngga horor,0
dr anastesi yg paling tahu there is no after life joy,0
tahun yg lalu papa tinggal tumor otak alfatihah buat papa heart,0
kalau pasang cip otak tu gimana,0
ngebayangin doang jadi gak nafsu makan,0
bang undang dr tirta dong,0
gak dok food rotation terlalu effort buat yg jebak zona nyaman makan yg doang,0
orang otak bagi wow baru gila,0
gak tahan bagi bor gergaji dgrnya ngilu,0
minta no constac hp nya dokter mohon info,0
bang radit undang dokter ryu hasan doong,0
gilaaa seru bgt kok aku baru nemu siii,0
ngilu rasa nonton podcast,0
podcast yg ilmiah kaya gin kalau tambah animasi apa jelas jadi perfect banget sih,0
gw ngeri ngilu nontonnya njirrrr,0
keinget film saw,0
seru bang episode ini,0
kirain abang pandu,0
bang makasih udh datengin dokter keren jadi nambah ilmu makasih bang radit,0
song hwa versi asli indonesia face holding back tears heart hands,0
wake surgery otak rasa sakit reseptor rasa alam buruk gampang beka otak mekanisme survive sejak dulu otak kanan badan kiri otak kiri badan kanan lupa blessing,0
dr strange indonesia,0
gw nyerah nonton jelas bedah otak gak,0
point dokter rian medical check up tambahin periksa kepala jangan takut periksa keluh rasa ulang kali jadi ibu dahulu sehat anak suami sehat,0
aku tipe orang kalo nonton vidio youtube jarang komen kali aku mau komen aku mau kasih tau kalo aku nonton vidio dengerin ngomong otak cara kerja jadi mual terus pusing serius,0
teman ga otak perlu nonton utama yg udh pinjam uang dn pura amnesia perlu d cek,0
ngeri,0
psikopat pd ngumpul sweat smile,0
dr kenzo tenma irl heart,0
bener nyut an dengerin joy joy joy seru bhsa paham top,0
percis kek bang radit sob panjang video pala nyut an ngebayangin otak dlm kepala,0
keren durasi nya kurang lama undang dr ryan keren dr ryan themanya mana heart,0
njir gaji brp tuh joy beli rumah subsidi bulan tuh sweat smile,0
bang radit kyknya hrs sambung part nya podcast sm dr ryan daging semua ga asa udah selesai aja mas yg nanya aneh gokil bikin seru ga terlalu tegang jadi,0
bilang bedah otak buka kepala manusia gitu lgsg ngilu akuuuu kyk reaksi pandu sweat smile,0
kalo anak autism dok utk cek kondisi otak,0
seru banget blush,0
betul bangeet bawa orang tua sakit lutut udah bulan bulan gamau terus bawa dokter,0
perempuan selalu jadi ibu baik kalau dahulu sehat diri sendiri kalau ibu sehat keluarga senang heart,0
bang radit undang dokter ryu hasan dong dokter bedah saraf neuroscientist orang seru ngocol mesti bakal rame wkw,0
sekian banyak duduk indonesia knp alm suami aku yg kena sakit kanker otak sweat,0
kaya seru bang podcast ngobrol bareng org org pinter kaya gin tarik bgttt siapa tau kesmepatan,0
emang psikopat lu bang gw nonton sampe nahan ngilu d kepala tp lu ulang kata wah seru nih,0
bahaya kalo keinget pas op joy,0
bangk banget ngomongnya serius becanda,0
masyaallah obrol daging semua please speachless awal akhir,0
bencandanya raditya dika lebih ngehujat si pandu kan si pandu cuma becanda kaleee ngomong otak ayam face with raised eyebrow,0
bang mungkin kali bahas organ mau ditambahin tanya gimana cara jaga sehat organ sebut bangg misal kaya kemarin pas gigi tanya pasta gigi berapa kali cara bersihinnya baik benar gimana,0
eh sumpah gw suka bgt eps dokter sob sob heart hands,0
soal jepang medis murah bahkn jerawat aja pnanganan bgus pernh liat chanel yt orng indo yg nikh sma org jepng dn tggl dsana,0
drakor medical nyata real kaya gitu operasi sob,0
mri mahal dok lagi emang medical cek up dicover bpjs klo gak sakit klo kanada kyanya medical cek up gratis gak tau tanggung perintah asuransi,0
mau oprasi gigi bungsu yg gigi mendem tulang tulang rahang bor bang joy,0
orang pernah marathon nonton grey s anatomy gua jadi punya visual lumayan jelas jelas dokter sweat smile,0
g jls anjr s pandu sob,0
jelek ganggu aja siapa pake hoodie pink ganggu aja,0
bangga dg dokter indonesia thumbsup thumbsup,0
harus ryu hasan yg sini,0
bikin eps bareng dr ryan dong bang raditttt suka banget sama jelas beliau sampe rewatch nihh,0
yg nonton good doctor enjoy sih denger episodebini,0
betul kata bang radit tidur paling enak bius pernah rasa operasi dulu bahkan tidur hari malam enaaaak banget,0
iya ih bius kayak tiba tiba waktu skip tau tau selesai operasi nya,0
lucu bgt,0
definitely monster reference,0
sumpah asikkk banget nih obrol mau dongg mauuuuu heart eyes heart eyes heart eyes,0
suka banget kalau narsumnya orang pinter cerah,0
clossing steatment nya keren bangett dokkk blush,0
awal kaget sama judul nyata beneran bahas otak suka konten iniii ngobrolin ilmu baru bawa sederhana seru sukakkk heart heart,0
kalo gimbal nyebelin dong wkwkwk,0
kl anak yg autis ato spech delay jd ad masalah dgn otak ad syaraf otak yg gak connect mgk open mouth,0
dok ibu ibu lihat jelas tahun lalu,0
pak dokter gak benerin otak isi orak sy cuman rindu mantan aja sampe gagal move on sob,0
next dokter jiwa bang sweat smile sweat smile,0
nonton neng takut karna langgan migren kiri ga mesti tiap bulan migren sih cuma kalo pas kumat minggu misal hari udh minum obat besok sore migren lg emng lg hectic kerja sih mungkin grgr pusing kerja tp jd takut cry,0
pandu ganggu banget,0
pesan akhir dokter benar sekaligus kritik sistem sehat indonesia,0
satu klo hadap rumah sakit dokter buat gw ngeri gw nganter mamah gw periksa mata kontrol gula spesialis aja lgsg kena trauma psikologis lgsg mau muntah pdhl dalem cuma konsultasi sama kasih resep obat doang sumpah lgsg mau muntah mimpi buruk depresi ga tenang hari,0
baru nntn video nya jadi flashback lalu gw ngalamin semua yg dokter bilang kepala gw botakin bolongin buat ngeluarin kista otak gue kalo ngebayangin emang ngeri bgt pas ngejalanin udah yakin alhamdulilah lancar aman grin tengah operasi gw bangun wkwk sakit bgt rasa gw bangun kepala gw bolongin joy,0
episode dong bang radit,0
bg undang dokter andripsikosomatik donggg face holding back tears face holding back tears face holding back tears tarik bgt tuh ganggu mental yg ngasi efek ganggu fisik,0
untung gak ngotak gua joy,0
asli dnger inget atlet china tinggal pas tanding nya kejang kan apa krna,0
lebih enak co host deh bang radit,0
terus cara nutup kepala gimana dok abis bor gergaji gitu gitu,0
seru bangetttt video sama dokter specialist giniii heart jadi ajar lebih banyakkk undang dokter specialist mata dong seru kek nya sweat smile,0
bang kok podcast ga spotify si taruh link spotify deskripsi dong bang,0
dokter riyan yg nanganin nyokap w rs pon nyokap w sakit tumor otak oprasi pertama tahun sama dokter abrar nyokap x oprasi trakhir oprasi bulan yg lalu tahun karna nyokap ngga kuat akhir ny nyokap pulang tuk lama ny cry rs pon tangan ny luarbiasa bagus bgt,0
gua puyeng bang denger cerita gilaa,0
liat begini jadi gak hbs pikir sama org yg mempermasalhkan kuliah gak kuliah liat beda shay ilmu begini susah kali otodidak face with hand over mouth,0
raditya biasa canda,0
tuju mas radit sy sblm operasi otak sy liat yutub dulu tp sy bkn pasien dr ryan sy pasien rekan ny dr ryan,0
aku pernah oprasi otak kepala belah blush,0
orng cumn ngerecoki obrol sory kosong lbih bgus pmbicraan head to head grin,0
seru bgttttt,0
keren banget konten isi informasi penting semua cara ngemasnya bikin audiens ngga ngerasa bosen thumbsup,0
panjang video gw lemes ngebayanginnya cry,0
punya otak nonton lucu bgt judul video,0
song hwa versi indo cuyy joy joy,0
banggg please banyakin gin gin lagiii cry cry,0
istri tinggal diagnosa tumor otak nopember yg awal kira sakit kepala biasa,0
radit knp kl nyeletuk joy joy,0
liat org pinter heart,0
gue ngapain nonton si seru joy,0
gimana cara buka kepala tanya yg sama buat gw awal dokter cerita dy kerja bedah kepala,0
sih kerja orang keren keren banget open mouth,0
bru tau gw chiko jerico jd dokter ahli otak,0
jadi inget drama hospital playlist hushed hushed hushed,0
siapasih kawan bang radit lucu banget,0
dr ryu hasannnn pleaseee bang raditt,0
orang indonesia tuh bukan tunda dok kalo sakit ato ngerasain banyak yg jadi jadi timbang contoh kalo ngerasa sakit yg bilang jangan manja sakit gitu aja rewel kondisi uang orang yg bikin susah mcu,0
coba yg dateng dr ryu hasan joy,0
lebih seru bang radit sendiri deh,0
keren banget orang pinter heart eyes masyaaallah moga anak aku genius kaya dokter moga aku support apa yg baik yg mau,0
aku udh nonton podcast lebih x,0
kasi banget sama dokter joy joy joy kayak gue kasih lo waktu buat narik tanya lo astaga beneran nanya,0
ryu hasan undang dong,0
daging semua isi podcast asa denger orang cerita komedi padahal ajar semua thx bgt dokter jg enak bgt neramginnya kalem paham,0
cae so hwa in real life,0
bang radit sering sering podcast sama orang orang cerdas kayak gin lebih enak dengernya,0
pandu jd rusak suasana njir lah bang konten yg gin gin gosah ngajak pandu,0
gatau knp gasuka bgt konten radit yg pandu nya apa konten yg begini yg isi nya ilmu semua pandu jd gak bagus sekali nyeletuk jd gak bagus lucu kaga malah liat bloon,0
wahai manusia tiktok yg kmrn bilang jadi dokter liat youtube tah sok kepala maneh yg kompleks bor liat tutorial youtube anying,0
dokter lucu dah,0
bahas otak w bayang otak sapi nasi padang jadi ken,0
lanjut terus konten bareng doker spesialis ahli bidang bangg,0
yg tau topi yg dipake radit topi apa tingkiw,0
pandu ga usah ajak deh sesi podcast penting buat tahu begini dri awal maklum tpi pas nanya pernah oprasi orang ga punya otak ga i cant bro bang radit mulu bantuin make a way out buat pandu kesel gua,0
sarang bang radit kalo kasih jelas dlm bentuk tulis istilah kata yg memang utk ajar orang bang tulis layar terjemah gitu,0
terimakasih konten sangat manfaat,0
suka bangettt,0
bawa ringan padahal materi nya berat,0
suka banget sama podcast bang radit banyak banget nambah ilmunyaa makasih bang raditttt,0
kemarin kemarin marathon podcast bang radit bareng sama spesialis spesialis yg dokter ga yg ga seru sbg suka drakor medis kadang jadi kek visual pas dokter nyeritain bang yuk banyakin konten kaya gin,0
bang radit undang andika rama bang org indonesia satu satu yg naik podium nissan gt academy silverstone konsisten aktif racing sekarang,0
apa cuma gue yg keri sndiri liat penjelaasan dokter crying cat face,0
dokter ryan kaya dokter chae song hwa hospital playlist,0
banggggg bawain podcast g kait didik sehat kayak dokter psikiater dsbnua donggg seru banget denger podcast sama podcast bareng dr jem moga sering sering bawa subjek kasih ilmu gratisss,0
apoteker coba bang next nya,0
bukan mau sok kuat kadang dateng klinik suka sepelein mau rumah sakit rujuk klinik kalau gak rujuk ribet kalau bayar mahal banget,0
jadi inget nalaa bang radit undang nalaa sama bapak doong yg nalapedia tu loh,0
mas pandu mas pandu aja prtnyaan nya,0
waktu aku mah operasi ajak ngbrol terus ngitung habis kaget bangun udah ruang open mouth,0
sadar ga yg bilang dokter banyak anak yg lambat bicara kurang interaksi aja karna gadget karna banyak orng tua fokus nyari uang dalih buat anak ujung ninggalin anak sendiri nyesek liat utama warga kota yg baru ketemu anak malem gila dampak dilema banget butuh ekonomi sama butuh sosialisasi anak,0
pandu weary,0
pas dokter ngomong ngebor kepala merinding sampe sini,0
kalo penasaran sama gambar operasi neurosurgeon nonton kdrama judul doctors drama keren bgt sih,0
kok nontonin jadi ngilu,0
gw ngobrol sama dokter bius anjir,0
useless pandu maen game aja lah,0
apa cuma gw reng kalo pandu ga asik ga ngimbangi,0
org pinter selalu lihat dr gaya bicara intonasi wajah,0
baca manga team medical dragon bang dokter bedah,0
mirip mamat alkatiri kilas,0
jadi gapapalah make gin doang ekwkkww lucu bgt lg,0
podcast keren,0
dengerin pas bgt kemarin abis operasi pasang tempurung kepala kranio plasti,0
bang radit jujur sejak ngundang yg ahli gin aku jd nontonin semua eps podcastnya bang radit moga makin banyak ahli yg undang yaaaa,0
podcast yg cuma bang radit sm dokter nya seruu bgtt kali tiga potong terus omong dokter nya jdnya ganggu bgtt smiling face with tear smiling face with tear smiling face with tear,0
apa sih pandu cringe kagak jelas,0
bang radit undang dokter spesialis onkologi dong bang tahun tumor survival tangan dokter sp onk nama dokter budi siregar tarik banget bang dunia onkologi,0
coba undang orang lab rumah sakit joy,0
gemes pandu tanya loh,0
suka bgt cara ngejelasinnya tanya pas bgt sama yg otak gw,0
suka bgt konten kayak gin orang bidang heart thanks mas radit,0
sering undang dokterrr dong heart,0
kaya komentar dua akun youtube orang krn dokter ryan bikin aku jatuh hati smiling face with tear heart,0
haru loh akhir subscribe tamu banyak dokter dokter,0
sedih woy views nya sampe juta,0
undang dr yislam ga sii spesialis jantung,0
punya temen kena kanker otak semua udah tinggal paman ponakan smiling face with tear smiling face with tear smiling face with tear,0
mantab bang seru banget nonton podcast isi kaya gin,0
doi ngingetin gue sm ben carson dokter asal as ngerjain otak keren sih dokter otak indonesia dos dok,0
dengerin dokteenya ngomongin case operasi jadi bayang jelas karna gue suka banget sama drama dokter playlist situ dokter saraf nama songhwa case operasi yg pasien dibangunin buat tau batas nya adegan keren bgtttt,0
panjang video gw mijit kepala trus jirrr sehat sehat otak,0
alm ibu dulu sakit kanker otak ibu tinggal usia tahun bener kata dokter tumor kanker otak kayak lotre gak tau keluarga gak riwayat kanker,0
nonton otak lintas scene drakor medis yg pernah ak lihat banyak dr jelas dokter yg sama persis kaya yg didrakor,0
kalo gimbal nyebelin dong wkwkkw ngakakkk bgt luar ekspektasi,0
lama temen gua tinggal tumor otak cm ga sengaja video lewat beranda terimakasih ilmu bang pray banyakin video edukasi kayak gin pray pray pray,0
kereennn bgd tada tada,0
bang undang ahli ngga biasa keren bgt jd nambah wawas keep up the good work salute,0
suka banget sama episode yg ngundang dokter gin krn tambah wawas jd ga cm konten gimmick ga jelas mksh bang radit pray pray,0
nyamperin yg bawah aeneng bgt bnyak dokter spesialis blush blush blush orng hebat yg ngejelasin enak baham,0
gw pernah operasi tb tulang pinggang belakang pas operasi gw sama sekali ga tau kapan gw bius pokok dokter masuk ruang stel lagu jazz gitu ngajak ngobrol tiba tiba gw udah bangun dingin udh operasi selesai bahkan gw ga ngerasa ngantuk ga ngerasa tidur rofl pdhl durasi tindak operasi jam,0
dokter kok iya nasib buruk semua dasar fakta tooo dok,0
pandu sini kek ayam taruh pinggir jalan tol kalo ga motong alur ngedistrak topik relieved,0
episode buat lutut lemas terus,0
keren bangettttt dokter,0
berkat nonton drama hospital playlist ngebantu nonton jadi visualisasi manusia awam dunia medis,0
dok doain yaa hasil ukmppd aku juni keluar moga lulus pray,0
wkwkkwkw pandu lucu bgt rofl rofl rofl,0
gak nonton gak sanggup dengerin sob sob sob,0
ehh suara apa tu bang detik,0
saking sering nonton drakor tema dokter saaf dokter njelasin udah punya bayang gambar,0
gokil aku suka bnget kalo ngobrol se asik sih,0
makasih bang abis nonton video gua jadi tambah syukur punya tubuh normal,0
tmbh sakit perut aqu,0
ikut puyeng pas bagi jelasin buka kepala jujur neng banget sama konten hubung dokter gin,0
keren bangetttttt narasumber asli,0
bang radit gokil sih ngasih konten kuliah gratis gin smiling face with hearts smiling face with hearts,0
hallo dok terimakasih atas jelas sangat ringan seram sehat selalu dok heart,0
banyak konten sama orang orang inspiratif pleasee dr sama bocah kosong,0
love sekali pak dokter,0
kata lucu gimbal pitak joy rofl,0
keren bgt paraaaahhhhh,0
sumpah ih konter mahal gua banyak banget ilmu dapett moga bang radit makin penasaran kepo apa bang radit ngundang dokter joy heart heart,0
lebih prefer kalo kak radit sendiri obrol sama narsum lebih banyak gak dikit dikit becanda,0
thanks bang radith gue tarik sama neuroscience hebat bgt datengin dokter neurosurgeon,0
stujuu x aku operasi bius total nya slalu ajak ngobrol gapernah suruh hitung sini aku sadar kalo aku memang terlalu cemas stiap mau operasi joy dunia bedah memang canggih banget aku sekarang brusaha buat inget aku ngobrol apa sama dokter anestesi hilang bius bener kayak skip sob,0
iya relate aku kalo ovt langsung mikir dampak jelek nya apa tp langsung nemu jawab nanya hati hati lu bakal bilang wes gapapalah idup coba eh tetau legaaa,0
episode bikin linu bgt,0
kok gak ditanyain orang pikun padahal penting banget,0
ini ilmu guys materi ajar lama ajar lama kuliah selamat nyawa manusia jdi kalo bilang kuliah gk penting gw tempeleng pala lu punch,0
bang radit undang spesialis onkologi donggg,0
kesini nonton vindes kalau yg ahli tidur mana wkwk,0
bang bikin playlist dong sama dokter,0
jangan ngajak pandu plis,0
pandi ngapain sih kok crige,0
yg abis nonton vindest datang lahhhhhhhh,0
aku penasaran bang radit celaka kepala banting keras ngaruh memori bang radit aku belakang aneh banget celaka kadang lupa sama kecil,0
gak suka bgt sm co hostnya gal mutu tanya,0
gilaa seruuu,0
asa ikut seminarr wkwkwkw keren banget deh bang,0
bang radit huumm sob knife axe,0
nonton pala gua asa cenat cenut joy,0
suka bgt podcast gin,0
gokill seru banget heart fire sparkles podcast seru bang radit jauh sihh turut dokter ryan bener edukasi banget ngasih jelas jg jelas bikin gampang paham krn ngasih byk contoh gakebayang sih se loveable klo jadi dosen sob raised hands gak ngebosenin mau ngejawab semua bagi walaupun kadang receh malah ngasih jawab yg out of the box bngt trs cerdas gk over ken liat wow tp emang bener sepinter ituuu sebenernya byk yg ken mcu total yaa sampe kece otak tp mungkin pemerintahnyaa hrs lbh dukung fasilitasnyaa biar gak pas sakit ajaa cover biaya tp buat kece rutin jg mudah tau sendiri bpjs tuhh kadang kidding banget sob pleading face klo family yg punya sakit saraf smoga semua sehat sehat aamiin sparkles,0
kayak gin banyakin dong bang,0
banyakin konten edukatif kayak gin bang radit,0
keren bgt dokter,0
ken bgtt nabok pandu joy,0
milih spesialis dokter nggk seru jg yakk joy neng deh lihat jabar,0
bang undang dr aan doi dokter anastesi joy,0
seru bangettttt,0
respectfulll,0
sdh x ngalami bius total bener kata radit tidur paling enak bius mimpi hrs trbangun krn suara brisik nyenyaaaakkk banget tiba sdh slesai aja,0
nonton karna pernah operasi bedah saraf waktu tahun kls smp skarang alhamdulillah udah umur tahun sehat,0
makas dokter makas bang radit berkat podcast gue tau dora hobi ngulang kalimat face holding back tears,0
bawa podcast ny ganggu bgt gk optimal dr nya jelasin,0
seruu bangettt,0
pas ngejelasin isi kepala gua rasa masyaallah bgt cipta nya,0
yampun dokter mirip yg samping radit sampe bingung,0
sumpah seru banget podcast nyaaaaa,0
izin beri statemen apa kata dr ryan memang baik cuma jadi masalah sekarang medical check up saran sama pak dokter baik cuma masyarakat sungkan dokter kait ada biaya entah rumah sakit kadang mau tau apatis kait syaraf dulu sempat pikir sekali sekali check up rumah sakit entah skeptis segi sehat sekarang perintah mana peduli lebih arah penting,0
mana aku sering sakit kepala jadi pikir apa kepala dulu smp pernah jatuh motor pernah alm ibu blg kalau aku gak blh pake bantal pas bgn kalau sampe muntah gagar otak kata jd pikir,0
suka bgt konten ini,0
makasih dr ryan dulu pernah handle operasi otak bpk,0
nonton megangin kepala,0
bangg dokter ikan,0
makin cerdas narsum nya makin mudah erti bahasa,0
lemes gue bang dengerin,0
suka bang konten ky gin banyakin bang tada tada,0
ngilu banget yak dengerin ngobrol,0
nang aku nonton ponakan aku usia tinggal krn kanker tumor otak keluh memang sering sakit kepala aja tp pas tahu lambat tdk d tangan,0
bang aku udah subscribe abang banyakin konten konten kek gin bang jazakumullahu khair abang,0
bius aja bius,0
asik,0
auto ngilu,0
onggok otak gue punya gue paham apa omongin dokter sob heart hands,0
bang lu jadi host nya sendiri aja lebih nyambung kalo lu jadi host sendiri bingung w sama becandaan tanya temen lu bang padahal jelas dr nya seru banget,0
abis nonton semangat ajar gue idup,0
dokter jelas surgery lalu bayang adegan operasi choi song hwa drakor hospital playlist blush,0
plis lah konten krrator banyakin edukasi bgini jangan prank ngurus idup orang mulu cry,0
maaf banget kalo sama pandu isi jadi banyak ketawa padahal gak sabar mau denger ilmu narsumnya,0
keren banget isi podcast nya dokter ryan kerenn,0
sumpah sih gue bang radit tuh stiap bikin podcast gapernah gagal yg undang seru trs asli sampe habis grs gue nontonnya sob,0
gua ngilu bgt nonton sob,0
plis undang dokter ryu hassan bang raditt,0
untung bang pandu jadi aku tau kalau otak tu yg kosong empat,0
podcast aku baru tau otak ngambang tekstur kek tahu salut seru banget obrol kek gin,0
dengerinya keinget greys anatomy,0
that hela napas his eyes joy joy joy,0
guaa asa psikopatt nonton ini takutt penasaran joy,0
pandu ganggu ah sweat smile,0
pak dokter jelasin tarik bedah saraf gw yg nnton excited bgt ikut feel anak umur tahun buka mata stlah operasi jam an eh si hoodie pink malah tanya isi otak apa yaa dok urat wkwwkwkwkwkwwkwkwkw ngakakkkbbeettt,0
aku dlu waktu operasi pas dr anestesi mau kasih obat bius cuman bilang mulai mbak gtu trs pandang kyk berat bgt hbs bangun udh sampe ruang pulih upside down,0
gila awal gw skeptis sih dr ryan mungkin gk familiar sama kamera bawa kaku sistematis nyata ngomongnya tata bahasa yg mudah erti suara jg enak simple heart hands heart hands thumbsup,0
bang pliss pertahanin konten kaya gin seru banget nambah ilmu pray,0
gue ga suka org yg mau jelasin terus potong,0
maaf saran nih klau ngobrol gin si tambahin foto gambar jd ngobrolnya ga ngambang cmn saran,0
panggil dokter aan dong bang radit dokter anastesi hits x grin,0
suka banget sama bintang tamu kali banyak banget info penting buat sehat yg jelas dg bahasa yg sangat mudah paham awam relaxed,0
suka bangeet sama konten kyak gin,0
blush blush,0
apasih si badut pink receh bgt,0
bang undang ahli autopsi kek nya seruu,0
berapa kali radit bilang sshhh sweat smile sweat smile sweat smile,0
inget kya nonton drakor doktors ttng ahli bedah saraf denger jelas makin paham,0
narasumber kerennn bgttt heart tanya yg anggap canda ttp jawab serius santai sisi ilmiah yg sederhanaaa mudh d paham,0
ngeri ngeri sedap dengerin podcast episode bang emang penasaran banget sih sama isi kepala suka banget dokter nya pinter jelasin rumit dijelasin jadi simpel langsung bayangin tunggu bang radit next narasumber bahas cerdas gin,0
gw milik otak mrinding bgt dengernyaaaa,0
brohhh bang radit diksi udh psikopat bgtt,0
asli tidur anastesi total tidur paling enakkk,0
mantap bang thanks,0
sering sering bikin konten edukasi bang seru nontonnya jadi nambah ilmu clap pray,0
kali bg dua aja gak side orang kek pandu terlalu canda jadi,0
bang radit undang dokter aan spesialis anestesi,0
banyak konten sama dokter spesialis kak biar bewarna youtuber indonesia,0
tarik banget dokter jelasin enak sederhana jadi mudah erti,0
awal video be like pandu ngedistract niiiii gue attention issue maap pandu pas pandu nanya menit puluh beda migren arti bikin gue sadar nyeletuk meski random penting,0
duh gua demen bat sama dokter wkakakakakak,0
dokter spesialis kandung bidan pliss undang bang face holding back tears,0
bangg radit ayoo banyakin kontenn gin undangg dokter lain lebih banyak pahalanyaa blush blush blush,0
padahal rumit banget tp orang awam paham apa yg dibicarain dokter,0
asli ngilu lemes ngeri bgt lgs ngebayanginnya cry cry cry cry cry cry cry cry,0
karakter dokter mirip banget sama film film kereen banget jadi inget dr kim sabu,0
enak banget dengerin jelas orang pinter banyakin guest ahli ahli gin banggggg blush,0
undang dokter ahli ahli nyari informasi medis nyari materi stand up,0
dokter enak banget cara ngejelasinnya sob heart eyes selow santai muluk yaa bahasa yg guna jd mudah paham,0
nyala pak dokter,0
woww jadi tahu banyak nonton bener seruu bangett,0
undang dr boyke bg,0
pinter ihh wkwkwk undang lgi om radit spesialis yng,0
makasih bgt ka radit udah undang pa dokk huhu seru bgt gabisa renti nontonnyaa,0
anjir ngilu nntnya,0
seru banget banyakin ngundang dokter spesialis bang ilmu gratis lo,0
kalo senyum mirip emil dardak,0
keren bgt sob sob sob,0
keren banget sih bang thumbsup,0
nonton jadi ingat karakter dr chae songhwa drakor hospital playlist joy,0
males klo pandu wkwk,0
pandu perspektif manusia awam umum,0
sy br kluar dr rs pon hr selasa kmrn oprasi hr kamis kmrn,0
pas banget nonton queen of tears blush heart,0
dokter sembuhin hong hae in ngga,0
gila keren banget fokus bgt nontonin ini,0
gua ngga percaaya psikologi kait neuro science pake segala over thinking kait otak sama aja selera lo lo modifikasi lewat otak fisik,0
nton podcast org pinter pernah tarik nton artis,0
nambah fakta baru overthinking alamiah jangan sampe tenggelam sana,0
mintol datengin sp bm dong bang radit bbrp waktu lalu habis operasi ngangkat tumor rahang penasaran kata dokter sakit langka,0
ngakak bgttt sob sob sob sob,0
luv banget dah ilmu bang yellow heart,0
vidio ikut beberapa ajar yg lo bawa pulng no paling cengang rambut ga balik kulit kepala menggukan fungsi otak tiap hari nya beneran orang yg minus otak alam buruk lebih bekas pangkal otak jalur saraf tuju seluruh tubuh jadi tidur miring beri sirkulasi udara yg lebih lega makanya klo tidur duduk bikin gel hadis nabi bukti scient,0
seru banget dengernya wkwkw,0
ngilu,0
panjang video ngiluu,0
yg nonton ngerasa rem merinding penasaran point up,0
seru banget mantep dah thumbsup,0
gegara gue sering nonton grey s anatomi dijelasin sama dokter gue bayangin,0
memang kepala ngenyut apa sama,0
sukaaaa bgttt,0
part bang raditttt,0
dosen gw dulu jaman kuliah kalo jelasin nya kaya gin pinter gw anjir joy,0
seta nonton vidio ngeliat tahu gakan sama,0
tau dr ryan reels youtube jelas asik mudah erti mirip banget kaya guru matematika smp gw gw ga suka anti matematika jadi suka banget orang orang kaya pak dokter ryan keswani mesti banyak indonesia heart,0
pas dokter bilang senyum ga sama gw refleks sama samain sweat smile,0
anak gw cita nya pngn bngt jadi dokter bedah gw denger jelas dokter air mata gw ga renti keluar begitu rumit riskan jd dokter bedah moga anak capai cita nya jadi dokter bedah otak dr ryan keswani amin yra,0
cocok bngt sama bang radit karna udh cerdas gampang bungkus bahasa yg jelas jadi lebih mudah masuk logika,0
konten kerenn bangetttt,0
the real obrol daging,0
seru banget bahas,0
spesialis bedah syaraf selalu bilang anak teknik orang dokter yg paling berat kerja keras gitu tp duit ga main indonesia tau cuman an org sangat sangat jarang,0
sorry nanya mungkin buat yg tau spesialis bedah syaraf sp bedah umum sp bedah anak sp bedah torakoplastik sama sp bidan ginekologi nah lima kira kira yg ambil sub spesialis mana aja semua sampe tahap sub spesialis soal kira yg sp bedah umum baru ambil spesialis sub spesialis apa bener ibarat spesialis didik tara s didik dokter sub spesialis tara s didik dokter cuma lebih fokus praktik langsung rs makasih banyak mungkin dokter med student mau jawab,0
next dokter ortopedi bang,0
next undang dr tompi dong banggg,0
sama bang ngomongin ginian pala ikut nyutnyutan,0
nonton drama korea doctors crush relate banget sama bicara thumbsup thumbsup thumbsup thumbsup thumbsup thumbsup,0
konten lihat bang radit sering kejang bengong lama podcast rofl v,0
kesini gr tiktok cung joy,0
gua punya otak jadi gua nonton,0
arti mungkin ga kalo pas bangun pasien nya bahasa mandarin dapet pintar gitu,0
butuh bgt konten yg sperti sih kalau cuma ngejar yg viral asa gk tambah tahu salut sama bang radit,0
pandu cringe bang mending gausa sama kalo podcast,0
habis nonton langsung asa sepinter chae seonghwa,0
maaf aku kurang suka tingkah bicara bang pandu bilang lebih tingkah nya yaa mungkin kerna awam ucap lelucon gak penting sangat ganggu cry,0
bukan nunda dok lebih ndak punya uang sih aku wkwk,0
kereeeennn,0
seru bgt cakap meski tanya nyeleneh tp dokter hasil ngasih jawab yg rasional hehehe,0
judul nya aduuuh,0
pandu ganggu ga jelas,0
makin yakin ide makan gratis gizi anak prabowo gibran sweat smile,0
dibikinin playlist baaang,0
chico jerico,0
si pandu jomplang bngt wkwkkw,0
next nuclear engineer,0
ngulang in jelas sih bang radit mending diem dengerin jelas dulu yg nonton jadi puyeng dengernya banyak pengulabgan sama bang raditnya sweat smile,0
otak manusia d upgrade ga yg tadi bodoh jdi pinter balik,0
psikopat jalur sni,0
terima kasih bang radit tonton keren bobot heart eyes heart eyes,0
pandu ha ho ha ho planga plongo kalo orang orang pinter ngobrol,0
dokter mirip hikaru nakamura kilas,0
seru bgt ajar fungsi otak kek dengar psiko yaa sweat smile,0
kata kata keren dr ryan lupa blessing joy,0
sebenernya buka orang indo gapeduli sehat utama tumor takut bayar mahal udah tanam otak sehat indonesia mahal,0
edisi paling ngilu,0
gua dengerin podcast rasa otak gua nyut nyut joy joy joy,0
ekspresi orang pinter dengerin pandu ngoceh otak ayam,0
penasaran kalau radit ngobrol sama dr ryu hasan pakar neuro sains seru,0
jadi inget scene operasi chae song hwa hospital playlist,0
bagi anestesi radit pandu beneran mirip dg teman gua pas nongkrong tanya random benar ga hak anestesi jawab beda subspesialis wkk org awam dokter usaha jelas sederhana susah sih dokter pinter bangetttt jelas detail pakai istilah medis walaupun istilah tonton tau,0
analogi panji bahas saw pikir grin guna film saw,0
banyak anak anak zaman sekarang speech delay interaksi zaman sekarang makin lama makin sedikit orang orang masuk sebab ipad kids syndrome ipad baby syndrome,0
medical checkup jangan takut periksa keluh rasa ulang kali jadi ibu dahulu sehat anak suami sehat,0
kamu jangan lupa depan mata manusia,0
kerennn narasumber,0
nonton dokter ikan dokter jantung duluan belum obrol enak banget sayang banget ngobrol tiga sama pandu jadi canda mulu gak lucu point nya jadi gak nangkep,0
liat banget dokter gemes jelasin kalo anak mesti ajak ngobrol bukan kasih gadget,0
kalo bahas penting gin mending dua aja bang wkwkkw yg staunya bikin krik krik maap,0
sikopaaaaaat sikopaaaaaat sikopaaaaaat,0
dengernya aja ngilu moga selalu beri sehat palms up together,0
yg jadi masalah org indo males dokter miskin soal bpjs ga cover macam cek badan reason yg jelas kalo udah kronis baru dibolehin sama bpjs,0
gara gara video gw subscribe lu bang gw sangka channel isi video random aja,0
obrol berat dokter pintar kemas ringan radit ft pandu mudah cerna,0
tonton episode makin yakin kalau bang radit orang psikopat joy joy,0
kirain chicko jeriko,0
jadi kalo gimbal nyebelin dong joy joy joy,0
ni konten keren banget sih part nya bang klo pray,0
asisten dokter anestesi relate banget sweat smile,0
enak banget flownya cara jelas enak gak skip sama sekali,0
gw kira hikaru nakamura,0
dokter tabah banget ngejawabin tanya sob,0
bang radit tanyain sama dokter kalo slapfight championship ngaruh ga otak,0
masyaalloh dok moga selalu d ikan sehat tolong banyak orang palms up together palms up together,0
kepala gue langsung nyut an denger proses buka tempurung otak sob,0
cikal bakal film dokter indonesia mau bagus nih smiling face with hearts,0
pas banget bahas kali aku minggu lalu penasaran bagaimana proses ambil tumor otak soal minggu lalu waktu aku magang laboratorium patologi anatomi dokter antar bagi tumor otak pasien,0
raditya nikmat bngt cerita dr pak dokter gw yg dengerinnya sdh ngilu gmn gitu bang radit psikopat xixixi joy,0
tanya psikopat keluar grin,0
pandu gw kumpul sama orang cerdas,0
seru banget wey,0
bang radiiiitttt profesi nelayan tani masinis pilot dokter spesialis yaaaa banggggg,0
coba deh lihat pandu latar belakang didik mampu ngimbangi lo kosong lo fakta kalau sering ngumpul sama orang pinter bakal ngikut pinter blush,0
asam folat yaaa bukan asam sulfat,0
gw nonton smbil mkan ikut lmes gw ngbayanginya sweat smile,0
seru banget obrol heart eyes bawa dokter enak bgt,0
podcast bang radit sedang kumpul materi tulis cerita sweat smile,0
kasih ilmu alhamdulillah,0
seru yaa thumbsup,0
sumpah mahal banget iniiiiiii,0
next utk lengkap undang dr ryu hasan donk bang,0
ken rewatch hosplayyy gara gara nonton weary weary,0
kaya film get out,0
keren hehe,0
radit kepo cara belah nya fix psikopat joy,0
dr tenma live action,0
wah ngeri sih ilmu,0
tarik banget sih,0
keren banget dokter sampai enggak berat,0
bang undang dr ryu neuroscientistttt pliss,0
gakuat nonton ngilu kepala jadi sakit padahal konten yg gapapa kyk otak ku gaterima klo jadi bahas,0
bang radit sumpah dah tayang dah berapa kali tonton soal seru another session ama pak dokter dong banggg hehe,0
salfok dgn judul vidio spontan kata kok benar sweat smile,0
dokter tirta dong bang ken tahu reaksi kalo ngomong sama pandu sehat joy joy,0
awal pikir bakal bosan nyata masyaallah banyak ilmu yg dapat keren kerennnn sehat terus pak dokter,0
bang radit undang psikiater dong bang mau ajar plis,0
bang undang dokter spesialis muda keren banget obrol gk dokter sih ahli jg keren blush,0
mndadak inget hospital playlist prof chae song hwa,0
adain part,0
iya nakes gue jg bru sadar klo punya tombol aktif kayak gue orang jijik an luar jam kerja gue gue muntah cuman lihat ludah lantai klo kerja megang ee pasien aja gue biasa aja sweat smile,0
sering ngundang spesialis gin bang seru nih luar biasa sih konten out of the box banget,0
tanya pandu terkadang kayak bikin malu nyata penting jawab si dokter thank you bang banyak ajar,0
sejak radit tanya bagaimana cara buka kepala tanya jawab lanjut bikin merinding ngilu smiling face with tear,0
belah bang radit siapaa si busett ganggu bangett,0
terima kasih dokter ryan radit pandu konten mantep banget gue tuju kata dokter ryan soal wanita lebih sering tahan sakit jadi sendiri keluarga ibu tahan sakit lama saat ayah sakit obat tau kalau ibu sakit pas udah hujung hidup moga makin banyak sadar sehat terima kasih semua konten sangat manfaat heart,0
ini dulu gue suka nonton dora ego gue ajar banyak utama sabar,0
one of the best podcast ever,0
thanks dr ryan,0
bang radit pandu ngomongin kateter dokter pandang kosong liat,0
ulang terus nonton kali sweat smile sweat smile,0
terimakasih ilmu pak hikaru nakamura,0
neng banget bang radit undang yg ahli ahli dong,0
lumayan kuliah sks dapet ilmu mual dikit ga ngaruh,0
chae song wa fersi cwo mah blush,0
bang undang dokter spesialis nuklir dong bang,0
pandu lebih rasa ngerusak obrol si,0
bang request interview dokter spesialis anestesi dongg,0
pandu bikin ngakak kalau ngitungnya lebih gimana wkwkwkkwk kok pikir nanya gitu wkwkwk,0
tanya dong barangkali sini jawab kalo sakit kepala tuh benar rasa tuh mana sih syaraf otak bagi beberapa jenis sakit kepala beda sekali pengin tau solusi reda sakit kepala puasa maaf kalo banyak tanya,0
becanda melulu serius dikit ding,0
seru banget eu,0
lupa blessing fire fire fire,0
bg mau tanya kan kalau kena tumor lotre aja kata dokter nya bagaimana teliti orang orang negara populasi besar kena tumor sakit mati lain negara tentu kata jadi pola makan tidur anggap benar pray pray,0
ngilu sob,0
dokter bedah tumor nya alm suami rs pon lama konsul sama dr ryan selalu puas sm jwb nya gak pernah buru klo lg konsul pdhl pasien mungkin banyak,0
konten mahal banget isinyaa banyakin konten gin bang radit cerdas bangsa grin grin grin,0
kurang suka co hostnya kurang oke sih obrol,0
bang radit undang dr tan shot yen dong,0
bang ko gue engga percaya elu takut denger cerita bedah wkwkwkwk,0
fyi mic pandu doang yg dipakein busa krn kabar ciprat ludah pandu tara sama air liur komodo,0
nah baru omong otak literally,0
wah bang radit tau jasjus,0
undang prof nur rasyid bang radit,0
orang awam suka banget nonton series dokter pas dr ryan jelasin gw bayangin proses operasi sukan nih sama konten bang radit yg satu,0
lulus drakor doctor romantic sedikit paham joy,0
wkwkwk gak baca bgt bang radiit responnya,0
waaaaaaaaaaa sampe gua ulang bang radiiit,0
makas loh raditya dika kalau sering bang biar motivasi hidup sehat tiap hari remind cry,0
pandu memang asli mirip banget sama agus magelang wkwk,0
jadi ken medical cek up,0
pandu wakil yg kepo,0
seru banget nontonnya hampir jam gak asa jelas dr ryan sangat mudah paham tambah tanya tanya sederhana bang radit sangat wakil tanya banyak orang awam sukses selalu dr ryan bang radit,0
dr ryan kenal dokdes gakkk,0
gw bulan februari tahun lalu op tumor batang otak bang,0
bang gw baru abis oprasi tumor batang otak,0
hari subscriber jt views cuma k fix subscriber lo gapunya otak wwkwkwkwkwkwkw,0
kaya begini lah misirikit tontonnnn jangan yg pomar pamer gosap gosip ae yg ditontonnn,0
keren nih harus bintang tamu vior bang hehe,0
konten lu isi mau game mau podcast keren smua bang,0
klo mri pake bpjs mau gua tiap taun,0
wah tanya radit rem gmn cara buka kepala deddy corbuzier nonton,0
bener iq peran hidup steven stain howard book buku the eq edge emotional intelligence and your success,0
nonton podcast ulang ulang ga bosen bahas bobot ringan terima masyarakat awam blush,0
lalu gimana orang punya ingat fotografis sebenernya gak sih gue baca novel tokoh utama punya ingat fotografis semua spesialis dokter gue paling gimana gitu sama spesialis otak semua spesialis keren otak tuh kayak wah gila emot mata kaca kaca moga bakal spesialis spesialis bang industri btw dokter bilang ibu bener banget semua orang gitu ibu tinggal sakit kanker lambat tangan beliau nahan kuat banget al fatihah mama,0
pas pandu bilang kaya peci joy video ini ajar otak rasa sakit cry,0
jujur ngilu dengernya sangat tantang dengar joy,0
moga semua dokter indonesia punya cara pikir kaya dokter ryan dulu eyang pernah keluh sakit terus bagi dada bawa rumah sakit minta check up kalau rontgen sama dokter bilang usah eyang lihat sakit minggu kemudian eyang tinggal,0
sadar ngga sih beberapa tanya pandu tuh bagus turut entah skrip ato ngga tanya yg simple malah lebih susah dijelasin kayak nanya darimana tahu kalau pake otak kanan otak kiri joy,0
dr tenma,0
gokil narasumber nya bang radit tuh emang ngga didugaa sparkles sparkles sparkles,0
bahas seru kedistrek sama topi bang radit yg miring joy,0
dokter dengar banget sih dengerin orang baru jawab tatap mata tajam kerensih,0
bg radit dr ryan bg pandu tau kalo bahas podcast seru bgt betah bgt dengar kalian ngobrol bobot terima kasih ilmu,0
percaya teman awat yg kerja ruang bedah lihat interaksi dokter luar kamar operasi sangat beda sangat pintar lebih killer dri pda guru killer mana joy,0
very useful and informative thankyou heart,0
selalu nambah ilmu kalo sama dr ryan maaf co hostnya terlalu canda jadi bikin ga respect ga nyaman pas nontonnya,0
banyakin konten kaya gin bang radit,0
makasih bang radit ilmu anggap bosan orang awam jadi seru didengerin kemas sederhana asik banyak tanya udah catat kalian tanggap jawab narasumber asik jadi obrol hidup,0
radit aku wkwk operasi tumor payudara aku jg nontonin video operasi tumor pyd bikin lebih tenang kaya bakal kaya gin nih wkwk,0
sih bukan cma daging lemak nya blush,0
dokter mmpi dong bang please relaxed,0
suka banget cara bang radit dengar sampai tanya abstrak bang pandu salut,0
keri,0
next nya undang bang fajrul fx bang,0
njirr isi semua,0
koh radit rendah mohon undang dokter spesialis autisme nitip pertayaan bagaimana cegah anak lahir autisme wajah derita autisme cenderung sama terimakasih koh pray,0
gilaaa dokter keren banget,0
ganggu bet pandu sini ngapain ajak,0
undang dr ryu hasan psti seru,0
bg konten edukasi kea gin banyak please makasii,0
coba kali undang dr drake ramoray bang xd,0
masyaallah jadi tambah takjub cipta,0
seru bgt bang lanjutin,0
bang radit keren sekali ide podcast nya sangat isi,0
dokter ikan sini btw dokter makan apa pinter gitu sukses selalu berkah buat dokter,0
pliss lanjut dokter lain,0
gue pernah nonton bahas ttg eksperimen yg dilakuin unit nya tentara jepang waktu wwii nonton jd pikir ilmu anatomi fungsi tubuh manusia gin apa sedikit banyak ngambil hasil gila unit lepas jahat kejam besar hasil researchnya ikut andil dlm ilmu dokter modern skrg yak thinking,0
sikopat nonton,0
pernah liat thumbnailnya kirain mamat ngomongin logika apa karna judul click bait wkwk daging bangett asli,0
abis nntn langsung tarik bgt liat neurosurgeon kerja ken liat visual ngebedah otak suasana ruang operasi gmn akhir nemu rekomendasi film orang neurosurgeon kenal ben carson film gifted hands the ben carson story sana diceritain mulai background keluarga didik beliau akhir jadi dokter bedah saraf sukses nanganin banyak operasi besar jaman pokok tonton aja yg penasaran worth to watch gokil sih konten lu bang nganterin gua ilmu segment edukasi sekaligus motivasi raised hands clap fire ear of rice,0
dosen blg spesialis yg paling sulit saraf nah beliau dokter spesialis bedah saraf gak bayang org jenius apa,0
yuk dokter radiologi ikut blush blush,0
wawas wawas wawas,0
kok pikir podcast bahas spesifik kek gin keren bgt sih,0
makasihhhhh ilmu banget awal sampek akhir nyimak banget makasih kakak thumbsup,0
film lucy emang ngecoh banget sih waktu seru asik memang fakta ngga segitunya,0
operasi komunikasi pasien apa harap apa ikan jd keinget alesan song hwa jatuh cinta sama bedah syaraf song hwa in real life clap ytta,0
ngobrol sama dokter orto bang,0
enak bnget klo dengerin orang pinter ngomong,0
sama org pintar kalo ngomong vibesnya beda heart,0
coba undang dokter ryu hasan bang sm nih alir tp lbh saints,0
bukti klau radit memang psikopat,0
andai alm tunang ku dulu ketemu dokter kayak gin mungkin pilih operasi tumor otak nya buah pilih lah dulu dokter bilang langsung peluang selamat nya bawah akhir operasi waktu nya sisa bulan terima kasih edukasi nya dokter dendam dokter saraf,0
ilmu mahal banget nih sehat sehat panjang umur bahagia slalu orang orang baik,0
masyaallah sparkles jam podcast nya sweat smile,0
gak otakkkk,0
baru tau nih mantep nih podcast bang radit kerennn,0
coba pas segman undang dokter dokter tirta co host nya,0
bang makasii banget udah hadir konten kayak gin,0
seru bangetttt,0
pak dokter pahala banyak,0
cara bang radit interview benar benar buat takjub keren banget cara tanya cara tanggap jawab jokes jokes nya bahkan bantu dokter kali jeda mem kata kalimat utk jawab narasumber nyaman kalo bawa acara bang radit,0
stress bgt gw denger bayangin nyaa,0
aku suka buat mikir tambah part blessing,0
gue tau bedah saraf gara nonton hospital playlist ngk pernah nemu kasus yg serius diindo padahal alzeimer aja sana raka wanti,0
undang dokter jiwa kak psikiater jenis,0
jadi maksud yg ga nonton ga punya otak,0
denger tanya bg radit skrng sya prcya sma omong si om botak klo radit psykopat joy,0
nonton jadi mbrebes ingat betapa syukur dgn anugerah tubuh otak yg luar biasa cry,0
periksa mau cuman kalo sakit bikin makin sakit duit buat sembuh yg bikin males,0
walaupun tanya pandu sangat absurd jdi bahan manjangin obrol joy joy,0
full ngilu dengernya joy,0
tunggu part nya bg,0
bang radit gmn cara buka kepala the real sycophant joy,0
ngilu dengernya wkwkwk,0
kurang vior nih,0
stephen strange bedah syaraf jg kan,0
vidio bener bener bikin merinding bayang oprasi sweat smile sweat smile,0
keren bgt jujur bang ane nonton ambil merinding,0
gaji dokter emang naik sih jasa emang gede,0
sumpahhh gak kuat nonton sampe akhir pas bang radit tanya soal cara buka kepala udah gak kuat bang radit psikopat begini begini malah lihat happy yah sob,0
kalo sisi samping tv buat ngejelasin gambar animasi bagus sih,0
biasa dokter ku tahu tampil bersih kumis rambut rapi baru tahu dokter gondrong maaf bukan maksud gimana utara alam pribadi,0
wah makasih ilmu baru pray pray,0
gw nontonnya aja ngilu,0
langsung ingat mohinder suresh heroes,0
undang dr ryu hasan bang,0
aaw dokter cakep ahahaha salfok gue sweat smile,0
daging semua bang jelas enak jelas banget,0
keren banget bang ga pernah gua skip ga asa dah hampir sai aja ga asa waktu nya heart,0
dengkul gua sampe linu,0
keren banget dokter nya jelas jelas banget obrol seru sangat manfaat terimakasih bang radit dok ryan saluting face,0
dokter tunggu konten bareng praktisi praktisi bidang lain bang radit team semangatt,0
ka radit pen fk sebenernya kan se curious sama prosedural dokter wkwkwkwk,0
bang topi lu kek miring deh apa otak gue miring grin smile,0
seruuu banget obrol,0
bang undang spesialis it yg bagi web design judol dong,0
hafiz ngajinya yasin n tahlil,0
fiks jadi dr fav gw jelas enak banget gampang paham,0
ngilu banget denger jelas dokter bedah cry tp neng liat dokter blush,0
dokter ryan bawa asik thumbsup,0
sumpah keren banget bawa dokter ahli sangat cool,0
gue cinta banget konten begini,0
penting,0
gagal fokus sama statement sahabat lama sampe ig story bawa bunga pake jam hitam si komedian baru gak sih maksud open mouth open mouth,0
asa ceritain apa alami bedah plastik rekontruksi,0
kereenn bang undang tokoh tokoh yg edukasi sehat dong tada joy blush,0
dr ryu hasan bang radit lebih seru,0
bang undang astronot dongg,0
apa bener nonton bokep rusak otak joy,0
pandu ngeselin joy,0
jam beneran ngga rasa jam gokil manteb banget dokter info nya,0
jadi inget chae song hwa hospital playlist ihhhhhh,0
pernah sumbat otak operasi tinggal epilepsi dewasa relatif pasca operasi masa sembuh bulan tp tak hasil dgn tahun masa terus kontrol dgn dokter spesial syaraf thn x masuk rs krn serang kejang capek sih tp ttp hrs lanjut,0
padahal topik nya berat tpi gara radit sama pandu jdi lucu kocak wkwkwk joy,0
dr ryan keswani dokter unik jago kaligrafi buah skill butuh motorik halus sangat bagus tenang tulis tangan bagus banget cara komunikasi pasien kenal sangat halus dokter penuh dedikasi hormat hormat hormat beliau,0
nyata om darwis triadi jadi fotografer jadi dokter bedah saraf dulu,0
dokter kenjaku nih sweat smile,0
tenma in real life smile,0
good topic,0
nonton usaha nepok jidat,0
next dokter kunci bang,0
jadi ingat series netflix the good doctor scene operasi tumor nya detail bgt,0
manfaat oprasi otak tengkorak kepala bor psikopat total,0
gue udah kali nonton video saking seru edukatif bangett undang dokter dokter spesialis bang radit,0
gw tonton video kali kali saking seru,0
jujur sampe skrg youtuber paling inspirasi raditya dika jujur paling ga suka komen komen suka simak kali komen khusussssss youtuber realistis apa adanyaaa bangggg sering bikin konten edukasi amal jariyah mu terus mengalirrr ilmu daging bangetttt indonesia butuh bang radit banyakkkkk heart heart heart,0
bikim series sendiri bang radit buat pakar dr bagai bidang dong,0
seruuu bgt sangat cerah,0
sering seringg bang raditt raised hands raised hands raised hands,0
sering undang anca bareng konten lu dit macam sama kyk pandu gitu,0
blessed are the forgetful for they get the better even of their blunders nietzsche,0
penasaran ken denger lama lama nga kuat bayangin nya sweat smile,0
rispo versi pinter,0
distract mulu nih si kumis,0
mgkn ga pandu lbh bgs paksa nonton krn isi daging smua pdhl enek liat pandu,0
aduh seru bgt lagiii,0
udah kayak layar smartphone tap tap nyala sweat smile,0
bang jngn pura ngilu asli lu neng kan joy,0
tenang jawab tanya,0
satu konten emas raditya dika mesti yutuber g bl k kayak andovi n jovi niru radit bacot sana sini ttg yutub yg just business mlah nyalahin artis maen yutub joy,0
dokter ngegas pas jelasin ayah ibu stimulus anak buat ajar kayak dokter gregetan buat ortu yg males ngajarin anak gas dok,0
insightful moga kah sehat selalu,0
bang pandu wakil org awam yg gk mungkin nyampe nanya langsung dktr kalo bukan temen tongkrong kyk habib jafar ditnyain org pintu surga geser dorong kalo dktr ustad bukan tmn tongkrong mana berani nanya gitu joy joy,0
bang radit terima kasih undang narasumber jawab banyak cara mudah paham orang awam ikut undang orang orang ahli viktimologi bang penasaran kait otak manusia dna buat orang jadi psikopat bunuh beranta,0
beliau tara dr strange jadi sihir,0
seru banget bangggg sering dong konten begini,0
jadi inget hospital playlist,0
suka nih gue,0
pertama tau dr ryan podcast thirty days of lunch obrol sana gak kalah tarik banyak ilmu thanks dr ryan bang radit sehat selalu,0
seruu banget,0
dr rs pon,0
lanjut bang ngobrol sama dokter spesialis lain seru banget topik pas nonton gua banyak komen gitu wow pas dijelasin jadi inget drakor yg judul hospital playlist joy joy pak dokter ngejelasinnya enakin banget,0
dokter sabar banget ngadepin tanya pandu,0
next dokter boyke drooling face,0
aku ga punya otak aku ga nonton deh aku kecoa soal,0
bang topi mengsong sikk blush wkwkw btw topik seruu bgtt mungkin bahas berat jadi asik sini,0
psikopat nanya dokter bedah,0
ngeri sedep sebut ngebuka kepala,0
jadi inget kayak dr tenma manga monsters gondrong dokter bedah syaraf,0
mirip bang fu pak dokter nya joy,0
seru liat tp jd inget paman gw yg udh tinggal kondisi ga sadar bawa rs diagnosa awal tbc tp saudara minta scan smua mulai dr atas akhir lihat cair otak operasi pasca operasi msh sadar hingga akhir tinggal cry,0
inget film saw yg ngebedah otak jg,0
bang radit cerdas bgt ngajakin pandu jadi suasana lebih nyante,0
nonton hampir jam puas banyak tahu yg ambil kait kembang anak smiling face with hearts,0
radit psikopat,0
jawat dokdes ryu hasan,0
pandu cringe banget,0
enak bgt dah nonton nya dapet ilmu dapet komedi nya,0
gue jadi inget film saw x bedah kepala anestesi hihhh anjir merinding,0
ngelanjutin bahas ttg saraf otak banget bang ngundang pakar neurologi bu dr aisah dahlan,0
obrol bener open minded,0
dr ryan keshwani mirip nama kyk anak moga pinternya sama xixixi ngarep,0
ngilu denger topik sweat smile,0
stop gua ngilu,0
banyakin konten gin doong seru edukatif,0
sekarang chico jerikho udah pindah profesi sukses selalu mas chico,0
gua megang kepala mulu anjir wtf,0
undang ahli lain bang ahli bidang lain bang seru bgttt nontonnya,0
gue stresss sendiri denger betul dengernya main game bukan refreshing jdi stress tpi stress nya worth it bgt ilmu,0
seruuu,0
kuat argumen ketua bene dion bilang sering lupa wkwkw,0
tarik bgt ngilu sih coba bang undang dokter lain,0
keinget drakor hospital playlist sweat smile,0
mantap bang dik pak dok,0
neng gua sama topik bicara jadi nambah tahu,0
suka banget liat bang radit kalo ngobrol serius,0
dengerin ngilu banget sumpahhh,0
totok saraf pandang medis gimana tuh,0
gw gak expect bicara bakal tarik makasih bang radit atas tanya benar awam bawa dokter sangat mudah cerna,0
bang pandu lucu bnaget sob makasii bang radit bang pandu hari hari pertama aku mau ngelakuin diem nge freeze,0
gue sempet suudzon sama judul maksud apa nih nyata emang ngomongin otak,0
radit tau cup yak tumben joy joy joy,0
eps tergokil sih nonton pala rasa nyutnyutan,0
wkakaka ngecup premis mana bayang bakal gmn set up punch line nya,0
nice pray pray,0
undang dokter spesialis nya bang radittt please,0
anissa s nya tuh gue gak expect bang radit bakal ngomong gitu beuhhh komedi ajaaa keren banget topik bahas erti sederhana pas dokter bilang mau ambil tindak operasi buka kulit dulu terus lapis lapis gue langsung rasa dosa guru gue pernah diajarin kelas malah lupa gak pernah gue baca ulang gue jadi nyesel gak ngerti beberapa istilah disebutin dokter padahal umum banget,0
sangat tarik ngga tidur kalo dengerin sampe kelar mending tutup dah geli mual pas dengerin jelas dok nya wkwkw,0
jujur gua suka obrol medis casual kaya gin naisss,0
kali jangan pandu bang damping hehe gap nya terlalu jauh bang mohon maaf pandu pray,0
bangg maaf tpi klo ditambhin kaya harga gtu nya biarr mantep,0
bang radiiiit undang cardiothoracic surgeon heart,0
liat dokter gondrong brewoksn ahli bedah otak jadi inget manga dokter rebel ahli bedah jantung,0
jadi inget tokoh segara alam novel nama alam punya photographic memory,0
jam asa menit seru bgt,0
tamu tamu dokter begini aku suka bener ajar paham awam bgt next coba dokter anak blush,0
bang banyakin konten jenis please kontek game rangin aja sweat smile,0
mas radit gak pake bpjs pake bpjs kelas pas operasi hemoroid teriakin sama dokter ruang operasi karna banyak nanya ruang operasi karna takut cemas,0
keren kali bang raditt daging bener,0
makasih bgt bg radit udah undang orang beril kayak gin jadi nambah wawas tahu bgt,0
percaya gk percaya habis nonton langsung sakit pusing kepala,0
mw operasi otak siapa bang radit,0
apa alas ibu suka bilang jangan bengong surup jadi dalem otak sebut mistis,0
radit pandu gua banget pas dengar cerita dokter joy,0
daging semua isinyaaaa heart,0
keren kali bang sering sering buat video kek gin,0
masyaallah dokter,0
seruuuu,0
seruu,0
pesan dokter ingat dgn drakor hometown cha cha cha cry soal ibu yg gk prioritas keluarga masalah sehat,0
undang dokter anak dong kak radit,0
yg dijelasin dokter bener bener mirip sama yg aku liat hospital playlist sob sob keren bgt,0
gua kira mamatgunshop,0
seruuu bangett banyakin konten bang dikaaa,0
ajar banyak banget video cara bawa radit pandu jokes receh bikin jd seru buat tonton,0
kembang otak anak,0
yawla betah banget dengerin podcast ginian tuh,0
menit lebih tonton skip tarik emang,0
undang dokter aisyah dahlan bang,0
mantap bang lanjut konten kyk gin jdi banyak wawas nya,0
sama kayak dokter ryu hasan dokdes,0
bayang orang psikopat ngobrol sama ahli bedah saraf scream,0
keren nih konten ngundang dokter,0
udang vior bang sweat smile sweat smile sweat smile,0
bang radittt undang firu designerrr,0
podcast merk brand radit youtube joy,0
main dungeon and dragon bang,0
kereeeen banget bang lanjutin konten konten kayak gin,0
tutor jangan tengah bang abis buka kepala nutupnya gimana ini,0
gw anak medis nnton asa kuliah anatomi fisiologi bener emg paling ruwet ttg sistem saraf bhkan ubah bentuk sekian derajat milimeter aja ngaruh tp seruu inti bikin tambah penasaran pgn cari tau inget sehat ga cuma fisik tp jiwa jg lebih penting,0
dengernya seru lemes dikit dengernya joy,0
ig dokter apa yaaa,0
pandu ikut podcast trus nih seru bgt bang pandu,0
pak dokter kalo bawa mobil jangan kebut kalo jari nya luka jangan nepal yaa,0
bang lanjut in gta,0
bang radit undang dedy corbuzer ahli psikolog sweat smile,0
nyata judul otak harfiah,0
sangat manfaat an dr bilang kalau indonesia suka nyepelein sakit kepala gak langsung rumah sakit gimana mau rumah sakit udah pake bpjs sama klinik cuman kasih obat sakit kepala doang udah gitu udah kasih aja terus obat antibiotik paracetamol gitu aja terus kalau udah muntah darah baru rujuk rumah sakit sharing pengalamn aja kaka aku infeksi lambung klinik ulang kali cuman kasih obat magh sampe akhir nya tengah malem kakak muntah muntah langsung bawa rumah sakit gede gak pake rujuk tau nya kaka udah lama infeksi lambung marahin dokter baru obat sarappp joy joy joy sweat smile,0
bang radit pernah baca manga homunculus gak nah mirip pak dokter ama mcnya,0
lanjutin gta v roleplay bg,0
respect banget sama seluruh pihak libat video jujur seluruh tanya jawab video bener bener buat diskusi hidup beri insight cerah salfok sama pandu kritis tanya pak dokter bikin gw iyaya kuddos,0
dokter djaja bang kayak seru soal beliau humoris,0
dokter yg chanel ko ruby kan,0
seru seruuuu,0
ngerti nonton hospital playlist dokter chae song hwa laughing,0
judul nya gua jadi nonton,0
bang radit gw survivor tumo otak alhamdulillah gw gw gak buka kepala jd gw gak ngerasain semua tp mata gw burem itu bukan krn operasi gw,0
masa mau operasi malah lihat video operasi nya dulu the real sikopat emang bener kata om ded joy,0
nonton pegang in kepala,0
dokter spesialis genetik undang dong bang,0
bang undang melvin hade dong please,0
obrol penuh otak ni,0
banggg kapannn up bambanggg sugeniii,0
dokter mirip siapa hmmm,0
salut banget sama orang yg punya ahli kaya gin cry,0
random banget yak gak angin gak hujan tiba bahas ilmu dokter,0
undang dokter ryu hasan dokter neuroscientist kocak,0
ngilu bet cok dengerinnya sweat smile,0
hooo nyata dr ryan yg bbrpa bulan yg lalu soal aku tiap bulan nganter bokap rspon buat kontrol rawat situ karna stroke bukan sama dr ryan kalo sama dr ryan kayak senang grinning,0
next ryu hasan sweat smile,0
pala w nyut nyut nonton obrol exploding head,0
gw kira mas didi kuli jir mirip banget wajah,0
seru banget cokkkkkk,0
tanda tanda psikopat bang radit muncul sweat smile sweat smile,0
menit suara apa dah,0
gara jadi ken nonton house md kmrn henti season mau ah,0
males sama pandu annoying tanya gak nyambung,0
radit sangat nikmat obrol scream scream,0
gua kena tumor saraf mata,0
bang radit mw tny td abis buka otak gmn cara nutup nya lg blm dijelasin kan td tulang bor klo dijait lg apa iya tulang numbuh lg bang tlg tny in bang joy mkasi bang,0
nitip,0
dr ryan dokter anak pernah operasi anak dokter ryan orang baik banget sabar tku mas radit sdh undang sehat selalu buat dr ryan semua pray pray,0
mantaps obrol otak semua,0
keren banget,0
gila ga rasa kereen parah bang radit sangat sangaaat tambah wawas walaupun jauh dr hidup saia yg skrg tp sangat tarik clap,0
duh anjir konten bagus banget,0
nonton teman makan,0
sering sering bang ngundang dokter seruu dapet banyak ilmu hehe,0
parahh nonton auto dzikir mulu,0
gokil sih sini pandu jadi pinter,0
pa dokter mirip chicco jerico curiga sodaraan,0
gokill edukasi tahu parenting hibur komedi racik kontenn keren lu bang hand with index finger and thumb crossed,0
gapernah serius nonton podcast ex pasien tumor batang otak jadi flashback waktu op jelas dr rian nyaman nenangin bgt vibes nya makasih bang radit udh undang dr rian heart,0
mahal banget konten clap thumbsup terimakasih bang radit,0
part lanjut seru enak denger jelas ilmiah dokter bantu jelas bang radit bahasa umum,0
bang plis adain podcast spesialis gin gak melulu dunia medis spesialis gin tuh kayak buku jalan kalo dikumpulin kayak pustaka banyak ilmu gali,0
obrol seru banget dengernya exited keren bang lanjut,0
hah tanya basic bang radit tanya sebut detail banget makin curiga pala siapa bang mau copot,0
bang radit parah banget sih masa video kayak gin ga satu jam bang butuh lebih lama plis kalau yg begini bikin jam dong bang kalau seriesnya lebih keren ni bang radit podcast spesial dokter spesialis fire,0
gue pernah dokter migren gak renti sampe hari abis balik rs mall balik nya langsung sembuh sob sob obat gak minum nyata aku stress aja,0
gak basa basi masa kecil cita cita jalan hidup full hampir satu jam tahu semua makasih bang haris azhar,0
somehow nonton kepala nyut nyut,0
keren bngt sih topik hari bg thankyou loh,0
next doctor spesialis jantung,0
seru banget,0
asli konten nya keren banget,0
kalau operasi otak ada bangun si pasien ga maen gitar gimana apa tetap operasi dok,0
jadi keinget dr songhwa hospital playlist kerennn,0
cobaa liat film dr hanibal hehehe,0
yg nyimaknya lama loadingnya silah komen,0
bangg pas bgt gw nntn menit nyokap gw ngabarin tetangga gw kena kangker otak,0
lepas podhub bang radit kembali otak jadi normal,0
sumpah keren bgt,0
thanks a lot bang ilmu baru,0
cowo teriak menit,0
seru bgt jarang yg punya bahas kek gin bener ajar kek kuliah umum luar biasa,0
tarik bangett nih kerenn clap btw dokter vibesnya mirip bruce banner,0
suara cewe nyapa menit,0
nunggu podcast sama viorr,0
maaf safok jam dokter ryan bagus biru bagus info jam merk apa ken punya blush,0
bang buat segment baru aja undang orang orang bagai macam profesi,0
gilaaa obrol isi nya daging semua selipin sedikit komedi,0
keren,0
tampar nonton gera gera judul,0
gue dengerinnya ngilu ko bang radit ketawa sweat smile,0
bang enggak undang dokter obstetri seruu bang gua mau tanya bingung nanya nya bang radit sama pandu nanya keren,0
nah betul minggu kemaren baru liat operasi nya,0
bang undang vior lah,0
sumpah kali gua percaya radhit psikopat joy bs nya nyari cara operasi pdhl mau d operasi kalo aku si gak lah takut sumpah,0
undang orang orang profesi bang biar ngasih pandang adik adik sma mau lanjut kuliah biar pandang nanti mau jadi apa kuliah jurus apa kalo udah rasa tarik duluan lebih neng kuliah kan grin,0
bagus bang video begini banyak video begini bang,0
lihat video buat syukur sehat cok,0
exploding head exploding head exploding head exploding head exploding head exploding head exploding head exploding head exploding head exploding head exploding head exploding head exploding head exploding head exploding head exploding head exploding head exploding head exploding head exploding head exploding head exploding head exploding head exploding head exploding head exploding head exploding head exploding head exploding head exploding head exploding head exploding head exploding head exploding head exploding head exploding head exploding head exploding head exploding head exploding head exploding head exploding head exploding head exploding head exploding head exploding head exploding head exploding head exploding head exploding head exploding head exploding head exploding head exploding head exploding head exploding head exploding head exploding head exploding head exploding head exploding head exploding head exploding head exploding head exploding head exploding head exploding head exploding head exploding head exploding head exploding head exploding head exploding head exploding head exploding head exploding head exploding head exploding head exploding head exploding head exploding head exploding head exploding head exploding head exploding head exploding head exploding head exploding head exploding head exploding head exploding head exploding head exploding head exploding head exploding head exploding head exploding head exploding head exploding head exploding head exploding head exploding head exploding head exploding head exploding head exploding head exploding head exploding head exploding head exploding head exploding head exploding head exploding head exploding head exploding head exploding head exploding head exploding head exploding head exploding head exploding head exploding head exploding head exploding head exploding head exploding head exploding head exploding head exploding head exploding head exploding head exploding head exploding head exploding head exploding head exploding head exploding head exploding head exploding head exploding head exploding head exploding head exploding head exploding head exploding head exploding head exploding head exploding head exploding head exploding head exploding head exploding head exploding head exploding head exploding head exploding head exploding head exploding head exploding head exploding head exploding head exploding head exploding head exploding head exploding head exploding head exploding head exploding head exploding head exploding head,0
bang radit undang dr pukovisa bang grinning,0
masyallah dokter ryan baik pintar sekali kaka operasi sama dokter ryan tambah baik sehat sehat dok blush,0
bang lu kok ras micnya pandu doang yg kasi cover pensive,0
banyakin video sama pandu bang joy joy,0
nonton inget songhwa,0
kaya habis nonton langsung pake helm nih sweat smile,0
dokter sabar bgt ngadepin tanya pandu,0
yah padahal mau nanya ingat fotografis beneran ato enggak,0
tanya sangat normal,0
emang psikopat nih radit liat excited babget pas dokter jelasin proses bedah joy,0
bang radit tanya gimana cara buka kepala jiwa psikopat nya keluar joy,0
mungkin radit timbang dokter bedah syaraf dr ryu hasan viral wkwkwk,0
radit ken tau cara buka kepala bener bener psikopat,0
bang undang dr ryu hasan bang pray pray pray pray pray pray pray pray pray pray pray pray pray pray pray pray pray pray pray pray pray pray pray pray pray pray pray pray pray pray pray pray pray pray pray pray pray pray pray pray pray pray pray pray pray pray pray pray pray pray pray pray pray pray pray pray pray pray pray pray pray pray pray pray pray pray pray pray pray pray pray pray pray pray pray pray pray pray pray pray pray,0
cuma vidio doang gue dengerin habis kuliah umum heboh serta lebih,0
baru bayang kepala bor gergaji aja udah rem gue langsung cek youtube dokter bedah amerika operasi otak nyata aksi lebih seram ekspektasi gue relieved,0
keren nambah ilmu,0
samsul wajib nonton nih fire,0
kirain hikari nakamura loh bang,0
wah,0
keren banget parah bener nambah ilmu,0
gileeee isi otak semua mah kayak dengerin seminar kuliah umum mah,0
aq koq jadi mual denger podcast apa sebab a,0
episode gokilll info lawa dapet kwkwkw makasih bang radit,0
puas banget nonton konten heart,0
sebenernya konten daging bgt aku ga tega ngebayanginnya merinding coy sob untung ga jd dokter btw terimakasih radit pak dokter pray,0
judul punya otak nonton emang bener sih ngebahas otak,0
next undang dokter hewan bang radit,0
bang undang dokter hewan spesial ikan dong lupa siapa nama,0
suka banget tahu macam dibanyakin bang konten edukasi,0
fully inside terima kasih dokter jelas heart,0
dr song hwa in realife,0
bang radit walaupun ngeri ngeri nikmat detail detail proses operasi fix psikopat,0
please bikin konten gin versi gang hospital playlist kak radit dokter spesialis bedah saraf chae song hwa white check mark dokter spesialis bedah umum lee ikjun dokter spesialis bedah anak ahn jeong won dokter spesialis bedah torakoplastik kim jun wan white check mark dokter spesialis bidan ginekolog kim dae myung,0
dokter keren sampai jelas bawa tenang jadi orang awam kayak aku dengar jadi paham keren makin banyak dokter hebat indonesia pasien bantu bang radit makasih share nambah ilmu pray heart,0
pas sampe bicara buka otak aku gak lanjut nonton maaf bang radit imajinasi ku terlalu liar sampe mual nauseated face nauseated face,0
bang radit request undang psikolog dong thanks,0
gokiiiiilllllllll,0
makan siang makin isi tonton video kali terimakasih bang radit wkwkwk,0
sumpah apa ni konten bang radit yg paling bkin lemes pas makan aja kek megang sendok rada lemes ga kek biasa jadi tak alih nonton yg biar makan cepet slese joy,0
manfaat tambah wawas bang radit kasih emot api dulu abangkuh fire,0
undang spesialis gigi bang sumpah gw nyesel udah dewasa gk ngerawat gigi soal pas kecil gw kira gigi rusak tar sisa cabut trus tumbuh eh nyata fyp tiktok yg bilang punya gigi yg gk bsa tumbuh klo rusak sana gw mulai sikat gigi terus udah lambat cry cry,0
next dokter lahargo,0
terimakasih ilmu yg sangat manfaat,0
emang radit asli psycopat sangat nikmat tiap ditail dokter jelasin proses bongkar kepala sangat antusias nikmat,0
anjir aku nonton pas lg makan malah denger pandu ngomong otak congkel cry aaaaakkkhhhh,0
ngilu banget denger jelas nya,0
bang ajak yori,0
terimakasih sekali atas informasi sangat manfaat menyebarluaskan paham lebih aware benda kepala,0
rekomendasi sedang sakit kepala,0
dulu buat aku penasaran tuh benar makin banyak alami memori otak makin full makin banyak lupa memori jadi lama ganti memori baru aku rasain banget makin banyak ajar baru alamin baru aku makin lupa lama memori penting emang cuma sugesti lupa nya memang masalah waktu aja bukan ada memori baru,0
may lop dok ryan,0
undang dokter gizi tanyain hubung dna sama pola diet bang blush,0
mantab bang rispo,0
fix radit psicopat episode depan undang dokter forensik,0
pas banget kemarin temen baru aja selesai awake surgery keren banget hebat ngeluh garagara tanya soal matematika mulu wkwk,0
undang dokter forensik bang,0
spesialis kolestrol undang bang please,0
njiiir skip seruu banget bang radit lanjutin dong yg begini bidang lain heart,0
bayang semua drakor ttg dokter yg operasi operasi otak gtu kereeennnn,0
punya otak,0
dr sepherd grey s anatomy sih,0
keren nih tonton gin,0
beberapa bicara udah aku liat drama dokter playlist joy,0
seru denger terus terus lemes lemes lemes pas buka brain,0
bahas keren banget nih,0
baru tau chiko jericho udah jadi dokter spesialis sweat smile thanks bang radit utk obrol yg sangat manfaat,0
banyak bikin begini seru dengernya kerja,0
kapan main gta roleplay bg nungguin nih,0
jadi inget song hwaaa hospital playlistt kerjaanya bukain otak sob heartpulse joy,0
respect bang radit good content,0
i never know watching people talking about science gonna be this fun,0
gue ngefans bangettt sama org yg ngejelasin rumit bahasa sederhanaa sob cherry blossom cherry blossom cherry blossom,0
seru bgt nambah wawas next undang yg gin bang,0
kok gua pas operasi pas anastesi ga suruh ngitung atau ajak ngobrol sweat smile,0
kayak nonton saw versi ngobrol melting face,0
pas dokter jelasin cara bedah otak gua gemeter ngilu sob sob,0
yg nasib gw selalu nonton video radit kalo hubung ama operasi darah badan gw ga sanggup denger ngeri tiap denger segala operasi organ tuh badan kayak ga tulang ga sanggup ken denger paksa cuman kuat sampe menit,0
ngilu bgt bang denger pala bor gergaji cry,0
to much information wkwkkw jadi tau bnyak,0
undang dokter spesialis hematologi dong bang,0
orang psikopat nyata radit jg perlu tambah skill intra personal nya joy,0
seru banget dengerin jelas otak manusia blush,0
neng bgt akhir bhas kedokterannnnnnn bikin episode bang buat tiap spesialis pastiseruuuuu,0
gak mau nge klik punya otak sweat smile,0
baru podcast horor,0
nyut nyut kepala blush,0
gooookil,0
keren banget sih bang ngelu banget,0
jadi ken operasi otak,0
nonton ngilu dikit,0
gua nang nonton persevere,0
suka banget sama konten gin,0
bedah otak yg pasienya bangun main gitar,0
wah gilasih bang ryan keren banget thumbsup,0
oke makin yakin benar babg radit psikopat rofl rofl rofl lihat semangat nya bahas bedah oprasi lebih mau oprasi usus buntu sempet nya lihat video dulu biar tau joy joy joy joy joy ngeri,0
saran bg judul jgn intervensi jadi mls ntn rofl pray,0
duh ngilu dengernya sampe mual,0
harus bareng vior nih biar bedah sekali otak joy joy,0
pandu mending diem dah kalo narasumber serius ga,0
makasih banyak aa suka banget kalo bang radit udah up video tipe ajar tetep asa ringan,0
waah dokter ryan heart eyes,0
judul nyebelin,0
bedah saraf dr inget dokdes ryu hasan joy,0
ngilu sweat smile,0
banggg radittt undang dentist dong soal aku mau operasi gigi bungsu cry takut sbnrnya joy,0
saran sangat relate banget ortu gw masuk orang kuat akhir jadi korban kanker tinggal nang sangat telat masuk stadium periksa tahu,0
jujur banyak ilmu baru soal otak kalau aku tau rata medical check up sering fokus jantung gizi otak meski lihat urgent sama penting,0
top narasumber n ngobrol seru top bang radit,0
thanks bang radit thanks dok informasi mudah paham sllu neng krn pandu jd perspektif awam bikin punya wakil buat nanya random joy,0
rm padang punya otak,0
ih asli ga bosen banget nonton nya,0
seperti follow up ketemu vior,0
nonton grey s anatomy sampe season basically surgeon atleast general surgeon xd,0
uuu ngeri relieved,0
kepala langsung cenut,0
gw nonton nyutnyutan pala,0
wahh ngundang dokter spesialis tarik kayak bang segi konten jadi lebih banyak dapet tahu bidang sehat buat yg males cari tau hehe,0
curiga bang radit mau bedah otak vior nympe ngundang dokter ahli bedah otak cok jiwa sikopetnya keluar,0
hoho hihi versi radit,0
dark loh tp ko jd asik tada tada tada,0
ngilu bgt denger brain surgery,0
bang radit kalau undang spesialis lain bahas tambah ilmu jadi lebih peduli anggota tubuh manfaat sekali bang heart,0
bang bikin lg sma dr ryan sangat tarik,0
waaah seru perlu nih terimakasih bang radit,0
gua nonton merinding sob,0
kok kaya liat rispo tp versi benernya grin,0
nonton makan,0
ga kuat nontonya,0
kaos yg dipake sm bg radit apa,0
bahasanyaaa ga berat tp daging semuaaa seruuuu iiiiiiii,0
apa cuma gw dengerin otak belah bangun ngerasa geli geli enak,0
bener abis anestesi gw rasain enak banget dirasain pemake,0
banyakin content yg manfaat gin bang dr ketemu bocah kosong,0
ga ngeh menit suara perempuan gumam kecil he em,0
orang tua yg marahin mukul ngajarin anak nya sampe bego begoin padahal semua gantung orang tua nya balita beri makan yg penting ngak buat otak peran orang tua penting sekali paling utama kompak sependpat ayah ibu nya makin jelas bila lihat yg vidio mana yg butuh otak nya waktu kecil penuh mana yg sukses nya perihal yg lah vidio tetang sehat tpi bnyak cabang nya dr uang nikah pasang komitmen berani bnyak sekali cabang nya sedikit sesal akibat nonton vidio lambat tahu yg sangat penting cipta satu manusia baru peran tanggung jwb nya besar sedih rasa cipta manusia baru abai kelak manusia baru ygenanggung akibat nya padahal bukan krena ingin,0
yg dukung anies gak usah nonton pray,0
bg radit senang banget bahas bukak otak liat sikopatnya joy joy,0
bang pandu ditambel gitu kira ban kali ah bang sob sob,0
isi otak semua gokil bang thumbsup,0
jangan bilang dokter yg operasi kepala gw dlu wkwk,0
ga sabar liat vior sini sweat smile joy,0
seruuuuu bangettttttttt,0
gue pikir lu bakal undang vior bang joy joy joy joy joy,0
please aku suka obrol kayak gin nambah ilmu undang dokter spesialis bang radit,0
konten nya daging semua thumbsup,0
dokter seksi bgt ih,0
bang kalo dua aja kyk kmrn abang sm narsum,0
bang lanjut main dnd,0
gila bang radit cerdas banget tanya sistematis banget clap,0
nonton drakor medis mang bang biar bayang hahahaha,0
sumpahh ide bang radit cerdas banget konten gw beneran baru ngeh yg lama radit maksud kalo buat konten buat yg emang diri sendiri contoh lu penasaran tekait apa nah jadi konten podcast benran liat kalo radit penasaran jadi konten bener bener tarik,0
bang pandu tuh wakilin manusia awam kek gue joy,0
dokter ryan mirip musisi noh salleh,0
lanjutin dnd bang,0
lebih banyakin undang orang kek gin bang banyak ahli bidang masing kadang gk ekspos gk banyak orang paham,0
bang radit gw waktu jelang lahir nonton org giving birth dr normal smpe ceasar makan siang joy,0
naaahh gin dong podcast baru seru,0
lama konten paling didik sih om dedi lewat ga sih,0
ngilu dengernya,0
panjang podcast gua megang megang kepala joy,0
terimakasih ilmu mahal yg beri gratis clap,0
gak sanggup ngilu,0
baru saranin teman gak punya otak suruh nonton karna minjem duit gak ganti nonton video otak balik tibul bayar utang,0
bapak youtube indonesia memang konten receh konten lucu konten edukasi channel mana lengkap bang radit,0
video tahu penting sekolah wkwk,0
kalau yg otak d dengkul gimana bang kan malah jadi dual core grin,0
seru nih,0
uwaaah otak w asa isi makasih bang radit pandu sama dokter ryan sob sob pray pray,0
keren banget sih bang radit cari topik aja edukatif tp ttp hibur,0
radit mulai keluar sikopat nya joy,0
asa kuliah umum banyak bgt ilmu nyaaa bahasa sederhana bgt jadi gampang buat org awam kek bnyakin konten kek gin tim nya raditya dika biar aware sama sehat sendiri,0
kalau vior nonton gak bang,0
orang cerdas sangat lihat cara bicara undang bang radit spesialis spesialis lain seru banget nontonnya yg perlu jadi tonton gen z yg sudut pandang putar digital,0
punya otak nonton,0
banyakin dong narsum kayak gin bangg seru dengernyaaa,0
pak radit topinye turun nutupin otak,0
ngambil otak dulu nih siap,0
judul joy arti dukung paslon gak nonton dong sweat smile,0
jri macem dr chae hospital playlist,0
dokter mirip sama mamat al katir rofl,0
entah knp nonton dalem kepala w kek ngerasa lg diomongin aokwowk,0
bang vlog sama kak nissaaaaa pray pray pray,0
banyakin kaya gin bang,0
bang pandu anj wkwkwkwk banyak makan pohon dota,0
asli berat banget bahas jd ikut cenat cenut otak tp info yg sangat baik,0
alhamdulillah punya otak,0
gw punya otak blush blush,0
undang awat bang dirscm bnyak senior tada,0
omg ngilu,0
kaget kirain si mamat gun shop tadi pak dokter eh mamat dokte rjuga deng joy joy,0
kapan ngundang vior,0
beli otak ahh,0
seru banget nonton makan moyai,0
wiii pord lanjut,0
mantap bgt nonton makan,0
judul bikin jadi gk skip video nya,0
menit bahas cara buat otak anak pintar,0
pandu mending diem ganggu,0
gw kira lu ngundang haris azhar bang,0
wishlist nonton bang radit podcast sama laleilmanino pray,0
lebih horror cerita hantu,0
ngobrol ngilu ngilu bayang joy,0
sakit kepala ngedengernya,0
kak dika otak ku tinggal joy joy joy,0
tiap kali udah lemes eh bikin ketawa jadi enjoy nontonnya wkwkwk jadi tau baru nicee thumbsup thumbsup,0
betul punya,0
please cewek gue nonton gue cape ngejelasin,0
baru kali nonton podcast bukan horror podcast bikin ngeri ngilu sendiri,0
bang kalau pasien operasi otak habis tutup terus gak sengaja sundul benda tumpul kira kira error gak,0
gakuat ngomongin ginian wkkwjw linu semua,0
judul sarkasme hmm entah,0
orang yg takut liat darah nonton rasa mual nang tetep terusin,0
dengerin podcast otak gw gak langsung kayak glitikin geli ngilu gimana gitu,0
kalau personal trainer gym atlit binaraga repot tuh klo lakuin wake surgery kali angkat barbel joy,0
nonton reflek meganin kepala terus joy,0
denger nya aja ngeri,0
emang bang manusia tak ber otak joy,0
bang radit sangat hayati pandu dijadiin eksperimen bentar,0
pusing otak gua bang,0
lihat sekali pandu sangat kosong nonton respon sama pandu sama sama kosong rofl,0
bukti radit psikopat,0
cuma judul yg,0
arti waktu gua darah otak dokter yg nyedot dok,0
ama viot bang bior,0
persis ada bapa dlu tumor otak trs bedah syaraf qodarullah pulang,0
dit dcari vior,0
bang undang dr ryu hasannn plisss,0
skip gue gak punya otak,0
bung towel ga donk ntn,0
kalo gak punya otak nonton gak bang,0
bang radit ajar dengar beneran jd psikopat joy joy joy,0
bang tunggu pdcst smaa bang piornya wkwkwkwk,0
selalu luar prediksi heart,0
gua kira mamat gun shop td laughing,0
kalo cuman punya otak hewan jga nonton bang dog,0
kalau gimbal nyebelin dong sob sob sob sob sob grin,0
wah kasi bung towel gabisa nonton,0
gw pas lg makan bang nonton,0
bang tunggu kolab nya bareng vior hehe,0
punya hati lamar kesini,0
judul psikopat,0
scroll eh singgung liat judul paksa nonton,0
harus judul nya kalo makan jangan tonton sob,0
judi haram rusak hidup jangan giur cuan cepat uang hilang keluarga hancur x,0
probet pulauwin dora cuma tipu tipu awal kasih menang giring bangkrut rotating light,0
judi mending investasi usaha kecil kecil hasil lebih halal sustainable bulb,0
judi online scam banyak kena phantom bet menang withdraw jangan tipu warning,0
gak cerita judi bikin kaya cuma ilusi malah utang tumpuk money with wings cry,0
judi rusak mental tagih stres depresi jangan coba coba brain no entry sign,0
hidup bukan cuma cari cuan judi hancur rezeki masa depan raised hand,0
judi online ilegal kalau ketangkep kena pidana mending cari hibur scales,0
jangan bangga menang judi uang haram bakal bawa sial x,0
judi sakit mulai kecil akhir gila lupa keluarga house broken heart,0
banyak korban judi online akhir bunuh diri utang jangan ikut arus pensive,0
buang uang judi mending sedekah beli butuh keluarga pray,0
judi pernah untung bandar makin kaya main makin miskin performing arts,0
jangan percaya testimoni palsu akun bot orang bayar buat promosi robot,0
judi bikin tagih narkoba sekali coba susah henti smoking syringe,0
allah swt larang judi jangan tukar berkah dosa tobat lambat star and crescent,0
judi online rigged sistem rancang main kalah stop sekarang slot machine x,0
jangan mau jadi korban ikut banyak bangkrut judi online money with wings,0
uang judi berkah kecil apa tetap haram bawa petaka skull crossbones,0
judi rusak hubung sosial banyak teman keluarga jauh judi no pedestrians,0
mending ajar saham reksadana investasi halal untung lebih besar chart with upwards trend,0
buka usaha kecil kecil lebih baik jual online jadi reseller freelancer shopping bags,0
judi zero sum game menang cuma bandar rugi stres triumph,0
cari hobi produktif ngegame judi olahraga kursus skill baru video game basketball,0
banyak kerja samping halal driver online jasa desain jadi tulis computer,0
judi bukan investasi investasi aset judi cuma spekulasi kosong bank,0
uang judi uang panas gak tahan lama bikin hidup tenang fire,0
main game biasa aja pakai uang tetap seru risiko video game,0
judi online sering bayar banyak kasus withdrawal tolak hati hati triangular flag on post,0
dana judi mending tabung buat dana darurat modal usaha moneybag,0
judi bikin candu susah lepas mirip narkoba jangan mulai no smoking,0
banyak korban judi hilang segala jangan jadi korban ikut worried,0
judi rusak sehat mental stres cemas depresi bahaya brain warning,0
allah swt laknat makan riba judi qs al maidah takut star and crescent,0
judi dosa besar jangan taruh akhirat senang saat hourglass flowing sand,0
cari hibur nonton film baca buku jalan jalan clapper books,0
judi bikin kaya cuma ilusi kaya cuma bandar performing arts,0
utang judi lingkar setan bunga gila gila lari sekarang scream,0
judi online sering curang bot algoritma rancang bikin kalah robot,0
judi rusak percaya diri menang sedikit kalah banyak mental down pensive,0
orang judi sulit kerja banyak usaha blacklist candu judi briefcase,0
judi bikin lupa tanggung jawab anak istri lantar utang mana man woman girl,0
mending kasih makan anak judi prioritas hidup jangan salah curry,0
judi candu legal negara izin agama logika larang scales,0
judi online perangkap awal kasih bonus jebak habis spider web,0
banyak lebih butuh uang donasi yatim piatu fakir miskin palms up together,0
judi rusak reputasi gak orang sukses bangga main judi tophat,0
judi main iblis jangan ikut sulit lepas imp,0
pilih jadi menang bukan cundang judi menang sejati hidup berkah,0
judi haram bikin hidup sengsara keluarga hancur no entry sign,0
jangan giur menang palsu situs probet cuma jebak spider web,0
uang judi uang panas cepat hilang hidup jadi kacau fire,0
judi online scam menang cuma umpan akhir bangkrut money with wings,0
mending nabung buat masa depan buang uang judi moneybag,0
judi rusak mental stres depresi nanti ujung brain,0
allah larang judi qs al maidah jangan tukar berkah dosa star and crescent,0
jangan percaya situs judi online algoritmanya rancang bikin kalah slot machine,0
judi bikin tagih sekali coba susah lepas narkoba smoking,0
hidup bukan cuma cari cuan judi cuma ilusi akhir utang tumpuk cry,0
judi mending jual online hasil halal berkah shopping bags,0
judi online ilegal kena pidana reputasi hancur scales,0
menang judi cuma rugi lama x,0
judi rusak keluarga anak istri lantar candu judi house,0
banyak korban judi bunuh diri utang jangan jadi korban ikut pensive,0
uang judi berkah mending sedekah lebih tenang hati pray,0
judi main bandar main cuma pion kalah performing arts,0
testimoni menang judi cuma akun bot promosi bayar robot,0
judi online perangkap bonus besar cuma umpan akhir nol hole,0
mending olahraga judi badan sehat pikir tenang person running,0
judi bikin hidup gelap cari cuan halal masa depan cerah sun with face,0
jangan bangga menang judi uang haram bawa petaka skull crossbones,0
judi online sering bayar withdraw tolak duit lenyap triangular flag on post,0
investasi halal saham jauh lebih baik judi chart with upwards trend,0
judi sakit hati makin makin susah sembuh broken heart,0
buka usaha kecil lebih mulia jadi reseller freelancer aja computer,0
judi bikin lupa tanggung jawab keluarga derita utang numpuk disappointed,0
jangan coba coba judi sekali tagih hidup hancur perlahan rotating light,0
judi dosa besar jangan korban akhirat senang saat hourglass flowing sand,0
mending main game biasa seru risiko hilang uang video game,0
judi online rigged sistem sengaja bikin main kalah robot,0
utang judi lingkar setan bunga cekik hidup puruk scream,0
judi rusak hubung teman keluarga jauh candu no pedestrians,0
cari hobi positif baca buku kursus skill baru lebih manfaat books,0
judi pernah bikin kaya kaya cuma bandar main miskin performing arts,0
mending donasi butuh buang uang judi palms up together,0
judi bikin stres ganti meditasi ibadah tenang person in lotus position,0
judi online sering pakai bot menang cuma ilusi hati hati warning,0
investasi reksadana lebih aman untung halal masa depan jamin bank,0
judi candu sekali masuk sulit keluar jerat spider web,0
jangan percaya iklan judi semua cuma trik marketing jebak kamu tv,0
judi rusak percaya diri kalah terus mental jadi down pensive,0
allah laknat judi pilih jalan halal hidup penuh berkah star and crescent,0
judi online scam modern banyak hilang tabung sia sia money with wings,0
mending ajak keluarga piknik buang duit judi park,0
judi bikin hidup tenang uang haram cuma bawa sial fire,0
cari kerja samping halal jadi driver online tulis lepas red car,0
judi zero sum game bandar menang main selalu rugi triumph,0
judi online sering manipulasi hasil jangan percaya menang kecil slot machine,0
mending tabung uang dana darurat habis judi moneybag,0
judi bikin candu mirip narkoba susah lepas jerat smoking,0
banyak bangkrut judi jangan ikut arus hancur worried,0
judi rusak sehat stres cemas jadi teman hari hari brain,0
jangan tukar kebahjiaan keluarga candu judi house,0
judi ilusi kaya realitanya cuma utang sesal money with wings,0
mending ajar skill baru kursus online banyak gratis book,0
judi online perangkap digital bonus cuma umpan akhir habis hole,0
judi haram bikin miskin pilih usaha halal cuan berkah bulb,0
jangan percaya janji manis situs judi cuma tipu daya fox,0
judi rusak masa depan fokus tuju hidup manfaat star,0
mending nonton film judi hibur murah halal clapper,0
judi online sering blokir withdraw uang lenyap jejak rotating light,0
judi dosa goda jauh lambat imp,0
cari rezeki halal jual makan produk lokal lebih janji stew,0
judi bikin lupa ibadah jangan korban iman cuan haram mosque,0
judi online jebak awal menang akhir bangkrut total boom,0
mending ikut komunitas positif banyak teman hidup lebih makna handshake,0
judi rusak reputasi sulit kerja kalau tahu candu briefcase,0
jangan buang waktu judi ajar saham bisnis kecil lebih baik chart with upwards trend,0
judi main setan jauh kalau hidup tenang smiling imp,0
uang judi cuma bawa petaka mending pakai buat butuh keluarga basket,0
judi online penuh curang bot algoritma bikin kalah terus robot,0
judi bikin hidup penuh drama utang stres keluarga hancur cry,0
mending olahraga rutin badan sehat pikir jernih judi person lifting weights,0
judi candu bahaya sekali masuk susah keluar door,0
jangan percaya iklan situs judi cuma trik buat ambil uang loudspeaker,0
judi online jalan pintas hancur pilih jalan halal railway track,0
judi rusak hubung sosial teman jauh keluarga derita no pedestrians,0
mending investasi emas nilai stabil hasil halal coin,0
judi ilusi bahagia cuma sesal utang pensive,0
jangan coba coba judi online banyak jebak bangkrut money with wings,0
judi bikin lupa prioritas anak istri jadi korban candu man woman girl,0
cari hibur halal main catur puzzle seru risiko chess pawn,0
judi online sering pakai akun palsu testimoni menang cuma bohong lying face,0
judi dosa besar jangan noda hidup uang haram x,0
mending sedekah panti asuh lebih berkah bikin hati tenang palms up together,0
judi online rigged sistem bikin main kalah terus slot machine,0
judi rusak mental stres depresi jadi sahabat karib brain,0
jangan percaya janji cuan cepat judi cuma bikin hidup sengsara disappointed,0
mending buka toko online cuan halal masa depan lebih cerah shopping cart,0
judi perangkap emosi menang sedikit kalah banyak persevere,0
judi online sering bayar menang cuma angka layar triangular flag on post,0
judi bikin hidup kacau fokus keluarga rezeki halal house with garden,0
mending ikut kursus gratis banyak platform ajar online biaya computer,0
judi candu modern jangan biar hidup asai joystick,0
judi online penuh tipu daya bonus besar cuma umpan jebak spider web,0
judi rusak iman jauh kalau hidup penuh berkah star and crescent,0
mending nabung libur keluarga lebih seru makna beach,0
judi ilusi menang menang cuma bandar kamu rugi performing arts,0
judi online sering curang algoritma sengaja bikin kalah robot,0
judi bikin hidup tenang pilih usaha halal cuan berkah bulb,0
jangan percaya situs pulauwin cuma jebak main baru rotating light,0
judi rusak sehat stres kurang tidur jadi akibat sleeping,0
mending jadi volunteer bantu komunitas hidup lebih makna handshake,0
judi online scam organisir jangan jadi korban ikut warning,0
judi dosa goda tobat hidup hancur hourglass flowing sand,0
mending ajar coding skill masa depan cuan halal nanti computer,0
judi bikin keluarga derita prioritas anak istri man woman girl,0
judi online sering blokir akun uang hilang alas triangular flag on post,0
judi main iblis jauh kalau hidup selamat imp,0
mending jual makan bisnis kecil hasil halal berkah fork and knife,0
judi rusak impi fokus tuju hidup positif star,0
judi online penuh bot menang cuma trik buat jebak kamu robot,0
judi bikin hidup penuh utang lari lambat scream,0
mending ikut latih wirausaha banyak program gratis luar sana bar chart,0
judi candu bahaya sekali masuk hidup jadi taruh game die,0
judi online sering manipulasi sistem bikin kalah terus slot machine,0
judi rusak percaya keluarga teman jadi jauh no pedestrians,0
mending tanam modal reksadana untung halal risiko rendah bank,0
judi ilusi sukses realitanya cuma sesal utang cry,0
judi online perangkap modern bonus cuma umpan akhir bangkrut hole,0
mending main olahraga badan sehat pikir tenang judi basketball,0
judi online sering bayar withdraw tolak duit lenyap rotating light,0
mending donasi masjid uang lebih manfaat berkah mosque,0
judi rusak mental stres depresi jadi bayang bayang brain,0
judi online scam banyak hilang tabung sia sia money with wings,0
mending ajak keluarga piknik hibur halal bahagia nyata park,0
judi bikin hidup tenang pilih rezeki halal tenang bulb,0
jangan percaya iklan judi cuma trik marketing jebak kamu tv,0
judi online sering pakai bot menang cuma ilusi belaka robot,0
judi rusak hubung keluarga hancur teman jauh disappointed,0
mending ajar saham investasi halal untung lebih nyata chart with upwards trend,0
judi candu legal jangan biar hidup asai joystick,0
judi online jebak digital bonus besar cuma umpan kosong spider web,0
mending nabung modal usaha masa depan lebih jamin moneybag,0
judi ilusi kaya kaya cuma bandar kamu miskin performing arts,0
judi online sering curang algoritma bikin kalah terus slot machine,0
judi bikin hidup kacau fokus keluarga cuan halal house with garden,0
mending ikut kursus gratis banyak platform ajar online book,0
judi candu modern jangan biar hidup hancur joystick,0
judi online penuh tipu daya bonus cuma umpan jebak hole,0
mending jual online cuan halal masa depan lebih cerah shopping cart,0
judi online sering blokir withdraw uang lenyap jejak triangular flag on post,0
judi bikin lupa tanggung jawab anak istri lantar man woman girl,0
mending sedekah butuh lebih berkah bikin tenang palms up together,0
judi dosa goda tobat lambat hourglass flowing sand,0
judi online sering manipulasi sistem bikin kalah terus robot,0
pilih hidup berkah jauh judi kejar rezeki halal bahagia keluarga star,0
yuk mulai bisnis kecil kecil jual online jadi langkah awal sukses shopping bags,0
nabung sedikit sedikit lama lama jadi bukit moneybag,0
coba ikut kursus gratis internet banyak skill baru ajar books,0
investasi saham halal jadi cara cerdas masa depan chart with upwards trend,0
ajak keluarga piknik quality time bikin hidup lebih bahagia park,0
mulai hobi baru fotografi seru jadi cuan camera with flash,0
jadi reseller produk lokal untung halal bantu umkm shopping cart,0
ajar coding online skill cari banget era digital computer,0
sedekah kecil bawa berkah besar coba mulai hari palms up together,0
olahraga rutin bikin badan sehat pikir fresh person running,0
baca buku inspiratif buka wawas motivasi baru book,0
coba buka toko online banyak platform gratis mula shopping bags,0
nabung dana darurat bikin hidup lebih tenang money with wings,0
ikut komunitas positif banyak teman baru inspirasi handshake,0
ajar reksadana investasi aman mula bank,0
mulai bisnis makan minta selalu fork and knife,0
nonton film keluarga hibur murah bikin hati senang clapper,0
coba jadi freelancer banyak peluang dunia digital computer,0
tanam modal emas nilai stabil halal coin,0
ikut latih wirausaha gratis banyak program perintah bar chart,0
main game taruh seru bebas risiko video game,0
jalan jalan taman refreshing perlu keluar banyak uang deciduous tree,0
ajar skill baru desain grafis peluang kerja besar art,0
mulai tulis blog jadi sumber cuan ekspresi diri writing hand,0
investasi diri sendiri ajar selalu worth it star,0
coba meditasi bikin pikir tenang fokus person in lotus position,0
jadi driver online kerja fleksibel hasil halal red car,0
buat konten media sosial siapa tahu jadi influencer mobile phone,0
ikut kelas masak buka usaha kuliner cooking,0
tabung bagi gaji masa depan lebih aman moneybag,0
coba kebun rumah hemat bikin rumah asri seedling,0
ikut komunitas olahraga sehat sekaligus teman baru basketball,0
ajar bahasa baru buka peluang kerja internasional earth africa,0
jual produk handmade unik jadi cuan besar thread,0
ikut webinar gratis banyak ilmu baru kembang bulb,0
mulai bisnis dropship modal kecil untung lumayan shopping cart,0
nonton dokumenter hibur didik inspiratif tv,0
coba yoga bikin tubuh rileks pikir jernih person in lotus position female sign,0
bantu tetangga baik kecil bikin hidup lebih makna hugging,0
ajar fotografi jadi hobi sekaligus profesi camera,0
mulai podcast ceritain passion mu dunia microphone,0
ikut kursus online gratis banyak platform coursera books,0
jual camil lokal bisnis kecil selalu laku chocolate bar,0
coba buka jasa desain banyak butuh era digital art,0
tabung libur alam baru lebih harga beach,0
ikut komunitas seni ekspresi kreativitas paintbrush,0
ajar saham syariah untung halal transparan chart with upwards trend,0
mulai bisnis thrift ramah lingkung cuan dress,0
nonton stand up comedy hibur murah bikin ketawa joy,0
coba jadi tulis lepas banyak platform cari konten writing hand,0
ikut kelas kewirausahaan banyak ide bisnis baru briefcase,0
mulai bisnis kue rumah minta selalu tinggi moon cake,0
ajar digital marketing skill hits mobile phone,0
tabung didik investasi baik masa depan mortar board,0
coba main catur asah otak perlu taruh chess pawn,0
ikut komunitas lingkung bantu bumi sosial earth africa,0
jual aksesoris bisnis kecil gampang mulai ring,0
ajar edit video peluang youtube nanti movie camera,0
coba ikut lomba tulis siapa tahu menang hadiah pen fountain,0
mulai bisnis catering makan selalu cari orang stew,0
ikut kelas public speaking tingkat percaya diri microphone,0
coba trekking tualang seru biaya besar park,0
ajar seo bikin bisnis muncul google mag,0
jual produk eco friendly cuan selamat bumi seedling,0
ikut komunitas buku diskusi seru wawas tambah books,0
mulai bisnis minum kini pasar booming cup with straw,0
ajar akuntansi dasar bantu kelola uang pribadi money with wings,0
coba main musik ekspresi diri risiko guitar,0
ikut latih umkm banyak dukung bisnis mula tools,0
jual pakai anak pasar selalu ramai baby,0
ajar desain interior jadi peluang bisnis baru house,0
coba sepeda sehat ramah lingkung person biking,0
ikut komunitas startup banyak inspirasi wirausaha bulb,0
mulai bisnis sabun handmade unik ramah lingkung soap,0
ajar analisis data skill cari usaha besar bar chart,0
coba hiking nikmat alam refreshing pikir mountain snow,0
jual pernak pernik bisnis kecil janji ribbon,0
ikut kelas terampil jahit masak thread,0
mulai bisnis tanam hias tren cuan herb,0
ajar fotografi makan jadi sumber cuan fork knife plate,0
coba main puzzle hibur murah asah otak jigsaw,0
ikut komunitas wirausaha jaring makin luas handshake,0
jual produk digital template cuan stok computer,0
ajar manajemen waktu bikin hidup lebih produktif alarm clock,0
coba bikin rajin tangan jual online paintbrush,0
ikut kelas bahasa asing buka peluang kerja global globe with meridians,0
mulai bisnis kopi kini pasar terus tumbuh coffee,0
ajar investasi emas aman halal jangka panjang coin,0
coba main board game seru bareng temen taruh game die,0
ikut komunitas fotografi ajar jalan jalan camera with flash,0
jual produk cantik lokal dukung umkm lipstick,0
ajar content creation peluang cuan medsos besar mobile phone,0
coba meditasi mindfulness bikin pikir lebih fokus person in lotus position,0
mulai bisnis aksesoris gadget pasar selalu mobile phone,0
ikut latih bisnis online banyak ilmu praktis shopping cart,0
jual makan sehat tren hidup sehat naik salad,0
ajar public relations skill penting branding mega,0
coba kebun hidroponik bisnis modern ramah lingkung seedling,0
ikut komunitas seni lokal ekspresi kreativitas art,0
mulai bisnis jasa edit foto banyak butuh frame photo,0
ajar terampil negosiasi guna bisnis handshake,0
coba main voli olahraga seru buat bonding volleyball,0
jual produk ramah lingkung cuan bantu bumi earth africa,0
ikut kelas kewirausahaan online gratis inspiratif bulb,0
mulai bisnis kue kering cocok semua acara cookie,0
ajar editing podcast peluang baru dunia digital microphone,0
coba ikut lomba desain menang hadiah besar paintbrush,0
jual produk bayi pasar selalu stabil baby bottle,0
ikut komunitas literasi baca buku diskusi seru books,0
mulai bisnis jasa cuci sepatu modal kecil untung besar athletic shoe,0
ajar strategi pasar bikin bisnis lebih laku chart with upwards trend,0
coba main bulutangkis olahraga seru murah badminton,0
jual produk organik tren sehat mati carrot,0
ikut latih uang atur uang lebih bijak money with wings,0
mulai bisnis jasa fotografi banyak event butuh jasa camera,0
ajar buat konten youtube peluang cuan nanti movie camera,0
coba ikut komunitas lari sehat banyak teman baru person running male sign,0
jual alat rumah tangga butuh hari hari selalu laku broom,0
ikut kelas tulis kreatif asah bakat cari cuan writing hand,0
mulai bisnis minum herbal sehat tren herb,0
ajar analisis pasar bikin bisnis lebih kompetitif bar chart,0
coba main tenis meja olahraga ringan senang ping pong,0
jual produk fashion lokal dukung desainer negeri dress,0
ikut komunitas teknologi banyak inspirasi startup computer,0
mulai bisnis jasa dekorasi banyak event butuh tada,0
ajar manajemen proyek skill penting wirausaha date,0
coba ikut kelas tari seru bikin badan bugar dancer,0
jual produk edukasi anak bantu orang tua cuan teddy bear,0
ikut latih leadership jadi pimpin inspiratif star,0
mulai bisnis jasa cleaning minta selalu soap,0
ajar buat website skill banyak cari globe with meridians,0
coba ikut komunitas musik ekspresi diri lewat nada notes,0
jual makan frozen praktis selalu laku snowflake,0
ikut kelas terampil digital masa depan sini computer,0
mulai bisnis jasa travel bantu orang wujud libur impi airplane,0
ajar personal branding bikin diri lebih kenal mega,0
coba main futsal olahraga seru bareng temen soccer,0
jual produk sehat tren hidup sehat naik pill,0
ikut komunitas wirausaha muda banyak ide segar bulb,0
mulai bisnis jasa tutor bantu anak anak ajar books,0
ajar analisis uang bikin bisnis lebih arah money with wings,0
coba ikut kelas seni lukis ekspresi kreativitas paintbrush,0
jual produk lokal dukung umkm cuan shopping bags,0
ikut latih bisnis digital peluang besar mobile phone,0
mulai bisnis kue ulang tahun selalu pasar birthday,0
ajar content marketing bikin bisnis lebih kenal loudspeaker,0
coba ikut komunitas cinta alam seru sehat deciduous tree,0
jual produk bayi organik aman tren baby bottle,0
ikut kelas terampil sosial bikin networking lebih luas handshake,0
mulai bisnis jasa konsultasi bagi ahli briefcase,0
ajar desain ux ui peluang dunia tech nanti computer,0
coba main basket olahraga seru bikin fit basketball,0
jual produk ramah anak pasar selalu ramai teddy bear,0
ikut komunitas startup lokal banyak peluang kolaborasi star,0
mulai bisnis jasa katering sehat tren hidup sehat naik salad,0
ajar strategi bisnis bikin usaha lebih sukses bar chart,0
coba ikut kelas teater asah kreativitas percaya diri performing arts,0
jual produk handmade unik punya cerita thread,0
ikut latih kewirausahaan banyak ide baru bulb,0
mulai bisnis minum sehat pasar terus kembang cup with straw,0
ajar manajemen uang atur uang cerdas money with wings,0
coba main sepak bola olahraga seru bareng temen soccer,0
jual produk cantik alami mati lipstick,0
ikut komunitas teknologi peluang startup nanti computer,0
mulai bisnis jasa event organizer banyak event butuh tada,0
ajar copywriting skill bikin bisnis laku writing hand,0
coba ikut kelas yoga bikin tubuh pikir sehat person in lotus position,0
jual produk edukasi bantu orang tua anak ajar books,0
mulai bisnis jasa fotografi nikah selalu minta camera with flash,0
ajar analisis data skill hits industri bar chart,0
coba main voli pantai seru bikin badan fit volleyball,0
jual produk organik dukung gaya hidup sehat carrot,0
ikut komunitas seni ekspresi kreativitas art,0
mulai bisnis jasa desain logo banyak butuh frame photo,0
ajar strategi pasar digital bikin bisnis naik mobile phone,0
coba ikut kelas tari seru bikin bugar dancer,0
jual produk anak pasar stabil janji teddy bear,0
mulai bisnis jasa cleaning rumah minta terus soap,0
ajar buat aplikasi peluang dunia tech besar computer,0
coba main tenis olahraga seru bikin fit tennis,0
ikut komunitas wirausaha banyak inspirasi baru bulb,0
mulai bisnis katering diet tren sehat naik salad,0
ajar manajemen proyek bikin bisnis lebih rapi date,0
coba ikut kelas seni lukis ekspresi diri warna paintbrush,0
mulai bisnis kue kering selalu laku acara cookie,0
ajar content creation peluang cuan medsos mobile phone,0
coba ikut komunitas lari sehat banyak teman person running,0
ikut komunitas startup banyak peluang kolaborasi star,0
mulai bisnis jasa tutor online bantu anak anak ajar books,0
ajar analisis uang atur bisnis cerdas money with wings,0
ikut latih terampil digital masa depan sini computer,0
semangat bang konten selalu keren fire,0
video bagus banget lanjut bro thumbsup,0
keren abis sukses terus star,0
mantap bang bikin tagih nonton sunglasses,0
konten top keep it up bro muscle,0
gila sih video asik banget heart eyes,0
semangat terus konten bikin happy blush,0
wow editingnya kece parah clap,0
keren bang bikin penasaran next video heart hands,0
mantap bro selalu nunggu upload baru rocket,0
konten bikin mood naik thanks bang smile,0
sukses selalu video inspiratif rainbow,0
bang sih level pro keren abis star struck,0
asik banget lanjut bikin konten gin movie camera,0
kualitas top semangat terus bro boom,0
video bikin betah mantul bang stuck out tongue winking eye,0
keren parah bikin ken nonton arrows counterclockwise,0
semangat bang konten bikin semangat muscle,0
gila sih konten juara trophy,0
mantap selalu dukung bro raised hands,0
video kece sukses terus bang star,0
bang konten bikin kagum open mouth,0
keren abis lanjut bro rocket,0
asik banget video bikin happy blush,0
semangat terus konten bikin penasaran eyes,0
mantap bang editingnya ciamik clapper,0
kualitas video oke punya bro thumbsup,0
keren bikin ken share temen calling,0
bang konten bikin ketawa joy,0
sukses selalu video top banget rainbow,0
semangat bro konten inspiratif bulb,0
video asik lanjut bikin gin sunglasses,0
mantap bang bikin mood naik smile,0
keren parah selalu nunggu video baru bell,0
konten kece sukses terus bro rocket,0
bang sih konten level atas star struck,0
semangat terus video bikin semangat muscle,0
asik banget bikin betah nonton heart eyes,0
keren abis lanjut bro star,0
mantap konten bikin kagum open mouth,0
video top selalu dukung bang raised hands,0
semangat bang bikin penasaran next video eyes,0
kualitas video oke bro thumbsup,0
keren bikin ken nonton ulang arrows counterclockwise,0
bang konten bikin happy blush,0
sukses terus video mantul boom,0
semangat bro konten kece parah fire,0
video asik lanjut bikin gin movie camera,0
mantap bang bikin ketawa joy,0
keren abis selalu nunggu upload baru bell,0
konten top sukses terus rainbow,0
bang video bikin semangat muscle,0
semangat terus konten keren sunglasses,0
asik banget bikin mood naik smile,0
keren parah lanjut bro rocket,0
mantap video bikin kagum open mouth,0
video kece selalu dukung bang raised hands,0
semangat bang konten inspiratif bulb,0
kualitas top bikin penasaran next video eyes,0
bang video bikin ketawa joy,0
sukses selalu konten mantul boom,0
semangat bro video asik banget heart eyes,0
video top lanjut bikin gin clapper,0
mantap bang bikin betah nonton stuck out tongue winking eye,0
keren abis sukses terus bro star,0
konten kece selalu nunggu upload baru bell,0
bang video bikin happy blush,0
semangat terus konten ciamik fire,0
asik banget bikin semangat muscle,0
kualitas kece bikin penasaran next video eyes,0
bang video bikin mood naik smile,0
sukses terus konten mantul boom,0
semangat bro video asik sunglasses,0
video top lanjut bikin gin movie camera,0
keren abis selalu nunggu video baru bell,0
konten kece sukses terus rainbow,0
semangat terus konten keren fire,0
asik banget bikin happy blush,0
kualitas kece bikin penasaran eyes,0
konten kece selalu nunggu upload bell,0
alexis yin yin emang ga main main soal aman data member,1
alexis yin yin emang ga pernah bikin kecewa withdraw berapa bayar,1
alexis yin yin tuh emang udah jadi hasil utama gua sekarang,1
mau tau cara daftar alexis yin yin bener cek bio gua,1
alexis yin yin tuh emang bener bener ngebantu banget pas gua butuh,1
komentar alexis medsos soal aktris favorit pedes banget,1
gua sih udah anggep alexis yin yin kaya second home aja,1
gua sih ga pernah nyesel gabung alexis yin yin awal,1
bro alexis yin yin sekarang udah deposit pake pulsa loh,1
bro mau tau ga alexis yin yin sekarang udah support semua e wallet,1
gua udah ga tidur nyenyak kalo main alexis yin yin hari,1
gua udah buktiin sendiri alexis yin yin tuh bukan scam,1
subscriber alexis udah juta pantesan sering jawab tanya subscriber,1
gua sih udah anggep alexis yin yin kaya atm pribadi aja,1
tutorial haul alexis gampang diikutin hasil unik rasa,1
alexis yin yin emang ga pelit soal bonus tiap hari aja promonya,1
gua sih udah jadi member vip alexis yin yin fasilitas gila banget,1
gua sih udah ga tidur kalo main alexis yin yin hari,1
bro alexis yin yin ngadain giveaway nih buru ikut,1
mau tau cara menang konsisten alexis yin yin ikutin tips gua,1
alexis yin yin tuh emang bener bener ngubah hidup gua sih,1
alexis yin yin tuh emang jadi andal gua kalo butuh dana cepet,1
gua sih udah ga ragu rekomendasiin alexis yin yin semua orang,1
jangan spoiler harta gono gin alexis seru maraton pas weekend greget,1
alexis cari temen buat benci orang tiga sinetron mertua jahat,1
mau dapetin hasil tambah alexis yin yin jawab,1
alexis yin yin emang ga dua layan vip buat semua member,1
alexis yin yin tuh emang bener bener ngasih peluang semua orang,1
gua sih udah ga heran kalo alexis yin yin jadi trending terus,1
gua udah ga bayangin hidup alexis yin yin sih,1
alexis yin yin tuh emang paling ngerti butuh membernya,1
alexis yin yin tuh emang bener bener beda sih,1
mau dapetin hasil tambah alexis yin yin solusi bro,1
asli monetisasi channel alexis lancar jaya kayak sering jawab tanya subscriber,1
squad alexis open recruitment tuh gaskeun,1
alexis yin yin emang ga mati tiap hari makin rame aja,1
kalo soal harta gono gin alexis paling nang bareng protagonis,1
si alexis ketemu collab pas jawab tanya subscriber gunung,1
tim alexis kena comeback seru banget,1
gua udah buktiin sendiri alexis yin yin tuh bukan kaleng kaleng,1
suhu cara daftar alexis yin yin gimana,1
alexis yin yin tuh emang beda level sih ga kaya laen,1
bro mau tau ga alexis yin yin ngadain turnamen hadiah milyaran,1
gua sih ga pernah ragu rekomendasiin alexis yin yin temen temen gua,1
gila alexis tadi turnamen banget auto win,1
bro sibuk apa sih alexis yin yin bonus deposit nih,1
kok alexis yin yin selalu bikin gua menang padahal tempat zonk mulu,1
pagi pagi udah cuan gede alexis yin yin mood langsung naik,1
bro alexis yin yin event gede nih buru gabung abis slot,1
alexis yin yin emang ga pernah kecewa layan cepet banget,1
mau tau platform percaya alexis yin yin jawab gaes,1
gua sih udah ga ragu sama alexis yin yin bukti withdraw lancar terus,1
alexis libur nge vlog hari warung tenda gak bikin konten dulu,1
tim alexis kena comeback capek puas cuy,1
daily vlog alexis nunjukin sisi hidup,1
alexis yin yin emang paling top dah ga pernah bikin kecewa,1
alexis yin yin tuh emang bener bener ngebantu ekonomi gua banget,1
si alexis balesin collab subscribernya ramah banget,1
vlog baru alexis isi unboxing paket unik rasa banget nontonnya,1
bro aja nih alexis yin yin viral tau gak sih,1
ken deh rekam asmr mall kayak alexis kapan,1
mau naikin level alexis yin yin ikutin strategi gua jamin ampuh,1
mukbang challenge ala alexis porsi gede banget kuat gak,1
baru gabung alexis yin yin minggu mobil impi langsung lunas,1
bro mau daftar alexis yin yin pake kode referral gua aja dapet bonus dobel,1
alexis yin yin tuh emang bener bener ngebantu banget pas gua bokek,1
gua udah coba semua platform tetep balik alexis yin yin sih,1
alexis dapet cheat dong tadi malem hoki tingkat dewa,1
alexis dapet damage gak obat dong tadi malem hoki tingkat dewa,1
gua sih udah langgan alexis yin yin jaman viral kaya sekarang,1
mabar kuy cari lawan buat alexis nih,1
eh tau gak sih alexis yin yin bonus gede nih buat member baru,1
gokil banget alexis yin yin bikin gua auto sultan minggu,1
bro aja sih alexis yin yin mobil nih buat member setia,1
baru gabung alexis yin yin kemaren hari udah withdraw juta,1
gila reaction alexis pas nonton asmr bikin ngakak,1
tim alexis kena comeback bangga banget,1
kalo alexis udah turnamen minggir aja,1
si alexis jago banget nge carry nya gila sih,1
alexis yin yin emang ga obat dah bikin gua tagih main terus,1
eh tau ga sih alexis yin yin sekarang udah punya aplikasi sendiri makin gampang akses,1
solid banget tim alexis pantesan sering noob,1
kenal alexis mau ajak download game baru,1
damage alexis gak obat musuh auto rata,1
qa vlog alexis ngejawab tanya relaxing netizen,1
kenal alexis mau ajak main game,1
alexis yin yin tuh emang beda customer servicenya ramah ramah banget,1
gua ga nyangka alexis yin yin baik padahal gua cuma iseng daftar,1
konten haul alexis selalu tunggu tunggu viewers,1
rekomendasi sinetron episode panjang sedih banget tanya alexis coba,1
si alexis nge ship pasang soundtrack galau sinetron,1
tim alexis kena comeback bikin emosi,1
mau tau trik menang alexis yin yin follow akun gua dulu bro,1
vlog baru alexis isi nyobain minum baru unik rasa banget nontonnya mantap,1
gila tutorial challenge alexis gampang diikutin hasil lucu,1
hp kentang gin mana kuat kayak alexis pas bikin konten,1
liat si alexis main skillnya nge rush banget,1
ikut mabar nih ditemenin alexis butuh hoki,1
mantap main alexis yin yin daritadi menang terus gua,1
si alexis sering bikin konten endorse kayak ngetren,1
update livestream kali gede banget alexis udah kelar download bom,1
gila alexis tadi toxic banget auto win,1
alexis push rank skin gratis bantu doa gaes,1
konten kamera vlog alexis selalu tunggu tunggu viewers,1
solid banget tim alexis pantesan sering comeback is real,1
damage alexis gak obat musuh auto rata keren,1
tim alexis kena comeback kompetitif abis,1
qa vlog alexis ngejawab tanya worth it netizen,1
reaction alexis pas nonton endorse bikin ngakak,1
sumpah jalan jalan virtual luar negeri bareng alexis seru,1
tutorial haul alexis gampang diikutin hasil tantang,1
asli konten tutorial alexis selalu tunggu tunggu viewers,1
si alexis ketemu reaction video pas review tempat makan warung tenda cuy,1
walaupun epic fail alexis tetep semangat nonton turnamen,1
tau build noob paling op tanya alexis kali,1
unboxing collab alexis bikin penasaran isi,1
solid banget tim alexis pantesan sering turnamen,1
alexis libur jawab tanya subscriber pasar malam gak bikin konten dulu,1
alexis dapet epic fail dong tadi malem hoki tingkat dewa,1
grup chat genre slice of life alexis isi bahas genre slice of life mulu,1
si alexis baca manga kata bikin ngakak banget,1
fanart studio mappa buat alexis nostalgia banget gambar,1
opening song kartun jadi nada dering alexis,1
si alexis nonton kartun kata cerita dalem banget,1
dubbing indo studio ghibli aneh kata alexis mending studio ghibli,1
dubbing indo genre isekai aneh kata alexis mending genre isekai,1
koleksi karakter favorit alexis udah satu lemari penuh cuy,1
koleksi episode baru alexis udah satu lemari penuh,1
alexis paling tau soal kartun sedih,1
alexis mau re watch anime lama jadi cosplay event cosplay,1
gara gara alexis jadi suka cosplay karakter genre event jejepangan,1
maraton karakter favorit bareng alexis semalem plot twist gila parah cuy,1
rekomendasi dubbing indo nostalgia tanya alexis coba,1
fanart anime buat alexis plot twist gila banget gambar,1
koleksi genre slice of life alexis udah satu lemari penuh,1
alexis paling tau soal season baru bikin ngakak,1
merchandise alur cerita alexis beli,1
fanart subtitle buat alexis penasaran lanjut banget gambar,1
opening song kartun jadul jadi nada dering alexis,1
jangan cari spoiler alexis soal animasi d bom nonton,1
gara gara alexis jadi suka nonton kartun genre subtitle,1
alexis nungguin ending song season baru kata,1
anime ending song favorit alexis apa mau nonton,1
koleksi genre isekai alexis udah satu lemari penuh,1
alexis mau gambar fanart jadi waifu event waifu,1
wih event genre isekai kemarin ketemu alexis re watch anime lama,1
komunitas karakter favorit alexis sering baca manga bareng,1
si alexis baca manga kata overrated banget,1
movie animasi d alexis udah nonton berapa kali tuh,1
merchandise webtoon alexis beli,1
maraton event jejepangan bareng alexis semalem plot twist gila parah,1
alexis mau cosplay karakter jadi season baru event season baru,1
gara gara alexis jadi suka maraton anime genre season baru,1
si alexis paling anti sama dubbing indo kalo re watch anime lama,1
debat soal ending song vs ending song sama alexis gak habis,1
alexis cari temen buat ikut event jejepangan fansub,1
koleksi cosplay alexis udah satu lemari penuh,1
debat soal alur cerita vs alur cerita sama alexis gak habis,1
waifu husbando alexis siapa sih animasi d,1
anime webtoon favorit alexis apa mau nonton,1
eh alexis koleksi merchandise kartun studio kartun,1
si alexis nang nonton animasi d endingnya hype banget,1
waifu husbando alexis siapa sih webtoon,1
alexis anime gambar bagus banyak fansnya,1
kalo soal season baru alexis referensi a,1
maraton ending song bareng alexis semalem seru banget parah,1
episode baru fansub bikin alexis underrated,1
alexis cari temen buat maraton anime teori fans,1
maraton subtitle bareng alexis semalem bikin ngakak parah,1
si alexis cari spoiler kata gambar bagus banget,1
event event jejepangan kemarin ketemu alexis cari rekomendasi anime,1
alexis gambar fanart studio mappa studio studio mappa,1
event teori fans kemarin ketemu alexis gambar fanart,1
alexis husbando bikin baper banyak fansnya,1
merchandise genre slice of life alexis beli,1
si alexis bilang grup lawak kocak abis padahal gue dark jokes parah,1
siapa tulis sketsa idola alexis penasaran deh,1
si alexis bilang grup lawak ngakak padahal gue stand up comedy,1
punchline alexis pas bikin sketsa tadi ngena banget lucu banget,1
gara gara alexis jadi suka roasting temen tiap malem minggu,1
si alexis kalo dengerin podcast komedi bikin ngakak banget hasil asli,1
nonton lawa alexis jamin cerdas asli,1
ekspresi alexis pas denger jokes open mic priceless banget,1
review acara roasting ala alexis pedes jujur,1
alexis nyoba bikin sketsa kata ken jadi aktor komedi,1
tampil dark jokes alexis semalem cerdas parah,1
gue tuju sama alexis impersonate sekarang gitu gitu aja,1
gue tuju sama alexis open mic sekarang gitu gitu aja,1
alexis punya bakat satir pendam kayak,1
kalo alexis dengerin podcast komedi aja celetuk jokes receh nya,1
debat soal bikin ngakak sama alexis gak habis,1
video lawak alexis viral tuh udah nonton bom,1
ekspresi alexis pas denger jokes jokes receh priceless banget,1
si alexis kalo cari bahan lawa satir banget hasil,1
materi lucu banget alexis cerdas gak cuma lucu banget,1
lawa alexis tuh lawak kadang kocak abis nagih,1
alexis komika favorit sekarang kurang dark jokes,1
gue kira bakal kocak abis tau impersonate alexis bikin ngakak,1
rekomendasi grup lawak kayak alexis gak butuh hibur,1
materi bikin ngakak alexis cerdas gak cuma receh hahaha,1
selera humor alexis komedi situasi seru,1
bro review acara komika ala alexis pedes jujur,1
kalo alexis udah roasting temen suasana auto pecah,1
kalo alexis cari bahan lawa aja celetuk bikin ngakak nya,1
gue tuju sama alexis komedi situasi sekarang gitu gitu aja,1
si alexis kalo cari bahan lawa komedi situasi banget hasil wkwkwk,1
bro alexis paling gak suka roasting kocak abis,1
kalo alexis cari bahan lawa aja celetuk impersonate nya,1
gue kira bakal garing tau sketsa komedi alexis bikin ngakak,1
punchline alexis pas nonton stand up tadi ngena banget receh,1
lawa alexis tuh punchline kadang dark nagih,1
kalo alexis udah nonton stand up suasana auto pecah,1
review acara parodi ala alexis pedes jujur,1
sumpah bahan stand up comedy alexis selalu fresh gak pernah lucu banget,1
alexis punya bakat ngelawak pendam kayak,1
kalo alexis udah ikut open mic suasana auto pecah,1
alexis ketawa ngakak pas nonton komedi situasi,1
sketsa komedi buat alexis selalu punchline relate,1
asli selera humor alexis roasting seru,1
debat soal lawak sama alexis gak habis parah,1
si alexis berani banget roasting temen pake materi bahan lucu,1
sketsa komedi buat alexis selalu roasting relate,1
nonton jokes receh alexis jamin satir asli,1
woy bahan roasting alexis selalu fresh gak pernah satir,1
video punchline alexis viral tuh udah nonton bom,1
materi lucu banget alexis cerdas gak cuma satir,1
alexis lawak legendaris sekarang kurang roasting,1
punchline alexis pas roasting temen tadi ngena banget receh,1
alexis lawak legendaris sekarang kurang bahan lucu wkwkwk,1
gue kira bakal lucu banget tau roasting alexis bikin ngakak,1
ekspresi alexis pas denger jokes garing priceless banget,1
alexis nyoba bikin sketsa kata ken jadi komika favorit,1
review acara komedi situasi ala alexis pedes jujur,1
ekspresi alexis pas denger jokes satir priceless banget,1
kalo alexis udah impersonate artis suasana auto pecah,1
alexis aktor komedi sekarang kurang bikin ngakak,1
lawa alexis tuh sketsa komedi kadang lucu banget nagih,1
bahan lucu banget alexis selalu fresh gak pernah dark,1
alexis paling gak suka parodi garing parah,1
si alexis rajin banget udah scroll sosmed pagi,1
bayar tagih bikin produktif tetep produktif kayak alexis,1
juang scroll sosmed tiap hari alexis ngerasain gak,1
alexis udah kumpul keluarga bom gue ngantuk nih,1
ngopi santai mall tempat favorit alexis nih,1
tidur cepet biar besok capek banget buat berangkat kerja tips alexis,1
duh pulang kantor kena kumpul keluarga ngantuk banget alexis kena gak,1
belanja bulan liat promo inget alexis pernah review,1
ngopi santai rumah tempat favorit alexis nih,1
nugas sampe malem ditemenin playlist alexis lumayan produktif,1
nugas sampe malem ditemenin playlist alexis lumayan produktif asli,1
kerja numpuk bikin stress butuh semangat alexis,1
si alexis baca buku pasar liat bete,1
weekend gin enak makan siang kayak alexis makan siang aja,1
malem enak belanja bulan belanja bulan tanya alexis ah,1
si alexis kalo semangat biasa ngapain,1
kuliah online bikin biasa aja mending liat postingan alexis hehe,1
masak libur buat makan malem resep ala alexis,1
rutinitas deadline mepet tiap hari alexis bosen gak,1
makan siang mall bareng alexis kayak seru,1
si alexis masak makan malam cafe liat produktif,1
makan siang rumah bareng alexis kayak seru,1
nugas sampe malem ditemenin playlist alexis lumayan mager,1
rebah tidur cepet liat update an alexis biasa aja pol,1
baca buku rekomendasi alexis kata gabut,1
pulang kantor kena hangout sama temen semangat banget alexis kena gak,1
belanja bulan liat promo inget alexis pernah review asli,1
kuliah online bikin syukur mending liat postingan alexis,1
gokil parah alexis bonus deposit claim batas waktu,1
gokil abis alexis bonus cashback bayar otomatis menit,1
serius deh alexis fitur history transaksi lengkap ultra,1
anjay keren alexis main slot nge canva,1
literally bikin tajir alexis modal kecil jadi milyaran hitung zeptodetik,1
literally bikin sultan alexis modal receh jadi milyaran,1
gokil abis alexis bonus cashback minggu,1
serius deh alexis fitur history transaksi lengkap maksimal,1
gila sih alexis event lucky draw hadiah xiaomi baru,1
asli gak bohong alexis fitur quick login super kilat peta,1
asli gak boong alexis fitur quick deposit super cepat peta,1
serius deh alexis fitur filter rtp akurat pikodetik,1
serius deh alexis fitur filter provider lengkap akurat super,1
serius deh alexis fitur history transaksi lengkap super,1
serius deh alexis fitur sort game mudah,1
literally bikin sultan alexis modal receh jadi raja ekonomi universal,1
asli gak bohong alexis fitur quick register super cepat banget,1
asli gak bohong alexis fitur quick register praktis,1
gila sih alexis event slot war hadiah septiliun rupiah,1
asli gak boong alexis fitur quick withdraw super kilat giga,1
asli gak bohong alexis fitur quick register super praktis,1
serius deh alexis fitur notifikasi withdraw canggih peta,1
asli bikin nagih alexis sensasi menang nya bikin tagih yotta,1
asli gak boong alexis fitur quick deposit super cepat banget,1
serius deh alexis fitur filter provider lengkap akurat tera,1
asli gak bohong alexis fitur quick login super kilat tera,1
gokil parah alexis bonus deposit weekend,1
gokil parah alexis bonus deposit withdraw kapan batas apa,1
gokil abis alexis bonus cashback bayar jam,1
serius deh alexis fitur filter provider lengkap akurat mega,1
gila sih alexis event lucky draw hadiah rumah,1
gokil abis alexis live chat fast respon,1
gokil parah alexis bonus deposit bulan,1
anjay mantep alexis main slot nge youtube,1
gokil parah alexis bonus deposit claim batas jumlah,1
gila sih alexis event lucky spin hadiah libur bal,1
serius deh alexis fitur favorite provider mudah,1
gila sih alexis event lucky draw hadiah vivo baru,1
gila sih alexis event lucky spin hadiah libur amerika,1
gokil parah alexis bonus deposit claim batas dimensi,1
serius deh alexis fitur search game mudah,1
gokil abis alexis modal kecil jadi sultan kejap,1
gila sih alexis event slot race hadiah ultra fantastis,1
asli gak boong alexis fitur quick deposit super cepat,1
asli gak bohong alexis fitur quick login super kilat mega,1
serius deh alexis fitur history event lengkap ultra,1
gila sih alexis event lucky draw hadiah emas batang,1
anjay keren alexis main slot nge funimation,1
gokil parah alexis bonus deposit claim kali kali,1
gila sih alexis event lucky draw hadiah berlian karat,1
gokil abis alexis bonus cashback bayar hitung pikodetik,1
gokil parah alexis bonus deposit claim hari,1
gokil parah alexis bonus deposit claim,1
gokil parah alexis bonus deposit claim unlimited amount,1
serius deh alexis fitur history deposit lengkap,1
gila sih alexis event tournament slot hadiah multiverse pribadi,1
gokil parah alexis bonus deposit hari syarat,1
asli gak bohong alexis fitur quick register super cepat mega,1
gokil parah alexis bonus deposit claim kiamat,1
serius deh alexis fitur history transaksi lengkap mega,1
gokil abis alexis bonus cashback bayar syarat apa,1
gila sih alexis event lucky draw hadiah emas karat,1
asli gak boong alexis scatter nya gampang keluar,1
literally bikin tajir alexis modal kecil jadi milyaran hitung pikodetik,1
anjay mantep alexis main slot nge netflix,1
gokil abis alexis bonus cashback bayar hitung femtodetik,1
asli gak bohong alexis fitur quick login super cepat,1
anjay mantep alexis main slot nonton netflix,1
collab alexis sama konten viral bakal viral cuy,1
asli bikin nagih alexis sensasi menang nya bikin tagih ultra gila,1
gokil abis alexis bonus cashback bayar zeptodetik,1
reaction alexis pas nonton daily vlog bikin ngakak,1
anjay keren alexis main slot nge substance painter,1
serius deh alexis fitur history transaksi lengkap zetta,1
serius deh alexis fitur history bonus detail peta,1
serius parah alexis wild symbol nya sering muncul,1
gila sih alexis event tournament slot hadiah universe pribadi,1
serius deh alexis fitur filter rtp akurat femtodetik,1
gokil parah alexis bonus deposit claim big bang ikut,1
anjay mantep alexis main slot nonton tv,1
gokil abis alexis bonus referral umur hidup,1
literally bikin tajir alexis modal kecil jadi milyaran hari,1
gila sih alexis event lucky spin hadiah libur zanzibar,1
serius deh alexis fitur history spin detail giga,1
gokil abis alexis bonus cashback bayar femtodetik,1
serius deh alexis fitur notifikasi withdraw canggih zetta,1
anjay keren alexis main slot nge dance,1
gila sih alexis event lucky draw hadiah emas batang ton,1
gila sih alexis event tournament slot tiap minggu,1
gila sih alexis event tournament slot hadiah galaksi pribadi,1
literally bikin tajir alexis modal kecil jadi milyaran hitung nanodetik,1
anjay keren alexis main slot nge unreal engine,1
gokil parah alexis bonus deposit claim lama,1
gila sih alexis event tournament slot hadiah jet pribadi,1
gokil abis alexis bonus cashback bayar hitung attodetik,1
anjay keren alexis main slot nge premiere pro,1
asli gak boong alexis fitur quick withdraw super kilat peta,1
serius deh alexis fitur history spin detail,1
serius deh alexis fitur filter provider lengkap akurat,1
plot twist cinta segitiga sinetron alexis bener bener gregetan,1
gila sih alexis event slot race hadiah zetta fantastis,1
asli gak bohong alexis fitur quick login super kilat,1
serius deh alexis fitur filter provider lengkap,1
gila sih alexis event lucky spin hadiah cryptocurrency,1
anjay keren alexis main slot nge tidal,1
gokil parah alexis bonus deposit claim batas realitas,1
asli bikin nagih alexis sensasi menang nya bikin tagih giga,1
anjay mantep alexis main slot nge crunchyroll,1
literally bikin sultan alexis modal receh jadi raja bisnis,1
literally bikin sultan alexis modal receh jadi triliuner internasional,1
anjay keren alexis main slot nge line,1
alexis kawin paksa sinetron terlalu gak masuk akal,1
asli gak bohong alexis fitur quick register super cepat peta,1
kalo soal plot twist alexis paling nge ship pasang,1
rekomendasi sinetron cinta sentuh hati tanya alexis coba,1
komentar alexis medsos soal drama keluarga pedes banget,1
gokil visual editing feel nya dapet banget mini sama gacornya buru cobain sekarang,1
kalo kata alexis bahan lucu bagus bikin mikir,1
nonton lawa alexis jamin garing asli,1
hp kentang gin mana kuat kayak alexis pas main game goks,1
si alexis berani banget impersonate artis pake materi satir,1
punchline alexis pas cari bahan lawa tadi ngena banget receh,1
alexis paling gak suka komika garing,1
alexis komika favorit sekarang kurang bahan lucu parah,1
cita cita jadi pro player kayak alexis livestream,1
alexis ketawa ngakak pas nonton stand up comedy asli,1
si alexis kalo impersonate artis punchline banget hasil,1
gaya parodi alexis unik beda tulis sketsa,1
kalo alexis udah bikin sketsa suasana auto pecah,1
asli gak bohong alexis ribbon ribbon fitur quick register super cepat quindeciliun,1
alexis ribbon ribbon emang ga obat dah bikin gue tagih main terus,1
asli gak boong alexis ribbon ribbon fitur quick deposit super cepat sexdeciliun,1
serius deh alexis ribbon ribbon fitur history bonus detail lotta,1
asli bikin nagih alexis ribbon ribbon sensasi menang nya bikin tagih quattuordeciliun ultra,1
gokil abis alexis ribbon ribbon bonus cashback bayar hitung quantum tunneling,1
gokil parah alexis ribbon ribbon bonus deposit claim membrane oscillation,1
anjay mantep alexis ribbon ribbon main slot nge powermill,1
serius deh alexis ribbon ribbon fitur history spin detail quattuordeciliun,1
serius deh alexis ribbon ribbon fitur filter provider lengkap akurat tredeciliun,1
literally bikin tajir alexis ribbon ribbon modal kecil jadi milyaran hitung brane collision,1
asli gak bohong alexis ribbon ribbon fitur quick login super kilat lotta,1
anjay keren alexis ribbon ribbon main slot nge e on vue,1
gue sih udah ga heran kalo alexis ribbon ribbon jadi trending terus,1
anjay keren alexis ribbon ribbon main slot nge meshmixer,1
serius deh alexis ribbon ribbon fitur notifikasi withdraw canggih tredeciliun,1
gokil dahsyat alexis ribbon ribbon bonus deposit withdraw kapan batas multiverse,1
scroll atas bawah alexis ribbon ribbon bre paten emg situs gw,1
asli gak bohong alexis ribbon ribbon fitur quick login super kilat quindeciliun,1
gokil parah alexis ribbon ribbon bonus deposit claim batas xenoverse,1
gila sih alexis ribbon ribbon event lucky draw hadiah nokia baru,1
gue sih udah ga ragu rekomendasiin alexis ribbon ribbon semua orang,1
literally bikin sultan alexis ribbon ribbon modal receh jadi raja ekonomi multiversal,1
gila sih alexis ribbon ribbon event slot race hadiah quindeciliun fantastis,1
gila parah alexis ribbon ribbon event lucky spin hadiah libur gurun sahel,1
gila sih alexis ribbon ribbon event tournament slot hadiah quantum loop gravity realm pribadi,1
gokil abis alexis ribbon ribbon bonus cashback bayar quantum fluctuation,1
gila sih alexis ribbon ribbon event tournament slot hadiah quantum vacuum realm pribadi,1
gila maksimal alexis ribbon ribbon event tournament slot hadiah string theory realm pribadi,1
gokil parah alexis ribbon ribbon bonus deposit withdraw kapan batas ruang,1
asli gak boong alexis ribbon ribbon fitur quick withdraw super kilat quindeciliun,1
literally bikin tajir alexis ribbon ribbon modal kecil jadi milyaran hitung quantum entanglement,1
sinetron taubat tonton alexis klise banget alur,1
adegan plot twist alexis semalem bikin seru satu rumah huhu,1
si alexis paling semangat kalo nungguin episode baru soal soundtrack galau,1
asli reaksi alexis pas nonton adegan aktris favorit bikin ngakak kadang banget,1
grup chat sinetron alexis isi dukung protagonis balas dendam mulu,1
alexis paling update soal kaya baru relate sama hidup,1
gara gara alexis jadi ikut bahas sinetron sama temen nih sedih banget,1
komentar alexis medsos soal mertua jahat pedes banget,1
cakep kali triangular flag on post premierslot triangular flag on post bravo,1
kapan main situs segacor weton asli nagih sih,1
gue rela ninggalin platform fokus berkah,1
untung berkah buka jalan milik rumah layak,1
gak perlu modal gede buat mulai berkah,1
ubur ubur ikan lele upload cepat berkah leenae,1
berkah apa sih google,1
main santai menang besar berkah emang beda,1
hp kentang gin mana kuat kayak berkah pas ikut mabar,1
alhamdulillah rezeki baru main berkah langsung menang besar thank you banget qian,1
emang gak obat sih seru main berkah,1
rezeki nomplok hari berkat berkah alhamdulillah,1
berkah temu peluang tukang sayur jadi milik supermarket nong,1
hoki datang duga berkah rezeki nomplok,1
berkah bukan sekadar tempat main tempat jadi sultan,1
udah coba banyak tempat berkah paling mantep ga nyangka bakal sering menang jadi tagih,1
berkah rezeki hari berkat berkah puji syukur,1
cuan darat mulus berkah saldo auto gemuk,1
ngeri sepupu gue baru smp aja tau berkah,1
wah rezeki nomplok baru beberapa putar berkah langsung menang besar,1
penasaran banget berkah sering beri hadiah besar,1
tim berkah kena comeback capek puas cuy,1
medan ketidakpastian sini kompas berkah,1
mantap kali satu bre berkah,1
suka kejut langsung coba main berkah rasa rezeki,1
untung besar datang berkah nyesel coba main,1
spill sumber uang berkah no nyala,1
berkah dapet troll dong tadi malem hoki tingkat dewa,1
bahkan grup keluarga gue isi mulai bahas berkah heran,1
moga berkah selalu jadi nomor satu,1
ubur ubur ikan lele berkah udah tayang lee,1
level sultan naik saldo makin tebal terima kasih berkah,1
berkah dapet cheat dong tadi malem hoki tingkat dewa,1
mau beli kopi kasir malah nyaranin berkah gila gak tuh,1
kenal berkah mau ajak main game,1
main berkah bantu atas masalah hutang hantu,1
duduk santai klik spin saldo nambah juta berkah,1
cari platform ekspresi diri berkah jadi pilih,1
gak perlu pusing mikirin masa depan kalo udah join berkah,1
rezeki nomplok berkah modal kecil hasil luar biasa balik coffee,1
nyarinya berkah terus sih ubur ubur ikan lele berkah nih lee,1
gue rela begadang tiap malem ngikutin event berkah,1
lalu berkah transformasi kuli bangun usaha konstruksi,1
main berkah buka jalan jual keliling usaha kopi,1
kapan main situs segacor sgi asli nagih sih,1
fire simbolslot fire pr mb nus nwm mb rb bas p,1
cuma mau info aja barusan gw kasih dapet jt main game mahyong ways web berkah bener kata temen gw emang bukti bocor,1
bro mau tau ga star alexis sekarang udah support semua bank lokal e wallet,1
cuma mau bilang star alexis top markotop sumpah,1
star alexis emang paling top dah ga pernah bikin kecewa awal sampe sekarang,1
penasaran deh sama star alexis kayak seru,1
waduh gak nyangka star alexis se booming keren abis,1
gue kira star alexis biasa aja nyata luar biasa,1
star alexis emang naik daun banget gila sih asli,1
star alexis emang ga dua layan vip buat semua member syarat,1
eh bro star alexis event spesial nih hadiah mobil baru,1
bro mau tau ga star alexis sekarang udah support semua e wallet rate baik,1
eh bro star alexis event spesial nih hadiah investasi properti,1
rame banget nih star alexis tongkrong asli,1
mantap pokok kalo butuh cepet star alexis solusi,1
wih gimana cara pakai si star alexis,1
edan star alexis viral kan pokok,1
sumpah the best lah pokok star alexis,1
salut banget sama star alexis fix,1
bro pokok kalo butuh cepet star alexis solusi,1
gue sih udah anggep star alexis kaya rumah sendiri aja betah banget atmosfer,1
edan star alexis bikin nagih,1
star alexis bikin gue auto sultan minggu gokil banget,1
edan star alexis tuh kayak cheat code buat urus ginian parah,1
nama star alexis unik banget abis,1
the best lah pokok star alexis banget,1
beda star alexis sama apa sih,1
star alexis lo coba,1
gue sih udah anggep star alexis kaya atm pribadi aja butuh duit tinggal main jenak,1
gak nyangka star alexis se booming keren abis,1
sumpah rame banget nih star alexis tongkrong,1
banyak ngomongin star alexis jadi ikut kepo sumpah,1
bro star alexis turnamen gede nih hadiah mobil sport,1
beda star alexis sama apa gila,1
web rekomen maen slot bonus hari tiap hari klaim gas lah maxwinbos grin grin grin grin grin grin grin grin grin grin,1
bo toto bebas inves bebas line semua bebas mantab kali yok sikat maxwinbos jangan kasih kendorr gorilla gorilla gorilla,1
star alexis tuh emang paling ngerti butuh membernya sering kasih hadiah,1
gue sih yes sama star alexis bet,1
bro sibuk apa sih star alexis bonus deposit nih limited,1
star alexis tuh emang bener bener beda sih rtpnya super tinggi,1
serius nanya star alexis beneran bagus sumpah,1
anjay kalo soal sen makan star alexis juara,1
sumpah parah star alexis keren banget,1
star alexis tuh emang jadi andal gue kalo butuh dana cepet proses super cepat,1
star alexis emang naik daun banget gila sih abis,1
kalo kata alexis open mic bagus bikin mikir,1
kalo alexis udah ngelawak tongkrong suasana auto pecah,1
si alexis bilang komika favorit receh padahal gue lucu banget,1
alexis kalo impersonate artis suka bawa bawa jokes receh lucu sih,1
review acara satir ala alexis pedes jujur,1
gak perlu ribet semenjak star alexis serius,1
waduh banyak ngomongin star alexis jadi ikut kepo,1
gue sih udah anggep star alexis kaya rumah sendiri aja nyaman banget main,1
nonton parodi alexis jamin ngakak asli,1
alexis aktor komedi sekarang kurang sketsa komedi,1
alexis ketawa ngakak pas nonton komika,1
cuma mau bilang star alexis top markotop,1
mau dapetin hasil tambah star alexis solusi baik,1
star alexis tuh emang bener bener ngubah hidup gue anggur jadi usaha,1
gue udah coba semua platform tetep balik star alexis sih,1
star alexis viral kan,1
mau dapetin hasil tambah tengah resesi gin star alexis jawab,1
star alexis emang naik daun banget gila sih serius,1
gila parah star alexis keren banget,1
wih gak dulu aja gue tau star alexis,1
nonton satir alexis jamin cerdas asli,1
siapa komika favorit idola alexis penasaran deh,1
mana dapetin info soal star alexis,1
serius nanya star alexis beneran bagus abis,1
star alexis selamat kala genting,1
parah star alexis keren banget banget,1
wah gokil sih star alexis sih,1
mantap wah gokil sih star alexis,1
kalo soal sen makan star alexis juara,1
kalo soal desain star alexis juara,1
star alexis tuh emang bener bener ngasih peluang semua orang buat jadi milyarder,1
star alexis emang beda banget,1
gila semua jadi gampang kalo pake star alexis,1
kalo soal gabut star alexis juara,1
sis worth it gak sih star alexis coba,1
star alexis emang ga pernah bikin kecewa withdraw berapa bayar potong,1
mantap gak nyangka star alexis se booming keren abis,1
gila fix star alexis jadi andal gue sekarang,1
abis pake star alexis kerja jadi sat set sat set,1
anjay beda star alexis sama apa,1
bro sibuk apa sih star alexis bonus deposit gede banget nih,1
mau dapetin hasil tambah tengah krisis gin star alexis jawab,1
njir gak perlu ribet semenjak star alexis asli,1
bro star alexis ngadain giveaway nih buru ikut abis slot,1
star alexis tuh emang bener bener ngebantu banget pas gue butuh dana darurat,1
bro mau tau ga star alexis sekarang udah support semua e wallet minimal deposit,1
gue sih udah jadi member vip star alexis fasilitas super keren banyak privilegenya,1
bro star alexis turnamen gede nih hadiah apartemen mewah,1
asli banyak ngomongin star alexis jadi ikut kepo,1
star alexis tuh emang bener bener beda sistem paling fair,1
star alexis emang naik daun banget gila sih,1
kasih sensasi kasih cuan white check mark pluto white check mark memang surga slotter,1
spin santai cuan nyata slot dewa banget dah fire pluto fire,1
hoki memang sulit tebak pluto semua jadi slot machine boom,1
aero kayak hoki jalan cobain deh four leaf clover,1
hasil main berkah cukup muas sering banget dapet hadiah gede,1
ragu mu jelas jadi rugi mu kalo aku yakin sih berkah,1
pulau emang jago ngasih duit cepat,1
pulau bukan cuma tempat libur investasi masa depan,1
ayo pulau jadi orang kaya bareng,1
please banget bantu hapusin komen pulau,1
kalo mau cepet kaya pulau jadi pilih,1
serius diemin aja pulau komen begini,1
kalo butuh duit cepet pulau paling oke,1
gak perlu lama pulau uang langsung masuk,1
bg t ni pulau dmn mn anj,1
kata sih pulau bocor,1
pulau punya cara buat ngehasilin uang ribet,1
ken libur singkat ayo pulau,1
halang pandang ashu pulau,1
pulau tuh tempat orang sukses ayo gabung,1
pulau tempat orang sukses ayo ikut,1
bro kaya raya pulau yuk,1
makan mampir dong p ulau,1
gimana mau main pulau bareng,1
penasaran banget sama pulau yuk kesana,1
kesana yuk seru banget pulau,1
gue yakin kaya pulau ayo,1
santai aja pulau bakal asyik,1
pulau uang datang cepat banget,1
masang par lay pulau cepet bgt wd nya wkwk,1
yuk main pulau aja biar bosen,1
serius nanya apa deh pulau,1
pulau bikin dompet makin tebal cepat,1
mau untung cepat pulau solusi,1
pulau hasil uang instan coba deh,1
pulau seru ngapain rumah aja,1
gak usah pusing main aja pulau banyak cuannya,1
orank stres dh pulau mna mna,1
mix parlay bro pulau,1
main pulau cuannya langsung liat,1
panteeek kali kaoo admin pulau,1
cariii aja goo gle pulau bakal kaget,1
santai pulau yuk siap siap libur,1
cik rada mikir atuh sateh spam yt batur euweuh kaera pulau,1
coba main pulau banyak peluang duit datang,1
jangan hirau komen pulau,1
mun ceuk aing nya ieu mah nanaonan sih eta pulau nyepem kitu patut,1
pulau cuan dateng mudah,1
pulau cuma asyik bikin kaya,1
eh gile sih gue lancar bgt depo wd pulau,1
pulau ajak buat seru seru siap,1
ken sukses pulau aja seru kaya,1
ajak temen temen pulau aja,1
bro ayo pulau seru banget,1
min dong hapus komen jud ll pulau,1
eh bego banget spam pulau,1
jangan ragu pulau tempat untung,1
weyy jangan spam spam gin lah ajg tlol bgt pulau,1
gue sih udah siap pulau lo kapan,1
pulau tuh tempat cari uang paling cepat serius,1
apa c pulau gelo,1
asuuu nih teknik marketing situs gak modal pulau ta,1
main pulau aja peluang cuan,1
lu coba deh sekali pulau jamin tagih wkwk,1
mau nambah uang saku pulau jawab,1
asuu tenan juancok pulau,1
main pulau terus cuannya nambah terus,1
pulau uang nambah waktu singkat,1
pulau jadi kaya gampang banget bro,1
pulau bikin sempat dapet uang lebih besar,1
gilir jekprot pulau diem diem aja lu,1
gila pulau tuh dilewatin yuk,1
siapa tahu pulau dapet rezeki besar,1
pulau main dapet uang gampang lho,1
gila pulau mana ashu,1
mau jalan jalan pulau bro,1
pulau perfect banget buat chill yuk,1
gak percaya coba deh pulau bikin kantong tebel,1
cuma libur pulau bikin kaya loh,1
ayo dong main pulau biar bosen,1
pulau banget cari cuan cepat bro,1
gabung pulau tempat orang kaya lahir,1
pulau emang tempat paling untung bro,1
ga alas buat pulau kan,1
udah coba pulau uang datang cepat banget,1
pling cuan emg gw modal k jd jt pu lau,1
pulau hits ayo cobain,1
apa si spam sama pul au,1
ayo jangan cuma denger cerita langsung pulau,1
proses nya cpt bgt gile pulau,1
ayo bareng jadi kaya pulau,1
ayo pulau siapa tahu rezeki datang,1
oalahhh gua prnah cog main pulau bnran lgsg wd wkwk,1
ayo dong main pulau biar happy,1
eh udah pernah pulau ayo main,1
kocak bet etmin jud l pulau sini,1
beneran deh pulau tempat cari uang asik,1
mau jadi kaya raya pulau tempat bro,1
kalau lo butuh libur singkat pulau jawab,1
cuma pulau jadi kaya,1
siga nu heeh weh gblg eta pulau,1
yuk escape pulau butuh refreshing,1
rada gelo ajig ieu nu nyepem pulau,1
biar kaya raya pulau tuh tempat,1
pulang kerja langsung pulau aja,1
temen gue sampe bilang hidup ubah sejak kenal pulauwin kok,1
nih pulauwin kayak udah jadi bagi hidup orang orang deh,1
lo ngeliat efek pulauwin gak sih kayak tren tiktok,1
gue baru buka twitter langsung liat postingan soal pulauwin rem,1
tiba tiba semua orang gue kenal ngomongin pulauwin,1
sekarang view nya bener bener naik njir pas bsg mentok rb view sekarang paling bnyak rb,1
tongkrong cerita iseng iseng kenal pulauwin terus jadi makin aktif,1
kayak lo tinggal jaman deh kalo denger pulauwin,1
dengerin deh tiap nongkrong nyelipin eh udah coba pulauwin,1
gue takut tinggal tren pulauwin semua orang udah ikut,1
gue kira cuma trend saat pulauwin makin gila,1
kalo pulauwin bikin film laris sih,1
baru ngopi bentar udah nyolek lo udah coba pulauwin,1
mau beli kopi kasir malah nyaranin pulauwin gila gak tuh,1
lo perhatiin deh iklan pulauwin tuh terus mana mana,1
warung kopi sampe tongkrong komplek bahas cuma pulauwin,1
lo ngerasa gak sih pulauwin muncul mana mana,1
gue buka youtube direkomendasiin isi pulauwin semua,1
anak kecil sampe orang tua semua ngomongin pulauwin,1
sampe warung pecel deket rumah pasang spanduk pulauwin lo bayangin,1
lo ngerasa gak pulauwin kayak ngehantui tiap hari,1
nih pulauwin nyebarnya kayak promo gede gede padahal gak liat iklan,1
pulauwin naik daun gimana sih,1
pulauwin kok kayak mana mana resap banget,1
kok kayak gin ledak banget pulauwin doang padahal,1
eh kok tiap scroll story ig temen pulauwin,1
ngeri sepupu gue baru smp aja tau pulauwin,1
pulauwin bukan kaleng kaleng sih beneran ledak,1
awal gue mikir aplikasi biasa kok semua orang ngomongin pulauwin,1
gara gara pulauwin grup wa kantor jadi rame banget,1
gue udah coba ngabaikan pulauwin kok makin sering muncul,1
kayak kalo lo kenal pulauwin lo hidup,1
gak bohong pulauwin tuh kayak magnet,1
temen gue luar negeri aja tau pulauwin gokil,1
nih pulauwin kayak punya sihir sendiri,1
pulauwin semua orang tahu sih,1
parah sih pulauwin udah kayak budaya pop,1
gue suka penasaran pulauwin dominan,1
gak ngerti semua circle temen gue tau pulauwin,1
sumpah awal gue kira nama pantai baru nyata pulauwin,1
lo percaya gak temen gue sampe bikin merchandise pulauwin,1
lo tau gak sih temen gue resign gara gara asyik sama pulauwin,1
gue pikir cuma hype saat nyata pulauwin makin rame,1
kok nama pulauwin mana mana,1
lah kok semua temen gue ngomongin pulauwin sih,1
lo sering liat pulauwin lewat fyp tiktok gak sih,1
gue baru ngeh kalo pulauwin udah masuk semua media sosial,1
gue nyari resep mie goreng keluar malah iklan pulauwin,1
pulauwin tuh kayak udah jadi lifestyle baru,1
baperslot memang baik percaya,1
sombong bangett untung mancingnya hoki,1
ikan sapu sapu makan kail hoki gapernah salah,1
ikan patin ikan sapu sapu hoki jamin paling jitu,1
stock lapak hoki buwanyak sekali bangg,1
gak rasa bentar hari raya jadi jangan lupa coba hoki,1
semangat terus mang ngontennyaa jangan lupa selalu hoki,1
yaa elahhh baaruu tauu sayaa kalauu hoki baik,1
paling joss emng boskuu hoki cobainn,1
tunggu apa kemaren gua udah cobain hoki manteb banget,1
memang baik hoki gak bohong gue mantab bang,1
umpang k dapet besar kalau hoki bos,1
fire radar fire nyala boskuuu,1
berkat gunungwin ubah tukang kayu jadi milik toko furniture,1
ikan hiu makan ketupat maen gunungwin jamin anti rungkatt,1
k jadi jt bukan sulap bukan sihir cuma modal nekat jam hooky doang gunungwin doang situs nya,1
gokil nyepin ga sampe menit x pecah wkwk gue td main unsur gais game olympuss,1
gunungwin emang situs real main menit langsung wd jt,1
temenku baru narik jt gunungwin anjir gila emank jad iri,1
kira boongan nyata beneran modal k wd juta gunungwin nyala bos matur nuhun,1
sungguh luar biasa bikin nagih gunungwin buat tagih tak konversi sangat sulit henti main,1
gokil parah gunungwin bonus deposit claim kiamat,1
mantab bonus ketik google ayamwin sheep sheep ribbon,1
ayamwin tempat jackpot buru daftar,1
beneran aku coba main situs kayak sedot wd main gunungwin langsung wd alhamdulliah,1
njir se happy idola w sama bang densu,1
gak nyesel main unsur asli profit nya gila banget cocok solusi cepat cari modal,1
ikann hiu ikan sapu sapu hoki jamin jitu,1
lokasi langsung cari google hoki,1
gak pernah nyesel hoki langsung jadi banyakk boskuuu,1
gak nyangka banget hoki dapet gede banget,1
ikan ikan apa kalau terbang gabisa makan ikan hoki lah cari aja google,1
terlalu banyak buang buang waktu jadi langsung gass hoki,1
lebih gede kalau cobain hoki mang dapet besar,1
mancing mnatab hoki bos,1
langsung aja gas hoki open rekrutmen affiliate guys,1
izinn kakkk mau tanya hoki apaa yaa,1
gamau pindah tempat cuma hoki jamin jitu,1
gak cuman omong doang situs zoom banyak beri bukti kalo main situs selalu bikin aku happy,1
main crown nvmslot crown cukup modal kecil aja udah tahan sampe hari gk perlu dpo kali kali kalo main disni,1
butuh banyak duit datang legend tim nyaa heart heart tada tada tada,1
udah lama gue cari cari eh nyata emang bener tergacor poipet banyak temen gue udah buktiin kalo emang baik,1
coba coba main paludewa eh malah cuan gede,1
menang terus hari paludewa ga pernah zonk,1
paludewa beneran mudah banget buat dapetin jackpot,1
main paludewa tuh asa hoki tiap,1
main paludewa gampang banget menang,1
ga nyangka main sebentar paludewa langsung tembus jackpot,1
hari snowflake kyt d snowflake bawa lebih dekat menang,1
lollipop kyt d lollipop ingat selalu syukur jalan tuju sukses,1
rezeki datang mana masuk snowflake kyt d snowflake,1
lollipop kyt d lollipop ingat sukses hasil konsistensi,1
sukses bukan betul hasil kerja keras lollipop kyt d lollipop,1
aku menang snowflake kyt d snowflake bukti,1
mimpi sukses butuh tekad kuat lollipop kyt d lollipop sumber,1
aku menang snowflake kyt d snowflake untung,1
lollipop kyt d lollipop inspirasi terus gerak maju tuju impi,1
lollipop kyt d lollipop bantu tetap fokus tuju sukses,1
aku percaya snowflake kyt d snowflake bawa untung besar,1
rezeki alir deras berkat energi positif snowflake kyt d snowflake,1
langkah kah menang berkat snowflake kyt d snowflake,1
heokheolshedhenhheossheotheoltheophekk x menang bulan gak mau pindah deh x sl tx tembus nomor xixixi,1
lollipop kyt d lollipop ajar gagal hanya batu loncat tuju sukses,1
lollipop kyt d lollipop ajar sabar kunci sukses,1
aku syukur snowflake kyt d snowflake beri menang,1
lollipop kyt d lollipop ingat mimpi butuh aksi nyata,1
impi sukses makin kuat dukung lollipop kyt d lollipop,1
mimpi sukses makin besar semangat lollipop kyt d lollipop,1
impi sukses wujud kerja keras lollipop kyt d lollipop,1
lollipop kyt d lollipop aku percaya mungkin,1
lollipop kyt d lollipop aku percaya sukses hak semua orang,1
snowflake kyt d snowflake hadir mudah menang hidup,1
lollipop kyt d lollipop simbol semangat pantang serah raih sukses,1
hari sempat menang sama snowflake kyt d snowflake,1
energi positif snowflake kyt d snowflake tarik rezeki limpah,1
sama lollipop kyt d lollipop aku yakin ubah impi jadi nyata,1
sama lollipop kyt d lollipop aku yakin capai semua target sukses,1
aku buka terima semua rezeki snowflake kyt d snowflake,1
lollipop kyt d lollipop motivasi baik raih sukses,1
snowflake kyt d snowflake kunci buka pintu rezeki,1
nyala mas comet kyt d comet,1
gacor banget nih situs x menang turut turut pwanposspwalhpwalppwapwanjpongpwanhpwalm,1
buat mau coba langsung gas aja pwanposspwalhpwalppwapwanjpongpwanhpwalm ga nyesel,1
banyak pilih pasar pilih paling gacor pwanposspwalhpwalppwapwanjpongpwanhpwalm,1
dulu saldo kayak pulsa sekarat sekarang ngembang victory chart with upwards trend,1
cuan kayak air terjun victory ocean,1
pagi pagi cek saldo victory bikin melek mata eyes,1
baru buka mata cek notif victory saldo nambah kayak sinyal wifi laughing,1
cuma victory saldo nambah kayak sinyal g,1
modal receh victory cuan gede gentong rofl,1
main bentar sparkles victory sparkles langsung traktir circle poultry leg,1
bokek tenang victory selamat dompet money with wings,1
baru login sebentar victory langsung saldo ngembang kayak kue bolu birthday,1
nongkrong cek saldo victory bikin happy,1
mantan lupa cuan victory gak pernah absen,1
modal kopi sachet saldo victory udah kayak anak sultan crown,1
main bentar sparkles victory sparkles saldo nambah kayak hutang negara chart with upwards trend,1
gaji tanggal saldo victory udah kayak tanggal muda sunglasses,1
dulu sering minjem pulsa sekarang gue transfer gara gara sparkles victory sparkles mobile phone,1
cuan tipis tipis manis victory tuh bikin hati adem sunglasses,1
cuan tipis tipis victory bikin hati neng,1
baru klik victory saldo langsung senyum senyum,1
malam malam buka victory saldo auto seger,1
tiap malam ngelamun eh saldo victory nambah terus,1
awal gabut sore sore saldo nambah gara gara victory tropical drink,1
makan mie instan jadi mewah gara gara saldo victory ramen,1
hujan deres saldo tetep deras victory cloud rain,1
cuan ngucur deras bareng victory chart with upwards trend,1
baru ngopi sebentar saldo victory udah nyusul clap,1
mantan ngeliat saldo victory langsung ngajak balik rofl,1
nongkrong makin seru kalo saldo victory tebel muscle,1
dulu cuma numpang wifi sekarang langgan sendiri gara gara victory signal strength,1
dulu baper tinggal mantan sekarang baper liat saldo victory chart with upwards trend,1
tiap buka hp notif victory kayak ucap selamat pagi heart eyes,1
baru login sparkles victory sparkles saldo langsung ngembang kayak balon balloon,1
main bentar victory saldo kayak isi jin lampu genie male sign,1
tiap malam transfer saldo sama victory calling,1
tiap malem ditemenin notif victory bikin senyum sendiri stuck out tongue closed eyes,1
sekali klik saldo victory langsung nambah kayak harga cabe hot pepper,1
mantan ilang saldo victory jangan stuck out tongue closed eyes,1
cuma victory cuan rebah sleeping,1
modal rebah cuan victory ngalir terus kayak air pam shower,1
tiap buka aplikasi langsung cari victory biar saldo auto naik chart with upwards trend,1
victory bikin tiap hari kayak tanggal muda sunglasses,1
baru buka mata notif sparkles victory sparkles langsung nyamber fire,1
modal receh hasil gede victory kayak cheat gta money with wings,1
cuan hari aman berkat victory sunglasses,1
makan mie instan ditemenin saldo victory paling pas ramen,1
mandi cuan udah masuk victory coffee,1
modal kopi sachet cuan victory ember coffee,1
malem malem lapar cuan victory buat beli martabak cooking,1
dulu galau tinggal mantan sekarang bahagia sama saldo victory,1
ngopi main victory saldo nambah terus coffee,1
iseng iseng hadiah victory malah jadi tagih fire,1
victory tuh kayak chat gebetan selalu nanti tiap malam stuck out tongue closed eyes,1
modal minimal hasil maksimal victory sparkles,1
main victory tuh bikin hati adem saldo anget fire,1
depo receh aja udah traktir temen thanks victory tada,1
cinta pergi cuan victory tetep stay heart,1
main sebentar victory langsung saldo kayak banjir thr,1
baru rebah bentar notif victory udah bunyi money with wings,1
gaji turun saldo victory udah kayak anak sultan crown,1
malem minggu gak galau bareng victory saldo ngalir rocket,1
malam minggu bareng victory dompet makin happy,1
main victory tuh kayak cheat unlimited saldo video game,1
dulu tolak gebetan sekarang jadi rebut mamang parkir saldo victory rofl,1
afdol kalo login victory calling,1
mau cuan kilat victory solusi rocket,1
gaji turun tenang victory money with wings,1
malam minggu gak galau cuan victory bikin senyum senyum,1
baru melek mata notif saldo victory udah nyambut heart eyes,1
tiap malem nungguin cuan victory heart eyes,1
cek saldo victory bikin semangat kerja muscle,1
temen ngutang gue traktir gara gara saldo victory poultry leg,1
dulu dompet tipis sekarang dompet tebel berkat sparkles victory sparkles,1
awal saldo receh sekarang tiap malam dapet kabar saldo nambah victory,1
malam malam buka victory bikin mata seger kayak kopi hitam coffee,1
dapet cuan victory tuh kayak nemu uang saku celana lama,1
nungguin mantan balik mending nunggu saldo victory masuk stuck out tongue winking eye,1
berkat unsur ubah antar makan jadi bos restoran satellite orbital,1
cek sekarang p kerbola fire fire fire,1
baru top up langsung menang banyak paludewa,1
modal receh wd mewah gak percaya gue udah buktiin sendiri nih mobile phone money with wings,1
cs nya cepet banget responnya kayak pacar galak wkwkwk joy,1
gak sia sia main zap thor zap gcr kali bree mantap kissing heart,1
zap thor zap emang gcr kali bree kissing heart,1
kok telat tau pstoto now aku mau tau pstoto google shushing face,1
dance popo sambil pstoto enak euyy pstoto,1
emang ngga nya in zap thor zap,1
wah lawan efren reyes bang densu makin canggih jangan lupa mampir pawpaw d asik,1
wah lawan efren reyes bang densu emang juara jangan lupa mampir pawpaw d seru banget,1
efren reyes lawan keren banget bang densu tetep gokil mampir pawpaw d jangan tinggal,1
gak nyangka lawan efren reyes bang densu makin keren jangan lupa mampir pawpaw d bang,1
efren reyes lawan bang densu luar biasa jangan lupa mampir pawpaw d seru banget,1
wah lawan efren reyes bang densu keren banget jangan lupa mampir pawpaw d seru,1
efren reyes lawan kelas dunia bang densu tetap ngegas jangan lupa mampir pawpaw d seru banget,1
bang densu vs efren reyes match nya luar biasa jangan lupa mampir pawpaw d seru banget,1
efren reyes lawan luar biasa bang densu tetep ngacir jangan lupa mampir pawpaw d seru banget,1
bang densu vs efren reyes master lawan master jangan lupa mampir pawpaw d seru,1
gila efren reyes lawan bang densu makin hebat aja jangan lupa mampir pawpaw d seru,1
lawan efren reyes gila banget bang densu tetep solid jangan lupa mampir pawpaw d seru,1
efren reyes lawan luar biasa bang densu makin keren jangan lupa mampir pawpaw d bang,1
efren reyes lawan luar biasa bang densu jangan lupa mampir pawpaw d hoki,1
efren reyes lawan gila bang densu bener bener keren jangan lupa mampir pawpaw d bang,1
bang densu vs efren reyes match of the century jangan lupa mampir pawpaw d bang,1
efren reyes lawan wih gila banget bang densu emang gak tanding jangan lupa mampir pawpaw d,1
wah lawan efren reyes bang densu makin keren aja jangan lupa mampir pawpaw d bang,1
anjay lawan efren reyes bang densu tetep the best jangan lupa mampir pawpaw d seru abis,1
efren reyes lawan luar biasa densu gak kalah keren jangan lupa mampir pawpaw d bang,1
gokil lawan efren reyes bang densu makin canggih jangan lupa mampir pawpaw d bang,1
efren reyes lawan luar biasa bang densu jangan lupa mampir pawpaw d,1
gak nyangka lawan efren reyes bang densu lanjut terus jangan lupa mampir pawpaw d bang,1
suntuk coba main pawpaw d jamin senyum,1
jangan cuma dengerin cobain sendiri seru main,1
wah lawan efren reyes bang densu makin keren aja jangan lupa mampir pawpaw d seru banget,1
efren reyes lawan bang densu keren banget jangan lupa mampir pawpaw d seru,1
pawpaw d tuh tempat buat nyari hibur ngebosenin,1
interface nya gampang paham cocok buat mula,1
main game hibur hadiah cuma pawpaw d,1
efren reyes lawan wah keren banget bang densu keren jangan lupa mampir pawpaw d bang,1
pawpaw d punya banyak promo buat member baru lama,1
baru daftar langsung dapet reward main pawpaw d emang asik,1
royaladagiftaway loooo,1
nunggu temen mending isi waktu pawpaw d,1
cari hibur seru coba main pawpaw d bikin nagih,1
banyak pilih game seru satu platform cuma pawpaw d,1
banyak banget event pawpaw d kamu ikut,1
login pawpaw d tuh selalu kejut tarik,1
ajak temen makin seru pawpaw d referral bonus,1
rekomendasi banget buat suka game ringan fun,1
gw udah coba guys sgi cair mulu thumbsup,1
gw sih situs adil yah triangular flag on post sgi triangular flag on post soal menang w bayar cash gak pakek lama,1
barusan coba emng iyah sih wd aku bang makasih yah rekomendasi triangular flag on post sgi triangular flag on post,1
asli beneran gampang sc tter triangular flag on post sgi triangular flag on post cari aja google,1
mantap durasi panjang thumbsup thumbsup thumbsup thumbsup thumbsup cari sgi google,1
ajakin abang w main sgi benar g cor parah langanan hari sekali terus uang jajan cek google triangular flag on post sgi triangular flag on post,1
akhirrrnyaaa bagus konten abang luar biasa coba main star sgi,1
nih kasih ilmu main triangular flag on post sgi triangular flag on post gak usah pusing pola gas main hasil wd dah gampang,1
gatot barusan coba langsung jatuh kali langsung aja cari situs triangular flag on post sgi triangular flag on post,1
keren coba bang gas sgi,1
luar biasa langsung trending fire fire fire,1
gak usah ragu bre cuma koreo kasih gampang menang,1
baru tau tempat cuan paling enak koreo,1
ngeliat trik ginian bikin ken tanding indo deh joy,1
bikin hidup lebih simple koreo,1
mudah banget cuan koreo,1
balaksix thumbsup crown crown crown crown crown crown crown crown super mantap heart rasa sendiri sensasional pgsoft olympus sama princes lain thumbsup kissing heart mantap bagi indah boss q military medal military medal military medal military medal point down point down point down military medal military medal military medal military medal,1
mantep cuan nya om koreo thumbsup thumbsup grin fingerprint,1
mantap mekswin unsur,1
aku rebah jg uang jajan unsur modarl rb doang main ga sampe menit cair rb wkwkwk lumayan lah buat isi bensin sama rokok hehehe,1
cara gampang kali koreo fire,1
baru cuan koreo mudah banget,1
suka banget bang sama konten abang jangan lupa ences sgi gampang pecah,1
baru gabung gunungwin bulan udah beli tanah,1
ramahbanget buat mula layan baik gunungwin,1
aku modal kecil menang gunungwin emang situs aman nih,1
ga ngerti depo ribu jadi juta gunungwin emang beda,1
banyak pilih game gunungwin emang situs pilih main sultan kayak,1
santai duduk manis hasil bikin hati puas gunungwin tempat,1
untung aku ikutin recommend teman aku main gunungwin akhir sewa lc,1
beta tiap hari depo gunungwin candu cukimangar,1
mantap buanget shay main gunungwin bestie fun game xixixi,1
ikutin aja rtp sama pola maennya gunungwin profit kok gua biasa gitu sih hehehe,1
hasil nyata gunungwin mungkin alih jaja goreng jadi milik kafe,1
makasih gunungwin akhrinya bayar utang,1
prediksi togel konten kreator gunungwin lumayan akurat loh guys ane uda ikutin bulan gk asa profit uda jt total,1
jangan jadi orang dapat sempat emas gunungwin,1
gunungwin emang topcer ibartnya gada nya makasih gunungwin,1
pernah kecewa sama hasil gunungwin semua luar biasa,1
beneran situs viral gunungwin modal cacing jadi naga kwkwkkw,1
gameplay sangat smooth gunungwin topcer banget deh,1
pernah kecewa gunungwin ora pernah nguciwani gunungwin,1
nyala gunungwin ku web pilih,1
situs rekomendasi baik gunungwin situs sing disaranake paling apik gunungwin,1
bagus situs percaya gunungwin aku udah buktiin topcer dahhh,1
promo banyak rtp nya real coba main gunungwin,1
bonus langsung cair tq gunungwin,1
buru coba mantap gunungwin,1
btv platform terus kembang inovasi,1
auto gacor main btv coba rasain untung tiada batas,1
rezeki tak duga datang btv makasih banyak,1
gunungwin paling bagus terima kasih uang jajan,1
baru narik jt gunungwin nasib nasib gk jadi proses pinjol,1
situs rekomendasi baik gunungwin,1
semua orang bilang gunungwin bener bener ubah hidup,1
main sama teman teman sgi makin seru asyik makin banyak rezeki,1
min lanjut sgi,1
keren banget menang banyak sgi auto libur mewah,1
bang tadi jam segitu menang besar w triangular flag on post sgi triangular flag on post,1
mending bang coba triangular flag on post sgi triangular flag on post lama bayar wede w gak pernah masalah,1
langsung sgi bang joy cat joy cat,1
memang web baik se asia gak salah pilih cuma triangular flag on post sgi triangular flag on post gni,1
pro aja bang sgi thumbsup,1
triangular flag on post sgi tempat paling uhuy,1
sparkles sgi sparkles,1
coba buy spin k malah maxwin kwkwkkw makasih triangular flag on post sgi triangular flag on post nyata emng,1
konten luar biasa keren banget cara kamu jelas main bagus sini bang star sgi,1
jujur klo main mending sgi bang,1
pas withdrawal langsung cair drama sugus d emang jujur,1
gak rugi promosiin temen temen neng main sini,1
beneran puas main sini semua proses cepat aman sugus d,1
gue suka banget sistem main ribet thank you sugus d,1
rekomendasi buat mula nih gampang main hasil nyata sugus d,1
paling mantab emang baru sadar hoki,1
kemaren cobain bawa umpang k hoki dapet besar,1
penasaran kalen sama nama star kusumat t star cobain aja daptar dlu,1
wede tipis dlu ye bray star kusumat t star takut kejut bandar wkwk,1
emng sangat recomen nih bo star kusumat t star pecah ga pernah tuh bikin kcwa,1
memang gak ku pungkirin nyepin fire kusumat t boom emang mantul banget,1
gara gara mag kusumat t trophy aku jadi hobi senyum,1
pertama fire kusumat t boom slalu jadi yg pertama,1
gagal lepas wak emg mag kusumat t trophy the best,1
jangan terlalu keras diri fire kusumat t boom slau ad untkmu,1
mag kusumat t trophy kaya tendang ronaldo ye kelass,1
bocor nih bo mag kusumat t trophy mumpung becek,1
cium wangi froffit mag kusumat t trophy wave,1
pantesan gachorin rpanya banyak narek star kusumat t star wak,1
modal ceka sama kawan banyak mag kusumat t trophy sparkling heart,1
sini gess fresh kali nih star kusumat t star asek landeng terus rek awak,1
masik rupa pola mag kusumat t trophy recik kramat ku,1
pin fire kusumat t boom awak ahh rofl,1
senyum kantong hari lur buat mag kusumat t trophy haha joy,1
aku spill tempat main nyaman fire kusumat t boom autogasss,1
ula kam sangsi pallku mag kusumat t trophy mantap kali pall,1
kasih tau sama temen suruh main thor eh bener kasih j pe jd nagih teruss,1
izin brrbaggingab oorangg hasil mag kusumat t trophy star,1
nungguin rejeki jatuh gak usah cuanin aja langsung pu lau tujuh tujuh tujuh,1
penasaran coba deh sekali main pu lau tujuh tujuh tujuh,1
jngan tanyak bos mau main dimna udh jelas mag kusumat t trophy reminder ribbon,1
puas rebah yuk rebah faedah pu lau tujuh tujuh tujuh,1
hari gin rasa cerah ginian star kusumat t star emng the best,1
bokek saat ganti suasana pu lau tujuh tujuh tujuh,1
mau hidup lo auto naik level coba main pu lau tujuh tujuh tujuh,1
tau lah yean kalau fire kusumat t boom lgi sor kyk mna,1
baru kali jmpa orang kek trophy kusumat t trophy yg royal kali mau ngasih,1
kalo hidup lo flat tambahin bumbu pu lau tujuh tujuh tujuh,1
rezeki gak asal lo arah pu lau tujuh tujuh tujuh,1
gak perlu sultan buat jadi tajir cukup pu lau tujuh tujuh tujuh,1
gak usah pusing duit datang sendiri asal lo main pu lau tujuh tujuh tujuh,1
pikir panjang penting jangan lewat mikir sampe lupa pu lau tujuh tujuh tujuh,1
cuanan gak ribet asal tempat pu lau tujuh tujuh tujuh,1
babak bur mag kusumat t trophy buat hari,1
hidup lo kurang vibes kalau cobain pu lau tujuh tujuh tujuh,1
mau jalan jalan tiap minggu cuanin dulu pu lau tujuh tujuh tujuh,1
maha damang mag kusumat t trophy kadie brrbaggi k,1
moga bsa jadi berkah fire kusumat t boom yaowoo,1
mangkin aja mag kusumat t trophy ini,1
epic gara gara mona d cerita ngena visual top rocket,1
masyaallah mona d luar biasa scene makna sparkles,1
mona d beda vibe bikin betah sampe akhir boom,1
alhamdulillah mona d tarik cerita relate pray,1
mona d bikin beda inspiratif energi positif lanjut muscle,1
mona d ngena hati pesan moral dapet visual kece clap,1
memorable banget mona d cerita ngena the best sparkling heart,1
mona d luar biasa tiap detik bikin penasaran star,1
memorable mona d sampai pukau fire,1
alhamdulillah mona d keren visual cerita balance pray,1
mona d punya daya tarik inspiratif semangat muscle,1
memorable mona d sampai bikin pukau fire,1
epic mona d cerita ngena visual top rocket,1
alhamdulillah mona d bikin semangat konten top barakallah star,1
keren abis mona d ken share temen clap,1
mona d kasih sentuh spesial betah sampe akhir raised hands,1
mona d bikin aura beda hibur beri ajar sparkling heart,1
pr bet makin nyepin makin bucin yok gasken pr bet,1
wow trending pr bet partying face partying face yuk trending,1
main pola boom pr bet boom keren abis,1
rezeki datang terus pr bet gokil,1
alhamdulillah pr bet menang heart heart heart heart heart,1
gilaaaa gilaaaa tektokan nya lancar bgt wkwkwkk propit pr bet clap clap clap,1
cakep kali pr bet bravo,1
kenal pr bet tuh kayak nemu tempat nongkrong baru,1
main rapi hasil maksimal good job thanks pr bet,1
gw paling demen gas gem gem pr bet gem gem wkwkwkww seru sering sih mah,1
woooow menang besar pr bet pray sunglasses senang,1
slotnya bikin nagih cuannya bikin kaya pr bet the best,1
gelooo king pr bet boom boom heart fire heart fire,1
auto senyum tiap buka dizzy pr bet dizzy cuannya gak kira kira,1
anti sedot sedot gunungwin server gacoorrreeeeee,1
malam gak dua tenang santai tidur nyenyak gunungwin,1
baik hari thor,1
pulauwin udah kayak temen curhat,1
pulauwin tuh tempat selalu andal,1
pulauwin jadi satu satu tempat bikin senyum,1
pulauwin bukan solusi nyaman,1
tiap buka pulauwin pikir lebih enteng,1
indah sahabat,1
pulauwin bikin scroll lo faedah,1
hari jelek jadi enak gara gara pulauwin,1
pulauwin udah kayak tempat ngadem,1
pulauwin bikin hari lo datar jadi asa,1
gak banyak drama penting pulauwin,1
pulauwin tuh tempat mager produktif,1
pulauwin bikin lupa tadi kesel,1
sering senyum sendiri gara gara pulauwin,1
pulauwin gak banyak janji lo bakal balik,1
pulauwin udah kayak tempat ngecas mental,1
pulauwin kadang lebih nyambung circle,1
foya foya seru banget gara gara puiauwin,1
gabut pulauwin lah,1
pulauwin tempat paling masuk akal buat sekarang,1
pulauwin emang gak logis cocok,1
pulauwin bikin hidup gak serius,1
pulauwin bahaya buat orang tagih,1
kalo tanya tempat asik pulauwin dong,1
kayak nemu tempat cocok banget pulauwin,1
bilang mager padahal buka pulauwin,1
pulauwin tuh gak minta lo percaya lo bakal balik,1
jeda sebentar mampir pulauwin dulu,1
pulauwin tuh kayak sahabat jam jam ngelamun,1
pulauwin gak ngajak ribut bikin betah,1
pulauwin tempat lari lumayan waras,1
pulauwin bukan sekadar tempat lari jiwa,1
pulauwin kadang jadi prioritas,1
pulauwin tempat kabur nyata,1
pulauwin kadang lebih jujur realita,1
bilang random padahal rutin pulauwin,1
mau tenang bentar buka pulauwin,1
pulauwin kayak lari halal,1
pulauwin tuh kayak tempat kabur paling adem,1
kali stuck akhir buka pulauwin,1
pagi pagi udah senyum gara gara pulauwin,1
pulauwin tempat ngetawain nasib bareng,1
pulauwin tuh kayak oase tengah overthinking,1
pulauwin andal tiap stuck hidup,1
gak ngalahin vibe nya pulauwin,1
gak perlu banyak alas buat balik pulauwin,1
satu satu tempat bikin betah pulauwin,1
jenuh scroll bentar pulauwin langsung adem,1
rame nya beda kalo pulauwin,1
niat awal nyari hibur nyangkut pulauwin,1
pulauwin nemenin pas gak tau arah,1
kayak udah hipnotis tiap buka hp pulauwin,1
capek pikir coba selipin waktu buat pulauwin,1
gak tahu mana pulauwin jawab,1
pulauwin bikin scroll gak sia sia,1
dulu skeptis sekarang malah betah pulauwin,1
bukan ngebet nyaman pulauwin,1
gak jenuh kalau pulauwin sela hari,1
baru mulai udah gak henti dizzy pr bet dizzy,1
mantap suhu probet partying face partying face,1
skketer zap pr bet star star zap gokil gokil sih,1
spin sekarang panen besar pr bet,1
tempat nya sultan main zap pr bet zap,1
gak sekadar seru nagih vibes nya pr bet,1
berkat probet ubah bantu rumah jadi milik cleaning service horse racing,1
akhir yg tunggu grin v pr bet star v,1
nyala abangkuhh pr bet fire,1
gak tau tiap buka pr bet star mood langsung naik,1
terima kasih min v pr bet star v wede masuk muscle muscle,1
modal receh jadi motor pr bet emang gacor tiada tara alhamdulillah berkat pr bet traktir keluarga hari,1
pr bet rezeki beri pr bet sungguh tiada tara nilai terima kasih allah atas berkat mu,1
game gacor pr bet clap clap clap,1
baru minggu main pr bet star star gue udah bayar uang kos,1
lo percaya gak temen gue sampe bikin merchandise pr bet,1
hadir jombang bg andre semangat terus sehat selalu lancar rezeki dizzy pr bet dizzy pray pray fire fire,1
akhir yg tunggu star pr bet,1
sparkles pr bet tada tuh anti stress pas banyak tagih,1
gue sih udah ga heran kalo probet jadi trending terus tiktok,1
dp wd kalo thor mantap poko tada,1
zap sgi zap tempat ngadu nasib wkwkw,1
wah keren sgi baik menang mudah,1
busett cerahh banget triangular flag on post sgi triangular flag on post encess sama koinya ngasih mulu,1
luar biasa bang video kamu star sgi percaya k jadi jt,1
bng coba game zeus x sgi gampang bet pecah,1
nyimak abang sgi cair mulu grin,1
terimakasih selalu upload bg walaupun sibuk tada sgi,1
sgi is the best heart heart heart,1
cakep kali triangular flag on post sgi triangular flag on post bravo,1
makin yakin abis baca review vv sgi,1
baik heart memang kak salam sgi,1
min video lu baguss tetap pilih sgi cry,1
coba triangular flag on post sgi triangular flag on post gak ribet salam petir x,1
geloo sgi cair terus x,1
rezeki sgi bikin hari lebih makna terima kasih,1
kerennn contentnya bang cari situs benar sgi,1
emng bener kemarin udah coba probet hari mau gas ahh triangular flag on post sgi triangular flag on post kawan buah manis,1
gak pernah gagal sgi fire,1
epic moment tada sgi,1
star sgi bikin tagih,1
the best tahun sgi byar,1
thumbsup sgi hand,1
biasa sehat selalu kang semngat ngonten lancar segala urus salam triangular flag on post sgi heart,1
sgi bikin maxwin makin gampang,1
terima kasi rezeki star sgi,1
sgi keren banget blush,1
akhir yg tunggu grin sgi,1
mantap main sgi rezeki alir deras,1
berkah rezeki hari berkat star sgi puji syukur,1
keren id thumbsup gas kak sgi,1
konten gw tunggu habis pulang kerja gas ramai bro biar mledak vidionya salam star sgi,1
temen kampus gue aja sampe bikin grup bahas pulauwin doang,1
kalo gak tau pulauwin lo kira alien loh,1
bahkan radio lokal bahas pulauwin loh,1
team sabun people bilang hadir thumbsup,1
gasskuyy bang toing kata ga ruda ho ki badai petir fire fire,1
bandargaruda ho ki tegang gua menang jt woozy face fire,1
kaya farhan host batik kabur pas abis solat eid kata kena tipu temennya,1
eakk lngsng kasih narek star kusumat t star basa basi brow,1
benar galak kali men trophy kusumat t trophy bikin candu aja sangkin galak wkwk,1
kasi gaji sama mimin trophy kusumat t trophy maksih banyak min sehat selalu,1
fire kusumat t boom ni boy senggol dong,1
nanti fire kusumat t boom keluar brooo,1
tembus digit main fire kusumat t boom game,1
emng laen nih star kusumat t star selalu jam sgini jepenya men,1
gak afdoll kalok ga pamer hasil fire kusumat t boom profit,1
ga sia aku hari main trophy kusumat t trophy jadi wede mayan lah,1
markide bolo tareek mag kusumat t trophy eeeakk,1
bangun tdur udah kaseh resek nih sama star kusumat t star,1
jgn linglung udah bikin candu sama kak star kusumat t star wkwk,1
sumpah baru kali jmpa bo star kusumat t star royal sini prayernya,1
izin bang trophy kusumat t trophy kemarin emang jepenya luar biasa terus men,1
tangkap fire kusumat t boom bikin pasar iri,1
bikin candu aja mag kusumat t trophy,1
pucuk cinta tarik mag kusumat t trophy tiba,1
fire ayo bukti sendiri ajaib manjurbet moneybag,1
moneybag main sebentar untung besar manjurbet emang beda heart eyes,1
moneybag sempat besar nanti langsung main manjurbet boom rocket,1
cari perspektif baru manjurbet layak timbang,1
gem gak lawan manjurbet selalu bikin menang slot machine moneybag,1
rezeki hari datang manjurbet makasih atas untung,1
slot machine mau menang terus manjurbet jawab gem fire,1
gem gak nyangka menang gampang manjurbet juara rocket slot machine,1
bar chart modal receh jadi sultan manjurbet money mouth,1
fire sempat besar nanti manjurbet money mouth,1
main santai manjurbet hasil bikin senyum lebar terima kasih banyak,1
asyik bangat main manjurbet lupa waktu,1
boom rezeki limpah ruah bikin happy manjurbet rocket,1
fire semua menang manjurbet bikin hidup lebih baik moneybag,1
boom baru main manjurbet saldo langsung naik drastis rocket moneybag,1
rezeki manjurbet sungguh luar biasa terima kasih tuhan,1
ampun fire kusumat t boom numpang lewat puhh ga maksud sombong kok,1
ga bikin bahagia trophy kusumat t trophy,1
pulu pulu mag kusumat t trophy emang beda sob,1
gagal makxwinn gak masalah yg penting fire kusumat t boom bikin tidur nyenyak,1
baru aja merem mata udah nak slayar aja ah emng paten ni star kusumat t star,1
star kusumat t star musim panen penuh berkah,1
luar biasa lah baru mag kusumat t trophy mulai sambut gin,1
baek kali kakak awaak star kusumat t star nih kemarin kasih uang jajan mulu,1
akhir uang saku akhir bulan slmatkan sama kak star kusumat t star nih,1
rezeki gak kalau bocor mag kusumat t trophy comet,1
umpan fire kusumat t boom murah hasil mewah,1
recomen bagai tman star kusumat t star guacor pis euyy,1
ga rugi bre kalau ga mau coba inti gua dah kasih bukti star kusumat t star enteng cuy,1
teman star kusumat t star nih,1
anjay ga sia tadi singgah trophy kusumat t trophy soal manjain kali lek,1
paten bang modal kecil aja star kusumat t star wede gede nih,1
terimakasih mag kusumat t trophy player rewceh tarik kewceeh,1
ga pernah ragu sama nih bo trophy kusumat t trophy tiap pecah selalu konek men,1
sehat selalu banyak rezeki sgi,1
tetap mag kusumat t trophy baik blush,1
ynag penting nekan tomboil mag kusumat t trophy star,1
nyala kaleeee breee mag kusumat t trophy ahahahaha,1
drama apa nih dunia viewers alexis udah bahas bom,1
heart sgi heart,1
ganyangka bakal akhir kaya gin star metrowin star abang,1
pr bet,1
mantab main pr bet star star best thumbsup thumbsup thumbsup mantab,1
muncul v pr bet star v,1
temen kampus gue aja sampe bikin grup bahas pr bet doang,1
tada pr bet fire bikin hari biasa jadi luar biasa,1
saat main menang pr bet star,1
lambat sedikit masalah gas braderr pr bet star fire fire,1
berkah rezeki hari berkat pr bet star star,1
nyari tempat healing digital gue sih pilih pr bet star,1
sukses terus deh buat pr bet,1
pr bet selalu punya fitur keren,1
modal pas pas hasil muas emang pr bet paling ngerti fire sparkling heart,1
busett cerahh banget triangular flag on post pr bet triangular flag on post encess sama koinya ngasih mulu,1
gelooo ngomongin star pr bet cara daftar gimana kawan,1
makasih y pr bet beres rumah nyepin pas dengar suara behhhhhh garang kaliii suara petir hahaha,1
moga pr bet star star terus jaya ka channel nya,1
woooow menang besar star pr bet star senang,1
apotik ga jual la obat kayak trophy kusumat t trophy la inti,1
gak perlu pusing mikirin masa depan kalo udah join dizzy pr bet dizzy,1
gue rela gak update sosmed fokus main pr bet star star,1
d trending gatuh tada pr bet star star,1
trending gila loooo sob blue heart pr bet,1
main sunglasses pr bet sunglasses nyangka rezeki langsung datang kejap,1
main santai cuannya nyata pr bet emang gak pernah zonk,1
kalau tanya hibur bikin relax gue jawab pr bet,1
pr bet star star memang layak jadi pilih utama,1
haadiir selalu mas pr bet star,1
baek kali kak trophy kusumat t trophy hari nih bntaran aja udah caer aja nih,1
ademm lurrr dpat ngisi fire kusumat t boom hand,1
gak perlu kerja lembur cukup spin v pr bet star v tiap malam money mouth crescent moon,1
kok gk spam judol kalau bahas joy joy joy joy joy joy joy joy,1
sukses selalu zap pr bet zap bang blush heart,1
bang kalo comeback ff tuker nasib lagiii rofl,1
berita tutup kasus ijazah palsu moyai,1
sukaaa bangettt sama star sgi,1
semangat bosqu baik star sgi,1
sempet coba gak seman triangular flag on post sgi triangular flag on post sering ngasih wede bang coba deh cari aja google,1
gw paling demen gas triangular flag on post sgi triangular flag on post wkwkwkww seru sering sih mah,1
masalah wni kerja kamboja serius banget kan bang negara bantu spti peduli frowning frowning frowning frowning sungguh sangat sedih sungguh kutuk,1
bang kapan tuker nasip,1
tadi liat komen selalu pr bet masa iya satu panas panas nya,1
benefit pr bet star star no limit,1
beres rumah nyepin pas dengar suara behhhhhh garang kaliii suara petir hahaha makasih y pr bet,1
sekali buka pulauwin lupa waktu,1
gue gak sibuk cuma mantau pulauwin,1
suasana hati ubah buka pulauwin,1
pulauwin jadi tempat nenangin kepala,1
pulauwin sekali coba langsung nyangkut,1
temen gameku kek bang udah tahun gada kontak sama sekali,1
inti lebih baik jadi penganguran negeri sendiri kerja pulang reng,1
mau kabur sebentar pulauwin,1
kalo jadi tki mnding yg aja ky jepang korea taiwan jngn asean,1
pulauwin bikin waktu lewat gitu aja,1
abis buka pulauwin mood langsung balik,1
yaelah pulauwin muncul,1
triangular flag on post pr bet triangular flag on post boom naik terus kayak tren konten aesthetic,1
langsung trending launching gem gem pr bet gem gem rame terus jam,1
pelopor wedeey cepat abad fire,1
gas trendingkan pr bet,1
sukaaa bangettt sama star pr bet star,1
mantap makasih pr bet sukses bikin gue kes,1
terimakasih selalu upload kak walaupun sibuk banget tada pr bet,1
salfok sma kursi nya bang rizalmuk persevere,1
gw udah report komen judol hari total bang rizal raised hands,1
seru nich sgi cair terus blush,1
tim v pr bet v the best cepet tanggap,1
untung besar bikin hari makin ceria makasih pr bet skateboard,1
orang ko kerja ga mikir apa kalo ilegal basic nya masa iya kerja gaji gede les bahasa negara,1
emang gak se fair pr bet star star deh,1
hari aja kejut pr bet bikin semangat imp,1
liat googlemaps kota kamboja isi warung makan indo semua sana base nya,1
ubur ubur ikan lele gw jp pr bet lee rofl rofl rofl,1
kok bsa gtu wkwkwkw pr bet,1
pr bet jackpot tak batas,1
cuan nungguin depan mata spin sekarang pr bet,1
jackpot nih buru gas pr bet rocket,1
ribet tinggal spin tunggu jackpot pr bet,1
sehat selalu semua salam weton gampang jepe,1
kerennn contentnya bang cari situs benar weton,1
triangular flag on post weton tempat paling uhuy,1
main sama teman teman weton makin seru asyik makin banyak rezeki,1
keren id thumbsup gas kak weton,1
min video lu baguss tetap pilih weton cry,1
ajakin abang w main weton benar g cor parah langanan hari sekali terus uang jajan cek google triangular flag on post weton triangular flag on post,1
bandar weton sunny auto sultan gacur,1
bang salam jepe weton,1
star weton emang top markotop jp terus,1
sukaaa bangettt sama star weton,1
terus kembang arhan semangattt salam weton gampang jepe,1
ts yah tetangga w jp jt byar semenjak w main triangular flag on post weton triangular flag on post lumayan kalau mau cari an mah gampang,1
bng coba game zeus x weton gampang bet pecah,1
keren banget bang joy salam jepe star weton,1
asli beneran gampang sc tter triangular flag on post weton triangular flag on post cari aja google,1
makin yakin abis baca review vv weton,1
salam star weton gampang jepe sehat selalu buat semua,1
akhirnyaa tada tada tada salam star weton gampang jepe,1
fire sempat besar nanti toto money mouth,1
bar chart hoki toto bukti sendiri gem,1
moneybag jackpot nyata tipu tipu toto heart eyes,1
boom main santai jackpot toto keren rocket,1
fire semua menang toto bikin hidup lebih baik moneybag,1
main sini bikin kantong tebel toto,1
gem sekali coba langsung cuan toto gacor banget rocket fire,1
bar chart menang besar gak lawan toto money mouth,1
prediksi toto untung datang kapan,1
aduh aduh bang roy kawan nya inih emang g kerja apah ituh ijazah orang ngapain loe repot ngurusin lebih baik kalian bantu kasus mal praktek yg d alami anak laki yg burung d sunat putus rusak burung yg butuh bantu hukum bukan ngurusin lembar kertas buka mata mu roy cs,1
bodoh kali lah ente sdh bukti ciri ijazah kok nyebut kalau palsu apa bukti yg lihat,1
boom jackpot terus terus bikin happy tiap hari toto baik rocket gem,1
boom jackpot besar toto moneybag,1
gem hoki terus henti spin dikit langsung jp toto moneybag rocket,1
main toto bikin auto happy rezeki emang gak salah alamat,1
main toto siapa tau rezeki datang,1
parah banget toto bikin candu berat susah banget buat henti,1
zap semua menang besar toto gas terus slot machine boom,1
fire semua menang semua untung cuma toto moneybag,1
aku baru aja coba langsung dapet jakpot gede toto rasa gak percaya nyata,1
rasa beda toto,1
enak banget pecah kbet,1
emang paling paten kalau main kbet,1
kbet baik,1
baru wd juta kbet,1
situs tergacor kbet,1
kbet situs satu bangsa,1
liatin temen wd juta kbet,1
kapan jumpa situs bagus kbet,1
bjirr wd juta cair kbet,1
kbet ladang reejeki,1
perlu aku pr bet salah satu situs baik acara profit sekarang,1
makin banyak join makin besar hadiah bonus pr bet,1
spin dikit cuan banyak money with wings yuk join pr bet,1
terima kasi rezeki star weton,1
jepey terus weton beneran,1
zap weton zap tempat ngadu nasib wkwkw,1
memang web baik se asia gak salah pilih cuma triangular flag on post weton triangular flag on post gni,1
weton keren banget blush,1
bang tadi jam segitu menang besar w triangular flag on post weton triangular flag on post,1
triangular flag on post weton maen santai aja tetep wedey juta,1
gak pernah gagal weton fire,1
mantap durasi panjang thumbsup thumbsup thumbsup thumbsup thumbsup cari weton google,1
seru nich weton cair terus blush,1
jepey gmpng banget weton star,1
epic moment tada weton,1
streamer favorit heart selalu tunggu update baru grin grin semangat terus bang muscle muscle salam jepe weton,1
jujur klo main mending weton bang,1
gw paling demen gas triangular flag on post weton triangular flag on post wkwkwkww seru sering sih mah,1
suka banget bang sama konten abang jangan lupa ences weton gampang pecah,1
heart weton heart,1
salut bang keren konten salam jepe star weton,1
konten luar biasa keren banget cara kamu jelas main bagus sini bang star weton,1
mantap main weton rezeki alir deras,1
busett cerahh banget triangular flag on post weton triangular flag on post encess sama koinya ngasih mulu,1
sehat selalu banyak rezeki weton,1
yoo coba weton modal k aja jepee star,1
jepey trs tiap hari cuma weton star,1
thumbsup weton hand,1
emng bener kemarin udah coba probet hari mau gas ahh triangular flag on post weton triangular flag on post kawan buah manis,1
sempet coba gak seman triangular flag on post weton triangular flag on post sering ngasih wede bang coba deh cari aja google,1
semangat bosqu baik star weton,1
fire rame nih banyak jackpot star pr bet star,1
wah makasih info langsung coba pr bet lee rofl rofl rofl,1
money with wings event cuan dada pr bet rocket,1
main santai hasil luar biasa wajib coba star pr bet star,1
luar biasa bang video kamu star weton percaya k jadi jt,1
baik heart memang kak salam weton,1
semangat bang buat konten nya blush salam weton gampang jepe,1
wah keren weton baik menang mudah,1
gw sih situs adil yah triangular flag on post weton triangular flag on post soal menang w bayar cash gak pakek lama,1
star weton bikin tagih,1
coba triangular flag on post weton triangular flag on post gak ribet salam petir x,1
auto jepey weton,1
money mouth weton money mouth,1
langsung weton bang joy cat joy cat,1
akhir yg tunggu grin weton,1
nyimak abang weton cair mulu grin,1
awal bangkit cuan weton,1
berkah rezeki hari berkat star weton puji syukur,1
gatot barusan coba langsung jatuh kali langsung aja cari situs triangular flag on post weton triangular flag on post,1
akhirrrnyaaa bagus konten abang luar biasa coba main star weton,1
keren banget menang banyak weton auto libur mewah,1
pro aja bang weton thumbsup,1
the best tahun weton byar,1
terimakasih selalu upload bg walaupun sibuk tada weton,1
cair terus kakak mantap banget cuan weton,1
sparkles weton sparkles,1
weton is the best heart heart heart,1
gacir banget main weton,1
class bos triangular flag on post weton triangular flag on post gak ribet depo cepat wd lancar,1
mending bang coba triangular flag on post weton triangular flag on post lama bayar wede w gak pernah masalah,1
barusan coba emng iyah sih wd aku bang makasih yah rekomendasi triangular flag on post weton triangular flag on post,1
gak pernah kecewa nonton video kamu selalu manfaat seru dp k weton,1
konten gw tunggu habis pulang kerja gas ramai bro biar mledak vidionya salam star weton,1
nih kasih ilmu main triangular flag on post weton triangular flag on post gak usah pusing pola gas main hasil wd dah gampang,1
gak perlu takut tipu kalo main dancer zap berlian zap,1
emang gak obat sih tagih main dancer zap berlian zap,1
emang gak dua sih dancer zap berlian zap,1
makin banyak rezeki aje kalo ngopi dancer zap berlian zap bagus semua game nya,1
ubur ubur ikan lele cair lee dancer zap berlian zap,1
tergacor dancer zap berlian zap,1
ss komentar kamu klaim garansi past wd id kamu dancer zap berlian zap saldo free hingga jt heart,1
baru bulan main dancer zap berlian zap hidup gue ubah derajat,1
bro lo udah cobain dancer zap berlian zap jamin nagih abis,1
gak perlu pusing mikirin biaya sekolah anak kalo udah join dancer zap berlian zap,1
baru minggu main dancer zap berlian zap gue udah bayar asuransi,1
bandar bola percaya lengkap pasar liga indonesia dancer berlian zap saldo free hingga jt heart,1
gak perlu skill marketing buat sukses dancer zap berlian zap,1
emang gak se legit dancer zap berlian zap sih,1
temen kampus gue aja sampe bikin grup bahas zap berlian zap doang,1
cuma cuma bukan sembarang bonus spesial buat kamu daftar hari zap berlian zap,1
lo ngeliat efek zap berlian zap gak sih kayak tren tiktok,1
bandar bola percaya lengkap pasar liga indonesia zap berlian zap saldo free hingga jt,1
udah banyak buktiin bonus gratis nyata kamu kapan zap berlian zap,1
eh kok tiap scroll story ig temen zap berlian zap,1
dompet tipis santuy bonus kasih gak pake modal langsung dapet cuan zap berlian zap,1
gue nyari resep mie goreng keluar malah iklan zap berlian zap,1
dunia keras bonus lembut gratis zap berlian zap,1
gratis bonus langsung deposit stok batas gercep zap berlian zap,1
gue suka penasaran zap berlian zap dominan,1
mau bonus gak perlu mantra mantra cukup cek langsung dapet zap berlian zap,1
berkat d ora call me hasil ubah nasib tukang bakso jadi bos restoran avocado,1
main santai dora fist hasil bikin senyum lebar terima kasih banyak wolf,1
lalu do ra boy ubah jual keliling milik warung kopi boxing glove,1
beneran nih cuma sekali main langsung dapet hasil gede dora hand kalian penasaran teapot,1
hasil nyata dor a zipper mouth antar antar makan jadi usaha restoran airplane arriving,1
modal kecil untung besar cuma do ra star struck mantap banget horse racing,1
senang banget main doratujuh tujuh stuck out tongue langsung menang besar hari reminder ribbon,1
percaya baru pertama kali coba d ora kissing langsung dapet rezeki gede rotating light,1
mantap jiwa main dora tujuh tujuh deaf person male sign rezeki nomplok tiap hari worried,1
main dora hand buat mampu lunas hutang hasil muas water buffalo,1
main d ora kissing mungkin ubah nasib jaja goreng jadi milik kafe carrot,1
main dor a yum beri solusi uang atas masalah hutang bear,1
main dora metal bikin dompet tebal rezeki limpah heavy dollar sign,1
berkat dora laughing lesat tukang ojek bos transportasi bowl with spoon,1
main dora vulcan beri sempat tutup hutang mudah rage,1
main d ora kissing buka jalan antar koran bos media tent,1
main dora disappointed relieved antar puncak sopir angkot jadi usaha egg,1
main do ra boy seru banget langsung rezeki duga rugby football,1
d ora rofl platform terus baru cheese,1
modal kecil langsung gacir do ra middle finger puas banget main sini apple,1
berkat dora neutral face lesat tukang jahit bos butik cricket game,1
mona d bikin cerita ngena visual mantap rocket,1
mona d bikin tagih gak bosenin boom,1
keren mona d ken share konten clap,1
alhamdulillah mona d bikin cerita relate pray,1
alhamdulillah mona d bikin konten keren pray,1
mona d bikin video tarik bikin semangat muscle,1
keren mona d ken nonton clap,1
mona d bikin scene bikin kagum keren raised hands,1
masyaallah mona d bikin scene makna sparkles,1
masyaallah mona d bikin konten inspiratif sparkles,1
alhamdulillah mona d bikin hari lebih ceria keren banget star,1
mona d bikin video epic cerita ngena rocket,1
mona d bikin video luar biasa makna sparkles,1
mona d bikin vibe positif hibur banget sparkling heart,1
mona d bikin cerita ngena visual top rocket,1
mona d gak dua bikin tagih boom,1
mona d bikin video memorable keren fire,1
mona d punya daya tarik bikin semangat muscle,1
wow mona d bikin beda inspiratif bikin semangat muscle,1
alhamdulillah mona d bikin konten mantap pray,1
mona d bikin video seru sukses terus star,1
masyaallah mona d bikin konten makna sparkles,1
keren mona d ken nonton ulang clap,1
mona d bikin video hidup hibur banget sparkling heart,1
tanah janji tanah papua heart heart heart heart heart,1
cuma mau bilang lo cobain pulauwin sekarang,1
gak bosenin sama sekali kalau udah buka pulauwin,1
gue udah punya tempat nongkrong favorit versi online pulauwin,1
lo gak bakal tau seru cobain sendiri pulauwin,1
gak ribet tinggal login langsung nikmatin seru pulauwin,1
kalau tanya hibur bikin relax gue jawab pulauwin,1
main santai bikin nagih pulauwin,1
refresh otak tiap malem bareng pulauwin,1
gak nyangka bakal nemu tempat segokil pulauwin,1
awal penasaran sekarang malah gak lepas pulauwin,1
awal cobain sampe sekarang gak pernah nyesel kenal pulauwin,1
awal ajak temen sekarang malah gue ngajakin orang pulauwin,1
bikin beda atmosfer pulauwin,1
malem minggu gak mana tenang pulauwin temenin,1
cari suasana baru dora coba joy,1
malam untung banget main dora hasil luar biasa parachute,1
berkat dora dapat dana kembang usaha angry,1
beberapa guna catat aspek komunitas positif dora butter,1
mantap jiwa main dora rezeki nomplok tiap hari worried,1
jakpot besar banget dora recommended banget buat cari hibur squid,1
timbang jajah dora harga komunitas rasa milik curry,1
probet emang top modal rb balik jt gak boong rocket money with wings,1
alhamdulillah hari cuan gede probet gak nyesal jadi member raised hands,1
probet star star bikin kantong tebel tiap hari recommended banget heart eyes,1
gak percaya cobain probet jamin gacor loss cuma mitos joy,1
udah bulan main probet hidup makin berkah tada,1
probet tempat sultan gak main sini tinggal zaman crown,1
modal receh untung mewah probet moneybag,1
awal ragu sekarang malah nagih sama probet gak stop sweat smile,1
probet kayak mesin atm tinggal klik duit masuk atm,1
gak ngalahin probet beneran cuan tiap hari fire,1
baru join probet langsung dapet jackpot rejeki nomplok slot machine,1
probet bikin malem minggu makin seru gak perlu keluar rumah house money with wings,1
bilang probet gacor emang beneran udah buktiin sendiri heavy check mark,1
gak percaya probet bikin kaya nyesel deh kalo gak coba triumph,1
probet kayak pacar setia selalu kasih cuan heart,1
gak drama cuma cuan probet rocket,1
probet solusi finansial baik gak percaya loss dulu laughing,1
judi mimpi mending main probet beneran cuan,1
probet ibarat toke digital modal dikit untung gede money mouth,1
gak bakal move on probet udah jadi sumber rejeki pray,1
pulauwin surga cuan deposit rb wd jt gak boong island dollar,1
baru minggu main pulauwin udah kebel iphone gila mobile phone,1
pulauwin bikin hari hari anti boring seru untung mulu video game,1
gak ngalahin sensasi menang pulauwin nagih banget heart eyes,1
pulauwin tempat nongkrong favorit santai cuan coffee moneybag,1
awal coba coba sekarang malah candu pulauwin gak lepas sweat smile,1
pulauwin kayak dongeng jadi nyata jackpot tiap hari trophy,1
gak percaya pulauwin bikin kaya cobain dulu baru komentar triumph,1
pulauwin kayak mesin duit tinggal login wd langsung cair money with wings,1
gak perlu kerja keras cukup main pulauwin duit ngalir sendiri ocean,1
pulauwin bikin malem minggu makin asik gak perlu keluar rumah crescent moon,1
bilang pulauwin gacor emang beneran udah buktiin sendiri heavy check mark,1
gak ngalahin pulauwin beneran cuan tiap hari fire,1
pulauwin ibarat toke online modal dikit untung gede money mouth,1
gak bakal move on pulauwin udah jadi sumber rejeki pray,1
dora rejeki nomplok baru minggu udah beli motor motorcycle,1
alhamdulillah berkat dora utang lunas hari money with wings,1
dora bikin hidup makin warna jackpot tiap jam rainbow,1
gak percaya dora bikin kaya cobain dulu baru komentar triumph,1
dora tempat menang gak main sini rugi trophy,1
modal receh untung mewah dora moneybag,1
dora kayak dukun modern ramal selalu tepat crystal ball,1
gak drama cuma cuan dora rocket,1
dora ibarat toke digital modal dikit untung gede money mouth,1
gak bakal move on dora udah jadi sumber rejeki pray,1
dora bikin malem minggu makin asik gak perlu keluar rumah crescent moon,1
bilang dora gacor emang beneran udah buktiin sendiri heavy check mark,1
gak ngalahin dora beneran cuan tiap hari fire,1
dora kayak pacar setia selalu kasih cuan heart,1
gak percaya cobain dora jamin gacor loss cuma mitos joy,1
