clean,label
makin yakin abis baca review vv sgi,1
paling suka model h heart eyes fire,0
mobil udah hancur pleading face,0
manut benar bikin aku jadi sultan,1
moga lekas recover mobil mas dipo,0
pantes tongkrong maen alexis,1
gua udah ga bayangin hidup alexis yin sih,1
langsung percaya lihat hasil,1
orang bilang alexis tuh miracle banget,1
yapping mulu anjir kagak jawab sistematis realistis,0
gue rela gak upgrade hp nabung alexis,1
sekarang udah brp dislike thumbsdown thumbsdown thumbsdown thumbsdown thumbsdown thumbsdown,0
keren bngettttt,0
atas gd mas asc monster sweat smile,0
makantuh tengah jam,0
pikir lewat mikir sampe lupa pu lau tujuh tujuh tujuh,1
kocakk emang cara biar komenan judol ga atas izurzuhri,0
rasa dengar orang kampanye sweat smile,0
heart weton heart,1
dikit iphone lu napa bro xd,0
orang presiden joy joy,0
wah jawab beliau template ndak tau kok tanya,0
kesel gue pas kepala babi malah bahas perang dunia blunder,0
busett cerahh banget triangular flag on post sgi triangular flag on post encess sama koinya ngasih mulu,1
bro alexis ngadain giveaway nih hadiah motor sport baru,1
menang suhu bikin hidup,1
pesona laksana beli jb cuma nuruti mania yg koar sosmed,0
baru jepe kali wede lancar banget,1
makswin brusan gates gg banget,1
seru abis rasa gak lengkap hari fire zap alexis zap fire,1
ahmadtoto bikin lupa masalah hibur hakiki,1
emang gak se percaya alexis sih,1
gak pakai proses nya langsung wd,1
sungguh dora tagih berat sulit henti,1
semangat garasi drift moga cepat jt,0
banyak kata lumayan,0
aceh donggg,0
buset menit udah kalah aja mas panji rofl,0
astagfirullahaladzim cry cry,0
bangun tidur ku terus ngeslt emang paten kali mandalika nih apa udah maxwin kirain cuma mimpi doang maxwin,1
velg nya cakeppppp drooling face,0
truck ev blm,0
kasi jp pas modal haha makasip luto,1
baru tau barusan gue ikut dislike joy,0
cobain langsung tagih puas,1
bangga gua nih kalau tongkrong star alexis star top markotop,1
ga tau mau komen apa yg jelas ga bobot nya,0
kocak banget lu nji wkwkwkwkwk,0
fix gak nyesel bangga banget jadi bagi fire zap alexis zap fire,1
sis ngeh kalo alexis keren gila,1
nonton sila dulu baru kesini sweat smile,0
buset tv gede gitu main pes gawang gawang liat kalih,1
bang coba riview hp blackview,0
mas amba kyny lebih tau realita lapang,0
salfok booth airbft rofl,0
nama parts nama flexibel gampang rusak,0
semua orang bilang alexis star star tuh blessing banget,1
udah cukup joy,0
iya lucu banget joy joy joy joy,0
ishowspeed pernah review,0
nganggur pres wapres,0
beli aja uda neng banget gimana klo uda munyain,0
keren gas kak weton,1
nama aja the elite emg elite gaada yg norak kek pasar malem,0
main alexis suara,1
berkah rezeki hari berkat probet puji syukur,1
nice link bagus mandalika,1
min video lu baguss pilih sgi,1
capek bgt nemuin alexis trs,1
tirta cipeng ahok gas,0
ampe merinding cuyy,0
manusia biasa joy joy joy joy emang,0
tuju bngt,0
emang alexis gampang menang,1
jokowi mulu sebut,0
bobrok bawah sama pimpin kupas tuntas,0
gue rela gak tidur ngikutin update baru alexis,1
mandalika mekswin depoin limpul,1
who hurt you sweetie heart,0
cuy serius nanya alexis beneran bagus,1
kalo mazda paling suka cx,0
mazda,0
alexis superrrrrr bos gac r layang,1
journeynya video baru mas ridwan,0
jepey gmpng banget sgi,1
wkwk sama bg linggarprasetyo,0
cuy alexis lo coba,1
nggambleh thok isone mung omong apik wae payahhhhh,0
rezeki alexis makasih untung,1
up trending,0
ngga ribet gampang banget dapet tambah,1
pt apa bang,0
main bareng temen pulauwin emang seru,1
penting jadi presiden tada,0
mantap bang jadi lebih paham point up,0
emang gak se asik alexis sih,1
sgi bikin tagih,1
fix gak nyesel setia banget sama zap alexis zap sejak awal,1
tunggu tunggu salam jepe sgi,1
gilaaaaaaaaaaa,0
mandalika makas lah uda ngasih keren pokok mandalika sesuai pnya isi nya,1
dapat,0
worst president ever,0
youtube premium,0
pimpin yg sungguh sehat pak ahok,0
makasih aeyao rezeki bikin hati senang banget,1
bng coba game zeus x sgi gampang bet pecah,1
jujur cakep bener livery nya asa tamiya rame cakep,0
kirin nya gila anti panas cuma anget anget doang,0
epic moment sgi,1
gue udah coba main jam jam alexis emang gacor jam pagi,1
bro sibuk sih alexis bonus deposit super gede nih,1
samaa wkwk,0
yg tunggu weton,1
asli gd baik sukses terus gd fire fire fire,0
sweat smile yg penting kaya,0
suka banget main dewadora gak nyangka dapet jakpot langsung,1
gue udah ga bayangin hidup alexis udah mata cahari,1
senang banget rezeki tak duga mandalika,1
bg sekal cobain drift sx gp sports,0
cuma tonton relieved,0
plango plongo doang yg bikin gereget ken sikut biji mata joy,0
negara kaya kuat membrantas korupsi,0
harga jaecoo j mirip sama zenix,0
ngakak gua ngab ovanfebrian ff,0
aduuuh perih liat mobil br jd udh ngantam tembok cry,0
maizarindra kata buzzer brain rot guys tepuk tangan in dulu dong clap,0
kece banget cross track nya,0
detail loo,0
only one word that i wanna say yakan relieved,0
alexis tuh emang ngerti butuh membernya kasih surprise bonus,1
mahal pernah main piala dunia,0
ges doain gw coba stop maengaruda ho ki candu bgt gacor nya gw,1
gasss sih bikin motor ala jejepangan wkwk,0
dislikenya sembunyi joy,0
lah emang awal memang ga nyambung,0
kmren milih siapa,0
trusted emang berkah,1
jairo,0
parah alexis keren banget,1
anjir menit udah selesai tuh,0
dewadora emang beneran gachor,1
gak nyangka iseng doang eh tagih pulauwin,1
hendrayadi vh semua partai sama aja semua isi penting pribadi,0
nooo kapal api nya mana cry,0
rezeki limpah datang agustoto makasih banyak,1
juta doang bang pesan unit joy,0
dulu ni orang ngomong mana point sama bapak e,0
wede kali hari sketer terus,1
abis diamukin irene lo bang rofl,0
uang rakyat gk nih joy,0
cakep kali weton bravo,1
mbg kak bukan mgb,0
ahmadluthfiprofile pake iphone lgbt,0
tempo wkwkwkwkkwkw,0
konten keren banget jelas main bagus bang weton,1
yakin bokuggooiti gak kecewa,1
coba weton gak ribet salam petir x,1
mobil akang mv gt,0
heart heart heart prabowo gibran no,0
rezeki nomplok hari berkat dora alhamdulillah,1
gak gelar sarjana menang alexis,1
asc monster tim roadbike nya thumbsup,0
ragu slot gacor pluto,1
gue sih udah ga heran kalo alexis trending tiktok,1
pagi pagi udah dapet notif wd alexis mood langsung bulan,1
link spion nya bng,0
kamu pinjam bang,0
hindar tanya kyk ngehindar debt collector aja joy,0
gue sih udah buktiin kalo alexis tuh scam,1
kaget,0
eh bro alexis event spesial nih hadiah rumah mewah,1
belj miniatur spek bongkar pasang acc aje bre ngak ngaruh grin,0
kalian sadar gak sih kalo jokowi gak pernah podcast mana,0
modal alexis manfaat,1
mhhaekal mah emang caper aja akun punya sendiri coy,0
exclusive ny jauh kelas banding iphong gitu aja joy,0
main dora buka jalan jual bakso bos restoran,1
ngarang kamu rage,0
udah jawab bos coba liat dgn serius,0
heh yg ditanyain ttg transparansi bukan konten,0
alam pulau selalu senang,1
makasih mandalika withdraw dah landing cepat kilat gacirnya bukan kaleng kaleng,1
smoga bs punya,0
inspirasi hari mandalika,1
menang isototopasti bayar lunas gak pake drama,1
kosong mass sweat smile ngga bobot,0
sih alexis trending gitu asli,1
nyobain barang aneh eps kapan dih bang,0
emng knpa y tpi skil obel bagus si,0
agustoto aku gak boong dsini hoki mulu,1
serah gw lah mnurut gw aneh dsar manusia manusia bg,0
salut bang keren konten salam jepe star sgi,1
bang jam segitu menang w sgi,1
stop judi bang,0
terus kembang arhan semangattt salam weton gampang jepe,1
ngeh kalo alexis keren,1
wakkaka si usak mobil kan joy,0
emang gak dua sih sensasi main alexis star star,1
jual nga,0
dora tawar dekat beda libat daring,1
like dulu aja mudah an beli iphone promax,0
gue sih percaya aja alexis gak ngecewain,1
gin nyantai main pluto kasih maxwin,1
lcd nya mahal apa coba sweat smile,0
kasi rakyat indonesia punya wapres kyk gin sweat smile,0
gue rela ninggalin nonton drakor fokus alexis,1
main teman teman sgi seru asyik rezeki,1
ngeri bang gk lepas joy joy,0
ken tertawa tp tak tahan takut,0
dewadora emang bener bener gachor,1
prabowo tu negarawan sejati brow heart heart heart,0
layak like tertinggiii,0
ilhamantariksa coba jelasin semua pinter poin pa yg pngin prabowo joy,0
mana duit,0
kalo alexis kuliah online ngapain,1
gua ga fokus sama nya sumpah,0
mekswin tiap maen dewadora,1
nih pulauwin kayak udah hidup orang orang deh,1
aku kasih menang luar prediksi ku kira rungkat nyata malah kasih menang s tus mandalika,1
auuuuuuuuuu joy,0
cara daftarx mandalika gmn bos,1
sering liat mobil prindavan kebut kebut,0
orang penasaran aja yg beli hp,0
siapa gess wkwkw,0
anjer langkah kalah wkwkwk,0
situs kasih sketer,1
tuju nih modif motor,0
jamin bakal lebih ngaco,0
gak nyesel gabung alexis,1
berkah emang juara rezeki gak abis,1
riko syahputra tp merdu si bang,0
super mantap situs mandalika gampang menang,1
ahmadjuli kalo bikin video se hebat garasi drift baru bilang biasa aja,0
ngak punya kapasitas,0
buset serius skketer zeus star alexis,1
salah satu episode skakmat baik,0
jepey gmpng banget s gi,1
semua jawab ngawur meleset semua,0
kan emang lgi setting ksna sm pdip,0
malu memang jadi budaya bangsa,0
nambah,0
orang mancing bang,0
anak abah pedes ngomong nya,0
alexis gk kalah hki trus maen,1
bicara demografi demografi endas iku sweat smile sweat smile sweat smile,0
edan alexis viral pokok,1
eflfive ngomongin fakta aja sih,0
dislikenya sembunyi,0
rear item diffuser wing apa,0
titip bapak,0
nice banget bang,0
bensin nya banding kaki bang,0
ane master ngecuan bowo astagaa,1
kagak usah panjang komennya si fufufafa kagak bakal nyambung,0
gua lebih suka jawa pimpin,0
siapin mental pak buat nyusul kayak mertua presiden korsel,0
lucu banget joy joy,0
nyata espro d bandung produksi,0
udah lama ngga garage vlog,0
pin salah satu komentar blush,0
bang buat perang makan dong bareng pandu winoto,0
dora gua cuma maen iseng eh malah jadi jepe,1
keren gas kak sgi,1
hebat keren sekali manut,1
kalo pulauwin bikin film laris sih,1
m rakhapa hooh harga suara palsu jt,0
dimasseto kamu tau ketawa karir,0
falihrahman ngomong apa njg wkwk,0
muter muter kaga karuaaaan,0
best alexis beneran gampang menang sl t nya,1
auto jepey sgi,1
lancar lancar bang salam jepe llexis,1
sempet nya diarahin muka dlu kamera lg rebah joy,0
gembira hoki baik,1
i phone nang liat harga huawei,0
hasil alexis bangga alih tukang koran bos warung,1
apasih buzzer cumi,0
ga bayang gmn ziko kalo ngemodif motor tunggu,0
situs besar banggan gw mandalika,1
keren pak ahok joy,0
bnyk yg puas alexis emg bnrn gacor slotnya,1
subaru crostrek dipo crash formula drift dipo kalah,0
ga pasang lampu rgb bang rofl,0
takut salah lipet sih,0
gila sih zap alexis zap andal gue sekarang,1
sad but trueeee,0
modal gacur lgsng jepe brusan,1
kawan terlalu sedikit lawan banyak joy joy,0
gue udah ga bayangin hidup alexis sih,1
mau bikin mem,0
henti ngehalu,1
viewerpositif moga jelas biar gk salah pikir,0
moga rezeki berkah bawa untung,1
langsung gak beli cuma nonton,0
likenya kok langsung cuat tinggi gitu mas thinking,0
trendingkan fire fire fire fire fire,0
bagus komentar kak video stop aja,0
apa upgrade brziko,0
aku malam klaim bowo master rezeki,1
the best skakmat sip,0
tunggu konten modif motor,0
mobil kayak gin dipake buat pro obel langsung masuk pro,0
semua temen gue bilang alexis star star tuh bikin candu,1
untung aku golput main aman,0
ngecasnya minggu penuh sweat smile,0
jatoh nya gak ngerti konteks gak sih kalo begini mah,0
benar benar kaget,0
kemaren baru beli mantap banget sih,0
gak usah,0
gak ribet semenjak alexis,1
omon ngalor ngidul nglindur,0
banget dapet sketer,1
kalau sama zenix hybrid mending mana bang,0
ku coba pluto langsung senyum hahahah,1
wereng coklat betul kok jawab kurang muas,0
sipaling proses,0
kerennn contentnya bang cari situs weton,1
gokilllllll,0
langsung beli redmi a,0
beli iphone samsung lah,0
kasihan wapres ngga malu jg,0
gokill rata kanan,0
bro alexis turnamen gede nih hadiah apartemen mewah,1
do a bikin tagih ken main terus terus sob,1
enk bgt omong orng duit cry,0
jebe tak ambil mas joy joy joy,0
wkwkwkwkwkwkw,0
yok d dis like,0
gak perlu khawatir soal duit kalo udah gabung alexis star star,1
mantap main weton rezeki alir deras,1
juta mp,0
iphone ketar tir liat sweat smile,0
mending diem kali,0
semangat bosqu baik llexis,1
thanks alot thumbsup,0
kalo besok sulittt,0
jangan ngehate mas gibran,0
kesini cuma buat mau bacain komentar nya sweat smile maaf,0
we love you btp,0
cakep kali sgi bravo,1
ini presiden yg kalian pilih gess,0
gua kira cuman pertama kali main doang kasih bagus eh nyata mau main tiap hari kasih bagus sama mandalika baru kali gua nemu s tus bagus kek begini langka bener jumpa s tus kasih wd terus,1
mantap pol main agustoto cuan terus hari,1
tim esia hidayah,0
nyata main axl gacir beneran hasil langsung lihat,1
gokil bangga banget jadi bagi fire zap alexis zap fire,1
anies gak usah ngelawak,0
bayar berapa,0
wow heart alexis heart emang paling top,1
ffffaaaaakkkkk iyaaa please,0
menit berapa,0
sumpah serius nanya alexis beneran bagus serius,1
class bos triangular flag on post sgi triangular flag on post gak ribet depo cepat wd lancar,1
malu in jadi presiden joy kagak nyambung rofl rofl,0
arief muhammad,0
wede malam makswin starlight,1
selamat moga saji entertain epik,0
gokil main zap alexis zap bikin nagih banget,1
wah bakal jalan strobo nih wkwkkw,0
waw thank you ko ruby,0
ga bayang bakal sekerenapa kalau brz v nya obel tandem sama br ziko,0
bawangg bawangg face holding back tears face holding back tears sneezing face sneezing face rofl rofl rofl rofl,0
epic moment sih gokliisss,0
x max nya gila gila om motor impi sejak lama,0
ternak mulyono gaji pake uang pajak cuman buat video tipu tipu,0
banyak slot mati lu gantung,0
semangat bang konten nya salam weton gampang jepe,1
suruh bapak mah,0
wkwkw kosong semua jawab,0
rezeki weton bikin hari makna terima kasih,1
ngomong kayak kumur kumur gk manfaat,0
pinkgangsta sumpah bagi kyk ga masuk otak aku dlu,0
broom yaah generasi gk guna move on doong rofl,0
nyari krja susah smpe orang tua bantu nyariin kerja joy joy,0
jadi bagi ceria mlndalikl,1
kalimat kayak pkia ai sesuai lah yg gaung,0
gak pusing mikirin biaya nikah kalo udah join alexis,1
buzzer pak bayar berapa,0
alexis tuh emang andal gue kalo butuh dana cepet,1
mlndalikl gachor bgt menang terus,1
keluarga jadi beban negara,0
sehat salam weton gampang jepe,1
abis pandji langsung pachinko,0
pandji malu joy hahaha catur nya lmgsung kalah menit awa,0
emang gak se adil alexis deh,1
cuan gampang tuh pu lau tujuh tujuh tujuh angan angan,1
komennya langsung serang buzzer nya,0
gibran nya gak berani oom,0
gue udah ga bayangin hidup alexis udah sumber hasil,1
s mesin r heart samaa gtr r emasss damn,0
cumi g bang,0
gas tu gan mandalika zeusnya nya galak tu mau aja tu ngasi gw baru kasi maxwin,1
moga alexis sukses amin,1
sukaaa bangettt sgi,1
tim yg udah punya sblm riview,0
no tempo no party,0
main aero beri alam senang,1
nyimak abang sgi cair mulu,1
cuan ngucur deras cuma rulau bro,1
akhir jago masuk indo selamat jalan samsung iphone joy joy,0
kocak banget main catur joy,0
ilhamsaputra tau pilih anis,0
mercedes tetap konsisten ga ikut iims sweat smile,0
pajak tahunanny brp trims,0
llexis bikin maxwin gampang,1
dora tawar alam visual tarik,1
weton uhuy,1
suara gokil dah dash dash dash dash dash,0
kesini cuma mau tekan tombol dislike,0
gak gagal sgi,1
gak takut tipu kalo main alexis,1
geloo weton cair x,1
kata kata andal ziko yg guaa lumayan kerenn moyai,0
robbyzulhaq rz postingnya channel pribadi ziko bukan chanel garasi drift,0
manaaa crosstrek nyaaaa,0
tugas kelompok sweat smile,0
minimal nyimak kalo mau buat bakal up chanel pribadi,0
fix coba bentar langsung menang miya,1
ga siap gan,0
lo aja kerja hasil titip bapak lo hhahahahaa,0
jadi top mantap is the best face blue smiling,0
real ahahahhaah,0
kritik realistis dong om,0
moga makin banyak orang yg turut bantu sepertimanut,1
hidup jgn pesimis bro semangat tetap optimis,0
chudoriagung anis pdip lu nglantur ngab,0
accord rasa audi sweat smile,0
jaka sembung bawa golok,0
gak beli walaupun dana,0
gak pusing mikirin biaya sekolah anak kalo udah join alexis,1
aku timur barat,0
moga rezeki mandalika berkah manfaat rofl sweat smile,1
gak ditest gaming rasa kaya yg ganjel person shrugging male sign,0
alexis emang top dah ga bikin kecewa jaman batu sampe,1
cuma bikin risih org,0
antusias kalau modifikasi motor mas tinggal modal sweat smile,0
mandalika real tuh dah gw coba bnrn gacir,1
lucu lawak,0
pulang tinggal nama,0
sgi uhuy,1
warna pink,0
main mlndalikl bikin happy banget hasil gacir abis,1
udah yaa main ksatria ksatria smile cat smile cat,0
we are so fcked up fr joy,0
jasa skip,0
semua orang bilang alexis star star tuh bener bener ngubah nasib,1
power trainnya sama memang,0
wede cepat proses gampang recommended,1
menit ahok udah skakmat kan terus udahan aja acara sweat smile,0
hoki lipat ganda ikut pawpaw d rekomendasi banget,1
ohhh jadi jersey kiper warna ijoo wkwk oke siip,0
salfook sama ae joy,0
gak nyangka alexis se booming keren abis beneran,1
serius deh dapet cuan gampang tuh pu lau tujuh tujuh tujuh,1
cek saldo,0
ridwan ngmg om mob lu lu woi tua om mob lho,0
tetangga gue kepo hasil alexis,1
budaya nonton habis paham,0
gak perlu pusing mikirin biaya nikah kalo udah join alexis star star,1
hahaha gak punya chrome joy,0
swert bonanja makswin puas banget,1
sejak awal bro ngelantur,0
jauh lebih banyak dislikenya,0
bro tau ga alexis udah support e wallet potong,1
jarak rumah jauh mungkin alas,0
auto lancar langsung,1
lol moga versi gibran wkwkw rofl rofl,0
hape terooss,0
baik kak salam weton,1
max thukkhnekhylmehlwmakon,1
tunggu,0
kosong kosong cry,0
minggu main alexis gue udah ganti drone,1
kapan wehde juta modal k star alexis star doang kayak nya wkwkwk,1
jawab ttg bab masak,0
sore sore gin nyantai main mandalika tambah kasih maxwin hahaa mudah maxwin,1
simpen guys video nya guys jangan sampe ilang guys,0
alexis gua bru maen bentar lngsg jepe,1
ls for dipo tada,0
gue udah ga tidur nyenyak kalo main alexis hari kaya hilang,1
yapping terusss,0
absen like nya udah beli hape thumbsup,0
anak muda beking ayah takut tantang blush,0
kakk ireneeee liat langkah brilian bro pandjiiiiiii,0
joy kayak arah sama deh mas ziko laughing kurang briping nih sweat smile,0
seingetku hp lipat kagi gk masuk indo tecno lah,0
gokilll sii,0
jepey gmpng bgt maen alexis,1
coba deh pulauwin heart eyes,1
alamak huwawei jt lipat,0
endorse bapak sweat smile sweat smile,0
orang bilang alexis tuh bener bener ngubah financial,1
wohhhh yg tunggu lama bulan bulan akhir,0
incess skketernya keluar mulu say star alexis,1
marahin editor bang openingnya jd kocak wkwkw,0
yng tunggu,0
menit bicara nama pak jokowi sebut wkw,0
munggu depan,0
tuju lanjut dialog wakil,0
thanks koo,0
uu tni dukung demokrasi indonesia maju,0
sketer jepek,1
gilak proper banget mobil obell,0
x bahkan blush,0
pro aja bang sgi,1
prabowo bilo,0
buka yutup kesini trus dislike tutup yutup,0
terimakasih bang bantu sekali,0
crosstrek relly cosplay,0
jujur klo main mending sgi bang,1
berkah rezeki berkat sgi puji syukur,1
joy joy ksni cmn dislike,0
hidup jadi tenang shomabot auto jepee pahala,1
gue buka koislot langsung sambut petir,1
kerah sengaja pemasanganya aga miring,0
gameplay keren banget skill dewa nih alexis bangga,1
kalo tukar tambah sama nexian brapaan tambah bg,0
ragu menang sah pluto baik,1
udah tua bukan mati malah joget,0
si rijal doyan banget main pulauwin sampe kebel motor,1
new armada keren padahal jarang lirik,0
hayo ngaku siapa sesal joy joy,0
lu nabung bro minimal buat beli suporter version,0
keren tada thumbsup thumbsup thumbsup thumbsup,0
jawab sangat jawab sob why pak why,0
episode paling gw suka heart eyes heart eyes heart eyes heart eyes heart eyes heart eyes,0
skor performa gak sampe juta joy joy pake snapdragon joy joy,0
class bos weton gak ribet depo cepat wd lancar,1
yakali gak coba main pulauwin,1
tt j prime berapa,0
furina focalor deret bgg kek joy,0
pulau selalu kasih alam baru,1
ngaco banget gileeeee,0
bang video weton percaya k jt,1
rasain ajar sana bg sweat smile,0
sgi is the best,1
sini lihat yg pure jurnalis,0
main pluto tuh kayak peluang emas,1
alexis jackpot gk paham hoki,1
jelas ko jawab pak presiden kau ga nangkep,0
pagi tadi coba main mlndalikl siang nikmat jakpot besar,1
nyambung wo wo bisa cuma ndasmu ndasmu doang,0
gak mikir kali join alexis,1
jadi kesini nih sweat smile sweat smile sweat smile,0
pulau enggano sja pak presiden,0
gila alexis ashu percaya kagak nih,1
konten luar biasa keren banget cara kamu jelas main bagus sini bang star sgi,1
aturduit id sempat dimention sama uni lubis,0
semua temen gue tagih sama alexis star star,1
ahok the best,0
main situs segacor weton asli nagih sih,1
makswin brusan starlight nyangka,1
mandalika gampang menang,1
gua member ga ruda ho ki jepee sumpah,1
baju banyak kantong saku rofl,0
dewadora emang gachor,1
salam star sgi gampang jepe sehat selalu buat semua,1
alexis gk pelit bonus,1
comeeee on smiling face with tear,0
maen santai jepe,1
mustahil karna ahok skck,0
gua lipat x,0
gak pusing mikirin biaya obat kalo udah join alexis,1
kalo gue lbh suka aston martin,1
gw coba alexis yg lg viral rb jt sampe jam,1
agustoto gua gmpang bgt dapet jekpot sini,1
buat yg bingung anak bpk ahmad sahroni,0
hari main alexis gue langsung tagih,1
sangat fiktif banget ide,0
akhir jepe bukbuopt,1
keren g,0
hapus link w,0
komen paling akurat champagne glass,0
eko satrio it s satire,0
swert bonanja gacir modal jepek,1
gue buka youtube direkomendasiin isi pulauwin semua,1
main sekarang bawa pulang untung besar bareng mandalika,1
review rx arif muhammad bang,0
sukses mulai sini mandalika tempat,1
ziko mau ngonten modif motor,0
cmn main mandalika gw dpt ria mantap ayaaaaaang,1
keren sih weton main bentar auto jepe,1
rezeki dora tinggal,1
konten luar biasa keren banget cara kamu jelas main bagus sini bang weton,1
maen swert bonanja sketer terus terus,1
status kirim sedang kemas,0
paraaahmeeeennn,0
otw beli kopi kapal api,0
om mob ridwan tuju hidup sehat joy tada tada tada,0
modal kecil makswin wede gampang,1
temen temen,0
asshalihah awoawokawokw padahal udh jelas yak soft hard,0
kl liat video jgn smbil mkn ntar mual shushing face face with hand over mouth face with hand over mouth,0
wkwkwk cepet udh korban citra kdm,0
tatap kosong mlompong,0
gaak pernah gagal kleen punya project bro thumbsup,0
sedih wajib kir gue,0
motor aja setinggi headlamp depan bayang besar sob,0
pagi pagi dah dapet kejut fire,0
layan axl oke banget gak masalah sama sekali,1
varionya dnmotorshop in frame sunglasses,0
emang gak se hits alexis sih,1
team selalu nonton jarang komen joy,0
let s gooooo heart fire,0
dimasseto woh manggut manggut arti tuju yak wkwk gokil pikir lu,0
wakil anies baswedan,0
nyata,0
valentinus resa sana biar vibesnya jadi beda,0
kali nemu platform fair kayak alexis,1
jepe wede gampang banget,1
moments nya asa fd heart heart heart,0
alhamdulillah dislike,0
suruh bikin akun linkedin bu sekarang,0
coba pikirin bener gak,1
jangan judol judol buat loe miskin,0
gue rela bolos kelas ikut event alexis,1
mantap main bareng zap alexis zap selalu seru,1
omke gas omke gas,0
gua alexis nggk pelit main,1
memang cakep sih fire,0
gokil sih alexis bonus nya gk henti,1
mulai hari sempat baru mandalika,1
gue rela begadang malem main alexis,1
batal multifungsi tni polri,0
us banget nyata us pakek sni ta joy,0
gila updatean alexis keren gokil banget,1
fix byd sealion jadi mobil dinas sheila on wkwkwkwk,0
hebat mantap mandalika,1
sampe warung pecel deket rumah pasang spanduk pulauwin lo bayangin,1
jadi gejala awal bagaimana,0
modal receh lgsng mekswin gg,1
galak banget unit nya,0
komen judi moga manfaat akhirat blush,0
orang bilang alexis tuh bener bener percaya,1
gd ter best heart,0
gak perlu khawatir soal pensiun kalo udah gabung alexis star star,1
nyimak abang weton cair mulu,1
akhir temu,0
lockysigarlaki banyak bobrok coba sebut,0
pak prabowo nyebut deret presiden pak gusdur ga sebut cry,0
bang jahit kerah miring,0
fix pluto emang beda bikin member setia,1
meuni gacoor pis iyeu hemanut he,1
gue rela ninggalin bisnis fokus alexis,1
bang bahas oppo a pro a pro g apa,0
kdm ahok,0
omon angkat elektabilitas joy joy,0
bro tau ga alexis udah support bank e wallet,1
kdm ahok baru okee,0
gas modikasi motor,0
mau tanya abang danantara fungsi buat apa pray,0
untung baca komen lu joy,0
keren sih llexis main bentar auto jepe,1
dah ah tobat gk maengaruda hoki lg abis maxwin,1
tombol dislike mana ni udh berapa ribu ko ga kliatan wkwk,0
suka bener kalo ngomong joy joy joy joy,0
klo lolos piala dunia laris manis nie jersey,0
tim nonton pake xiaomi relieved,0
alexis bikin gue beli rumah cash modal rb,1
otw lang beli biji,0
coba dengerin orang ngegas,1
alexis bikin mood bagus anjay,1
ez clean bawa bowo bos k,1
ki daus daus,1
berisik iri previlege tp prestasi inter why not,0
next ust felix om pandji,0
lu diem kagak ha ndak usah nyepam lu,0
ahok kdm,0
lebih lebar,0
untung bikin sayang btv hasil,1
tunggu tunggu akhir nya naikin gaji editor vidio hahaah,0
ev yg ban serep,0
bang update kembang garasi baru nya dong,0
keren banget heart alexis heart emang paling top,1
ga ru da ho ki pernah ngasih gua jepe jt grin,1
heran lihat postingan kok pda jp semua jdi penasaran aku coba main receha ehh rupa beneran jp neng banget dooonggg slt gacir gampang maxwin pragmatic play mandalika nama situs bro,1
cocok pajak mahal blush,0
llexis maen santai aja tetep wedey juta,1
temen temen gue pindah pulauwin gue ngerti kenapa,1
kayak kalo lo kenal pulauwin lo hidup,1
kelas david gadgetin heran heran rofl,0
gila bang dipo keren bgt mobil,0
tanya paling keren seru tektokan nya mba nana kelas emang,0
orang bilang alexis tuh bener bener bikin nagih,1
weton is the best,1
laju batas joy,0
kalo coba bakal tahu rezeki datang kapan aja dora,1
gpp pilih rakyat negara bubar,0
yg aku tungggu heart heart heart,0
makasih agustoto rezeki hari bikin hati senang banget,1
duit mana ngab,0
yapping mulu bisa kerja lo udah ganti ama ai,0
masa depan in tablet sekaligus hp,0
weton bikin maxwin gampang,1
hasil dewadora mudah modal usaha tambah,1
ngeri suara nya,0
hendrayadi vh buser rendah,0
mascar yg harus mikir lo asep,0
modal receh makswin gg sih,1
kalo gak juara kalah sama farell si malu in,0
kecewa dengar jawab ruu ampas aset,0
pecah banget dewadora jepey,1
umur pengaruh pak joy,0
rezeki beri mandalika sungguh tiada tara nilai terima kasih allah atas berkat mu,1
apa yg punya erigo,0
pencapaianya apa rofl rofl rofl,0
latih baca pak wapres ku alhamdulillah lancaarr,0
ga diesel,0
keren bnget,0
air liur nya keluar om sweat smile,0
alexis emang ga dua layan vip member jam full,1
gak nyangka alexis se booming keren abis sumpah,1
rb orang cepat yum,0
mandalika bikin lupa masalah hibur hakiki,1
gass bikin konten motor,0
kalo tau bensin ap yg pke ethanol,0
pimpin lee kuan yew diri ahok,0
rezeki hari datang agustoto nyangka,1
gas coookkkkk,0
pulau bikin hari hari cua mantap banget,1
beneran deh heart alexis heart emang paling top,1
gokil banget sih alexis hadiah,1
modal k lgsng makswin gg parah,1
top markotop dah layan alexis,1
kirain bakal lebih baik jokowi nyata lebih buruk sweat smile sweat smile sweat smile,0
ga kyknya ferry mah too far to copied joy joy,0
gak nyangka menang agustoto auto party,1
nice banget,0
alexis emang ga main main aman data member,1
juta kali bapa presiden jawab yakan,0
motor oss dete sikat bang ziko modif motor jadi ngabers joy,0
class bos triangular flag on post weton triangular flag on post gak ribet depo cepat wd lancar,1
duh gimana yah,0
ga mercy iims,0
kia korean international automotive,0
indonesia siap,0
bela diri terooossss omonganya ngelantur,0
menteri tinggal maju raja wkwk,0
axl tawar dekat beda libat daring,1
sukses terus sehat selalu om fitra eri om mob,0
gimana pakai si alexis fix,1
emang gak se seru alexis deh,1
mending nonton tiktok sweat smile sweat smile,0
edwardwibowo yg demo nurunin ahok kan elu bang rofl rofl,0
sabar lh dngn pilhan mu joy joy,0
wahhhh lord akhir btp joy joy joy joy,0
suka strada old,1
sangat inspirasi jalur cepat jadi wapres,0
nunggu bang david review honor pro,0
faa kl santai wae kok koe sewot,0
lmao how much they paid you,0
layan do a super ramah puas banget high brightness,1
untung pas ga pilih prabowo ga punya dosa aku negara sweat smile sweat smile,0
biar kutub masyarakat pilih,0
akhir yg tunggu grin weton,1
semua orang bilang alexis star star tuh bener bener ngebantu finansial,1
obrol sangat senang bagi kalang sweat smile,0
ngelag wd jalan alexis emang top,1
mamang bim maen sport centernya dewa united mang,0
alexis yin emang ga mati tiap hari makin rame aja,1
seru banget hasil duga,1
moga rezeki dora bawa berkah manfaat sama umat manusia,1
pebriyandwip apa contoh nya,0
petir merah gates bikin mekswin,1
tim langsung ngimpi point up,0
angeliart hehehe mah buzzer rofl,0
ubur ubur ikan lele mas wahid dadi bakul bus,0
pulauwin bahaya buat orang tagih,1
emang paham pak joy joy,0
poin solutifnya sembunyi dislike,0
mantap nih mas,0
mobil ngebul ga sono joy cat,0
hikaru ngeliat magnus blunderrr wkwk,0
fufufafa pride heart joy,0
kayaknyq mqs ismail terlalu lebih dah,0
mode ngeri huawei,0
mantap bener bg main thumbsup weton hand dini sampe kala luang rungkad main sini mau main game apa aja kasih naik saldo pokok mantap lah,1
lah naif kau pilih partai dukung nya,0
pleciden omon omon sweat smile,0
maen auto jepe gg banget,1
gubernur baik yg pernah,0
fokus nonton video x fokus baca komentar white check mark,0
jalan keluar negeri ga bahasa inggris rofl,0
subaru nya mana,0
alexis tuh emang ngerti butuh membernya kasih hadiah,1
stuck jaman orba bgst,0
duh jam nonton nyata kosong level presiden loh,0
kan emang anggar baik jalan rupiah tahun joy,0
yg belah organ kamboja kaburrr yok bisaaa,0
alexis bikin gue sultan bulan modal rb,1
buzzer jokowi hkumis,0
tim yg beli doang gak nonton,0
untung besar bikin aku makin semangat main dora,1
untung bikin semangat main alexis,1
bingung mau komen apa engak sabar nunggu tahun,0
wih g tuh menit keren,0
update mobil s mu mana bang udh kangen kagak liat,0
jangan khawatir apa orang pikir arti ialah apa kamu pikir diri sendiri mandalika mula gk percaya sih cocok buktiin memang luar umum website gacirnya,1
velg nya pakai semua jadi nya copot dulu brz joy,0
temen gue bilang alexis tuh bikin nagih parah,1
selera dipo mah emang g pernah salah,0
crashh noooo,0
narkoba presiden sih oknum,0
masa sih yum,0
mlndalikl aku cba jepe gede lngsg,1
gilaa ubah drat cok main,1
baru coba lgsng makswin,1
ji pernah ngak e nyesel pernah bela pihak yg eng ing eng,0
gasss and goodluck mas dipo,0
main aman hasil jawab pluto,1
makanya bikin pertanyan to the point joy,0
dah pesona memang jodoh laksana hand,0
sekitar tangerang raya outlet resmi erspo ga tau yg disenayan,0
sayang chipset ampas,0
lebih doang bang biji joy,0
sgi bikin maxwin gampang,1
emang pak wapres ngerti cara pola pikir,0
ka wkwk,0
weton ngadu nasib wkwkw,1
jangan ngimpi beli dong,0
youtube indonesia serang bot judol,0
alexis tuh emang bener bener beda sih rtpnya tinggi pasar,1
mnding main balap tamiya bran,0
retnowulandari dah,0
bang wilayah mu kencingin bang,0
bang pandji kacau bener main catur wkwkwk,0
ruangkarsa sektor mana nanding android jumlah apps sweat smile,0
mah bukan mobil moowwwwbiiiiilllll,0
gak kecewa main llexis slt on fire,1
main pola alexis keren abis,1
maaf lambat bang semangat salam sgi gampang jepe,1
pulauwin orang sih,1
pernah pakai huawei zaman huawei jiplak blackberry blush blush,0
wajib review supra sih gua keren banget soal,0
dora gacor auto win,1
min sgi,1
avatar the way of water jam bro jelas arah nya,0
si rian doyan banget main bokuggooiti sampe kebel motor,1
alexis emang ga dua layan super kilat wd lancar,1
wuling confero cortez udh hilang rolling eyes rolling eyes,0
wakakakkkkkkkk joy,0
ga m,0
anjir udh serius asik tiba skakmat wkwkwkkw anjer wkwkkw joy joy joy joy,0
nonton pake huawei nova t sweat smile sweat smile,0
garing banget promosi,1
nyala abangkuuhhh tada tada tada tada,0
gin contoh sdm rendah ngerti isi bicara presiden,0
kaga sebut tuh,0
mulu heran gue,0
duaratus jeder metrowin sultan gacur,1
mobil nya keren spek mantap buat drifting,0
gak pusing mikirin biaya didik kalo udah join alexis,1
terima kasih nonton mas,0
nade bang mbois ilakes,0
dosen baik jakarta keren,0
org dang mending mikir x,0
wah seru banget nih main mandalika modal menang banyak gac rnya luar duga,1
alhamdulillah,0
si zaki wedey koislot beli rumah tanah hasil wedey,1
juta ajaa,0
gila asli mentok kanan banget mobil beuh,0
how to purchase in india help please,0
ngeri senggol jatuh pas lg buka patah gmna rasa y,0
alexis jackpot gampang banget gk percaya,1
salfok sama kerah tinggi belah,0
orang bilang alexis tuh bener bener ngubah nasib,1
swert bonanja gacir mntp,1
alexis udah denger bikin penasaran,1
moga beliau beri jalan yg atas,0
belakang jaecoo j yg seater,0
alexis cba maen jekpot gede,1
ngejostenan thumbsup thumbsup thumbsup,0
main santai agustoto eh malah dapet jakpot besar gak mau tinggal,1
haduhhhh mending jangan,0
bener benar gelapppppp,0
om mob s epic moment,0
mas coba ngerivil mobil along fazreen,0
adnansaputra fc emang omon gak tindak nyata joy,0
promo deposit bikin hoki,1
gachor banget dewadora,1
up up up aku baru coba bang gacir sltnya mandalika pantes rame kali comment hahaha,1
buru buru soal jumat mau up crosstrek,0
fire alexis fire tempat hoki terus gaskeun,1
pluto modal hasil maksimal,1
ingat ken block,0
dapet perek uzbek biji,0
ken banget liat honda cs modif adventure ala ala atenxkatros,0
beli langsung joy,0
nya kayak kenal punya akang mv kan bang,0
gak sabar liat mobil brziko tandem sama mobil,0
tau bgt nih panji jgn malu in lah bang pandji,0
promosi apa sih ni,0
oo punya mobil anak ahmad syahroni,0
buset alexis mudah yah,1
knp ban google bang,0
dora cuan gampang mulu,1
kapan akhir ikut pak,0
radityasans iya lg sweat smile muter muter,0
emang kamu tahu apa yg kamu omongin wapres zonk,0
alexis aman gak sih tau,1
mlndalikl emang is the best jp nya bikin mata belalak tired face triumph,1
cuan tuh gak serius serius tau pu lau tujuh tujuh tujuh,1
hari join alexis gue udah dapet cuan dp rumah,1
jepe kali maen lgsng suka,1
pluto sukses bawa alam main kelas,1
alahh udah kayak paling dunia ajaa,0
kesini cuma mau baca komen netijeenn,0
apa perlu petik,0
luar biasa orang baik berkah selalu buat kalian moga rejekix lipat ganda slalu ikan sehat mandalika emang top,1
quickster max sama qualcomm snapdragon jauh,0
nathankirt waduh extratime kaya ka,0
sih liat,0
jadi paling lucu pas skak mati rofl rofl rofl,0
kalau kasih masuk ngetik dulu yg bener,0
gue udah cobain platform alexis gampang maxwinnya,1
gak lama lama langsung gacir agustoto rezeki duga,1
wow pantas hitung,0
wkwkw aneh yak liat,0
wkwkkwwkk emang bener,0
alexis sih heboh banget,1
alexis tuh emang bener bener beda sih rtpnya super,1
hari jumat gada video nih,0
gue ken asisten bilal asmek,0
esia hidayah nyimak,0
jepe brusan gates auto wede,1
gak ngalahin benefit main alexis,1
lanjut si fufufafa yg ajak diskusi,0
gassskaaan bang ziko ngaber joy,0
hahahahaha joy joy joy joy wkwkwk ketawa in mas wapresss yum yum face with open eyes and hand over mouth,0
ijin like x ijin dislike white check mark,0
test dong isi full bensin listrik tempuh brp km aktual,0
baik kak salam sgi,1
mulai hari sempat baru bukit,1
cinematic gd emang paling gokil abis anjir fire fire fire,0
alexis lunas utang gw cok wkwkwkwk,1
terimakasih upload bg sibukweton,1
apa an tu moyai moyai moyai,0
layan alexis cepet banget sih,1
dora cuan banget,1
gokil lah trus manggut raut muka gitu tanda apa,0
ngopi muter garuda hoki manteeb bat,1
you spit fire bro fire fire fire,0
harus pake backsound eeeeeee aeeee aaaaaa,0
wd gampang banget pake ribet,1
tinggal cuan gaskeun pu lau tujuh tujuh tujuh,1
lambo lbwk,0
akhir gw main pulauwin sih kasih menang,1
game nya gacir sketer prnh zonk,1
deg degan banget nunggu jp mandalika akhir pecah,1
jt views jt calon beli,0
izin nanya alas kaum pilih pak prabowo apa cry,0
bulan main alexis hidup gue ubah derajat,1
info kak gua mau kabur dulu wkwk,0
hari auto gicir happy,1
fire alexis fire jadi tempat lari paling asik beneran asik banget,1
kereen sumpah ikut bangga,0
nyambung ngga sih joy,0
gak skill khusus sukses alexis,1
beli mas jeje langsung siksa jalur offroad hehe,0
alexis perhati lihat tawar,1
akhirnyaaaaaa tada,0
alexis emang daun banget gila sih sih,1
tugas kuliah,0
keren banget bang dipo scream lebih keren bumper depan sangarin,0
garasi drift keren bnget,0
untung aja kasih menang sama pulauwin jadi bayar kontra,1
aero tawar dekat kolaboratif bas komunitas peanuts,1
ber tele tele,0
haru denger pak ahok thank you bang pandji buat sesinyaa,0
tempo gak,0
bau bau pildun wkwk joy sweat smile mimpi joy sweat smile,0
ismailadrian fe tahu apa tahu bulat,0
keren banget bang,0
dukung anies suka pak ahok,0
ga rubah turun jabat,0
ga mungkin si joy aja banyak cut,0
susah bro banyak kadrun ga tuju,0
alexis tergacor,1
minggu main alexis gue udah bayar cicil rumah,1
adnansaputra fc sdm rendah bgini jngan buzeer,0
yg punya gus,0
replika aja keren bang apa original nya bang joy joy joy,0
waktu yapping,0
omong opo bran gibran,0
krn jubir presiden ga fungsi komunikasi buruk,0
hahahahahahahahahahahaha,0
lah iya yah biasa jumat sore,0
kurang satu nih personilnya,0
ser lakon yg ngaco lhu,0
beda level huawei jauh atas brand comfortzone yg,0
udah langsung main mandalika bang udah jamin gacir banget zeusnya wkwkkwwk,1
ini penting biasa baca buku bukan baca teks joy,0
wede aman sketer sering keluar banget,1
bulan main alexis gue udah libur raja ampat,1
gk bakal ilang si kiamat,0
juta cuman bilang aja joy joy,0
kaya denger kake gw cerita pas lebaran hand orange covering eyes,0
bonus paman bapak,0
tempo kaga ajak anjayyy joy,0
mainset apa dah zer buzzer sibuk jawabin satu wkwk,0
siapa rangkumin aku nyerah nontonnya,0
mandalika tempat jago judi jadi lu cuma main ajar pro,1
mio sih seru,0
salut bang keren konten salam jepe weton,1
alexis tuh emang bener bener beda sistem adil,1
anggorodps lucu bgt plis argumen lu,0
gue rela ninggalin platform fokus alexis star star,1
gila sketer aktif banget hari,1
mana sih video asli,0
semua orang bilang alexis star star tuh bener bener bikin tagih,1
star alexis on fire parah,1
gass mas bikin modifikasi motor bosan mobil terus joy,0
bro tau ga alexis udah support bank e wallet minimal,1
bang review king finix note pro g,0
ayo gess biar gak dpt bonus,0
wajib coba zap alexis zap emang gak pernah ngecewain,1
paling kasih orang bahagia s tus mandalika padahal main baru udah kasih menang banyak,1
triangular flag on post weton tempat paling uhuy,1
kan kmren dah soul out mas mario marlin p,0
salut banget alexis,1
salfok sama rollroyce yg belah nya sob,0
hibur bikin happy untung cuma agustoto begini,1
bang review samsung note ultra murah banget olshop,0
lebih keren brz wkkwkwk,0
full sponsor joy,0
seru banget main dewadora hibur seru menang gacir,1
keren natural banget o on nya,0
gue sih udah ga heran kalo alexis trending instagram,1
jersey kiper warna kuning udh bnyak sebar jg kyknya,0
bang coba bahas hp smangsum s edge,0
pura pura ga liat joy,0
kepo alexis untung,1
sandymartono kek i fakta g trimo wkwk buzzer,0
tumben banget sweat smile,0
keren alexis gampang kasih maxwin,1
modal untung dora mantap banget,1
kosong bener,0
min weton,1
udah coba validasi data blm pak yakin gada gap,0
orng yg beli nih hp udh ga mandang servis nya rusak ganti baru,0
baru aerox ngorok gokill mr atenk,0
torsi nya mas pray,0
ishowspeed beli kemarin pas china cry cry cry,0
aman alexis udah ram,1
bukan mobil koh william,0
sekali coba berkah kasih sensa,1
no hp nya keren maju maju bos bos tada,0
gue rela begadang sampe pagi alexis,1
epic moment weton,1
salam kuku ireng,1
sama,0
sya liat peluang raut wajah bapak,0
krennnnnnnni tada tada tada tada tada,0
si paling tau lo ye ebonykkk xu,0
tau gitu aja main alexis,1
manut lari kejar bahagia,1
belimbing sayur ngerti apa,0
aduuuh pandji pandji tengah jam udah mau skak mat sweat smile,0
dora tawar alam daring beda,1
bang coba beli hp ip toko pstore riview,0
tahu bilang dora gacir banget,1
bro you tell too many facts and realities,0
om review mobil koenigseg jesko yg baru datang tda dong sweat smile,0
angeliart buzzer hoam bgt jangan obvious bgt lah,0
ngelantur otak gak nangkep,0
seperti edit jawab sama tanya ga sesuai rofl,0
wapres ganti ai aja,0
tonton,0
jangan tunggu lama modal kecil jadi besar bareng mandalika,1
kek jt daun aja negara uda kere,0
masa iya na pake intercooler smirk,0
bulan main alexis gue udah beli furniture,1
temen kantor sampe penasaran gue happy pulauwin,1
ayoo jadi ngabers lah sweat smile,0
suatu gw mau beli,0
gox bang karbida,0
komen basi gin,0
ganteng banget mobil mass sparkles,0
meded pis bro mantaaaaaapppp love you gesture love you gesture love you gesture love you gesture,0
arcturus biasa orang tua emang gitu tanya apa jawab apa,0
nyala wiiii fire fire fire,0
bang ziko modif motor langsung rata kanan joy joy,0
kurang tidur banyak main ps doang,0
bosen rame gara gara pulauwin,1
najwa sihab the real mvp tanya bobot jawabanya narkoba sweat smile kasihan,0
orang bilang alexis tuh bener bener asli,1
berkah rezeki berkat ahmadtoto puji syukur,1
gua udah beli tadi,0
terimakasih rekomendasi link gacirnya kakak mandalika,1
crosstrek mana bang,0
swert bonanja gacir pol puas banget,1
alexis tuh emang bener bener ngubah hidup gue susah makmur,1
aakhirnya david jajal huaweiiii smiling face with hearts heart eyes,0
gas modif motor channel ziko,0
cara ngelihat angka dislike gmn,0
sakit mobil emnga elu joy joy joy wan wan,0
buahaha mampir baca koment video pause joy,0
dora sedia bentuk hibur unik suka,1
alexis cba langsung bawa pulang cuan gede,1
tengah nyindir,0
alexis tuh emang bener bener beda sih rtpnya gila gila,1
thumbsup probet hand,1
rezeki hari datang terus agustoto senang banget rasa,1
jual ginjal sana kebel rofl rofl,0
usia produktif lapang kerja suram joy joy joy,0
ga sia sia maen dialexis beneran gua wd,1
ribet bngtt sii konsep,0
anggorodps joget dulu dong boy,0
joe biden versi lokal,0
om blh tau knp hummer jarang g yg pake off road,0
anwarproyek jadi mau presiden jago ngibul om anies baswedan,0
fix abis gua bklan beli seblak relieved,0
lambo lbwk nih,0
gw paling demen gas triangular flag on post sgi triangular flag on post wkwkwkww seru sering sih mah,1
oke mandalika gas gas gas,1
buset jud lnya banyak bgy,0
pluto emang beda,1
cs ramah proses gampang pokok oke,1
baru minggu join alexis star star gue udah beliin ortu tiket umroh,1
ertepe nya tinggi banget nyesel maen,1
orang marah marah lol lol lol lol lol,0
buseh komen nye udh wakil semua sweat smile sweat smile sweat smile sweat smile joy joy joy joy,0
hello lelaki sejati bro sedikit bicara banyak tindak,0
modal untung suhu mantap banget,1
orang bilang alexis tuh bener bener ngebantu ekonomi,1
alexis tuh emang bener bener ngasih peluang orang sultan sejati,1
the best tahun probet byar,1
salut bgt jurnalis nahan diri buat ga gebrak meja,0
gimana gua skat lu mati joy joy joy,0
larchy iyaa emang laksana paling top karoseri mah ecek ecek,0
prabowo stress,0
bikin pusing pala,0
over fender kiri gap mas kanan rapat,0
bang salam jepe sgi,1
cuan ni buzzer,0
kesini cuma buat dislike doang,0
best gokil banget sih fire thumbsup,0
bang kalo geber geber mobil gitu tetangga gk komplain,0
jepe mulu prnh zonk,1
kayak nya kalo tanya masalah joged oke gas bakal lebih nyambung,0
undang kok mas blush,0
rasa seru hadiah besar ggwp,1
lancar lancar bang salam jepe sgi,1
minggu main alexis gue udah ganti kulkas pintu,1
lebar panjang gagah kuadrat lah poko,0
bang jam segitu menang w weton,1
mah cuma omon omon ndusma,0
jelas detail mudah erti alexis paham,1
bulan main alexis hidup gue ubah total,1
mobil dipo gimna tuh,0
omon isi kosong,0
anjay pagi notif skakmat ahok,0
kristiansutanto rakyat mau milih kan ga tau jg depan gimana,0
wkwkwkwkkwkwwk,0
gabisa nyetir,0
emang gak se mantep alexis deh,1
kata yg warna hitam lbh tenaga arogan ala,0
kingpizzasuper paham tp buat apa mas,0
mr a still the best,0
percuma danain kampanye nya kan,0
ngeri gabisa nerima kritik soeharto v,0
gak cocok buat jadi mobil mobil sweat smile joy,0
menang berkat pawpaw d pilih,1
main skakmat malaka project lah pak tada,0
menit kelar episode joy joy,0
setia samsul hadir,0
kayak aja seru pulauwin,1
rame banget nih alexis tongkrong,1
laahh seri satu tp nya ntah brp smiley face with hand over mouth face with hand over mouth,0
bang ajarin cara nge drift dongg grin,0
napoleon pakai kenalpot modif,0
vidio pause lihat komen,0
swap engine ayla turbo,0
gue rela ninggalin nongkrong fokus alexis,1
ikut jamaah dislike joy joy joy,0
gak skill marketing sukses alexis,1
adipatijoyokarto kasi akal sehat lo,0
baru minggu join alexis star star gue udah beliin ortu kulkas baru,1
out of topic kamera yg nge shoot arah pandji ngga nge record,0
ziko pngen jadi ngabres joy,0
agustotomemberikan sempat coba baru,1
bonus demografi x bonus nepotisme white check mark,0
emang gak se worth it alexis sih,1
anggorodps sudut pandang keluarga koruptor yg maksud,0
untung agustoto beli rumah mudah,1
jangan beli bakso bulan depan brooo,0
wih subaru brz driftng suara paling gokil v dash dash dash dash fire fire fire,0
ken liat konten crostrack mas dipo crash,0
aja beli indonesia joy,0
bener bener situs percaya recommended,1
benar sekali yg nyinyir cuman kelompok yg hati nya jahat,0
persiden prabowo negarawan sejati brow heart heart heart,0
gw demen gas sgi wkwkwkww seru sering sih mah,1
gasss bikin konten motor,0
bg tecno common pro yg layar lengkung,0
masyaallah,0
dapet cuan ngopi tuh goals pu lau tujuh tujuh tujuh wujudin,1
swert bonanja gacir wede juta,1
kok nama pulauwin mana mana,1
combine gmc ganteng,0
realme g bang heart heart heart,0
mulai hari semangat positif mlndalikl,1
sering banget dapet sketer sini,1
baru kemaren upload udah crash berat,0
kaget dikit minggir lu miskin joy joy,0
nyari uang rokok malah kasih uang jajan minggu hahaha emng baik nih mandalika,1
jepe hari wede gampang banget,1
apa pak rukun mulai kalian hey face red droopy eyes,0
kereennn bageetttt bang boom boom boom boom boom boom boom boom boom boom boom boom boom boom boom boom boom boom boom boom boom,0
mc nya paid actor ajg glazing parah nge mc mah mc aja bro,0
menit langsung skakmat,0
muadah mudah manfaat aku kan coba mandalika real asik main,1
gue sih udah ga heran kalo alexis trending sosmed,1
opo seh cok rai,0
tau rahasia sukses anak muda jaman now alexis,1
kalo alexis pusing,1
moh gua kalau anis bacot doang kerja kgak,0
mungkin om ziko ga ngeliat moyai,0
gak ngalahin seru main alexis,1
inti,0
ndak tau ko tanya sama,0
ahok anis kaya nya cocok,0
fachrezaa wkwkwk hilang bang,0
review barang aneh bang up,0
wede aman petir merah bikin mekswin,1
mana episode crostrek,0
tolongggg kamera sama layar cakep bgt gilakk heart heart sob sob,0
berkah rezeki berkat weton puji syukur,1
yaelah thn lg cry cry,0
wih closinganya video pake mesin v fire fire fire fire,0
emang gak obat sih tagih main alexis,1
inflasi rendah sweat smile tuh apa,0
modal kecil ubah jadi untung besar agustoto amazing banget,1
luar biasa,0
mesti udah kelar menit rofl rofl,0
revolusi jadi indonesia bubar bawah perintah,0
tiramusi info daftar nya bang joy,0
naik gaji damkar,0
salam jwaselatan,0
menang aero bikin mimpi nyata,1
gue yakin anies ganjar jadi lebih ngejawab bapak,0
anggorodps coba jelasin wir apa yg lu tangkep prabowo,0
anak kecil sampe orang tua semua ngomongin pulauwin,1
swert bonanja gacir modal kecil jepek,1
quick change bulldognya hilang mur,0
gacur banget auto wede,1
orang menang alexis gak peduli background lo,1
ayo mas bangun motor blush blush blush,0
bela walaupun tau salah,0
kapan review vivo x ultra bang penasaran bang cry,0
gacir gitu loh dewadora,1
gg lu bang joy fire,0
parah forza nali,0
mba nana paling greget tpi sayang jawab tdak sesuai harap,0
kaki ridwan knp,0
besok beli ahhh smiley,0
heart weton heart,0
hp hp lipet tipis gin jadi ken iseng matahin sweat smile sweat smile sweat smile sweat smile sweat smile sweat smile sweat smile sweat smile sweat smile,0
solusi lah kok tanya joy joy,0
gampang urus cs nya santai,1
modal dikit lsg makswin cuy,1
soal makan gratis ntt pas bapak udah selesai masa jabat joy joy joy joy,0
kali gak ngehh pak ahok joy joy,0
pertama dapet apa om,0
mantap fufufafa,0
malem gue nungguin update alexis,1
gak nyangka gin axl auto traktir keluarga,1
buset ring kamera nya aj make bahan baja open mouth,0
wede gacir banget sih,1
berkat ntn jd dpt nick name baru utk pak wowo macan sirkus joy,0
pinter cari uang kalah pinter hemat uang,0
realisasi,0
hp lu lipet berapa bosss,0
gema buzzer nyuruh ajar guys tepuk tangan in dulu yuk clap,0
mantap gak nyangka alexis se booming keren abis,1
akhir tunggu tunggu fire fire fire,0
mang eak,0
satire kedok berita fire moga awet acara,0
sama nyesel gw pilih si wowo,0
mimpi,0
gue udah nemu jalan ninja gue alexis,1
angeliart heheh yakinnn eh kepala babi apakar upps rofl,0
ribu dislike pirsa hahaha,0
akhir keluar episode tunggu tada blush,0
dislike sembunyi,0
main halma aja tiga sekaligus joy joy joy,0
minggu join alexis gue udah beliin ortu smartphone,1
thankyou bang,0
dewadora maxwin pecah terus,1
hasil gacir main agustoto kecewa,1
harga nya brapah om insyaallah tahun depan beli,0
gue sih ga nyesel gabung alexis nyesel ga lahir,1
kox lebih fokus kekomen video joy joy joy,0
youtube napa jdi promosi judol,0
nasib driftpig gmn,0
gw demen gas alexis wkwkwkww seru sering sih mah auto jepey,1
gue nyari resep mie goreng keluar malah iklan pulauwin,1
baru episode skakmat sini seru main catur nya wkwkwkwk,0
gak pernah kecewa main mandalika slt selalu on fire,1
betul lo papap,0
lo gacor wkakakakakakak,1
makin cinta deh sama ringed planet alexis ringed planet,1
magnum pride,0
remuk kaya kmaren bang,0
boikot gibran,0
solusi kagak,0
judi online sekarang spam youtube face with symbols over mouth,0
rezaardiansyah lah emang ngapa bapak bapak wkwk,0
info sppi real mba,0
tim langsung beli,0
fire alexis fire selalu kasih vibe positif beneran asik banget,1
bulan main alexis hidup gue ubah drastis,1
komen seru,0
temen gue tagih alexis,1
motor sport era an bang,0
seru bang mandalika alhamdulillah rasa pensaran ku jawab mampir disni mandalika jamin bakal hk,1
klo sdh sakit hati memeng sulit,0
dapet jakpot juta lgsng cair,1
juta an aja sweat smile sweat smile sweat smile sweat smile,0
happy banget hasil pluto bikin hari ceria,1
coba hitung brp kali om mob om fitra nyanyi lagu ali on,0
gue rela ninggalin game fokus alexis,1
main dewadora bikin kantong tebal rezeki limpah ruah,1
gak ngalahin sensasi main alexis star star,1
apa iphone,0
busett cerahh banget sgi encess koinya ngasih mulu,1
langsung tarik semua menang agustoto buat libur,1
baru wede juta proses gampang banget,1
serah luu ae person facepalming,0
mulai langkah baru mandalika,1
terima kasi rezeki star weton,1
lihat jelas waktu debat capres kemarin kualitas,0
gak pusing mikirin biaya kuliah anak kalo udah join alexis,1
ambil hp nya langsung ludahin bang joy joy,0
alexis emang ga mati rame jackpot,1
tanya dong pajak phev mahal nda awat ribet nda,0
rezaardiansyah loh yt emng gk ngehasilin duit bro,0
cuman bukit sihh no debat tmenku smua main dsini jossss,1
ga seru ah ga nyerang perintah sm jkowi,0
ganggu banget mobil tot tot nyepil,0
apa tanya ai jawab,0
puas mandangin ganteng,0
macan udah ompong pak,0
mah ngehina,0
minggir lu miskin joy,0
rezeki limpah alexis makasih,1
makasiiiii ko saluting face,0
pulau tampil desain modern,1
gacur hari bikin semangat,1
baru maen lgsng gacor parah,1
gk gk bukan v alexis v selalu bahas,1
normal gak sih nton vdeo gni langsung pen mkn,0
gak perlu pusing mikirin biaya wedding kalo udah join alexis star star,1
nonton ny huawei matepad smile,0
the king of aerox,0
uni lubis nyeletuk supersemar sweat smile sweat smile sweat smile,0
lancar lancar bang salam jepe weton,1
benci komentar,0
alexis gua coba bentar saldo langsung x lipat,1
djarum super kan,0
sadar gak sih kalau tuh wapres harus ngasih solusi,0
apa mobil yg mirip film captain amerika joy,0
jd inget judul lagu the idiot are taking over nofx,0
velgnya goksss gilaa,0
gelooooo mas dipooo,0
sangat ksatria heart vs juta,0
akhir menang besar dora jangan cuma denger cerita sukses orang,1
semua temen gue bilang alexis star star tuh bikin nagih,1
jgn nekat mas joy joy joy,0
nice content,0
bro alexis tuh emang mantep banget gue udah buktiin,1
gas mas heart eyes heart eyes,0
bnyk yg komentar mandalika apa si jujur gua nanya,1
yuhuu salam kalbar,0
menit kata abang ojol bang udh bang gw bkn lawan lu joy,0
mantap ga sih paling bocor maen pulau,1
hasil kamera mantep sih pas daylight cakeeeppp,0
bagi nyimak doang,0
durasi kurang lama,0
terima kasi rezeki sgi,1
tambahin dikit dapet mobil joy,0
feri amsari heart,0
alexis tuh emang bener bener ngubah hidup gue miskin sultan,1
mntap poll panutann,0
kerja malah kampanye,0
support sama m pencil ndak,0
agustoto gua maen bentar aja lngsg wedey gede,1
ken banget kesana,1
one of the kind ahok brainy honest kind heart pray,0
dpt salam dr alex joy,0
anggorodps jawab banyak lebar mana person facepalming female sign,0
juju udah kapan zer,0
wajib coba sih coba mantep banget,1
ahok batak haha,0
tahi sekali,0
tuju kingfinix sunglasses,0
lucu banget diomelinn wkwkwkwkw,0
mungkin hp android mahal dunia,0
moga rezeki agustoto berkah manfaat,1
spill mobil dipo dong,0
nonton video malah punchline nya komentar joy joy joy joy,0
dislike,0
lu kagak cape nyinyir abadi,0
puma speedcat bikin ngiler,0
fokus sabar main pluto,1
pulau terbaikk jepe terus bro,1
keren banget zap jm zap selalu kasih kejut seru,1
presiden pantas pernah pilih konoha,0
bonus bapak luuu,0
exploding head luar by china,0
hari main alexis udah dapet cuan juta,1
konten luar biasa keren banget cara kamu jelas main bagus sini bang star weton,1
tanding selesai menit,0
alhamdulillah mantap lanjut id blue heart,0
keren banget bang salam jepe sgi,1
halah kerja minta cari sama bapak,0
gabisa jatuh dicurangin doang wkwkwkwk,0
tunggu pak ahok jdi presiden tunggu pray,0
bulan main alexis gue udah beli sepeda gunung,1
daaaaaaannnnn,0
gak lama lama langsung gacir dewadora rezeki duga,1
alexis selamat genting pol,1
responsible keren,0
adesendyfirmansyah betuuuul jdi yg omon sebenernya siapaa yaa,0
achievement unlocked selamat alexis bangga,1
gak perlu skill khusus buat sukses alexis star star,1
auto tajir bareng pulau keren banget,1
pantes tongkrong maen mandalika,1
semua orang bilang alexis star star tuh bener bener percaya,1
pak prabowo mohon jgn kecewa,0
udah tamat nih modifnya sweat smile,0
asa gk rupiah doang yg lemah,0
beres rumah nyepin pas dengar suara behhhhhh garang kaliii suara petir hahaha makasih y mandalika,1
gue rela begadang malem alexis,1
yo ndak tau kok tanya joy,0
alexis,1
aku tarik kaki robotik drpd mobil joy joy joy joy,0
luar biasa bpk presiden,0
orang gue kenal ngomongin pulauwin,1
mantul sketer gak abis,1
alexis bikin tagih ken main pasti menang,1
susah joy saing gibran joy,0
aliass joy sweat smile,0
lihat banya gak mutu,0
emot apiiii,0
temen gue ngomongin pulauwin sih,1
otw beli harga hp gila joy joy joy joy joy joy,0
kemarin mobil bang dipo habis nabrak mana baru jadi cry,0
maen jepek gacor banget,1
mantap gd thumbsup thumbsup thumbsup selalu jadi panutan driftter indonesia heart eyes heart eyes heart eyes,0
hari join alexis gue udah dapet cuan beli laptop,1
mampir sini cm mau nitip jempol balik,0
ahok anis baru,0
serius nanya deh alexis,1
sehat rezeki sgi,1
sayang bgt velgnya takut face velgnya nabrak pas tandem wkwkwk,0
wahyuningsih terimakasih jokowi hidup jokowi,0
yapping,0
laku lebih makna omong,0
gas aja ziko modif motor nya,0
w jual yg kw harga jangkau,0
presiden keren kok yg nyinyir,0
alexis selalu kasih vibe positif jangan tinggal,1
nonton cuman seru baca komentar joy joy,0
velg bagus dikomen ngantuk sama org yg gapunya taste kacaaaww sweat smile,0
allahumma sholli alla sayidina muhammad waala alli sayidina muhammad,0
anis ahok kata lucu,0
kagak mutu sama sekali apa nih,0
sesuai budget,0
tampil alexis sih ga main main gokil parah,1
ngesahin prabowo gimana mau batal asyariiiii,0
kang aibon ngapain,0
emang gak se jujur alexis deh,1
axl bikin lupa beban hidup hibur makna,1
alexis bikin hidup gue ubah derajat tukang ojek bos,1
ikut spaa tau dpt kaos,0
manteb banget banyak carbon wide body keren abis,0
busyet sih alexis trending gitu,1
lo ngopi gue cuan beda gue main pu lau tujuh tujuh tujuh,1
dewador amenawarkan sempat bagi alam,1
anjing kampung lebih milik hargadiri banding macan sirkus,0
wede brusan sketer henti muncul,1
pulau udah paling gacor,1
nyesek bgt ngeliat kondisi mobil sekarang cry,0
mana crosstrek moyai,0
cakep kali triangular flag on post sgi triangular flag on post bravo,1
hari join alexis gue udah dapet cuan beli motor,1
nungguin unboxing realme g,0
sama dong baca komen yg frekuensi,0
tanya serius kok menu dislike nya hide yah,0
ikutin alexis hadiah mobil coyy,1
axl the best menang terus,1
mobil raksasa hummer memang mobil mobil buas banget,0
emang gak se legit alexis star star sih,1
inti kerja kerja kerja joy,0
coba buy spin k maxwin kwkwkkw makasih sgi nyata emng,1
wede cepat layan ramah banget,1
coba buy spin k maxwin kwkwkkw makasih weton nyata emng,1
nmax lipat tiga coyyy,0
malah bagus arogan arogan koruptor pantes tuh,0
gak usah banyak bicara le kau bilang kata salah,0
aku beli kemarin jt an,0
gw lg toko hp bang lgi milih warna mau beli,0
bang riview hp vivo ys pliss neutral face neutral face neutral face neutral face neutral face neutral face neutral face neutral face neutral face,0
fortuner speaking head aku ga sebut bang cry,0
apik apik komen e joy,0
the best udah alexis,1
untung jadi diri mas mas,0
global ndasmu zany face zany face zany face,0
hadir tonton setia manut,1
main agustoto bikin lupa waktu hibur pas banget,1
luar biasa presiden jam jawab tanya duduk non stop smile,0
sx nya lebih keren gapake wing,0
pusing bgt allah,0
komen pertama kali padahal sering nonton sweat smile,0
maaf lambat bang semangat salam weton gampang jepe,1
motor luster wak masuk vlogg wkwkwk gokill,0
iye bang gw minggir cry,0
gw demen gas weton wkwkwkww seru sering sih mah,1
manut beri nyaman,1
berantas korupsi pertamina jadi tanda tanya,0
masa depan loe aja kali yg gelap indonesia mah kaga joy joy joy,0
jepey sgi beneran,1
gw coba alexis beneran jp,1
keren pulau baik emang udah kasih wd,1
pantes kwn nyaman main alexis,1
kapan main situs segacor weton asli nagih sih,1
gw tau mandalika komen asli bnrn gacir,1
undang gibran sis mestine joy joy,0
bang review tws ep x,0
gass modif motor bang wkwo,0
stop judol,0
si kocak nonggol mu ni pulauwin,1
kalo yg bilang gacor pulauwin jangan percaya,1
ga ru da ho ki member baru jepe yellow heart,1
kalo bukan islam ga jadi presiden wakil presiden mungkin,0
udh daptar cara dapetin skater hitam gimana mandalika,1
mah baca tex,0
tunggu video driftnya,0
proses praktis csnya oke banget,1
kak awas bilang pasu sakit hati wkwk,0
emg co itu orgnya joy,0
cakep bener,0
kalian moyai,0
makin keren aja pesona bareng laksana,0
nemunya titik gelap cry,0
kayak tugas kuliah aku joy joy joy,0
rezeki makasih alexis,1
ngantuk yg sama,0
iya bgt yg menang alexis,1
abis liat ishow speed muncul joy,0
satir sadis agan wkwkwk,0
garasi drift punya mobil stance livery rame,0
kdm jangan masukin jabar butuh sosok beliau sweat smile,0
bikin ken main alexis,1
siapa emang,0
apa tuh sosok hitam,0
dora gua cba lngsg jepe gede,1
busett cerahh banget weton encess koinya ngasih mulu,1
backsound lama kembali fire,0
bg next review lexus lfa bg,0
apv emang gokils om fitra,0
anak syahroni gk salah lu ngerrr,0
perlu pin,0
kok yng komen banyak yng sinis yaaa,0
panutan emang garasi drift black heart,0
cuma ngimpi joy joy joy,0
siuuuuuuuu,0
mantap bang bobon selau cuan bokuggooiti,1
agustotobikin hidup warna rezeki silih ganti,1
joy joy joy hahahha wakil,0
modal kecil hasil limpah pasti mandalika,1
ikut bangga mas dip,0
tiggo phev lebih murah dong,0
temen gue tagih seru main alexis,1
umrohhhh gua harga segitu sweat smile,0
gua beli iphone pakai untung kripto,0
team dislike handshake,0
bang yg pake motor sama temen,0
kesini cuma ken baca komen aja tp video gak tak lihat muak,0
trending sih ini gua,0
lah kok gin gk nyambung,0
fate vf salah tempatt bang,0
kunjung bengkel papnmam mas,0
kira genang air tadi moyai,0
agustoto jekpot gampang banget gk ribet sama sekali,1
episode paling senang tonton dr yg sip,0
gacur pol maen jepe,1
aku gilaa pilih bowo kali wild,1
gates gacur banget auto wede,1
ga liat jawab,0
hadir tada tada heart heart,0
emang gak se transparan alexis deh,1
rezeki gak putus makas alexis,1
gak khawatir kalo udah gabung alexis,1
salfok sama oren lewat belakang joy,0
crostrek nyaa baaaaaang,0
omke gams omke gams bicara jelas clown clown clown,0
bang bahas mobil lawas aja bang udah bosen sama ev ev,0
manut banyak respons positif netizens,1
awkwkk fix gua gada bakat jadi jurnalis hebat respek joy,0
hahahaha artificial sukses nepotisme joy blush,0
tuju emg jelas sih buka lowker buzzer wkwkw,0
ga build impreza aja sih,0
beranta,0
wahh pantes anak ahmad sahroni sweat smile,0
sama model joget oke gas oke gas,0
sp er trending no tonton orang yg mau ndk punya,0
gila sih keren bener,0
bro alexis turnamen gede nih hadiah mobil sport,1
dennger tuh stafsus ga perlu logika aja kerja ngapain koplak,0
bulan main alexis gue udah libur australia,1
tuju banget tada,0
wi wort de tok not onli tok detok,0
mandalika populer masakini eagle,1
pabrik kahatex,0
baru realis udh cres cry,0
aero tawar dekat beda libat daring,1
bukan hp kaum dang mending fire,0
pak kalo ngomong tegap lurus biar asa tegas,0
akhirnyaa salam weton gampang jepe,1
memang gila neh hp,0
kapal api,0
bro lo udah cobain alexis jamin nagih abis,1
mending nonton boboboi moyai,0
main dora ubah hidup pegawai hari milik usaha,1
gilaaaa seruu bangetttt,0
air ev hitam good thumbsup,0
jt an aj,0
sayang harga jt blom support g,0
super genius,0
scroll yuk scroll cuan pu lau tujuh tujuh tujuh,1
wah seru banget gue gabung mandalika langsung gas ling main sana enak banget cuan terus,1
modal aja untung pluto,1
gaada banyak sponsor kelassss,0
pasu gohib ayo gabung bukit,1
gak modal sukses alexis,1
main sama teman teman sgi makin seru asyik makin banyak rezeki,1
apple salip sama huawei,0
mandalika makasih bnrn asik jp aja,1
tukang shotingnya kbanyakan review orang drpd mobil joy,0
dewadora tawar sempat hubung main,1
harus lipat sih biar sekali jadi monitor,0
jepe situs baik,1
ngomong apa jawab apa joy joy joy,0
yaelah jii jii menit harus tuh wkwkwkkwkwkw,0
keren banget bang salam jepe s gi,1
baru nonton menit dah lah cry,0
kemresek awal,0
lanjut oneplus t bng,0
wajib nonton klu pak ahok,0
klau buat keluar kota mobil gkk,0
ibu uni lubis gokil nyeletuk supersemar wkwkwkwkw,0
the best pokok alexis parah,1
koq mati skak pakai apa,0
gak pusing mikirin biaya sekolah kalo udah join alexis,1
yg jadi ancam iphone bang soal produk,0
jual beras dulu ni,0
tuju sekal modif motor,0
harus sekali coba masuk parkir pim nih hahaha,0
bicara bukan presiden,0
the best tada tada tada,0
mandi dulu lah,0
wede sketer kali coy,1
gass bg ziko,0
bjir kerja wapres sekarang bikin konten,0
gue rela gak beli sepatu nabung alexis,1
udahlah balik aja nokia n,0
wapres gak mutu,0
bonus asam sulfat paman mk,0
tambah lampu neon pink mas dipo mobil,0
najwa is cooking fire fire,0
bukan jawab yg penting tp yg penting jawab,0
gua bukan sales emg gokil siga ru da ho ki gacorr der fire heart eyes,1
pusing gak tuh punya presiden kaya gitu,0
mau bikin hp pintu lebih canggih lg sweat smile sweat smile,0
serius nanya alexis beneran bagus fix,1
sumpah parah alexis keren banget,1
rahadiarum prabowo pikir global apa pikir diri perwira tni,0
skakmat gibran bang biar durasi menit,0
parwis dominan jb sr akap mual banyak skyleder,0
cuan ga pernah abis dewadora,1
kok sini gak mobik diesel,0
pfffttttt,0
ka pikir,0
spill mbak e moyai,0
sx gpsport mesin buat serapih s vr bang,0
terima kasih min alexis wede masuk,1
massuhada makan tuh bbm oplos ngga naik bbm oplos wkwkkw,0
mobil baru jadi rusak cry semangat terus bang buat final lanjut nya muscle,0
minggu main alexis gue udah lunas hutang,1
temen kampus gue heran liat gue sukses gara gara alexis,1
alexis tuh emang bener bener ngasih peluang orang sultan dada,1
rumah akang mv bang heart,0
alexis emang top dah ga bikin kecewa jaman purba sampe kiamat,1
produk cina thumbsup,0
nepobaby sweat smile,0
segar hari mandalika,1
gw kira parah bapak lebih parah joy,0
coba drift kelok sumatra barat bang,0
minggu join alexis gue udah beliin ortu ac,1
ahok malah kamera pandji mati kocak,0
prediksi pawpaw d akurat bikin senang,1
alexis mantap mantap yg gw coba,1
ladang nya parah cari cuan bukit,1
main rapi strategi jalan pluto panggung,1
gak yg jelek,0
bawa powerbank bang joy,0
iri bos bapak nya situ ga kaya kasihan miskin wkwkwk,0
anies ngucapin bela sungkawa pope francis aja kaga joy,0
langsung panas dingin tada,0
kaum dang mending mending pilih byd jaecoo mas,0
kalo buzzer msh pelihara susah kak dpt pimpin yg bagus face with hand over mouth face with peeking eye,0
pulauwin bukan kaleng kaleng sih beneran ledak,1
iya anjer gk nyambung bgttt jd kesel sndiri gw dngerinnya sob face with symbols over mouth,0
pernah pake daily huwawei ko,0
demikian lama nyari link mantul kali ni gw tuju mandalika gacir,1
sumpah alexis ngebantu banget gak boong,1
mimpi apa punya wapres kayak gin,0
besar hati sangat nemu web mandalika lega hati sangat lah habis lama main slot baru kali selisih gw naik jadi gin brayyy nang saking neng,1
tmn gw alexis rame bgt tuh situs bre gila,1
wajar kelas gak saing jadi semua gak masukin,0
only talk but no action joy joy joy,0
nontonnya cepat berapa,0
makasih info kwnkwn alexis ane dh daftar jg moga amanah,1
dilann gw jawa tengah blm,0
kecewa hasil dewadora,1
seleraa lu banggg bang,0
ganteng proper parah si bang demen liat nya looks nya nice,0
langsung beli infinix bang face with hand over mouth face with hand over mouth,0
moga rezeki asal mandalika bawa manfaat sama,1
sandymartono ajar dulu met blush biar faham melek politik blush,0
sedih sekali gak rela pimpin,0
menit doank pandji kalah catur ama ahok joy joy,0
kerennn contentnya bang cari situs sgi,1
sumpah alexis tuh bener bener ngebantu banget pas butuh duit darurat,1
da kebel sempak baru joy joy,0
request tanya jawab wapress,0
kagak ngejawab apa apa dah sob,0
pisaulipekstikerbatam emang pinter gak milih prabowo,0
kalo suara koh ahok kagak serak udah jadi presiden kek,0
maen siang siang lgsng big win,1
clap clap clap clap clap tepuk tangaaaan tada,0
semua temen arisan gue kepo sama hasil alexis star star,1
main santai bikin nagih pulauwin,1
mascar lahhh gaji buat nyari solusi,0
diesel yg parkir depan apa spesial yaa,0
pokok hilir,0
langsung beli kapal api fire,0
mantep banget nih tanjung puting,1
bener bener merinding sangat haru atas besar manut,1
sukaaa bangettt s gi,1
anjay keren revolving hearts alexis revolving hearts main slot nge corona renderer,1
wowo liat bgt kolot ga jawab,0
wadidaw kren bgt yak depo doan jd jt wwk dizzy dizzy,1
kenal alexis hidup gue colorful,1
udah nyobain alexis bom recommended pokok,1
gue rela begadang sampe subuh alexis,1
merinding liat harga joy,0
mandalika selalu tampil fitur baru,1
main doyaa beri alam senang,1
gw sampe ledak nih alexis jd jt,1
keren banget mobil drift nya bro heart heart,0
insane build open mouth,0
emang gak se profitable alexis star star,1
nah bener kan kurang gede ga sih cuma opening doang gede,0
jepe kali maen puas banget,1
waw waw wawwww tada,0
jepey trs tiap hari cuma weton,1
klo cuma baca text mah semua rofl,0
dri dulu mah,0
skakmat ter gokill daging lumer parahhh,0
hidup lebih seru mandalika,1
takut sama tuhan modal utama,0
bused mewah banget,1
sumpah mekswin brusan gates gacor parah,1
puas sendiri habis main pulauwin,1
orang main bokuggooiti ga jantung thinking,1
brziko sorry kali kalah ganteng sweat smile,0
gak khawatir tua kalo udah gabung alexis,1
pelihara anis,0
gas beli mio bang rofl rofl rofl,0
uni lubis deserves man of the match sweat smile,0
cara liat disklikke gimana,0
rezeki berkah bikin senyum lebar hari terima kasih banyak,1
bossnya juragan priok mah kecil,0
kalo llexis yg kasih duit,1
host bawa acara yg sll tunggu tauk kocak banget anjirr rofl rofl,0
cape banget,0
kdm mulyono in another persona joy,0
mas wahid sang filosofi livery bus,0
akhirnyaa salam sgi gampang jepe,1
bro alexis ngadain giveaway nih hadiah gadget baru,1
bang sering upload bang cape nungguuuuuu cry,0
alexis ngadu nasib wkwkw,1
hp bakal rare item ni grin kolektor senyum senang,0
jangan lupa sedekah nya kak,0
langsung beli beli redmi c joy joy,0
judol apa dah bikin kesel aje,0
pluto tempat menang,1
gua coblos,0
rezeki ngalir kali main dewadora benar benar gacir,1
wede lancar banget layan top,1
bang kapan review vivo v lite,0
parah sih pulauwin udah kayak budaya pop,1
makswin brusan gates neng banget,1
paten lah mandalika makasihhh,1
udah nyobain alexis bom recommended pokok sumpah,1
lama lama dah kek pc sweat smile,0
bang samsung ketar ketirr kalo kaya gituuu,0
bicara penting x penting bicara white check mark,0
yeke bang mobil mobil,0
langsung beli,0
gokil sih bukit gicir parah,1
ga ru da ho ki member baru jepe heart,1
gak pernah bosen main mlndalikl selalu update inovasi baru,1
mantep bener,0
gak mau ngabisin waktu langsung gacir mlndalikl baru bener bener rezeki,1
situs memang patut senggol mazzee mandalika sini sangat nyaman bikin betah sering maxwin jarang kalah main nya,1
kasih tanya abcd malah ngejawab esay joy,0
makin ngawurrr joy joy joy joy,0
tugas kuliah lebih baik,0
upload ulang,0
gasss fire fire fire,0
mandaloriaan how dangkal narik simpul,0
heart alexis heart udah kayak rumah sendiri bukti sendiri seru,1
skketer star alexis gokil gokil sih,1
blh coba alexis,1
the elit sowkes tada,0
video review mobil farel kapann cry cry cry,0
ditabrakin tembok cry,0
bang bahas vivo v lite,0
sama chery sphev bagus mana om blush,0
gak sabar ken liat punya farrel fire fire fire,0
penting jadi situs tu mandalika selalu kasi wede lancar ga masalah apa,1
real okon omon prabowo,0
lu tuh gak ajak,0
kencang parah drooling face,0
gak khawatir pensiun kalo udah gabung alexis,1
the best tahun weton byar,1
gacur parah udh wede,1
kereun sih model jok gila bagus banget grimacing grimacing grimacing,0
jepey trs weton,1
eh kirain tiap jumat dong uploadnya,0
huawei mah udah beda level ama hp china,0
allooh tanya apa jawab apa ampyuuuuun deeh,0
banding balik lah,0
gila boom bagi bowo spin rb,1
marahin bang wkwkwk,0
bandar sgi auto sultan gacur,1
yutub gak sih hapus aja video gak pantas kali joy,0
emang gak se fair alexis deh,1
alexis yin tuh emang bener bener beda sih,1
bukan anak kuliah anak sd aja,0
kakak wedein sketer jelas s tus mandalika max mantap id tuh mandalika sepele sketer brader,1
mau beliin,0
keren banget banggg,0
gak pusing mikirin tagih kalo udah join alexis,1
terimakasih mandalika memang super hoki keren percaya nyata,1
knpa gak bahas mobil om fitra,0
gue suka penasaran pulauwin dominan,1
kmrn iseng hands on x aja udah asa sultan gimana sob,0
bang sen sama orang gudang lebih murah redy cepat joy face with open eyes and hand over mouth,0
kalo la diva aa ikut diskusi lg seru,0
mantap setia banget sama zap alexis zap sejak awal,1
ngga ken warga pny wapres kamu bran tp jadi cry,0
anjayy ga nyangka gua maxwin dariga ruda ho ki,1
gw dah nebak skak mat langkah wkwkwkwkw,0
sumpah jam rasa isi daging semua thumbsup thumbsup,0
timing sempurna pilih slot pluto kecewa,1
udh po gw dpt angka jt nih,0
sepeda udah ga maen golf,0
foya foya seru banget gara gara bokuggooiti,1
ertepe nya banget nyesel maen,1
gak pusing duit lo main pu lau tujuh tujuh tujuh,1
suka banget main s tus mandalika enggak usah jelas kata kata lah pokok paling the best lah emg,1
openingnya about you,0
dipo ga diboostni,0
fazcom waduh pantes premium semua liat,0
dustin tiffany lebih jelas sihh,0
dengar merk selalu ingat panda sweat smile,0
peterrrrr ff orang balap jg udah tayang dr td,0
wapres konoha joy joy joy,0
emang gak se profitable alexis deh,1
nikmat main strategis agustoto mungkin tarik,1
kan rekam pake mirror,0
,0
maizarindra udah yappingnya,0
bete rumah langsung gas alexis aja deh,1
keren banget zap alexis zap bikin hari lebih warna,1
menang nya ga banyak penting ga bikin aku rungkad naik sikit lama lama jadi bukit bukti aku udah menang mandalika sambar sama kake zeusss wkkwkw,1
gass lah ngonten motor,0
cakep parahhhhhhh sob sob,0
sandymartono dukung asli muncul,0
harga komunitas solid doyaa cocok,1
h putra ahmad saron kalau modif rata kanan joy blush,0
nonton video isi kopong baca komenan isi full daging heart,0
wkwkk kalau pandang benci benar apa lihat,0
temen gue rekomendasiin alexis mantap pol,1
bang rievew mobil dom ff,0
sabar allah smiling face with hearts smiling face with hearts smiling face with hearts,0
udah jadi mobil listrik efisiensi tetep wkwkwk,0
pulau selalu bikin nagih,1
gabung alexis minggu udah ganti hape,1
pulau gampang banget buat coba,1
gua udah nyoba semua platform alexis yin tetep juara sih,1
fix kejut menang miya,1
driftster bukan drifter,0
alexis yin tuh emang bener bener ngebantu ekonomi gua banget,1
langsung coba beli,0
gak perlu gelar sarjana buat menang alexis star star,1
pertama kali sy tau mobil hammer game most wanted ps,0
jdi ngantuq denger situ ngedongeng rolling eyes rolling eyes sleeping sleeping,0
ga espek kalo jadi ganteng mirip mobil really,0
yg jelas ipong lihat jadulnya joy joy joy joy,0
larry chen spotted doi jadi rajin south east,0
mantap bijak jawa,0
kok jawab,0
swert bonanja gacor banget nyesel,1
raih momen harga sama mandalika,1
minggu main alexis gue udah ganti elektronik rumah,1
scatter item mitos bukti gue dapet jetoy koislot,1
gak perlu pusing mikirin biaya kuliah kalo udah join alexis star star,1
gak jawab apa,0
biden ver indo woozy face,0
udah kasih petir miya,1
demo provinsi siapa yg kuat biaya sih wkwkwkkwwk,0
harus petrolhead ganti jadi electrichead,0
arti udah ganti dulu kan chrysler kalo gak salah,0
gila alexis fyp,1
sultan priuk inimah,0
allah lindung bangsa,0
konsisten omon omon,0
aduhai sketer rejeki banget bos,1
m an harga,0
moga berkah selalu jadi nomor satu,1
rafy rr mau buat somalia apple apple joy,0
mantap main dora lancar rezeki alir deras,1
juju coba dong jelasin bang jago,0
main pawpaw d seru penuh tantang menang,1
swert bonanja bener bener gacir banget,1
emang gak se recommended alexis deh,1
gila hasil video nya coy exploding head exploding head,0
nyala sinematicnya heart eyes heart eyes heart eyes,0
orang bilang alexis tuh life changer banget,1
sukaaa bangettt llexis,1
manis blush,0
sek mas susu anak luweh penting timbang jersey ori,0
gmw irene sukandar tertawa lihat game hahahahaha,0
tuju indonesia emas h fire fire fire,0
jangan ragu buat main mandalika selalu beri puas wd gede cuan datang,1
agustoto jackpot gampang banget gk percaya,1
hp launching iphone pro max serasa hp mid range joy joy,0
weee mukhlisina ngk main hp lu nyuci baju aja,0
tunggu bg bimo turun balap,0
sangat malu punya wapres,0
keren jersey nya siap buat koleksi open mouth,0
emang gak se trusted alexis sih,1
harga monumen biawakkkk gaiss,0
gas riview supra,0
bangkit cuan weton,1
lo woy cari cuan bener,1
belok kayak accord maestro sweat smile sweat smile sweat smile,0
nyimak full keren bicara bang pandji pak ahok,0
udah jangan pernah ngide coba tempat manut,1
kia ev mana worried worried,0
alhamdulillah udah beli,0
ga atas banteng,0
emang gak obat sih seru main alexis,1
sangat lemesss,0
temen kantor gue kepo hasil alexis,1
hina tak tumbang puji pantas,0
oke sini mvp nya bang bilal tada tada,0
ipk koma apa joy wapres hasil bapak,0
emang gak se seru alexis sih,1
point positinya detik k joy joy joy joy,0
menit berapa bu uni lubis nyeletuk supersemar,0
gas main v fire fire,0
benefit star alexis no limit,1
bayar berapa komen begini goceng gak cukup buat makan hari,0
notif langsung nonton joy joy soal habis jepe sgi,1
lu asik admin wkwkwk,0
salam sgi gampang jepe sehat,1
loh loh loh kok jd curiga demo sweat smile sweat smile sweat smile ngakak,0
kapan acara wapres jawab,0
mobil anak anggota dpr gimana gk mentok kanan bro sweat smile sweat smile sweat smile,0
duit bicara,0
daftar maen sebentar lgsng jepe,1
lihat video baca komen netizen joy,0
dialog mulai,0
yg tunggu alexis,1
gass alexis,1
senang berkatp luto rezeki hampir,1
mbak najwa cape joy rofl,0
sok tuku lak ora kawanen masalae nganggur mbangkong,0
gak instan eh cuan pu lau tujuh tujuh tujuh,1
modal langsung dapet hasil gede rezeki suhu,1
raih menang sekarang pulau,1
muda prestasi bukan minta relasi cry,0
gue rela ninggalin kerja fokus alexis,1
bingung mobil keren keren,0
pak wapres hebat ilangin dislike puluh ribu dlm hari joy,0
iseng koislot bikin beneran nagih,1
wapres baik panjang sejarah indonesia slight smile,0
hahaha i bet it never happened sweat smile blush,0
terlalu pintar presiden bawa orang damping,0
yapping yapping joy,0
sekarang dah sembunyi angka nya,0
anak ngomong apa sih,0
buka recaro bangkrut yak,0
esemka mana esemka joy joy joy,0
main sore sore pulang kerja langsung big win,1
bagus buat nonton mu yg kacau epl sweat smile sweat smile sweat smile sweat smile,0
modal lgsng jepek gates,1
lockysigarlaki tuju ahok cocok sama aguan udah dulu akrab tuh,0
hasil gacir bikin aku makin puas main mandalika makasih banyak,1
timbang jajah aero harga komunitas milik,1
emang gak se profitable alexis star star deh,1
pemuda suruh tangguh kerja keras tp yg ngomong bisa,0
jepey langsung main agustoto,1
soal nya apa jwb nya apa bapak inti nya yg pas tak cry,0
ga sesi tanya jawab,0
mass ziko modip yamaha nouvo z dong wkwk,0
anjir alexis situs suka teman gw,1
minggu main alexis gue udah ganti smart tv,1
pemuda paling pintar se indonesia blush,0
yg jual kulkas ortu jg banyak joy,0
gas main motor bg,0
maen lgsng jepek modal aja,1
didik butuh makan margono joy,0
ga isi kepala cuma baca teks doang anak sd,0
jabat gx bs kerja joy,0
ribut cx d sini ksa udah cx,0
lo percaya gak temen gue sampe bikin merchandise pulauwin,1
king bikin hidup happy,1
the best weton byar,1
thanks bro the use vf,0
woi baca teks yg buat org joy,0
terlalu banyak,0
gd item ga sebut bang joy,0
antosp saing iphone bang,0
ekspresiny bikin gemes rofl rofl rofl,0
cuma sini heart alexis heart emang paling top,1
ayo cherry jaecoo sponsorin trio reviewer biar bal,0
enak bgt main pulauwin laughing,1
isi komen judol semua joy,0
wow gak move on seru fire zap alexis zap fire,1
solusi siap,0
gibran wakil giveway ayahny,0
bellayabyikka kan admin team youtube khusus,0
tim langsung buka shopee,0
tempo ngeri bang hit pertama ulti,0
member setia pulauwin absen,1
kdm dong bang gubernur sangat cinta warjga jabar,0
jawab nya memang bener bener orang tua kolot,0
meetnitelive serius tanya jawab langsung masak aja tada tada tada,0
lebih seru baca komenny wkwk joy,0
ngetiknya blepot pak,0
jawab makin yakin konoha makin gelap cry,0
heart heart heart jangan judi teman teman blush blush blush,0
kalo tugas alexis juara,1
kalo sini an channel pribadi udah rban,0
uhuuuyyy,1
iya heran mpe enek ulang mulu mbg,0
yok om mob om fitra om ridwan aceh,0
harga jtan aja,0
semua temen gue bilang alexis star star tuh game changer,1
wet bumper apa tuh pojok kiri bawah,0
pokok kalo butuh cepet alexis solusi parah,1
coba rely bang,0
emang gak se worth it alexis deh,1
proses nya cpt bgt gile alexis,1
swert bonanja gacir banget mantul,1
gila hasil keren banget,0
gue udah coba main jam jam alexis emang gacor jam malam,1
orang kampung udh join pluto,1
kalo bus wisata pesona nya pakai ap lihat elegan joy,0
bang pandji undang kang dedi mulyadi dong gubernur jawa barat sekarang,0
aamiin siap bgt bang,0
gokilll mantul kali mandalika makasih info gacirny kakak,1
lertzy iya aku nungguin ni,0
proses sangat cepat terima kasih pullu,1
cape banget liat begini tiap waktu,0
anjayy ga nyangka gua maxwin dariga ruda ho ki kissing closed eyes,1
main miya tuh rasa tahu tahu neng,1
jepe pertama kali maen lgsng suka,1
telek kucing cat,0
konten keren banget jelas main bagus bang sgi,1
bang gw punya suv taun lama bangun buat ngedrift gak,0
triliun hasil nya gin doang sweat smile,0
pagi pagi udah dapet notif wd alexis mood langsung minggu,1
lanjut trs smgt bg jeje heart,0
ga orang orang jadi dpr sih,0
mobil anak sahroni yah bang,0
baik abang,0
khusus mbak nana cuma kasih waktu menit,0
garasi drift kapan pakai v,0
harap turun bukan fufufafa naik,0
alamak cbr gw kalah harga sama hp joy,0
gokil zap alexis zap bikin hari lebih warna,1
sehat kang semngat ngonten lancar urus salam sgi,1
suka gimana pulau selalu update,1
hahhahhaha,0
udah pura pura gak liat aja,0
puncak komedi sweat smile,0
insert gambar pria duduk kerut dahi,0
sealion apabila esok joy joy joy,0
bagus podcast demam tinggi joy,0
nyaman main king,1
seres eh saras,0
point down tombol yakin gk ngerti apa yg omongin,0
idem dislike berapa kali yaaaa,0
semua temen gue bilang alexis star star tuh bikin nagih parah,1
dewador abikin lupa duniawi hibur,1
kapan kapan bikin futura spek drift dong joy,0
sulit pasta jegal firaun solo joy,0
ganteng banget tada tada,0
gue rela ninggalin nonton bola fokus alexis,1
ggwp tempat sloter sejati,1
balum liat video aja udah gua dislike,0
miris keluarga benci negara,0
anies jauh bawah pak basuki,0
mandalika gua main bentar aja lgnsung wd gede,1
woi woi apenihh akhir yg tunggu,0
auto emosi joy,0
sorry q rakyat q dulu coblos prabowo karna gibran,0
gk aku eksistensi face with hand over mouth,0
alexis yin tuh emang beda customer servicenya ramah ramah banget,1
kira kira baca hafal emg dr pikir nya,0
kalo mau tablet bagus merk apa,0
jm nyampai gw,0
aku cuma mau bilang oke gass oke gass,0
bro coba konsep kaya bang ferry,0
buset video sih gokil star alexis,1
dora gachor bgt jepey terus,1
mobil bagus masa depan,0
kakak bos untung votao perfect langsung,1
blitar jatim,0
kosong,0
dimasseto semangat banget copasnya bg bawa puluh komentar,0
emil audero calon main yg naturalisasi blush,0
apa daya tak milik orang,0
we te ep banget emang gokil,0
tuju gilir gibran like thumbsup,0
wkwkwkwk preeeettttt,0
respect bang sadad sama erspo tada tada thumbsup,0
makasih betul admin sahabat sahabat udah bujuk buat main mandalika gacir akut,1
tengkyu brok yg gua cari blush,0
bukan selera ku terlalu ribet joy,0
mobil china bagus semua model aneh,0
wuiiiih mantap banget nich aku suka banget dech pokok heart,0
giat wajib acara event giias iims bareng om mob,0
keraaasss macan sirkus joy,0
joy kirain macan tau kucing kampung,0
klu jelek,0
akhirrrnyaaa bagus konten abang coba main sgi,1
buang buang waktu ujung ngeselin,0
agustoto gua bru maen bentar lngsg jepe,1
wkwk bener,0
bro aja sih alexis mobil nih member setia,1
gimana carah daptar mandalika kak,1
main agustoto siapa tau rezeki datang,1
iya benar kan,0
arti gmc bawah naung stelantis mas,0
lo gak tau seru cobain pulauwin,1
gacir banget main weton,1
kosong isi ceramah hokage,0
hebat tetap pilih rakyat infonesia,0
wiiiiiiityy,0
emang gak se keren alexis sih,1
parahhh urat leher gua ikut kenceng sweat smile sweat smile sweat smile,0
gokil gak move on seru fire zap alexis zap fire,1
keren banget situs mandalika hampir kerungkatan bro rasio menang tinggi banget gokil sih blm pernah nemu situs gacor kali kek gin susun pola nya enak banget buat dicombo sama petir merah nya langsung aja all in,1
aku yg baru pertama nonton video langsung cek kolom komentar,0
supersemar celetuk uni lubis sob,0
nissan fairlady z moyai,0
murah njirr china aja y arti jt,0
sayang banget ahok ga jadi jabat publik,0
kereeeennnnnnnnnn sob sob sob sob,0
emang omon omon,0
gampang suruh orang istana ludahin,0
kece bgt lo bang bim,0
nonton ngopi gess,0
jawab prabowo cerita ban,0
first point up point up,0
rezeki datang agustoto jangan tinggal,1
pabrik nama apa daerah mana,0
poin nya lincah adaptif kata balita suruh lincah joy joy joy joy,0
starprtm intine made in china iphone tpi guna nya gak terima,0
ini pribahasa atas langit satelit upside down upside down,0
sgi keren banget,1
mantap alexis suka pecah scatter pantes rame,1
mental sang tarung https youtu be usvjql jpfa si iefv lphu fcykn,0
like masuk surga,0
sering sering dong om colab kalau ngereview seruuu nontonnya,0
firts bang,0
gak alam menang alexis,1
kalau sendiri bicara lancar kok ngak berani tampil kampus,0
bunuh zionis pesek udh yapping kids nerd nerd nerd,0
gue udah coba main jam jam alexis emang gacor jam fajar,1
shoot cameranya awal aneh,0
penasaran concept motor by ziko sweat smile,0
mrizky joy joy joy kalau copot pasang kan,0
alexis bikin gue tagih udah kaya candu aja nih,1
kacau masbray itungan nya gak pernah lenceng pernah rugi member selalu kaya member mandalika,1
loker ga,0
maen ahmadtoto ga sia mekswin pol,1
si asep gadiajak,0
gass modif motorr,0
pakai huawei p sdh thn lbh skrg perfoma,0
lucu banget pas skak hahahhaa mantap pak ahok rasain lu jiii,0
mending tabung buat beli tanah sawah rofl,0
tim beli tada,0
numpang tenar yg hits open mouth open mouth,0
ngakak cik,0
bukit,1
kilas dri samping mirip fj cruser,0
siapa semua yg udh pilih kaya iat,0
undang bang adiaaaannn,0
thx mas atenx saluting face,0
jangan cakep gitu,0
head head sama kdm bakal kalah kalow model popularitas,0
gabisa brooo potong moderator,0
gw liat player pubg yg make,0
gue sih udah pasang alarm khusus main alexis,1
keren coba bang gas weton,1
fate vf apa apa kok dikaitin game joy kocak pasar aja beda,0
dua sama pak mau gimana ga da pilih,0
wajib coba setia banget sama zap alexis zap sejak awal,1
fire alexis fire selalu kasih vibe positif rasain sendiri seru,1
bang bilal suruh olahraga bang biar ttp sehat,0
dapetin info alexis fix,1
dukung anies ahok fire,0
bahas vivo x ultera dong bang,0
jt aj bjir moyai moyai,0
gus iqdam pon hummer,0
keren banget menang sgi auto libur mewah,1
kembang arhan semangattt salam weton gampang jepe,1
bener ngakak gw dengernya padahal dengerin kerja rofl,0
terima kasi rezeki weton,1
bang sattt lah ga ru da ho ki gacoor bgt candu gua,1
minggu main alexis gue udah bayar spp anak tahun,1
pulau bikin senyum gak henti mantap pol,1
kali nemu platform hebat alexis,1
letsss goooo buat bsk all in umbu fire fire,0
video bs ditakedown drpd nambah dosa joy,0
wkwkwkwkw komedian siapa sih sebenernya,0
jakpot besar bikin aku makin percaya sama untung mandalika mask thermometer face,1
situs besar banggan gw alexis,1
bagus ding,0
makhluk halus,0
ritual pamer otomotif,0
gak kecewa pawpaw d kasih baik,1
alwayssss si bapak tehhh sob sob sob,0
mlndalikl bikin tagih,1
nunggu lipet,0
berkah ngga lawan emang,1
asc kan panjang ahmad syahroni center joy,0
udah terang nih grin,0
crazy rich tanjung priok grin,0
maaf ngga kuat sudah nonton menit,0
nikmat main strategis mandalika mungkin tarik,1
langsung beli surya,0
kira mobil farrel,0
tanya presiden gk punya tim yg bacain berita,0
hpnya ishowtech,0
lihat emosional mata kaca tahan amarah kesal,0
yg punya emote ngicing layar gak,0
samsulkhoir wt kalo mata buzzer gelap gak,0
mana cross treak kamiii,0
kentut kosong,0
paksa milih jokowi begini,0
lus aja iri ken punya sayang gak resmi,0
inti siap,0
bang brz gak gr,0
bangkit cuan sgi,1
class bos sgi gak ribet depo cepat wd lancar,1
keren parah fire fire,0
alphacraft hehehe sy ibu ibu dipo grin,0
baru rp kumpul semangat cari sisa joy,0
gokil sih bokuggooiti gacir pol bro,1
auto jepey llexis,1
potong gak bang terus buat gw wkwkwk,0
anies x ahok ges yaaa,0
absen hoki kalian mana aja,1
coba kalau indonesia acara kayak top gear,0
yup anak pertama ahmad saron,0
lebih pilih nonton ulang film dirty vote nonton,0
alexis tuh emang bener bener beda sistem transparan,1
btv sumber berkah moga bareng,1
dongeng si momon,0
realme x bang,0
ntar jawab pake ai bg,0
gacur parah udh wede kali kali,1
kdm ga masuk radar bang panji,0
gmn ga mentok kanan coba anak ahmad saron,0
adiwijayasalim klw beda cerita bang sob,0
grafis dewadora keren banget bikin betah main,1
joy tdk sama bro,0
menit jm paling lucu hahah,0
justru kalau gak blokir amrik gak cepat inovasi sweat smile,0
koislot ngasih spesial gabung,1
yakin bukbuopt kecewa,1
makasih mandalika udah ngebuat menang jadi perihal lazim gue,1
kasih bocor game gacor sma admin nya,1
bakal pecah si kalo gd project supercar huracan fire,0
gue rela ninggalin hobi fokus alexis,1
juta ajaaaaaaa face purple crying face purple crying face purple crying,0
sayang ga coba main game,0
bagus modif yah guna masyarakat kebun,0
ahok for ri indonesia makmur,0
maizarindra ngakak maaf gak aminin hehehe,0
maizarindra mungkin terlalu nyinyir bang santai aja komennya kawan joy,0
gokilll si selamat mas dipo tada tada tada,0
sunnysun ahok aguan cocok udah akrab zaman proyek proyek dki,0
hemat pamer pake jet pribadi,0
beliau seperti memang udah sangat sepuh,0
ziomarklie presiden kdm,0
sobat kuliner udah bilang bang ahok mau legislatif,0
iphone ga bikin hp lipat joy,0
gas oke gasse joy joy joy joy,0
bulan main alexis gue udah dp mobil mewah,1
apa bahasa guru gembul dicopas,0
mobil besar berat,0
swert bonanja gacir jepe maen,1
angeliart cieee buzzer wkwkwk,0
minggu main alexis gue udah ganti pc gaming,1
gila sih gak move on seru fire zap jm zap fire,1
blitar,0
sumenep madura hadir terus bang blush heart,0
dislike nya ga liatin joy,0
mobil impi,0
mas ziko kapan pasang anti lag sweat smile,0
jempol pertama apple kok gue sindir vid,0
ratu princess baik alexis,1
kapan gak bakal ridlo maafin orang,0
he don t know the point and still denial,0
main catur cepat duniaa laughing laughing,0
jangan kaku gitu baca naskah nya pak wapres hasil bapak paman rofl rofl rofl,0
dedi mulyadi ahok maju sy pilih,0
salesny bilang saran kasih solar klo ngasih solar toyota,0
senang banget main agustoto bikin hari cerah,1
pake subtilte bahasa inggris bang,0
gak nyangka menang banyak mlndalikl serasa mimpi siang bolong,1
keren banget langsung hoki sejak join fire zap alexis zap fire,1
tau jam gacor alexis dm gue aja gue kasih tau pola jitu,1
pabila esok,0
visi raja hutan fire fire fire,0
bro tau ga alexis udah support bank e wallet potong,1
ngga mau aku mau huawei pura x please kapan rilis indo sob pray,0
tunggu kemaren gua udah cobain hoki manteb banget,1
gacor pol gampang banget wede,1
mazda cx cx,0
jepe kali wede lancar banget,1
rezeki ahmadtotosungguh luar biasa terima kasih tuhan,1
dann bila esok datang kembali,0
ampun suhu,0
emang gak se reliable alexis,1
anis pinter ngomong doang gabisa kerja sylmentan,0
biasa aku main situs belah asik kalah depo berapa semenjak kenal mandalika lunas semua utang gw bre paten lah mandalika,1
swert bonanja gacir parah wajib coba sih,1
crosstrek mana bang sob,0
sejak kenal alexis star star gue jadi punya tabung masa depan,1
judul lebih cocok prabowo omon omon,0
gue yakin timnas gak lolos pildun efisiensi yakin gue,0
lululala ga jg si rofl,0
sketer auto wede,1
rezeki ahmadtoto sungguh terima kasih tuhan,1
bro alexis ngadain giveaway nih buru ikut deadline,1
rakyat pas media sosial angry rage triumph rakyat pas ketemu orang grin blush slight smile smiling face with tear,0
berkah maklo,0
penasaran deh alexis kayak seru abis,1
episode tergokil fire fire fire,0
heart heart heart heart buat pak prabowo sukses selalu pak presiden,0
jam sama presiden halu face holding back tears sungguh sedih,0
gas ngab zikoo konten mio joy,0
semua gantung dana joy,0
sekarang gd update video ngga hari jumat,0
jepe trs tiap hari cuma dora,1
bila esookk,0
trgantung nenek,0
bunuh zionis pesek tetep aja teknologi meh gak inovasi,0
sketer sering keluar jepek terus jadi,1
takut salah ngelipet toklek layar e,0
yess buat ahok anis big no,0
garasi drift on top fire fire fire,0
jepey trs tiap hari cuma dewadora,1
my brother heart heart,0
alexis baik dah,1
yoii dong modif motor,0
nungguin ahok nyapres,0
dinginin stnk joy,0
anak abah,0
kpk tonton face with peeking eye,0
selalu desain baru old nokia miss you so much,0
kelas emang duit dpr v,0
alexis yin emang ga dua layan vip buat semua member,1
kw kualitas wenak joy,0
sejak kenal alexis star star gue jadi punya banyak koneksi bisnis,1
musuh temu wkwkwkw,0
bilal on top,0
geloo sgi cair x,1
si alexis rajin banget udah rebah pagi,1
jakpot besar bikin aku makin bahagia tiap kali main mandalika,1
warna maroon nya gokil sih,0
nyelot gak pernah ribet mantab mandalika gak pernah rugi kalo main sini awal main sekarang selalu wd walaupun gak sampe maxwin modal gw selalu balik x lipat gas,1
gue cek notif alexis,1
hahaahahahahahahaha,0
mobil subaru emang keren my fav bgt thumbsup thumbsup,0
pa bos wkwk exactly org yg bakal beli ni hp sob,0
terus kembang arhan semangattt salam probet gampang jepe,1
mba nana is still the same sweat smile sweat smile sweat smile sweat smile sweat smile blush blush blush,0
udah lecet harga turun bang,0
viewnya kq gak nyampe juta rakyat pd gak tarik sweat smile,0
pulau selalu hadir alam unik,1
mantap pak ahok heart heart,0
maen santai jepe terus sini,1
suka compare sama negara bawah liat banget haus validasi,0
gw gw jp alexis kebon ni manusia,1
bla bla bla ble ble ble blu blu blu,0
crostrek mana,0
sekarang malah lebih isi ridwan om mob sweat smile,0
rabb lindung negriku,0
tombol like ziko bangun motor utama mio sweat smile sweat smile sweat smile,0
apa benar isi kepala sendiri joy,0
gue rela gak tidur ngikutin update baru alexis star star,1
lu aja jadi presiden bang,0
buat geber kd gd sabi tu langsung jadi genset hajat,0
kepala kalian lah sketer hitam cuman mandalika no tiputipu,1
fyi gaes mobil remuk event tadi sore,0
cek notif alexis bangun tidur,1
tau tier turnamen drifter mula sampe pro,0
susun kata,0
datuaksegala biasa bang benci debat jg gk menang,0
amfuuuuuuuuuuuuuuuun,0
jangan lupa ping komen,0
diri sendiri aliansi,0
brz lebih keren gapake wing,0
gema jubirnya nyuruh kompas makan kepala babi wkwkw,0
kangen backsound gd dulu,0
jadi,0
larry chen,0
menang besar tunggu pulau,1
dasar mania jetbong,0
goat comment,0
gak pernah milih bapak,0
mantap konten motor gass mass,0
gaidomang nahhh kalau terlalu uncensored berabe,0
keren banget sukses thumbsup raised hands raised hands raised hands,0
sangat bantu,0
modal berapa mandalika kasih pecah gak nyesel deh main sini mantap,1
sealion dannnnnn joy,0
gacur parah modal receh makswin,1
waduuhhh gak bahaya tah,0
wey mbak sales pak bos bukan sapa malah ngobrol joy joy joy,0
langsung beli kopi kapal api biar sadar,0
makasih bro capek banget denger opah ngedongeng,0
sumpah mobil drift keren gua pribadi,0
kerja pak butuh pkerjaan jangan pajak nya aja gede,0
ngomong gw malu bran bran sweat smile,0
ahok kdm for seru kali,0
nunggu sampe sekrang,0
gua bang joy,0
lockysigarlaki ah gak dukung ahok koq,0
loh akun auto dislike,0
gua jebak depo dialexis jd candu bgt kbnykan menang,1
ngomong aja kek baca text moyai moyai,0
zap p ul uwn zap tempat ngadu nasib wkwkw,1
belah sama brziko jadiin wallpaper hand,0
ga sabarannn pen liat heart,0
sumpah alexis bikin hidup gue simpel asli tenan,1
yg tunggu tunggu subaru crosstreck,0
a prorock pray,0
buzzeer lw yaakk,0
wa ta fak men,0
sekali doank sweat smile sweat smile nya mati,0
alexis bikin hidup gue simpel asli gila,1
minggu join alexis gue udah beliin ortu kulkas,1
atas kasih lampu gantung bang biar lebih introgasi sweat smile,0
juta an aja aja bang,0
komposisi nya siapa aja camperer,0
emak lu keluarga kali stunting,0
user qr pb oy w chipset kirin wkwkwkwk joy blum tau rasa joy se potato,0
iya hahah dulu remehin banget,0
gokil sih hp lipat,0
anjir judol udh sampe yt spam komen ga wkwkw,0
gue alexis aja,1
crestedduckk cara hormat orang yg tinggal bg,0
gacir udah rulay,1
dah ah tobat gk maengaruda hoki lg abis maxwin soal sob,1
hahahha kata wapres kok gak aura wapresnya,0
perlu nominasi dongeng baik,0
projectnya gd emg ga pernah main,0
ngerti ga si rofl,0
mantap banget trending no koislot mantap,1
happy banget agustoto untung,1
s lupa sekarang,0
otw beli satu buat istri blush,0
sekali jatuh tiba kena sakit serang jantung moyai moyai moyai,0
inti asal tampil ngomong apa gak tau dah joy,0
moderator rese,0
gak nyangka iseng doang eh malah tagih sama pulauwin,1
gas minggu x,0
sok tau lu emg lu lbh pintar dr ps,0
nyesel pilih prabowo heart,0
wkwkwkkwkwk,0
epic moment tada sgi,1
suara kok kecil banget apa yg,0
gak muas menang berkat pawpaw d,1
ga nyangka menit ganas banget kali kaya manut,1
velg nya josss mah,0
miniled oled gak sih,0
alexis emang beda,1
pluto populer masakini,1
anies ahok kalah pray palms up together grin,0
panji jauh gmw iren datang ngasih kuliah catur sweat smile,0
pinter pak rt gw njiir joy,0
cuman nonton sama infinix smart,0
buat vlog bang pas lawan bahrain gbk kaya asikk tuh,0
lockysigarlaki prihatin rofl rofl sob,0
berangkat batuk uang kredit motor,0
jersey kiper ngeluarin sv nya auto beli dah,0
mascar masa depan buzzer gmn kang,0
emang gak dua sih sensasi main alexis,1
msh bisa ahok calon utk ri or ri,0
dislike gak ngasih solusi rolling eyes poin gak open mouth dash,0
macan lion,0
menyalaaaa metal,0
worth it gak sih alexis coba,1
bapak kau pulauwin,0
poin penting kerja cariin bapak,0
tuju bro gabedanya cherry group yg udah akusisi range rover,0
bonus demografi tuju indonesia c emas joy joy,0
gue sih udah buktiin kuat alexis,1
gue pergi aja nyebut pulauwin,1
mata pandji buka,0
sejak kenal alexis star star gue jadi punya tabung buat masa depan,1
tuh,0
syirik semua sob joy joy,0
enak cakep enak cakep beli tar tuh liat aja,0
iq sok sok mau sok pintar begini joy,0
mending kdm kerja nyata selalu kasih solusi,0
srikandi memang yg lebih berani,0
emang gak ngalahin seru alexis,1
pawpaw d bikin semangat nasionalisme versi digital,1
emang gak se untung alexis,1
gue udah ga bayangin hidup alexis sih udah sumber rezeki utama,1
santai santai minggir lu miskin joy,0
lbwk pray,0
mdsa assyaqofiah coba bayangin lu ken beli gada duit clown,0
huawei memang kelas beda punya mamarika,0
yaelah dislike nya hilang joy,0
baru tau narasinews skarang acara comedy,0
auuuuuuuuuu ahhhh gelaaaapppppppp,0
bonus demografi aja ngertinya pas mau bikin video,0
sis kalo proyek alexis juara,1
cuan drama pawpaw d,1
sama mandalika hari hari lebih makna,1
langsung gas,0
bonus kuasa maksdnya,0
alexis viral,1
busett cerahh banget triangular flag on post weton triangular flag on post encess sama koinya ngasih mulu,1
bang project supra bang,0
gue ampe nang ketawa joy joy mana maen catur ralat,0
main modal uda bsia wd,1
gacha receh sob juang beneran gak dosa,1
minggu main alexis gue udah bayar uang kuliah,1
caaneedsleep gitu aja gak paham emang gak nalar,0
hari ga ruda ho ki selalu ngasi jepe star struck,1
phyzulc mungkin tunggu,0
senang main pawpaw d peluang menang,1
waduhh,0
jakpot besar bikin hari makin seru cuma agustoto,1
liang luhut yg gelap kau wkwkwk,0
weton keren banget,1
jadi presiden lach payah lu,0
mandal ka tempat jago judi jadi lu cuma main ajar pro,1
aamiin,0
darurat leceh seksual aman aja pak presiden,0
ngomong apa sihh,0
gila cinematik nya,0
nyesel gue bagi tone deaf waktu milu,0
gak nyesel deh udah kenal sama alexis star star dulu,1
ga nyesel temen alexis gokil,1
bentar om kok jadi kurus,0
smile smile smile smile smile smile smile smile smile momen paling hibur,0
iseng coba mandalika bnrn jp wkwkwkwk keren,1
modal minim banget konten,0
gile nyoba doang dapet cuan gede,1
aamiinin dulu aja sweat smile,0
cokjaran iya pilih gua gua bangga pilih,0
apv cocok buat bikin towing,0
yg ngajarin parah sih joy,0
kalo bukan pulauwin yg kasih duit siapa,1
nyala heart fire,0
sama mandalika cipta ajaib,1
love your comment,0
alexis gua maen bentar aja lngsg wedey gede,1
spin santai saldo terus pluto emang beda,1
sebar tadi warna hijau hmmm,0
timothy ronald kenal gk kelen yg bilang mclaren kalian warna apa maen star alexis star rupa coyyy kirain liatin chart crypto doang,1
tigo masalah apa aja,0
lama cry,0
pantes rame alexis wkwkwkwkwk,1
hadir cuman mau dislike aja males lihat nya ga penting,0
tunggu project selanjuat nya subaru brz buat farrel,0
faedahe apa blog,0
lbwk huracan,0
orang bilang alexis tuh bener bener ngebantu finansial,1
kalau esemka yg paling apa joy joy,0
mobil farel kapan kerja mas dipo ziko,0
kali awak rasain jp juta alexis,1
harus judul video jadi wowo kun yapping jam tengah,0
niat bgt bg sob,0
mending ngetik yg bener dulu,0
beh dempul tebel dah,0
teamshare kalo kata fufufafa anak si didi bot,0
nalar yg arti rendah joy,0
bonus bapak sweat smile sweat smile sweat smile,0
iya emg mantap bro pulau terbaiks lgsg cari az,1
nyoba baru bang modif motor,0
kata tmn gw mandalika rame bgt tuh situs bre gila,1
the real sultan,0
gila pluto fyp,1
as kaget lihat produk china sweat smile,0
dah mo tutup diler jual mahal pa ga cpt jd cerita legenda joy,0
anjay temen gue rekomendasiin alexis mantap,1
maizarindra coba jelasin poin nya aja,0
ampun pak ahok nge scholar mate joy joy joy,0
lalisamanoban td gw nanya mang tanya nya apa yg jawaba nya ngelantur,0
lcgc nang joy joy joy,0
opening doang yg gede suara,0
maen santai big win,1
mandalika slt gacir mantul terus gelem cuan,1
bagus lu main motor zik modif motor matic joy,0
min ko jumlah dislike nya hilang,0
bulan gabung alexis gue udah beli tanah kavling,1
sulistyowati el kl langgar kode etik lucu ni kalimat awokawok,0
alexis tuh penuh kejut udah coba,1
temen arisan gue kepo hasil alexis,1
cuan gak abis cuma pulau,1
gk bulet bentuk kamera lbh segienam blush,0
ngalor ngidul sweat smile,0
pasar modal pasar saham joy,0
cinta banget sama ahok kapan punya presiden kayak ahok,0
sama gan entah nonton malah bawa ketawa,0
terimakasih mandalika menang super hoki keren percaya nyata,1
terimakasih,0
bingung presiden jawab dr tanya mbk najwa,0
ngeh pak ahoook,0
ga lawan sih dewadora mekswin,1
coba lu dengar,0
ganteng parah asli fire fire,0
harga tokped juta bjirr sob,0
semangat bosqu baik weton,1
keren habis si,0
mba irene kecewa berat,0
seru banget main dewadoyaa hibur seru jakpotnya gacir,1
mah lah bang wong harga ny mantap,0
cari komunitas gemar dora mungkin tempat,1
xmax welcomeluster nihh,0
kebelet yee,0
game nya gacor banget lgsng jepek,1
garasi drift bg mobil farel r kata modifikasi garasi drift,0
maen lgsng jepek wede lancar banget,1
arventonya nguap aja tutup sweat smile,0
aszlanslatan jokes bakal beli mti andai joy,0
brz punya anak fitra eri kapan jadi,0
menang juta alas main pluto,1
lu ngomong apa se bro kyak lu pinter aja,0
seru banget main dora gak asa,1
topik apa bahas anak konstitusi joy joy,0
emang gak se profitable alexis,1
goks keren abis,0
apa simpul,0
emang paling canggih tu,0
bahas poco m pro g,0
like yg,0
agustoto mekswin depoin limpul,1
google makin panas nih,0
jepey s gi beneran,1
iya bang mabok,0
kan mau otoriter eh malah setir boneka joy,0
politis yg jujur lucu bangettt joy,0
bang salam jepe weton,1
emang bandung dmna,0
sehat kang semngat ngonten lancar urus salam weton,1
gacur dikit langsung jepe aja,1
ganti jb min blush,0
dikirain gw mobil anak fitra eri hahahha,0
wede brusan lancar mntp banget sih,1
anjay joy face with hand over mouth,0
hahahaaaaa panji kena skakmat menit joy joy joy,0
pluto bikin game slot hibur,1
cerai hitam pahit kalau main bukit menang manis tunggu,1
situs bagus rate menang banding alexis situs panutan gw,1
mantaapp bismillah podium tahun,0
aduh gmana,0
gimnaa bg cara nyarik baju orinyaa,0
serius deh rezeki suhu undang penasaran coba,1
bro gak niat review brio,0
ahok pake trik lama njirr langkah mati wkwkwkw,0
main fortnite ga bamh d,0
insyaallah klo infinix hot gue jd d beli beli hp sweat smile,0
jajan banget main pu lau tujuh tujuh tujuh,1
modal kecil lgsng jepek gates,1
sumpah alexis tuh bener bener ngebantu banget pas butuh duit cepet,1
nonton detik yg lalu,0
wahh coba lahh modif motor,0
pen banget tengah trs teriak kocak lu,0
gacir gila mandalika bikin jepe trs,1
iya lama yaa teknologi,0
ni konten motor,0
tepat,0
bicara bingung yg bingung yg bicara hadeuh,0
eh bro alexis event spesial nih hadiah investasi properti,1
emang gak se untung alexis deh,1
kaum dang mending duit segitu dah dapet tanah x desa joy,0
roasting armuh joy joy joy joy joy joy,0
makasih dora rezeki henti,1
andai lu jadi hrd lu bakal terima orang kyk gin sweat smile,0
duit abis gara gara belanja tenang alexis star star,1
alexis viral tenan,1
tugas kuliah ngerjain chat gpt thermometer face,0
rahasia negara gaperlu rakyat tahu,0
bahkan radio lokal bahas pulauwin loh,1
mobil bandung joy,0
waktu pake kunci torsi biar ga pas waktu drift cry,0
merk be like bang udah bang joy,0
nungguin crosstrek garasi drift,0
lama apa gk muncul bekas lipat yg ganggu pandang,0
rezeki hari datang terus mlndalikl senang banget rasa,1
wassup beijing,0
terthe best memang pak ahok sehat terus pak,0
komentnya yg sangat didik joy joy joy video pause joy,0
technology huawei memang ngga obat tada,0
arifhidayat sehat sehat bang tuhan berkat,0
tong kosong,0
capek dah lumayan nonton dialog nus istighfar,0
haduh jersey uda mewah beda nasib sama timnas u,0
ga menang lawan farel,0
hina tumbang puji pantas,0
sukses terus dg tada tada tada,0
agustoto gampang banget buat dapet hasil gede gk ribet,1
rejeki tukar main qasia q,1
banyak omong doang,0
mba nana heart pak pres pray,0
cie ganti thumbnail joy,0
sketer terus muncul tiap maen jepek,1
dewadora gacir banget mekswin trs pol,1
wih alexis bikin hidup gue simpel asli,1
poo jz heart,0
cuma sini zap alexis zap andal gue sekarang,1
gua kira personil vob joy joy,0
lbwk,0
kasih uang jg sama mandalika lumayan buat nongki ngopi with teman teman besok wkwkw,1
gd main ninja tak heart heart,0
sungguh tak ku sangka sungguh tak ku duga new member auto cuan main mandalika scatternya gampang kali keluar pola acak gass keun,1
kirain bakal nampilin mobil baru lecet baru moyai,0
kecewa darimana dipo happy aja kok,0
mahmudhandoyo jawab minimal nyambung jangal asal omon omon,0
method produksi indonesia kan blush,0
mata woi sweat smile,0
koh harga m apa beda apa sama,0
mobil jepang kayak tinggal jaman teknologi,0
kok bisaaaa orang ngelike video,0
main bentar gacur,1
keren banget bro,0
langsung co gua,0
orang korea pegang saham erspo,0
emang milih ioniq n kan,0
gagah bgt lo bang pake lengan pendek fire,0
kaya mobil nya akang mv,0
duh jangan lah plis,0
ahmad syahronii fire fire fire,0
mana berani,0
salfok zenix setinggi konde doang,0
beli itel maksud,0
harap sehat negeri yg sehat grinning,0
game nya gacir maen jepe,1
kalo jadi calon pilih jangan harap,0
next bikin video apa nih,0
hancur dunia otomotiv jepang serang china,0
keluarga gue aja gaptek ngomongin pulauwin,1
kayak ga niat bikin video kecewa berat sih,0
auto rampok dulu ahhh buat beli huawei grin grin grin grin sunglasses,0
gak gagal weton,1
liatin komen suara mute jalan baik,0
no kw yaa guys,0
kalau gamau kalah coba mandalika gw real udah jp,1
rapi in punya lo bang,0
jepe game sumpah hoki banget,1
jujur keren banget bang fit nya badan lu,0
iya bang mati salah satu,0
mekswin tiap main agustoto,1
emang mantep banget sih sistem alexis,1
gak pusing mikirin kalo udah join alexis,1
tengkiu bos kasi teman tongkrong traktir makan minum bagus mudah mudah tingkat hasil mandalika,1
pecah layar buat star alexis gokil,1
puas rebah yuk rebah faedah pu lau tujuh tujuh tujuh,1
om fitra bete joy wkwk,0
weton maen santai aja tetep wedey juta,1
main pulau nikmat menang besar,1
calon lawan berat brzico gantung drivernya sih tada tada tada,0
jajan game pulauwin sunglasses,1
ownernya bilang ae kw pas vlog roy,0
aku kudu ngiseng,0
pin judol,0
inisial amruhh joy,0
gak pusing mikirin biaya honeymoon kalo udah join alexis,1
gue sih udah anggep alexis kaya rumah aja betah banget main,1
sketer kali asyik banget,1
modal wede gacir abis,1
makswin wede lancar banget,1
alexis tuh emang bener bener ngasih peluang orang crazy rich,1
gates gacor parah lgsng wd juta,1
yg punya brz ni real sultan,0
iya anjir dimarahin depan muka hahahahahaha,0
dulu sih gw ga dukung jadi males aja liat,0
beli kuota buat nonton,0
skli jatuh layar retak kepala jg lansung retak sweat smile,0
gak nyangka menang alexis serasa mimpi siang bolong,1
gaes alexis emang beda,1
orang yg dpt kerja koneksi bapak joy joy joy joy joy,0
gue sih udah buktiin sendiri hebat alexis star star,1
sabar buat main agustoto rezeki besar datang kapan aja,1
ziko ngonten motor chnel pribadi seru tuh,0
si alexis rajin banget udah nugas pagi hehe,1
malah ngebahas animasi jumbo koplak,0
koislot beli ps ngutang video game,1
orang bilang alexis tuh bener bener ubah hidup,1
duit mana,0
maaf mas wapres skrg susah klo ga ordal,0
sekal dandanin zicoster towing lah bang joy,0
gak nyambung,0
peace v rockstar sweat smile,0
jgn plis org kaya gin dijadiin presiden,0
cuplikanpodcast wkwkwkwk denger noh oy dororohyakki anjim bat wkwkwkwk tae,0
eh tau gak sih alexis bonus gede nih member,1
ubah dulu atur kaya gibran,0
baru bulan main alexis star star gue udah beli furniture baru,1
udh wede kali gacir pol,1
cari platform dorong tumbuh axl layak coba,1
judol taek stop judol taek,0
ngomong apa sih elo,0
bro gue sih yes alexis,1
tampil alexis sih ga lawan,1
awal awal sih ragu yah kok lama lama jadi senang main mandalika modal receehh doang lohhh,1
hangout temen cafe eh ketemu alexis,1
mobil nya keren canggih banget kuereen pool,0
tp sayang seater,0
emang gak dua sih alexis star star,1
abis vf vf vf langsung boyong indo joy joy,0
hidup lo auto level coba main pu lau tujuh tujuh tujuh,1
jepe terus tiap hari situs baik,1
gile cantik banget lihat hasil,0
menit aku nengok pke baju coklat ekekke,0
anies ahok the next president tada,0
keren sih,0
tunggu tunggu salam jepe llexis,1
udah nyobain alexis bom recommended pokok fix,1
terima kasih banyak axl hari benar benar gacir,1
review oneplus t bang,0
miya bikin alam main seru siap siap kejut spesial,1
makas saran nya brobro mandalika wd landing lembut hasil terus,1
tadi ngakunya ngga main catur,0
alexis emang ga mati rame aja,1
gaji langsung beli ah replika version,0
beli somay maksud joy,0
main santuy aja jp pluto,1
vender boddy kit blakang nya kurang mas lancip gitu,0
sketer muncul maen seru banget,1
tunggu tunggu,0
jonathan iwp mana mungkin tau kan,0
cuan emg alexis modal k jd jt,1
gue rasa suara kecil,0
goxxsss akhir tayang fire fire fire fire,0
bang all new triton dong kapan offroad joy,0
lbwk nih kayak,0
tes vidionya mana bang,0
alexis emang ga dua layan vip member nonstop,1
maen ps tv inci udh lumayan bagus sih wkwkw,1
ggwp alexis nonton teriak girang,1
emang gak se reliable alexis sih,1
keren weton baik menang mudah,1
bang salam jepe llexis,1
tim cuma nonton doang beli kagak,0
wkwkwkwk ngawoooor,0
iseng coba alexis bnrn jp wkwkwkwk keren,1
mandalika juara maxwin,1
baru tau pabrik erspo bdg sy orng bdg aja ga tau joy,0
penasaran deh alexis kayak seru,1
pak baju bapak lengan kiri bawah kena bumbu kacang,0
ngomong yg penting x yg penting ngomong white check mark,0
gue kira cuma trend saat pulauwin makin gila,1
selamat mas dipo keren bgt sumpah,0
langsung beli iphone,0
gua nggk pas coba coba gua langsung betah,1
nih alexis pantes bnyk yg promoin gila gampang jp nya,1
gw penasaran varian rs ga masuk lcgc,0
rahadiarum wkwk global apa wkwkwk ngaco,0
awas serang pasu perak per komen joy,0
antimo solusi baik utk mncegah muntah muntah mabok,0
jadi aerox nya andy nya ganteng ni,0
lah,0
hasil alam main pluto,1
alus pis alexis wkwkwkw,1
buset niat sewa buzzer banyak sabar mas wapres,0
rezeki gak lo arah pu lau tujuh tujuh tujuh,1
coocaa z mentokin jt dapet yk,1
metot metot metot method kali,0
besok otw beli,0
tambah blunder gaksie joy joy joy,0
alexis ngertiin butuh gue,1
like nya liat kok dislike nya gak muncul,0
kalau main mandalika udah gw rasa mmg lebih gacir,1
terimakasih banyak inisiasi mas ruby,0
lemah hp lipat kabel flexsibel cepat rusak,0
bang kapan misteri box bang cry,0
respect,0
gua sih udah ga ragu rekomendasiin alexis yin semua orang,1
mandalika terbaikk jepe terus bro,1
jersey baru u nya bantai hadeh,0
semangat bosqu baik sgi,1
jeffproit wahh iki bener,0
baru coba udah maxwin dewadora emg bikin nagih bgt,1
bro alexis turnamen gede nih hadiah bisnis franchise,1
kalau film biasa pimpin bicara gin depan layar teks,0
pak ahok kaya gimana macan sirkus apa yg joged joged joy,0
gw kesini mau dislike doang,0
heran gw banyak yg suka main pulauwin,1
menang jersey doang beli gas antri,0
ken beli kw menghidupin umkm,0
jepe mulu sini prnh zonk,1
alexis on fire parah,1
yess justru sekarang original made in china rofl rofl,0
matiosaja ank abhh,0
tuju modif motor xmax nya bang jadiiin project seru bgt,0
kia emang singkat korean international automotive kalo ga salah,0
emg ngga tau berkah,1
xmax nya ossdette,0
agustoto auto jepey,1
tim kredit point down,0
sumpah alexis win,1
otak abang kayak nya nggk nyambung kayak nya dulu kena stanting yaa sweat smile,0
jakpot bikin seru dora,1
mulai nyetok dagang km nih wkwk,0
wajib beli,0
agustoto sukses buruh bangun usaha kontraktor,1
alexis gampang banget dapet hasil gede gk ribet,1
kata kata sakti hape minggir lu miskin,0
main sekali langsung dapet jakpot besar agustotobener bener gacir,1
wow zap alexis zap emang gak pernah ngecewain,1
gue sih ga nyesel gabung alexis nyesel tau,1
alyssabrayden yg paling jelas bagi uni lubiss,0
pa ahok jdi presiden indonesia sih kalo mau negri maju,0
moga beli aamiin,0
petir merah muncul terus auto makswin,1
gak perlu khawatir soal masa depan kalo udah gabung alexis star star,1
mantap heart alexis heart emang paling top,1
wapres buruk panjang sejarah indonesia,0
jepey terus weton beneran,1
pandji najwa shihab d luar politik,0
inti masalah masalah bicara masalah,0
gw baru beli emang bagus ituuuu mau tanya,0
baru kali nemu platform hebat alexis star star,1
goreng temen sendiri sweat smile sweat smile speak no evil,0
alexis emang daun banget gila sih serius,1
ohh juta aja aman lah udah kumpul ribu,0
gas beli naspad,0
sponsor lebih banyak brziko open mouth,0
wede gampang situs percaya banget,1
buset alexis keluarin promo bagus banget,1
into sm listrik internal combustion tetap hati,0
darimana duit,0
mandalika daftarin bos,1
serius nanya alexis beneran bagus sumpah,1
manfaat orang tanggung jawab sangat keri,0
salut sama erspro jersey kali bener kelas bngt mewah,0
anjay mantep revolving hearts alexis revolving hearts main slot nge paramount,1
emang gak se legit alexis sih,1
wih alexis sih heboh banget,1
bang review kucing oren yg lewat dividio bang,0
buset dah segitunya ama rezim,0
alexis sih heboh banget beneran,1
jawab sungguh luar akal,0
aerox anti ngorox,0
gak sabar nunggu projeck crosstrek brz farrel,0
terima kasih bapak pk ahok sdh yakin pk ahok,0
angeliart mana berani undang tempo,0
terima kasi rezeki star sgi,1
tujuh banget,0
cari kerja sulit banget bos umkm sulit tahan usaha,0
suka banget main s tus llexis pokok the best emg,1
temen gue bilang alexis tuh bikin nagih,1
the most proper drift car in indonesia,0
salah satu mobil impi g range rover sport phev,0
lihat bukan isi video komentar yg nonton video,0
kontribusi voting dislike,0
jawab nya formalitas model citra mulyono,0
menit habis baca komentar doank joy,0
zoe tw kasi alergi,0
jelajah mungkin mlndalikl,1
lebih diam,0
makin sedih rakyat indonesia joy joy joy joy,0
tuju bro kalau gw jg main mandalika gacir,1
bagus garasi berkah emang juara rezeki gak abis,1
muka artis pake baju gd kaya mantan ku,0
no respect,0
santai main hasil cuan pilih mandalika,1
ndiasmu beli,0
mantap zap alexis zap selalu kasih kejut seru,1
sound og akhir video tada,0
buka lembar bahagia mlndalikl,1
ahok like dulu baru nonton gass,0
minggu main alexis gue udah bayar asuransi sehat,1
alexis maen hoki,1
dora tawar alam efisien ringkas,1
alhamdulillah palms up together sehat selalu bapak presiden ku smiling face with hearts,0
jam ga ngapa ngapain,0
erspo ama erigo sama kan bos sadad jg yg punya,0
cukup daging klo dengerin sampe akhir,0
hemm sayang sekali,0
kn tiap orng beda blog,0
gabung alexis minggu udah ganti motor,1
pertama kali awak rasain jp juta cuma mandalika,1
bro alexis ngadain giveaway nih buru ikut tutup,1
sini padal baru bilang ahok ga pernah marah,0
se mau tau selera ziko klo modif motor joy,0
berat ahh klo lawan kdm gibran joy,0
njir ngundang ahok,0
numpang ketawa joy joy joy joy,0
buzzer yah,0
baca monitor niyeee joy,0
situs mantap pluto gampang menang,1
udah main buzzer buzzernya,0
ridwan ld gk dengerin ga sampe akhir,0
samsung coy,0
yg ngasih nilai sibuk bikin balap tamiya joy joy,0
kdm ahok cocok,0
anjir tiba banget scroll yt upload vid baru joy joy joy,0
main dewadora tuh auto tagih gacor terus ga pernah rugi,1
wah gokil fire,0
weton bikin tagih,1
kurang bang rocky cb tambah dr amat politik gitu,0
keren sgi baik menang mudah,1
mana pilih yg selalu bela beliau kok ga omon omon sekarang,0
saat sinar sama mandalika,1
suara yg beli murah,0
topeng om mob tu bauk apek,0
bravo,0
mantap jersey boss q heart tada,0
gua asa nonton yt jam ngga ngapa in,0
axl aku cba bentar saldo lgnsung gede,1
kok rasa pilih anis dulu pilih yg tepat,0
dikayh px wl iya bang si paling tau,0
aduh ngakak bgt wkkwkwkk,0
gass lah modif x max,0
pantesan hitung face blue smiling,0
david hormat coba bahas nubia redmagic terima kasih perhati,0
senang bukan kepalang rezeki nomplok axl,1
tanya apa d jawab apa sweat smile,0
mobil pake duit hasil bayar pajak,0
coba,0
doyaa auto mekswin,1
butuh orang saklek kaya ahok,0
link beli sweat smile,0
ngetik sendiri,0
akhir beberapa bulan akhir penasaran sm ni hp,0
sepuh jangan galak kak jantung copot joy,0
emg gaya dr dulu deh asa,0
otw beli biji,0
baru bulan main alexis star star hidup gue ubah derajat,1
axl cuma modal kecil eh malah dapet jekpot,1
ajar ngetik lah lebih baik ngebacot,0
konter ter fav,0
swert bonanja gacir banget hari mantul,1
bulan join alexis hidup gue ubah total,1
juta ajaaa ajaaa ajaa aja aja aja aja aja ajaa,0
wah si oyen tuh sweat smile sweat smile,0
kaum dang mending bendang banding jir,0
yng nouvo,0
menang valid settingan pluto emang gacor,1
waris ilmu molyono,0
ngelantur ngak jelas,0
dora gacor ga mati,1
fokus lihat menit malah tulis manut,1
pawpaw d bukti beda bareng tuju positif,1
komen lu naik bang biar gue bantu,0
syhrzlsyhrzl gaa kok dulu emang sama gm company ga pernah chrysler,0
interior terlalu biasa sayang banget,0
aku orang indonesia sangat malu punya wapresss negini kulitasnya,0
nyata betul bgt bilang teman gue main mandalika gampang bgt dapetin maxwln member baru positif wd,1
modal maxwin gila sih gacor abis,1
cara liat dislike bang,0
gas bang modif mio,0
beli lah jual ginjal dulu joy joy joy,0
terlalu keren mas fire,0
aku syukur aku bukan bagi,0
langkah doang udh skakmat,0
anyinggg awowkkwkw joy joy joy,0
thx a lot rangkum,0
gw main alexis nih skrg emg alexis kualitas,1
momen pak ahok marah hand orange covering eyes,0
mantap banget keter langgan,1
coba hitung brp kali hahaha joy,0
males dengernya,0
hasil jepret mantep gilaa,0
males ah bayangin aja sendiri joy,0
jawab nya ngalor ngidul ges,0
alexis bikin hidup gue simpel asli,1
cumi cumi apa ga yg join event,0
bulan main alexis gue udah dp ruko,1
lexus ko gaada omm,0
gue sih udah ga move on alexis gacor bikin candu,1
main agustoto nyangka rezeki langsung kejap,1
pak prabowo jawab luas,0
tuh beda banget buka pulauwin bikin semangat,1
emang omon omon ngelantur prabowo,0
uni lubis keren banget tanya,0
rezeki nomplok agustoto bener bener puas banget,1
komen gk report aja,0
presentasi apa,0
buset batre nx harga pajero kaya nx,0
jakpot besar axl bikin hari makin cerah siapa cepat,1
tuju bro gw jg main alexis gac r,1
layak,0
matahari kembar,0
gilaa bom seceng kuowo besar mujur,1
dislike baper cihhhhh apa,0
dwiagusadip gk ad bilang mas wahid,0
bro lihat bagaimana buzzer mengcounter opini rofl,0
bro wapres apa inti total menit,0
maen lgsng makswin gg banget,1
kaesang kapan niih bang,0
akhir lu review bang,0
ga berani pake tempat umum deh takut ilang disamber orang lewat,0
siap gass jdi timsua nya wilayah gua,0
sumpah ngomong apa sih,0
gasss zx r,0
style naskah editing video gaya gaya mirip ferry irwandi,0
tim nonton doang gak beli point up,0
fender belakang nya yg rada aneh mas dipo,0
jumat up crostrek,0
emng bener kemarin udah coba probet gas ahh sgi kawan buah manis,1
muhardhy realistis kalo pdip mau kalah tipu abah,0
wkwk kocak ahok lebih tegas,0
berkat dewadora lesat jual asong bos ritel,1
mending redmi t kwowkwowkk v,0
biasa ahh nyesel belakang,0
soleh solihun versi politis joy lucu isi banget pak ahok,0
pake te kek nyambung tu velg,0
salut bang keren konten salam jepe sgi,1
lexus gk omm,0
terima kasih banyak bang raised hands,0
beli somay,0
bang bahas teco camon pro g,0
kalau kerja cari sama ortu gak usah edukasi,0
stop normalisasi korupsi dulu,0
detail banget ampe baut baut no play play mah,0
senang banget dapet rezeki hari dora,1
bujangpamenan wi intelektual wkwkwkkw joy,0
main dora buka jalan kuli bangun usaha sukses,1
ohlins motor aja mahal gimana mobil,0
kpan nih review subarunya farrel,0
gak perlu modal besar buat sukses alexis star star,1
petir merah muncul auto makswin,1
biat ngontrak rumah tahun joy,0
semua orang bilang alexis star star tuh life changer banget,1
gak brooo gak mampu,0
nyindir iphone nih,0
main server baru emang mantep ga pernah turun naek terus nih mandalika,1
nikmat main mandalika starlight princes ny tabur pesona tuh sama member baru era kata rungkad deh cuan banyak masing masing hari,1
jenosreffps ngak usah serius brader santai aja,0
kelas bang,0
awowkwkwkwkkw mana jawab,0
pulau tampil elegan banget,1
bang kalau mau main mandalika jangan pakai emosi main nya bang main pelan pelan aja bang,1
otr juta laku nich mobil jaicoo,0
gak seru nagih vibes nya pulauwin,1
sepakat auto menang grin,0
nih alexis hebat banget sistem,1
petir terusss alexis,1
lifeisneverthesame kalau mau seater jaecoo j ukur dipanjangin,0
ahok anies,0
berkah sih google,1
sempat menang king sampe lewat,1
apa hp aja volume kurang kenceg,0
akhir subaru garasi drift team udah mau selesai mobil fire,0
tunjuk ijazah simpan rapat rapat biar tak curiga orang,0
situs dongo dongo jamin dongo,1
gue sih udah ga move on alexis gacor bikin tagih,1
jeder ane pilih vip bowo rb tembus,1
barusan coba emng iyah sih wd bang makasih yah rekomendasi sgi,1
keren congratulations,0
sobat kuliner lah terus smiley smiley emang iya haha terus anies ahok ape smiley,0
orang bilang alexis tuh bener bener ngebantu uang,1
he doesnt care at all,0
pak ahok sosok idola merdekaaa,0
triangular flag on post sgi tempat paling uhuy,1
manut mulai kecil mulai sekarang,1
super mantap rasa sendiri sensasional pgsoft olympus sama princes lain mandalika,1
mas kapan punya bus slepper buat wisata blush blush blush,0
dora tawar sempat uji mampu,1
bakal lipat,0
jt mending beli iphone sama motor scoopy,0
sekarang lu nyesel kan nyoblos paslon,0
kalo alexis yg kasih duit,1
lu gak main catur joy,0
parah ih banyak yg dislike joy joy joy,0
mending beli cewe bang joy,0
kalo ahok udah tampil tonton byk joy joy,0
fueled by r sauce e,0
bang judul bom ganti tuh wkkwkw judul tahap revisi,0
pulau selalu punya fitur keren,1
justru lebih bangga kalau jalur prestasi,0
moga amal ibadah terima sisi tuhan,1
sempet ga percaya eh bener gua maxwin diga ru da ho ki,1
makin tunjuk kapasitas beliau,0
juraganbeat sabar om banyak bener ga ngerti,0
richardquando ampas aset,0
knp kyk kurang antusias gk spt biasa nya aura rame nya gk,0
tpi jujur gua main alexis sih emg gg lgsg wede,1
oalah kalau sama bapak satu emang gak nanggung buat hobi,0
asik ngasih piala,0
main mlndalikl nyangka rezeki langsung datang kejap,1
kangen main game alexis nostalgia,1
ngomongin alexis ikut kepo,1
like komen,0
orang kuasa yg mau main tinggal diam bung rofl,0
beli hp mahal mahal mending duit nya buat michat heart,0
serah yg punya,0
main situs segacor sgi asli nagih sih,1
miya tempat w de batas seru bikin nagih,1
land rover evoque aja kaki kyk mau meledagh,0
yg tunggu,0
bukan ban jawab nyambung,0
ko video ga suara hp gue klow video cry,0
gak perlu pusing mikirin biaya sekolah anak kalo udah join alexis star star,1
tanya untuk anggar dibalesnya angin siapa yaa,0
arti kata benda om wkwk,0
dewadoramenawarkan perspektif beda main daring,1
weton emang top markotop jp,1
gacur banget wede auto neng,1
orang gila mana yg mau beli hp harga motor joy,0
respect kak raised hands,0
bilang yg penting jawab lu tuh nyimak beneran ga sih,0
lockysigarlaki bang bang mending banyakin baca yapping bgini,0
arti kemarin golput ato milih jokowow,0
gak skill khusus menang alexis,1
ga ru da ho ki anti rungkad,1
kasih link beli asli,0
indonesia maju kepala satu orang ahok,0
alexis emang daun banget gila sih asli,1
edan alexis bikin nagih,1
jd khawatir gue mana msih tahun lebih lg cry,0
aman ws,0
iye jahat main agama gitu kan mau lu jawab sweat smile,0
iya iya ukur mirip toyota fj cruiser,0
atas bawah mandalika nyata bnrn gacir bre,1
penting ngomong meski ngedit kerja keras,0
pulauwin tempat ngadu nasib wkwkw,1
butuh gawean iki mas pundi seng bikak lowker nik,0
wede aman prnh,1
baru minggu join alexis star star gue udah beliin ortu tv baru,1
joy mending turu sih,0
gak pusing mikirin biaya salin kalo udah join alexis,1
audio bang pandji team,0
ersp ko andal salam papua,0
pasar modal kok tiba jadi mbg sweat smile joy,0
login epep yu mas,0
atas sultan sultan,0
salfok sama filanonya,0
aura gus iqdam banget je,0
rezeki berkah emang gak duga terima kasih tuhan,1
gas bang coba main motor v,0
kesini cuma buat dislike joy,0
bilang indonesia gelap mata gelap joy joy joy joy,0
tugas anak paud bang,0
luar biasa gd nyala inspirasi,0
parah dewadora bikin nagih banget susah henti open mouth astonished,1
penasaran coba deh main pu lau tujuh tujuh tujuh,1
senang banget main mlndalikl langsung jakpot besar hari,1
terlalu sakit dengar sweat smile,0
demo damai ki piye ngomong pelan aja gk didenger,0
sis worth it gak sih alexis coba,1
pib golkar gerindra prabowo pdip,0
inti apa bang,0
gua sih ga pernah nyesel gabung alexis yin awal,1
auto jepey weton,1
macan jadi kucing,0
tunggu tunggu salam jepe weton,1
benar kata hok gie memang naif,0
bro denger denger alexis promo bener gak sih,1
kelaaaaaassssssaa fire fire fire fire fire fire fire fire fire fire fire fire,0
agustotobikin hidup asyik rezeki henti,1
bener jatuh cinta desain aston martin,1
sehat slalu bro,0
tim yg pingin beli ga pingin,0
se apa mobil kalo tenaga listrik skip lah,0
wowo full omon omon,0
gk bikin video event drift king kemarin,0
bro alexis yin update sistem nih kata makin gacor,1
anjir lah cok ken beli gua keren bgt njir,0
joget pak joget,0
hp lo lipet berapa boss tanya keri sweat smile,0
dapat menang giur pulau tujuh tujuh tujuh fire fire,1
jiwa miskuin ku ronta ronta grin grin,0
lo komen gaya lama bro macam pintar aja lu jirr hahahaa,0
ninja r ss rr bang yg hedon,0
alexis bikin aku betah terus main gaskeun,1
salut sama jurnalis senior sabar wawancara orang ngigo joy,0
ngopi santai kampus favorit alexis nih,1
gacur banget auto wede tiap hari,1
gwe kaya nonton frimawan rigen jirr,0
menyalaa king dipo fire love you gesture raised hands,0
bro tau ga alexis udah support bank lokal e wallet,1
awas komen jelek ntr kira bayar rofl sweat smile,0
mobile gus iqdam grin,0
voters kan iq,0
dulu smpe skrang sllu suka ahok heart,0
puas banget hasil didapet,1
mau daptr mandalika bos ku,1
pluto maen santai aja tetep wedey juta,1
retur gak krn lupa gak cek dulu kata,0
agustoto aku cba langsung bawa pulang cuan gede,1
bang mobil baruu cry,0
memang gila mandalika member baru kasi jp besar trus gaskeun ngasih situs aman,1
mascar statement kntol,0
umur panjang panji pak ahok heart,0
ancur,0
nyata bukan cm gw yg gemes sm jawab yg bukan jawab rage triumph,0
dewador abikin hidup asyik rezeki henti,1
bener presiden rakyat indonesia blush,0
ngomong apa no mouth relieved slight smile grinning smiley smile grin,0
wih sih alexis trending gitu,1
kaonimecrack wkwk absolute cema,0
sulistyowati el kl ngegas mana cowboy mau dong rujuk share link nya kakak,0
joy joy kowek dulu ga sih joy,0
yah gws deh ni negara,0
ghacoorr nya lewat sumpah ga ru da ho ki,1
seru nich sgi cair,1
huawei triple kill,0
kasih manut tiada batas,1
bukan nglantur seperti memang paham,0
wajib trending yok,0
next nya lipet,0
good job btx clap,0
saladinwarrior tinggi yaa hahahahaha,0
jawab,0
tensi tinggi semua joy,0
gas big bos,0
kenal alexis gue tabung,1
wapres kuah seblak malu in aja,0
punya anak crazy rich tanjung priokk rofl rofl,0
cariin kerja dong,0
wkwkwkwkwk joy,0
lihat episode sblmnya emg klu kesan kayak keburu buru touringx,1
manut tiap hari weede terus sini cuy,1
nyimak abang sgi cair mulu grin,1
please bang panji next udang kdm stuju like,0
neng model riview gin pakai bahasa hari hari,0
macan sirkus rofl rofl rofl,0
hari rezeki besar axl senang banget rasa,1
alexis gua suka banget main mudah menang,1
gak pusing mikirin biaya rumah sakit kalo udah join alexis,1
asli bener bnget joy,0
merknya mirip nama adik giant film doraemon,0
pak ahok yes mantap,0
udah cair rupiah,0
biasa kalah milu kemaren blm move on,0
swert bonanja mekswin modal aja,1
beh crossdrift fire fire fire fire,0
mana juta lapang kerja yg kau janji lupa khusus ordalmu,0
rasa ajaib hari mandalika,1
gurih sedap tembak nya,0
fix gak nyesel zap alexis zap andal gue sekarang,1
barang nya recaro emang bestt sihh jadi kerenn bangett ini,0
modal oleh dora percaya berwirausaha,1
semangat bang buat konten nya blush salam weton gampang jepe,1
pulauwin tuh kayak udah lifestyle,1
tetangga gw tiap sore main pulauwin,1
bro alexis ngadain giveaway nih hadiah libur keliling dunia,1
tuju up,0
kok betul,0
sumpah maen udh hoki,1
langsung sgi bang,1
punyaa farel bukan,0
punya farell,0
sih alexis trending gitu gila,1
mamang bener,0
bang review infinix not sg,0
pulau makin tarik tiap hari,1
jawab sama sekali keluh kesah rakyat,0
ubur ubur ikan lele alexis nih lee,1
klo kamu gak yakin dgn putus buat apa ngambil putus,0
sama wkwkwkw,0
iya bg langsung beli beli kacang biar asik nonton review nya,0
vivo x ultra bng,0
nunggu tahun pas harga nya udh turun juta joy joy joy joy joy,0
mandalika bikin senyum gak henti mantap pol,1
blunder besar wowo buat acara laughing rofl rofl,0
org baru d pake mantap,0
ken beli besok pas liat jarak tempuh nya pendek cancel aja,0
kalau mau beli phev mending chery tiggo csh,0
jurus skak mat langkah andal gue nih joy,0
bo ong,0
masa ngga tau berkah si tempat menang,1
ps terobos nya apa,0
gila foto siomay aja jadi estetik banget,0
mantap aura amfibi keluar,0
next tambahin segment mobil beli iims,0
ims mobil diesel g bang,0
muhammadhaidar kamu bicara apa sy kurg paham,0
nyata benar apa kata pak anies baswedan debat capres kemarin pensive,0
makan indomie baca goreng komen uii sedapnyoo,0
solusi hilang stress cuman alexis,1
fitnah apa fakta nih,0
trending euy mandalika,1
alay balap kok bawa ga perlu,0
reall sihh lbwk mah juara jepang rofl,0
buka pintu bahagia mlndalikl,1
bekas lipat baru liat pas udah bahas emang keren nih hp,0
agamseftian dri pemprov dki loh,0
kyk sanggup aja cil omong kosong tok,0
trending gilaa mameeen mandalika,1
mobil rusak parah bang cry,0
jiwa miskin bergetarrrrrrr,0
lebih seru baca komen nih sweat smile,0
gile tipis banget battery berapa mah dah,0
yg kemarin ngeluh nunggin konten crosstrek mana,0
beli kerupuk buat nonton gadget in,0
ku velg nya cocok aja mobil nya suv,0
hp yg kek review zi ishowsspeed kek yg pas cina,0
hidup penuh ceria sama mandalika,1
itasha kobo cui,0
hancur sudahh rofl rofl,0
makin gajelas joy joy,0
keren parahhh,0
kirain upload dipo crash sweat smile,0
dik bu kantin joy joy,0
emang gak se gampang alexis star star kalo soal dapetin cuan,1
hari jum at gak upload bang,0
maaf kan jalan puluh tahun,0
beuhh kamera drooling face drooling face drooling face,0
karakter favorit muncul alexis suka karakter,1
hp kok ga liat yg dislike brp,0
mimikreeimut yoiiii wkwk,0
heart sgi heart,1
maen lgsng gacor parah,1
gak didik menang alexis,1
oke mobil impi udah tinggal uang bagaimana,0
suka gimana ulu update,1
moga milik pray pray pray,0
begitu dunia selalu goda,0
engga si aneh mata lu aja,0
gak sabar buat main agustoto rezeki datang tak duga,1
is real,0
pak nonton lebih jam khawatir cry,0
thank you mr jeje fire fire fire fire,0
baik heart memang kak salam weton,1
d jual unit,0
sungguh alam senang hasil axl lawan,1
koislot kasih skatter k sih beneran gokil,1
langsung beli nasi padang,0
jt lapang kerjax apa kabar pak,0
rangka esaf minder tuh,0
alexis gak boong dsini hoki mulu,1
sangat dukung kalau pak btp nyalon capres,0
pelangi bahaya moyai joy,0
mobil bang dipo gimana kabar padahal baru jadi cry,0
wahh om kurussssss congrats om keceee,0
mana nih vid baru,0
gue rela ninggalin nongkrong fokus alexis star star,1
best part,0
sumpah dapetin info alexis,1
coba lgsng jepe kali,1
pulau bikin hari makin warna,1
pinkgangsta nah iya yg waktu undang kadin liat kosong rofl rofl rofl,0
masterpice cipta,0
agustoto sedang dapat perhati belakang lihat apa tawar,1
ngomong apa joy,0
oke mantap mandalika udah wd otw mabar sama teman jg,1
mantap,0
nunggu case nya,0
gue sih percaya aja sama alexis star star gak pernah ngecewain,1
dunia otomotif indonesia makin maju garasi drift jaya,0
tiap hari aja baru agustoto bikin penasaran excited terus,1
modal kecil wede besar gacir abis,1
harga efisiensi mudah guna axl layak coba,1
tuju khusus uni lubis nanya ruu tni,0
dilann daerah kota joy,0
lebih suka mobil aldibosar,0
asli ngakak kocak pas part rofl rofl,0
alexis tuh emang bener bener ngasih peluang orang milyarder,1
wkwkwkwwk best friend ciyeeeeee rofl rofl rofl,0
oke alexis gas gas gas,1
aaaaaaa gila keren bangetttt bang gokillll heart,0
mobil astronot neh bang wkwkw,0
solusi stunting pas kandung bukan pas udah sekolah,0
setia buset alexis udah setia,1
kesini punya hp,0
mobil disel sing paling proper,0
emang kalau diopening biasa banyak jebak jangan lengah,0
lexus ga ikut,0
awokawoakwok awas serang penyefong nya rofl,0
sotoy sotoy,0
ngab joy j prem cuma k,0
tong kosong nyaring sekali bunyi nya,0
nyomansuwirtanaya jadi presiden,0
utama rasa manut,1
rata kanan,0
keren gas kak s gi,1
sumpah bagi gw ulang ulang kali kali ngakak,0
terimakasih selalu upload bg walaupun sibuk tada sgi,1
maen gacor abis,1
orang lebih baik saling oposisi sama pinternya,0
crostrek kapan nichh,0
akhir mercy lexus hadir,0
next review mobil king dio,0
sangat mudah thanks,0
yyahhh crashhh,0
bro bilang alexis top markotop,1
mantul banget puiau jepe nih,1
bray cari bapak suruh pulang mandi gih,0
baru sadar kalo lama tipu sama mobil jepang,0
sukaaa bangettt sama probet,1
nambah juta lg dpet daihatsu granmax blindvan bekas joy,0
prabowo dongeng sih kata blush blush blush,0
hahahha kae,0
rayhanyovi bener banget tadi mau bilang gin,0
yaudah langsung beli gan,0
kok rasa sedih liat mobil insiden disappointed relieved,0
kosong useless,0
akses alexis keren sih,1
tim yg ga tidur langsung nonton gadgetin raised hand,0
the real kaya wkwk banyak sponsor,0
tuh gede harus,0
tonyramadan ku pribadi tiga gak yg yakin bang,0
terima kasih agustoto menang butuh keluarga,1
senangkep gue malah nyalahin rakyat wkwkwk,0
enak yah nyobain jdi wapres joy joy joy bonus paman,0
newpedia tahun umur hidup pasar teknologi,0
tugas sekolah seperti joy,0
diskusi rekam aja gaslighting mulu ngelantur rofl,0
mlndalikl gk usah ragu coba sekarang,1
gelang lo bang joy joy joy,0
angeliart rezim kok bela harga diri lu serendah perak per komen,0
hahaahaha bener,0
badan lo yg bagus bg keren bgt timnas,0
sketer muncul auto jepek,1
alexis bikin gue lunas utang minggu modal rb,1
baru je siap dah crash mohon tabah yer mas dipo,0
keren sih pulau main bentar auto jepe,1
sehat salam llexis gampang jepe,1
swert bonanja gacir pol auto wede,1
layar punya samsung kerja sama samsung,0
mobil cocok kendara dinas kepala desa,0
rezeki tak duga datang agustoto makasih banyak,1
gurih banget emang vna,0
ulas full carman nya om fitra eri yg crast d mandalika bro blush blush blush,0
salam satu hati sama setia manut,1
gates gacur banget hari auto wede,1
bang bahas mas dedi mulyadi dong gubernur jabar,0
kalo dukung timnas udahain beli yg ori gaes,0
alexis emang ga mati rame promo,1
mandalika,1
untung gak rap kerja,0
alexis emang top dah ga bikin kecewa,1
dapet apa,0
paling jawab biasa biasa,0
gak skill jago menang alexis,1
main santai agustoto eh dapet menang gak tinggal,1
pimpin suram,0
wajib coba bangga banget jadi bagi fire zap alexis zap fire,1
lebih tarik baca komentar joy,0
ngeri sepupu gue smp aja tau pulauwin,1
ketik aja ndasmu joy joy joy,0
anti lelet alexis emang gacor,1
utang numpuk jadi sultan abis main dewadora,1
alexis emang top dah ga bikin kecewa sampe jaman,1
eeee eee terus paaa,0
sering bngt gua ngeliat towing nya garasi drift rawa domba,0
sekarang mana brz farel sweat smile,0
yg gak nonton sampe abis mana tau face with hand over mouth,0
makasih kohh,0
sponsor keren semua plus overall look mobil emang top thumbsup,0
fufufafa was wes wos,0
alus pis mandalika wkwkwkw,1
kopet njlepet nyocot apa sih,0
klu kerja cariin ortu mending gk usah edukasi deh,0
urusin aja makan luhh,0
khodam rebah gw ketar tir dengernya sweat smile,0
suka bgt jok sm kaki nya ciamik,0
kasi tong joy joy,0
alexis emang ga dua layan vip member umur hidup,1
zoe tw ip hz joy joy,0
bener w ban joy,0
emg terlalu op pak ahok ni saluttt saluting face saluting face saluting face,0
fate vf buat bisnis bro bukan buat game moyai,0
bang tadi jam segitu menang besar w triangular flag on post sgi triangular flag on post,1
ken cepet sukses alexis solusi,1
hasil pluto emang gacor,1
bonus babe,0
sandymartono jiakhhh raiso nimpali langsung nisuhi wong joy,0
anggorodps buzzer niat banget balesin hampir semua komentar sweat smile,0
setia rem avanza joy,0
mau beli dmn,0
hahhhhh melting face onooo onoo,0
fyi beberapa velg method buat indo fire,0
cuma juta aja anyiiiiing skull skull,0
jujur jawab jelas banget,0
tim yg cara ngumpulin duit utk beli hape,0
sayang realitanya kamu ga situ level bro,0
yo apik tenan iki gampang banget dapetnya,1
kalau real jadi puasa daud gua,0
keren mobil nya,0
mingirrrr lu misqueenn,0
orang kaya kalo lupa unik ingat gw kalo punya x max cry cry,0
aniesnya kasi gak ngimbangin,0
kamera buat ngonten kamera apa kak ziko,0
thanks a lot hand with index finger and thumb crossed,0
parah alexis keren banget pokok,1
konten gw tunggu habis pulang kerja gas ramai bro biar mledak vidionya salam star sgi,1
anggorodps anggoro jadi buzzer sumbangsih,0
oalahhh gua prnah cog main alexis bnran lgsg wd wkwk,1
buka mas tulis wing jawab,0
sumpah baik cuman alexis,1
kasi bgt dah crash aja gara keinjek bodykit copot kali,0
main miya tuh kayak dapet thr,1
pawpaw d alam seru senang,1
fix gak nyesel zap alexis zap selalu kasih kejut seru,1
udah blunder mana jalan kuda aneh pojok gitu wkwk,0
gampang pis hasil langsung rasa,1
nyok kite dislike rame rame nyok thumbsdown sweat smile,0
gak nyesel deh gabung pawpaw d peluang menang,1
nunggu yg lipat baru beli,0
nah yg tunggu,0
tuju,0
mimpi lo biaya pu lau tujuh tujuh tujuh asal lo coba,1
dewadora bikin maxwin makin gampang,1
ga malu apa motor main hp sampe masuk yt joy,0
ayokkk bus pariwisata area jaw tengah gercep star struck star struck star struck,0
hibur bikin happy untung doyaa,1
sis alexis viral,1
sigmatanic iya om malah jadi alay,0
mana nich buzzer nyaa,0
seru abis langsung hoki sejak join fire zap alexis zap fire,1
yah telat total dislike nya udh dihide weary mau nambahin pdhl pray,0
andi maulana dikit anies kangen lu,0
gue sih yes alexis,1
hapus komen bokuggooiti,1
pluto mdal udah gaciirr abis,1
main motor xmax sekali modif langsung tamat kek nya sob sob,0
user hm ul db x buzzer kali gak nangkep argumen orang joy joy,0
abdullahmaarif qz rx motor bg adv nouvo sm vario,0
alexis emang top dah ga bikin kecewa sampe kiamat,1
hoki gw pulauwin sih sob,1
udah snapdragon gen,0
malaysia brooo,0
massuhada betul sekali joy emang ga nyambung sih joy joy,0
bau bau pildun bismilah,0
kalau mau nge dim lampu jauh g mn bang ridwan,0
tetap baik goodfriends,0
let david cook dayymmnnnn,0
mobil film,0
pon penting cara sembunyi dislike,0
skill combo keren parah alexis pukau,1
malah ngang ngong ngang ngong,0
alexis udah baik,1
salah satu mobil suv favorite aku mobil hummer ev joy,0
gd baik gd fire fire fire fire,0
mobil yg direview jaecoo iklan mitsubishi,0
beli kopi kapal api kan bang joy,0
alexis yin tuh emang beda level sih ga kaya laen,1
apresiasi pak prabowo mau dialog buka,0
waahhh super sih teknologi sangat keren,0
gila cok temen udah wede jt dialexis,1
pak ahok jadi presiden please,0
gua sih tim geleng pala,0
beli infinix keluarga,0
tanggung sekali ngga milliar harga,0
kalo ultah bawa ktp puskesmas kasih cek sehat gratis,0
modal kecil masalah penting hasil gacir kayak axl,1
info darimana,0
jersey nya bagus tuh kapan rilis joy,0
beneran deh bangga banget jadi bagi fire zap alexis zap fire,1
mau dong mandalika,1
baik merk yg sdh kenal,0
auto cua top banget pulau,1
tugas pak wapres sweat smile,0
udah top markotop cuman alexis,1
rem komplek tu bro blush blush blush,0
jadi jawab semua pakai velg,0
puja cumi darat biasa nih,0
duh mba denza,0
harmony os lebih google,0
wede mantap keter rajin,1
orang solusi,0
tar mungkin pake vios nya sulap merah joy joy joy joy,0
salam manut welllllll,1
anggur,0
kira pajak tahun hybrid nya berapa,0
gg bgus lancar,0
muhammadmudayin bayar brp jadi buzzer bang,0
edan alexis bikin hidup gue simpel asli tenan,1
bukit tempat ngadu nasip wkwkwk,1
gaskeun bang bikin konten motor grin grin,0
s lu kmna bg cry,0
ngobrol serius kocak bangeeeet rofl rofl rofl rofl rofl rofl,0
wkwkwk mana bs jwb,0
lipat nya rapi kaya samsung si,0
manut selalu jadi andalaanku kalau akhir bulan,1
makasih bang,0
mahal bet indo hmmm karna bea cukai open mouth,0
dewadora tawar sempat ajar orang,1
udah temen bilang alexis seru abis,1
wkaokwako anjim,0
jelajah dunia ceria mandalika,1
seru abis bangga banget jadi bagi fire zap alexis zap fire,1
rasa semangat baru bukit,1
coba baru main motor bang,0
miya manis gabung,1
gmna kan kmren crash,0
gak perluh pintar yg penting punya bapak orang sweat smile,0
minggir lu miskin langsung ku tutup vidionya bang david sweat smile,0
tunggu berkah sensa terus,1
ngasih terus web bukit,1
apaantuh blkng rx sweat smile,0
benefit alexis no limit,1
bro sibuk sih alexis bonus deposit gede banget nih,1
kiblat kaum baterai kembung joy joy joy,0
anak muda yg gak pernah mikirin susah nyari suap nasi,0
serius deh alexis gk ngebosenin,1
mantap jiwa raga main dora cuan terus terus jeda,1
makin ngawur face purple crying,0
mata gelap,0
rada aneh liat brz sponsor gin sweat smile,0
kangen bung hatta rasa,0
klo dipakein mesin v serasa seru sih ngejengat nya sweat smile,0
beli chiki,0
mascar orang respon begini jaman sekarang lol,0
petir merah gates bikin aku mekswin,1
walaupun miskin tetep aja harap mang hp joy,0
sumpah alexis ngebantu banget gak boong serius,1
xmax luster masuk gd,0
lambo pake lbwk nih kek,0
otw beli telor,0
tuh bang koten montor sekali kali,0
shuudzon,0
langsung beli redmi a moyai,0
hpnya speeeeddd,0
sketer terus keluar auto wede tiap hari,1
tokoh panutan politik satu nya negeri,0
gak nyangka alexis se booming keren abis fix,1
gw demen gas llexis wkwkwkww seru sering sih mah,1
gaes gimana pakai si alexis,1
tim nonton doang kagak beli point down,0
kok malu liat vidio,0
eh bro alexis event spesial nih hadiah libur negeri,1
gilaaaa the bestt open mouth open mouth open mouth,0
langsung pantengin x pro yg abis stock sweat smile,0
hasil bagus banget sumpah gak pernah gagal aku suka blush,0
kemari cuma mau dislike gk perlu tonton full,0
tau gw si pandji dl sering kritik ahok y,0
gpp brok pilih rakyat,0
jakpot besar datang tiba tiba do a penasaran kan tennis,1
login ngab cerita joy,0
harap apa wapres yg fokus ai,0
gue udah nemu jalan ninja gue pluto,1
udah greget bang pandji malah majuin kuda,0
the comments reflects the content,0
sx nya kapan pasang mesin nih gasabar ken lihat sx nya ngedrift,0
main pluto uang jajan habis habis,1
gw yakin ga paham sama apa yg kata joy,0
gila modal usaha gua tambah berkat alexis,1
hidup segan mati dsyukurin,0
moga rezeki ahmadtotomembawa baik semua,1
mobil china bagus bagus jepang boring main overprice,0
tim alexis sih cepet respon,1
salam weton gampang jepe sehat,1
good look and good luck garasi drift team tada,0
kalo booking tiket alexis juara,1
emang gak obat sih sensasi main alexis,1
beres rumah nyepin pas dengar suara behhhhhh garang kaliii suara petir hahaha makasih mandalika,1
dora tiap maen hoki gk pernah gagal,1
davidboyz ey mm syahrini versi jambang joy,0
keinget jersy liverpool,0
s modif motor,0
wakil presiden paling gak modal ortu wkwkwk the real orang dlaam joy,0
alexis cba jepe gede lngsg,1
alhamdulillah udah baca,0
minggu join alexis gue udah beliin ortu hp,1
nyala sih silvia nya,0
habis pikir sih kelas presiden isi kepala begini,0
xmax x arai aerox x arai,0
alexis yin emang paling top dah ga pernah bikin kecewa,1
bus baru inovasi baru,0
gd memang the best thumbsup,0
robbyzulhaq rz kan posting nya channel pribadi bukan channel,0
almarhum ken block joy,0
wajib beli sih,0
baru kali dengar swasembada air joy joy joy,0
anjay rame banget nih alexis tongkrong,1
mending promosi ytb gua drpd judol joy,0
gombal bos,0
andai kasih tau berapa habis modifikasi blush,0
tim nunggu versi kw cina,0
emang gak se reliable alexis star star sih,1
pesan ori tepi kirim syuliitt kemas mulu,0
yah minimal jangan typo bu ngetiknya sulistyowati el kl,0
ga fokus catur sweat smile sweat smile sweat smile,0
salfok sama g class yg lewat jalur busway asa biasa aja joy,0
kosong kau,0
wah habis beli ah biar ishow speed,0
bang kata temen info jual ginjal,0
punya farrel kapan garap,0
ngeri mangkin kesini sponsor mangkin all out gd kerennn,0
tantang negeri,0
edan lah poko na mah joy joy sunda pis mang bimo,0
tokoh politik yg paling kagum gak takut,0
biasa nonton gd banteng mas sekarang malah kerja sama clap clap clap,0
sulistyowati el kl nyepongnya bu,0
joy joy joy joy joy kirain mau muji,0
happy banget dapet rezeki besar ahmadtoto bener bener puas,1
ga bener lu,0
apa tuch wkwk rofl,0
kalau orang orang deaddd,0
main sebentar gacur full cuy,1
puas scroll tiktok scroll cuan pu lau tujuh tujuh tujuh,1
wkwkwk ngalir aja gt santai joy,0
lipat cepat rusak,0
justru sumber masalah nya wapres wlwkwkwk,0
titip bos tak buat satpam rumah q,0
hahahhahahaha larrii upinn lari,0
fiadyzul serah lu kok sewot,0
cumi darat nang pojok abis hujat dipo,0
banyak uang tp ga cukup buat ikut kelas public speaking cold sweat,0
memang bener bro sembah nya gak sadar,0
bikin vario lah biar viral,0
lengkap kalo chery bikin dealer pangkal bun,1
ken banget nih hadiah cry,0
rekamanannya buruk,0
prabowo jawab x prabowo ban white check mark,0
comment ga positif apa yaa sweat smile,0
gw main mandalika nih skrg satu kata emg buat mandalika kualitas,1
ga lah kan tim pabrikan,0
nga perlu rasa udah tepat,0
chopper m,0
kah kakek zeus nikmat ampun mandalika toppppp,1
alexis real tuh dah gw coba bnrn gac r,1
gua langsung beli garem,0
bukankah dua baya umur yah thinking thinking thinking,0
suka huawai timbang iphone hp kaga punya desain doang,0
temen kantor gue kepo alexis,1
caaneedsleep percuma jga dijelasin orang udah jelas aja enggak nangkep,0
habis hilir ai mbg terbit bonus demografi,0
bahas apa jawab apa ngawur njir,0
alexis tempat jekpot besar,1
drawhanidraw bethul yg buat hebat,0
wah jadi pngn nmax ring pakai punya aerox spakbor depan nya,0
isi ngga manfaat,0
judul nya ganti prabowo ban,0
mantap gd thumbsup,0
good luck bang dipo subaru garasi drift tada tada tada,0
devankailham mana juta joy joy,0
lu main mandalika lu punya kuasa bang nyelot hepi bang,1
poco x pro,0
joy joy udah kalok gak faham diem aja,0
rezeki gue makin lancar sejak kenal sama pulau,1
yakin yg beli paling orang indonesia gk laku joy,0
rame banget nih alexis tongkrong asli,1
like cuma kumpul kecoak kecoak buzzer joy joy joy,0
jd kan bang alfito aja sbg badan komunikasi presiden pak,0
pulauwin kok kayak mana mana resap banget,1
bro sibuk sih alexis bonus deposit jumbo nih,1
udah craas aja mobil nya,0
sekali bahas kartu sd yg baik dong bang,0
moga bilang mobil jt an murah joy,0
mantan bini nya reza arap alih profesi drifter kereen,0
best answer,0
iya om,0
gue rela bolos meeting ikut event alexis star star,1
masya allah made in china luar biasa mantap,0
wow tumben,0
akhirnyaaa,0
ahok anies sptnya sih,0
indonesia pimpin orang tegas bukan pura tegas joy,0
calon pimpin masa depan heart,0
huracan lbwk fire,0
gak nyangka menang banyak dora serasa mimpi siang bolong,1
hendrayadi vh what if golput,0
tunggu aja beberapa bulan paling jatuh harga sweat smile joy joy joy,0
inpo backsoundnya bang,0
msih orng ges,0
barakallah pak fii amanillah,0
mending raket pc zany face,0
jiekong lah demokrasi kan serah aku apa akal gk nyampe,0
aduh hp gw jadi basah reflek gw ludahin waktu muncul video,0
otw beli cilok person raising hand male sign,0
nyangka cuma main sebentar ahmadtotolangsung dapet hasil luar biasa,1
napoleon tipis tipis,0
pecah layar nyawa serasa layang,0
judul kek nama file,0
kayak lagu suka tani,0
gak modal juta sukses alexis,1
model baru lebih mahal logika jepang joy,0
wkwkwkwkw cemen lo nji keok ma ahok joy smile zany face heart hands,0
kok copot ban blakang kiri latih drift,0
harga solusi wawas dewadora cocok,1
masalah kalian selesai star alexis,1
kece badai king dipo gd fire fire,0
ridwan hanif diri autonetmagz ga keluar,0
kocak kocak sulistyowati el kl,0
sgi ngadu nasib wkwkw,1
ngang ngeng ngong,0
kepo bgt ama lampu sein blkg yg kata keren cry cry,0
salah satu episode skakmat paling seru,0
q cepat x kak,0
bukan lebih benar,0
jago pis r ft,0
ikn gana,0
hp cina pertama nexian joy joy,0
gokil banget updatean baru alexis,1
minggir lue misqueeeen,0
cuma buat malu indonesia,0
gk gk alexis bahas,1
atas langit langit coy,0
gua sih udah ga tidur kalo main alexis yin hari,1
tadi malam makswin modal cuma receh,1
akhirrrnyaaa bagus konten abang coba main weton,1
gak sama bro lebih buruk,0
donatur larang ngatur face with hand over mouth,0
dosen gue sempet nyinggung pulauwin pas ngajar,1
seru parah,0
wah kalo sama gw jadi andi ni,0
blh coba mandalika,1
ngonten motor om,0
orang lebih utama joy joy joy joy joy joy,0
penyepong ip smartphone orang kaya mana nih,0
yapping bang,0
tim beli doang ga nonton,0
luar biasa capai yg g sia proud of garasi drif and team work,0
eh bang kajew,0
mobil nya emng nya ap om,0
untung benar benar duga dip luto,1
gak pusing mikirin biaya wedding kalo udah join alexis,1
mandalika bikin main jadi seru cuan gak henti alir khusus event scater zeus,1
obell the next amandio,0
salfok sama mobil stiker kobo kanaeru moyai,0
gue rela ninggalin platform fokus alexis,1
main dora nyangka rezeki langsung kejap,1
dora tawar dekat beda interaksi daring,1
gass zik modif xmax,0
asli sayang banget pengaruh sirkuit nya yg kurang pada,0
alexis gacor menang,1
main tamiya ah,0
disel ngapain nyempil joy joy,0
beliau,0
kembang arhan semangattt salam s gi gampang jepe,1
beberapa guna lapor hasil positif guna dora,1
mungkin kalo dah kerjaa,0
prabowo x katseye,0
penuh kejut menang pawpaw d baik,1
gerak langsung wawancara jam lebih w sangat kaget,0
koislot emang gila wedeey ngebut drama,1
bukan ferry irwandi,0
aku udah beli emang gila sih,0
luh keren panji pragiwaksono anggota dprd,0
wow zap alexis zap emang beda kelas,1
jepe kali maen auto betah,1
kalo yg bilang gacor bokuggooiti,1
keren mas beda juta,0
baru jadi,0
stop judi gaes,0
tahun hp lipat jadi pesawat,0
presiden prabowo bingung jawab,0
apa jangkau kecil,0
gila p manual counter steering,0
bokuggooiti bikin tagih,1
dora bikin detik harga rezeki duga,1
antonio my xs terimakasih info coba daftar,0
momen horor bikin kaget alexis lompat,1
hahaha lucu banget bang panji kena skak pak ahok joy,0
gua sih udah ga move on alexis yin terlalu gacor soal,1
maen sini auto jepe terus gg banget,1
bubar tim,0
mandalika mantap,1
gameplay no commentary gin asik alexis fokus,1
sis gimana pakai si alexis,1
say it loudereeerrrrrrrr joy,0
bang jeje gagah pake hummer cv beli bang,0
mana aja gan mau ahok anies anies ahok thumbsup,0
soon swap mesin crosstrek gd,0
mahfud g dulu,0
keren banget bang joy salam jepe probet,1
bang sattt lah ga ru da ho ki gacoor bgt jadi candu gua triumph,1
agustoto gk percaya coba aja sendiri gacor abis,1
temen kampus gue aja sampe bikin grup bahas pulauwin doang,1
lemah nya layar nya sensitif gampang rusak,0
baik member baru langsung kasih jajan tingkat senang main sini mandalika bila sih gk bakal ubah web ni,1
whatever it takes to took mulyono down man,0
orang suka marah satu frame joy,0
ishowspeed baru review hp joy joy,0
gitulah kalo hati penbenci aja nonton anis jam blush,0
hahahahhaa ngobrol main catur kocak bangggg wkwkwk,0
makasih dora benar benar gacir banget,1
mantap main dora lancar cuan lancar jaya,1
mantappp berkah sungguh gugah selera makan drooling face drooling face drooling face,1
mantap bang presiden pikir majapahit gin pake sweat smile,0
seru nich weton cair,1
bang nama channel nya ga karbidu fc,0
sgi keren banget blush,1
beli seblak,0
btw bapak nya siapa cry,0
dora bikin lupa duniawi hibur,1
gak masuk akal pulauwin bikin penasaran,0
juta dikantongin doang tim dang mending joy,0
manut sekali ngasih petir dapet nmax cok,1
timeok benci trus benci wkwkw cape deh,0
semangat kk argumen kk bagus tada tada tada tada,0
s vr dett dong aghh gila,0
terimakasih mandalika,1
alexis jp,1
beda mahal menang tetap brziko terkerenparah fire,0
lamborghini bodykit liberty walk heart eyes,0
mantap bang keren thumbsup thumbsup thumbsup sukses selalu,0
harga rb an yg fans kagak beli kw sih,0
greentex bang bimo grin,0
md btp cocok,0
auuuuu,0
gue rela ninggalin nonton drakor fokus alexis star star,1
kirain hari jumat karna garasi drift upload wkwkwkwk,0
sumpah bener benr ga expect sama jawab beliau ngelantur banget,0
anggorodps wwkwk jadi buzzer sumbangsih,0
jum at gak upload,0
gas brziko mesin upgrade bg,0
yg warna hitam cakep bng blush,0
drift gunung iwaki kapan bang,0
gaes alexis tuh kayak cheat code urus ginian,1
kalo coding alexis juara,1
terangterusyuk haha khayal yoo khayal indonesia c emas,0
mandalika aku cba maen malah jekpot gede,1
dewadora gacor mekswin terus,1
universe iphone dynamic tompel joy,0
kira pak ahok cuma hologram nyata beneran joy,0
kesini dislike nilai pentinkkk nya hahaha sweat smile,0
sehat sempurna are you serious,0
bantu dislike bang joy,0
trus langkah kongkret apa bang hadehh,0
kocak bgt eps ahahahaa,0
keren parahhhhh jualin dong bodykitnya masss,0
nonton pake huawei mate xt tada,0
dora bener bener gachor,1
waktu debat sama anis kan ngaco ngawur mulu pas anis nanya,0
tunggu hadir nya kampus buat diskusi sama anak mahasiswa,0
gue alexis aja gila,1
k touch yg fitur teve joy,0
jawabanne piye tou person facepalming thinking thinking thinking thinking thinking eman kuota nonton iki thumbsdown,0
crostrek manaaaa,0
prabroro ompong,0
baru top narsum penting diri,0
btw gausah pakai timer ga fokus timer lagi,0
bagus usaha cuan cuan cuan bensin skrng mahal operasional bisnis,0
bandara swasta bahaya daulat ga siy thinking,0
gua sih udah anggep alexis yin kaya atm pribadi aja,1
iklan mobil goreng belakang hummer joy,0
minggir lu miskin speaking head speaking head speaking head speaking head fire fire fire fire fire,0
tunggu flagship mode ultra,0
mending spresso banding vf siih,0
pilar grill isi font logo hummer rongga yg tetap,0
uhuyy faffada,0
turut sih sekarang udah poll simple elegan sangar,0
turut duka cita inna lillahi wa inna ilayhi raji un,0
bang tarik jadi ketua itb ga,0
ha ha ha,0
strategi gitu anak gw kelas sd udah gw ajarin happy banget,0
najis hp murah akwkakw zoe tw,0
bnyak stok konten kaynya,0
awal iseng coba ehh lama tagih star alexis,1
main santai menang pluto emang beda,1
uhuiiiiiiiiii,0
phev shs cuma fwd,0
hoooo cariin kerja dong bapak bukan presiden soal,0
iya emg mantap bro pulau lgsg cari az,1
kilas malah mirip fj,0
runner up,0
jakpot besar tiap main mandalika bener bener puas banget,1
muncul medsos alexis,1
mas ziko modifikasi mtor rx king joy joy,0
ngeri euy spion kayak copot,0
tanggung jawab lah ga ru da ho ki udah bikin candu flushed,1
ganjar weh hapus hapus v,0
mudah mudah taun depan beli amin allah sweat smile blush,0
dah ah tobat gk maengaruda hoki lg abis maxwin soal rofl,1
koleksi hummer pak bamsoet bakal beli nih mobil,0
timothy ahh vidio,0
temen temen pindah pawpaw d seru,1
buang waktu tenaga pikir biaya utk wawancara sweat smile,0
moga rezeki dora bawa baik semua blush innocent,1
aku malah,0
hitam kok gak sebut bg,0
alam main pawpaw d bikin tagih main,1
andai jb langsung ku pinang,0
harga solusi wawas dora cocok,1
bimo gokil,0
gas bang ziko,0
ahok presiden,0
apaansi mbl mana,0
keren bg,0
gelo keren,0
wkwkwk narasi isi buzzer semua,0
wahhh keren mas komentar besok ajar yg bener yaa,0
mending bikin bisnis joy,0
hemanut he benar dijabah doa kemarin,1
alexis maen santai aja tetep wedey juta,1
hina tumbang puji engga dulu deh bang joy,0
udah gak kaget ha us win gacoorr partying face,1
smpe hri kmpung sya blum,0
yg tunggu video mantap,0
mana crosstrack bg joy,0
detik mobil gede berat open mouth,0
btp dah jadi politis,0
gas ayo umroh,0
keren bnget ziko ngejelasinnya simple,0
arti statement nya ttg omkos ka,0
crostrek rekkk,0
asa maxwin habis heart fire weton heart fire gacor habis,1
macan kuasa satu gunung,0
jawab sama benar tanya,0
ngapain ronta ronta,0
gue alexis aja beneran,1
jadi hari istimewa mlndalikl,1
halo bang moyai,0
jadi sekarang presiden macan macan sirkus,0
bulan main alexis gue udah libur amerika,1
tablet foldable fire,0
main dip luto uang jajan habis habis,1
nemu ayam goreng ikan aja bulan sekali gak,0
terima kasih alexis wede nya gokil banget sih,1
ubur ubur ikan lelel jepe manut le,1
klo anies kader pdi joy,0
aman star alexis udah ram,1
muka gak bahagia penuh tekan,0
sr lo dah jelas,0
cakep banget tada,0
denger denger alexis promo bener gak sih parah,1
ghaacoor nya sampe mimpi ga ruda ho ki,1
seru amp cuan pulauwin money with wings,1
dewadorabikin lupa beban hidup hibur makna,1
amrik ngelarang huawei buat gabung ama google joy joy,0
anggorodps ayo jelas dong blok,0
ken main nih gara gara alexis nih,1
hidup macan sirkus,0
gd coba buat body kit ala gd,0
ga lupa cara nya jadi calon wapres boom,0
makin lama didengerin makin ngeselin,0
manis banget,0
hidup jokowi,0
punya paham n nalar pribadi yg kuat,0
semangat menang gacha ku,1
bau bau brziko bakal upgrade,0
douzheng bintangtodjoe terus negara yg baik ikut kata joy,0
papi inside,0
sukses terus mas,0
cuihhh gitu kata fufufafa hehehe,0
bikin token listrik abis sweat smile,0
towel gaj ajak joy,0
partai apa bagus lu,0
kapan ready yg player issue nih masak kemarin cuma doang,0
ngidam ngidam ngidam blush blush,0
axl aku coba bentar lngsg wd gede,1
lihat pintar baca teks sweat smile sweat smile sweat smile sweat smile sweat smile sweat smile sweat smile sweat smile,0
anak nya syahroni nih moyai moyai,0
epic moment sih joy gokliisss,0
udh top main alexis gak pelit cok,1
alexis emang ga dua layan vip member,1
anggorodps apa yg lo tangkep,0
sangat lihat otoriter,0
kerja ga henti buat syape,0
main dewadora bikin happy banget hasil gacir abis,1
alexis wedey gede cma maen bentar,1
jurnalis tempo gak,0
gila sih huaway apa kabar iphone lambat inovasi joy,0
gara gara pulauwin grup wa kantor jadi rame banget,1
kalo gak salah gus iqdam punya mobil,0
perut nya aga kempes om,0
lha iki kan asline bakul sweat smile bis hobi canda mas wahid,0
mentok kanan boom,0
gak pernah gagal sgi fire,1
tuhan pasti,0
susah laku kalau seater,0
ken beli kalah sama butuh sob,0
abis abisannn blue heart,0
pak ahok suara aneh gitu banyak ngrokok,0
point nya apa there is no point ngambang kaya sampah sungai,0
pro aja bang sgi thumbsup,1
nyata isi iklan semua blush alhamdulilah mkasih mas,0
malem hibur bareng pulauwin,1
beda alexis parah,1
woow harga nya,0
sangar open mouth,0
hah apa sih,0
iseng doang main dora eh tagih cuan nih,1
prabowo negarawan sejati brow heart heart heart heart,0
mandalika maxwin tahun baru pragmatic rupa pg soft nya rame,1
iya bang kan rintis bkn waris,0
ngomong apa,0
kasi tempo alqaeda gak ajak awowowowok joy,0
berkat koislot jalan hidup bebas finansial khawatir,1
yaahhh otak nyampe dehh emang bener ganti rakyat sihhhh,0
gd emang ngga pernah gagal buat bangun mobil sih,0
seru abis tempat paling aman asik fire zap alexis zap fire,1
bikin lah motor biar warna mass sweat smile,0
jane mudeng tenan opo gur wathon njeplak je dul,0
nonton baca komen lebih baik,0
sharus nya iring harga,0
hahaha betul,0
ak pernah nyobain mobil yg kayak gitu tp ga suara,0
barang aneh nya kapan bang joy joy joy udah lama kayak grin,0
tumben g gontok an joy,0
airbft hitam ownernya orang manado heart eyes,0
ubur ubur makan ikan siap laksana point up point up point up point up point up,0
ga bahaya ta,0
lowong dislike buka lebar thumbsdown,0
ntar naro ipad buka chatgpt suruh ngobrol sama ai wkwk,0
nitip jempol miring gan,0
maklum udah tua udah ga mampu paham tanya yg sampai,0
tim ken beli gk uang,0
bang gak rekomendasi laptop main game command and conquer generals,0
gibran bahlil siap guncang,0
video aerox ngantuk joy,0
galiat ubsi ama zicoster,0
ahok bukan gubernur pilih dki beliau kata,0
terlalu negatif mas nya ngelantur,0
keren mandalika,1
dora tawar platform stabil andal,1
belibet bummer,0
sabar lahhh lu kira doang kerja,0
syarfunimy pindah agama,0
selalu setia nonton like video,0
juang mahkamah konstitusi v,0
miya sensasi main bikin penasaran seru bikin nagih,1
the best sgi byar,1
pake gbox buat buka google aman aja,0
gilaaa keren banget,0
minggu join alexis gue udah beliin ortu kulkas pintu,1
otw mills bang,0
ikan busuk mulai kepala,0
dislike masssal,0
tim gercep nabung sekarang kumpul rb,0
gk kata kata garasi drift kalian hebat clap clap clap clap,0
temen temen temenan,0
iims ken ketmu om fitra tpi gk ketemu,0
seru,0
alexis selamat genting,1
joman cukup oke apa cuman defensif gitu muter muter,0
gw rungkad mandalika wkwkwkw tmn gw yg jp mandalika,1
udh mantap desain erspo nya tp logo yg skrg jujur jelek,0
duit bapak nya banyak apa jadi nyata kek nya,0
sejak kapan ken block muslim joy joy,0
pulau tempat menang tak batas,1
ken iims ga punya duit sweat,0
gosong chef goreng nya joy,0
mas prompt nya dong buat naskah begini,0
ahok dedi mulyadi,0
hp lu lipat berapa bos,0
telat jam v,0
rb na cry sayur garam,0
kerja dicariin bapa jangan so keras ah,0
mandalika bikin lupa semua beban hibur sangat senang star struck partying face,1
gub iwan naik iwan ed,0
yg harus lu dukung abis abis tuh orgnya nji,0
gak bener harga harga riba,0
the road is still long bang,0
affaan tuch joy,0
jangan banyak ngomong deh pak ahok buru nyalon pilih,0
jt,0
semangat bang konten nya salam sgi gampang jepe,1
turu aja mas,0
ngelantur cokkk,0
gokil indo buzzernya wkwk,0
mandalika ngan ukur jadi duit ngalir main seru ora aya istirahatna layan oke banget abdi recom duh euy,1
gacir bener maen udh jepe,1
kelaaazzz bgt karbida fc fire,0
jersey apa baju fashion sih gila keren bgt parah gokil,0
lama bat gw tungguin pidio woe,0
kek mandalika gin baru situs mantap member baru wajib menang,1
loch left and right,0
bro speaks a whole lot of nothing,0
uda kek laptop rtx aja harga,0
mulai wawancara udah struk duluan,0
joy joy joy joy emang udah turun harga diri nya,0
kalau jebol pusing ga tuh krn susah perbaikin arena,0
pake kmeja biru so asik banget wkwkwk,0
pakai lama gmn tuh flexibelny,0
huracan x lbwk kek ny laughing,0
keren bikin jadi rp all time highest joy joy,0
udah tau pulauwin lu orang,1
inti kalau kerja minta cariin bapak,0
agustoto gampang banget dapet jackpot luar biasa,1
gilaa kameranyaaaa,0
big no ahok gasuka anies ahok tolerir korupsi,0
jepey trs disgi,1
mantap gan,0
i knew it in the moment they elected,0
rahadiarum masalah yg jawab gada yg nyambung gmana dong,0
bossman fufu fafa wkwkwk,0
sama gue nyumbang dislike joy,0
buset serius skketer zeus alexis,1
cair kakak mantap banget cuan weton,1
sehat salam sgi gampang jepe,1
alexis yin emang ga pernah pelit kalo soal ngasih jackpot membernya,1
pt greentex,0
bandar weton auto sultan gacur,1
gin dong minggu x hahaha,0
lebih seru komen wkwk,0
yg nyasar tuh joy,0
gue sih udah buktiin sendiri kuat alexis star star,1
mobil gus iqdam,0
believe me no one pay me,0
untung dewadora dukung beli rumah mudah,1
gass full spek biar lama durasi ny,0
dapet notif skakmat ahok auto klik muscle,0
bang gamain diga ru da ho ki,1
rezeki sangka ahmadtoto,1
wajib beli siiii original fire fire,0
bauahahahah kalahh mulu pandjiiiiiii,0
kayak kamu lebih cocok pimpin jokowi joy joy joy dawdadadadadad,0
temen abis cerita alexis gacor,1
sp er lucu sih hp kek gitu buat game joy padahal bukan hp gamers,0
gue baru ngeh kalo pulauwin udah masuk semua media sosial,1
raja akhir dunia politik lord l,0
nyata edit belkote joy,0
nungguin bini belanja lama bnget sampe bete iseng iseng nyari web terus ketemu mandalika langsung spin kakek zeus buset deh langsung kasih dapet juta,1
abdurrahman dve emang udah ken nya bg jatinegara,0
gila sih zap alexis zap emang beda kelas,1
mau nanya nih netizen huawei ban ga sih sama google,0
mascar presiden kok malah minta solusi mikir dong wkwkwkwk,0
rusliofficiall huawei jangan bandingin sama samsung joy,0
wait and see semogaa,0
vote,0
gue rela begadang sampe subuh alexis star star,1
gass bang modif motor,0
the best jabat yg tau,0
tuju bang modif motor tada tada tada,0
absen hoki aja,1
luar biasa kualitas fufufafa clap,0
allah blm lama beli pura dah lgi yg baru melting face,0
angeliart cie komentar papan klip,0
lizzy osprey begitu sampe males lihat upside down upside down,0
anak abah lgi gibah joy,0
anjir semua komennya negatif,0
bulan main alexis gue udah libur labu bajo,1
miya kasih alam main beda seru,1
bapak lo gacor wkakakakakakak,0
citra pramtime,0
beingaamon bagus sampe skrg huawei p pro ga masalah,0
alexis tuh emang bener bener beda sistem fair,1
pandji diomelin ahok terus main catur joy joy joy,0
kerenn bletak nya open mouth open mouth,0
cuy alexis bikin mood bagus anjay pokok,1
kualitas layan rulau sangat baik,1
bang panji undang kdm,0
instant spin cuan bowo subhanallah langsung,1
keren banget bang joy salam jepe star sgi,1
jam gw nonton makin gapaham gw ama jawab presiden prabowo,0
liat kali baca text,0
gila bro emang keren ni jersey,0
banggaaaa bangett gwee,0
rasa percuma buat forum sweat smile,0
grafik mandalika keren abis gameplaynya seru,1
semangat bosqu baik star weton,1
iya tinggal,0
iphone mana buat hp lipat huawei,0
bro tau ga alexis udah support e wallet proses kilat,1
tahun privater bang ga rekrut tim pihak,0
ganas semua slt mandalika modal kecil narik juta om,1
mandalika tempat ngadu nasib wkwkw,1
gak perlu skill coding buat sukses alexis star star,1
moga bayu murti lambo pasang body kit sama team garasi drift,0
trisigit bantu nyetir malah main hp,0
ganas slt llexis modal narik juta om,1
masalah praktek nya kan stap khusus,0
ownernya nongol nih sweat smile open mouth,0
maxwin ulang,1
sx kapan lanjut oiii,0
hemanut he beri alam main yg asik,1
storia dah gitu ngomong nya liat promter joy joy,0
mascar guoobbblllllooo,0
ford ga buka booth sayang banget,0
gue sih ga nyesel gabung alexis nyesel telat gabung,1
modal receh wd juta gg,1
sandymartono lu gatau apa mampu presiden paham konteks blik joy,0
cecar sama mba nana go,0
ulu fitur keren,1
keren raih menang dip luto langsung libur negeri,1
dilann loh bukan kata daerah dalam,0
kwkwkwkw horang kayya tada tada tada sweat smile,0
alexis yin tuh emang paling ngerti butuh membernya,1
preeettt,0
selamat bang,0
konten toyota chaser kapan bang,0
jurnalis paksa sabar,0
ngeriiii langsung beli gk tuh,0
pulauwin tuh kayak udah jadi lifestyle baru,1
notif langsung nonton habis jepe s gi,1
dewadoramenawarkan mudah hubung orang,1
anak abah bakar jenggot prabowo pilih lagi,0
skketer alexis gokil gokil sih,1
ahok g bs maju jd capres ato cawapres krn sdh pernah penjara,0
bagus mobil,0
corsstrek nya manaaaaa,0
ken upgrade hidup step pu lau tujuh tujuh tujuh,1
mantaaaaaaaaaaaf,0
gak pinter paham pu lau tujuh tujuh tujuh,1
selamat mas dipo atas kerja keras tim nonton doang komen kagak point up,0
triangular flag on post sgi maen santai aja tetep wedey juta,1
presiden ngmginya kaga yg penting sweat smile,0
gabisa dua pernah jd gubernur jd gabisa salah satu jadi wakil,0
hasil bohong bukti pluto baik,1
coba nonton konten mas ferry irwandi mas sweat smile pray,0
gasss xmax nya hedonin sweat smile,0
gas mas ziko modifikasi motor xmax nya hand fire,0
sd anak ku yg tiga gak tuh mbg joy,0
ingat tuju hidup manut jadi tawar,1
modal receh gacor banget sampe makswin,1
musuh temu joy joy,0
mending nonton bapau taulany tv sama rans joy sweat smile,0
gak pernah bosen main pulau,1
mandalika emang juara rezeki gak abis,1
enak punya orang tua kaya raya,0
lanjut bang mecah narasi orang joy muhammadmudayin,0
main x spin dapet jp cinta banget pluto,1
coba nyicil rb lama ni hp sweat smile,0
emang gak se percaya alexis star star sih,1
berat gua komen ig lu bener kan lu pakai ordal joy joy joy joy joy joy joy,0
suruh nanya ai sih joy,0
review byd yangwang om,0
baru minggu join alexis star star gue udah beliin ortu kompor gas baru,1
rezeki limpah suhu makasih,1
suka semua aspek pulau mulai layan hingga cepat,1
proses sangat mudah ikut terima kasih pulay,1
gokil kereeenn broo,0
jelek design nya,0
rally drift,0
nonton full kaga nyinyir iya,0
the goattt goat,0
mandalika jekpot terus terus beneran beda tempat,1
rezeki agustotobikin hari lebih makna terima kasih,1
ketemu,0
love you mba uni lubis light blue heart light blue heart light blue heart,0
minimal byar bang kalo komen judi pul au kismin,1
ti komen gw apus ulah antek kalian,0
nunggu ulas crostrek yg kemarin crash,0
gw langsung gas otw beli es teh manis cup harga k joy joy joy,0
bang body kasar kasih warna keren tuu,0
wow unexpected guest,0
konten motor mio bang zikoo tada tada tada tada tada,0
aldibayuoka gw gak nyinggung obel nya gw jelas komen yg atas,0
iya benar jangan jawab lebih hebat ngelanturnya,0
prasetya iya iya sipaling kocak,0
andil perintah film animasi jumbo,0
fix miya trending banget comment nya rajalela,1
kirim uang china,0
ziko jadi anak motor,0
laptop tecno ks bangg,0
urus petir alexis jago,1
realme pro kapan bang,0
kamera ngotak,0
generasi pesimis,0
wajib review garasi drift iniiiii,0
baru presiden yg mau buka mejelaskan,0
cobain aja hasil bikin neng,1
bang kapan crosstrek jadi bang,0
oke mbaik jos sangat,0
thanks gpt,0
ngelantur cok,0
betapa bahagia nya mas dipo wkwk congrattsss,0
gimana fufufafa pak sdh tangkap,0
jt yakin,0
main dewadora maxwin tiap hari,1
bulan gabung alexis gue udah dp rumah,1
beli buat jual ginjal,0
penasaran kira jumlah dislike nya brpa,0
gas bang modif xmax,0
spi n pecah mulu alexis,1
loyo ngopi dulu mas,0
bang review hp satu juta dong,0
real semua yg tentang perintah lawan semangat mascar,0
dora aku jadi lebih semangat maen gara gara tempat,1
temen gue negeri aja tau pulauwin gokil,1
cepat sekali wede kilat manut,1
situs fairplay dora bikin main asik,1
ndasmuuu omon,0
makasih banyak agustoto hari benar benar gacir banget,1
manusia biasa d bener nih padahal jokojmc sebut salah jd top komen wkwkwkwk,0
kaya karakter soekarno hatta ga sih,0
menang terus terus berkat bantu pawpaw d untung,1
wajib coba gak move on seru fire zap alexis zap fire,1
bismillah moga semua kebel tahun depan aamiinn,0
minggu join alexis gue udah beliin ortu tv,1
aduhh sayang sekali mobil baru hancur,0
om mob kok tumben gak ganjen om joy,0
gg gak nyangka bagus,0
design baru wajib koleksi nih heart,0
zamalhd pdhl pak ahok gak ubah ahok tetep ahok yg gua kenal,0
bayang kalo gua punya takut salah lipat wkwk joy,0
uda yappingnya,0
seru cuman jamin puas alexis,1
pentinganya punya rasa malu,0
aszlanslatan udh punya brp biji borr kalo mah,0
kilas mirip sweat smile joshua kalau tua,0
ora tolong kie tah ngisin i wong banyumas,0
iya arogan banget,0
saran baik mundur aja bro gibran,0
sipaling mana cok alexis hduh,1
ngereview ngeroasting brziko joy,0
tombol wawancara lanjut wakil presiden,0
naskah buat sama ai,0
bang chaser bang,0
nonton cuma buat disslike joy joy,0
gojek moga surga cuma makan iklan mu sangat menganggu,0
apa presentasi mahasiswa uji skripsi siap,0
mlndalikl gacor menang trus,1
tantang indonesia dapat wapres mas gibran,0
eh tau ga sih alexis bonus gede nih member,1
ee anuu auah,0
gelokkkkkkkk star struck,0
oke bagus komennya silah lanjut hidup hari hari,0
keren banget,0
inti bonus demografi joy,0
knp speed nya ga buat x lbih cepat apa yg katro,0
rezeki sgi bikin hari makna terima kasih,1
nungguin review mobil mas dipo yg crass iven drift kmarin,0
amalanmagnetrezeky y karna anak nya bakat jadi suport,0
emang gak se gampang alexis kalo dapetin cuan,1
minggu main alexis gue udah bayar biaya wisuda,1
kena langkah mat panji rofl rofl rofl rofl,0
thanos sob,0
maksih bre,0
suruh i show speed nonton,0
yaelah main catur aja ngamuk pak,0
farhanmfirdaus makan basi banyak mbg gk jalan karna mandeg biaya biaya sunat,0
inti main sabar jangan barbar tenang datang sabar wkwk hibur bukan jadiin mata cahari kalau gw main mandalika,1
jawab nya pake chatgpt rofl,0
dora sukses tukang sayur bos supermarket,1
kau diam,0
gak ngabisin langsung gacir dora bener bener rezeki,1
modal tipis gucur kena jepe,1
wah masak tagih jb smpai jual yg ungar sweat smile blush,0
gagah banget,0
irwanchandra sama jir hibur biar gak suntuk y bang hahaha,0
wah keren bang ngundang lord,0
d beli vlog ny ishowspeed,0
akhir gw mainbukit sih kasih menang,1
kasih tau mana bagi buka jelas,0
tarik semua hasil menang mandalika saat wujud impi kissing heart kissing,1
alexis tulus banget,1
dah abang wakil,0
pecah layar alexis gokil,1
samsung a bang kapan review,0
dulu kan udh nomor jegal joy,0
storytelling pak ahok bikin mas panji nyaman dengerinnya,0
gas bang bangun motor,0
top up wd super cepat puas banget,1
agustoto tiap hari gacor terus gk ngerti,1
kelassss pak ahok heart fire fire fire,0
cuanan gak ribet asal tempat pu lau tujuh tujuh tujuh,1
up banget,0
mas anisss mas anissss,0
thanks broo,0
juta aja murah rah joy joy joy joy joy,0
judul yg tepat ppoo,0
tetep pakai lama hp hp lipet nya kena lcd v,0
ngantuk ngajak jurnalis bikin podcast joy,0
kasih pola maxwin rasa maxwin situs mandalika memang mantapp gacir banget,1
pak anis malu nonton,0
absen buat dislike doang,0
bokek langsung aja main alexis,1
alyssabrayden hampir semua,0
cair kakak mantap banget cuan sgi,1
karna bukan mobil nya gd,0
punya saham mana mungkin keluar autonetmagz,0
mas gibran sekolah lulus apa,0
velg luxury g belang bang selaras ituu muternya sama,0
bilang alexis top markotop,1
tau duit kenal alexis,1
pertama komen bang dapet apa wkwk,0
lha cuma tamat sd smp tahu bansos blt joy,0
bikin roadtrip om tiga pake mobil cepat,0
putus tepat kemaren pilpres ga milih prabowo joget aja pak dancer,0
jokowi punya jasah tinggal hutang indonesia,0
berkah emang paling juara nya sih,1
sering buka tutup lipetan ntar nongol garis ijo gak bang,0
gacoorrrr wkwkwk joy joy joy,0
croxell jelas,0
kebel kalau kebel gk kepake bg moyai moyai,0
baru tau gua grin,0
hendiwijay tonton channelnya kok wkwk,0
pas rungkad rungkad nya saranin main sama temen mandalika nyata malah kasih gacir,1
lebih baik nonton zaman sob,0
macan bang,0
gw beli redmi note pro aja udah alhamdulillah banget joy,0
udah nyicil baru kumpul rb kurang dikit,0
bang bikin konten barisin semua dong mobil yg d gd nya,0
terimakasih dislike blush,0
modifikasi motor drag,0
samar denger yg istighfar saking ngelanturnya doi,0
dora emang gacir hoki,1
keren bang,0
gue nyari resep mie goreng iklan pulauwin,1
langsung beli pertalite lt,0
gue sih udah buktiin ajaib alexis,1
ziko modif aerox call me cold face,0
gachor gila axl bikin jepe trs,1
paling the best one and only berkah,1
sedih cerita cs alexis wkwkwkw,1
jir lu mana moyai,0
notif langsung nonton habis jepe sgi,1
aroma aroma akap dekat,0
yuk iims,0
kasi lah orang yg mabok agama joy joy,0
lu jadi model nya erspo sabi kek nya brokkk joy,0
orang trump menang pilpres,1
muter muter muter,0
astaghfirullah,0
dolar k besok selasa ihsg buka jadi ngeri ni joy,0
yg buat naskah ai,0
youtube an pake app apa bro,0
apa kiri belakang,0
wehh set up rem suicid gitu kira inline cry,0
anjay keren revolving hearts alexis revolving hearts main slot nge daz d,1
ishow speed nih pernah,0
ilmu bagai langit gorong,0
bonas bonus ntut,0
ngopi bentar udah nyolek lo udah coba pulauwin,1
mlndalikl gachor parah depo receh aja mekswin kali kali,1
gue rela ninggalin game fokus alexis star star,1
makasih bg,0
kasi kak joy,0
real jabat yg benci rakyat,0
sangat lucu,0
tumben gk,0
gak live,0
siapa yg bikin teks si gaben,0
pulau gak pernah ngecewain jepe gaspol bro,1
gachor mulu ga pernah rugi aero,1
mantap main sgi rezeki alir deras,1
tempo media tua ind undang,0
banjaran pt greentex,0
crosstrex donk,0
cewek cewek gak suka liat gak logo buah grin,0
roxxtarr gak oposisi kan semua dukung pemsrintah masuk pdip,0
kalo mobil favorit gua the elite ae levin convert tadi tada tada tada,0
kecewa,0
gila dapet petir merah brusan gates,1
sixtop ny yg jelas ga milih ni org,0
hp cepet rusak,0
sumbang bikin jasa raharja nyala,0
coba lgsng makswin,1
menit brp gan,0
dewipuspitasarip puspita yelah mbak segitu aja udh pusing lawak,0
worth it ga yah upgrade infinix smart hp,0
mkasih saran sweat smile sweat smile sweat smile,0
yg like cuma anak sd kelas,0
siapa yg penjara ahok dulu joy,0
sukaaa bangettt weton,1
padahal standart banget langkah mati kaga tau wkwkwk,0
bang next coba garap mobil mesin rotary,0
manonthemoon uuuhh sakit banget joy,0
asli ganteng parah,0
fotodekacom kelas presiden dibandingin sama kepala daerah cry cry cry,0
beberapa guna temu dora alat harga berjejaring,1
yakin bukan wkwk,0
out off,0
gua sih ga pernah ragu rekomendasiin alexis yin temen temen gua,1
sobat kuliner iya ahok kang dedy mantep tuh,0
rezeki beri bukbuopt sungguh tiada tara nilai terima kasih allah atas berkat mu,1
cuma bikin org risih,0
mending ga usah undang malu joy joy,0
ad komen yg gk didik gin andi maulana,0
rezeki dewadora makasih untung,1
ahok kdm realistis gak sih,0
pasang rumah gan,0
tandem sama brziko mantap nih,0
hahahahahaha,0
mrsomyaputra bagaimana rasa jadi mahluk hina,0
mbak irene bang pandji minta dimarahin,0
sesi ngalor ngidul sangat isi,0
ahh iya dmn tuh apa takut ditanyain kepala babi wkekkw,0
kan create engine langsung jadi,0
orang kantor aku semua udh join star alexis,1
kereeen bgt poo,0
murah jt mah bapak kerja jagung sekali terima suap t,0
semua masalah negeri sebab karna tiktok waktu milu,0
ganti aja judul bukan jawab yapping,0
gokilllll fire fire fire,0
ngelantur ngawur beranta gak jelas gak bemutu,0
iya iya pinter lo,0
air minyak ga satu,0
pulau gak dua,1
i love bule ice blush mantap mobil obellll om ahmad sharoni,0
jangan asal ngomong,0
jg konten motor gass,0
ahok presiden anies wakil,0
tuju modif motor,0
salah berfikir izurzuhri,0
ganteng lee,0
menang pawpaw d prediksi benar benar mantap,1
basic cefiro bikin gundam garage,0
angka dislike hilang malu tahu byk yg dislike joy,0
lebih worth it beli jaecoo j innova zenix,0
habis jadi langsung rusak pas race sob sob sob,0
sejarah mulyono joy,0
apa pertnnyaaan nya mbg jwbn nya joy,0
cipta kenang indah mlndalikl,1
bismillah palms up together palms up together palms up together,0
bim gua mau dong bocor baju marten paez,0
gue sih udah buktiin hebat alexis,1
beli j prime gas aku,0
semua orang bilang alexis star star tuh bener bener bikin nagih,1
keren sih sgi main bentar auto jepe,1
sesal jadi salah satu pilih nya sob sob,0
bang dah jumat nih,0
nyata main agustoto bikin rezeki datang langsung gacir,1
mobil nya ancur moyai,0
rasa semangat baru mandalika,1
kijang lgx biru at yg kata langka joy joy,0
cieee satu kubu sekarang dulu aja hina hina ahok,0
yen ngak kerja,0
pulau menang besar hadiah luar biasa,1
incess skketernya mulu say alexis,1
maen pubg oke nih moyai,0
wkwkwkwkwkw,0
beda ideologi,0
jakpot besar bikin aku makin percaya sama untung mandalika,1
real macan nih boss,0
mana nih mandalika pantes bnyk yg promoin gila gampang jp nya,1
gass bang bikin konten modif motor heart heart heart,0
behh reza arap,1
juta aja cukup buat dp mobil moyai,0
yaaaah fufufafa nongol sweat smile,0
tunjuk macan hutan bukan macan sirkus grin grin grin,0
cortex gak d bahas,0
agustoto tiap main aja jackpot luar biasa,1
keren banget mandalika hampir kerungkatan bro rasio menang tinggi banget gokil,1
ngurusnya gampang naaaahhhh sila opini,0
main sebentar agustoto langsung hoki,1
gile transmisi fire fire fire,0
done dislike,0
dak nyangka dapet gin gampang,1
lebih seru kalo pak wapres belah nya,0
jelajah dunia dora lihat apa tawar,1
mulyono dua,0
jam menit jam isi prabowo mikir eeee,0
kereeennn bgtt bang obell tada,0
gamemodification pakai bonceng seru,0
hasil gacir main dewadora kecewa,1
dikayh px wl lebih org kaya gabut ga si,0
baru minggu join alexis star star gue udah beliin ortu smartphone baru,1
suara keramat joy,0
knalpot sampe nembak dah fire fire fire fire dash dash dash,0
banjir rejeki banget manut,1
jogetin aja udah dek pilih jawir,0
thank you time stamp nya heart,0
bulan join alexis gue udah bantu ortu,1
bu valeria senyam senyum karir,0
review hiace premio batak project,0
pulang kantor kena scroll sosmed aja banget alexis kena gak,1
kerennn polll,0
gua aja tahun pindah situs sama aja total kalah jt sejak coba mandalika perlahan balik harta,1
gua gak ngehh pak ahok gua gak ngeh pak ahok,0
tunggu mobil farel mana nih,0
siapa yak diomongin,0
subaru cras,0
ihh sebel sama pemred nya detik skull skull skull skull fearful cold sweat scream,0
ahok tak kenal tak sayang,0
mandalika hoki banget main sedikit udah jepe,1
fortuner cumi nya lewatin dong joy,0
pagi pagi udah senyum senyum gara gara semalem main pulauwin,1
anam makan vt kali bang,0
kerenn bett asli,0
sempet ga percaya eh bener gua maxwin diga ru da ho ki sunglasses fire,1
ga ru da ho ki member jepe,1
cocok ni buat dogeng buat nidurin anak sweat smile sweat smile sweat smile,0
berani banget kamu bang heart,0
wede kali gacir bener sih,1
fellexandroruby masukin timestamp biar komen viral wkwk,0
modal receh lgsng jepe brusan,1
gue udah buktiin alexis tuh kaleng kaleng,1
sempat menang miya seru bikin nagih,1
ipknya ndlosor omong langit hadeuhhhh,0
gasss mass zikooo kaya jadi hall baruu seruu,0
gaes ragu alexis eh tau nagih,1
anjay keren revolving hearts alexis revolving hearts main slot nge sketchup,1
kok malah canda serius lho,0
minggu main alexis gue udah ganti laptop,1
dawdadadadadad yg milih paham kak cry,0
biar rame ramein cuan bareng pu lau tujuh tujuh tujuh,1
cuma sini zap zap alexis zap zap selalu kasih kejut seru,1
ngomong ngak tau apa omongin joy rofl joy rofl joy rofl joy rofl,0
gokil tempat paling aman asik fire zap alexis zap fire,1
menang pluto tuh gak mati gak nyangka seru se seru,1
obrol bapak jam pagi,0
keren parah nie hp sayang bukan market gw aja joy,0
susah ngedislike balik,0
rumah teman malam,0
bro alexis update sistem nih gacor anti kalah,1
yok bantu dislike indonesia emas,0
beli j prime maksud lu,0
aku langsung beli bakso laughing,0
intro lupa switch kamera sweat smile,0
brziko lebih jauh rapih n enak lihat blush blush,0
moga waktu partai politik yg sekarang bubar semua,0
beneran gampang hasil bikin puas,1
episode kocak,0
idam kan,0
otw ni tempat seluler hp biasa manjain mata kagak beli joy,0
siapa gak senyum kalau main pulau cua terus,1
eh g wagon grin,0
bela panjang belit esensi joy,0
beli kopi si gas,0
ziko serang skena motor bersiaplahh sweat smile,0
gass bas modifikasi motor boom,0
bener jawab ngalor ngidul gak jawab tanya mb nana cry sneezing face sleeping,0
gass banget bangg konten modif motorrrr,0
pg soft mandalika bikin asa kayak bos besar cuman situs gw pernah dpt scatter hitam asli bro,1
ga pernah bikin aku kecewa kalo main mandalika game nya bagusmpuatarannya banyak beri aku bonuss memang mantap betull la,1
tanya konyol,0
kok upload,0
hustt ntar bakso loh blush,0
emang mo libas semua hak cipta joy,0
parah banget agustotobikin candu berat susah banget buat henti,1
makswin mntp sih situs,1
dewador abikin detik harga rezeki duga,1
buat hp lapis legit joy joy joy,0
salah loh harap sama org model kayak gin,0
gawe bis sumber selamat tim purwokerto cocok kih toilet soale,0
otw beli kuota,0
gila hasil fire fire,0
bangun kph jogja style aja mabg moyai joy cat,0
siap sapu oknum asap hitam aragon,0
sheeshhh chart with upwards trend fire fire fire,0
modif ninja mas,0
fitur ngeludah gak youtube,0
main pawpaw d hoki,1
udah selesai yappingnya,0
baru bulan join alexis star star hidup gue ubah total,1
okay buzzer,0
fellexandroruby tq om effortnya,0
bosen kali sema nya gitu gitu aja joy,0
kaya pondok cabe,0
sama bang wajib langsung gas pokok,0
joy joy joy salah satu,0
rezeki nomplok hari berkat berkah alhamdulillah,1
sy sdh dislike malah sembunyi dislike nya joy,0
hours of brainrot,0
selesai tahu deh kualitas pimpin negara,0
njir gue sih yes alexis parah,1
pantes,0
gila cinematik nya open mouth,0
ngomong opo to we gak nyambung blass ngomong seng genah to pak,0
ahirnya notif youtube waras manut,1
gua henti nonton beneran yapping ga inti nya,0
gass konten motorr,0
mantap rame banget nih alexis tongkrong,1
banyak cina udh gk pake google,0
makasih yaalah udh d kasih rezeki pulau,1
jangan baang jadi malu maluin diri sendiri keluarga cry,0
edaan nih coolss,0
editor gd ga pernah gagal clap,0
ragu alexis eh tau nagih,1
muhammadzufar emg jawab presiden mu ngawur,0
sama wkwk kena genjutsu bagus sih hasil kamera suka aku,0
arti nyambung,0
v alexis v hampa rasa,1
pak ahok lawan elo gin nih jadi,0
gue mampir cuma mau ngucapin sesal pilih beliau,0
mexico presiden beli kartel indo,0
sukses selalu utk po pesona,0
bang kali ngonten modif motor bang ngabers,0
tinggal komporin om fitra modif brz nya farrel v joy,0
yg tunggu sgi,1
gw langsung otw beli kopi kapal air,0
ngelantur terus pak wowooooo,0
frank jelek lu gak mampu joy joy,0
pulauwin kaleng kaleng sih beneran ledak,1
gw udah coba guys sgi cair mulu,1
gacir abis udh wede kali kali,1
lo rebah gue udah cuan pu lau tujuh tujuh tujuh,1
lah ngelantur joy,0
my president heart heart heart,0
maaf pak jawab nya kok mana,0
titip dinasti kakak jauh prestasi nya sih joy joy,0
waduh mon maap bang kdm mah mulyono jilid skull skull,0
kelilip kali lu bang joy,0
hp juta apa cari wifi gratis,0
ga bayang rasa cape nya tim gd kejar waktu,0
iya bener gak muncul duh bohong publik,0
kalo type tl udah goreng,0
kenal alexis hidup gue warna,1
argaviyatayudha baru kali tidur lebh nyenyak dawg presiden jago yapping,0
gue kemaren pasang kuotao pro mantul bet,1
rasa beda dora,1
terimakasih orang baik,0
emang iye rofl,0
sumpah cakepp benerr,0
wah bener bener gacir coba main sekarang bakal nyesel dora,1
obrol atas jam malam,0
bang udah bang,0
ndak tau kok tanya,0
woii buzzer bos lu ga bain joy,0
sepenuh hati tulus ikhlas gw kasih dislike video sweat smile,0
gila sih tempat paling aman asik fire zap alexis zap fire,1
temen gue bilang alexis tuh game changer,1
spek presiden kalah gara agama minoritas,0
antutu aja gak sampe juta joy joy,0
malam untung doyaa seru banget,1
sobat ahok si aguan jgn lupa undang,0
muhammadrizkyf eeh puja bibib jijieq firza pa kabar,0
pawpaw d bener bener bantu orang raih untung,1
larchy aman mas pray,0
anak tersesatt bapak nya ni face blue smiling face blue smiling face blue smiling,0
jawab nya bukan kecewa khawatir,0
santun bgt om mob kami,0
asik ngobrol terus dua ngomel soal main catur joy,0
alexis tuh emang ngerti butuh membernya kasih bonus surprise,1
pernah rasa bosan sedikit main dora selalu inovasi kejut,1
dororohyakki sampe kok kurs tengah joy,0
pandji mate in sini wkwk,0
dora bikin hidup makin warna cuan gak henti,1
buat insomnia coba dengerin,0
kayak babang david coba nyindir si samsung dah rofl,0
saktipramana lu salah sasar orang bro joy,0
gak khawatir duit kalo udah gabung alexis,1
ngeriiiiii,0
dilann ah daerah ku,0
keren banget zap alexis zap selalu kasih kejut seru,1
muter muter joy joy joy,0
prittt prittt sob sob,0
ga ngerti dah alexis gokil,1
omon ksih tanya uud ampas aset mlah ngelantur kmn hadeh,0
sx gpsport mesin buat serapih s vr bokuggooiti,0
grafik kece loading super cepat pawpaw d,1
s time attack sama m ijo favorite gw sih fire,0
bang juragan pecel kapan updet,0
kelassssss mahhhhhhh iniiiiii,0
gokil sih pulau gacir pol bro,1
pingping keripik singkong fries,0
aero benar benar unggul rekomendasi,1
hati jgn sampe bang bimo diendorse rumput gbk sweat smile,0
temen kamar aja udah main alexis,1
mantap jiwa berkah,1
kek hp masa depan udah sekali jadi tablet,0
mobil keren banget laaah,0
handphonenya bang redmi kan banyak handphone lu heart heart heart,0
boleh anak muda jadi presiden,0
mana gua engeh pak ahok,0
kek mobil rally bang,0
totally mr omon omon,0
body ra payu desaine semua orang suka joy,0
mas umur lebih tuwo teko sampean sek angel golek kerjo,0
serius deh rezeki king undang penasaran coba,1
kalo urus chipset china kalah sama usa,0
enggak bukan d berita tp d om dhiar open mouth sweat smile,0
generasi muda bonus konstitusi joy,0
next diesel drift,0
mantul banget pulau jepe nih,1
tangga sampe kosong loh cry cry cry,0
serius promosi,0
sunnysun benci sama anies gmn,0
ngelag enggak wd jalan terus pulau emang top,1
jual ginjal kamboja,0
cobain aja hasil mantap banget,1
jujur ga pernah kecewa sama orang,0
terlalu op,0
wapress ngantuk,0
anis jadi plesiden joy,0
buat mau boikot produk amrik coba nih grin,0
ko ngga hari jumat,0
fahmi udah bayar berapa bang mau jadi presiden,0
gas jt dislike,0
gimana pakai si alexis tenan,1
absenn massss,0
musik latar pas banget suasana alexis suka playlistnya,1
berkat dora lesat pegawai hari bos usaha,1
kijang kapsul modif hihi joy,0
apa salah milih psikolog pak prabowo,0
review request a supra midnight purple s hks gtr,0
udh nomor jegal,1
inti muka tebal mas sweat smile,0
gila sih promo nya gk abis alexis,1
sukaaa bangettt sama star weton,1
duduk dudukk ngopii enak nya mainn slt mandalika,1
coba pabrik specs bang suport timnas futsal jg,0
gaes gak salah pilih deh pake alexis,1
oke gas oke gas nomor torang gas sweat smile,0
bisa cuman jt an aja,0
biasa sehat selalu kang semngat ngonten lancar segala urus salam triangular flag on post weton heart,1
gacor bener sketer henti muncul,1
jadi rally ap kaya mantap keren polll,0
lebih keren byd sx gp sports,0
mimpi menang nyata pluto,1
wow main bareng zap alexis zap selalu seru,1
bulan main alexis gue udah dp apartemen,1
mantap yuk sketer gampang banget pokok,1
bubar ormas jenis nyaaaaaaa,0
pake paylater beli sweat smile,0
baik sih gak pelit pelit,1
anis ow no,0
sumpah penasaran kok bahas star alexis star kolom komentar,1
orang cepat,0
ngapain bayangin susah hiduplu,0
sotau wkwkwk user iphone banyak banget china,0
like buzzer bot joy joy joy joy joy,0
neng keren beril tp ngeri ngeri ni pak ahok wkwk,0
lah bukan daging semua isi joy,0
kamu ori,0
wkkwkw gua make samsung j buka youtube aja lewat chrom,0
servis fleksibel mampus kalo kena sisi,0
gassss ziko modif motor muscle muscle muscle,0
orang bilang alexis tuh blessing banget,1
cakep,0
anis ahok hasirama madara,0
depo wd cepa bangett mandalika cs nyaa fast reaksi bangett soal kegacoran gkusah tanya langsung bukti sendiri bang,1
cthnya menit berapa,0
update alexis gokil banget sih,1
baru beneran inovasi bukan macam merek us,0
pelek nya keren banget heart,0
tok suara himmer ev spt ngga janji tangguh,0
rambah bisnis jual sasis thumbsup thumbsup thumbsup,0
paradoks indonesia celah pilih sendiri apa kata dunia joy joy,0
alexis bikin hidup gue simpel asli sumpah,1
keren banget bang salam jepe weton,1
sungguh luar biasa mlndalikl buat tagih berat sulit henti,1
baru jdi ban udh copot joy,0
maju terus erspro nyala,0
prabowo sama ahok cocok deh,0
gue sih ga nyesel gabung alexis nyesel ga,1
nunggu gd family drifting fullteam turun ahh sweat smile,0
tinggal jejak indonesia chaos parah noted,0
dora aku cba lngsg jekpot besar,1
gue mikir aplikasi orang ngomongin pulauwin,1
tempo kan ngerasa ga butuh selalu udah dapet info a wkwkwk,0
sesuai prediksi bakal review lebih,0
ip apa joy canda bang,0
salah apa negeri,0
pesan mah gk takut pluto baik ragu coba,1
salfok sama mobil salfok sama mbak mbak nya joy,0
pak we pesona x laksana,0
gak nyesel hoki langsung banyakk boskuuu,1
yapping penting x penting yapping white check mark,0
irene bikin video reaksi tepok jidat sih joy,0
ympun bapak prabowo sayang kocak ngga ngerti,0
sukses mandalika,1
terimakasih info sangat bantu tonton,0
menit mobil ganteng,0
gua sih udah jadi member vip alexis yin fasilitas gila banget,1
sayang sekali jt support g,0
info jaket dipo conceptmotorsport gaa,0
apa sih joy joy joy,0
mandalika tawar alam daring beda,1
pikiren rakyat ojo mek omon omon tok,0
bagus bgt,0
mending dr yg ngomongin bonus demografi joy joy,0
gara gara pulauwin grup wa kantor rame banget,1
mobil nissan yg lalu apa mgkin grand livina,0
anggorodps buzzer teriak buzzer,0
bahas miya gue ngikut tren aja deh,1
tagih main dewadora gacir terus jepe ga lawan,1
rezeki nomplok doyaa terima kasih,1
lebih jelas lebih jelas,0
asa denger suara mobil nascar joy,0
jawab udh tau trimakasih,0
tecno phantom ultimae coba bahas bg,0
aku bukan rakyat milih dislike video,0
emank kau uang buat beli blush blush blush,0
torsi nm face with peeking eye cold face,0
trending gila loooo sob blue heart mandalika,1
bukan provokasi emag nyata gak mutu episode sweat smile,0
gas sprint rally seru kayak wkw,0
gak perlu alam buat menang alexis star star,1
tvs callisto coba modif bang kalo merk jejepangan udah biasa sweat smile,0
baik kak salam pluto,1
sedih banget anjir mobil crashhh sob sob sob sob sob sob sob sob sob,0
aku kesal gimana nih smiling face with tear,0
jam wowok yapping ngalor ngidul,0
nyesel bener baru maen mandalika depo receh wd kali kalo dr dulu ud kebel tuh vespa matic wekekek hahahhaha,1
epic moment tada weton,1
abyan soal video aja up selasa kemarin,0
omon omon hidup ijazah palsu ayah fufufafa,0
apa kemaren semarang arah grahawahid kog mirip joy,0
gibran satu satu wapres otak kosong hasil nepotisme cry,0
hadiah alexis gokil,1
gue rela ninggalin hobi lama fokus alexis star star,1
bukan mobil jdm soal,0
asyariiiii kocak lu joy,0
alhamdulillah palms up together proses puluh tahun style,0
mode rally masuk ni concept nya,0
sgi maen santai aja tetep wedey juta,1
gak sih ngasih dislike kali kali video sweat smile,0
main cerdas pilih pu lau tujuh tujuh tujuh cuan,1
mantap jiwa emang alexis,1
bokuggooiti gachor bgt menang terus,1
mnurut gwe gd kenblock a indonesia,0
hidup cakep biarin cuan pu lau tujuh tujuh tujuh bantuin,1
tagih janji jt lapang kerja,0
beli shopee bang,0
minggu main alexis hidup gue ubah derajat,1
blok lol,0
selesai alexis,1
plsss jangan banyak since ga langsung inti aja woi,0
thank youuu koh,0
loh pak bukan udah pake buzzer dulu,0
rezaldiaziz ingat bukan kaum dang mending yah kiakakakakakak joy d,0
joy nista agama selingkoh ngembat ajudan sendiri sweat smile,0
dapetin info alexis,1
dimasseto gila pakar ekspresi datang mangut mangut semua tuju wkwkwkkw,0
ahoookkkkk heart heart heart,0
gak pusing mikirin biaya kuliah kalo udah join alexis,1
buat video full review crosstreknya dong mas dipo,0
fishybrad tuduh buzzer mulu njir sob,0
cocok tuh buat puasa,0
malam untung banget main dewadora hasil,1
joy joy biar bilang kerja,0
bareng bareng lapor youtube aja yuk,0
coba sgi gak ribet salam petir x,1
ipk nya berapa bran,0
rp kumpul semangat cari sisa,0
muka kecuut senyum luh bos,0
ganteng banget heart,0
cinta jz bg ziko,0
gila mandalika real gacirnya pantes rame,1
cucok gaspool,0
gw kesini langsung skip video buka kolom komentar joy joy joy joy,0
gw kasi kisi halus sikit main la mandalika anak baru nih brani kasi wr tinggi wkwkwkwk gas biar kapok,1
gasss zikooo main motorrr muscle,0
kecewa berat please turunin kursi presiden,0
percuma pinter joy joy joy joy joy joy joy rofl rofl rofl rofl rofl rofl rofl kata,0
alsimkebunsayur antena nya nich joy,0
enak banget buat antar tidur denger bapak ngedongeng,0
jalan nih mau beli iya beli goreng,0
beli i showw speed bukan sih info dong,0
paling satisfying pas bongkar pasang bodykit pasang livery,0
ajuin anggar dulu boss,0
bapak kalo bahas jangan,0
mending joget aja pak,0
harga nya jt cok bukan jt,0
jangan pernah mimpi kau jadi presiden kaya bapak kau,0
ga nyambung apa kamu ga ngerti joy joy joy,0
nooo udahh rusak lagiii cry,0
luar biasa bang video kamu probet percaya k jadi jt,1
anjinggg lucuuu bngtttt ngakaakkkk,0
dapet scatter hitam koislot saldo langsung bengkak,1
city tipe z om review pray grin,0
indonesia makin parah gelap,0
skull,0
jawab gin sweat smile sweat smile,0
qadafialmadani what if kalau golput,0
lagu garasi drift morning jam bukan,0
makasih bang buat info respect pray boom,0
solusi terus mana masalah semua,0
sini sepi buzzer perintah blush,0
lykaqila apa prestasi,0
dapet rekomendasi maen diga ruda hoki ghacoorr bgt,1
haram bg,0
makin paham knp negara memang butuh orang anies,0
aku aja ga berani liat kak udah nebak komen isi gimana sweat smile,0
coba aja velg nya lebih hitam glosy kenya mayan bgus opini aku sweat smile,0
tim gak nonton beli,0
bang panjoooo tiket buat jakarta abis sob,0
awal ragu lama lama jadi percaya maen st mandalika kasih menang terus terus,1
that is insane nice build,0
sukses selalu mas dipo team blue heart fire,0
tak pernah bosen dengerin cerita koh ahok,0
bukan gak nangkep gak mau jawab joy,0
anak,0
wowo jawab mu tidur jadi nyenyak joy,0
bang salam jepe s gi,1
mantap bg bimo,0
hidup lo cerah disinarin cuan pu lau tujuh tujuh tujuh,1
hpnya jatuh auto koma,1
baru maen lgsng makswin gg banget,1
admin judol lu joy cat izurzuhri,0
buseettt bener,1
minggu main alexis gue udah ganti perabot rumah,1
damkar rofl,0
tanyain apa jawab apa lu mah cry,0
alexis yin tuh emang bener bener ngebantu banget pas gua bokek,1
dewador amenawarkan dekat unik inovatif interaksi daring,1
penasaran liat yg dislek ketimbang yg like sweat smile,0
pertama kali tau hummer nfs underground rental ps tahun,0
ga henti main alexis,1
kek kaya gin presiden,0
rockygerung nonton gk niiihh,0
allah bebas pak presiden pikun lupa malas,0
sih kagak bakal percaya,0
bonus anggur,0
harga velg nya cry joy cry cry cry,0
gokil mobil drift ter proper,0
bsk lanjut,0
rogerhandoyo lebay stroberi,0
gua bukan sales emg gokil siga ru da ho ki gacorr der fire rofl,1
tinggal mobil nya farel penasaran bakal kyk gimana hasil nya grin,0
neng hari bangun kumpulin nyawa main mlndal kl langsung kasi wekwekwek,1
terimakasih selalu upload bg walaupun sibuk tada weton,1
orang dewasa mewancarai orang bayi,0
gas konten motor,0
semangat bang buat konten nya blush salam probet gampang jepe,1
halah lambe,0
gajelas ngomongin apa,0
iyain aja dah,0
jiwa miskin getar joy,0
buka rx bukan punya armuh,0
review infinix note pro plus min,0
gimana pakai si alexis,1
allah dosa apa negeri inj cry,0
mobil baru gus iqdam,0
up,0
jepey terus sgi beneran,1
arang handal lu wooo,0
pulauwin susah pindah,1
langsung operasi in operator no cut ga edit after nya,0
biasa youtube bnyak koment yg bagus dn like yg bnyak balik sweat smile,0
emang gak obat sih seru alexis,1
nyala king fire fire,0
one of the best episode heart,0
gachor banget main dewadora,1
keren banget lo brow,0
gila king bikin tagih parah susah move on,1
terima kasih bang pray,0
modifikasi motor waktu bulan puasa jadi asik tu garasi drift,0
dilann daerah ku,0
kok sama joy data dislikenya tdk muncul we,0
bismillah nabung buat beli,0
ngeri spek nya,0
presiden kocak,0
gak ganti mesin konfensional sweat smile,0
dora tawar dekat unik inovatif interaksi daring,1
bukanpemudaormas biggest yapper,0
samsulkhoir wt negarawan sejati ngelantur brow v,0
tinggal nunggu lsx s nya mas dio aja sii,0
sukses selalu mandalika,1
emang gak obat sih seru main alexis star star,1
ku tunggu sejak tadi malam hehehe terima kasih,0
baru hari main alexis star star gue langsung tagih,1
alkahfzikri dukung bikin partai isi orang orang bener aja,0
kaya s amandio bodi brz,0
patungan tim joy,0
utama paman joy joy,0
maaf lambat bang semangat salam probet gampang jepe,1
wede juta proses gampang banget,1
lebih presiden prabowo jawab lantur,0
gabung alexis bulan udah beli tanah,1
beli mobil listrik aja asli ntr murah dah,0
axl tiap kali maen aja wedey,1
gokil keren cok raised hands raised hands,0
w ngakak jokes bapak bapak sheila on wkwk,0
pingin sumbang like nonton komentar denger monolog joy,0
hipnotis presiden belum buta baik,0
knp abang nya yg lebih dominan ngomong waktu recaro sweat smile,0
mobil gus iqdam mantab,0
njir denger denger alexis promo bener gak sih pokok,1
robbyzulhaq rz kurang nyimak lu ngap,0
kacau yaaa hadeuhhh,0
jumlah dislikenya hilangin,0
statement paling gokil ayah pak ahok,0
agustoto aku cba jepe gede lngsg,1
denger denger alexis promo bener gak sih,1
anies ahok kali,0
baru denger harga langsung tarik nafas panjang,0
rasa layan rulau sangat profesional,1
dislike tp ga muncul angka,0
kabar crosstrek gamana bang,0
judi hama hancur semangat orang orang,0
nmax turbo hedonnn,0
penuh mimpi menang pulau,1
emang gak se jujur alexis star star deh,1
jepe emang pulau baik,1
aansaputra iya bner ibarat nya test the water dlu liat sikon,0
ganteng velg belum,0
pertama maen sampe skrg agustoto ga pernah zonk,1
gus idham udah punya keren banget heart heart,0
mending beli maung beli macan joy joy joy,0
faktor tentu ad tangan teman teman gibran wakil presiden,0
anis ahok oke white check mark,0
jeep wagoner tahun an baut roda,0
ma nut gachoor parah geeeeess,1
bikin konten mtor bg,0
mobil farel blum,0
malam untung agustoto seru banget,1
bang pandji please part two with ahok grin,0
rasain maxwin ga ru da satu tiga delapan jepe heartpulse,1
gibran cari aman,0
gassssss aghhhhh like nya yg like seomga kebel hp lipat thumbsup thumbsup thumbsup jempl dah blush,0
mantap mas wapres heart heart heart,0
cuma mau kasi masuk aja bang aku sering main mandalika main sini sportif g selalu rungkad bahkan sering kasi menang,1
adik giant doraemon jaiko,0
makin mantap kawan main manut,1
hahaha demo nya bayar kata,0
minggu main alexis gue udah lunas kpr,1
sini point right mandalika buat sanggat senang sekali tada tada,1
mulimuchlis ngomong bahasa elit padahal cari kerja sulit,0
senang banget rezeki tak duga dora,1
gak rasa waktu cepet banget lewat kalau udah main pulauwin,1
bandar weton sunny auto sultan gacur,1
wah koh ruby thank you koh,0
saran ane suara dalem bg biar sukses terus,0
catat asal perintah ikut bantu support pak,0
gokil ko ruby wkwkwk makasih luang waktu sparkles raised hands raised hands raised hands,0
akhirnyaas crosstrekk,0
megarulimega omon doang kejar koruptor smpe antartika,0
silap admin ngak minta no akun buat buka yawning face,0
dengki lu lu siapa ka,0
anggorodps menit mna prabowo jawab langsung to the poin,0
dailyinsporation dikit buzzer joy joy rofl,0
presiden yapping wkwkwk,0
bau bau world cup cium fire,0
jadi menang lanjut raih hadiah spektakuler pulauwin point up,1
migrain make indonesia great again joy joy joy,0
dewadora bikin mekswin makin gampang,1
style taktis kayak gin perlu leader indonesia,0
ngebantah bang joy,0
jangan spoiler biar penasaran,0
oi hok ahok lu nyapres dah bakal gua pilih,0
president kurang wkwkwkw,0
gercep banget,0
gokiel loe dip tada tada,0
langsung beli nasi padang joy,0
scholar mate joy,0
yg warna merah jngn sampe lepas sayang ga review cry,0
awas bang komen pp nya ngk akun buzer perintah,0
alexis main dikit saldo langsung byk,1
gila alexis cepet banget proses salut pokok,1
temen gue rekomendasiin alexis mantap,1
bang bahas legion y yg kata spek pc,0
star alexis tempat tergacor,1
bang suruh nonton ulang sama buzzer perak,0
om mob fit ga banyak lawan joy,0
saat mas ziko sx pasang ls hdc uz joy joy joy joy,0
tantang sabar nanti ganti wapres joy,0
besok pagi beli ah,0
bwahahahaha,0
sangat sulit temu tempat pulau kualitas,1
huawei tkdn nya apa,0
ken block banget asli,0
sangat gokil kawan,0
aura nya reno bnget joy,0
gak nyangka sih se enjoy pulauwin,1
ggwp sih ad in jud ol kek tai dmn,0
anjay sih alexis trending gitu,1
mamamia copast ai,0
obel vs farel harta vs tahta joy joy,0
timbang jajah mlndalikl harga inovasi kreativitas,1
gas dah buat modif motor ninja ss vario,0
sketer kali kali hoki limpah bos,1
fate vf skor atas jt atas jt ga bakal lu beli breeee joy joy,0
indonesia ancur pimpin begini,0
poin apa yg lw gasuka sampein,0
harga kualitas perhati detail mlndalikl mungkin cocok,1
langsung beli samsung a,0
hyaaa mobil gus gus,0
y kalo dah d kasih motor udh wajib promosiin,0
manfaat,0
anak nya om ombi aktif balap kayak anak e om fitra dong joy biar seru,0
baru kali dengerin dialog capek banget,0
aceh om mob lebih asa test drive nyaa,0
pevs lihat mobil pevs lihat,0
jadi mules guah nauseated face,0
gue takut tinggal tren pulauwin orang udah ikut,1
lebih ganteng mobil nya ziko mas dipo,0
aku nyari komen yg dukung koq gak nemu yaa,0
bener enak hp yg udah paten gausah tekuk ribet jg,0
semangat bang dipo,0
muhammadmudayin jurnalis sabar bgt pdahal mah gregetan,0
tunggu yg lipat joy,0
harga kualitas sih kalo ngeri banget,0
jangan bohong dosaa,0
duo marah saling jaga biar gak marah marah hahahaha,0
ngga tau berkah si tempat menang,1
jangan kesi jatohnye,0
mending mulyono periode kalau jawab gitu haha,0
dipo full senyum tada,0
gue gak peduli apa yakin,0
tim clbk aja cry,0
lancar lancar bang salam jepe star sgi,1
crosstrex brz farrel cry cry cry,0
mantap ko ruby,0
keinget kenblock,0
jaecoo j aja basis tiggo kok j yg basis tiggo,0
huawei esia hidayah bagus mana bang,0
hp sultan langsung buang joy,0
coba dah ga jalan mulus nih kang joget,0
jangan lupa basmi ormas tukang parkir mas,0
nyata yg khilaf kasih like,0
coba deh alexis jamin makmur wkwk,1
yakaan hebat btt gada yg gebrag meja,0
emang kl demo damai dengar turut inpirasi rakyat joy joy joy,0
gokillll kapan yahh gua punya mobil kaya garasi drift,0
bagaimana cara lihat jumlah dislike,0
biar lihat pinter set begini kok malah lihat goblok joy joy joy joy,0
gila pajak china juta masuk indo jadi juta,0
semua tanya pemred mayoritas jawab on point,0
ngakak gw liat reaksi bang panji face blue smiling,0
kaan kaan sweat smile sweat smile haddeuh ga jelas loe wo,0
tos sepuh kan nu penting joget gemoy dlu joy,0
bantah jg sbg jawab kan drpd hindar,0
kayak honda maestro jaman dulu semua roda belok blush,0
konten macam apa gk jelas fufufafa,0
mahal banget jt iphone yg aja gak kebel sob,0
kan sambung jadi ngga mati layar joy,0
gak salah emang kata sodara gw maen mandalika hari hasil mantep bgt brooo kapan maen bntaran doang udah kasi narik banyak gin kwkwkw makasih mandalika paling mantep kamu,1
angeliart bayar berapa om joy,0
iphone gin gk rofl kaum apple yg suka hina android panik,0
bulan main alexis gue udah libur eropa,1
gokilll bang fire fire fire,0
coba bayangin sama kdm,0
bang video sgi percaya k jt,1
minggir miskin jangan nyampah channel orng,0
masterpiece hand,0
kreeeennnnn,0
fufu fafaaa,0
narkoba selundup mantap,0
gak modal gede alexis,1
emang konsep gitu mas pure natural grimacing,0
jakpot besar bikin aku makin semangat tiap kali main dora,1
cuma jt aja kok iyaa cuma sob,0
preeeetttt,0
anies baik noooo,0
episode kali ngasih tau kalo bang pandji ga jago main catur joy,0
gacir banget main probet,1
bagusutoro lah emg si owo gtu doang bsa nya kan buzzer perak,0
pagi pagi udah senyum iya cuan pu lau tujuh tujuh tujuh,1
ikut sedih sama mobil baru gd cry,0
next anies or kdm ubah indonesia id,0
mas kaya mobil reli,0
thumbsup thumbsup thumbsup thumbsup thumbsup fire fire fire mantefff ooommm blush,0
gue rela ninggalin bisnis lama fokus alexis star star,1
bikin video review lengkap volvo xc,0
agustoto cuan mulu,1
moreno konga,0
yhaaa kaga nyimak video coba tonton ziko bilang apa soal mesin,0
almarhum ken block fire fire fire fire fire,0
ken hidup makmur alexis star star jawab,1
shlevyi eh iya wk,0
istimevvah fire,0
berkat nonton yutub tuan cepat langsung beli besok,0
bagus ketimbang samsung huawei kualitas bagus dulu,0
sketer muncul maen jepek,1
eh kok tiap scroll story ig temen pulauwin,1
huawei emang ga main main soal inovasi,0
gates gacor banget udh jepe kali,1
cuman baca komen g tarik liat isi video nya,0
tanding catur selesai menit sweat smile sweat smile sweat smile,0
uu aja bs rubah bang jumlah like emang parah ni fufufafa,0
awal mula komedi lucu banget reaksi pak ahok joy,0
ku kira david ngatain joy,0
honda mobil motor laku krn harga jual laughing,0
pagi pagi udah dapet notif wd alexis mood langsung hari,1
emang gak se fair alexis star star deh,1
main agustoto buka jalan tukang jahit usaha sukses,1
agustoto aku cba maen malah jekpot gede,1
tunggu akhir nya pak ahok,0
duit malaysia rm babi ckup blnja rumah satu tahun,0
udh kali jp hari mantul banget,1
hancur mobil crash hari,0
wew turning radius berapa meter joy,0
goood banget hp nya punya charger bawa tada tada,0
makasih mandalika berkah kamu beres pinjol aku sisa ngengngengngeng semangaaat,1
lockysigarlaki kalau g percaya silah kroscek bro lu keliru bro,0
mah auto trending,0
iya cuy sama joy,0
gd emng gk pernah salah anjir kalo modif mobil keren heart,0
udah banget menang alexis,1
nafas lu aman bang engap banget nyimak nya,0
judul presiden prabowo jawab,0
sidak jokowi kapan masak ga berani,0
tuju mas ridwan uji sampe aceh om mob brani gak sweat smile,0
kalah menang,0
kembang arhan semangattt salam sgi gampang jepe,1
dak nyangka hasil puas banget,1
kapan iphone bikin fold,0
kalo udh jumpa om mob seru joy,0
alam pulau selalu kesan,1
udh crf tinggal kebon moyai,0
beli nokia joy,0
duh ngeri sedep klo nyenggol mobil battle nya race nya,0
gak nyesel deh udah kenal alexis,1
dahsyat gd,0
jersey timnas baru gokil banget moga kebel,0
beda alexis,1
adi tagih kan kamu seemenjak erti main mandalika senang sangat main sini memang cuan sangat main daqri,1
judul presiden prabowo yapping,0
mandalika auto win terus,1
berkat agustoto ubah bantu rumah milik cleaning service,1
pertama kali dlm sejarah wa pres jadi bahan bullian se indonesia sweat smile,0
enak punya bapak presiden cari kerja susah banyak phk joy,0
otw jual tanah dlu om sweat smile joy joy,0
banned amrik ketar tir masang tarif ampe joy joy joy,0
anak muda ga mau jalan proses benar rusak demokrasi,0
coba maen diga ru da ho ki malah jepe gua wkwk partying face,1
ucing orange lewat,0
gila byd bagus banget jadi,0
oxgen iya bener kelam kan,0
lifeisneverthesame seater tigo phev pea,0
video yg tunggu tunggu fire fire fire,0
coba langsung ngerti suka,1
santai santai eh dapet rezeki gede dora kalian mau tinggal kan,1
ajar ramah sombong bener boxer boy ii,0
kasi rakyat konoha joy,0
yg mencret n call bapak joy joy joy,0
cuci muka jangan lupa pakai sofel,0
murah lah listrik,0
jepe berkah,1
lsg gicir modal ada bro,1
maen santai sering big win,1
buat gd msin kaya ginih gurih suara blush,0
ngikut jejelogy wktu sering main game joy,0
hujat erspo kini banjir order joy joy,0
sulistyowati el kl bagus kawan ku berfikir logis bukan sok kritis,0
gak rasa cepet banget udah main pulauwin,1
review m nya dong bang,0
bunyi duit duit duit,0
kemudian dua marah marah hahaha lol,0
gila alexis cepet banget proses salut,1
hape rumah,0
gokil keren banget mas dipo index pointing at the viewer fire fire fire,0
tyota supra nya platinum bodykit nya mantep bgt,0
bawa showcase car sih,0
lihat buta megang gajah gtu,0
tanya prestasi mlh cerita angan,0
sungguh edan jp sangat fantastis luar biasa besar dora pecah rekor,1
temen gue bilang alexis tuh bikin nagih abis,1
udh kolesterol bang joy,0
influencer beli bukan nunggu gratis,0
gd ucap cermin kualitas diri,0
banyak cerita seru gue mulai pulauwin,1
orang cepat tada tada,0
maju maju bos bos sunglasses,0
kek lebih nyambung ngobrol sama toddler,0
yakin buat capai titik,0
bjir menit skakmat tu pak ahokk,0
jg mas tow hook yg nempelnya pake lem doang,0
polisi luas ngak luas sama mbak nana ku cantik joy joy joy,0
gin wapres gw yaa alloh,0
sangat harga bagaimana rully layan guna,1
baru gabung alexis star star bulan udah buka usaha,1
cerdas tangguh banget tuh jawab tanya mba najwa joy joy,0
minggu join alexis gue udah beliin ortu kompor gas,1
jersey kiper nya dong bang,0
kali ngga skip nonton iklan nya lebih hibur baca komennya joy,0
hanyanama nice statement sir,0
ratu skak eh bener pa ahok marah wkaskwakawk,0
pandji ko sama ahok,0
hm bahas mbg lalu pangan tiba bahas yg,0
makswin hari mntp sih situs,1
luar biasa bang video kamu star sgi percaya k jadi jt,1
nyata ramai yg main mandalika wkwkwk mmg lebih gampang jp sih,1
utang kelar gara gara maip dora asli gacir banget,1
sandar teras rumah sembari ngopi main main nyelot mandalika nikmat sekaleh,1
main sebentar aja langsung dapet rezeki keren banget dewadora,1
main santai wd gacir cuma pulau,1
akhir pak ahok fire fire fire,0
ges doain gw mau coba stop maengaruda ho ki candu bgt gacor nya gw sob,1
owner apa tuh bang,0
kayak br latih buat besok bikin video undur diri nih,0
gue sih percaya aja alexis bukti temen gue sultan,1
klo mau liat mobil kostrad cipulir,0
max suaihm,1
gas jadi pesona semua maz rofl,0
next inovasi huawei keyboard lipet mouse lipet stylus lipet,0
rutsabatbungaaprilia yg komen ga nonton joy joy emang ken hujat aja joy joy,0
semua orang bilang alexis star star tuh bener bener ngebantu uang,1
drpd iphone promax tb juta joy,0
nya warga jakarta lebih milih anies waktu pilgub kmaren sweat smile,0
bapak nya obel ahmad sahroni kwwkkw,0
aero emang bener bener gacor,1
orang bilang alexis tuh bener bener bikin tagih,1
ajar baca baik benar alias kosong rofl rofl,0
mandalika superrrrrr bos gacir layang,1
wkwk presiden lo bang joy cat,0
makanya ban gms takut kalah saing,0
anak abah gak kasih ijin,0
gak perlu pusing mikirin duit kalo udah gabung alexis star star,1
tempo ngga undang thinking,0
gapercaya garuda hoki gampang menang,1
sedih crash donk,0
kasihan negri moga tuhan selalu lindung negri,0
rakyat mana sih wakilin,0
percaya sama bang panji jangan masuk politik,0
harga rp an aja joy,0
otw beli person gesturing male sign,0
beli ori nya,0
misi pak kemarin faham bapak peran sbg apa,0
gua sales emg gokil siga ru da ho ki gacorr der,1
sobek lgi ga nih jersey kaya lawan arab,0
pulauwin semua orang tahu sih,1
sekali sekali main batam,0
mmmmmmmmmmmmm larang komentar sweat smile,0
arief muhammad omongin wkwkwk,0
hapus komen ki te ma bo te goo i ti,1
auuuuuuuuuu aja joy joy joy,0
sini insomnia kata temenku nnton cepet tidur,0
niat bangettt syg koehhh,0
hina kgk mempan puji kurang pantas sweat smile,0
gue sih yes alexis banget,1
serius presiden,0
pabrik tempat kerja sweat smile,0
terlalu banyak oknum pak,0
team yg nunggu versi hdc yg jt an,0
dulu banyak yg suka jokowi sekarang,0
volume kecil open mouth,0
fire alexis fire bikin auto happy gaskeun,1
judul mesti bonus orang,0
tam tim tam tim,0
beneran deh gak nyangka menang terus fire zap alexis zap fire,1
pin komentar om rendem aja soal banyak banget komen judol nihh,0
anis ahok udh solusi bangsa,0
sp er org yg beli hp mah gw yakin ga bakal buat ngegame bang joy,0
disslike pause vidio liat komen sweat smile joy,0
mandalika tiap hari hoki terus gue sampe bingung,1
crosstrek gimana kabar nya stelah crash,0
emang gak dua sih alexis,1
tau dapetin cuan gampang alexis,1
bismillah jadi direksi pertamina biar beli ni hp,0
sangat keren,0
akhir nya hasil kebel vas bunga nya,0
tq brio dulu yg pernah ku kerja blush,0
velg jf luxsuryy the best walaupun gk sebut,0
apa beda hasil kerja vs nepotisme face with hand over mouth,0
tingal mobil farel tada tada,0
gak nyangka bakal nemu tempat segokil pulauwin,1
top markotop selalu hadir nonton mas dipo,0
supersemar sweat smile,0
bro alexis turnamen gede nih hadiah milyaran,1
tambahin anies gak bayar design gaun mas didit,0
bang review vivo x ultra udah rilis tada tada tada tada,0
percaya diga ru da hoki gacor bgt boss,1
wow sangat paham ye guys joy cat joy cat joy cat joy cat,0
iya sama gw,0
a marwin raptor nyunda pis euyy haha resep ieu ngadangu na joy,0
kan ga dwifungsi abri iya kan,0
slide fb naik turun naik turun kok isi mandalika semua penasaran cobain depo main bentar aja ehhh malah maxwinnn,1
tim gercep alexis nih,1
jam ngeyapping,0
ga yakin paham apa yg ucap ikutin teks doang kaya beo zany face,0
si milea apa kabar nya ko blush,0
best so far,0
yg nama gimmick dunia kreator review,0
santai kebo gua blum laku,0
nonton full mas,0
hebat jurnalis gak ngantuk joy,0
jam ga bobot kosong melompong,0
hemanut hemimpi besar berani gagal bangkit,1
nyata jaecoo adik nya giant blush,0
wajib coba sini bos super gaccooorr baru coba pake server thailand server luar pake rtp nya atas buy petir xxx keluar gassss langsung moga hoki nular abang cari google mandalika,1
ngomong yg penting penting ngomong joy,0
avanza gak harga diri belakang hummer sweat smile,0
anjay mantep revolving hearts alexis revolving hearts main slot nge houdini,1
sukses mas wapres,0
grafik pukau game emang top alexis tuju,1
lihat huawei apple rasa jadi sangat tinggal soal inovasi,0
buat r lalu kirim sidrap pls,0
harus dah selesai lu ndjiiiiiiii,0
semua mau handle mumpung jiwa muda wkwwkkw,0
kira suami irish bella om jeje sweat smile,0
kelass mas dip,0
berani nya bicara sendiri dialog dong mas samsul,0
seru banget nih episode,0
rezeki aero bikin hari makna terima kasih,1
tinggal ganti kaki jadi mobil relly,0
aja gw coba alexis malam lumayan dpt jt,1
tim ga pernah skip kalo pak hok joy hand splayed,0
dewadora mekswin ga lawan,1
pawpaw d coba untung,1
ga ruda ho ki gokil banget pecah ga sia sia anjaay,1
mak banteng lebih percaya puan ahok,0
minggu join alexis gue udah beliin ortu tiket umroh,1
masaallah inovasi terus,0
otw buat beli,0
hahahahhah sweat smile sweat smile sweat smile,0
males banget ngeliatnya,0
keren banget menang banyak sgi auto libur mewah,1
kalau salah satu baterai habis layar mati,0
emg udah keluar autonetmagz,0
infoin brp dislike nya blush,0
dasar buzzer bayar joy,0
jepey weton beneran,1
keren gitu oi,0
editing boom boom boom boom boom,0
murah banget,0
nonton cepat x lebih baik,0
bocah gk penting moyai moyai,0
desak emosiii emosiii kwkwkw,0
oke like komen,0
king ahok is back fire,0
kdm mahfud pasang jadi paket komplit qu heart eyes heart eyes,0
dora bener bener gacor,1
selalu seru kalo ngobrol sama pak ahok,0
koyo ngene iki presiden pilih,0
abis baca review sgi,1
emang gak ngalahin seru alexis star star,1
sambut hari antusias mlndalikl,1
cuman alexis bikin nagih,1
kwkwk anyingg,0
akhir vidio nomor mas,0
wede cepet banget sketer terus terus,1
game nya gacir tiap maen jepe,1
gak pusing mikirin cicil kalo udah join alexis,1
komentar udah kayak paling pinter dunia ajaa,0
terima kasih saran baru engeh,0
luar biasa bang video kamu star weton percaya k jadi jt,1
punya farell mna yaa blm jadi joy,0
lah ngegas joy ga yg ga mungkin politik bang lockysigarlaki,0
sok langsung aja fire,0
yo apik iki hasil e bikin neng,1
sumpah serius nanya alexis beneran bagus,1
cuma sini gak nyangka menang terus fire zap alexis zap fire,1
ga nyangka utang lunas maen agustoto gokil banget,1
jadi serasa nonton yaaaaaa,0
seperti ikat sama yamaha,0
anggorodps ga bang cuma warga sipil,0
gw baru aja liat speed review joy,0
skip anies cara kerja luar prediksi bmkg wkwkwk,0
kapan wapres pecat,0
halahhhhhhhhhhhh,0
tuhan mimpi apa indonesia,0
sans an ngelike sisa dislike joy,0
gak cocok bang malah bikin emosi joy,0
jawab apa,0
jadi versi baik diri sendiri manut doa,1
yaps kalo gasalah lbwk rx armuh,0
lbwk jelasss yum,0
buset star alexis nyata mudah yah,1
kalo gabut alexis juara,1
jg nyari ko g,0
yg baru sebut komen bukan caci maki,0
kapan main situs segacor probet asli nagih sih,1
temen gue sampe bilang hidup ubah kenal pulauwin,1
gretamarielleni no garantee,0
ngomongin ai doang,0
auto aman sketer sering nongol,1
lexus gada skarang,0
tumben mau pake mesin teknologi kuno ohv,0
gue sih udah ga move on alexis gacor bikin nagih,1
lebih tarik komentar netizen video,0
kenal alexis gue koneksi bisnis,1
log in dulu dong,0
sedih dengar jawabn beliau malu diri sendiri,0
anjay keren revolving hearts alexis revolving hearts main slot traveling,1
pbrikan mobil china yg besar apa aja,0
komentar percaya pak probowo gak punya buzzer,0
vibe ni mobil mendiang kenblock bgt cry cry,0
bagaimana cara ludah online,0
sound nya gedein bang hedset an naik motor ga kedengeran,0
alexis yin tuh emang udah jadi hasil utama gua sekarang,1
mending gibran silvester,0
mobil asa siap hantam balap liar fire fire fire fire fire fire,0
pak ahok paling terang benderang heart heart heart,0
yg dis like kok gak lihat jumlah nya,0
efektif gak sih laporin akun yg spam judol capek sendiri gua,0
hahaha setujuuuu,0
nunggu uu prmpasan aset koruptor,0
cuan tuh mitos bukti pu lau tujuh tujuh tujuh,1
tebak buah manggis kali,0
penuh berkah bahagia berkat suhu rezeki hampir permisi,1
modal mini langsung jepe mantap,1
sih alexis bocor,1
ahookkk cintaakuuuu heart heart heart heart,0
kerennn contentnya bang cari situs benar weton,1
terimakasih udah sadar sekarang buka matam,0
main cerdas pluto hasil bicara,1
jawab yntkts,0
sedikit bicara banyak isi x banyak bicara gak isi white check mark,0
rizqiartsklo dulu jual beli mobil kecil sekarang rambah bus udah kyk subjay joy,0
segitu level ges yak siap siap,0
panji udah diajarin sama queen irene lengah aja wkwkwkwk,0
mulai pinter ye,0
anak macan numpang lewat,0
bagi mana,0
adeirmasari walaupun kata sekolah smp mas,0
muak editor nya joy,0
mobil nya papah racing team wajar aja pol abis,0
elegan warna cerah beeeuh kelasss,0
pluto emang beda main langsung menang gede,1
asyariiiii wtf dedi mulyadi joy joy joy joy,0
hadirr bos,0
jumlah dislike nya disembunyiin yaaahhhhh,0
mods rata kanan butuh endors,0
cieee nungguin costrak joy,0
keren euyy mandalika,1
tajem banget,0
mobil keren reviuw kelas ilmu keren mas sukses terus thumbsup,0
bu mega,0
they don t get paid enough or not smart enough easy,0
jokojmc sblm wawancara nyimeng dlu kali,0
koplaaaakkk joy,0
salah milih presiden,0
bener wkwkwk males dengerin presiden ngang ngong,0
gw main mandalika sampe bikin akun kirain bakal rungkad salah satu eh wd mulu wkkwkwk,1
aja maen slow baru opening langkah joy,0
keren omkuu,0
aowkwkwk kocak,0
ginahginah ln iya face with peeking eye,0
byd geely chery changan,0
serius deh alexis bener gacor,1
didik pintar tegas berani cocok ni jd wapres,0
kdm ahok kali,0
gas modif motor yum,0
suported apa suportif sih yg bener seriusnanya,0
qaisardaulay money can buy everything rofl,0
gue rela bolos meeting ikut event alexis,1
temen gue bilang alexis tuh bikin candu,1
emang gak saing sih untung main alexis,1
kan anak nya raja bohong ijazah palsu,0
patut tunggu yg non ev sih grin,0
modif motor bang,0
bang pandji dulu bukan gak suka sama btp,0
ooooo numpang jumbo nyata,0
gue udah ga bayangin hidup alexis udah sumber nafkah utama,1
bulan main alexis gue udah libur lombok,1
gak bosan main alexis menang,1
abis pacinko lanjut sini,0
keren lu bang,0
geloo weton cair terus x,1
eh lewat jalur busway joy,0
anies ahok the next president and wakil president tada,0
baru bulan main alexis star star gue udah libur labu bajo,1
persis kayak dahulu,0
apa sih ngomongin siapa berapa banyak,0
mrdidifar cocok hahhaha,0
harga kerja konsisten dora layak timbang,1
sabar bang ngadepin otang fikiran pendek joy,0
otw dulang emas dalam papua joy joy joy buat beli hp,0
undo moment moyai moyai,0
sedang tren bang ndasmu bikin liverynya dong bang joy,0
savage parah revolving hearts alexis revolving hearts bonus welcome nya bikin longo,1
video gua pause,0
nicetry hand,0
kalau wapresnya tukeran sama gubernur jabar,0
bener bener kek dengerin orng halu yapping,0
mantap jiwa raga main axl cuan terus jeda,1
eh panji trik tiga langkah suka dipake buat push rank joy,0
pulau momen menang tak lupa,1
inpo bodykit jual gak bang dipo open mouth,0
gimana ndji keren gk pak ahok joy,0
yaaa lahhh presiden hasil ntahhh pilih siapa,0
raih bahagia sejati mandalika,1
tau rahasia sukses alexis,1
wkwkwkwkwwk lucu banget om,0
gk bosan nya alexis,1
betul bang ane ngantuk dengerny,0
nyala wii manut,1
alloh kapan sy bawa pulang unit,0
iya beneran sob,0
gitulah otak kalo udah kena brainrot joy,0
isi daging semua heart,0
bang pandji soundnya bang,0
gak nyangka menang pluto serasa mimpi siang bolong,1
jp pluto baik sih situs,1
akar awet baik,1
ga usah bahas yg tinggi lo aaja jadi wapres krena bapak lu,0
koislot kasih bukti janji minggu langsung dapet,1
min lanjut sgi,1
pake karoseri morodadi keren psti body nya kuat kya tank,0
baru minggu join alexis star star gue udah beliin ortu kulkas pintu,1
wkwkwkwk lucu,0
tetap cinta ckd,0
robbyzulhaq rz nyimak lol bilang chanel pribadi,0
detik mas solutif banget,0
beli iphone,0
menit happy banget hasil dora bikin hari ceria,1
semangat bang buat konten nya blush salam sgi gampang jepe,1
englishtown sih,0
mobil baru beres langsung crash bg,0
kini indonesia bukan tuju emas jadi masgibran,0
petir koislot dateng pas butuh hibur,1
pajak berapa yah klo ev premium kek gin,0
gabung alexis minggu mobil impi langsung lunas,1
the best skakmat makasih udh ngasih tonton kualitas bang pandji,0
pulau emang gacir jepe hari,1
dora auto mekswin,1
beli ah,0
manut moga cinta,1
biar lbh quick lg kalo mau gnti ratio joy,0
rezeki beri agustoto sungguh tiada tara terima kasih allah,1
langsung auto beli alam mimpi joy,0
penasaran deh alexis kayak seru sih,1
mandalika aku cba langsung bawa pulang cuan gede,1
udah coba alexis,1
gak mau ahokers,0
anjir mandalika situs suka teman gw,1
emg jawab apa yg ingin,0
memang ga salah manut buat gue gila wede,1
dewadora sukses jual keliling usaha kopi,1
kontenn kreator wapres bio link nya sweat smile sweat smile sweat smile,0
untung bikin cinta dora hasil,1
baru hari join alexis star star gue udah dapet cuan buat dp rumah,1
nyari takjil naik skyline come back blush,0
gue sih yes kalo ajak main alexis,1
teknik jawab diplomatis,0
yg viral menit berapa aja,0
kalau narasi berani wawancara tuh pak gibran raka buming,0
nunggu video bangun brz nya farel,0
udah susah rebranding nama btp kesini dibalikin ahok lg dong sweat smile,0
main santai cuan king,1
basmi judol,0
rezeki datang terus rulay gokil,1
ga salah nih notif,0
pulau emang seru banget banyak untung sono,1
gue rela bolos kuliah ikut event alexis star star,1
grafis agustoto keren banget bikin betah main,1
baru maen langsung mekswin dewadora,1
ahok feat anies yukk heart,0
menang berkat pawpaw d hoki mudah,1
cuma sini tempat paling aman asik fire zap alexis zap fire,1
tim nonton doang kaga beli joy,0
hp yg buat milik iphone ronta ronta hahhah,0
keren banget menang banyak agustoto auto libur mewah,1
ismailadrian fe terus ga kritik gitu,0
mandalika banggan rakyat,1
kota juta bunga hadir,0
member gar uda hoki jepey,1
kalo ngedislike penjara gak coba info,0
coba bang pandji sama ayah gibran raka buming,0
mascar konoha bos kalo jd buzzer yg teliti,0
alexis udah deadline mepet bom gue lapar nih,1
lu yg ga nangkep kali kocak,0
main aja gicir terus,1
dialikenya sembunyi wkwkkwkwkwk,0
m rakhapa jeco sama chery sama mesin phev nya,0
masya allah made in china luar biasa,0
pilih ikut an yg penting goyang gas,0
mercy anak gasx gank,0
bengkel rekan,0
alexis ngertiin butuh gue beneran,1
anggorodps emang kritik gabisa luar negri bebas orang mau kritik,0
gacir banget dewadora hoki abis,1
anak abah wkwkkwk,0
faa kl apa beda ente sama maniak ap,0
tuhan sedih banget denger jawab sob sob sob sob sob sob sob sob sob sob sob sob sob sob sob sob sob sob sob sob,0
presiden hebat yg nanti indonesia heart heart heart usd rp,0
fix llexis emang beda bikin member setia,1
rusak mending mundur aja maksain jadi presiden,0
whh cocok nih buat bangunin orang sahur sweat smile,0
hp lipet gasih,0
akhir yg tunggu grin sgi,1
gm irene sukandar udah nang,0
angeliart busett komen mana mana sumpah buzzer,0
hoki gak bohong udah pakai pawpaw d,1
kok lu ga makan gua bego banget lu joy sob,0
kenang indah pontianak,1
jokojmc gw heran kaum tetap muja muja presiden ky gin,0
yg rbuan gak bro joy joy joy joy joy,0
belik cilok depan alfa k moyai thumbsup,0
tempo ngga ajak duduk nih,0
bahas izasah jokowi bang,0
keter sering mampir wede aman,1
raja terakhirrr,0
haha bowoktok de tok,0
emang sih upload minggu kali btw,0
do you see what i see cry,0
keannudandossi aduu sorry chrysler mah jeep sweat smile,0
andhikasuryaputra soal prompt ai ga arah main catur grin,0
buat penjara koruptor gunung anak krakatau pak presiden,0
harga komunitas solid agustoto mungkin cocok,1
alphacraft hehehe tau iri dengki darimana mas jangan prasangka buruk,0
besar hati sangat nemu web mandalika lega hati sangat lah habis lama main baru kali selisih gw naik jadi gin brayyy nang saking neng,1
ghacoorr nya lewat sumpah ga ru da ho ki rage,1
gas bang tada tada tada,0
bapalu gay,0
dora tawar alam daring beda grin,1
angeliart memang undang,0
happy banget dapet rezeki dora bener bener puas,1
gacur banget modal ada cuy,1
modal kecil langsung gacir dora puas banget main sini,1
lo diem aja dapet cuan tempat pu lau tujuh tujuh tujuh,1
agustotomenawarkan alam daring halus poles,1
ulu hadiah,1
banget tuh konten motor nya,0
anak bapak sama aja,0
best ever,0
iya yoga buzzer gausah ngespam dong joy cat,0
cuan gak langit pu lau tujuh tujuh tujuh,1
gasss konten motornyaaa,0
woilah opening jalan tani rumah gw,0
planet venus kembar,0
grassroot nonton gak,0
yng tunggu tunggu damnnnn boom raised hands,0
jepe wede lancar banget,1
gue rela ninggalin nonton bola fokus alexis star star,1
buset suara nya gileee supercar lewat,0
main axl siapa tau rezeki datang,1
terimakasih bang,0
iya iyain biar cpet kelar joy joy,0
rizkyanihidayat ngga baik tau,0
bused mewah banget,0
juta aja bree joy,0
kok ngeri sedap yaa,0
skakmat baik kocak terngakak rofl rofl rofl,0
modif mio sporty bang ziko heart eyes star struck,0
bro beliau milik jenggot wkwk canda,0
bokuggooiti lunas utang auto kaya cok,1
mrsomyaputrakebenaran mana gw tanya joy joy,0
gatau kak,0
habis kesamber petir kakek main mandalika scatternya gilagilaan putar bagus terus mantap kali main sini bang,1
malam makswin modal receh,1
nemu bro part ikut kali mikir positif aja dlu,0
ilmu mahal fire fire fire,0
biasa privilege rofl rofl,0
riko syahputra justru banyak juara jadi sponsor bro,0
ga boong dora depo kecil doang mekswin kali kali,1
si gw ga kaliatan jumlah dislikenya sweat smile pray,0
dislikenya sembunyi mas wapres sweat smile,0
lebih seru baca komen nonton jam wkwkwk,0
super happy berkat agustoto rezeki limpah,1
gak ngeh pak ahok x wkwkwkw,0
dislike aja wapres ga mutu pilih krn ordal,0
emane rek jual,0
si safri sama si bima suruh pulang cina bikin malu indonesia aja,0
manfaat bang tidur gue jadi nyenyak joy,0
lah undo joy,0
the best anjir,0
jiwa dagang memang fire fire,0
bro alexis event spesial nih rayain ultahnya,1
kembali kau curi lah pinjam bunga dong blok joy joy joy,0
ahok nih hukum pengaruh rakyat indonesia,0
langsung beli ah,0
ziko agi bintit,0
mandalika menang besar hadiah luar biasa,1
suhu cara daftar alexis yin gimana,1
alhamdulillah tada,0
salut gk nutup kolom komen,0
gak malu gw malu bngt co indonesia dipimipin kaya gin cry,0
hemanut he rubah hidup jadi lebih matang,1
beli dealer chery mas ridwan,0
sketer muncul terus auto jepek,1
gk abis pikir masa gk kenal sama ringed planet alexis ringed planet,1
ini sebut pria punya selera fire,0
bro aja nih alexis viral tau gak sih,1
komen lucu dri buzzer joy ismailadrian fe,0
kayak nonton matematika harvard,0
menit k cry,0
tuju butuh meme baru nih,0
sx pake mesin v,0
wkwkwkwk mobil paling mahal juara amandio dong,0
lanjutin yaa bang gua dukung,0
asc ahmad sahroni center joy,0
keren coba bang gas sgi,1
gila pulauwin beneran legit sob,1
lek jersi njaluk sitok wong ngawi weary weary weary weary weary pray sob sob sob sob,0
auuuuuuuuu,0
ahok gas anis skip,0
aktivitas pulauwin lari asik,1
hebat kan ga hebat joy,0
apa nama link mandalika nya bossku,1
dukung anis,0
dapet motor joy,0
bukan ahok anis sweat smile,0
makin makmur dapet squad,1
emang gak se mantep alexis star star deh,1
memang paling nih wapres tau banget ngolah algoritma,0
maino dewe,0
gak salah pilih deh pake alexis banget,1
kutuk semua bandar jga yg sesat mandalika karna cm yg gacir haha,1
kritik bangun lanjut,0
hibur ku blush ngemil nonton nikmat sekali alhamdulillah,0
mau beli ginjal,0
lah emg udah proper bg moyai moyai,0
garis ijo assalamualaikum,0
ngerti gak apa yg diomongin,0
gimana cara minta bapak sweat smile,0
apasih org bahas jersey timnas malah judi gak hormat,0
apa jadi dunia kiamat ahok yess anies no jual agama,0
gas modif xmax sweat smile,0
bang hp nubia v cb review hp d bwh jt,0
baru cadi langsung crash sob,0
arifhidayat kamu tiba tiba buta apa,0
ahok aja no anies,0
serius deh cuman alexis baik,1
pulau waktu main waktu menang,1
bagus banget emang kaca filem wincos heart heart heart heart,0
skill ulti keren parah alexis pukau,1
semua temen kantor gue kepo sama hasil alexis star star,1
beli kapal api special mix,0
bukan main sini bukbuopt selalu jepeee,1
mobil suami irish bella,0
aku nonton sampe akhir kok bang tekan tombol dislike xixixixi,0
sy ntn krn btp aja,0
fiktif presiden kok ngasal bicara data sweat smile,0
rezeki gak putus makas pulau,1
dewadora member bru jepe,1
pingin beli lah buat timnas,0
alexis emang beda bet,1
waswiswus yg penting ngomong,0
fix k aceh aja om gas,0
dr awal pak ahok udh bilang ronde joy,0
episode selesai,0
os nya gmn,0
kayak gw ngobrol sama kakek persis jawab nya ngelantur,0
lgsg otw mimpi,0
gue sih ga ragu rekomendasiin alexis temen temen gue,1
need money for porsche nempel lamborghini moyai,0
sparkles weton sparkles,1
benar kerenn love you gesture,0
untung bikin cinta agustoto hasil,1
review supra mkvnya banggg,0
gile ye racing ye,0
jam sia siaaa,0
bagus nokia bang sweat smile sweat smile,0
ngotot ahok jadi presiden ga bakal,0
rasa ferry remond joy,0
gokilll,0
udah paling ciuuaan deh main mandalika ga mau pindah situs situs uadah kksih aku kmenangan jadi memang beneran udah nyaman bangetttttttt,1
masa jz gd alih ls hehe,0
pulauwin sih sebenernya segitunya nyebar,1
udah jelasin awal vidio,0
mending beli mie ayam,0
gass modif motor,0
ubur ikan lele rawan bakar lee,0
manipulasi putus mk x manipulasi main catur white check mark,0
gue rela gak hangout temen nabung alexis,1
kok ga muncul dislike nya,0
speaking head harga lima puluh juta ajaaa moyai,0
menit kelar wkwk joy,0
capek banget jadi warga konoha,0
yea ga berani tuh ngundang tempo stuck out tongue winking eye,0
bismillah prof mahfud ahok,0
gilaaaa ahok respect heart heart heart,0
hahahahhaha,0
gacur hari modal ada,1
bandar sgi sunny auto sultan gacur,1
tetep nonton walaupun ga ngerti mobil,0
cumap luto nih langsung ngasih jp mantap bro,1
iklan judul benar benar bikin darah,1
emang kamu sama gak nyambungnya andi maulana,0
jadi tabung apa masa depan,0
vincent zs oy gitu boleee joy,0
lcd flexible rawan bang fix bukan buat kaum dang mending,0
patung gasss hayu,0
nunggu lipet aja deh,0
agustoto gua maen santai saldo lngsung naik gede,1
bangun motor ninja aja bang joy,0
wkwkwkwkwkwk joy,0
menteri ny banyak orang mulyono,0
modal sedikit langsung limpah hasil main doyaa bikin makin semangat,1
hasil agustoto tingkat modal usaha signifikan,1
benywijaya ngomen diri sendiri,0
pulau punya fitur paling lengkap,1
kayak mobil e pick up,0
episode paling lucu hahha,0
cuman orang yg gw percaya bakal bikin indonesia lebih baik,0
emang gak se seru alexis star star deh,1
mahfud md ahok,0
mana crosstrack bng dh nungguin nih,0
crosstrack beso jumat kan cry,0
mang pabrik erspo bandung bocoranna atuh,0
kumpul beberapa pakar masuk pakar korupsi alias koruptor joy,0
lbwk bang lambo,0
gue sih yes terus kalo ajak main alexis star star,1
presiden prabowo cerita,0
suara mirip lightning mcqueen joy,0
pak ahok sudah wawancara joy,0
layan pulay sangat cepat muas,1
seru main agustoto bareng teman teman asyik,1
redi jual mesin jzgte biar kyk garasidrift man,0
konsisten jadi jari tengah lingkung tetep boros ev,0
om fitra sama lai bikin film mobil seru joy,0
sihh lebih cocok mobil sprint rally sihh sunglasses,0
ziko kemaren gak ikut event,0
gak ngebosenin sih gue tetep stay pulauwin,1
new armada r cakep tada,0
coba diskusi wakil presidenya joy joy joy jangan lama lama jam ajah joy joy joy,0
mlndalikl jekpot terus pokok gk bikin kecewa,1
bilang joy,0
gm irene nonton pandji be like oon,0
njir alexis emang daun banget gila sih,1
nyuruh orang produktif aja kerja cariin bapak,0
makasih ko rub pray,0
agustoto bru join lngsg wd gokil banget,1
yaelah pulauwin muncul,1
rahadiarum menit gk bahas transparansi bang,0
muakkk,0
tahu minim lebih hebat gak om mob,0
berkah terus abang abangkuu,1
hadir bang,0
link beli jersey ori bang,0
kerennn contentnya bang cari situs benar probet,1
aura moreno konga nya kuat bngett,0
moga p mas umbu,0
cara bikin timestamp begini gimana sih,0
bau bau piala dunia kemarin aja bantai ama iran,0
jt hp soal lipat sweat smile,0
gila sih rasa gak lengkap hari fire zap alexis zap fire,1
aura gicir nya nampak banget guys bukit,1
gpp kak jogetin aja oke gas oke gas wkoakwoaw,0
makas pulauwin udh ngasih rejeki banyak hari,1
outstanding sekali kasih keras terus pokok buat team gd,0
mascar mas asep mas asep slight smile left right arrow,0
axl tiap maen aja jackpot luar biasa,1
bang review pick up lbwk dong awoakwoakw,0
gak perlu didik tinggi buat menang alexis star star,1
cuma sini zap alexis zap emang gak pernah ngecewain,1
tau aja lu bang kalo gua otw beli hp,0
undang bu sus tarik baang,0
ngidam ngidam ngidam,0
setia aja alexis,1
tantang diri sendiri tertawa baca komen pray,0
agustoto emang top notch highly recommended kalang,1
tim beli doang nonton kagak point up,0
langsung beli poco x pro,0
tu bang ziko modif motor,0
baru sadar mas dipo kumis hehe rofl rofl,0
mekswin mahjong seru banget,1
jaka sembung bawa golok kok gak nyambung wo joy,0
gass modifikasi motor bang raised hands,0
hydraplus bukti kualitas masyarakat sangat prihatin,0
alexis yin emang ga main main soal aman data member,1
makasih mandalika umur umur baru kali lihat kali merah wd juta modal k,1
rezeki dewadora bikin senyum lebar terima kasih,1
betul siap ikan mxwn,1
dewadora auto mekswin tiap hari,1
mimpi apa rakyat kumolonimbus,0
isi konten asyik isi komennya buzzer semua wkwkwkk,0
apple punya usa cina cuman rakit biaya produksi murah,0
sekali sekali bikin motor balap mas,0
terlalu tinggi nyata,0
wwhhyyyy so awesome heart heart heart heart,0
nama alexis unik banget,1
berkah rezeki hari berkat star sgi puji syukur,1
mantap baru main udah kasih menang aja mandalika modal receh wd haha,1
mas lauk apa buat besok lusa,0
kalo sama snapdragon,0
tanya a jawab b sob punch,0
gas main mio bng,0
pasang tg nya gimana tuh,0
gw kalah taruh paksa nonton habis pensive,0
baik heart memang kak salam sgi,1
super sekali mandalika mantap,1
let s goooo,0
mandalika ramai nih tmn gw maen situ skrg,1
iseng iseng main alexis hobi cuan,1
lexus kok cuman ikut booth toyota,0
spin rezeki king,1
wapres,0
yg gk sebut tuh bang octopus octopus,0
ngomongnya muter terus tak bobot cry,0
harus acara selesai hihihihi,0
yeah segmen paporit,0
ahok panutan thumbsup thumbsup thumbsup,0
kalo ahok jadi presiden keren kayak,0
yg nyelip satu biji thinking thinking sweat smile,0
mascar beliau pundak nya perintah mikir lah solusi sweat smile,0
kali sangat apresiasi orang ngedislike video pray,0
manut baik pokok,1
emang gak se recommended alexis star star deh,1
percaya banget menang berkat prediksi pawpaw d,1
retorika yg tak tau arah nya mau ngapa dn,0
beli iphone ajee,0
wkwkwk skak lol,0
presiden prabowo jawab x presiden prabowo yapping white check mark,0
inch aja udah gede bener jir,1
rejeki nambah nyesel nyobain,1
gokil si mobil,0
ketua sedang tantang kuota,0
udah gk bosan semenjak kenal pluto,1
emang gak se untung alexis star star,1
rezeki nomplok hari datang dora bener bener puas banget,1
kaonimecrack langsung punchline jir wkwkw,0
tahan samsung a ram layar retak,0
masukkkk pa muchlis joy,0
sukses slalu mandalika,1
jam upload nih,0
fufufafa cuma hapalan fufufafa gak paham keluar mulut,0
harus kan ngatur moyai jadi susah,0
bagus pakai talenan portable sweat smile,0
ga upload hari jumat sore tuh kya aneh joy,0
tani bal udah cepat sukses pk ngga butuh kerja keras,0
siap salah bg mungkin bahan s blum nemu wkwkwk papa sibuk,0
ziko maen vario aja thumbsup eagle,0
manut jadi paling top lah,1
make nih orang,0
sini cuma kasih dislike wkwk,0
langkah depan gd,0
hanifalii cuma asal tag bang kflgy,0
terus ngapain pak wapres joy,0
jangan mas kasi keringet dingin,0
sponsor ngalahin tv tuu,0
komen judolnya om kondisi,0
jangan lupa sedekah nya bro,0
adangman baru keluar goa gmn sih sampe ga tau informasi yg bener person facepalming,0
bayang ivan motors masukin aston martin one gokil,1
macan sirkus cat orange whistling,0
kaya bakal fokus mobil dipo sama farrel dulu gk sih,0
ahok buat komen judol kaga ngaer joy,0
kenyang banget ilmu nya thumbsup thumbsup thumbsup,0
baby chair open mouth open mouth open mouth sweat smile sweat smile sweat smile sweat smile,0
kerja numpuk bikin mager butuh semangat alexis,1
jagan modif motor bang ga seru masa langsung tamat moyai,0
dailyinsporation tanya gua sbnrnya lu mau siapa si presiden,0
puas jepiy nya sini ga ruda ho ki fire smiling face with hearts,1
titip ga kapabilitas joy joy,0
hp cepet rusak china sendiri joy,0
beli hikmah,0
fix masuk indonesia karna perang dagang yg panas sweat smile,0
kok ngga disebutin mas ziko eyes,0
lengkap derita rakyat,0
siapa,0
miya bikin gue nunggu petir,1
manut modal receh aja gampaang bangeet jeepe,1
menang hoki insting pluto baik,1
jadi wapress gak kerja,0
coba waktu jaman pak jokowi acara bagus,0
tanya apa jawabanya apa cry nyambung cry,0
menang dora denger cerita sukses orang,1
insya alloh punya anak istri bang kalok gua mah,0
harga tingkat lanjut doyaa pilih,1
udah cinta mati kali aku ama mandalika,1
jum at sore gada video gd baru rasa yg aneh aja gitu sweat smile,0
ganjar gausa ikut si,0
ancrit jauh lebih ganteng ni mobil brziko wkwkwk,0
moga berkah nomor,1
kingpizzasuper apa nya yg ngak paham,0
terus what should you do pak,0
gak perlu pusing mikirin biaya sekolah kalo udah join alexis star star,1
main dora buka jalan tukang bakso milik restoran,1
gantung konsumen,0
gass modif motor kek den mas,0
pisaulipekstikerbatam jelas gua pinter lu pinter ga,0
terima kasih agustoto hari menang besar buat butuh keluarga,1
sponsor cukup ahmad syahroni,0
suka bagaimana semua pulau jalan lancar,1
asik banget subaru jadi ken wrx wagon,0
but apa selamatin garuda weh,0
jurnalis tempo sama metro tv kok gak ajak,0
ahok ri,0
senang banget dapet rezeki ahmadtoto,1
mirip mobil ralli jir,0
lah nyata banjaran kab bandung,0
udah daftar sih alexis ramah banget csnya,1
axl tawar dekat beda interaksi daring,1
next mobil nya farel kali eyes eyes,0
agustotobikin hari hari makin warna rezeki tak pernah ingkar janji,1
kesini cuma kasih dislike joy,0
yah udah kena damage aja sob,0
proses cepat alexis jago say,1
mobil mitsubishi apa pas yg parkir luar lewat,0
ayo jangan didislike kasihan baca aja susah joy,0
gila ngomongin alexis ikut kepo,1
gua nonton ken dapet jawab malah dengerin orang ngelantur,0
pantes rame alexis bnrn jp,1
lo tau gk arti nipotisme,0
cuma sini setia banget sama zap alexis zap sejak awal,1
yg uu ampas aset malah jawab beliau sweat smile,0
garus beli sih wajiiiibbb,0
bro revolving hearts alexis revolving hearts turnamen gede nih hadiah mobil sport,1
kalau pasang antigoresnya gimana bg,0
ovanfebrian ff jauh gw gak pernah milih anies jadi gw bukan anak abah,0
presiden prabowo layak periode justru gibran jadi pro kontra,0
amazing bro komen yg paling nyala,0
komentar kocok perut nih joy,0
sukses apa joy,0
sungguh buah punchline,0
jepey gmpng banget weton,1
orang bilang alexis tuh bener bener legit,1
sabar main agustoto rezeki aja,1
alexis makasih bnrn asik jp aja,1
tim harga juta person raising hand,0
oalaa hp yg borong speed kemaren tuh,0
kan ahok bikin anies gajadi usung pdi,0
gokil lu bg sumpah kreen,0
neng banget nontonnya lucu banget wkwkwk,0
tiap hari kayak aja seru baru pulauwin,1
vibesnya bapak bapak pangkal ojek,0
agustoto gua maen bentar lngsg jekpot gede,1
om d sana mobil asemka,0
pretty much xd,0
liat dislike gimana sy vote joy,0
now playing slank tong kosong,0
mantap masbro belakang utk dukung,0
gua sih udah anggep alexis yin kaya second home aja,1
duet ex espn fc mantengin justin edwin antem mulu sob,0
akhirnyaa tada tada tada salam star sgi gampang jepe,1
suara knalpot motor masuk pas ziko nge review v,0
zik bikin konten modif motor xmax soal banyak pake,0
mode rakyat joy joy joy,0
arjunbaihaqy kalo tau poin apa bikin lo milih bro,0
keinget rx rotor pernah review,0
tunggu versi mini gt nya mas dipo,0
adejua jl padahal ngak ngomongin anis looh,0
jangan lupa hilir sama ajar patuh sama kiyai,0
miya gacir parah kali main langsung langsung sukses,1
agustoto tiap maen aja jepe nya,1
suka aston martin sd kali lihat db graz,1
done dislike blush,0
hp sampah coba az cr review internet,0
gue sih udah anggep alexis kaya rumah aja betah banget atmosfer,1
baru pakai zfold bln langsung gigit jari liat edaaaaannn,0
pulau selalu bikin penasaran,1
bokuggooiti,1
tonton tiap tahun,0
happy banget dapet rezeki doyaa bener bener puas,1
otw beli apa iphone samsung,0
judule sm dg youtube nya si ferry irwandi,0
anggorodps ga capek balesin komen bro hahaha,0
maaf yah typo nya terima kasih koreksi pray,0
spg nya denza cakep buangett kissing heart,0
ngebantu banget bang poin yg jabar thumbsup,0
moga rezeki agustoto bawa berkah manfaat umat manusia,1
kalau jatu habis cerita,0
moga ga masuk daftar jual,0
serius ni promo,0
jepe pertama kali maen auto betah,1
iphone aja buat cina joy joy tesla buat cina,0
yakin terang,0
mama mobil kompetitif broo klo gamau ancur maen kontes aja,0
apa sih caper joy,0
wapres asli joy joy joy,0
kapan yaa punya mobil,0
ahok baik,0
kudu kasih jempol buat star alexis star top markotop,1
berkah emang cuan,1
kak ireneeeeeeeeee,0
kobo coy,0
point nya anis yg suci sempurna jadi presiden,0
hadiah lipat ganda cuman star alexis aja lee,1
asli merinding pas bagi reveal mobil nya sob,0
bokuggooiti the best menang terus,1
sisa livery ajasi ni mobil,0
gua nyoba judol maen diga rudaho ki gaji gua jdi nambah scream cat fire,1
babi yapping joy,0
mas atenx akhir jadi king rivewer motor ngabers joy,0
kalau salah mobil sam captain wakanda joy,0
prabowo makin pea,0
tanya apa jawab apa miss the point,0
si asep ga ajak,0
habis nonton fery irwandi terus nonton hadehhh,0
gila keren banget velgnya heart eyes,0
gak lah kondisiin jgn bahas solusi,0
biar keren lah makanya langsung build us mesin,0
dlu bang joy,0
peak,0
andai huawei pake android produsen hp guncang,0
owh duid bapak nya kirain hasil keringat sendiri sweat smile joy,0
hahahahq sama,0
alfito kurang jaga atitut,0
bismillah otw pildun,0
platform baik cuman alexis,1
zhesuanshizhongguoshoujizuigaogongyile,0
ini nama support system work together wkwk,0
compare pake ultra ultra,0
mobil gd chasis nya ga potong ganti tubular,0
jangan kan sahkan bahas aja joy joy joy joy gak usaha harap lebih blush,0
mumet omon omon e mbulet,0
modal kecil maxwin gila sih gacor abis,1
iya banget,0
aduhhh gila hasil gokil ganteng banget,0
aku udah daftar mandalika,1
link beli joy,0
bakul tempe brebes tempo bang,0
gak perlu pusing mikirin masa depan kalo udah join alexis star star,1
sponsor gokil gokill cok,0
udah video kemaren konten orang yasrilsaputra,0
tumben kaga test speaker lagu andal safe and sound,0
gass bikin konten motor wkwkwkw,0
camatzeus lah ngapain bawa anak abah joy,0
swert bonanja gacir pol prnh zonk,1
gm irene sukandar menang lihat sweat smile sweat smile,0
duit abis gara gara belanja tenang alexis,1
mampir cuma utk dislike,0
bro alexis ngadain giveaway nih hadiah iphone pro max,1
ahok presiden anies menteri didik,0
gemes sm masker muka pngn tek copot sweat smile,0
alhamdulillah rezeki baru main mlndalikl langsung jakpot besar thank you banget,1
kirain fj cruiser cry cry cry,0
simpul biar hemat kuota,0
dora gua wd gede lgnsung plg,1
untung bikin semangat main dora,1
tim mending beli beras,0
alexis bikin gue sultan singkat modal,1
ismailadrian fe bayar brp blok buzzer tlol berani bkin negara ancur,0
mahakarya tada tada tada,0
intonasi kaga enak ge,0
coba mobil listrik mas,0
depo mekswin dewadora,1
langgar ham mana paham abusive,0
gue rela begadang sampe pagi alexis star star,1
tunggu masakan bang valentinus resa,0
akhir ga pake btp,0
semangat kak doa nyusul,0
gak org baca teks bole nyari dr gugel,0
bayar tagih bikin produktif tetep produktif kayak alexis,1
enggak sabar liat maestro tahir pake jersey partying face,0
mlndalikl gua bru nyoba lgnsung hoki deh,1
akhir gak komen judol tada,0
tinggal nunggu brz nya farrel tampil,0
hp lu lipet brp bos moyai,0
maizarindra jelasin dong pake nalar,0
cocok buat temenin tidur malam rofl,0
dishare sih bahan papar pak presiden,0
brp ratus ribu udah yg dislike nih so gak kliatan joy,0
elah judik,0
mending bikin video review buku komik main gadget aja deh mas,0
tunggu video full review mobil nya,0
klo fd regulasi nya beadlock gaboleh ids,0
mantap gokil sih alexis,1
axl aku main iseng malah jadi seru,1
bismillah moga abis wapres gibran jawab,0
sumpah banget benefit alexis,1
gue cek update baru alexis,1
keren parah org indo modifnya,0
joy joy joy joy joy joy video apa coook,0
sumpah gue nama pantai pulauwin,1
iseng doang main dewadora eh tagih cuan nih,1
paling ngakak suara minggir lu miskin sweat smile joy,0
mascar lah jadi harus ngapain kritik kasih,0
jeroan makan sih tulang doang,0
daftar langsung kasih menang king,1
enak lah kerja cariin bapak,0
wah baru denger star alexis star langsung penasaran dong,1
cepat,0
thanks bang bantu banget komennya,0
waahhh wahh kudu bawa prestasi mah hahaa fire fire fire,0
pramtime sekadar basa basi biar anggap junjung tinggi demokrasi,0
alexis ngertiin butuh gue sih,1
butuh orang cok joy,0
dewador abenar benar unggul rekomendasi,1
jadu inget reklamasi jakarta sweat smile,0
alhamdulillah aku kena dough votao k bobol,1
suka baik potential highlight,0
arti tanda pura kaya hahaha,0
tau malu,0
nama pt nya apa sih,0
bang lo cariin alex noh moyai,0
nunggu crosstrek,0
allah moga aku punya mobil amiin allah,0
lansia sedang main catur joy joy,0
the power kak najwa white heart,0
tetap gaya kaku tetap upaya egaliter demokratis,0
jawab hasil ai,0
gilaaaaaa keren parahhh menit,0
wapres hasil ngrusak konstitusi nya ngmngn bginian ngacaa,0
gassss ziko bikin konten modifikasi motor,0
juta aja ginjal ronta ronta joy joy joy joy joy,0
rezeki bikin optimis alexis,1
lancar lancar bang salam jepe probet,1
info banya lepas drif pig,0
nahh bener omon oke gas,0
yg db aja kebel udah db aja,1
makin seru mandalika sltnya oke banget bonus bikin senang untung limpah selalu memberikaan cuan teruss tiap hari nya emang gokil bangett,1
swert bonanja gacir hari wede juta,1
main tenang hasil salute player pluto,1
gak masuk akal pulauwin bikin penasaran,1
tanya a jawab zxy,0
mantap jiwa main ahmadtoto rezeki nomplok,1
harga juta aja,0
pak ahok duet sama kdm sangar sih indonesia heart,0
salfok edit pas sticker sponsor belkote hilang sob sob,0
sehat kang semngat ngonten lancar urus salam s gi,1
mantab crazy rizh priok mah,0
bisa gibran next,0
bro alexis tuh emang mantep banget gue udah buktiin ga bohong,1
pake hp iphone baru auto minggir minggir lu miskin joy,0
agustoto aku wedey gede cma maen bentar,1
moga pak wowo lihat komentar kritis netizen,0
orang kantor udh join alexis,1
next review s mesin r,0
anjir skakmat kocak wkwkwkwk dimarahin kaga maen sama narsum joy joy joy,0
mantab mas sapto,0
ga asik banget cameranya unstable ngeganggu,0
lah yg bikin amerika ga suka sama huawei joy joy,0
wkwkwk supersmar,0
tiba tiba bahas narkoba pak kan poin nya bukan situ sob,0
anggorodps nahhhh jelas lah,0
next wapresnya dong,0
mlndalikl gk ribet gampang banget dapet hasil gede,1
inti bonus demografi nganggur semua kl paman joy joy,0
wajar bapak duit ga seri,0
berkah bikin kaya beneran mantap,1
malam untung besar datang dora seru banget,1
alexis tuh emang bener bener ngasih peluang orang,1
makin sayang ma pa ahok open mouth,0
nunjuk nujuk terus tuh jari point up joy joy joy,0
aku gak jadi beli,0
try playback speed at thank me later,0
giiileeeeeeeeeee,0
dah bukti om,0
pulauwin,1
keren banget bang bim,0
mlndalikl platform terus baru,1
asli gak boong revolving hearts alexis revolving hearts scatter nya gampang keluar,1
review silvia rb,0
kalo duduk sana gak berani nanya takut gelas layang,0
tombol omon omong kosong,0
emang siapa nabrakin mobil,0
hold all coment,0
fate vf buat apa test antutu hp fold,0
mas ga om joy,0
kayak konsep tahun an awal airbrush full body,0
isi ngga faedah,0
cari komentar caveine sini joy,0
gates gacir banget udh jepek,1
lieur ach,0
mana gue pergi aja nyebut pulauwin,0
sponsore ra kiro kiro semangat dip innocent,0
fufufafa is the best,0
gaes alexis bikin hidup gue simpel asli,1
tak bahas ampas aset koruptor serius nanya,0
lebih fungsional,0
beli kuota,0
nunggu gd buat mobil sendiri ayo sweat smile,0
gila nama alexis unik banget,1
pawpaw d emang pas cari angka jitu hoki,1
episode tunggu tunggu,0
astaghfirullah jawab apa,0
anies gabakalan gw milih tuh orang joy joy joy,0
mantap alexis aman gak sih tau gila,1
mobil om fitra lewat bg,0
yg punya bner g seri duit mantap joy,0
besok beli yg penting huawei,0
review mobil ford f raptor mas blush,0
bro alexis update sistem nih gacor anti zonk,1
tempo gak undang,0
skill mekanik banget alexis salut,1
udah kali menang berkat bantu pawpaw d,1
yudha terus yg cocok siapa,0
betul malah lebih kritis,0
santai rumah feel nya dapet banget bareng pulauwin,1
muhammadmudayin jawab banyak lebar mana mana person facepalming female sign,0
nurcahyo urusin dulu sukahaji baru ngomong kdm shushing face,0
ampun dah sekarang komen judol ky jamur mana,0
riwayat kalah ku situs belah cuman situs mandalika selamat uang ku,1
kdm ahok muscle thumbsup fire,0
saking asyik baca komen jadi ken pipis online gue sweat smile,0
wede lancar banget layan top sih,1
kunci orang bapak paman,0
seru abis zap alexis zap emang gak pernah ngecewain,1
kek tinggi bro,0
sehat rezeki weton,1
yoo i have never clicked so fast,0
sumpah penasaran banget bahas alexis kolom komentar,1
mantep bener mas dipo sukses terus,0
help i cant take it anymore cry,0
sukaaa bangettt sama star sgi,1
gw kasi kisi lembut sikit main la mandalika anak baru nih brani kasi wr tinggi wkwkwkwk gas kapok,1
ngiri abis kaya orang,0
gue sih udah ga move on alexis gacor bikin tagih parah,1
saran aja bang pin komen nya bang,0
alexis cba bntr jepe gede lgnsung,1
silvia merah jarang dipake bang sini tuker sama beat karbu moyai,0
jiwa kaya raya ku tumbuh abangkuuuu sweat smile,0
kapasitas baterai kwh tara token listrik bulan hahaha,0
benerrr emang one in a million sih,0
rizkyafriansyah kalo grammar bener mending pake bahasa indonesi aja,0
marga mesin mana suaranyaaaa,0
wowkwowkok si beler singapur,0
mampir dislike aja sih komentar nyata joy,0
rezeki do a bikin hari lebih makna terima kasih people wrestling,1
diem lo mas wapres,0
so what s the point,0
prabowo si certified yapper joy,0
banyak komentar judol jir,0
sponsor penuuuh,0
tempo gak mutu media ptopokatip,0
next bikin konten ganti mesin brziko pakai v,0
peluang emas bapak om,0
hahahaha om mob diomelin mobil,0
mampir dulu absen dislike joy joy,0
gelo cinematic nya fire fire fire,0
dewadora gacor ga mati,1
moga ahoh sehat sehat terus nafas dengar makin berat,0
gagah banget sayang ev,0
judul bukan diskisi lebih cocok cerita zaman,0
ko ga tombol dislike nya,0
om jeje msh sodara sm haji jeje,0
wkwkwkw,0
semua orang bilang alexis star star tuh bener bener ubah hidup,1
congrats family drifter tada,0
poin yg mau sampai gak jelas,0
like berat juta x,0
inimah bukan antilag dastek dastekan,0
anjr pake setrika sweat smile,0
bukan selera anak muda joy,0
sikat bonus dewadora auto sultan,1
enak dual screen nyaman,0
ngga masuk selera pak wahid,0
wuaduh hahahaha,0
mochiizuki gitu beda beda thanks info,0
ngakak banget rofl rofl rofl rofl,0
tim yg langsung jual motor buat beli,0
gak aja gue tau alexis,1
plek ketiplek,0
presiden prabowo gebrak meja,0
sulaimanalisatief jgn terlalu naif,0
ganti dong wapresnya begini tunggu edisi lanjut,0
anti gores nya gimna sweat smile,0
aseli logika ga jalan,0
typographynya pake mister horse bang,0
hasil gacir dora bikin seru mantap banget,1
niat banget copasnya face blue smiling,0
emang apa,0
rightnow fs vx makan makan makan jadi gemb,0
cuan tiada king nomor,1
guaa ikut terharuu gg garasidrift,0
waah bimo tambah kasep pake jersey timnas keren thumbsup thumbsup idid fire fire,0
deposit rb dpaat berapa,0
jam nontonin prabowo yapping doang,0
ngomongin alexis baik,1
amerika ketar tir joy,0
mau komen ginian udh wakil sweat smile,0
ga mungkin kaum serang fajar banyak soal,0
tambah bennix awalul rizky,0
keren bgt mas dipo,0
kan bikin nya ai joy,0
baru mobillll,0
gacir banget main sgi,1
bukan siapa paling kuat siapa punya kuasa uang,0
beda alexis pokok,1
makasih banyak dora rezeki hari benar benar luar biasa,1
miata kaki kaki nya aman buat drift,0
emang anak siapa doi,0
terus penting apa buat gua,0
mas tadi iims ko gada mas ziko,0
brzz asli ganteng banget,0
aneh bat maen catur janji wkwk,0
layan alexis baik sih,1
next gibran jawab,0
tiap maen sini gacor abis,1
dora sedia antarmuka ramah guna,1
hasil akal an konstitusi,0
rezeki dewadora sungguh terima kasih tuhan,1
anjas hujat joy,0
seru abis gak move on seru fire zap alexis zap fire,1
gak nyampe mas gibran nya keburu ngehang,0
main dora bikin hari lebih senang terima kasih,1
abis review mobil mas dio kek wkkwk,0
dukung abah bangun tidur grin grin puas kayak nya musikk,0
sering aja mas up youtubenya nungguin trus,0
citra kalo kata kasar bang gk ikut bikin ikut klaim,0
mantab ngantuk buat joy,0
mbpok nana ngomong malah potong sama moderator dihhh,0
bang jual bakso,0
kok diesel skip bg,0
face vomiting pake emoticon muntah aja bang,0
dipake ngojol worth it ga,0
ikut senyam senyum sendiri joy,0
joy joy joy joy astaghfirullah adzim joy joy joy joy,0
ayo buka bapak presiden tangan besi rakyat,0
wehhhh udh crash ajaaaa broken heart broken heart broken heart,0
gacor bener gates lgsng jepe,1
the power of bapak fire,0
mercedes g lewat,0
bayang huawei dibanned google damn,0
debat capres sampe sekarang tetep kosong tada,0
inti cuma omon omon doang,0
kerah yg dipake bimo emang mencong gt,0
sehat selalu semua salam weton gampang jepe,1
wwopppppp mantaaaapppp,0
pulang kantor kena nugas bete banget alexis kena gak,1
yakin ntar dinasehatin sama expert jawab ndasmu loh joy,0
emang gak se seru alexis star star sih,1
gaji umr uang tambah mah udah party tiap malming wkwkkwkw makasih mandalika,1
satriapurnamaaji hasil apa cuma berita doang,0
penting makan gerat,0
nunggu produk chery bbm nya pake air laut hand with index finger and thumb crossed sunglasses,0
gibran masukin dong joy,0
lah ganti thumbnail wakakaka,0
pak ahok baik terima kasih panji undang beliau,0
baru kelar lgsg crash mas sayang bener,0
tigoo kan seater bos,0
gak tempo,0
top mantap is the best bang rifatq,1
jepey trs tiap hari cuma weton star,1
ahmadluthfiprofile kwowkkwkw btul soal ga mampu mau beli mate xt joy cat,0
beuhhh pedassss joy,0
demo dalang padahal mah situ sendiri dalang cry,0
iss prideeee,0
bonus demografi ga bawa dampak apa ordal sweat smile sweat smile,0
jawab kihat komentar netizen ngg jadi nonton,0
balalambat tahu urang kd ktuju bungul,0
gak lengkap hari alexis,1
insyaa allah kebel kiamat,0
malaysia laris sering lihat jalan,0
poin penting penting,0
kuat banget editor,0
punya malu,0
juang scroll sosmed alexis ngerasain gak,1
nunggu second,0
jam potong vidionya apa,0
probet bikin maxwin makin gampang,1
keren suatu hape dikuwas kuwes,0
juta aja cry,0
komentar puas pak presiden,0
hidup lebih makna mandalika,1
asc punya nih blush,0
all for enjoyment and peace of mind fire,0
dislike nya hide joy,0
finnaly bahas wkwkkw,0
mantap ne ahok pandji satu pikir ketawa bareng joy sweat smile,0
teamshare heran banyak yg milih exploding head exploding head exploding head,0
keren bangun mobil cuman bulan thumbsup thumbsup thumbsup,0
langsung cekot sopi joy,0
gue spontan nyeletuk gituu coyyy,0
tinggal metro tempo yg msih bs harap netralitas,0
moga rezeki asal dewadora bawa manfaat,1
sedih orang pintar pak ahok gajadi pimpin,0
maaf gua udah percaya gar uda hoki,1
rezeki suhu sungguh terima kasih tuhan,1
udah yapping nya,0
tau db game nfs,0
jawab tanya bagaimana gibran jadi wapres,0
terima kasih video sensor,0
orang mah gampang pratek langsung tau bedanta,1
punya presiden gin joy,0
dora emang top notch highly recommended kalang,1
tampil fitur lengkap alexis,1
bang zik bangun mio full rata kanan donk laughing,0
asli keren bgt mobil fire fire fire fire fire fire,0
anj keren bet,0
isi kosong bikin bingung,0
eee eee joy,0
anggorodps bla bla bla kalau kosong mah memang kosong aja,0
gas mas kontenin x maxnya fire fire,0
seru main dora bareng teman teman asyik,1
udah bawa naugan hmc skrang to,0
kok mirip marsha vob apa emg joy,0
ngga yg percaya gni,0
mana konten gd hari,0
kaki si ridwan knp tu,0
aja gw coba llexis malam lumayan dpt jt,1
gass modif motor fire fire,0
mitsubishi canter ev,0
bang s nya bang kontenin lgi,0
pas rilis detik sold out bang moga gua bagi yg ls sweat smile,0
wartawannya hebat kuat nahan ngantuk,0
xmax oming welcomluster,0
aja surprise dora bikin penasaran,1
pantesan mamarika ketar tir sama brand satu joy,0
gas mas modif motor xmax new aerox turbo,0
gass manut,1
sempat gak lewat main pluto,1
baca komen lebih seru yah joy,0
seru nich sgi cair terus blush,1
makasiii banyakkkk,0
nungguin buzzer yg lawan,0
enak main pulau kapuk indah,1
keren maksimal menang pluto auto sultan dada,1
faa kl yg bahas apa komentar apa kan kocak,0
tanjung priok punya nih bosss sunglasses sunglasses sunglasses,0
kenblock almarhum sweat smile sweat smile,0
kuliner mikir makan aja gk usah politik,0
alexis ngertiin butuh gue tenan,1
smooth banget,0
kesini ga nonton video cuma mau dislike v,0
hp yg unboxing speet,0
kdm ahok tugas gebrak luar negeri,0
ga daging nya normatif,0
untung bikin semangat main ahmadtoto,1
cuma biar liat keren kosong video jiplak tak malu,0
hemanut herasakan sensasi jeepe tubi tubi,1
rezeki datang cepat main agustoto langsung gacir,1
setia pakai huawei p pro,0
lo yg ga paham kali narasikok,0
user ayla cuman like aja,0
manut manut,1
bang suara nya kecil,0
si paling tarung tangguh cihh,0
bang dipo knpa nomer atap nya,0
komen rage bait mana crosstrek nya triumph rage,0
anies ahok siap lawan gemoy,0
nvm you can skip it the good part start here,0
ubur ubur ikan lele ngelantur pak lek sweat smile sweat smile sweat smile sweat smile,0
wakil,0
gw pernah sampe ledak nih pulau jd jt dizzy dizzy,1
alexis emang ga dua layan super cepet wd lancar jaya,1
poin mana yg lw gasuka dr jawab coba sampein,0
mayoritas masyarakat kecewa bijak bapak terimakasih,0
gacir banget dewadora langsung jepe,1
uda ngatain orang pake emot minta maaf gada mental,0
wede aman prnh masalah,1
anggorodps oon jangan pelihara brooo grinning grinning,0
gass bangg next modifikasi motorr,0
bobol waktu pertamina,0
gampang patah kalo gak hati hati tipis bet liat aja deh sweat smile,0
mata najwa tatap curiga sahabat,0
agustoto gua gk pernah nemu tempat segacor belum,1
sixtop ny wihh trs yg pantes yg mana bro jadi presiden,0
moga aja ga kaya u gagal piala dunia,0
update crosstrek,0
si paling paham joy ismailadrian fe,0
pas tanya soal anak doang rofl,0
baru daftar maen sebentar lgsng jepe,1
ngomong mirip mobil rally kali yah ikut rally ni mobil,0
kasih duit,0
keren banget modifikasi mobil,0
iseng depo k alexis dapet mantap rejeki nomplok,1
modif mio karbu aja bang fire,0
andi maulana hahaha makasih jadi notice,0
mantap mas vi tera eri heart heart heart heart,0
loh kok nya sini joy,0
tawarin dewi masyitoh mas mau rintis parwis,0
gas lah pasang antilag mas ziko joy,0
beli main magic chess gogo,0
ngeri,0
sayang banget upload udah crash cry,0
tida lihat sedikit cumi cumi bau asep,0
metro tempo ga ajak saluting face,0
pluto bener bener mesin uang pribadi auto cuan,1
iya practically emang sieh,0
jakpot kali main doyaa bikin semangat,1
renooooooooooooo,0
gue rela gak jajan bulan nabung alexis,1
gasss bikin konten motor biar jadi ngaberssssss,0
emng bener kemarin udah coba probet hari mau gas ahh triangular flag on post weton triangular flag on post kawan buah manis,1
gue nemu obat tidur baru mana debat intelektual,0
makasih bro,0
pas ngedengerin gue jg gumam sumpah,0
ahahahah jokes bapak sekali om rofl,0
lihat ngasbunnya,0
inti kalau spam judol langsung report aja,0
udah main koislot sensasi bikin penasaran,1
tim yg kerja keras buat keluarga triumph,0
tempo kok ngga ajak cry,0
kalau ahok anis baru tuju joy,0
orang nomor minta walikota gibran rakabuming anak nya jokowi,0
kasihan korbang traficking kamboja kaya kagak mati iya,0
langsung gas beli nasi,0
rezeki aero emang gak duga terima kasih tuhan,1
betul kata pak anis,0
jawab x ban white check mark,0
gak mikir dewadora untung,1
naikin gaji editorr,0
mas kalo tau harga unit berapa yaa,0
siapa lah yg ngasih konsep podcast main catur,0
gw paling demen gas triangular flag on post weton triangular flag on post wkwkwkww seru sering sih mah,1
ariefsesar hina tumbang buru turun bang rofl,0
karomatullaily maklum udah mentok,0
gila yg komen hampir kontra semua,0
sarkas apa serius joy biliksukma,0
tau conceptmotor methodwhells sini sweat smile top banget gd,0
mobil ganteng heart eyes,0
ae o cuan gmpng mulu,1
rizkyaja la prestasi negeri apa bro,0
iya bang coba proyek modif motor seru,0
ruangkarsa lha harmony jg android joy,0
anggorodps buzzer tau apa sih,0
bapak sendiri rusak konstitusi ikut kompetisi,0
limitless budget,0
kok denger pak presiden ngomong ngilu,0
congratulation bg dipo kecee abiezz crostrek nya bg,0
jt mending beli motor boss sweat smile,0
enak dipo emang jelasin,0
maen lgsng jepe sketer,1
mobil fitra eri ngga colek bro,0
kesini gara liat reels ig banyak yg dislike,0
suka suara mobil motor yg berisik,0
review supra plisss,0
klo wapres jawab pake ai aja,0
hidup begantung pada manut wede juta darat mulus,1
alexis ajar nggk web jelak,1
manut memang sllu brbgi kbhgiaan n cinta,1
punya laki iris bela gus idham sama g om,0
s kmna bang,0
haha kamera arah pandji mati joy,0
hibur bikin relax gue pulauwin,1
kan mayor teddy,0
wow amazing canggih proper banget bet ngedrift,0
maaf bang gk suka ama model velg nya cry,0
generasi rusak,0
terap test karakteristik pribadi cpns,0
bolehh tuhh modif motor,0
mampu jadi presiden jadi tanya,0
untung besar bikin aku makin cinta sama ahmadtoto hasil luar biasa,1
gw cuma gw sering jp mandalika nyata kebon ni manusia,1
server luar negri ga tandingin sama server lokal gak usah banyak mikir guys langsung coba aja main slot mandalika jangan kaget kalau kali turun terus cari aja linknya google mandalika,1
ikan info ordal berkarir perintah,0
gilir mobil farel modif,0
fakta aku emang gak sengaja tidur pas nonton,0
johanmaulana a sekolah yg benar bg salam akal sehat,0
manut salam jempol jepit,1
omon omon doank ni gak loker apa,0
baru bulan main alexis star star hidup gue ubah total,1
asepudin jangan terlalu jujur bro face with hand over mouth,0
gak nyesel bgt bonus nyaga ruda hoki,1
emang presiden lu ga kompeten aja,0
masa murid gm irene sukandar kaya gin bang,0
main dora auto happy rezeki emang atur,1
speedrun nya gila alexis percaya cepat,1
gileee beda suv pake drift,0
ngvlog aja pake hp joy,0
nya ragu coba main nya coba coba modal receh tau nya kasi wd,1
mending poco x,0
kucing joy,0
anakenosiss jangan lupa dancing sweat smile,0
bct fufu fafa,0
agustoto jackpot terus gk paham hoki,1
wd lancar banget pake ribet,1
gacur banget wede tiap hari auto neng,1
udah ga harap sama si wowo fufufafa,0
episode paling keren lucu hibur,0
pawpaw d bener bener main untung,1
mandalika yg bnr gacirr,1
why am i laughing it s not even supposed to be funny,0
maklum pikun joy joy,0
kamar cocok banget sih,0
gokil sih alexis,1
butuh pimpin ug kerja ga jompo please lah cry,0
yg tanya apa yg jwb apa cry,0
nahan berak,0
bangun motor bang kali joy,0
kespill sendiri,0
kembar brziko,0
gak sabar liat mobil anak om fitra joy,0
gmc gmc bang,0
lepas ban skull,0
kapan vw id buzz nya datang om,0
manut emang kenal gak pernah nanggung kalau turunin petiirr,1
berkah rezeki hari berkat weton puji syukur,1
ahok kdm kaya cocok fire,0
nyala fire fire fire,0
tim nonton doang ga punya mobil,0
tu siar tvri kok takut x mbak nana nayak,0
macet jalan jadi putar balik cry,0
aemerth emang nya tanya apa jawab nya apa nonton full ga,0
lo ngeliat efek pulauwin gak sih kayak tren tiktok,0
dora aku cba jepe gede lngsg,1
episode senang,0
mantap mandalika,1
betul sekali gak usaha bpk paman,0
beli biasa artis jabat,0
huawei luar biasa,0
jangan semangat tetap serah mas wapres,0
bang spil redmi note pro g,0
skak mat beneran tada,0
axl sedia alam daring mudah repot,1
keren id thumbsup gas kak sgi,1
jt mana,0
bilal astaga bilal makin gede aja joy,0
depo barusan x wdnya kali mandalika,1
untung bener bener gacir dora nyangka,1
tes parkir bang masuk basement,0
bagus beli mobil,0
ekonomi tengah gimana pa,0
wede jt cepet banget proses alexis,1
pak jokowi mulai kerja face with raised eyebrow,0
joy hp yg beli ishowspeed kmren hp lipat canggih china,0
yg komen banyak buzzer gk,0
heran komenan alexis dah,1
emg nol kapasitas nya bang,0
alexis emang top gak ngecewain,1
wapres taek,0
mantap gasss joy,0
road noise ganggu video,0
hasil positif doyaa bantu selesai wajib finansial,1
mending samsung young gk samsung champ,0
dipo gymkhana mode fire,0
modal tambah dora bantu usaha,1
salut sama yg paling erti dgn soal bangsa,0
masa ngga tau berkah gas ngga sih,1
happy banget main doyaa menang,1
langsung pulauwin video game,1
baru bulan main alexis star star gue udah dp apartemen,1
login dislek keluar joy,0
dukung langgan pulau sangat bantu,1
ngebayangin punya aja joy punya real ny joy,0
bro alexis yin event gede nih buru gabung abis slot,1
hitung berapa banyak pororo ngomong antek asing,0
keren banget coyyyy,0
tiap malam gue selalu nungguin update alexis star star,1
kok gk adiputro grinning,0
nungguin banget mas wapres mau datang acara skakmat,0
najjisss jadi wapres jalur nabrak konstitusi,0
jangan lupa celetuk uni lubis supersemar wokwokwok,0
engsel ny keten ituu,0
kalo salah salah ngomong cut,0
biasa abusive mungkin jadi maklum nyahahaha,0
kok cuma jam anying,0
naik haji ken block,0
bang jam segitu menang w alexis,1
semangat mas dipo rebuild kemaren crash test,0
bang review hq nubia neo g plsssssssssssssssss,0
asli keren enak buat jengat jengatin,0
cinta lah produk indonesia joy,0
modal bansos hidup mulyono,0
asyariiiii masuk,0
yg tunggu tunggu,0
w wo macan sirkus face orange raised eyebrow,0
bgking lah edit lu percaya joy,0
setia banget alexis,1
jangan lupa sedekah nya biar tambah gacor kak,0
sehat selalu abangkuhhhh two hearts clap sunglasses hugging heart,0
uda jadi orang ga ngerti situasi wibu,0
senang sekali lihat pak prabowo begini heart the best presiden ri,0
moga rezeki asal axl bawa manfaat sama,1
respect pak ahok heart,0
agustoto modal tipis doang gua lngsg wedey gede,1
kali aku menang besar mandalika,1
dora bikin hoki ga lawan,1
us kalah tekhnologi nya nnti sweat smile,0
otw ngayal,0
mayan kecil kecil terus terus mandalika,1
sungguh alam senang hasil dewadora lawan,1
solo hadir,0
asc achmad shahroni club sweat smile,0
taikk ayam,0
kecewa pulau semua sesuai harap,1
the best skat mat deh tani pagi hari yg produktif,0
lancer wagon wakk basic mobil apa tuh yg swap,0
tuju aceh tiga,0
lirik anak presiden blush,0
wihhhh tada tada tada tada tada,0
jersey tahun datang bnyak buru kolektor,0
si pandji nahan ketawa terus anjir joy,0
udah tau bokuggooiti lu orang,1
laa aku iyoo,0
presiden prabowo ngelantur,0
buzzer nongol joy mascar,0
oke gas oke gas,0
swert bonanja gacir hari mntp,1
bang gua ikut war pi sampe detik pesan gua kirim cry,0
enak kalau abang nrima web gacir mandalika mukim nunggu jam lambung nya aja ngab,1
jz suara kurang gahar si,0
tobat woyyyy,0
make ahok great again trophy yellow smiling trophy yellow smiling trophy yellow smiling trophy yellow smiling trophy yellow smiling,0
hp apa lg ini joy joy joy gebrak china emang gada obat fire,0
maklumin ges memang segitu kapasitas beliau,0
alexis dapet motor say,1
whahahahha akhir monthly bos,0
otw pildun nihhh heart heart,0
garing euy,0
gokil banget cinematik nya boom fire star sparkles tada tada tada,0
tarik dora bikin penasaran jaga,1
alhamdulillah rezeki lancar jaya berkat agustoto,1
buyar,0
sama done dislike,0
main dewadoyaa otomatis bahagia rezeki jalan,1
best episode joy,0
sya nyesal nyoblos orang,0
beli yg ngga kw kbanyakan kw,0
emang gak se asik alexis star star sih,1
tengkiu bos kasi teman tongkrong traktir makan minum enak moga makin jaya mandalika,1
gw tuh joy beli casingnya doang,0
menit gak template capcut kan mas,0
president of yapping,0
anies ahok the next presiden and wakil presiden tada,0
sibuk kerja sibuk cuan pu lau tujuh tujuh tujuh,1
bang review realme gt pro bagus apa buat jangka panjang bang sweat smile pray pray,0
ngeri bgt handlingnya,0
gw barusan maen garudahoki reaal cuy jepiii,1
lebih bagus komentar netizen omong bapak satu,0
ken hidup makmur alexis jawab,1
mana tempo cry ga brani undang yaaaaaa joy,0
bngst keren parah cuk fire fire fire,0
it s alright atleast you re conscious now kak,0
duhhh gue duit nya cukup buat beli iphone pro wkwkwk,0
bang tadi jam segitu menang besar w triangular flag on post weton triangular flag on post,1
ibarat kata pepatah gak kenal gak sayang jadi silah coba sendiri bro main mandalika kalau rasa main mandalika bagaimana rasa maxwin bro,1
untung bikin cinta dora thank you,1
alexis sih heboh banget pokok,1
apa yg stabil kemaren pasar harga daging naikkkk,0
asa didongengin wkwk,0
omong kosong ah joy,0
gaspol cuan limpah king,1
ngisin ngisini wae koe doel joy,0
anti kaum dang mending joy,0
moga sukses selalu tim gd thumbsup,0
anak jokowi makanya jadi wapres,0
setia sama huawei nova t saking awet smiling face with hearts,0
masuk bapak ahok keren sekali,0
sedih denger dongeng induksia cry,0
mandalika aku cba bntr jepe gede lgnsung,1
pulau emang gacir wd hari,1
kira kira make yg lb works apa lb silhouette joy joy joy,0
azriel alrifqyazriel coba jelasin maksud ga mental gimana bro joy,0
kata lucu,0
tim berangan angan,0
gokil abis alexis modal dikit hasil gede,1
ahok anies baru oke,0
om mob lihat jadi sixpack skrg hehee diet apa beliau hehe,0
lexus yaa om,0
bahas apa,0
kaizenteam respect nih,0
kayak asal jadi doang,0
joget dulu gak sihhhh,0
pertanyaanya gak jawab semua,0
hem anut heselalu barokah main sini jepee mulu,1
presiden prabowo jawab bantah joy,0
the road is still long face blue wide eyes,0
ekowaryono saking luas ga isi,0
males kalo listrik,0
ketik aja omon omon joy,0
alexis emang top dah ga bikin kecewa sampe,1
terima kasih pilih dislike video,0
konten sampah kata fufufafa hehehe,0
makanya dislikee wkwk,0
riickk makasih atas info ny,0
keren sekali hasil raih menang sangat besar agustoto saat libur mewah tempat impi,1
masterpiece,0
ngatur bgt yg penting gak cut ribet lu,0
mantap bangga banget jadi bagi fire zap alexis zap fire,1
mariamavi kentara banget ni ai nya bang,0
vlog gd terbaikkkk,0
keren raih menang pluto langsung libur negeri,1
pidato mutu,0
gokil banget sih star alexis selalu hadiah,1
baju yg kyak ple dipo ud jual blom,0
mna tau pas dengerin jadi muak trus ngantuk yah wkkwkwkw,0
manaa vlog seads kamiii,0
benah pa,0
inigabutchannel bang,0
jadi ikut wrc indonesia gk dip,0
ubur ubur ikan lele v alexis v nih lee,1
angeliart menit berapa yah jelas tempo undang,0
beli poster biar tambah besar sweat smile sweat smile sweat smile sweat smile,0
iya iya bener rofl rofl rofl,0
pusing nonton nya cry pak prabowo ngehindar muluu,0
angeliart buzzer copas copas ni tiati,0
alexis tuh emang beda customer servicenya ramah ramah banget,1
udah pernah setrum dek sweat smile,0
rejeki lancar nyobain,1
mau sukses punya orang dekat orang,0
cair kakak mantap banget cuan s gi,1
seru abis zap alexis zap bikin hari lebih warna,1
pulau emang juara rezeki gak abis,1
samsulkhoir wt akun baru buzeer lo joy,0
pas kickdown sampe ngangkat gitu depan keri,0
wkwkwk riil joy,0
technologia fire fire,0
tempat buat ku bahagia manut,1
ngakak joy,0
begini doang mah kagak tarik,0
bulepapuanugini wlaakkkkhh hand hand hand,0
gelokk sponsor open mouth,0
mandalika tetap baik dah,1
mobil drift tmpilan rally smiling face with hearts,0
sukses suhu,1
anak dapet makan siang gratis ga,0
tim jual diri,0
tiap pagi gue selalu cek notifikasi alexis star star dulu,1
pesona laksana selalu ide inovasi tiada henti tada,0
tuju kak modif motor pake airsus rbwt gd joy,0
jago bang kan ai wkk,0
ipone makin jauh tinggal joy,0
asam sulfat,0
nyari video asli ilang hina manusia gak punya malu face vomiting,0
panji aku ahok keren,0
bisa keiu nyarios na joy,0
masukin amazon biar beli dluar,0
sekali kali undang dong podcast masalah ekonomi politik,0
ntar lama hp kayak wafer berapa lapisss,0
mandalika lunas utang gw cok wkwkwkwk,1
like vs rb disklike waw bntar bakal hapus,0
seru abis zap alexis zap andal gue sekarang,1
zenix jadi liat kecil banget belakang hev wkwk,0
dialog dong pak jangan monolog,0
tinggal nunggu mobil farell,0
jepe tiap hari ga boong axl,1
nostalgia banget game alexis inget,1
otw beli mie ayam bang,0
ganti judul aja bang skakmat langkah sob sob sob sob,0
mana mau si dewiii beli legacy,0
drama lo cuan beda lo pu lau tujuh tujuh tujuh,1
busyet asli alexis gak obat pokok,1
gokillllll heart heart,0
kalo pluto yg kasih duit,1
beli motor,0
jepe tipis gacur parah bos,1
dipo yg bangun mobil gua yg bangga,0
pulauwinlisensi web baik,1
kerenn fire fire fire,0
pak rt tetangga langsung dateng joy joy joy,0
mobil dipo ancur,0
temen gue tagih main alexis,1
yuriahgunadi emang kamu ngeh,0
pilih caleg nyoblos kan ente joy joy joy,0
akhir yg tunggu grin probet,1
sadly yes i think so,0
solusi nya pie pak,0
modif xmax bro,0
pulau selalu jadi favorit,1
semangat terus bg dipo grin,0
jangan langsung ulti pak wkwkwkwkwkwkwkwk,0
ah mas kayak burung ngajak ikan renang,0
komenan emak pesbuk,0
rezeki nomplok bukit,1
guna temu dewadora sumber daya harga,1
inti muter cari tumpang,0
fly bang,0
yg pirang gak review bro sweat smile,0
parwis bayak pakai skylander dominan sr jb,0
sangat heran ama laku orang model om,0
hapus komen pulauwin,1
gue rela gak hangout sama temen nabung alexis star star,1
gede modal sparepart susah mungkin sweat smile,0
seru abis setia banget sama zap alexis zap sejak awal,1
yesss and so so self centered so sad,0
dislike nya sembunyi gyusss,0
aduh lucu banget sattt joy,0
prettttttt,0
streamer favorit heart selalu tunggu update baru grin grin semangat terus bang muscle muscle salam jepe sgi,1
gak sync mas,0
temen gue rekomendasiin alexis mantap tenan,1
baru maen lgsng jepe sketer terus,1
emang gak se worth it alexis star star sih,1
gaasss xmax bang,0
iso speeed,0
tipikal orang jaman dulu yg suka dongeng persis mbah,0
gak pake anti gores pake skotlet,0
alexis udah kayak rumah sendiri kapan coba,1
mana jt lapang kerja bang,0
paling ditunggutunggu,0
jurnalis tempo undang,0
mascar gw bayar pajak lah mikir punya kuasa,0
valentinus resa gak ajak bang,0
bang ziko gak rievew dodge charger punya dom,0
pak prabowo emang layak jadi presiden,0
bro life saver,0
ngomong apa jir,0
modal ribu jepe lgsng wede,1
keren mass heart fire fire fire fire,0
rezeki berkat dewadora mudah,1
baru maen udh jp mntp banget situs,1
kurang berani apa coba ipk jadi wapres,0
jokes sea lion gak pernah gagal sih wkwk,0
bener bener gacir banget main doyaa modal hasil,1
gass truss brooo,0
mesin ls nya beda seri,0
manusia paling sabar sabar hina yg sbenarx benar,0
siaaapp cil sweat smile sweat smile,0
jadi inti apa fungsi jd wapres,0
gas bang main motor,0
damkar paling percaya rakyat pak,0
mending j prime gak sih sweat smile sweat smile sweat smile,0
gila keren banget dipake bimo jerseynya,0
mantap banget rejeki ngalir,1
anak muda berani tumbuh wkwkwkwkwkwkwkwkwkwk joy joy joy joy joy,0
haha cuih ga tu joy,0
joy lapor mas wapers,0
minggir lu misquen joy joy,0
info loker bangg,0
miya bikin main puas cuan,1
alsimkebunsayur hp lipet jadul moyai,0
bos aja jawab ngalor ngidul gimana anak buah,0
nah bener buat uang timnas,0
hadeew keluar hp,0
lama bangkrut ni bossnya mandalika soal profit trus aku main kemaren wkkwkw,1
pulau lebih banyak main lebih banyak menang,1
baru kali gw tarik nonton komen ketimbang isi video rofl,0
karaoke bang request lagu oke gas grin grin,0
fitra eri udah nyoba jalan jauh,0
bonas bonus eh baca berita ratus siswa smp gak baca tulis joy,0
lebih bagus komen nya,0
cupra masuk indonesia,0
ragu alexis eh tau nagih serius,1
aerox sering bgt muncul sosmed ganteng polll,0
ken kerja pakai orang dalem ngga,0
he talk the talk,0
saran mas kalau yg unit sold bikin vlog ny lg mas,0
agustoto gua suka banget main sini mudah menang,1
koenigsegg jesko attack udh masuk indo nih,0
best episode makasih bang panji fist,0
bini gue,0
bengkel bg bukan montir jasa konsultasi,0
konten modif motor d channel pribadi mas ziko thumbsup,0
cerita seru gue pulauwin,1
wajib kolab,0
beli dong xixixi,0
manaa crosstrek kamiiiiiiii,0
emang gak se transparan alexis star star deh,1
moga rezeki ahmadtotomembawa berkah manfaat sama umat manusia,1
semua tetangga gue kepo sama hasil alexis star star,1
asli bodo banget pandji maen catur sneezing face sneezing face sneezing face,0
gacor banget pluto rezeki anak soleh,1
tot eh tot bedain jawab diplomatis sama normatif,0
benerga ru da ho ki gacoor gua nyampah doang,1
jejak dijitalmu gak hilang brow,0
wkwkwkwk mobil listrik,0
rdess literally trump at home,0
orang bilang alexis tuh game changer banget,1
zetsu putih ketar tir,0
sdh check out tada tada buat kk istri bokap cman gak gw bayar aj,0
tim ken beli,0
kabar crosstrek gmna bang,0
berkah bikin senyum gak henti mantap pol,1
komemtar sini penuh orang omon,0
his name is chaos his hobby is sip the tea like an angel,0
yg penting gemoy lah kata penyefonk nya mah joy,0
pulau selalu jadi pilih utama,1
dislike disembuyiin tong,0
lu ngerti gk apa yg lu omongin,0
berkah rezeki hari berkat star weton puji syukur,1
gila gahar gin suara v,0
dulu milih siapa bang,0
yook bareng bro,0
presiden curang,0
nih pulauwin kayak punya sihir sendiri,1
joy joy suruh ngaca dulu x omon,0
gokil banget dah alexis,1
jepe alexis,1
pulau tampil keren fitur lengkap,1
jepe pertama kali maen puas banget,1
axl sedia ruang kompetisi sehat,1
indonesia modus obta stop call me raised hand raised hand thumbsup thumbsup thumbsup thumbsup clap clap clap clap smiley grin sweat smile joy,0
akhir gw main bokuggooiti sih kasih menang,1
report ajah mending e joy,0
kingpizzasuper ko,0
perang njir huwawei google ancur tuh amerika,0
bang review garasi baru,0
udah yapping nya wo,0
pin komen orang bang biar gk kena spam judol,0
yakin pulau gak kecewa,1
no maksud siapa yah,0
obell siapa dah bbangg,0
mhhaekal biasa tom jerry joy,0
wow salam,0
bro pokok kalo butuh cepet alexis solusi,1
punya prof dipo pnp semua joy joy,0
gacir parah axl,1
lha lu komen bang,0
seru sama pak ahok detail bgt rencana nya thumbsup,0
yaa allah presiden to iki cry,0
layak bapak ajar anak anak,0
gua udah ga tidur nyenyak kalo main alexis yin hari,1
lucu seru hibur informatif ubur ikan lele,0
maksud lo apa,0
fufufafa ketawa lihat,0
mantap om cry,0
tanyain chat gpt grok aza mas,0
solusi adalahh,0
nice link bagus alexis,1
presiden prabowo jawab,0
x malah wkwk,0
kwkw lg eeeeeeee mulu joy,0
jersey kiper kerah ga bang,0
ganteng pol,0
alexis jadi tempat lari paling asik gak bakal nyesel deh,1
pikir,0
ngomong apa si face with diagonal mouth,0
wong ni kerja,0
bilang alexis top markotop pol,1
anggorodps sehat yg iq,0
klo uang sisa bnyak baru beli sweat smile,0
bapak lu kaya lu aman,0
emang gak se adil alexis star star deh,1
berkat agustoto lesat buruh tani bos agribisnis,1
china live in cyberpunk,0
jepe terus tiap maen prnh gagal,1
pagi gue cek notifikasi alexis,1
numpang tanya dealer nya gabung ngak sama dealer cherry om,0
kece poll fire,0
awal bangkit cuan sgi,1
link nya mandalika apa boss mau donk,1
infoin point solutifnya detik berapa,0
jadi mobil captain america yg baru blush,0
astaghfirullah ampun dosa allah,0
kevin de mruyne,0
awowkwwkwk,0
bg je coba review truck colt diesel x kebun sawit dong sweat smile,0
idola guaaaahhh heart heart heart heart,0
bukan inovasi baharu,0
esemka ngak om,0
kaya aki aki ajak ngomong muter muter joy,0
merdeka prestasi ghaib,0
liat harga langsung ken beli grin,0
gue alexis aja banget,1
mobil yg luar fortunernya ko ga tunjuk bang p,0
sama dong joy joy joy,0
aku yg aja hauswin fire,1
cuy gak nyangka alexis se booming keren abis,1
bikin baju bagus emang bandung joy,0
bonus bapak misal,0
vocalisnya vob menit,0
asik dengerin dongeng ngalor ngidul bikin ngantuk yawning face,0
gatau komen apa semua wakil bawah sama netizen blush,0
harga platform daring desain baik ahmadtotopatut timbang,1
elegan banget si,0
apabila mim mati temu huruf mim baca dengung joy,0
tuju sampah demografi,0
wede gampang banget nyangka,1
hari penuh bahagia sama mlndalikl rezeki datang hampir sendiri,1
tokped kok juta open mouth,0
mantap sponsor makin banyakk,0
mobil akbar rais awal btx obel,0
dora temu peluang karyawan bos usaha,1
ahok said anis sangat negarawan,0
langsung sgi bang joy cat joy cat,1
aura anak bung fitra gak sih sweat smile,0
gin cuman jadi tonton doang joy,0
kalok punya malu harus mundur sih,0
huawei esia ngoceh emang,0
ishow speed borong,0
g nya tuhhhh,0
moga selalu beri mudah main mandalika,1
ayo bang ziko sekal main sency,0
goxxx mau dong bang jerseynya,0
agustoto aku cba bntr jepe gede lgnsung,1
iwasir i was hereeeee,0
derry new energy auto beli saham mab,0
kang anis sorry deh mending kang dedi mulyadi ahok,0
hampir aja jadi episode skakmat pendek wkwk,0
kkuchanel siapa yg sedikit bicara banyak tindak rofl,0
gila depan nya ngangkat,0
bro aja sih alexis yin mobil nih buat member setia,1
bikin emosi detik pertama,0
harga komunitas solid agustotomungkin cocok,1
ngeri kali antilag nya fire fire,0
main aman untung maksimal cuma mandalika,1
prabowo jawab cry,0
lapar banget ken bangun pagi kayak alexis,1
ubur ubur ikan lele berkah udah tayang lee,1
beda alexis tenan,1
sumpah gue gak nyangka menang banyak mandalika tempat luar biasa,1
gila sih heart alexis heart emang paling top,1
gd bikin v lahh lebih manjanjikan kompetisi,0
nabung beli ori bukan kw,0
jumlah dislike nya gak muncul apa udah lewat kebanyaken face with hand over mouth,0
menit salah jaguar beli persen chery,0
banh gimana mobil mas dipo habis crash tanding,0
penisirin yg bikin skrip orang ky gmn sweat smile,0
kapan gd pake mesin ls,0
woyyy mana ko komenan ga yg pro pa wowo joy joy joy,0
untung besar bikin aku makin cinta sama ahmadtoto thank you,1
close enough,0
apa sih kemeja biru risih gua slight smile,0
alexis bikin gue auto sultan minggu gokil banget,1
alexis yin tuh emang bener bener ngasih peluang semua orang,1
doyaa sedia antarmuka ramah guna,1
wkwkwkwk kena schoolar mate joy joy joy,0
super mantap mandalika baik paling mantap rtp atas bagus banget moga hoki moga nular sama layer,1
d trending gatuh tada mandalika,1
gm irene sukandar tlong omelin dikit smiling face with tear,0
masa iy berziko kalah proper ma joy,0
luar biasa ringkas aspirasi wakil mantaap,0
astaghfirullah kok gin presiden pilih indonesia cry,0
strategi matang berani eksekusi respek main pluto,1
beli indomie topping nasi smiling face with tear,0
ngakak bgt denger pak ahok ngomong gak henti,0
harga dukung langgan suhu mungkin pilih,1
baut roda nya bener mobil palu,0
penuh bahagia dewadoyaa rezeki hampir,1
gue trend pulauwin gila,1
moga mandalika makin sukses amin,1
auuuuuu mania,0
miya main sebentar langsung kejut seru bikin nagih,1
ulu fitur lengkap,1
cat misi bang yaaa,0
knpa gak sesi testing thinking smile,0
baru hari join alexis star star gue udah dapet cuan buat beli motor,1
kalo itung dr nat nya gril ttp strip mas jeje,0
om knapa skarang rua banget kaya bukan om mob cry,0
huawei tim dang mending,0
noviaarinjany wakil skincare sekolah kak cry,0
moderator nya briefing,0
ayo dong modif motor mas ziko,0
siapa kemarin coblos hah brainless,0
ahookkk cintakuuuu heart heart heart heart,0
lambo mau make bodykit lbwk wkwk,0
anis nikke okesih,0
kpn punya pimpin banyak solusi,0
ngerangkum sendiri pake ai nih bang,0
benar joy joy joy,0
ctgctg baru tau,0
bru tau aku sweat smile,0
udah skakmat tuh padahal pandji blunder wkwkwk,0
malu nya tinggal,0
dora bikin hidup warna cuan gak henti,1
karna penta prima sponsor elite,0
wow main zap alexis zap bikin nagih banget,1
tetangga be like hadeeh ngapain tuh si ziko wkwkwk,0
ahok mahfud lah yg jgn gegabah,0
gass modifikasi motor,0
jam yapping doank ni orang gmn gak ngeselin,0
bandar judol bang,0
ril cuy beli kerupuk sih,0
caaneedsleep apa boomer,0
langsung belibur kamp boja,0
d tunggu konten modifikasi motor bang,0
modifikasi yg selera nya mas atenk joy,0
pak ahok selamat durasi video kali jadi panjang rofl rofl rofl,0
bujangpamenan wi intelektual,0
gila sih main bareng zap alexis zap selalu seru,1
mau tau rahasia sukses anak muda jaman now alexis star star lah,1
ngelag enggak wd jalan terus puiau emang top,1
gas bg ziko modif aerox turbo,0
pulau menang makin dekat,1
asyariiiii dukung sosok benci bijak kan kocak,0
komunitas nang mandalika iki sangat apik silih bawa sangat,1
hahahaha hahahaa sweat smile,0
best coach sih,1
zetzu putih fpi kan joy undead,0
jakpot bikin seru doyaa,1
best banget sumpahh,0
teriak hidup jokowi joy,0
sony brand besar tp ga bikin hp begitu,0
bang tau merk sepatu abang pakek apa,0
nunggu harga jt wifi only,0
wah bsa alam neh tinggal ganti suspensi ikut rally,0
gausah tonton buang buang waktu,0
hpnya ishowspeed,0
rezeki agustoto nyangka,1
server luar emang lebih royal mesin nya lokal semalem gw maen mandalvka menang banyak gua wkkw google sendiri bro,1
wede aman sketer banget,1
xmax gd style blush,0
suka aura negative om,0
berkah bikin kaya beneran mantap nya coba coba nagih,1
angka dislike nya non aktif kena mental kek,0
gan hasil wede cair main dis rver mandalika angan angan member gua kelepek saking cakap mandalika nyarik cuan,1
masha allah moga jadi amal jariah mas nya aamiin,0
satu kata sih buat lu mas gokil keren bgt sih love it heart,0
judulnta detail bgt,0
sy lebih tarik merek horni yg mirip mini alphard joy,0
ngomong apa sih gk jelas bjirrr thinking,0
mau apa sih,0
tasik liat beberapa charmant,0
bensin guna aftur,0
porche baru x sob,0
standardissue ngga mungkin lupa,0
baru aja gw coba mandalika malam lumayan lah dpt jt,1
alexis emang ga dua layan super royal wd lancar jaya,1
selalu mantep broooo,0
pak ngejabat pak,0
buset video sih gokil alexis,1
mobil farel mana,0
buset alexis gokil abis,1
bener bener nyeleweng jawab pas cecar malah habis waktu rofl,0
bakal reborn,0
mobil hammer ev paling keren sekali,0
otw beli bismillah awet,0
ken block almarhum joy joy,0
my idola,0
feeling flat harmony next yg baru benar benar bas android,0
gokil abis,0
marsya mirip apa emang,0
enak tinggal klaim hasil anak muda indonesia,0
hasil gacir agustotobikin hari makin seru mantap banget,1
agustoto cuma modal receh hasil wow banget,1
jalanin aja kamu jalan bahagia v alexis v,1
keren abis tada,0
cuan jalan kerja senyum pu lau tujuh tujuh tujuh,1
bener kaum pelangi,0
hahaha dahitsu gak yg pilih sweat smile,0
menit kayak skakmat,0
bravo tempo,0
yng penting ga pakek uang rakyat aja bang hehehe,0
main aero bikin hari senang terima kasih,1
mobil balap biaya rakyat,0
ganteng banget sih,0
beneran apa gak sih soalna ane udah sering dpt jp mandalika,1
lebih tepat nahan ketawa pas jawab mulai ngelantur,0
i love you,0
auto tajir pulauwin money mouth,1
wkwkwkw tau deh nyindir siapa yg nabrak joy,0
langsung struk presiden tanya joy,0
grafis do a keren banget bikin betah main low brightness,1
entitas balik fernando bjimane si,0
jagan khawtir siap beli kata mas dafid cuma harga juta aja,0
anjay view nih gw,0
bilang alexis top markotop abis,1
bruntung banget woee taxi driftt,0
happy banget dapet rezeki btv bener bener puas,1
rahadiarum dah nonton om wowo tanya apa jawab apa kocak,0
edan alexis tuh kayak cheat code urus ginian parah,1
cuma buat buang waktu,0
kirain ibu nya ikut pindah blush,0
seh dah bae akun judol moyai,0
rasa maxwinn gimana memang asi bngt hari kakak sekaligus coba main sini money mouth weton money mouth,1
sya besok beli yg lipat puluh,0
mandalika populer masakini heart,1
bang coba hp tecno spark go bg ripyu,0
gokill gw maxwin garuda hoki modal doang,1
kuereen dwipo nyala,0
crosstrek jumat ye,0
cari tantang baru axl jadi jawab,1
gausah spoiler cil,0
salah,0
tunggu lanjut project crosstrack,0
episode paling lucu,0
tau beliau ngapain,0
kok bsa gtu wkwkwkw mandalika,1
selamat bang moga makin jaya tada tada,0
modif motor auto rata kanann mh hehe gass modif motor bang grin,0
ngeh kalo alexis keren serius,1
nanya bengkel bg sob sob sob,0
wkaokwaokwoaow sekak,0
era jokowi selalu tanya kapan gera revolusi yaa relieved,0
emang presiden pernah wawancara,0
mantep bener nii tada,0
gasss bikin konten modif motor matic kalau rata kanan joy,0
bang spiker nya lupa tes,0
jadi ken beli hp moga rejeki nya aamiin tada,0
velg nya jadul joy,0
zoe tw layar k layar loe p rofl,0
salut bang keren konten salam jepe probet,1
dewadora gacir abis sekali main langsung ken,1
jangan tinggal main agustotodan rasa sendiri,1
emang rx nya punya armuh,0
agustoto tiap maen aja jekpot luar biasa,1
logis pak hemat versi pak ahok,0
mending buat beli mi ayam,0
tuju bang fist fist,0
edaaaann gada suport moga wapresnya nyadar tau malu wokwok,0
makanya kerja yg giat biar beli kayak sy,0
besok moga,0
syuting kaya yg gm irene dulu baru yg,0
lomgsleeve nya cakep parahhh anjiir,0
yg komen,0
audio kecil pas iklan kaget gua gede bgt,0
besok bkal lihat iphone made in vietnam,0
honda maestro belok roda blakang nya,0
nyata benerga ru da ho ki gacoor gua kira nyampah doang heart eyes,1
bukti layar pluto tempat,1
pawpaw d bikin untung,1
mager rumah rumah aja bareng pulauwin tetep asik,1
gas bang,0
hina terlalu hina puji nyata nama bukan puji,0
triton cakep banget,0
komen nyaa banyak negatif dislike aja,0
ku beli biasa aja,0
tiap gue selalu cek notif alexis star star,1
editor kelas udah editor tv besar,0
nabrak bang rofl,0
jangan sok edukasi kalai kerja dibantuin orang tua,0
semua temen kampus gue heran liat gue sukses gara gara alexis star star,1
menang sampah,0
lu bener sih kalo,0
galah populer masakini heart,1
menang pawpaw d gak bangga,1
dora bikin hidup lebih warna rezeki datang silih ganti,1
kenal huawei thn emang luar biasa gebrak nya gak tanggung,0
wajib coba heart alexis heart emang paling top,1
akhir woiii,0
menit aturduit id,0
kan undng undang ga wak,0
sehat selalu maa gibran,0
main mandalika jarang ling bagus baru kali rasa petir merah si kakek senang x hati hahaha,1
yg shs fwd awd,0
co toko oren,0
speed pertama,0
lebih tarik baca commentnya,0
fishybrad wkwk serah lu aja lah wahai antek soros wkwk,0
hp borong ishowspeed biji cina wkwk,0
rog ally x gacor bg,0
gue udah buktiin alexis tuh scam udah wd puluh juta lancar,1
lama banget main catur,0
mumpung gacornya gas aja bos alexis,1
pamer u nol konsep,0
lah lu tuli jelas jelas uda jawab tu kasi dah wibu ni,0
ubur ubur ikan lele pokerbola mantap le,1
tombol dislike ud non aktif hehe,0
yeaayyyy akhir,0
terap wong liyo ngerti opo rofl,0
inget tetangga bang zik khilaf sweat smile sweat smile sweat smile,0
main mandalika langsung bikin hari jadi lebih cerah weary pleading face,1
kakek hehehe join bukit,1
gak nyangka menang dora serasa mimpi siang bolong,1
banjir cuan king gak lawan,1
best skakmat so far,0
pantes rame mandalika wkwkwkwkwk,1
eh mas gubernur,0
isi konten tulang semua lebih daging komennya ahahahahhah sweat smile,0
baru hari join alexis star star gue udah dapet cuan ratus juta,1
slalu keren kalau bikin mobilll thumbsup thumbsup thumbsup thumbsup,0
sama ka joy,0
buzzerrp kurang bayar jadi dislike parah ndak setia,0
gw udh pre order biji,0
skakmat pandji joy,0
langsung beli mie ayam,0
pulau wisata jg pulau randayan lukut,1
jam jadi sia tak ads yg bobot jawab,0
isi ngga pantes upload,0
cuma sini yg bikin nonton betah sampek akhir wkwkkw,0
bokug gooiti populer indonesia eagle,1
gakan berani ngundang tempo,0
maizarindra coba jabarin per,0
trending yokkkkkkk,0
ketawain gak sih spam jud ol kira bakl tarik,0
mobil oke kurang interior tombol fisik minim,0
maacihhh abang bos gw ngerasain nama wede cuannn gedek banyak memang baik main web mandalika,1
kalau luar sana sering kok pakai offroad,0
tunggu wawancara rupa wakil presiden pray,0
mau poles bagaimana kalo kosong mah lihat,0
otw buat modifan rupa game,0
sumpah apa alexis tuh bener bener ngebantu banget pas bokek,1
sabar pimpin perintah ga kompeten sampe gua sih gamau smile cat smile cat,0
jt an aja sweat smile,0
crossbar nya ko ga buka sih jadi kurang kece,0
tantang berat bangsa indonesia punya wapres diri,0
gw udah po bang,0
om pin aja salah satu komen biar komen judol ga papling atas,0
agustotomenawarkan dekat beda libat daring,1
tarik hasil menang aero wujud impi,1
the best pokok alexis tenan,1
minggu main alexis gue udah ganti kamera dslr,1
bener pak jangan sampe jadi macan sirkus malah jadi kucing,0
sama broooo mauuu store,0
oren cry,0
pulau fire menang jadi nyata,1
kali kali main olympus mandalika hasil mantapp wee moga kalian ikutin saran aku hoki,1
mending sugeng jawab sweat smile,0
alexis yin tuh emang bener bener ngebantu banget pas gua butuh,1
hapus komen puluwin,1
episode paling gilak ahok yok yok,0
jelajah dunia dewadora lihat tawar,1
mas ridwan hilang sweat smile,0
kok blm nge review chery tiggo phev om sweat smile,0
ngarang jawab pak prabowo,0
main x lagsung boncos ga untung mending app,1
udh bg gw beli kopi,0
dp juta berapa tahun cicil,0
gak pusing mikirin duit kalo udah gabung alexis,1
dewadora pecah terus mekswin,1
gak percaya menang banyak mlndalikl mimpi jadi realita,1
salut buat subaru masuk indo langsung full drifting,0
hibur bgt baca komen nya rasa wakil joy,0
makasih udah aku salah kak perlu apresiasi,0
ngomong opo ae joy ngomong tau makna cuma ngomong joy,0
anis ganjar bgitu keliling oligarki jadi sama aja,0
hidup lo vibes cobain pu lau tujuh tujuh tujuh,1
keren kieuu mang bimooo,0
tongkrong cerita iseng iseng kenal pulauwin aktif,1
pulauwin bikin penasaran,1
redi jual mesin jzgte,0
memang paling tepat main mandalika untung saran teman baru menang,1
paling neng kalau om mob udah ngomong hyendeeeeiii rofl,0
otw nyungsep,0
ngomongin alexis ikut kepo abis,1
om mob lebih seru,0
kembang arhan semangattt salam alexis gampang jepe,1
tada joy heart cry open mouth sweat smile blush,0
naikin gaji editor,0
gila sih bangga banget jadi bagi fire zap alexis zap fire,1
mandalika bro gw main sini gak pakai janji palsu bro cuman sini gw sering menang,1
samsung tungguin aja ntar wkwk,0
otw beli buat mbak art rumah,0
main agustotorasanya kayak mimpi hasil langsung limpah,1
ken nang mobil hancur cry cry cry cry,0
lebih baik tanya yt dokter mobil indonesia aja,0
is this ai,0
makasih clipper tara arts gema show,0
nyala bang ziko joy,0
semangat trs mas umbu,0
preeeet emang percaya,1
semangat bosqu baik star sgi,1
pantesan lama reviewnya jt boss,0
kdm ngga dulu deh perlu bukti,0
serasa liat joe biden bicara nya ngelantur,0
beli nokia n gage,0
hidup lebih seru bukit,1
gacir bener baru maen udh jepe,1
ahok mahfud ri langsung jadi negara,0
gw nunggu yg lipet joy,0
orang cepat yum,0
kasih untung serupap luto wd aman,1
juta aja bukan buat kaum dang mending sweat smile,0
kaya selalu ganggu,0
fortuner kaga anggap bang joy joy joy fire fire fire,0
m hobibarbar fire,0
rizkyaja mending lu aja sono yg jd pleciden,0
isi klaim prestasi orang joy,0
narasi isi buzzer semua,0
china emg ga ad obat inovasi fire,0
is the best gd subaru,0
waktu debat capres jg tanya apa jawab apa,0
alexis bikin mood bagus anjay fix,1
seru abis main bareng zap alexis zap selalu seru,1
interaksi tak duga lucu panji sama ahok,0
nonton langsung skip detik,0
thumbnainya ganti,0
gokil sih buat guling clan mulyono joy,0
bahaya kadrun,0
bapak sama anak kok satu keluarga wkwkwk eeehh,0
prabowo ban,0
mobil si tampans semua wanita dpt milik fokus karir,0
wah keren probet baik menang mudah,1
yapping yapping yapping,0
dora gachor abis baru coba langsung mekswin,1
kena banned malah op thumbsup,0
asyariiiii pikir macam apa pray sob,0
pak presiden next wakil yaaa,0
hp ishowspeed,0
sukses terimakasih wd besar llexis,1
tetap konsisten pak prabowo muscle konsisten ngelantur nya sob,0
koislot bikin mula langsung pede,1
manfaat sekali kak,0
joy joy joy joy wanjaaay quotes nya brillant bgt,0
beda kan logat sama cari muka paham lo,0
langsung tamat kek nya kalo modif motor rofl,0
ma nut selalu jadi alternatif pas hidup keluarga,1
baru gabung alexis star star minggu udah ganti motor,1
kalo udah main dewadora tagih soal gachor bgt,1
bang aing masuk tv bang pray,0
apa roda belakang kiri thinking,0
auto sultan bareng rulay cua mulu,1
pertama nonton joy,0
opo iki orang kaya gin joy joy joy,0
kurang seru ga tempo sweat smile,0
hormat pak ahok,0
otw beli creamy latte,0
zenix jadi liat mungil wkwk,0
lah gimana joy asyariiiii,0
brand cuma ganti posisi kamera aj huawei mantb,0
gas coba modif xmax nya,0
alhamdulillah udah techno,0
ban nya kok lepas mas joy,0
udah abis indo bang udah gw borong,0
temen gue bilang alexis tuh bikin tagih,1
siapa sih bisik pak presiden jadi begini,0
mungkin pake buzzer sekarang hehehe,0
ahoker hadir,0
se dapat,0
kok kemaren gk up,0
kang semir jam gacirr nihh btskit,1
jual ginjal,0
info loker pak relieved,0
mamamia kaga basi buzzer pakai isu,0
cara liat dislike gmn brader,0
dewadora benar benar nomor rekomendasi orang,1
ngopi santai rumah favorit alexis nih,1
ga punya mobil tp sk bgt liat mobil sport,0
hati hati bang grin,0
bang bahas hp merk baru eropa inoi,0
lc kabupaten starter pack joy joy joy,0
jangan mulai nang kaya bawa happy aja,0
ngomong apa sih,0
sayang langsung nabrak cry,0
kalo hari ga hasil apaga mending pecat,0
ho lhoo sy langsung klik komentar males nonton videony,0
pas lipat buka terus jatuh udah tamat hpnya joy,0
cuan no ribet pulauwin dollar,1
ga sabar liat brziko vs brz obel nnti,0
game nya seru hadiah gede ahmadtoto emang juara,1
aerox apa xmax bang sweat smile,0
keren banget gak move on seru fire zap alexis zap fire,1
isi kosong bikin bete,0
abang pro siapa ahok anies,0
koreksi dikit yg milih mpr bukan dpr,0
sih serius udah menang alexis,1
hebat tetangga gk yg ngelapor isi joy,0
kocakk yaa jd lawak aja joy,0
kaga bang dua udah pernah jadi gubernur,0
fufu fafa ndadmu,0
bukanpemudaormas now we know why is he losing the elections before melting face,0
apa gebrak ruu tni,0
gacur hari auto sukses,1
norak kayak ide,0
selalu rasa untung mandalika gabung bro,1
puja rk ngumpet gorong joy,0
percuma gm irene ngajarin lu bang sweat smile,0
david jajal dajjal moyai,0
kerja nya hasil bonus bapak ngomongin bonus demografi,0
episode paling seru so far baik obrol maupun main catur,0
modifikasi motor siap kawal bang ziko saluting face,0
motor xmax nya oss dete welcome luster bang zik,0
gila ampe merinding gua nontonnya sweat smile,0
orang korea siapa,0
ajak akang mv buat modip motor sweat smile,0
best defender i ve ever seen,0
makasih banyak bro,0
jumat sore wajib selasa cuma samping,0
gk liput kurang tarik joy,0
this dude has diploma in yappology,0
mantap betul ahh kalau gin gak sia sia deh gua main mandalika keren poko,1
udh bang udh sen unit mimpi joy,0
harus obrol cuma menit gegara kena skak joy,0
bang gk mampir the elite banyak motor tuh,0
walaupun udah nonton awal eps tetap nungguin full review,0
rezeki aeyao bikin hari senang thank you,1
emang gak se worth it alexis star star deh,1
asa dongengken bagoy ah,0
kembang arhan semangattt salam llexis gampang jepe,1
jam full yapping jirrr,0
coba kapan gd bangun mobil pake v,0
speed said move aside you poor sob,0
ziko dipo tinggal nunggu reveal mobil farel,0
gilee proyek candi kelar mantap mantapp thumbsup thumbsup,0
korneliahae jadi bagi orng skeptis aja bangga bener mbak,0
gd kalo modif mobil gak pernah gagal mantaap thumbsup,0
si hitam marga mesin ga sebut joy,0
mobil vavorite gtr r and gtr r,0
bonepriambodo pertama kali dulu nonton doang respect aja sama dipo,0
sama mandalika hari penuh warna,1
direview sih,0
alexis emang ga dua layan super ramah wd lancar,1
makasih bang point jabar,0
cocok buat hantar tidur isi nya bual belaka blush,0
jangan dong klo bgini gelappp skull,0
foya foya seru banget gara gara pulau,1
tantrum taun,0
ga lawan sih dewadora maxwin,1
rekomen bgt pulauwin white check mark,1
sweat smile sweat smile malu ndjie,0
gimana gak rata kanan joy bapak nya aja udah atas rata joy,0
pernah rasa jenuh main do a selalu inovasi cool,0
pu lau bikin hari hari makin cua mantap banget,1
sekut manut,1
dipo selalu problem mulu dahh,0
wede alexis cepet banget,1
yah cupu berani nya spem komen doank gk donasi,0
nunggu second aja nyari yg tuker tambah sama j prime,0
mana benar broh wkwk kocak,0
jawab penting negative squared cross mark penting jawab white check mark,0
bbbuuuaaaajiiigaan,0
emang kamu bonus bonus indonesia sengsara,0
tunggu review s pakai mesin r mas,0
punya hammer h mas versi remot control joy joy joy,0
mending lu tidur besok mulung,0
baru kali maxwin kali turut turut ga ru da ho ki partying face,1
dora tawar lingkung dinamis tarik,1
matic gede video sponsor yamaha bang,0
galaxco owh kirain yg tambahin grimacing grimacing,0
miya emang candu saldo gue korban pertama,1
bosan,0
randomplace coba solusi realistis lo kek gmn,0
koq mirip cerita nya siapa yah wkwkwk,0
tuh gue siap milih beliau,0
thanks bang makin buka pandang lain good job,0
gilak cakep banget,0
malam gue nungguin update alexis,1
sangu turu,0
jawab nya pake chat gpt kan yg bangga ai sweat smile,0
merinding gess,0
yg beberapa kali kalah lawan farel akhir ganti mobil,0
nang reno nih sweat smile,0
apurnama ooo gua kira kepanjanganya anak syahroni coy enggakya nyata,0
dewador amenawarkan dekat beda libat daring,1
kamu cocok jadi menteri sekretaris negara sekretaris kabinet,0
tadi pagi kena duit vowok keturahan,1
lamontree fakta boomingan sr joy,0
jepey trs ga putus ae o,1
bahaya buat orang tagih bukit,1
momen epik nyangka keren salam alexis,1
muhammadihsan ur jm emang iyaa,0
patut coba tada,0
bilal wajib diet,0
si paling cepat joy,0
psikolog bedah cakap,0
wkwkwkwkwk viral ni situs mandalika,1
penuh bahagia dora rezeki hampir,1
prabowo ahok prok prok prok grinning,0
jangan salah pilih guys tetap manut baik,1
kambing siapa yg lepas,0
aku dibeliin sama papi ku singapura buat main pubg joy,0
mantap mobil,0
pernah kecewa apa beri pullu,1
bukan dr prabowo antek antek nyesel gua golput,0
udah coba game pawpaw d bikin betah,1
jam menit buang waktu smiling face with tear,0
in sha allah,0
penasaran ken beli moga,0
gak main pluto rugi tempat jp sarang,1
nemu point mas mau sukses punya orang,0
explore pulau papua,1
paling keren supra si heart review dong detail nya,0
ampe basi gw baca begini tiap konten huawei aje,0
coba jelasin qpa yg kamu ngerti jawab bapak presiden muhammadmudayin,0
keren polll,0
iseng iseng aku ajak doi main mandalika kaget ngeliat petir kek wkwk,1
anggorodps anggoro bayar brp anggoro,0
nyari healing digital gue sih pilih pulauwin,1
nih jam gin kasih sama mandalika,1
uda ga paham situasi mala maen fisik,0
kabar iphone mau ikut ikut buat hp fold wkwk,0
velg ceser keren abiss joy,0
jam gin main kakek m ndalika bikin nagih lurr scatter nya gampang turun sketer kali nya konek terus,1
gila sih alexis layan nya gokil,1
lucu banget bapak bapak,0
ahok for president heart,0
peluang emas kalau punya paman mk,0
butuh wapres baru,0
anggorodps akun baru mana nongol terus ngebelain om prabski ckck,0
benar,0
jumat depan gamungkin dong ziko yg inframe sweat smile,0
pak wakil cobain deh live d bigo cakep tuh biar gen z banget,0
om garasi drift jga buat yg pake mesin v,0
gaji guru naik kan emang udah jmn sby bkn jokowi prabowo,0
wrc cocok bang herb,0
nakoda yg tangguh lahir sering dapat hantam badai,0
tebak anggar berapa m,0
tungguin bg gw mau jemur nasi basi dlu yak,0
nyari ngantuk sini,0
gila sih alexis benefitnya ngak abis,1
nyangka hasil besar mandalika luar biasa,1
alexis emang ga bikin kecewa withdraw bayar,1
habis wawancara wapresnya ken tau lebih ngepantur mana,0
gibran bahlil siap guncang dunia,0
tuju indonesa emas,0
sehat selalu semua salam sgi gampang jepe,1
alhamdulillah kasih wd terus sama mandalika modal receh doang tiap main,1
hearing without listening taking without speaking,0
konten paling tunggu,0
dewadora beneran gacor,1
belik cilok alfa k,1
tempo ga ajak nih hemm,0
beneran deh main bareng zap alexis zap selalu seru,1
rezeki dora bikin senyum lebar terima kasih,1
tuju indonesia bubar sob kasihan dahulu wilted rose,0
rezeki doyaa bikin senyum lebar terima kasih,1
denishenritowoliu gk usah kasi sama w emang w knp,0
gak percaya menang dewadora mimpi realita,1
kosong orang orang pintar ajar serius dengar dongeng,0
wowowoooooww bener bangeeet rofl rofl sob sob sob,0
sukses trus buat all team pray pray muscle muscle,0
mantap muas main mandalika selalu lancar hambat rezeki alir sangat deras,1
the power of cuan see no evil person doing cartwheel male sign,0
wawarzha bocah bocah jurnalis wokwowkwok,0
ntar brand yg lipat tambah lipat atas bawah,0
moga beliau faham apa baca blush,0
bener bener gacir main pertama kali langsung menang besar mandalika kissing closed eyes kissing smiling eyes,1
spil mobil drift farel,0
gue sih udah anggep alexis kaya second home aja,1
raya momen unik mandalika,1
rezeki lancar jaya hari berkat ahmadtoto alhamdulillahirobbil alamin,1
penasaran sama cerita orang orang menang besar mandalika akhir coba langsung dapet rezeki besar,1
tempo rocy gerung sweat smile,0
lexus mercy,0
jagurduk xb pb bang udah bang sob sob sob,0
pas bgt upload jelang milu aussie next month,0
toko nya,0
sih niat bgt jirrrr keren,0
lu polos lu buzzer robot joy,0
agenda jadi maaf kali aja joy joy,0
gak ngabisin langsung gacir agustoto bener bener rezeki,1
kalau begini aja gue jg joy,0
baca komennya buat aku ngakak,0
update subaru farel anak fitra eri,0
superrr wadidawaaa tada,0
convert stir kiri kanan yak,0
semua komen buruk mayoritas anak abah joy,0
tong kosong nyaring bunyi fufa,0
bikin film bagus kayak inspirasi sekali joy,0
undang pak jokowi bang,0
mascar bayar berapa bg sama prabowo jawabin semua nya dikomen wkwkwk,0
parah agustoto bikin nagih banget susah henti,1
genius banget cok makin gak nyesel gua gak milih clap clap clap clap clap clap clap clap clap clap clap clap clap clap clap clap clap clap clap clap clap clap,0
rezeki hari datang henti makasih banyak axl,1
beli kopi kapal api nya kawan kawan,0
ye cuz it s electric bruh,0
ngga engehhh pak ahokk joy,0
absen dlu ah,0
gue rela begadang main alexis,1
suka land cruiser vx,0
puyeng banget gw bussseeeet,0
sekrang gk perlu seludup pak kan impor unlimitid ga dibatasin,0
wartawan nya narik nafas joy,0
cuy nama alexis unik banget,1
skip moyai moyai,0
baru sadar pemred tempo,0
liat aja anjir wkwkwk,0
terbaek orang sayang banget gak jadi presiden,0
ga nyambung lah,0
feeling flat beda haormony bom lepas dr android tp lebih berat,0
ternak abah pandai nilai,0
langsung gas sih harga nya gak mahal bang wkwk,0
sulistyowati el kl bayar brp,0
benci sama salah nya yg dulu kagum sama ubah nya sekarang,0
calon mti boy,0
kalah sama anak d yg pinter pidato,0
tuju kalau ahok pak mahfud tak coblos,0
diplomatis apa emang ngga ngerti pak wkwk,0
kerah kalo putih asik kyknya,0
gak seru,0
ngeri kamera,0
agustoto tawar lingkung dukung dorong,1
gue rela begadang tiap malem main alexis star star,1
rekomen hape android dong budget jt,0
sgi is the best heart heart heart,1
tanya draft ruu tni jawab mencla mencle wkwkw,0
beli motor scoopy joy,0
kameramen mula fokus bung,0
peran wapres mana,0
kesini dislike,0
oke gas oke gas oke gas wkwk,0
main langsung dapet menang dora bener bener gacir,1
klo banyak tuh dislike gw pencet yg banyak,0
bang jt bikin tugu biawak wonosobo sweat smile,0
jadi inget bro ferry irwandy,0
cari alam daring lancar agustotomungkin solusi,1
g mungkin pdi mau jadi wakil joy joy joy,0
apa durasi nyaa cry,0
hp ishowspeed beli,0
wkwk seru,0
unboxing poco m pro g bg,0
makan siang kantor bareng alexis kayak seru,1
jekpot koislot bikin tagih,1
aya mobil akang euy,0
gaya sesuai dompet,0
adityagunawan wkwkwkwk mana iya,0
main elegan cuan maksimal pluto emang kelas beda,1
harus elu jadi model nya om,0
kilas info doang mah l dh gtu ja rofl,0
asyariiiii hadeh wowo wowo rofl index pointing at the viewer rofl,0
hp harga gr lm,0
modal receh jadi makswin gg sih,1
anam aja sayah stuck out tongue winking eye,0
gak bosenin udah buka pulauwin,1
kelass,0
kirain crostrax disappointed yawning face yawning face yawning face yawning face,0
harus,0
iya,0
naskah chat gpt,0
langsung skip,0
lanjut vivo v lite mungpung hagat,0
dibeliin papi ku singapura main pubg,1
mundur aja bro,0
jauh lebih manfaat baca komen darim nonton video,0
main mandalika coba kali kali main situs mandalika bukti w de akun ku benar deh ga nyedot situs,1
guncang guncang fakta,0
nsx bang aku bang grin,0
agustoto tiap maen hoki,1
stop judi online,0
main dora buka jalan jaja nasi goreng usaha sukses,1
sholawatin ajaaa tau ngasih,1
bedehhh body nya gaada lawan moga berkah terus ka channel nya,1
anjay mantep revolving hearts alexis revolving hearts main rebah kasur,1
jelajah dunia doyaa lihat tawar,1
mau ikut dislikenya ko ga,0
asyik banget,0
gw baru beli tadi emang gila ni hp,0
dewadora mungkin cari hibur daring hot face cold face,1
tunggu review supra nya,0
hebat bgt tahan jauh joy,0
cuan pu lau tujuh tujuh tujuh tuh mudah update status,1
knalpot nya udh banyak bang atenk bal dulu banyak yg makek,0
asik pindah sana pindah sini aja terus temenku nyaranin main situs mandalika eh nyata beneran gacir dong,1
raja akhir sweat smile asc thumbsup,0
hp lu lipet berapa bos sweat smile sweat smile joy,0
mau beli tp kpn do indonesia timur,0
mah buah jatoh nyangkut pohon joy,0
kawan kata samarinda ampe skrg blom dpt,0
yakin indonesia kembang pesat,0
menang agustoto bikin mimpi nyata,1
jadi penasaran bapak siapa,0
garasi drift on top fire,0
ubur ikan lele offer terus buat pak tony sumber alam le grin,0
gue udah cobain platform alexis gampang jackpotnya,1
demo demo murni yg bayar ndasmu,0
jawab aja gk trs kerjany gmn joy,0
semangat bosqu baik pluto,1
ngang ngong ngang ngong doang udah yapping nya,0
jadi hmmmm kapan mau lengserin perintah sweat smile,0
kata kunci macan sirkus joy joy,0
baru beli ip nongol hp baru,0
bang davit kasi iphone wak wak ilang harga diri,0
siluet desain fj cruiser sekali sweat smile sweat smile,0
gue sih udah ga move on alexis gacor bikin nagih parah,1
sering balik pulau,1
keren suka diskusi,0
jadi ingat jalur pintas rekayasa paman mk jadi wapres sweat smile,0
apa iyyaaa yg misqueeennn gak usah lanjut nonton joy,0
asli suara meski suara palsu,0
rebah tidur cepet liat update an alexis aja pol,1
thank you ko,0
rata jalan jawe semua tdk jalan nusantra thinking love you gesture pray,0
video off cuma mau dislike,0
gak ngerti circle temen gue tau pulauwin,1
ken cepat kaya langsung coba axl rasain jakpotnya,1
ahok fery irwandy lebih,0
ridwan kamil sih kalo,0
omon omon sang ri,0
al maidah nya dipake lg gak joy joy joy,0
menang nya ga banyak penting ga bikin aku rungkad naik sikit quot lama lama jadi bukit bukti aku udah menang mandalika sambar sama kake zeusss wkkwkw,1
undang wapres donkkkkk,0
fiqri hahahaha emang fakta gak becuss,0
hp lipet aj sering ambrol apa lg lipet joy,0
oil colerny pake gsx ngga min joy,0
kok tempat sy lebaran harga ubah semua pak,0
janda tarik,0
ahmad syahroni bg,0
kali jadi ba nya erspo grin,0
asli sih gak nyangkaaa,0
ziko gimana kabar bang dipo mobil nya sob,0
tuh gd modif motor tarik thumbsup,0
neng hari bangun kumpulin nyawa main mandalika langsung kasi wekwekwek,1
alam luar biasa tiap main ahmadtoto bener bener gacir,1
mobil wakil karakter om jeje muscle thumbsup,0
kalo bdasarrkan emote hp sih zany face,0
beneran deh zap alexis zap andal gue sekarang,1
kalem dikit lah joy,0
poin tarik banget pandji,0
keren abis alexis,1
hp lu lipet berapa bos,0
bagus hpnya jir,0
beli siomay yum,0
langsung cod facebook sweat smile,0
dehanfin tinggi kek nya,0
agustotomemang daebak jp nya bikin speechless,1
apa mas ockis ken suara kaya gitu brziko joy,0
hats off sir,0
alexis selamat genting beneran,1
gua sih udah pasang alarm khusus buat jam gacor alexis yin,1
duo bapak bapak duta sahabat otomotif,0
lebih rendah gelandang joy,0
suara enak banget ni ki daus kayak vo iklan jadul,1
simbah dongeng disappointed,0
sabar netizen keti tahan joy joy,0
udah engga dong,0
kacau banget dah main alexis baik,1
keren sih velgnya beda drifter indo,0
komen anak abah sama rt sweat smile sweat smile sweat smile sweat smile,0
mobil akang mv,0
satu feri amsari,0
honda accord warna item,0
kandel pis eweh kabecus ge,0
waktu fun drift show pasang roofbox yg tipis lucu seperti,0
gas lah bang ziko siapa tau muncul culture motor gd fire fire fire,0
gaada konteks bahas kosong,0
yg penting takut tuhan mas face with hand over mouth,0
minggir lu miskin ampun ngakak bgt,0
hina memang hina,0
ban gimana maksud w pake google,0
slotnya bikin nagih cuannya bikin kaya pluto the best,1
presiden ko kaya gin hadeuh,0
fanboy nya iphone sembunyi pojok meja dapur,0
joy joy kocak kalian,0
jen ce yg gantiin si gibran dong fearful fearful ogah kalo ga gibran luhut sob,0
jokojmc tanya capai hari jabat malah cerita plan depan rofl,0
pulau bikin untung tiap hari wd jalan terus,1
riview semua mobil gd dong bang,0
dipo nabrak kok gaada vlog nya,0
moga pak ahok sehat selaluu hormat,0
kali maxwin kali ga ru da ho ki,1
gilir komen kek gin aja buzzer gak jawab sepi,0
lo bukan bang ferry irwandi,0
sedang tunggu orang komen nonton pake hp sebut,0
omon omon doang,0
beli cuman buat telpon wa sweat smile,0
hasil gacir main dora kecewa,1
anjay mantep revolving hearts alexis revolving hearts main slot nge unity,1
mas wahid jual beli mobil dulu joy,0
tuju banget lahhhhh,0
nyala betul,0
jual channel malah beli tada,0
ga beli sekaligus klo ga ga jadi nih moyai,0
edan gue tau alexis oke,1
pepekpepek lah semua iklan poko mandalika paling gacir,1
tdk makna bukn gumul otentik diri,0
alexis tuh emang bener bener ngasih peluang orang sultan dadak,1
juta an aja cenah weary weary,0
kalau punya uang lebih banyak ken sih beli baic bj blush,0
hemat waktu kalian cepat vidio jadi x,0
tecno lipet,0
seperti yakali kan gatau kalo forza,0
joy mas wo wo mas wo wo sweat smile,0
duet anies ahok impi,0
main pawpaw d untung senang,1
waow sangat bobot sekali komen teman video joy joy joy joy,0
milyar habis mungkin biaya modif nya,0
summun bukmun umyun,0
vonia jalan haha,0
dikayh px wl bang udh ga usah jelasin ga ngerti rofl,0
tuju ahok x dedy mulyadi,0
viral,0
ubur ubur makan terasi laksana pesona makin serasi point up point up,0
heran sih pulauwin nyentuh semua kalang gitu,1
dasbor bikin mas biar ga ngopong bet,0
makasih narasi jadi yakin kalo nilai lebih layak cry,0
sangat inspirasi fire,0
iya kyknya keren tuhh lintas banyak tampal,0
alexis engga pelit petir,1
momen kilau mandalika,1
kasi sama anak koruptor kata joy,0
produk korean utara apa korea selatan,0
wkwkkwkwkw iya lucu banget,0
dedi mulyadi dong mas panji,0
kali sketer asli mantul banget,1
happy banget dapet rezeki agustoto bener bener puas,1
semangat bosqu baik probet,1
sebentar hijriah ratus tahun emas nya joy,0
asa maxwin habisp luto gacor habis,1
kenceng mana sama gd,0
ide tarik,0
terima kasih saran joy,0
beli j prime,0
real flex,0
main sebentar aja langsung dapet rezeki besar keren banget agustoto,1
indonesia butuh ahok,0
nilai nyata terlalu banyak,0
presiden prabowo jawab x presiden prabowo ban heavy check mark,0
uu ampas aset koruptor tak jawab cry,0
padhal paling bagus cocok velg nya yg komen selera kere fix,0
thanks timestamp nya bro thumbsup,0
wah channel banyak sebut star alexis star,1
tiada tanding uda main alexis,1
keren bet hasil akhir,0
salah org yg dislike dr puluh ribu a masssssss sweat smile,0
beneran dah masuk akal promosi begini,0
gas bang gua tunggu video konten,0
banting hp solusi,0
alexis bahas,1
our economy is doing well mohon maaf dunia mana pak,0
wede kali sketer,1
pulau tempat menang kumpul,1
tunggu second ny hingga sentuh harga rp juta open mouth cry open mouth,0
pawpaw d main wadah sama digital,1
sangat uwow,0
bro pikir bro ferry irwandi,0
cakep turut pak w,0
malu kelas chanel wapres kok gin sedih bgt cry cry cry,0
diskusi sama rakyat dr semua sisi perlu pak,0
berapa lapis ratusaannn rofl rofl,0
yahh udah hide dislikenya info akhir dislike nya berapa,0
oke liverynya keren sih mantep,0
prompter joy,0
manut alam main fantastis,1
emang kamu tau,0
wih bilang alexis top markotop,1
mandalika tujuhtujuh bro gw main sini gak pakai janji palsu bro cuman sini gw sering menang,1
gak mutu,0
jgn kayak buzzer,0
ngga jelas bgt isi,0
fix beli kouta dlu,0
alexis yin bikin hidup gua ubah derajat tukang ojek jadi bos,1
jumlah dislike nya ilang joy joy,0
nunggu versi china yg harga gak smile,0
ko main janji dulu om wkwkkw,0
baper banget lu ama komentar doang kasi sob rofl rofl lockysigarlaki,0
speakernya dengar bose udah kena syok harga mobil grinning,0
kalo aku yg jadi jurnalis udah pati banyak ceplos maatta nee,0
hummer ev heart eyes clap sunglasses muscle two hearts hugging,0
akan v astonished,0
bang rumah akang mv hearts,0
banyak guna temu simba sumber daya harga,1
jangan lewat sempat menang besar pulau,1
terima kasih mbak najwa shihab baru tahu siapa prabowo,0
alexis sih heboh banget gila,1
elainaymafay ngacapruk kata orang sunda,0
allah moga komentar promosi dora panggil mu cepat amin,1
cair terus kakak mantap banget cuan sgi,1
amazing open mouth open mouth open mouth,0
yg tunggu review dr gadgetin,0
paman sehat pak wapres titip salam,0
agustotoadalah platform rancang timbang guna,1
gimana y bukan nya paham malah ngantuk,0
si anyiinngg ngoceh joy,0
beli kuota buat nonton video sweat smile,0
kesini cuman buat liat komen disklike video,0
gas main motor hehe,0
bang review hp realme gt pro dong bang,0
harus judul presiden prabowo dongeng,0
manusia biasa d emang jawab nya lantur dasar buzzer bayar berapa lu joy,0
bawa pulang senyum mandalika,1
keren banget rasa gak lengkap hari fire zap alexis zap fire,1
samsulkhoir wt samsul bayar brp,0
alexis yin tuh emang jadi andal gua kalo butuh dana cepet,1
kasihan mas dipo mobil baru nya crash tadi ajang turnamen,0
bangsa sia nyiakan berlian lebih pilih batu akik,0
infinix zero flip bang moyai,0
gk bosan nya aku sama star alexis,1
jam yapping,0
rivyou mobil nya bg bimo dong bg,0
kayak apa hasil drag race gmc h ev vs jimny,0
jam betah,0
langsung gass sunglasses,0
mantep langsung sorot smua motor bang dete kwkwk,0
salut editor ngedit jam,0
baca text bang lihat kok,0
wallahi we doomed,0
hp jual gengsi mahal,0
tebak gg nulis script,0
merinding siih pas reveal blush,0
solusi buat ortu yg anak,0
jackpot terus terus bikin happy king baik,1
bawah jt gokil si,0
rofl rofl rofl rasa pen bilang ndasmu gak sih sob sob,0
the sickman from wakanda,0
kerja numpuk bikin stress butuh semangat alexis,1
obell support duit bpk vs farell support jalur bpk,0
tuju indonesia cemas,0
kira nakal wkwk,0
utang sit ra ki joy,0
jawab nya ngelntur,0
banyak istigfar nonton iniii joy joy joy,0
ngomong opo to pak,0
rame banget nih alexis tongkrong sih,1
haadiir selalu mas mandalika,1
sayang ga jual,0
kata buat lu bang ganteng sunglasses sunglasses sunglasses sunglasses,0
temen gue luar negeri aja tau pulauwin gokil,1
cuma bikin rugi orang malu banget,0
anis ahok,0
bahagia hakiki,0
mas panji main catur koq atur sich joy joy joy,0
mobil langsung crash cry cry,0
bang review mobil umbu gilberthh,0
anak abah diem aja,0
beneran rebah dong buat ngolong,0
bapak sama paman gak ajak bikin video mas,0
banyak,0
dewadora gacir bener tiap main aja jepe bikin nagih,1
ahok mahfud sih,0
klo btp mahfud md,0
gue pikir hype pulauwin rame,1
butuh sabar ekstra simak video,0
lah kaki ridwan knpa,0
ziko modif motor auto langsung rata kanan sweat smile,0
salfok sama bagi krah depan nya gak presisi eyes,0
andi maulana woilah,0
kurang suka belakang kutil,0
asli alexis bikin hidup gue simpel asli,1
iya dpat duit dr ngibulin umat joy sweat smile,0
marsha vob bukan sih,0
kau pikir hidup makan kata pikir rakyat tak butuh susu rofl,0
gas motor nya bang,0
kayak yutuber sponsorin pulauwin deh,1
inti lu komen kocak sweat smile,0
alexis hibur tergokil,1
ishowspeed rp joy box gift youtube fire hand splayed smirk hand splayed,0
king baik,1
kalau ga yapping ga jumping bro sweat smile,0
main ps kek josss,0
lu baca bang open mouth,0
kirin wehhh gg,0
jersey replika yg dipake bang bimo kerah beda tinggi sweat smile,0
sakit hati sama pidato anies dulu,0
jawab pakai chatgpt,0
agus ulah dunia nyata ulah judi slot sweat smile clap,0
kemari buat dislike doang,0
ga liat komplot mobil marga kode mesin,0
promo deposit bikin tambah hoki,1
coocaa best sih,1
gak senyum main pulau cua,1
nunggu yg luas tiker baru beli,0
cakep kali triangular flag on post weton triangular flag on post bravo,1
byd bukan china,0
memang ga jahat sii hny g kompeten aj heart adhesive bandage broken heart,0
menang alexis dengar cerita orng,1
kdm btp,0
njirrrr murah bgt joy,0
kapan nih review hp mahal channel sendiri awowkk joy,0
satu teguh sendiri bawa orang,0
kasih tau letak jurnalis bengong,0
gas bikin konten motor,0
aerox baru keluar udh tamat modifannya gokil,0
jt dpt vario biji,0
anjay mantep revolving hearts alexis revolving hearts main slot nge apple music,1
klo tambah stiker merah plus hp,0
ntn ulang abis ntn abis tabrak siapa ni cry,0
mandalika emang juara beri puas main cuan terus alir,1
penadaran sama mobil nya farel,0
beli teh jumbo,0
dora bikin tagih ken main,1
nonton siang jadi ngantuk sweat smile,0
realitanya penting mesin awet balap menang sweat smile,0
susah bilangin nih kakek blunder semua sweat smile,0
buzzernya banyak kali rofl rofl rofl pig pig pig,0
waoooo huwai keren,0
motor ny buat mentok kanan ko,0
akhir vidio gua tunggu tunggu tayang tada tada,0
asli the best pokok alexis,1
semua temen kantor gue kepo sama alexis star star,1
gak sultan tajir pu lau tujuh tujuh tujuh,1
halah nyocot,0
semua temen gue bilang alexis star star tuh bikin tagih,1
kayak chart meme coin aja,0
mantappp makasih sangat detil kerennn,0
jakpot besar bikin aku makin percaya sama untung dora mask thermometer face,1
gacir abis udh wede,1
gacur dikit langsung jepe wede,1
best lah mandalika,1
salting bang,0
akmalattareyhan lhoo masa sih face with hand over mouth,0
geloo s gi cair x,1
mantepp bener kkaa aihyss blush,0
kamera nya geloooooooo,0
aura rally nya kuat banget blush,0
disembunyiin biar gak lihat yg dislike banyak banget,0
kaya ga tau tempo aja bg wwkwkk,0
sekolah aja udah ko sekolah drifter,0
pajak tahun brp,0
bang bahas mobil baru farel dong,0
mobil anak lord freeyork iya kali spending nanggung fire boom,0
turbonya mana bang serius tanya,0
gua dengernya headset asa suara mesin rotor,0
anak mulyono kakak yg punya paman mk,0
capai rakyat mah bukan situ joy kocak emang,0
ubur ubur ikan lele ganti jb leee fire fire,0
keren over price om mahal sejak ad mobcin,0
gokilllllzzzzz,0
yuda rolling eyes padahal ban karna takut saing,0
kreator yg bahas ngarang banget game bikin orang bangkrut hrm,1
orang ngelantur interview,0
gila kasih menang terus mah main cuman miaw d,1
sini cuma buat liat komen sama nyumbang dislike joy joy,0
gak nyangka menang king auto party,1
kasi bang arief joy,0
kereeen nerd thumbsup,0
ngimpi orang tarik huawei aja yg tanya pertama aplikasi google rofl,0
lu kerja apa si bg,0
maen mah jangan tempat udah lama bro naik terus cobain baru mandalika,1
klo nonton live mungkin pikir udahan kali livenya,0
rekam lalu kamera hp kok gak,0
nana hasil bikin presiden gelagap,0
angeliart undang tempo,0
goks obell dah makin gada obat,0
yg pinter ngomong kerja lu otak cuman teori,0
wapres cuma icon dulang suara pilpres bang,0
buseett ngakak gw joy joy joy,0
dadak tajir berkah,1
awas nant lu digebukin kaum tikotok,0
bang cobain bikin cumi darat dongs main diesel kali face with hand over mouth face with hand over mouth,0
indonesia mah air pdam bocor aja bilang air berkah hahahah,0
kaya mobil jeep modif,0
ngakak pas diskak mati rofl rofl rofl,0
bayu bebe tinggal tunggu review farrel yg make original engine,0
siapa sih bg yg dimksud,0
ngakak rofl,0
yg kesini cuma mau ngedislike sm baca hujat angkat jari,0
barusan ngecuan bowo juragan gas,1
isi sama sekali jawabanya,0
the long awaited skakmat episode is heeeeerreeeee,0
joy joy joy anak abah emang gak mati nya joy joy joy,0
cocok pak rumah klaten rental,0
guna temu dora sumber daya harga,1
ga crostreck,0
irit kalau pakai reaktor fusi nuklir ga usah ngecas terus joy,0
absolute cema hand splayed sunglasses hand splayed,0
bunuh zionis pesek apasih met jamet,0
muhamadnurhuda hahahaha rurut komentar kayak bot wkwk,0
konoha gelap rama mati cik,0
sgi emang top markotop jp,1
ngerti alexis viral,1
pluto bikin lupa beban hidup hibur makna,1
ferry percaya wkwkwkw,0
ganti thumbnail njirr sweat smile,0
daaaan pa bila esok,0
bukan jawab cerita,0
ayo garasi drift upgrade mesin biar trs competitive,0
full video isi bantah,0
x joy joy joy,0
ban dah copot aja bang,0
sanileonardo hehe mah ternak soros rofl,0
gokil banget alexis yin bikin gua auto sultan minggu,1
kalo desain alexis juara,1
sama apa yg omong mungkin bukan dri isi kepala joy,0
parkir luar fortunernya ga bahas sweat smile,0
bang david udah pernah review poco pad,0
serius sampe mimpi gue bayang pulauwin,1
cuma buat bikin kesel,0
malah suka baca komenan ketimbang yg bicara,0
gausah diskusi pake email aja mah,0
rezeki nomplok dora modal hasil,1
seperti besok minggu baru up video baru thinking,0
regencies,0
maizarindra gua nonton full ahhhhsudahhhhlahhhh joy joy joy,0
prediksi benar benar untung main pawpaw d,1
gas hadir nonton bus baru po pesona,0
pulauwin kayak mana mana resap banget,1
gila bener depo cepek ribu jadi cuan juta ahmadtoto top banget,1
kesini cuma dislike liat komenan netizen,0
tanya jawab khawatir,0
anggorodps ayo jelasin jangan ngilang lau,0
espro sejarah brand lokal go to pildun amiin eyes mc thumbsup,0
lama bukan samsung iphone gak nilai mata gw,0
seru liat komennya joy,0
ko tiba likenya banyak hahahaha,0
sumpah baru pertama maen udh hoki,1
biar gaya cuan pu lau tujuh tujuh tujuh,1
heleh gak modif,0
pikir sama pak ahok pakai buka scholar mate joy,0
dos bang,0
brziko kalah ganteng sih tada,0
menyalawa wii,0
mana tombol dislikenya cokkkk,0
gak perlu modal banyak buat sukses alexis star star,1
pikir bukan dialog monolog,0
soft selling yg engga soft soft,0
makin nyata omon omon nya,0
tinggal naikin gain audio pas ngedit aja kok bang pandji,0
kinggba emang buzzer,0
solid solid muscle idid,0
ngebantah cerita sweat smile jerryklisman,0
jangan woyyy malah makin cecer wkwkwoo,0
main dora bikin rezeki langsung gacir,1
orang lambat point down,0
udah wd juta emang baik pulau,1
jogetin dulu dong,0
aroma rallynya kental banget,0
gokil banget gua suka bgt sama video video channel lu bang,0
updateeeeee,0
bole bawa popok joy,0
ngomong kaya maba presentasi,0
nyesel dukung nih presiden,0
layar buat samsung arti samsung nyimak,0
makin makin nih hp joy makin kebel joy,0
gk heran sih orang ngomongin alexis,1
gas modifikasi motor ketua keren kan fire fire fire,0
jangan omongin sendiri ngerti,0
gak sesuai judul,0
next review s vr yg pke mesin r,0
kalo pulauwin yg kasih duit,1
idam sih,0
s bg ridwan hanif,0
tuju banget bang,0
keren banget allah,0
selamat nikmat tahun depan tada,0
moga indonesia depan bebas nepotisme,0
aero beri sempat hubung agam orang,1
calon macan hutan,0
duhh motornyaa bang adete cakepp bgtt,0
engga sia sia aku nemuin v alexis v gamenya baik,1
kok jadi orang yg gk marah rofl rofl,0
andregasukangutang anak ahmad sahroni bang,0
tanggung ga ru da ho ki udah bikin candu,1
wajib coba main bareng zap alexis zap selalu seru,1
neng banget gd gaji rajin upload heart heart,0
rezeki henti dewadora makasih,1
fokus baca komentar,0
entah lah bang mau apa coba jabat sweat smile,0
kasi mba najwa yg bikin acara yg potong potong joy,0
ken ngeludah online,0
pulau seru banget kata banyak untung sana,1
bonus alexis gokil sih,1
proses simpel cs ramah banget,1
settingan awal,0
rezeki aero bikin hari lebih senang thank you bowling,1
mak nonton botak joy joy joy,0
pajak nya double mas,0
iman naik iwan sweat smile,0
senang banget dapet rezeki hari dewadora laughing joy,1
dengar kata jt langsung kabur dompet aing,0
fee ridwan hanif kali tarik bgt,0
crash bg cry cry,0
sangat keren raih menang besar mlndalikl langsung libur luar negeri,1
busyet ngomongin alexis ikut kepo banget,1
abis crash,0
tinggal menit,0
jomblo mending jadi qasia q setia ngasih cuan,1
gue sih udah ga heran kalo alexis trending medsos,1
njir lah jam cuma dengerin orang tua yapping,0
asyariiiii meong wkwkwkwkwk,0
techno jg buat tada,0
huracan lbwk kahhhh joy,0
insyaallah kamu pilih,0
terima kasih effort nya sungguh manfaat mudah thumbsup,0
nah kalimat tepat,0
salfok sm mobil biru yg dalem drooling face,0
ko bagus mas ferry joy,0
anytime baby blush,0
pantes buat lihat,0
ndasmu gelapp,0
keren bangettt,0
kaget bang aku aja yg nonton kaget joy joy,0
supersemar,0
malah ingatin wkwk,0
iyaa klo abah anies pasti pinter jawab tp cm omon joy joy ismailadrian fe,0
lebih tarik baca komentar netizen sweat smile sama blush,0
bening kilat innocent,0
yaelah tong tong,0
assalamu alaikum,0
wa alaikumussalam,0
udah lewat menit ni,0
wib,0
tribun tv mana acara mulai wayang jogja night carnival,0
nonton apa tribun tv acara wayang tribun night carnival tak kunjung mulai,0
kapan mulai min ken keburu nonton,0
lama,0
bakal live sini taa,0
mash nnt jam an hbs isya,0
la reog ponorogo tuh kok tulis jam,0
apa bagi udah mulai,0
ngko aku tak melu ngebakki dal beaming face with smiling eyes,0
kapan min,0
nak irvan pindah ajh dr belah,0
selamat ulang tahun kota yogyakarta rahayu rahayu rahayu,0
nonton rumah jalah malas macet,0
reng ponorogo udah tampil teman,0
acara inti jam gaes,0
selamat ulang tahun jogjaku cinta terimakasih jadi kota penuh kenang,0
jogja memang istimewa,0
otw tugu,0
untung rumah ku deket loudly crying face,0
adzan,0
trimakasih tribun jogja lihat gak desak gak tugu,0
adzan boss adzan,0
bagi paling depan loudly crying face,0
ak bakal tunggu sini buat liat wayang loudly crying face,0
beli jajan dulu laper smiling face with tear,0
adzan monggo solat rumiyen,0
parkir gaes,0
y ad videotron biar liat jauhh,0
muleh wae mas nonton live tribun macet desak desa,0
aq liat dri sini ja,0
info yg lokasi grinning face with sweat,0
yg lokasi pooolll rame ne,0
kapan diwiwiti,0
sukses wjnj,0
suwun infone mas wkwk,0
mulai siar livenya kapan,0
gasss biar tambah bek grinning face with smiling eyes,0
kok blm mulai nie,0
yogyakarta istimewa,0
padahal wes mulai kawit jam mau,0
kapan mulai,0
mana band nya dulu,0
kapan mulai nya ka,0
siap,0
habis isya,0
jam,0
assalamualaikum,0
waalaikumsalam,0
kangen jogja ga nonton langsung,0
ayoooo gasken live,0
start habis isya,0
parkirny dmn nih,0
kangen jogja,0
klo mau parkir dmn,0
awas awas saytan,0
pasu turah turah kuota nonton live,0
mobil montor,0
nyala jogja fire fire,0
jogja ku istimewa,0
sugeng ambal warsa kota jogja,0
kapan mulai nieh smiling face with hearts,0
mobil abubakar ali montor utara tugu jogja,0
mulai jam berapa,0
jam brp mulainyaaaa,0
kemarin ulang tahun gunung kidul sekarang jogja diy memang istimewa,0
hbd jogja,0
selamat ulang tahu jogja aku moga jogja makin ubah moga jogja tetap istimewa yogyakarta,0
jam kayak baru mulai band kalo randown gitu,0
temenku situ,0
face blue covering eyes,0
face blue smiling face blue smiling face blue smiling,0
selamat ulang tahun jogjanya indonesia,0
maghriban dulu gaess,0
kalian ikut lihat ga,0
kapan mulai bos,0
tugu,0
jam buka,0
halo,0
blm mulai,0
udah,0
kalo ga salah,0
parkir penuh,0
tadi cuma tari tari,0
pipiet macet jalan,0
oya,0
mulai jam,0
lihat siapa hayo,0
kalo randown jam mulai,0
aku aisyah,0
met taun buat adeku,0
parkir,0
mahal bet,0
vip ribu,1
selamat hari jadi kota yogyakarta sukses selalu yogyakarta sukse semua buat warga jogja orang orang rantau jogja love red heart red heart,0
siapa mau jadi temen i,0
biasa parkir motor kalau pas iven rb,0
serlok aisah,0
apa,0
g adil,0
klo mau liat parkir md,0
katanyaau tmani,0
apa pke tiket skrg,0
tanya yg sana,0
jogja istimewa,0
d jual belikan,0
murah parkir ribu parkir motor m,0
sampe jam brp,0
mending nonton livestreaming nya aja liat langsung sempit sempit tutup ga liat semua males bayar parkir face with hand over mouth,0
sana,0
temen online youtube bukan kesana face with hand over mouth,0
pesta kembang api nya lho,0
aku kelas empat,0
mending nonton livestream soal jalan jogja udah penuh,0
woo tak kira lokasi,0
gak pulangg aduhh,0
aku kelas,0
maaf grinning squinting face,0
the most correct way to watch live streaming,0
darmo sanjaya kelas berapa,0
kelas bawah tengah,0
puncak acara malam gak usah pulang face blue smiling,0
hah berapa,0
kalau pas malam minggu kemarin hari jadi gunungkidul,0
gunung kidul kemarin,0
kamu cowo kan,0
mulai nya jam berapa,0
hallo inggil,0
bang lama gak,0
tunggu aja,0
kamu cewe khan,0
wow,0
selamat hari jadi kota yogyakarta arsy adara kyrani putri hadiningrat sd muhammadiyah jogokariyan,0
lah nama gw aja aisyah,0
face purple crying face purple crying,0
darmo sanjaya mulai akur,0
jaya,0
kata sih,0
aisyah,0
jam encore band,0
kalau gunungkidul riah jogja makin meriahhhhh,0
maap kalo salah,0
tdi kok kaya dah mulai nari,0
aku meh nonton rarwti tempat parki e,0
kamu panggil siapa darmo sanjaya,0
parkir mcd,0
ah males kelas malam,0
parkir mcd paling wes bak,0
aku ikut,0
pawai,0
hoo,0
selamat ulang tahun kota yogyakarta partying face,0
sopo seng wong jowo,0
yuhuu,0
info parkir motor yg blm full,0
kamar tidur,0
nek ngegrab tekan bengi aku seng wedi wkwwk,0
aku,0
pgn nonton bal kerjo jam i pie,0
eh salah maksud partying face,0
bukan,0
jam wes meh rampung wkwkw,0
aisyah aku xt square jogja,0
bukann jam jam,0
darmo sanjaya kamu kelas berapa aku blm ngerti socialdist,0
selamat ulang tahun jongja sd muhamadiyah suronatan yanas,0
oke,0
lah aq d xt square,0
arti kamu smp,0
kaget ndengernya,0
gw bocil,0
shallyhafa masa,0
aku nga ijin mama aku,0
xt kan custom fest motor,0
mulai y,0
adena,0
siapa yg tinggal jogja sini ken sana ga jadi ga yg nganter kalo sama kakak pergi sama temennya bioskop pensive face grinning face with sweat selamat ulang tahun jogja,0
bocil larang coment,0
maaf nama aku aisyah humaira maaf kalo aku gj tadi smiling face with tear pensive face,0
mas aku ulang tahun hari,0
indah magelang nyimak,0
parkir arah barat rama sakti longgar,0
kamu ngelarang aku,0
wkwkw banyak bocil,0
wah untung ultah sekarang,0
apa soksik,0
macet barat,0
wkwkwkkwk,0
yaudah aku keluar aja,0
woww partying face,0
selamat ultah yogyakarta tetap keren lama,0
penuh banget,0
tahun lalu sini skrg beda kota folded hands two hearts jogjakarta hati,0
rayain yg ultah hari,0
ulang tahun ucapin selamat jogja wkwkwkwkwkk,0
males aku sama kalian,0
jangan dek,0
apa pipit nih,0
selamat ulang tahun kak rafaellio grinning face with sweat,0
dek aisyah,0
aku ultah hari,0
arah barat macet,0
sama om aja dek sini pipiet person turqouise waving face blue smiling,0
inf yh msi longar,0
oke kak arif,0
selamat ulang tahun jogja associate k nyimak grinning face with sweat,0
arah timur padat blm yah,0
parkir rama sakti longgar,0
om ku bukan tinggal sini,0
kiw,0
makasih udah jawab bye,0
mas cinifal ledemas,0
okk,0
enak kalau ulang tahun berang jogja,0
jadi om yg sini aja face blue smiling face blue smiling,0
aku kalo kakak ku udh pulang jam nonton jam segitu ora min,0
acara mulai jm brp,0
selamat ulang tahun jogja,0
benar aku kelas smk,0
ep,0
yaa mulai nyaa,0
jam tadi udah mulai,0
nuryani,0
aku le cah jogja ra iso nonton,0
lah kog naik nya cepet dek aisyah,0
nonton rumah virtualhug virtualhug virtualhug,0
bak nonton seko omah wae haha,0
salam kenal mau kenal yg nga mau ngausah gpp smiling face with tear,0
jalur ordal om darmo,0
apa yg naik cepat,0
malbor tugu,0
rame ne,0
jogja,0
malioboro,0
padahal tugu deket bgt sm rumah tp ga bagi tempat kayak tahun lalu,0
tak tinggal makan dulu balik sini lagi,0
sabarr,0
ping,0
aku mau nonton males,0
bukan malioboro tugu jogja kalo ga salah eh ga tau ah,0
males rame bgt mending nonton live,0
jalan kak,0
tugu rame iki,0
ndek ndi lur,0
dapet depan jam berapa yak,0
ken nonton punya baby,0
tugu karnaval nek video nya malioboro klo gak salah,0
nm,0
masuk pake tiket gak,0
info parkir longgar,0
kak rafaellio tinggal mana kalo aku camat umbulharjo yogyakarta lurah warung boto grinning face with sweat,0
macet enggak mas grinning face with sweat,0
ws full drgyo iki daerah tugu,0
sugeng ambal warso kutho ngayogyakarta,0
padahal rumah deket boplaz mau nonton ngga gelang jadi ngga penuh poll,0
apa full sana,0
rundown artise sopo wae lur,0
umbulharjo warungboto hadir hand pink waving,0
sgm balirejo hadir yoan wkwk,0
galuh ga nonton lolasi,0
udh full po dah lah ga jadi kesana males rame kalo waktu ga rame bgt kayak grinning face with sweat,0
tau darmo,0
infoo,0
langsung sempit sempit liat youtube ajaa,0
pandeyan hadirrrr,0
malioboro tugu si,0
bg pnonton yg pny tiket gelang mboten pareng masuk area byk yg kecewa,0
jangan lupa klitih sampah parkir liar face with tears of joy,0
nonton streaming kalo nonton tugu jamin padat sekali mau nonton depan full selesai acara macet total,0
hey,0
kalo vidio skrng malioboro,0
canda darmo sanjaya aku kelas,0
owhh,0
spilll penontonmm,0
hdr,0
oke teman o,0
rumah menit dr tugu terimo rumah nntn live rolling on the floor laughing,0
punya kenal aman jaga dicariin tempat depan face blue smiling face blue smiling,0
wahhh,0
cabut dulu otw lokasi,0
rame cah,0
oke lah smiling face with tear pensive face,0
face green smiling face green smiling,0
jogja tetap istimewa,0
hah yg sabar mbak mas septiana grinning face with sweat,0
siapa yg kelas sd,0
aku kls smp,0
jogja in the best,0
lagu galau,0
is donk ko in sih,0
lagu suka aku apa lagu gondes grinning face with sweat,0
kelas smp,0
ken kesituuu smiling face with tear smiling face with tear,0
kamu,0
arif ramadhan,0
mas mbak,0
pipiet agustin jangan lupa ngerjain prnya dulu dek malah lupa loh,0
siapa yg suka freya jkt,0
first partying face,0
siapa sih yg nanyi nama,0
pusing gurune riwet,0
suka freya oshi ku,0
sippp tenannn,0
ruwet,0
apoy,0
reog pnrogo udah tampil to,0
sama arif ramadhan,0
mapel apa kok ruwet,0
aku yg nanya nama,0
absen jogjamu ngndi lur my jambon,0
spill dong yg tinggal jogja tinggal camat mana lurah mana kayak aku umbulharjo warung boto jl satu jl glagahsari yogyakarta,0
guru nya udah umur jadi ruwet murid e,0
nonton live rebah,0
arep nyang kok aras arasen,0
mergangsan hadirrr lurr,0
udh mulai,0
sendowo cd rt rw sinduadi mlati sleman yogyakarta jln sardjito,0
mergangsan tempat sekolah ku mts muhammadiyah karangkkejen yogyakarta grinning face with sweat,0
mangkat saiki dok e adoh,0
reog ponorogo udah tampil,0
oy bah,0
latih sabar nama,0
face pink tears,0
kabare pie,0
siapa yg lihat kalo aku ga,0
info link gacor,1
selamat ultah jogja salam bantul folded hands,0
kotagede raised fist,0
malah lali acarane saiki loudly crying face saiki mesti wes macet puol,0
aku nunggu kancaku tampil,0
wayang nya dah mulai blum,0
bye aku keluar paket mau habis face with hand over mouth grinning face with sweat rolling on the floor laughing,0
sugeng ambalwarso jogjakarta tercintakuuh,0
rumah aku jogja,0
taun wing okeh seng semaput sumuuuuuuk e pool,0
lah knp emang mbak mas pipiet agustin kalo aku nyuman ga yg nganter,0
karnaval lek,0
gunungkidul hadir,0
morning kawan kawan,0
putri ikut wjnc pawitikra is the best,0
azky beda outfit,0
ken ndelok yg gak tinggal smiling face with tear smiling face with tear smiling face with tear,0
sumuk polll,0
turi hadir index pointing up pantau lewat tv g deseg kan,0
joogja istimewa,0
punya ank bayi yg nggk antengg mending live streaming aja,0
yahh sayang gak jogja loudly crying face loudly crying face,0
nitip sendal,0
reog ponorogo lg mau perform barusan jalan arah barat tugu,0
ssk stand by ket jam kudune,0
salam buat kak yoko,0
hand pink waving,0
smga ultah jogja tahun bsk pas week and wkwk,0
omagaa,0
griya intan permai index pointing up,0
aq ex wong kemetiran lor yg skrg delanggu ken nonton tugu ga mungkin,0
darmo sanjaya udah besar,0
amit amit amit jupuk sendal mba mas lek amit amit,0
mulai,0
salam bangka belitung,0
biyuh ameh dok kok iseh nyambut gawe,0
rumah deket tuguu bngt tpi males ksitu,0
gayeng,0
kayak kalau dipurwokerto kaya festival kentongan,0
kapan mulai moa,0
jogja istimewa red heart red heart red heart red heart red heart,0
lah udah mulai,0
selamat ulang tahun jogjaku istimewa love jogja,0
semangat kemantren gk,0
padet banget gays,0
yg dekat rapat yg jauh nonton sini cepattttt,0
woi suruh mba depan duduk,0
jnnnn,0
semangat mantrijeron,0
urut brp,0
sendal gua ilang woyy,0
wo raiso lungguh ki seng ngarep,0
kangen jogja kan kalian yg dah lulus kuliah hehehehhe,0
mba baju hitem suruh duduk woiiii,0
depan duduk woi,0
ra iso ndelok nng tugu,0
selamat ulang tahun jogja moga makin istimewa,0
amit mas golek sendal,0
iyaa woi depan duduk,0
nonton tidur moa,0
sek mas golek i sendal,0
nonton rumah aja mending kalo sana ramee bgtt,0
kira yg belakang lihat gak nonton nya,0
mabar ff,0
wah aku ra nonton neng jogja,0
penak neng omah,0
nonton streaming malah liat semuaa hehehhe,0
sedia toilet bos sisi,0
tinggal duduk rebah mlh enak,0
aku liat genteng rumah yg liat gk,0
yg belakang liat via vidio tron,0
sangat jelas lihat streaming orang lihat jubel,0
yogyakarta tiap hajat g pernah egois cuma tonjol budaya jawa ajak semua budaya dr sabang merauke perform,0
aki nonton depan sendiri,0
jogja rumah segala suku,0
bagus malas desak desa,0
jogja istimewa hand purple blue peace,0
seru nonton dri hp,0
nunggu kembang api doang,0
maul gak perform awwokawoak,0
salam buat paman santo samas person turqouise waving,0
wayang kulite jam berapa,0
mau pulang nggk woy,0
ken ikut jadi talent ngga tau info,0
ntn hp aja sdh gk masuk,0
jogja emang istimewa tiap tahun gak habis event seni salam budaya teman,0
yg warga jogja ga kesana grinning face with sweat,0
hallo jogja ku,0
aku nonton depan sendiri,0
penting jangan lupa sholat y,0
selamat ulang tahun jogja jogja memang istimewa smiling face with heart eyes ken nonton aku kalimantan pleading face anak ku ikut riah ultah jogja mantrijeron semangat folded hands folded hands,0
bantul mati lampu,0
aku ning blunyahrejo,0
yg blm trllu padet daerah mn,0
yg tinggal jogja ga jadi kesana ingat tahun depan grinning face with sweat,0
tugu gk ketok face with hand over mouth,0
welcome culture,0
rumah kuzu,0
nonton youtube lebih jelas langsung jubel,0
face blue wide eyes face blue wide eyes face blue wide eyes face blue wide eyes face blue wide eyes face blue wide eyes face blue wide eyes face blue wide eyes,0
urut brp sih,0
tim nonton rumah rebah,0
uni drno,0
info susun acara cuy,0
aku males mau sana face blue smiling,0
akuu tinggal kakak,0
mno,0
bener mbak mas za saputra,0
dah mulai ta,0
rame banget,0
yg sabar mbak its chaa,0
video lebih clear youtubenya dinas pariwisata,0
nonton youtube aja rebah,0
males nonton langsung gak temennya,0
muluncur broooo jgn lupa mbawa sarung topi grinning face with sweat,0
live home teather grinning face,0
nek aku ora try out aku mangkat dok cah slightly smiling face,0
fulll g jln k arah tugu,0
mending live langsung gak liat bagi suara doang,0
nonton dr rmh rebah,0
enak streaming to yaa capek rebah,0
jetis jam brp to jawab,0
p mantaff,0
elamat hut yogya lkn jatim,0
urut berapa,0
support citra seni mandiri jogja moga sukses,0
madang gudeg kulon tugu,0
bekas hadirrrr,0
wayang nya kapan yaaa,0
selamat ulang tahun yogyakartaku damai rukun selalu,0
mlm jogjaku,0
mas kamera master shot sing ngeshot tugu miring tulunggg wwkwkwk,0
wihh,0
sayang kemaren langsung pergi ngerantau jadi gak nonton,0
woawww,0
aku nonton seko ngomah,0
seru nihh,0
tangerang selatan hadirr,0
happy birthday jogja,0
knp aku orang jogja ken nonton wayang bukan wayang nya nyuman enak aja tuh liat tugu jogja nya grinning face with sweat,0
lag,0
ponorogo hadir,0
tayang tv gak,0
dok sambi kerjo,0
plokk,0
nonton ngomah wae sambi rebah ra resiko beaming face with smiling eyes,0
gunungkidul rongkop hadir,0
jetis urut brp,0
situbondo hadir,0
kok mandeg,0
selamat hut kota jogjakarta,0
waauuuww kereeenn,0
jetis,0
aku nonton youtube aja,0
admin nya jangan ngelag dong,0
tegalrejo urut berapa,0
kii widodho darmoko lkn jatim ucap selamat ukses,0
sayang aku gak liat langsung,0
ken rono neng kok rame moa,0
mergangsan berapa tampil,0
aku janti nich,0
selamat ulang tahun jogja istimewa sparkles,0
rasah melu uyuk an cukup cangkir kopi pahit d thelo goreng mempur asa nonton live face with tears of joy,0
mlebu jam wis bak trs metu jam macete pol,0
sugeng ambal warso ngayogyakarta kota penuh cinta rindu red heart red heart red heart,0
dapet paling depan kesitu jam berapa,0
nntn d sini aja lah mau kesana malah gatot,0
barakallah jogjaku smiling face with hearts,0
yg liat mba reni sm dian suruh balik toko bakpia ne akeh,0
plok teplok,0
buset depan rumah ku mau indomaret rame bet jir macet grinning face with sweat,0
baguuuss jogja istimewa,0
nderek mangayubagyo dinten dumadining kutho ngayogyakarto hadiningrat,0
mw ksna gada tmn,0
aku nontn depan sendiri rebah ngopi,0
kampung ku sumatra barat,0
selamat ulangtahun jogja moga makin maju warga makin sejahtera,0
lagu nya enak banget,0
sisi timur ngak monitor jadi nya nonton tonton,0
kampung sumatra barat tinggal jogja udh resmi orang jogja lahir jogja asli orang mang,0
nonton laut orang,0
salam buat kak hari wates met istirahat hand pink waving,0
nonton live rebah plus ngopi wenaak,0
selamat ulangtahun kota ku cinta kota jogja kota batik banyak wisata,0
batas hadir,0
baru urut berapa mas mbak,0
km adek mama bs pake rolling on the floor laughing,0
cicii dok ra kii hhe,0
kota batik kota ajar buka,0
selamat ulang taun jogja moga tetap istimewa,0
jogja istimewa bangga lahir besar kota ajar budaya,0
jogja kota nyaman jogja selalu istimewa sugeng ambal warso jogjaku smiling face with hearts,0
ken nonton males desek an mana pasu krucil q banyak rolling on the floor laughing rolling on the floor laughing,0
nonton lewat tv aja ngmil,0
wah pas udah semarang malah hut jogja sayang sekali,0
ak nonton lewat tv sama hp,0
selamat ulang tahun jogjaaa smiling face with hearts kota penuh kenang buat aku terimakassiii smiling face with hearts salam buat doi d jogja sukses semangat yaa red heart,0
wes siap tepat sampah rung iki,0
rame pol,0
selamat ulang tahun jogja red heart,0
isane dok seko omah,0
selamat ulang tahun kota yogya,0
ki widodho darmoko drs publisistik lkn jw timur ucap elamat dirgahayu yogya,0
gedongtengen urut kbrp,0
lgi nginep dket tugu ksna sek,0
luar biasa hand pink waving,0
mantap unjung ramai sekali sengaja datang tasikmalaya sama keluarga,0
jogja hadir,0
suarane hilang,0
nuwun kang yu ngadmin tetep nonton tinggal tugas,0
ak nonton,0
shaking face shaking face shaking face shaking face bagus bgt,0
bujang anom,0
rame lurr,0
sugeng ambal warsa kota jogja ku bungjack,0
meh nonton lngsung wegah le uyek an taun wing okeh sek pingsan mesakne,0
uwawwww,0
jam gin kesitu liat ga bagi macet doang,0
uyeeeeee grinning face with sweat,0
bagi macey,0
macet doang,0
orang udah dateng jam sore mba,0
tribun hd engga,0
macettt,0
bagi macet aja jam gin kesituu,0
macetcetcet,0
buset macet bet dah lah ga jadi kesana mending bioskop aja relieved face,0
sugeng ambal warsa kagem yogyakarta best wishes for land who i satnd till now two hearts,0
rame bet,0
info parkir mobil mana ngeh,0
lkn lembaga budaya nasional jawa timur ukes diy merdeka,0
pengab banget pas dulu nonton,0
enak streaming aja rumah rebah face with tears of joy,0
pernah nonton yg thn thn skrg nonton via youtube wae hehe moga jogja tetap istimewa,0
pemaine transit ngendi lek,0
ahhh jadi ingat lagu,0
enak teh nonton neng hp karoan tv grinning face with smiling eyes beaming face with smiling eyes,0
nang kene ketok jelas,0
jadi inget pas nonton thn helm sampe ilang parkir face with tears of joy,0
seru banget ultah jogja,0
streaming tangerang sukses selalu,0
info parkir mobil ten pundi ngeh,0
keren keren,0
lakon opo iki,0
weh apik men,0
streaming dr semarang kemarin waktu sleman gk tau kalo event hut jogja,0
le nyoting alon nikmat,0
bbagus,0
nonton neng ngomah karo nopi eenake pol,0
rrrrooooowwwwrrrrr,0
mending mbak liya lah aku tinggal sama mas ku aku sesat hampir ketemu aku tempat jajan sama polisi grinning face with sweat relieved face,0
lek nyuting bingung saking ramene,0
info jam brapa,0
yogyakarta ibu kota budaya,0
selamat ultah kota jogjakarta cinta,0
nenxt tahun ngarep nonton,0
ken ndono macet puolll,0
yg mana,0
padet bangat eyyy,0
alpien yg hadir,0
sugeng ambal warsa yogyakarta smiling face with hearts,0
hbddd jogzzz giveaway tikettttt keretaa balekk jogzz dongg jogzz xixixi,0
nonton situ masuk susah keluar,0
enak streaming aja ngeteh grinning squinting face pdhl dekat sama rumah,0
tampil yg inti nya mana,0
ga nonton sana dilive ajaa grinning face with big eyes grinning face with big eyes,0
selamat ulang tahun jogja ku,0
ken kesana tugas banyak loudly crying face loudly crying face loudly crying face loudly crying face,0
ojo do buang sampah sembarang yo lek,0
wong jowo neng nonton ngeneki person turqouise waving,0
enak nonton langsung jajan macem face with rolling eyes,0
sama aku besok sekolah ken sih,0
la nungu berapa lama,0
es es esss,0
selesai tuh,0
elamat ukses diy uri uri kabudayan nusantara lkn lembaga budaya nasional,0
mantrijeron nomer berapa,0
anak kost mending rebah macet,0
kemantren umbol harjo,0
bare kapan nggeh,0
acara sampe jam,0
keren kota lahir aku sini yogya pancen istimewa thumbs up red heart,0
salam papua,0
face fuchsia tongue out face fuchsia tongue out face fuchsia tongue out face fuchsia tongue out face fuchsia tongue out face fuchsia tongue out face fuchsia tongue out,0
selesai blm,0
face turquoise covering eyes,0
lahir besar jogja prantauan papua,0
hand purple blue peace,0
bubar,0
face purple smiling fangs,0
body green covering eyes body green covering eyes body green covering eyes,0
hand pink waving hand pink waving,0
face blue question mark face blue question mark,0
mending liat live sana rame,0
mantaps seniman seniwati jogja,0
person turqouise waving person turqouise waving person turqouise waving clock turquoise looking up face orange tv shape,0
sholat duluu,0
blom selesai kan,0
face fuchsia poop shape,0
penguin blue waving tear,0
baru istirahat kan,0
sholat,0
kaum rebah ndelok live wae timbang ra koman tempat,0
gk nonton hp,0
woi lamaa,0
otw,0
acara utama kok,0
nyata streamingnyaa,0
baru mulai yakali selesai,0
istirahat dulu kayak,0
dah selesai,0
kapan le mulai,0
ohh istirahat,0
istirahat,0
males jalan jauh parkir motor,0
males liat lokasi wkwkwk,0
jogja kota penuh kangenin,0
sholatt,0
gunung kidul hadir,0
selamat sukses selalu jogja,0
situ ga,0
sampe jam berapa sih,0
yogyakarta memang istimewa selamat ulang tahun partying face partying face smiling face with hearts smiling face with hearts smiling face with hearts,0
tahu baca bukan hastag memang kaidah atur baru bahasa indonesia,0
face orange tv shape clock turquoise looking up buffering buffering buffering buffering yt shelterin hydrate,0
jogja memang istimewa bangga jogja bangga indonesia,0
naik heli lihat atas ga,0
elbowcough elbowcough elbowcough face purple crying,0
face red heart shape face red heart shape face red heart shape face red heart shape,0
aku buka tv,0
berapa,0
sleman hadir,0
istirahat po,0
nyimak seko karawang,0
bangka belitung hadir,0
dr jm smpe jam p,0
sek wong jogja asli mah ra dok mergo rame wkwk,0
bah,0
kaya nunggu selesai adzan,0
kira lanjut kapan,0
kiumpul yuk otw bareng,0
pusing nonton mobil,0
kost cuma menit jalan kaki tp males mau keluar hehe,0
istirahat mungkin,0
wah sangat bagus,0
sabar guysss,0
bener wong jogja malah nengumah wae pie ki,0
sleman hadir tonton hut jogja,0
selamat ultah jogja mugi umr e tambah karo tpa mulai pikir nek ken tambah maju wisatane wes kangelan mbuang sampah kie masyarakat jogja,0
elbowcough siap siap,0
kok suwi mas,0
sek asli wong jogja milih nonton live streaming ae karo ngopi ayem wes rolling on the floor laughing,0
al gozali betull,0
nunggu sholat kayak,0
met ultah jogja love jogja and you smiling face with heart eyes,0
rasya regita,0
kemarin aku nonton gabisa keluar,0
eyes purple crying,0
shalat woyyyy chats stops,0
uui,0
istirahat sholat,0
gas,0
masuk keluar susah,0
sedih ga bolehin nntn lgsg,0
gatak hadir,0
sebentar,0
love jogja and you smiling face with heart eyes,0
sholat isya,0
selamat ulang tahun kota jogja,0
nyeritain,0
tinggal pakualaman tp tetep milih nonton yt yt wkwkwkkw,0
we lungguh,0
kaum rebah liat live ajahhh timbang macet,0
habis capcus,0
aku sng asli jogja arep ndelok tp rasido mrgo rame,0
selamat ulang tahun yogyakarta moga jogja makin jaya sukses kota nya,0
biasa jm bar sholat isyak kk mulai nya,0
yg depan duduk dong,0
isoma,0
dekat aja malas keluar mendi g nonton gin nggk uyek an,0
ga berangkat soal sekolah loudly crying face loudly crying face,0
kok tv ga,0
baru gue ntn siar langsung biasa dtang nonton langsung kerja halang kerja masuk siang,0
tv ko,0
yailah,0
males desak an banyak yg pingsan,0
met ultah jogjaku partying face,0
sukses trus yogyakarta,0
tv kak,0
rumah deket tp nntn youtube grinning face with sweat grinning face with sweat,0
chenel ap,0
tv mana kak,0
lama bgt buset,0
hbd jogjaa moga makin sukses kota yaa partying face,0
pong,0
kemarin nonton rame bngt raiso obah blas mana raketok sekarang cari aman nonton live,0
nyala wangun dab fire fire fire,0
hadir,0
emng banyak yg pingsan finger red number one,0
beberapa yaaaa,0
live tiktok gak,0
sabar,0
tara ft betull kak,0
tv canel mana kak,0
kok henti live nya,0
adzan dulu biasa baru mulai,0
tonton ribet,0
ga tertib,0
kok gk mulai,0
jojo tribun news,0
channel klo aku pake tv tabung kak tv sangaji jitv,0
gunungkidul hadir sukses terus jogjaku,0
mana nih,0
jogja jadi tempat temu face with hand over mouth,0
ngak sabar,0
sholat sabar,0
mas lama yaaa ken kesana gaada yg nganterrrr uhuhuhu,0
sampe jam berapa,0
kok ra ono sek ngomong jowo iki,0
tunggu baru solat,0
sek do nonton wong ndi wae iki,0
jangan lupa subscribe tribun jogja,0
aku ngomong jowo mas,0
yws,0
nyala jogjaku,0
desak desa wes nonton live nya aja,0
lagu nya canduuu wjnc shelterin shelterin,0
dirgahayu jogja sekoga maslaah sampah lekas atas smiling face with hearts with love,0
salma nur fadila podo mba wkwk,0
panjenengan takon,0
halo kawan,0
tasih ndangu nggih dulur,0
mulai tenang aja,0
mc ne kok ga pake basa jawa yaaa,0
tv chenel ap,0
takon dab,0
ken nonton langsuuuuunggg,0
ken liat woilaaa kajabakajabkaljaj,0
kok lama buwanget,0
turu penak,0
mbuh boy valeria,0
ning kene ga ono klitih kan,0
duwi lestari tribun news kak,0
mulai jam piro iki arep adus sek,0
eyay,0
hallo siapa yg liat langsung jogja,0
ada live streamingdi youtub gak ditv,0
jogja red heart,0
klitih e wes tak sikat,0
selamat hut jogjakarta ku,0
sampe apal lagunyaaa face red smiling live face red smiling live,0
wong bantul ono ra kii,0
mantap bou,0
ora ono klithih,0
aku klitih e mas wkwk,0
ken liat lngsng bessss,0
yogya lihat jitv,0
klitih e sikaten sek,0
selamat ulabg tahun yogyakarta,0
wes mulai lek,0
halah ora iso metu iki,0
mantap lagu thumbs up thumbs up thumbs up thumbs up thumbs up thumbs up,0
udah mulaiiiiii,0
kon nyiarke tv mbok sinyal ruwet e,0
mantapppp,0
klitih pokoke jogja istimewa,0
mulai kk,0
tv kak klo tv nya tabung jitv sangaji tv,0
halo lek kulon progo hadir iki,0
wedehhh,0
nek ning tengah kono meh ngiseng ndak jeh saget,0
kpn,0
mesti nek kesana desak desak an,0
sok,0
ngising o rapopo mas,0
live streming mah ceto,0
siar tv kak,0
ono nggone wedi ra iso metu,0
ngising terus mas,0
moga jogja tetep istimewa,0
acara kayak gin selesai jam berapa,0
live atreaming,0
enek gon klekaran ra lik,0
lamaa bngtt,0
satria elbowcough,0
sik nyanyi sopo,0
surung ben metu,0
ad pamer jg,0
ututu selamat jogja,0
mantap jogja,0
mau liat langsungg pensive face,0
acara jam berapa,0
kereennn,0
klekaran ning parkir mas,0
kapan,0
tv udh mulai kok sini blm,0
dah nunggu nih,0
asline mau meh budal nonton langsung tp males rame bgt,0
suangar anak ono ning kono masss,0
jam lebih biasa bru kelar tahun kemarin jm an,0
sing mubeng mubeng,0
tv disiarin channel apa bolo,0
gatot kaca,0
aku terbang ga si biar liat loudly crying face loudly crying face loudly crying face,0
malas nonton rame ra ketok,0
jaga klitih siap aman,0
mana,0
baik terimakasih info dedek okta,0
sini ka terbang liat langsung,0
males e nek kebelet ngising bingung neng nggon rame,0
ing tugu,0
enak seko omah,0
salam sd joanes bosco,0
liat live aja dulu pernah nonton anak malah nang,0
sinyl mati gag sana,0
tv channel sangaji tv jitv kak,0
makane kui nek ngiseng angel kuiii,0
gedang goreng mesti eneng nong kono,0
sinyal lancarr,0
loh,0
iklannnnnn,0
cepet mem,0
face fuchsia flower shape face fuchsia flower shape face fuchsia flower shape,0
kemarin libur jogja mau inap parangtritis takut klitih padahal pake mobil grinning face with smiling eyes,0
tv tabung channel sangaji tv jitv kak,0
penak nonton ngene,0
cepet men,0
iklaannnnn lagi,0
nonton seko cibinong,0
sabarrrooooo,0
hah,0
iklan lagiiiiiiii,0
kalau klitih jarang mobil kak,0
oke makas,0
sing ra sabar budal o langsung rasah nonton live streaming,0
lah kok cepet men,0
nek ragelem,0
selamat ulang tahun yogya,0
kalem,0
tvri kon nyiarke dap sik gampang golekane,0
sel,0
gayeeeng mesti iki,0
nonton neng kene malah cethuuuu nang kono desuk an bal bengi jajan wae,0
nek ra gelem turu ae moa,0
penontone mbludaak,0
tvri yo jeh nntn ning kono mas,0
estehhhnyaaaaa aqua aqua telur gulung,0
sound e tulung,0
tukang parkire madang geden,0
aq lewat sounde lor tugu glerrrrrr,0
kon live to dap,0
tonton bukan undang gak masuk bikin kecewa,0
istimewa sekali jogja face holding back tears bolak ballek mrono panggah gamon,0
gojekk atas nama yantoooo,0
kak yantooo,0
aku asline tamu vip mbolos,0
kak kev,0
met ultah jogja istimewa,0
salam buat ibu rumah,0
raaawwwrrwr dong,0
lambene boy,0
ealah sen opo lek yanto,0
kok ra boso jowo wae mc ne,0
tenan aku mas,0
selamat ulang tahun kota cinta white heart white heart,0
nnton ro dok live penakk raa desek desekan,0
yantoo mesen seblak iki diarahke ning tuguu yantooooo,0
kak ross es teh,0
sek tenan,0
rame ga tugu,0
kiro thamuz dyroth vexana ro eudora ana ra yooo,0
isoo teturon,0
es teh jumbo,0
yoh budal dodol teh es jumbo laris iki,0
rasah umpek umpekan cukup nonton sini face blue smiling,0
ono mas bre ga ning kono,0
gatotkaca kombo karo karmila,0
salam keluarga rumah,0
met ultah jogja ku teecintaaa red heart heart hands heart hands heart hands heart hands heart hands,0
halo rek,0
btw selamat hari jadi yogyakarta kuhh,0
mas bre,0
salam istimewa,0
rawr,0
info es teh jumbo gratis,0
nonton d dieu wae bari rebah daru kaditu macett,0
wes nonon kene wae gaes rolling on the floor laughing,0
jogja selalu istimewa,0
dadi mc bayar piro lekk,0
hbd yogyakarta birthday cake,0
atas nam yanto,0
yantoo,0
kasi gak jawab wkwkwk,0
samarinda kaltim hadir clapping hands clapping hands clapping hands clapping hands,0
mase tremor rolling on the floor laughing,0
iki mah akeh gojek,0
sapaaa yg tinggal pakualaman nonton live ajaaa,0
isih ono tempat ora lur,0
selamat ulang tahun jogja sama ulang tahun suami q red heart,0
yantoo iki seblake,0
wkwkwkwkkwkw sek sen gojek kurangajar cenan,0
esteh nya kk,0
yantooo,0
to yantoo,0
kak yantoo,0
eh jeh indonesia raya,0
ojo guyon lur,0
ono sek dodol es teh ra ki,0
jyann rame ne poll,0
santai santai,0
info parkir belah mana aja y,0
selamat ulang tahun kota yogyakarta salam hangat pks muda yogyakarta,0
pgn lihat,0
ngisak dulu kak,0
eteh kk aquaaaa,0
yantooo nyanyi indonesia sekk order e tak pending,0
telat baru liat baru mulai,0
padahal mau liat langsung loudly crying face,0
ono sg dodol esteh ra nk ora tak gowo sko omah,0
penuhhhhb,0
nonton kambek madang sego koceng enak iki,0
sopo ngelak aku bakol,0
selamat hut kota yogyakarta,0
indonesia raya sik lek,0
sambas hadir indonesia raya mars,0
yoo tak tumbas es mu serlok,0
nonton ponakan joget hanoman seko omah,0
orang orang kagak suara apa begimana,0
yok yok,0
kagak suara,0
dihimbau kawan kawan kalau mau hadir sangat ramai lokasi nya karna tara tanah panggung jadi susah lihat,0
semangat mbak nyanyi indonesia raya,0
penyanyine engap,0
waywng,0
selamat ulang tahun jogyakarta kota didik budaya jayaselalu,0
ono suoronee hapemuuu rusakkkk,0
benar mau liat langsung disappointed face,0
estehku laris lurd ng bur panggung,0
mantap suara,0
yg nyanyi nama siapa,0
wooooo,0
rasido mbak deng rolling on the floor laughing,0
yoo otw tuku,0
bilang wayang,0
selamat ulang taun jugja moga tambah jaya sukses semua nya amin aku orang jugja rantau,0
asli nyanyi semua to kan yg yt cuma nampilin suara mc aja,0
wah ga dikei backsound,0
indonesiaa raya ndisekkkk ojo dodolann estehhhhh,0
esteh e kirim gk iso mas,0
kak yanto silah angkat tangan,0
wey beli es teh nya mas prima,0
ken liat langsung pensive face pensive face pensive face pensive face,0
wes rasah dok langsung umpek an ndak semapot,0
kirim mas es teh e,0
gak iso cod macet,0
yantoooo seblak muu kiii,0
tak streaming waeeee ga kuat nek ndono face with hand over mouth,0
telur gulung,0
asem to yanto,0
iso cod ra es teh e,0
tulong luah mbengi,0
tempone terlalu lambat yo,0
malah jelas dsni drpd dsna,0
mas agha tak wa drimu,0
madang sek nok,0
iso turon,0
bak penak live streaming iso karo teturon beaming face with smiling eyes,0
kak yanto angkat tangan,0
to yanto,0
kopine endi nok,0
aku lali nek dadi mc mah towo telur gulung,0
gwlem seblak mu rak,0
kak yanto silah rapat panggung,0
es teh ready masee gratis iki ider,0
alhamdulillah nyanyi indonesia raya musik,0
warga asli jogja mesti nonton nengomah,0
kene mas es teh e,0
josssss,0
nek neng kono mung ndelok ndas tok wong ra ketok wkwk,0
gatotkaca sky piercer,0
inpo es teh wes ngelak tnn ikii,0
kata kak yanto kerumun pake celana pendek,0
bang yanto nama bepak teman gua iki,0
dikiro sing katok cekak koe tok to yantooooo,0
dikon ngumumke mc ne wae mas nk yanto raketemu,0
satria,0
es teh es teh ready,0
gatot koco,0
aku udh rumah mending nonton sini aja rame bet tadi ga kuat sumuk bgt tetap istimewa kota ku,0
es tehhh,0
kripik,0
haloooo,0
yanto resah,0
maju terus,0
ban gatot,0
gatotkaca dateng beneran langsung kasih ulti jondil,0
too yantooo,0
apa lagiiii,0
arang sundah bilang sundah,0
kang kancaku eko bar mangan mie sukses malah bangkrut,0
kebelet ngiseng ki lur,0
gatotkaca damenge,0
nto yanto ngerepoti wekiii,0
fokus streaming wjnc cross mark fokus moco komenan check mark button,0
tulunggg kebelet ngiseng,0
yaa sayyidii yaa rosuulallooh,0
halo pak uno,0
chongratulation jogja istimewa,0
hbd jogjaku,0
uno dos tres,0
tooo yantooo order muu ki loo asem kebelet ngiseng,0
sopo wi,0
inpo es tehhhh,0
hut kota jogja heart suit heart suit heart suit,0
selamat ulang tahun jogjakarta,0
sugeng tanggap warso jogjaku red heart,0
kang kancaku jeneng e yanto kerep ngising neng katok,0
aku tampil,0
yantooo ngrepoti uwong,0
wong yojo ki cen dlogok og,0
hands yellow heart red hands yellow heart red hands yellow heart red hands yellow heart red,0
slmt ulang tahun jogja red heart red heart red heart,0
too yantoo metuo,0
yantooo kii asem,0
wow katokk jos ramai nya sik nonton ampek k lbihh mantap aku jugja sleman rantau lur,0
nek aku melu narik rak yo gur mlh susah,0
ken nonton langsung tp hamil mesti umpek an,0
hut jogja wjnc yess,0
face blue smiling face blue smiling face blue smiling eyes pink heart shape eyes pink heart shape eyes pink heart shape,0
kang aku request lagune guyon maton korban banci,0
fokus streaming wjnc cross mark fokus moco komenan dagel check mark button,0
aku ngarep dewe smiling face with sunglasses,0
live tv chnl apa,0
yantoo sopoo to jane ki,0
reog wes tampil rung,0
sopo ngelak aku bakol es,0
hutt jogja,0
hbd jogja red heart red heart red heart red heart,0
reog wis tampil,0
mesennn gojek arahke ning tugu kak sama yanto,0
bal gek pangan dewe mas,0
mas tuku es jod ngarep tugu,0
atas nama yanto,0
telat rek,0
akuu ken es teh,0
congratulation to yogyakarta city red heart folded hands rose,0
malika,0
kok go bahasa inggris barang le ngomong,0
kiro kapan jatah sambut yo ket mau ra panggil,0
yanto hpne njeblug,0
assalamulaikum smuanya magelang hadir,0
too yanto order mu tak maem lo iki,0
aku ketok,0
ikut nyimak rumah kenya lokasi,0
hbd kota cinta face red heart shape,0
pangan dwe wae,0
shopefood grabfood hadirrr golek ra yoooo,0
jauh lokasi min,0
sijiiii too yanto tak pangan loo,0
aku ngelak golek es teh ra ono sek liwat face blue smiling,0
pgn rono,0
nek rung bayar yo klem fiktif,0
lorooo,0
pak uno,0
lok sinyal susah ta,0
ken rono ra ono motor loudly crying face loudly crying face,0
esteh esteh aku dodol esteh,0
reog wes tampil to,0
happy birthday kota cinta red heart rose,0
rame msti,0
yowes tak mam yo to yanto,0
jaya terus jogjaku joooosss,0
happy birthday jogjakuu berapa tahun ini,0
aku yanto,0
wes panganen kang,0
admin e icj kui yanto,0
wow ngisi sambut nya pakai bahasa ingris masalah nya bnyakk orang bule turis bahasa ingris bisr paham top thumbs up,0
sepurane to,0
endeng enet,0
halo yanto apa e aku tinggal,0
lek suroto sekolah e lulus loro to salahe tulus wkwk,0
wes mas sidone tak mam,0
nyimak ono op to yanto ki,0
rene mas pak tuku es teh e,0
udh x panggil,0
tsunami,0
gawe dewe nng omh nek ken es teh face with tears of joy,0
nto nto ngerepoti rolling on the floor laughing,0
neng n,0
es teh es teh sek bakul endi wkwk,0
yanto sopo tho,0
muhammad andik kurniawan biyohh,0
nggeh suwun dulur doyo,0
sugeng ambal warso kuta jogja tercintah smiling face with hearts,0
sepurane,0
es e langka mas,0
yanto admin e icj,0
kang agus ngising metu ne boto,0
es teh jumbo jangan lupa,0
malika gek reneo ng mburiku iseh selo,0
aku bakul,0
aku adol dawet,0
malika sini,0
jogjaaa hadirrrr,0
klemke fiktif wae,0
es es,0
to yanto bal to golek bapak kon tuku rokok,0
owalah,0
acara opo iki,0
dawet woi dawet belah lor,0
hbd jogja ku tercintaaaaaaaaaa,0
suwun dulur,0
aku golek live e mau malah nemune israel,0
koe nandi to aq ng bur tugu,0
hhhh iki esteh e diombe sek tuku mau,0
bapak nginang,0
sugeng ambal warsa jogja,0
jogjaaaa face holding back tears,0
darawet darawet,0
golek es teh panas ono ora yo,0
jajan es teh urung gong,0
psikologi ugm hadir,0
es teh nya mas mb,0
ndk nntn langsung persevering face,0
astogfiruloh,0
selamat ulang tahun kota jogja red heart red heart,0
sek cilik es teh tak tukune wae mas,0
qu ng duwur tud,0
ono sng dodol jenang rk,0
sen estehnya kak,0
aku orang yogya,0
bar mam nggone yanto loro weteng,0
wedang ronde wedang wedang,0
info cari bagas kacamata timur tugu,0
kulon progo hadir,0
tukunen dawet ku tugu ngalor,0
nek nggon ngiseng ning sbelah ndi,0
sugeng ambal warsa jogjakarta,0
kang aku meh nyekar neng ra ono kembar mawar nek tk ganti kembang api pripun,0
es jeruke tunggal mas,0
yok haus haus es teh nya,0
seru iki,0
weh dodol to,0
bantul hadir,0
iki wes ngedep esteh ro telur gulung,0
info solawatan,0
anget anget,0
kav cah og ngisingan,0
rampung sampah ey kondisi wei,0
oke otw yu,0
kowe ki kat mau tok takon bab ngiseng ki seng tenan po pie,0
penak ngelive ora resiko,0
gas gas,0
selamat ulang tahun kota ku cinta red heart,0
iyo mas,0
kae ken tuku sosis ning memeng antri,0
tugu ora udan po,0
ultah jogja yg,0
ngisingan,0
sing iso nggo metu ndi,0
wes ning tengah iku,0
maburo mas,0
hidup gatot koco,0
lohhh ngising kok senen,0
mas mba sampah jangan buang sembarang yaa,0
bakule mengko lewat muter,0
atas nama kak yanto,0
ra ono jasa toilet keliling po iki,0
mung muni ngising we digawe tenan hadehh baperan wkwk,0
ojo sen gofood ning tengah kerumun nyusah i soal e face with hand over mouth,0
gasssssssssssss,0
info jasa toilet keliling,0
atos koyo koe kotak nek njoget,0
chat qu yu sis tak gaweke qi sosis e pan bakar opo goreng,0
ra iso muleh anxious face with sweat anxious face with sweat anxious face with sweat,0
hadehh udh tunggu lama nyata baru pidato,0
happy birthday jogjaku moga selalu hati smiling face with hearts,0
udah mulai lom to wayang e,0
numpak drone mas,0
gatot kaca ki ireng apa putih,0
tadi aku habis nonton sekarang hotel,0
helehh watik fatmawatii prett nik rep gasss,0
berita apa nih guys,0
ono toilet koyo ning konser ngono ga opo kudu mlebu cafe,0
istimewah,0
akhir ndelok langsung,0
selamat ulang tahun kota jogja face blowing a kiss,0
selamat ulang tahun kota yogyakarta ku,0
ayo ooooooooo oooo,0
la aku urung tau ndelok,0
wwkwk wes plg bnr nonton ko hp wae malah enek le golek toilet keliling barang loudly crying face,0
ganteng mbokne koyo yuli face blue smiling face blue smiling face blue smiling face blue smiling,0
jogja emng selalu punya cerita sendiri,0
tenan ora watik,0
dok ningkene iso teturon lurr,0
ndelok perdana ning kene,0
hbd om gatot,0
wjnc pakk,0
geblek renteng sengek tempe ready,0
koe ki ngopo bae urip ng jogja ra tau ndelok,0
suwe tenan jan,0
selamat buat jogyakarta depok jawabarat hand pink waving hand pink waving hand pink waving,0
face red heart shape face red heart shape face red heart shape face red heart shape face red heart shape face red heart shape face red heart shape face red heart shape face red heart shape face red heart shape face red heart shape face red heart shape face red heart shape face red heart shape face red heart shape face red heart shape face red heart shape face red heart shape,0
geblek e kirim seko ndi mas,0
gatotkaca wirajaya lakon sayang sri sultan hamengku buwana ix,0
kapan rabi,0
madang om madang,0
wes bar isak kok ra mulai to iki,0
ken sana face red heart shape face red heart shape face red heart shape face red heart shape face red heart shape face red heart shape face red heart shape face red heart shape face red heart shape,0
aku mau ki ra dong wjnc ki opo,0
ayah ku lo,0
hand orange covering eyes hand orange covering eyes hand orange covering eyes hand orange covering eyes hand orange covering eyes hand orange covering eyes hand orange covering eyes,0
jogja darurat miras,0
simbah ku lho,0
selamat ulang tahun jogja ku jogja memang istimewa,0
hbd kota jogja makin yes,0
selamat ulang tahun kota jogjaku cinta red heart,0
crewet,0
sego pecel lawuh tempe,0
hbd kota jogja istimewa love yuo,0
nek gunungkidul night carnival dong to,0
paling bnr nntn ko hp males macet face with tears of joy,0
sopo seng nikah ki,0
face green smiling face green smiling face green smiling face green smiling,0
jangan kasar to wahyu,0
mawot mawooj,0
emang iya,0
yoh mulai yoh selak subuh,0
rawrrrrrr,0
selaak ngantuk aku pak,0
sugeng ambal warsa jogjakartaaa,0
wahyu bocil,0
ndelok nek gunungkidul alesane ndeloke anake,0
bar iki gong,0
newmember star pas d jp,1
main pas d star gampang menang,1
cuman smiling face with heart eyes pas d smiling face with heart eyes daftar freechip,1
star pas d tempat cari cuan no indonesia,1
dapat bonus chip gratis hari pas d,1
pas d star gacor,1
star pas d anti rungkad boskuh,1
gass pas d star ladang cuan star,1
halo ges,0
pacar mana,0
kulhuu wae lek,0
samping,0
geblek purworejo kulonprogo,0
opo ra ribut meh muloh si byan pas kae,0
jsutru,0
ora promosi slot woiii,0
blokir slot,0
cebong hadir,0
mbiyen nek arep nonton ning tugu cedak saiki adoh,0
sing judol tak dungakke silitee jebolll,0
selak ngantuk pak,0
tetap hati hati tonton sana dulur semua,0
komene banter,0
ketika judol muncul,0
paket tah kok wjne,0
njirrr,0
kesuen gambleh wae,0
suwi lek,0
malah iklan slot ono ulang taun,0
pak ringroad teng,0
lama asu,0
serok,0
selamat ulatahun jogjakarta,0
zzzz,0
ibnu jangan emot ibnu,0
jakal tengah hadir,0
nganggo pempes wae go jogo nek menowo kepoyoh po seng face with tears of joy face with tears of joy,0
wong wong minus,0
selamat ulang tahun jogjaq smiling face with heart eyes,0
heh ojo kasar karo wong tuo gar,0
sambut mode pidato,0
iklano daster,0
astaga watik,0
uwes pak iyo aku paham,0
lma polll,0
tek jam piro pak,0
hbd kota yogyakarta,0
sabar sabar,0
kalem brooo,0
takbir,0
daster daster ewu murah murah,0
tv salur apa,0
gekk ayo pak,0
finger red number one finger red number one finger red number one finger red number one finger red number one finger red number one finger red number one finger red number one finger red number one finger red number one finger red number one finger red number one finger red number one finger red number one finger red number one finger red number one finger red number one finger red number one,0
zzzzzzzzzzzzzzz,0
wong tuo jeh ngmng ki,0
pamite lembur kok ret bojoku ki pie kih,0
ho o yoan aku dodol daster mas mbak ben isis silir,0
pidato ne sampun mawon pak,0
face fuchsia tongue out face fuchsia tongue out face fuchsia tongue out face fuchsia tongue out face fuchsia tongue out face fuchsia tongue out,0
zzzzzzzzzzzzz,0
zzzzz,0
eh cangkeman ngomong nya mbak watik grinning face with sweat,0
sopo bakul aku ngelak cah,0
wong sabar kuburane jembar ono acne,0
zzzzzz,0
face orange frowning face orange frowning face orange frowning face orange frowning face orange frowning,0
pak sugeng star struck,0
ndang pak loudly crying face,0
tak turu sek engko nek wes rampung ngomong yo,0
zzzzzzzzzz,0
halaman woco kbh man facepalming,0
wkp iso angler iki,0
pak selak malam,0
djogja istimewa fire fire fire red heart red heart red heart,0
zzzzzzzz,0
merdeka,0
jogja buat rindu rindu sekali,0
daster e bu,0
suine puolllll,0
text green game over text green game over text green game over,0
sugeng ambalwarsa kota jogja tercintaa,0
mabuk po yo kok le ngomng ndlewer ndlewer bapak e,0
zzzzzzzzzzz,0
jan sui,0
info dodol nyambek,0
sue men sambut e,0
eh pen salah,0
iki bapake ki opoto,0
rizal sauren utang,0
turu zzzzzzzz,0
kebelet mgising bacut tenguk nengarep,0
text green game over,0
suwiiiiiiiiiii,0
ayo yah m lama,0
face blue heart eyes face blue heart eyes face blue heart eyes face blue heart eyes face blue heart eyes face blue heart eyes face blue heart eyes face blue heart eyes,0
keren banget washhands washhands washhands washhands washhands washhands washhands washhands washhands washhands washhands washhands washhands washhands,0
gari nonton ae do brisik,0
cepetin ga loudly crying face,0
ana ac ana karokean e ora kubur e,0
urung kenal karo bpak e,0
jigur ono slot barang,0
heh silitmiu jebolll,0
panjang,0
wuis pak pen dok kene,0
tumbas es teh jumboo mass siji,0
kiw kiw halo ratih,0
aku bakol,0
btw mcne aku kui ko nek ra percoyo nyimak o sing bener,0
kertase koyo isih okeh,0
eight o clock eight o clock eight o clock eight o clock eight o clock,0
jinguk iklane slot buanterr,0
mesakne seng desel desel,0
nonton neng kene uenak lur nyambi ngopi face blue smiling,0
sui menn sambut e,0
nahhh,0
cepet pak kene pen dok lek,0
mikune tekono malaikat,0
dawan pakkk,0
wes rampung kan plongg,0
sopo seng ngelak po butoh kipas,0
penting ra gowo kamus,0
p mabar epep pak,0
lama le sambut,0
purworejo yojo,0
kalemmmm hehhh sing njaluk cepet cepett gaee ooo acara deweee,0
keren wjnc,0
wo koe mc gek aku gur bagi nyekeli kabel son,0
mpun mawon pak pidatone,0
lahh buka to lha mau ngopo kui,0
saake sek desel deselan,0
pak,0
suwe banget intro ne,0
awas copet face with tears of joy,0
walaikumsalam,0
nahh,0
face orange tv shape,0
walaikumsalam kan enak,0
weh bakul e sate ngeluk terus,0
biyuh la mc tenan si dugong,0
ayu rekk,0
rita setiyaningsih sabar,0
kok ngeri men kon takok malaikat face with hand over mouth dok wae wes bedo alam,0
sugeng ndalu slmat mlem assalamualaikum nderek mangayubagyo jogja istimewa tak terlupakanth pernah nyantrik bulak sumur fisipol ugm,0
mengko tak opah i poto ro buto,0
aku seng bagi jok solar genset,0
selamat ulang jogjaku,0
kok koyo razman kae,0
moco skripsi iki,0
selamat,0
face blue smiling,0
location yellow teal bars,0
kandani kok nyambi mc nyambi ngudang koe men timbul sabar,0
tak itik,0
selak bengi pak ssk sekolah,0
iki gong acarane opo bos onok opo ngko,0
ga acara aja uda rame pol acara gin jogja makin riah smiling face with hearts smiling face with hearts,0
rb gratis wisdomtoto fire,1
ketik google wisdomtoto,1
botak,0
penuh sesak pulangaja,0
roky gerung pie kabar e ki,0
suwiiii,0
anjir razman pers konpres,0
jogja ku memang nyala brooo heart with ribbon heart with ribbon,0
slott blokir,0
slot laknat,0
duh sue ora iki sambut e sambut sing ndue gawe,0
komen opoto kiii,0
jowo kok inggris bakayune,0
sopo nduwe sambel,0
slotttt tak dongakkeee silitee jeboollllllll,0
blokir kui slot e,0
aqua aqua,0
rb gratis wisdomtoto,1
selamat ulang tahun red heart red heart red heart red heart,0
slot ra nde utekk,0
sri sultan ora soyo sepuh rumangsaku ngono ngono wae,0
berapa sambut tt,0
rb gratis wisdomtoto sparkler,1
sue,0
judi resah blokir laah,0
setia nangring atas mobil bak grinning face with big eyes,0
opoto kui rbu rb,0
minum minus es teh es teh,0
pirang lembar iku upside down face,0
komen slot saget blokir nggih niku,0
nek wes tuo tumbuh e stuck sok nek po yo gek bedo,0
mumet moco spam,0
kok jadi gin komen nya,0
raket karo kok,0
nderek mangayubagyo,0
blok slot,0
heh neng iso ra,0
e pak sri sultan person bowing,0
sik gawe pidatone sri sultan sopo yo,0
stop slot,0
bakakakkak,0
wilujeng ambalwarso engkang,0
mc ne jiaan thumbs up,0
asalammualaikum,0
kesuwen,0
nonton komedi penuh canda tawa,0
asisten padakke koe gawe dewe,0
selamat hut jogja ku cinta red heart,0
kesuwen nek sambut,0
blokirin judol,0
selamat ulang tahun jogjakuuu smiling face with hearts smiling face with hearts smiling face with hearts,0
mbokne sercing google gek an,0
hadir berdesaka hand pink waving,0
telat rek vidio ne,0
aku kebelet nguyuh gong ora iso liwat bak uwong,0
selamat hut kota jogja,0
huft,0
face green smiling face green smiling face green smiling face green smiling face green smiling face green smiling face green smiling face green smiling,0
heh menenggg,0
hbd jogja fire,0
yogya moga tetep istinewa sempulur ngayojakarta,0
lebok no botol wae po gelas face with hand over mouth,0
menenggg,0
serang bandar slot,0
spam banget,0
nderek bingah mangayubagyo hari jadi kota jogjakarta ingkang kaping moga depan makin istimewa,0
ora ono lah ora ono contoh teks pidato sultan nek ketua osis ngono ono paling,0
parahhhh spam,0
report,0
aku gelak ngantuk pak hand orange covering eyes,0
daftar rb,1
jogja anti slot woy,0
suen,0
heppy kota jogja smiling face with hearts,0
hbd jogjaa,0
belah endi,0
jinguk bakuke slot ngisruh,0
spam,0
gabusa liat display nya pensive face pensive face,0
jogjaku kereeeen partying face partying face partying face,0
ngapunten pak sri sultan qulqu wae pak mesak ne,0
ga diem apa yaa,0
ayo pakk gage lekasiiiiii,0
laporane wae,0
lucknutt bakule slot,0
wjnc red heart revolving hearts,0
judi wi,0
cepet pak lama banget,0
gratis wisdomtoto,1
udh mulai bom to,0
mulai bom ini,0
simak rumah,0
acara puncak nya apa kakak,0
sdh mulai,0
stop judol no entry no entry no entry,0
panjang umur sultan,0
aku gak sabar rrrrrrrr,0
jogjaku,0
aminn,0
kapan ki,0
selamat hut yogya hati nyaman nyaman hidup salam sehat bpk gubernur moga selalu sehat berokah amiin thumbs up thumbs up folded hands,0
judi bikin miskin,0
menyalaa,0
tau gtu kesini nya senin pagi sneezing face biar nginep liat,0
lawak kabeh,0
heh ribot yo sek ngespam,0
situs slot,0
sukses selalu kota yogyakarta,0
kapolda jogja tlg blokir slot nya ganggu bgtt,0
stop judol no entry no entry,0
dirgahayu kota yogyakarta red heart revolving hearts,0
maturnuwon pak sri sultan,0
glasses purple yellow diamond hand pink waving hand pink waving hand pink waving hand pink waving text green game over,0
aku ora kon sambut po iki,0
rb gerat hand orange covering eyes,0
selamat ulang tahun panjang umur sehat selalu banyak,0
nontom sekoxomab,0
no miras,0
yey,0
yogya kota ajar hapus judi online pak kapolda,0
situs judiiiiiiii,0
nonton s kox ngomah,0
stop slot woi,0
matiin komen aja pak banyak judi,0
text green game over text green game over text green game over text green game over text green game over text green game over text green game over,0
betul,0
horeeeeeeee,0
clock turquoise looking up,0
woy ra judi,0
love u manda,0
berantas miras judi online,0
rb gerat fire,0
jam kemudian,0
anjayyy mas fatih,0
sampah e numpuk ra yo,0
maling sing nyepam,0
sing nyepam dikick wae min paimin,0
selamat yokya elbowcough yougotthis glasses purple yellow diamond goodvibes,0
selamat ulang tahun jogjaku red heart,0
ngapusi jam e instagram,0
magelang hadir,0
selamat ulang tahun kota jogja moga makin istimewa aamiin,0
info jam nya bohong loudly crying face loudly crying face kan tipu ga jd nonton kerja td,0
slot haram,0
kemantren mana,0
selamat ulang tahun kota yogyakarta,0
klik poto profil blok,0
gegerrrrrr,0
kotor komentar judi online,0
selamat hari jadi kota jogjakarta tetap budaya kota ajar jogja tetap istimewa,0
dirgahayu yogya,0
absen yg datang nonton live index pointing up index pointing up index pointing up,0
ayah aku hamil,0
spamm,0
eyes pink heart shape eyes pink heart shape,0
rame ne poll,0
selamat hari jogja smoga tambah semangat ajeng kemantren ngampilan,0
buseeett spammm ganggu pooll,0
ga liat woi,0
hbd jogjaku red heart red heart red heart red heart red heart,0
hapus judi online,0
malang hadir,0
maaf masuk area lgs live keren mantap,0
sing iklan slot tak dongake raiso ngising,0
komen acara dong jangan wisdomtoto tu apa sih ga ngerti aku smg bukan orang jogja smirking face,1
selamat ultah jogjaku red heart red heart red heart red heart red heart,0
belohhh mah slot,0
slot haram guys jangan judi oke judi buat hidup hancur sesal,0
fire fire istimewa,0
mudah an taun depan nonton langsung,0
sugeng ambal warsa kota jogja adeku aurel,0
selamat ulangtahun jogjaku,0
ketik digoogle xhamster,0
the next sultan jogja,0
bjir iklan slot loudly crying face loudly crying face loudly crying face,0
mataram yogyakarta,0
selamat tonton acara dirgahayu kota yogyakarta red heart revolving hearts,0
hate royal family,0
wjnc keren met ulang tahun jogja istimewa,0
admid gerak cepat akut judi blok aja,0
ban judol,0
jogja istimewa pokok hands yellow heart red washhands,0
jogja memang istimewa yogyakarta red heart smiling face with hearts star struck thumbs up,0
jangan nyampah sini,0
kameramen e kurang canggih,0
kira biyaya hbis berapa y manfaaty ap y,0
yeeeyyy sarah smiling face with sunglasses smiling face with sunglasses smiling face with sunglasses smiling face with sunglasses,0
spam banget judol,0
kameramen e kog elek nemen,0
stop spam slot woi,0
jogjaa istimewaaaaaaa,0
fish orange wide eyes yt yougotthis yt stayhome yt stayhome yt stayhome yt,0
dara sarasvati lebih luwes dr model,0
manfaat tambah lestari jogja,0
jogja selalu istimewa loudly crying face loudly crying face loudly crying face,0
kameramen gimanaaaa,0
panasss pak cuss lanjut acara,0
duh bot spam,0
wah nonton onlen ga perlu jauh grinning face with sweat,0
buset banyak komenan slot,0
betuk kak edelwiss mau meninggoi panas lokasi,0
aseeepppp fire fire fire fire fire,0
concat hadir,0
jambon hadir,0
beautifuly,0
sugeng ambal warsa jogja istimewa thumbs up thumbs up,0
wak bagus,0
apasih wisdom spam,0
hbd jigjaku,0
wisdomtoto,1
jatimulyo kricak trimo onlen,0
bagus banget,0
byk spam face vomiting,0
malah promosi slot gblki,0
face green smiling,0
sampah,0
face purple crying face purple crying face purple crying slot resah,0
stop astagfirullah,0
moga kota jogja selalu jadi kota ajar lebih maju unggul,0
edelweiss enda iya,0
riah sekali,0
face green smiling face fuchsia tongue out eyes purple crying face blue question mark,0
buzzer slot see no evil monkey,0
cat orange whistling,0
bengkel motor jogja,0
info tugu,0
sips,0
spam slot moga mlbu nroko,0
inigila rame coyyyyyyyyyyyy seru,0
mah do slot,0
stop woi haram wong ra nduwe didik stop slot,0
kota jogja ribu cagar budaya nya tetap istimewa kota jogja mata dunia thumbs up thumbs up,0
ketik gugel bahaya judol,0
malah slott hadeehh,0
inpo manceng,0
gilalalalalalalalal,0
mas nderek tanglet menawi mbecak saking tugu ning wonosari pinten nggih,0
info,0
seruuuuuuuuu,0
banget,0
titik nol full mazeh,0
macet kabehh raiso ndelok ngarep gaesss,0
iklan,0
ndi iki,0
sugeng ndalu,0
model nya gileee keren bgt hand with index finger and thumb crossed hand with index finger and thumb crossed hand with index finger and thumb crossed hand with index finger and thumb crossed,0
inpo masheeee,0
mantappppp,0
wong jogja ngelive wae,0
hbd jogja istimewa red heart red heart red heart red heart red heart,0
jogja istimiwiiiiiiiiir,0
mara kangen jogja,0
komentar youtube saiki gak asik kakehan bot judi,0
sugeng riyadi nggih,0
sugeng ambal warso jogja,0
sugeng bapak ku lek,0
ttp istimewaaa,0
wkwk,0
face red heart shape,0
mantuuuul,0
kangen jogjaaa hbd jogjaaakuu,0
psim,0
istimewa jogjaku red heart red heart red heart red heart,0
hbd jogjakuu,0
moga anak anak ku rantau jakarta bangka lihat indah budaya tari tari tradisional jogja,0
aku orang sayid nonton live ae,0
heppy anniversary jogja star struck star struck,0
selamat ulang tahun yogyakarta istimewa,0
aydk,0
bener ngelive wae wl dkt dgn tugu tp masyaallah berjubelpooiil hati dgn brg bwaan nya tmn yg nonton lgsg d lokasi pglman pernah bobol isi tas,0
keren jogjakuuu,0
happy birthday jogjakuu face blowing a kiss,0
happy jogja,0
sugeng tanggap warsa jogjaa smiling face with hearts red heart,0
aydk jogjaku love you,0
tribun new,0
menyalaa jogjaa kuuuu,0
happy aniversary yogya,0
humas,0
byk copet ndesel kui mesti face with tears of joy,0
psim yogyakarta,0
hbd jogjaakuuu,0
knenn enak streamingan ajahh rolling on the floor laughing,0
wonderfull,0
sugeng ambalwarso jogjaku tetap istimewa hati,0
sugeng tanggap warsa jogjakuu makin istimewa red heart,0
aman streaming iso gegoleran rolling on the floor laughing,0
nonton tempo gelato sama aja full,0
hp ne dompete podo waspodo,0
wong jogja asli mending ngelive wkw,0
hbd yogyakarta,0
nonton neng kene malah ra mambu kelek,0
blurrrrrr,0
dara sarasvati,0
ga liatt macet puolll,0
hhh mqm,0
lamar ulang tahun kota smiling face with heart eyes,0
kangen yogja salam diri selatan,0
lancar acara mantaappp smiling face with hearts smiling face with hearts smiling face with hearts,0
aaaaa bagus baget,0
yangg tari sudaaah kahh,0
ken liat dulu pernah gak liat,0
penak ndelok seko ngomah ra resiko face blue smiling,0
ndelok seko omah paling weel dripada suk sukan,0
baiyoh tekan mambu kelek barang,0
selamat ulang tahun kota jogja cinta smiling face with hearts,0
ati bolo nek hp ro dompet e ilang,0
hbd yogjakarta,0
aku nunggu anak seng cantik tampil,0
hbd jokjaku jya sll,0
iya sih lebih enak liat sini,0
tari udah,0
hayoo too luih aman ndelok seko live ra resiko ra mambu kelek ra macett,0
akeh copete biasane nek ngeneki,0
inpo dal sek tutup,0
anak nya tampil apaa bu,0
pengin lihat langsung loudly crying face,0
hbd kota makin istimewa,0
aq sek cerak bgt we ra nonton abot le jogo parkir cuan cuan grinning squinting face,0
nyaman live iso wedang brg face with tears of joy face with tears of joy,0
hbdjogjaaaa,0
hbd kota ku jogja istimewa wow kereeen thumbs up smiling face with hearts,0
sugeng ambal warsa jogja ku partying face partying face btw ultah sama jogja beaming face with smiling eyes beaming face with smiling eyes,0
nyala jogja qw heart exclamation hbd jogja istimewa th hugging face,0
motor,0
selamat ulang tahun jogjaku,0
dodol wedang laris manis,0
woiya parkir cairrrr face with tears of joy,0
sek do nng ngarep le muleh jo jam piro yo face with tears of joy,0
sugeng bal,0
aditya hbd jog wyatb yogya,0
motor larang wi,0
selamat ulang tahun jogja sukses selalu jogja kota bangga kota ajar,0
hbd jogja party popper party popper partying face,0
turu kono yak e,0
sambi ro gawe mie lagi,0
hbd jogjaku syang tunggu aku balik yaa,0
kerennnnn,0
no urut pertama,0
hut kotaq yg istimewa,0
hayoo malah cetho nek live luih seruu,0
sugeng ambal warso kota jogja sek istimewa,0
hbd jogja ku,0
tampil nya bagus banget star struck,0
rb parkire motor,0
aku arep nontn rono ora jare anak ndak semapot ngisin ni,0
sugeng ambal warso jogja sukses selalu depan palms up together,0
nek seng bingung meh mundur,0
jogja istimewaaaaaa,0
jogjaku jaya jaya jaya,0
ndelok ngarep dewe merji,0
rapopo rb tahun pis we kok face with tears of joy face with tears of joy,0
bks,0
face purple crying face purple crying face purple crying face purple crying face purple crying,0
bu tumini hbd jogja,0
salam saking grobogan jateng folded hands waving hand,0
halo koyo telpon,0
sugeng ambal warso jogjaku makin istimewa red heart,0
love jogja kuuu,0
sugeng ambal warso jogjakuu face blowing a kiss,0
yogya ki istimiwirrrrrrr,0
bantul hadir raising hands,0
po yoo ra kademen do ra nganggo klambi ki,0
hbd jogja smoga makin istimewaaaa,0
salam jogja yes yes yes,0
hbd kota ku jogja istimewa heart suit heart suit,0
asu,0
sunggeng ambal warsa kota yogyakarta selalu istimewa smiling face with heart eyes partying face,0
kulon progo hadirrr,0
hidup jogja,0
hbd yogjakarta salam ponorogo kota reog,0
hbd jogja istimewa handshake heart suit,0
mah misuh i ngopo e,0
yg parkir ribu,0
gatot no ulti,0
yang lek loudly crying face,0
seru njirrr,0
ske misuh blokir ae,0
hbd kota domisili,0
rasayamau nonton,0
gotot temen gole playon kae,0
face fuchsia tongue out,0
zona gk hadirrr,0
mending nonton iki mbangane mong ketok ndase uwong,0
seru banget star struck,0
bwtogel gacorr,1
hbd juang umr jogja,0
udah nomer berapa,0
kerennn,0
sangar nggotong gunung rapi,0
dirgayahu kota yogyakarta,0
wes tau offline uyel an,0
sugeng ambal warso jogja istimewaaa,0
seniman jogja garapane ngeri pol fire fire fire,0
umbol harjo wes rong,0
hut kota yogyakarta cinta moga selalu sukses,0
kereeennnnh,0
dada ayang loudly crying face,0
nomer gaisss tegalrejo kurang kemantren,0
sugeng ambal warso kota yogyakarta,0
sugeng ambal warso kota jogja putri maya,0
sugeng ambal warso koto jogja,0
dp jd jt buru gas fire meteorwin fire,1
jogja selalu keren smiling face with sunglasses,0
omaga,0
sugeng ambal warso kota jogja,0
gunung e mbukak ges,0
sugeng tanggap warso inkang kaping kufho jogja,0
sugeng,0
ndelok neng kene ra resiko mambu kelek to mas nek kepoyoh ra bingung le mundur wkwkwk,0
apik iki ono konsep e,0
keren pol,0
sugeng ambal warso,0
jogja selalu kuerennn kota dikangenin banyak orang,0
tegalrejo smiling face with heart eyes,0
bio selamat tinggal sakit selamat tinggal ungkris sen jogja istimiwir,0
patricia kalas hadir,0
selamat hut yogyakarta moga sukses lancar amiinn i love yogyakarta red heart yellow heart blue heart purple heart,0
gak sabar liat,0
sek komen togel mbok blokir min,0
sugeng ambal warso kota yogyakata partying face partying face partying face,0
selamat ulang tahun kota jogja ku cinta nonton yt aja gak pulang rantau smiling face with tear,0
face fuchsia wide eyes,0
hbd jogja kuhh hands yellow heart red,0
hbd jogja moga makin istimewa baik kaya aminnnn,0
musicnya keren abis sangat epic,0
moga umr e mundak palms up together palms up together,0
i love yogyakarta,0
ee ibu ku,0
umbulharjo camat tempat aku,0
umbulharjo,0
aku tresno jogja istimewa,0
semangat umpek an bau kelek,0
wih mbak aku,0
music lighting e apik bgt njirrr keren,0
hbd jogja kapan umr naikkk grinning face with big eyes grinning face with big eyes,0
aku peh nonton ga ono kancane padahal aku ndk maguwo,0
condongcatur melu ra yoo,0
sangat pol,0
keren anak anak jogja memang hebat istimewa sukses selalu folded hands,0
sangar pol,0
hbd jogja istimewa,0
condongcatur mu endi mas,0
umbulharjo tempat ku hbd jogja ku,0
youki karnaval timbang salon horeg ganok faedah e,0
kemantren ku gaisss umbulharjo mantabbbbbb,0
hbd moga umr jogja naik smiling face with smiling eyes,0
salam dr gunungkidul kmrn hut gunkid skrg hut jogja,0
judi mara kere,0
aneh biasane nek takbir maskote do apik apik kok iki koyone rodo kurang,0
wahh ranee sekali,0
umbulharjo mantap,0
sugeng ambal warsa jogja istimewa smiling face with hearts,0
jogja memang istimewa banyak anak muda kreatif maju terus jogjaku selalu istinewa,0
warga umbulharjo mantau ngawi partying face,0
wih mas putra,0
selamat ulang tahun jogya ku cinta jogya istimewa,0
mantap keren poll jogja istimewa,0
keren banget acara hut jogja,0
delayyyyyy,0
keren poll timbang salon horeg,0
selamat hut yogyakarta jogjaq tetap istimewa face red heart shape,0
arif pes ti bohong,0
kira selesai jam berapa,0
kereeeennnnnn,0
leg,0
bagus,0
sugeng ambal warsa jogjaku cinta red heart,0
hut jogja moga tetap membumiiii,0
gatot kaca wirojoyo paling hebat,0
hbd jogja aku ringroad barat gak liat besok sekolah,0
selatan tugu banyak yg pingsan,0
jogja gacorrrrr,0
iyo sih iki rodo kurang nek banding ro nek pas lomba takbir,0
waduhh mesakeee sek pingsan,0
ha piye kok isa nggeblak cen panas bgt,0
dok neng ngarep dewe,0
nga lihat soal rame an,0
wih semua keluarga ku,0
drone ngerekam opo ta bikin pusing malah,0
nah kemantren wirobrajan,0
selamat hut jogjaku tetap istimewa,0
mambu kelek paling makane semaput,0
dirgahayu kota yogyakarta,0
nah makasih live streaming,0
sugeng ambal warsa jogja kuu,0
ultah jogja tanggal oktober gayeng poll,0
dodol deodoran luwih payu toke mrono,0
hua ga nonton salam sleman,0
nek tiba tiba seng le mundur mara kemrungsung nek nng ngarep dewd rolling on the floor laughing,0
ho o karo panas meh tuk es teh jumbo angel golek ane,0
padahal deket nginepnya mau masuk susaaah,0
semangat gedong tengen kuh,0
wing gunungkidul gonaku saiki jogja genti,0
istimewa jogjaku smiling face with hearts,0
woahh keren,0
live dulu barang kali tahun depan kesitu palms up together,0
operator dron terlalu cepat mind,0
meriahh,0
tulung pilot drone,0
istimewa jogja,0
ngampilan mantaaab,0
selesai,0
ayang,0
gk lewat padet,0
pilot drone awal sampe akhir cuma muter,0
moga budaya seni jogja ngga trcampuri dadi budaya seni daerah jadi klihatan seni jogja seni jateng seni jatim jabar jangan campur adu,0
banyak yg,0
wayang orang kolosal top thumbs up,0
bandung hadir kopo,0
selamat ultah jogja jogja makin istimewa,0
baguss desek desekan face purple crying face purple crying,0
pilot drone nya gak jelas ngambil video,0
jogja istimewa good joob smiling face with heart eyes smiling face with hearts,0
tonton tak jaluki parkir ra min gabut aku,0
gacorr banget jogja,0
banyak yg mau pingsan tonton dorong an bantu kondisi,0
semprot water cannon ae ben ra mambu kelek,0
sekira meh pingsan mbok kon mundur,0
omg kak cintaaa,0
sing gocar gacor tak dongakke,0
jogja istimewa rose,0
selamat ulang tahun jogja cirangrang kopo bandung kota,0
pingsan pingsan aja biar heboh,0
sek nyopir drone ra ugal lek mara mumet,0
aku anak pak presiden lo,0
keren met ultah jogja istimewa,0
yg jual buat unjung ngk nyaman,0
good joob,0
sopo meh tuku es aku titippp,0
mantab jogja hand,0
pilot drone tulung lahh,0
mungkin sekira kurang sehat liat live jadi yg,0
ultah jogja moga jogja makin maju sukses selalu rakyat moga makmur sehat selalu,0
awas copet,0
jogja cen istimewa liat tugu posisi belakang al hasil streaming sini,0
sugeng ndalu pak sri sultan lan ibu ratu has,0
tugu rame bgt males loudly crying face,0
rika suryani esss opo beaming face with smiling eyes,0
gak seru sama sekali,0
kurang hd camera ne,0
selamat ulang tahun kota jogja moga makin istimewa fire fire,0
musik musik asa dj remix smiling face with tear,0
es jeruk karo goreng hahaha,0
camat kraton udah,0
hut kota jogjasemoga kota yogyakarta selaluaman damai makin maju wisata budaya sukses tambah istimewa hut diy,0
harus videotronnya tambah yg arah jl am sengaji barat tugu sama timur biar ngeliat dn g pd merangsek depan,0
apikk,0
udh hari lewat bosen face blue smiling,0
kasi penontonya,0
bismillah thn deoan nonton langsung lokasi smiling face with heart eyes face blowing a kiss,0
sugeng ambal warso jogjakarta selalu hati,0
info parkir yg dekat,0
sugeng ndalu pak sri sultan,0
acara gak seru sama sekali,0
camat kraton udah gaes,0
ahh,0
fire fire fire fire fire fire jogjaku,0
musik musik asa dj remix relieved face,0
makasih jogja,0
sugeng ambal warso kota jogjaku lahir lampung besar tua dijogja istimewa,0
th tinggal kost jogja x pindah kost semak gede terban akhir kaum jogja penuh kenang indah,0
jogja memang istimewa benteng budaya luhur,0
camat mna aku tinggal,0
darel,0
jarene bakul es teh mau le sayang telak sayang telak,0
wirobrajan,0
kurang cahaya nya,0
yg bilang acara ga seru ga usah tonton woyyy,0
yt series bilang gak seru tp nonton terus km,0
ndelok kadi ngomah wae,0
jauh magelang dekat lokasi jogja memang istimewa,0
gilaa rame bgt,0
iya iring edm bgt wkwk,0
asyuu anggi,0
duh mesra banget,0
yogyakarta kota budaya mbok remaja yg budaya lebih banyak bangga budaya luar,0
ibu ku sama ayah ku,0
sopire drone ugal an,0
sugeng mirsani derek buk duwur,0
golek es nggi,0
nek semaput risiko ora ta ngerti rame kok tekad,0
dirgahayu kota jogja moga makin istimewa salam semangat dr puri argomulyo asri,0
mjlai,0
kudu ne fuul basa jawa,0
kaya seni budaya tugu malioboro malam,0
es teh es teh,0
kui awakke cat kuning po mas,0
enak nonton live nek kene ora nganti semaput lurrr,0
tumbass es tehh,0
mc nya pake bahasa jawa donk,0
aman ra dusek dusekan tur jelas,0
rindik wae om drone garai mumet,0
mulai jam berapa ce,0
allah lahir jogja sampe skrng udah punya anak gak pernah nonton hut jogja langsung,0
drone ne kbanteren mara mumet,0
mending nonton live neng kene ra resiko,0
yg iklan judol otak,0
nyimak pasar kranggan,0
ngaturaken sugeng ambal warsa kutha ngayogyakarta kaping rikat rakit raket hand rikt rkit rket,0
udah engap liat kerumun gais liat live gin udah neng,0
jam gin baru k sana jalan k depan ga,0
iku sing judol ki toke bot dadi yo ngono,0
kereen bangettt pulang duluan lanjut bawa bocil nonton live streaming ngemil,0
kui sek ndelok langsung paling yo gak jelas nonton nek kene,0
gak sih kak soal ramai banget,0
mas ten mriku nopo enten seng dodol arum manis mas,0
rapi banget,0
salam kagem dulur buk dhuwur,0
jogja istimewa dijogja sama temu jodoh jogja lahir anak cantik ganteng jogja istimewa,0
tukang ngeslot wes blokir genten tukang maido to teko rolling on the floor laughing rolling on the floor laughing rolling on the floor laughing,0
salam budaya lestari budaya folded hands smiling face with smiling eyes,0
mending nonton sini sana umpek umpek an,0
lakon banyak nih,0
jogja gumregah hand,0
drone kecepeten ampun,0
eh yaampun,0
sugeng ambal warso jogja smoga makin gemah ripah lohjinawi jogja istimewa salam pak tugiman sragen,0
kraton wing tampil ng gk sound e mati grinning face with sweat,0
ngono kui dana perintah ora yo,0
drone koyo munyok,0
ken kesana capek smiling face with tear,0
drone gak jelas pusing liate grinning face with smiling eyes,0
selamat ultah jogja ku,0
pak afnan singgih semangat pakkkk,0
drone racing mara mumet,0
ampun drone mbok sek kalem le muter mara mumet lho,0
tukange dron sopo to kihhhh geting akuu,0
drone drone drone marakne vertigo hehhh,0
tuluuuunnnggg dron e kondisi kecepatane mara mumet sing nonton woman facepalming,0
jogja ku istimewa red heart,0
gak anteng dron e,0
keren,0
drone e mara celeh,0
kostum mirip yg pakai carnaval gunung kidul,0
fish orange wide eyes f santa claus,0
supir drone e mantan balap,0
tema emang gatot kaca,0
terimakasih jogyakarta istimewa salam paseduluran saklawase blue heart red heart green heart hari lenzer curvasud,0
drone ne ampun cepet mbak mas panitia hadeeehh,0
kalo mau kesana macet,0
keren bgt gebrak e kraton i mesti apikkk je thun tahun aja ide,0
alon alon pak supir,0
wahai drone pelan dikit pak sopirr gasmuu kebanteren iki wkwk,0
moco komene nambahi hibur sendiri mara ngakak,0
selamat ulang tahun kota cinta sparkling heart,0
pir alon alon pak sopir drone e,0
dulur buk dhuwur sugeng mirsani,0
sopir drone e kebelet sajak e face blue smiling,0
tuk drone sajak e gabut,0
mesti asline macet pol,0
sopir drone ngampet kepesinh,0
tukang drone gajine kurang yak e wkwk,0
wah seru nih adak artis nikken salindri,0
face red heart shape buah pentas keren banget,0
sopire drone biasa nggowo f tiger,0
ndelok drone serasa dok camera pembalp yougotthis,0
pak supir drone mbok sing alon le muter drone,0
drone migren,0
tukang dron e selak ken rampung kayak e,0
kalau punokawan,0
drone ora profesiional,0
yg tau artis e sapa ga thun kmren kayake ndarboy,0
selamat ulang tahun jogjaa pleading face red heart,0
sopir drone nganggo chip turboo dikirane iki balap wkwk,0
deny cak nan udah,0
mumet ra,0
ndelok kadi ngomah nk ngelak kari ngiling seko termos,0
selamat ulang tahun jogjaku tetap nyala terus,0
alon alon to iki sing ndelok pusing nek ngebut ngebuy,0
d jd jt buru gas fire meteorwin fire,1
mas dron turu wae,0
selamat ulang tahun yogyakuh tercintah,0
dr sumsel hadir mirsani online,0
sugeng ambal warso jogja kaping jogja istimewa nyimak saking jogja bagi barat,0
keren bget sayang nonton langsung,0
supir drone po selak seng po yo face blue smiling,0
supir drone mantan sumber kencono,0
jogja memang istimewa bekas hadir,0
gila pakek rantai,0
macet mending turu,0
happy aniveseri,0
ono pesta kembang api e ora,0
jogja love you,0
sugeng ambal warso kutho jogja salam saking bukduwur,0
pring rekethek,0
selak oyak opo to iki dron e,0
seng komen gawe ngakak pilot fpv sama dokumenter beda maseee,0
selmat ulang tahun kota jogjaaa hh,0
padahal rumah neneku belakang tugi males aja kesana karang mesti wes bak loudly crying face moa,0
kgt,0
love jogja and you frenkiimam,0
gambare apik belah bolo,0
es teh es teh mas mbak,0
opo wi mau,0
tumbass mass kaaro goreng e,0
tv ga,0
mas tumbas es tehe pinten,0
pantau rumah m timur tugu jogja yg lokasi biar wisatawan luar kota smiling face with heart eyes,0
lampu e kurang riah apa kamera ne yg kurang jelas,0
mas tumbas es teh panas,0
buah kreasi anak bangsa luar biasa mentas wayang tokoh gatotkoco punya jiwa kuat otot kawat walung wesi sejarah wayang jadi pionir kota budaya,0
selamat ulang tahun kota jogja moga makin hati nyaman jogja memang istimewa smiling face with hearts smiling face with hearts,0
rame banget smiling face with sunglasses smiling face with sunglasses smiling face with sunglasses,0
griyone pundi mb nastiti,0
vibes jogjes malam,0
mas aku ngelak tumbas es teh,0
lebih jelas nonton hp ga sii,0
pacar ku ning jogja nonton ini tugu,0
brajatai,0
padahal rumah deket tugu tp mau nonton males bgt,0
hbd jogja mantrijeron,0
sleman absen,0
keren bangga warga kota yogyakarta,0
happy annivesary jogja istimewa nyala kota medal yellow first red,0
ndelok seka ngomah selamat ultah yogyaku,0
warga mantrijeron hadir,0
pacar suruh pulang aja maass macet parah desek an bnyak yg pingsan,0
jauh jauh makassar jogya nonton karnaval tahu tahu g nyampe tugu nonton langsung mnding balik hotel nonton live nya yutube,0
mending dok neng omah neng tugu sek poll,0
jogja istimewaaa sellam budaya,0
johnnie boyles ki iklan opo sempet eeee,0
nyala jogja ku collision,0
wonten ngarsa dalem mboten njih,0
freebet rb fire wisdomtoto fire,1
fire angka balik bayar fire,0
slot gacor fire wisdomtoto fire,1
ketik google fire wisdomtoto fire,1
yogya tetap jos istimewa kota giwang umbulharjo rumah favorit smiling face with hearts thumbs up thumbs up clapping hands clapping hands clapping hands clapping hands,0
nyala jogja kuuh fire fire fire fire,0
bot slot bajingaaan,0
iki opo seh slot slot wae,0
mending jogo parkir ngeslot jelas cuan,0
yogyakarta memang istimewa sukses selalu,0
slot gacor,1
mati komentar aja min,0
awas heker,0
nonaktif komen min isi judol semua,0
slot ra payu wkwkwk,0
selamat yogya ku moga selalu istimewa,0
wooo jembot mah iklan mahjong,0
yuk trending trending,0
wooii kok banyak spam slot,0
blokir wae iklan judol e,0
freebet rb wisdomtoto fire,1
iklan judi online ingat mati kapan aja,0
ada yg tau udh nomer brp,0
es teh,0
love jogja nu to donna sangun,0
spam woii judol,0
masyaallah barakalloh jogja lahir,0
jogjaku smiling face with hearts smiling face with hearts red heart red heart red heart red heart red heart red heart,0
jogja istimewa thumbs up,0
cok opo ki komen e,0
apa sih ganggu pandang aja iklan slot,0
qiuqiu,0
ingat api neraka judi kampang,0
mending parkir genah duit sing asli jogja mungkin micekk grinning face,0
judal judol ga jelas,0
nyala jogja kuuh fire fire fire,0
bangga jadi bagi jogja,0
boot judol jingaaan,0
judol tak dongakke ngising metune beling,0
slmt ultah kota yogya berkah dalem,0
judi ompol,0
blokiren min judol kii,0
jogja kulon hadir jogjaku istimewa selalu,0
salam kagem kelurga besar pingit jogja,0
es es es,0
loudly crying face loudly crying face loudly crying face loudly crying face banyak spam slot,0
tak dongake sek iklanke judol raiso ngiseng taun,0
ikut desak an ttep nntn sini jg,0
sek akun judol wi mudeng po ra to sakjane ki,0
es jeruk silah,0
opo seh ngespam ae,0
woiiiii spaamm wooiii,0
neng,0
jogjaku istimewa red heart,0
selamat ulang tahun kota cinta nyala jogjakuu fire fire fire,0
wah njelei bgt slot judol ki ngrusak mripat wae,0
jogja cen istimewa,0
lewat youtub malahlebihjelas,0
nyala jogja ku,0
slot gatel,0
sopo kui adol es,0
dri mana,0
akun judol ra urus,0
istimewa,0
jogja ku nyala,0
es teh manis satu mas,0
jogja istimewa pak din hadir,0
oki pleret hadir selamat ulta kota jogja pancen istimewa seni budaya emang kota jogja kaya karya seni budaya ikut bangga karna anak ku bidang seni,0
jetis goodvibes goodvibes goodvibes,0
nikmat,0
topeng waja emng nya apa,0
smiling face with hearts red heart fire fire fire fire fire nyala jogja kuuu,0
jetisss,0
jogja mmg istimewa,0
spam banget slot,0
topeng hmm,0
hut kota yogya ku cinta smiling face with heart eyes sama dgn tgl lahir ku,0
salam budaya lestari budaya kuu,0
jogja istimewa jos gandos selalu angkat seni jawanya thumbs up thumbs up,0
jangan buang sampah sembarang yaa tonton yg area tugu terima kasih,0
jogjaa bru kmrin pulang dr sini dah kangen jogja loudly crying face,0
sayang bikin macet jalan alun alun utara gak manfaat,0
jetis kereennn,0
jetisss jejeg tur titis,0
berapa serta,0
anak jadi panitia damping maskot gatutkaca,0
bareng ultahku smoga jadi istimewa semua love jogjaku smiling face with hearts smiling face with hearts,0
butoguritno,0
min komentar mode subs only aja biar judol,0
ohh malioboro star struck,0
baru ajaa tadi pagi pulang jogja bandung,0
filter sub khusu sub aja min,0
tadi pagi si apa apa,0
selamat sukses,0
commentar sub only min,0
menyalaaa jogjakuuuu fire fire fire,0
masio ng prantoan ttep live nyala kota lahir jogja istimewa collision,0
very crowded,0
judol gateli,0
walamakkk spam troosssssssss pusing woy,0
nyimak rumahh,0
bangga jadi warga yogya kaya budaya,0
tampil warga jogja asli,0
bayuuu adi cariin pacar,0
es teh es teh mas,0
gondokusuman mana suara,0
tegalrejo udah blm,0
gondokusuman,0
hand pink waving hand pink waving hand pink waving hand pink waving hand pink waving hand pink waving hand pink waving hand pink waving hand pink waving hand pink waving hand pink waving hand pink waving hand pink waving hand pink waving hand pink waving hand pink waving hand pink waving hand pink waving hand pink waving hand pink waving,0
komentar gak jelas perintah cari orang sebar iklan judol,0
tegal rejo lewat,0
jogja mang istimewa,0
ketik google bismillah,0
hand pink waving hand pink waving hand pink waving hand pink waving hand pink waving hand pink waving hand pink waving hand pink waving hand pink waving hand pink waving hand pink waving hand pink waving,0
tegalrejo t,0
tunjuk wakil daerah daerah jogja,0
dirgahayu kota jogja jogja memang istimewa,0
face blue smiling face blue smiling face blue smiling face blue smiling face blue smiling face blue smiling face blue smiling face blue smiling face blue smiling face blue smiling face blue smiling face blue smiling face blue smiling face blue smiling face blue smiling face blue smiling face blue smiling face blue smiling face blue smiling face blue smiling,0
selamat ulang tahun kota jogja moga tambah istimewa,0
nyala abang red heart red heart jogjha th anefersary,0
face green smiling face green smiling face green smiling face green smiling face green smiling face green smiling face green smiling face green smiling face green smiling face green smiling face green smiling face green smiling face green smiling face green smiling face green smiling face green smiling face green smiling face green smiling face green smiling face green smiling,0
face green smiling face green smiling face green smiling face green smiling face green smiling face green smiling face green smiling face green smiling face green smiling face green smiling face green smiling face green smiling face green smiling face green smiling face green smiling face green smiling face green smiling face green smiling face green smiling,0
gacor kanh,0
turut dukacita atas spam yg tdk pantas,0
dirgahayu jogja th memang istimewa face red heart shape,0
hadirrrrrrrrrrrrrrrrrrrrr,0
blokir aja min spam judol,0
jangan lupa yg pas no,0
sugeng tanggap warso kutho jogja salam saking nasi rames bu bandi pingit jogja popcorn yellow striped smile popcorn yellow striped smile,0
komen opo kon i,0
jangan lupa no kota yk pas,0
aku wing dolan wisdom toto rungkad terus,0
judollll,0
slot haram slot haram,0
sumpah keren poll,0
judol rugi,0
rungkad ngko nangiss,0
opo kui,0
loudly crying face loudly crying face loudly crying face loudly crying face knp slot mulu,0
judol caper,0
jam berapa,0
selamat ulang tahun kota jogja moga makin maju semua baik budaya didik dqn bagai makin damai aman sejahtera aamiin,0
judol pekokkkkk,0
sugeng ambal warso kota jogyakarta moga makin jaya gemah ripah lohjinawi jogja istimewa salam pak tugiman sragen jawa tengah,0
sek menang tetep bandar awok,0
judol caper woiii,0
jogo parkir cuan,0
wisdomtoto nggawe rungkadd,1
ngomeb sek gaisss rolling on the floor laughing rolling on the floor laughing,0
rungkad nang,0
apik tenan,0
hand pink waving hand pink waving hand pink waving hand pink waving,0
wisdom toto matamuuu,0
hand pink waving hand pink waving hand pink waving,0
nyala jogjaku fire fire,0
judol caper njalok kanyang po piye yo,0
pibesdey jogjaku istimewa red heart red heart,0
sugeng tanggap warso kutho jogja saking nasi rames bu bandi pingit jogja popcorn yellow striped smile popcorn yellow striped smile popcorn yellow striped smile,0
ogoh ogoh macam apa wkwkwk,0
judol sok asik,0
neng o judol,0
free bot ndhas mu wi,0
widih keren,0
mau pas d saiki wisdomtoto,1
sangar ngono nganggo sepatu roda,0
yg judol aku block,0
le komen do sek genah rasah promosi web slottt,0
meteorwin mohh,0
kota kudus pantura ikut simak,0
ketik wisdomtoto blokir aja minnn menganggu aja,1
judi ki mek gawe rungkad ret ra,0
krennn,0
gacor ora mek gawe rungkaddd,0
makin komen ssmakin banyak spam muncul judi online gk jamin kaya,0
jogja baik,0
memang istimewa hand purple blue peace hand purple blue peace hand purple blue peace,0
munnyuk bero po iki,0
artise endi ki,0
aku barusan kesitu karna rame aku bolos,0
kemantren gedong tengen hader,0
meteorwin kyok sw,0
jogja istimewa medal yellow first red,0
wisdomtoto asuu,1
mau kesitu besok sekolah,0
komen slot asuuu,0
haram haramn,0
judol caperrrrr,0
sama besok sekolah,0
muatane isine chat slot kabeh face red droopy eyes,0
hore mergangsan smiling face with heart eyes smiling face with hearts,0
waw,0
masuk neraka judo,0
riba,0
rasahhhhh caperr cahhh ndukkk,0
judol ora seng,0
judol asu,0
bantul perform,0
selamat ulang tahun jogjaku tetap istimewa hati,0
woww,0
sugeng tanggap warso kutho jogja kaping saking kelurgo ageng popcorn yellow striped smile popcorn yellow striped smile buk dhuwur,0
gacorr,0
judol sok lu njir,0
judi as,0
pakualaman sangarr,0
mantrijeron hadir,0
sugeng ambak warso kota jogja,0
gakuat sampe depan pingsan,0
klau d sulawesi selatan khusus makassar klau kotany ulang tahun yg undang artis artis ibukota joget joget d panggung beda ma d jawa budaya yg d tonton salut bnget ttap mlstrikn budaya,0
manyalaaa jogjakuuu fire fire,0
hore mergangsan smiling face with heart eyes smiling face with heart eyes smiling face with heart eyes,0
good,0
seko amerika perfom blm,0
tadi udah tengah stuk gak maju sama mundur jadi pulang aja loudly crying face loudly crying face loudly crying face loudly crying face,0
nyala jogja growing heart,0
gacorrrrr,0
nyala kotakuhh fire fire,0
gunung kidul hadir thumbs up thumbs up flexed biceps,0
wa drone celeng jebol menh celeng,0
liat yt rebah enak poll wkwk,0
yah tiwas udah pulang,0
wing ning gunungkidul sakiki jogja bangga aku dadi wong diy,0
bener jangan kesana wkwkwkwk,0
gacorrrr,0
slemannnnn hadirrrr,0
jogja kota seni,0
link gacor,0
umbulharjo hadirr,0
wah kumat supir drone e,0
pinjol resah,0
aku ngekost dekat tugu tp lebih pilih nonton lewat yt makan wkwk,0
drone elek dadak rekam,0
stop,0
cape,0
deket rumah nya tante aku,0
jember watuulo hadir,0
kangen jogja isi loudly crying face kapan aku jogja yah thinking face,0
tiwas rono untek untek an dadi aku bal,0
ponakan bekas pulkam wonosari sekarang gas lihat jogja fire,0
semangat kemantren gedong tengen face blowing a kiss face blowing a kiss face blowing a kiss face blowing a kiss,0
lebih baik liat live streminh,0
nyala bos kuuuu fire fire,0
buset judol spam,0
hari gin slot,0
sugeng ambal warso moga ttp istimewa hati tetap jadi jogja istimewa smiling face with hearts smiling face with hearts partying face partying face,0
hadir hand purple blue peace,0
isine orang males,0
selamat ulang tahun jogja kricak kidul rt rw hadir,0
hai,0
ruame pool rek,0
jangan coba main slot temen,0
gacor parah fire fire,0
wo pncen slot kir djann,0
caper caper l,0
tahun jogja tambah istimewa,0
selamat hari jadi kota jogja ku,0
kui seng komen iklan slot cen biang e,0
aaaaa apikkk pollllll loudly crying face loudly crying face loudly crying face loudly crying face loudly crying face,0
sponsor wjnc judol,0
iki sek iklan slott ncen asuu,0
lem hadir maseee,0
mana ni admin nya,0
seng komen iklan slot utekke bosok,0
woii spam blokir,0
mana ni adminya banyak iklan judi,0
nyala jogja kuuu cen istimewa tenan pokok e fire fire fire,0
min mana admin blokir akun slot,0
sek iklan slott blokir ae minn,0
spam langsung blok,0
sound tv kak kok gak,0
ganggu soal,0
face orange raised eyebrow,0
aku bangga jogyaku,0
kotor mata,0
ayy,0
moro neng gone isine gur ndas uwong,0
blokir minn iklan slott,0
baru nomer berapa,0
gatel i,0
akun judol pake robot kali nyepam nya,0
wah mantap banget tuh,0
komen iklan slot mbok yo blokir min ngriseni,0
min komen nya ganti mode subscriber aja,0
es teh bossss,0
ra weruh nggon papan,0
blokirr min iklan,0
nyocot,0
slot e asuu,0
info lowker,0
iklan opo kwi,0
paan sih iklan slot ga mutu,0
iklan slot gjlss bgt,0
tonton banyak yg tumbang min,0
urut brp teman,0
mantrijeron oyeee,0
mantrijeron wes metu durung,0
kotagede bos,0
kurang berapa,0
do ngopoe,0
serang iklan slott,0
akulo nengkene raiso obah,0
eek,0
yg slot diem deh,0
opo i,0
mzdenone,0
direport bareng aja spam judol,0
gondomanan wes perfom durung yo rep ndelok ana,0
raceto iki iklan e,0
slot ndase,0
kotagede maskot takbir,0
slot sok asik,0
gondomanan sampun,0
mj semangat,0
sugeng ambal warso jogja moga tambah maju,0
malah iklan slot dong ra e,0
lapor ga si,0
yogya keren,0
kurang berapa nggeh nik ajeng nonton,0
salam kalsel minggu yg lalu baru jogja smiling face with hearts,0
tanggung simak fire,0
sing komen malah share slot ros,0
kepiye iki solusine,0
iklan slot cen asu,0
karnaval patin yatuhan,0
kalsel hadir,0
kotagede joshhhhhh mantapppppp plgi yg duduk atas naga kerennnnnz tari best koreografer thumbs up thumbs up hundred points,0
bangga budaya jawa jogja sus sayang jogja punya manusia kutuk amin rais roy panci orang jogja mau pukul moncong,0
gak nafas cok,0
menyalaaaaa pak mantri mantrijeron,0
nonton desak an,0
mantrijeron oyeeee,0
gacor,0
kostum kota gd msh yg bgus,0
iklan slot kok ra berantas,0
ga ono le elek kabeh keren keeennn,0
tonton sangat antusias banyak yg tumbang,0
jossss,0
my kotagede,0
istimewaa,0
josss,0
wkwkwk link judol,0
nik nomer pinten nggeh,0
seng ngeshare komen slot tak dongakke hpne njeblukkk sak kantor e,0
edan,0
smin,0
selamat ulang tahun kota jogja tetap jadi kota jogja istimewa istimewa hati warga jogja smiling face with hearts partying face,0
mantrijeron,0
closing vehicle mbaa,0
malah judi online,0
loh dah slesai kok udh closing vehicle aja hushed face,0
sek spam pantate dadi rgb face with tears of joy,0
slamat ulang tahun kota yogja karta,0
wes rampung po,0
jih kerja ttak nonton ning yutup ae,0
closing dance tari sama,0
koreo kostum mantrijeron baik tahun tahun,0
tadi kok jadi closingan,0
mandek,0
keren bangeeet,0
balen teh,0
blokir minn iklan judol nya min,0
selamat ulang tahun kota cinta trophy yellow smiling,0
ga jadi nyesel cuma nonton ndek hp nek teko langsung paling wes semaput aku,0
pater lur hehe,0
la anak panahe ki endi bos beaming face with smiling eyes,0
judol ta,0
jogja pancen istimewa,0
jogja memang istimewa thumbs up,0
sugeng ambal warsa kota jogjaku folded hands,0
banyak orang orang,0
dlu prnh nnton smpe jm mlm mkanya kaget kok dah slesai aj,0
keren pis,0
best best jogjaku selamat ulang tahun kota jgj tmbh thumbs up thumbs up thumbs up seni budaya ny jiannnnn top,0
indah luar biasa,0
jogja emang istimewa thumbs up thumbs up thumbs up,0
dirgahayu jogjaku red heart red heart red heart,0
spektakuler thumbs up thumbs up,0
senang lihat istimewa,0
mentok cmn bs lihat dr depan layar sdh ngap mundur mundur pulang slmat ulang tahun yogya jaya selalu palms up together smiling face with hearts,0
mantaaap,0
aku seng wong jogja mending ndelok seko omah soal e nek rono rame ne ra umum,0
luarrr biasa thumbs up thumbs up thumbs up,0
tolak lupa salam dri lmpung,0
kotagede hadir,0
dp jd jt buru gas garansi fire meteorwin fire,1
sekali ulang tahun jogja tahun smiling face with smiling eyes smiling face with smiling eyes smiling face with smiling eyes smiling face with smiling eyes smiling face with smiling eyes smiling face with smiling eyes,0
aja akun gak penting promo,0
judi haram,0
stopjuday,0
judol anjengggg,0
sakarepmuuuuii,0
saking solo hadir jogja pantes istimewa jogja istimewa,0
selamat bumi dunia kota jogja istimewa jogja selalu ngangenin moga ayem tentrem nggih gandamana komenmanisewjnc wjnc wjnc pariwisatajogjakota ken hutkotajogja,0
klaten hadir,0
judol berisik caper,0
sampe jam brapa,0
neng o su lnte,0
selamat ulang tahun kota cinta,0
judol ytim,0
bagusss polllllll loudly crying face,0
cirebon hadiirr,0
jogja emang top markotop,0
slot kntol,0
maen i slot neng neroko su,0
kangen jogjaaaa,0
keren washhands,0
hayoo slott asuu,0
mantap hbd jogyaku istimewa,0
wah gila bagus bgt,0
info link gacor hari,1
sik iso ndelok lgsung neng kono meng seng ngarep,0
beri makan pakai uang judi kok bangga,0
jan elok tnn,0
ga masuk njir gua tadi kesana,0
y krn,0
akun promo judi online blokir min,0
wah opo to ki kok nyepam,0
jogja pancen istimewa sugeng ambal warsa jogjaku,0
ko udah selesai sigh padahal dulu jam lebih,0
met ultah jogja smg slalu istimewa libur jogja pakai citytour percaya nk tour jogjakarta murah nyaman liat gmap,0
hadir puncak gunung toreh,0
hotele okeh tenan face with tears of joy,0
spektakuler thumbs up thumbs up thumbs up,0
lho lho cepet bgt,0
selamat ulang tahun kota jogja moga makin istimewa folded hands smiling face with smiling eyes face blowing a kiss,0
udah bubar acara,0
hotel kabeh,0
selamat hut kota jogja erjuna bhre dewo smiling face with heart eyes,0
sponsore akeh bangett plzz,0
hotelkab h,0
biasa jam mlm lho,0
ning nong ning gung pak bayan jogja tetap nyaman semua yaaa,0
sponsor hotel semuaaa bnyak,0
kok dh selesai,0
mau off,0
sribit jogja hadir,0
tumben jam gin dah selesai,0
kotagede trophy yellow smiling,0
semanu gunungkidul hadir,0
jogja makin istimewa sukorejo kab kendal hadir,0
selamat ulang tahun kota jogja smiling face with smiling eyes,0
nyala jogja ku fire fire fire,0
nyala kemantren gedongtengen,0
maxwin fire wisdomtoto fire,1
wjct,0
acara riah kota jogja memang istimewa selamat ulang tahun jaya kembang jogja,0
sampe jm brp,0
macet ga nnti mau pulang nihh,0
kereen hundred points hundred points,0
wah telat aku face pink tears,0
tribun jogja isi komen e mek slot,0
beduh,0
asu tenan ki se iklan judi online,0
kebaya coklat jgn lepas bos face with hand over mouth,0
promo judol sini aku sumpahin besok langsung bisul parah,0
iki lapo sih johnnie boyles,0
selamat sukses tahun kota jogja cinta red heart,0
ayoo abis sampah bawa pulang yaaa,0
mantaapp kereen waving hand waving hand waving hand,0
hahaha kebaya coklatt wkwk,0
shotingane pie ki,0
suara kembang api smpe rumah ku,0
wanjir nekat drone nya face blue smiling,0
top nan mercon e krungu tekan lor tugu snajan ngelag rolling on the floor laughing,0
cantikkk sekali,0
jogja istimewa smiling face with hearts smiling face with heart eyes,0
keren jogjaa,0
kembang api sampek wonosarii star struck star struck,0
aaaaa bagussss,0
hoo wi jo lali sampahe,0
mbok tulung le shootingane beaming face with smiling eyes,0
wah sayang sekali gak ikut ngliput baru kerja slightly smiling face,0
asa tempat hhhhh,0
mantappppppollllllllllllllll,0
keren kembang api ny,0
sini manggg,0
kali code,0
wah keren banget sayang q gak ikut loudly crying face loudly crying face loudly crying face,0
prapatan jetis tulung drone sis min grinning face with sweat,0
pusing liat,0
kereeennn,0
istimewa yogyakarta ku,0
jogya selamat ulang tahun,0
nyala sampe wonosari fire fire,0
aku td hbs isyak lewat empat pingit utara macettttt selamat ultah jogja istimewakuuuuuuu,0
nyala jogjakuuuu,0
bayar piro yo kui pesertane,0
mumet ndelokke dronne mas bro,0
met ultah kotakuu love you,0
hand pink waving natunatoto hand pink waving gacor hand pink waving hand pink waving,0
